trial,score,n_estimators,max_depth,learning_rate,subsample,colsample_bytree,colsample_bylevel,colsample_bynode,min_child_weight,gamma,reg_alpha,reg_lambda
5,0.9347521296362219,308,5,0.24145743915760545,0.9904637682211994,0.6631768864892577,0.5054281177487331,0.7915095515460657,3,0.9254587403608783,0.22201776332349174,7.472911870705253
4,0.9382505787994779,584,5,0.10406918721514805,0.8975212563886645,0.7055241139508749,0.38944336213133374,0.3939711580741122,5,4.617949428185039,0.00027964494624908,0.00020600679159630926
2,0.9388953019626844,486,10,0.054165129461697645,0.937914129244812,0.5408866912242571,0.5625968466855634,0.7858155593662618,10,4.268979913911287,1.0687288588999926,0.04450139196249063
8,0.9358859412544073,533,9,0.11484481617784892,0.7742137577353906,0.2707544802383772,0.8467763230248275,0.7739989259474931,7,4.713572325425371,0.000289614798233075,0.00013651865449504065
6,0.9349043736077916,657,6,0.19389808828464383,0.6773344952369249,0.7120760857410257,0.9572567365090905,0.4224505643253831,10,2.0334178044595004,7.472284475955189,1.1490580729916946
1,0.9415796043631277,619,3,0.0065029083583377795,0.23204839746317074,0.603775525025859,0.6544514994983613,0.9540369776820409,7,0.7409888932339886,4.746852823538416,0.24728151895719125
0,0.9416545507056855,733,3,0.00505986767730326,0.5224881605927026,0.5983161229821794,0.6762244675537766,0.7195472156525095,2,1.856564887239266,0.0016521350846217388,0.004523600419095869
12,0.9308761523677871,366,4,0.11303454319593509,0.4291744175302869,0.3131082556371693,0.9605176808401084,0.7316768615546674,5,3.253982107249308,0.0001308141310688617,1.0699310707228722
17,0.940016097493583,177,3,0.011307295387202017,0.7101549562444536,0.49085922219561207,0.8340647964381886,0.3240898752068083,7,0.5302374151218775,0.1465890182456374,0.01803521780992458
7,0.9403885337538389,762,8,0.025862287187932806,0.2783260217048289,0.3253542603523085,0.5899003902449577,0.2557217887616853,4,2.4209628107884984,0.0022502068717714535,8.669809164960208
11,0.9409567352229995,449,9,0.0053020224574157815,0.7775147762936625,0.2569319400493593,0.6605556359139426,0.5358241952375218,9,3.782232486238906,0.0005867750826337786,3.4535841956680318
9,0.9418035730077993,898,6,0.006068791212017041,0.3388182377325699,0.5592146284851768,0.7167246552287991,0.36907040847583183,9,3.2261764572772336,0.0001333970718091212,0.16871365185915288
18,0.9396286184268681,169,9,0.006329510921674798,0.4698558621848965,0.6826506865580455,0.90623351811842,0.5035437100131497,1,1.0445893287685781,0.4519734029455117,0.07121384989681347
3,0.9392524365975555,924,9,0.017715636616234844,0.9169833042942568,0.7374536983863763,0.25808213503607347,0.700185865209932,3,0.6643384252129503,1.3887254648951977,0.05990730702595167
15,0.9336875437317886,934,9,0.04824883746470448,0.2985334775124508,0.9372336782094726,0.5211029519849543,0.9108123126195136,4,3.492921705973186,0.0065493594212024595,0.0006635933745151519
10,0.9404704186352297,598,7,0.008497826361321098,0.9073367218546675,0.702125916901934,0.9161359660662642,0.9849747655541438,7,2.1930225821010345,0.0002873507996234908,0.25875621642188074
13,0.9381494578275745,698,9,0.023181660330145064,0.4792440683046385,0.8922501515226425,0.885976596804236,0.8328999913048961,10,4.741715581833352,0.07008672727906855,6.740856804974504
20,0.9420835670791761,950,3,0.005076276768238752,0.5061783008866009,0.9779398736560083,0.2147373070696743,0.9629652970740937,1,1.3944950156701406,0.008441446961156535,0.0045877203702161026
19,0.9381617861661826,988,7,0.01728020539444132,0.4655240717561945,0.901344863252612,0.21498486013464585,0.6077755555632709,1,3.275028728165819,0.014101371778909083,0.0020959777963310946
16,0.93867427999236,969,8,0.01742446559360532,0.5476401568289506,0.7964618728783839,0.9264259422557999,0.9430458037503993,7,3.664554468776316,0.4757008527784596,0.3329045770963848
27,0.9405353289608381,842,6,0.013711498499089387,0.3727733449495061,0.8171639618122346,0.2098109833347619,0.6139361717034282,8,0.059689460639600345,0.013487014333636244,0.004208152599485662
22,0.938550820233704,892,7,0.014224710799173786,0.4579735571947974,0.9250602121167425,0.2263053760042789,0.6209380499670002,1,2.3571585929781094,0.004858677647802047,0.004048203933630918
25,0.9405819215856717,790,6,0.013096025534069144,0.5246077352599848,0.4269525697667546,0.7464318488866873,0.6138448374095758,1,2.845582705339336,0.017287095854622122,0.003254379354596636
28,0.9412388374162749,866,5,0.010502483646231919,0.3627081103313531,0.8288863188346232,0.35279553219123794,0.20680570606404725,8,2.675633923208289,0.026943354148884095,0.00548063000040055
26,0.9398274665031432,815,6,0.014137282866387638,0.5929849543297101,0.43227598418482216,0.7759767309820915,0.6354441659311403,1,2.7226214930791834,0.009019492057714457,0.004411351910568189
24,0.93998958838252,797,7,0.011068249780184248,0.5129941589955196,0.44511356564446725,0.7705702377510026,0.6101540873603502,1,2.2798101571128044,0.019572920206442808,0.0033423858359275904
29,0.9416375698881545,786,5,0.01016532945250179,0.3775333304487865,0.4730087136959516,0.34861394537320173,0.20113919383103218,8,1.498063695765071,0.029953557626220078,0.012061315366278106
21,0.9393899612863242,954,7,0.012063297992637967,0.4823559984806684,0.9478322051709961,0.7670805080386214,0.5862591651846285,1,1.8965459642876004,0.005112260127707383,0.003927466823125774
14,0.9407091644838734,933,10,0.005911453855885132,0.7779872117774406,0.5818080939895113,0.9578494975872542,0.5846614440954484,4,1.2345355660765738,0.4951831571933528,0.011626210334553515
31,0.9423456035003005,817,4,0.009124169902455952,0.5736886408551102,0.440767028902723,0.7536003317043556,0.2147290391689145,2,1.4970844993444663,0.001396247596054301,0.015899519243769505
32,0.942737612941848,764,4,0.008247407961153913,0.5956239379817854,0.4192045749771468,0.4198180855123363,0.8707378418737531,2,1.543831366554829,0.0011798396113479382,0.011652067177083511
30,0.94209489353807,819,4,0.009315965683628616,0.5841223888842104,0.4206390151111574,0.7482460880202605,0.8572186239432907,2,1.403937604377601,0.0015387414638869138,0.007112039302942335
33,0.9423031843306514,749,4,0.008066158993111371,0.5960524792648251,0.3991444816049088,0.7397460190223933,0.8387612057133718,2,1.6690451464558353,0.0012406812941646677,0.000636817557575086
23,0.9394914297852536,972,7,0.010592067594413768,0.4886920513035625,0.8940368133160492,0.7384337722166845,0.5826562777644392,1,2.1562557660560264,0.007288279467018669,0.001750803532674651
34,0.9424965314611207,736,4,0.007965298191828946,0.6064566086168932,0.5521360345476505,0.4251507954231191,0.9060015238297477,2,1.6125959883554453,0.0022585079499266875,0.0008417238787104364
35,0.9428755373388776,741,4,0.007814767954112307,0.6157452574988659,0.9964579259497578,0.4190774404518668,0.8672732369412555,2,1.4810955727220712,0.0011763959798959792,0.0008992517186960511
36,0.9426382609138149,719,4,0.00757762704588157,0.6127605463687511,0.9852769730433215,0.6566448654977517,0.8863959580416142,2,1.827599324613177,0.0012798469420391275,0.0004383979106372835
38,0.9424802498721403,714,3,0.007885525576858303,0.6065014804784759,0.6027886009012465,0.6711368146059684,0.898803946418747,2,1.71959714949828,0.0009753947272290917,0.0009702749314129864
39,0.9428921038374017,689,4,0.0076213569199636,0.6010893042183629,0.9949193611950093,0.4473396625928326,0.2947323417971105,2,1.6140802879304395,0.0013626112219120073,0.0007486153486192998
40,0.9412250699192024,716,4,0.007871028906125127,0.6318892885557024,0.3799912384924704,0.44402318672468377,0.31353271996322274,2,1.5682947962107494,0.001138102979620952,0.0007960439419424835
37,0.9419465255886446,730,4,0.0050240756199732665,0.5980546269536916,0.6055258424193739,0.434065030824646,0.8922123721519489,2,1.4688222778339743,0.0014428887088408888,0.0008397951745480326
41,0.9425668373264398,711,4,0.00804436877630729,0.6085127272104285,0.3633007671177279,0.42924680109150215,0.876456439211955,2,1.703574838823173,0.0013448620098466982,0.02363407101680656
43,0.9424829961705445,705,4,0.008750866615756971,0.6131151534177829,0.36859957750724837,0.605823532609127,0.8822390231882143,2,1.8186786679042433,0.0014958439661653287,0.0006955499265102255
42,0.9424713790621709,707,4,0.008008618996631602,0.6060685516150719,0.3654490848074418,0.6213900935391693,0.8754162639298971,2,1.6311092789094748,0.0012203555518908078,0.0010633319613943936
46,0.9407278130136787,654,3,0.007300338006299226,0.6683629647420356,0.20083709739266106,0.4408459125789427,0.8914990261279989,3,1.8222495212426033,0.0026365414612516845,0.0003969575079370371
45,0.9426003898606183,686,4,0.007284010502227437,0.6549797123400952,0.6326822439115837,0.4416249449612894,0.8984374575948878,3,1.7045793394857462,0.0007710438246887963,0.00055935560868083
44,0.9423167838041469,755,4,0.00782984194395893,0.638992498641678,0.35162981010160055,0.402158286194087,0.8933379052940816,2,1.7183344517502532,0.0010256911727448577,0.0005752055287707752
47,0.9391923050294592,649,4,0.028097213684599363,0.6549027627549646,0.9954333730757243,0.40344829090472606,0.8976948676207714,3,0.5710847232604845,0.0006276660870669888,0.0002497722827430785
49,0.9397214561495095,646,5,0.020537688229077884,0.6870858010135752,0.9883378588110151,0.3008688504058876,0.6912551652663304,3,0.7383964003072345,0.003112960736399298,0.0002906029298910566
48,0.938697029967245,657,5,0.027137916576477964,0.6730523852218434,0.9877408312069911,0.45113013459973034,0.6875197730962275,3,0.5347354795855483,0.0005438834836558319,0.00031528432195227483
53,0.9396570853778723,644,5,0.023974971550101743,0.6678074555132272,0.20700547443316963,0.4834415424035311,0.7963609346081926,3,0.8904623297914559,0.0005317909314296074,0.0001982376002375904
55,0.940666679565868,547,5,0.02357134846903164,0.7400633272809262,0.7593258652579215,0.28315302488800687,0.7870521988964084,3,0.7402085746173473,0.0005082825421108636,0.0003328426553144954
52,0.9426098367514234,649,5,0.007103108206302149,0.6763661668519807,0.9866535448224003,0.298799277161725,0.8050953465459596,3,0.9366767062977615,0.0005763363168369549,0.00028455692390584147
54,0.9419518814706166,564,5,0.00645841426143082,0.6986734335346221,0.9993401161040596,0.30342196118740755,0.7935944851910337,3,1.016351639996612,0.0005839795542198265,0.00018802651025202918
51,0.9421181308856911,650,5,0.006811423807919319,0.6687093079084042,0.9957635757942606,0.6101179222500019,0.6829087421151261,3,0.8695549124153704,0.0005433276294983689,0.0002818027335971483
50,0.9420032685073327,652,5,0.007205241384725019,0.6714759011406481,0.9792600837480351,0.5939800314225389,0.7447721926660477,3,0.8898280635222033,0.00249374721490542,0.0003662722949111321
56,0.9393425807248403,539,5,0.023765339562410358,0.7444558506256616,0.9844440761890897,0.3106109658464715,0.7965800923679507,3,1.0630375773835086,0.000468893365317405,0.00024147860633720592
59,0.9417764685088438,521,3,0.0064095333856985055,0.7472833519120856,0.8528133087061264,0.4959451351879444,0.7962067416861579,5,0.987325346130176,0.0002051173265886856,0.0001900743538748815
60,0.9416557315670362,534,3,0.005934965020222827,0.7410833392881921,0.8633206928390224,0.5486328938563669,0.8138722879682154,4,1.1584056443568072,0.00024173060271699833,0.04488618901260073
57,0.9419553598717494,546,5,0.006418008040553959,0.7316094390826273,0.7523246583209925,0.4924449186845202,0.7995516142139536,3,1.0197623210168174,0.0004522323345174115,0.0001032250990823902
58,0.9418162227828157,578,5,0.00642095189241665,0.7236362512614454,0.6308931804261515,0.4933788043833878,0.7902945586073743,3,1.0247436288594205,0.00048544720095291085,0.0001240271113648566
61,0.9418801197488378,588,3,0.006647526687084324,0.7248486374752106,0.8518906728776772,0.5348683418466897,0.994465486010748,4,1.1369231913074844,0.0001951681286815226,0.0001187431240833368
63,0.941565471075597,515,3,0.005888898065226308,0.8277268045064592,0.8700879527286691,0.5482374165651492,0.9373478370081824,4,1.1948175355535606,0.0001928808378997187,0.0018127128000151142
62,0.9420997787453013,590,3,0.0068393721243478695,0.8525444192420469,0.844060955567435,0.5592135309311241,0.7439197236291635,4,1.1247344907161645,0.0002290415108308879,0.0016763973117418522
64,0.9414856525711167,484,3,0.006467215591029269,0.8086878600762244,0.8540508711049432,0.5428696841175327,0.9466625098460739,4,1.2089064605037776,0.00018892943162805248,0.0019120056243072236
65,0.9412736736088373,461,3,0.005966781691688926,0.7336875582387137,0.8547863510796772,0.5301576969924664,0.9437655113657779,4,1.157294866783741,0.00021675372528096102,0.00012858548443077714
66,0.9409770785993212,496,3,0.00582218643519315,0.8132285117229318,0.9376678381507618,0.5623054394415979,0.942461634230749,4,1.2387319565024888,0.00017808609142005237,0.0017111192752284397
67,0.9416757383743913,606,3,0.005706065313307904,0.8278192622506406,0.6459192448625711,0.5502428889081242,0.9474864568371222,4,1.2089451555161514,0.0001676206494531295,0.0001289114636890827
68,0.9421002014133059,592,3,0.016073860233923414,0.8557741191823287,0.947534042212438,0.3543134005011392,0.9390432912539807,4,1.25892211621574,3.295292292499009,0.00011260928630776662
69,0.9415494363038587,596,3,0.0055663633384729835,0.8463448244576515,0.9118385690286559,0.35095553302105703,0.9480241691750357,5,2.0302631258735713,0.00011140370654741082,0.0017520602627895594
72,0.9178248370072157,612,4,0.2914216540217597,0.5431761258528425,0.5197780527168668,0.3559514866460172,0.4322458230993006,2,2.0349645139351966,0.0037361893691994657,0.027900170892111487
70,0.9422548551143131,601,4,0.005531031057357771,0.5522002726515289,0.9464291421030895,0.36970941534900625,0.9937245509732858,4,1.9440749500731376,0.00377970029237745,0.001568312004584814
74,0.9428952211443875,683,4,0.00965897969839953,0.5469677759509519,0.9381827376397779,0.34761722455165384,0.4276752170137831,2,2.0592681913718565,0.0037427456185324492,0.0004621952110864714
71,0.9419150738709916,611,4,0.005479771311115981,0.8353712540362761,0.956464290070258,0.35476137980280414,0.9249912128293483,4,2.0093130484845534,0.00511800381326797,0.119349629219855
73,0.942178948115217,686,4,0.009721987572182704,0.5609424626799404,0.9512386456292012,0.37515607880928165,0.9378492578403514,5,2.056016364053074,0.003682815164576613,0.11730422183660102
77,0.9426173007552942,684,4,0.011918975579247273,0.5538898052953507,0.5079554886024488,0.35672649510811033,0.4847489966863264,1,2.0401024236648313,0.00010308108525568436,0.11649788417135712
75,0.9426557781544428,687,4,0.009579089621645604,0.547220655378629,0.9518001562149351,0.3579327464007236,0.4994757899759432,5,2.0802701362766576,0.004056922483913219,0.025801918150158164
79,0.9422837483860083,689,4,0.009709234139933885,0.5589209704870538,0.3075507134373822,0.46674305749840084,0.48077962830437027,1,2.0352535380996484,0.0038164307428441868,0.031018439489756622
78,0.9426004138639865,678,4,0.009549170843451275,0.5546088848420243,0.9126989694631605,0.3741899812307948,0.43681642884848415,1,2.1611014288107477,0.003806923649718818,0.08649914711763577
80,0.9418737400710329,689,4,0.00968364050033919,0.570451430873052,0.3183006777729948,0.3794639126934453,0.8554115403195156,2,1.9755849205354552,0.0007846999310414565,0.09433674602026122
76,0.9421449687385351,766,4,0.009936220793401418,0.5463787598208006,0.9489106418116168,0.38499818505674616,0.8481426132143378,2,2.482546337585143,0.003940306874472986,0.027826780508881238
81,0.9419127090174163,686,4,0.009800832082419865,0.6350618939050346,0.9630309460232789,0.4176134709337803,0.8388495105054171,2,0.21202658615271863,0.0021482925038139216,0.0005279578383905656
83,0.9425626273443907,685,4,0.009696522725338089,0.6332469427663804,0.9638133017052859,0.3828807660896495,0.8538300534595629,1,2.441377137928871,0.0008488136309665208,0.0004834195936125491
85,0.9424291853154573,684,4,0.011934533260012672,0.6310048342355881,0.5201658908711502,0.3275410817640291,0.4825239441098763,1,2.46967873114253,0.0008152307993904608,0.00048122928024155507
82,0.942048634873141,774,4,0.009672629947428653,0.5595733743370241,0.9553649819435612,0.24901748749022598,0.8517736315135993,1,2.477075889322994,0.0007685685016214922,0.12041841736075447
84,0.9417609826836989,684,4,0.011935412952101515,0.6330091688647255,0.9184211977974894,0.4706555468055211,0.8401510564667847,1,2.515373904093776,0.0003698360642798258,0.0004918378146174082
90,0.9408405338741479,775,4,0.012095771559977986,0.43081544070531236,0.9160038045805446,0.33745275193126906,0.3762023653036525,1,2.524263892220473,0.0020130979701200517,0.3428787797592516
88,0.9411523073613342,775,6,0.012186166205902972,0.5050481986651982,0.9638005877565458,0.2428801482658688,0.3475064177251923,1,2.5777712370375827,0.00034175650866805524,0.25035799617020915
87,0.9408571066344203,774,6,0.012132758932982405,0.5237952966541899,0.9163893289515158,0.2676869060534294,0.3330584641191002,1,2.4385130782392515,0.0019203241248853535,0.6006764680572799
86,0.9415413842174681,767,6,0.0116301032456573,0.5276082948479267,0.9090850078622665,0.24353796423540575,0.48210557213625455,1,2.5108871525520304,0.00031626996596843576,0.5363250268414762
89,0.9407023527454417,788,6,0.012939637634592199,0.5325503141013519,0.9654315543831521,0.3295286878471765,0.35611427498294834,6,2.505168317851873,0.0021380699388389786,0.00728578229404347
91,0.9418456164725555,775,4,0.01258659168322249,0.42891386041278545,0.9157070130410515,0.2420437844274198,0.35636264686867164,1,2.5202133981861756,0.00034178208284747807,0.6481036484726196
92,0.9413726927205903,785,4,0.012256270472047049,0.43145841734287993,0.916155445541724,0.2532817561805534,0.37265406395697204,1,2.195766938444084,0.0017381041143691353,0.05346892695451364
93,0.9422992509091485,775,4,0.013327097904009367,0.44387755500383264,0.9125048215485498,0.24999862155838531,0.3855808827365125,6,2.155153049287185,0.0019936885934281816,0.584695267590034
95,0.9429518367408619,733,5,0.01114141350393436,0.436244110433073,0.8870786507568799,0.3223258648581614,0.3810657630980244,6,2.331548520170725,0.0018289467437751573,0.24900852821001793
94,0.9401898651810127,734,6,0.012801429600071381,0.5215321079972237,0.9119255810048584,0.2706562392098714,0.39519752349497106,1,2.2092369004627206,0.0003080927096723138,0.6258113706916834
97,0.929225246625737,727,5,0.14146859391513533,0.530449485928441,0.8840035715487269,0.9944907968792268,0.4110460844724542,2,2.2432933620031617,0.008866684459081418,0.06570789187661483
100,0.9421089542936839,629,4,0.015532113292378344,0.22214926616228048,0.8861932536022431,0.4095730668203363,0.28951190605778776,2,2.1954312925120374,0.005598958205561788,0.05705616866994563
98,0.9410567332547233,736,5,0.016490261327421835,0.5804425417817963,0.8994163196683489,0.3245080335540038,0.41837398686821475,2,2.2083898425742947,0.009029350923304594,0.061711731951833534
96,0.9415998939927773,741,5,0.01552213936647672,0.5239711602186586,0.891243332382327,0.27110631496057697,0.33499554597088205,2,2.2401652081522245,0.0017720287194898585,0.061876499609945075
102,0.9420670178004595,630,5,0.008592699128145026,0.5841409209281768,0.8827482017374342,0.4049234563316272,0.42769705157862037,2,1.8302738499443003,0.005754041252571342,0.0010914784590008695
103,0.9421193754081486,631,5,0.008628756032884103,0.5856270323337888,0.7229441513614128,0.4108693188489327,0.5473609615170053,2,1.8012821488743673,0.008880752396804777,0.0010783672133990786
101,0.9425838348419658,736,5,0.008582515635865396,0.582677620015179,0.8921883934362652,0.4069351990925306,0.29055097085042403,6,2.154911117743326,0.006124533206478858,0.06496997629690333
111,0.9400512712987364,130,4,0.008769418971554149,0.9889124548199962,0.45482165403129066,0.7024711180712403,0.4507596153921711,6,2.845722444918547,0.0028289079495788824,0.1580653178669461
104,0.9408859816426831,738,5,0.01527985069474745,0.5819187141599967,0.8207770946407112,0.4054228820859057,0.4333575781725926,6,1.838505376924163,0.013228798047896586,0.08683264120233
105,0.940230180403262,859,5,0.014831511414697586,0.5845403599457225,0.8852264062384837,0.40704433648147176,0.26526225286885474,6,2.289402653811097,0.00544331799411464,0.0683873926288037
108,0.9419425545966522,629,5,0.008726118947906468,0.4974513529231021,0.4607766065476795,0.2924975490999908,0.5268115942966731,6,1.353513039942032,0.0026549379015578843,0.17389506612669361
107,0.9423295577705029,747,5,0.008488307353610629,0.4057795186359362,0.8147644024168385,0.28772890770209164,0.44596845647363714,6,1.8023178771280564,0.0027532177680934466,0.15053646293555398
99,0.9397124423629558,731,10,0.014912768354373074,0.5821553737008767,0.8008923452350236,0.407308707362062,0.43201629808518516,2,2.225885061507984,0.006326893314999258,0.00830311646398589
112,0.9421051200165277,669,4,0.00750231676958343,0.6538757332881484,0.48447267072821365,0.2977413566507563,0.44576476212733557,7,1.358708302600316,0.003027350182890639,0.16584062888230372
113,0.9426518395148162,665,4,0.007341138270859735,0.653309114405631,0.798645429046591,0.5164521502631274,0.5302935879553341,3,1.3713883366825494,0.001075840879194048,0.0028503538153395788
109,0.9413995258771232,827,5,0.008602924108224906,0.2781824987747995,0.8068825234836552,0.8102908554691054,0.44540351928920513,6,2.9283083189640893,0.00311287755435623,0.0012421468679610472
106,0.9411931976207946,841,10,0.008691137311615004,0.5845743811568133,0.8869583602789914,0.29117435013677634,0.2610437617489676,7,2.788045239068885,0.011703187813674082,0.17911978758020033
114,0.9426382911789313,843,4,0.007370296977251897,0.4939937246008148,0.790190802722065,0.3118405959951543,0.9742577434738969,7,1.4301978207130495,0.0010802841545238077,2.8702070897485594
115,0.9427571537707736,669,4,0.007353004173201548,0.6499039239509222,0.7854492398246231,0.4550856811398365,0.5289939682448195,7,1.3527745169117662,0.0010728674698795642,0.18287384680675686
116,0.9427220775445297,674,4,0.0071121259999606425,0.651977500758033,0.7903750995997278,0.4470741861650458,0.970983238262975,7,1.723443335142069,0.0010655718664579648,0.018113321753955768
110,0.9416008885671185,667,10,0.0074992202034025795,0.39746886411517046,0.801931761964906,0.29131148481968555,0.44150666242648423,7,1.3638241372299882,0.0011240673478757623,0.15375745021461434
119,0.941941322075879,665,4,0.01088987068171433,0.6078393780272453,0.9342472650588817,0.4516932755304085,0.9684444333983678,3,1.5214221696871943,0.0011662549169763846,0.36161796013844105
117,0.9425122348820161,668,4,0.00739296517783203,0.649947299389932,0.9315334072486904,0.8357089729688754,0.8171254616913458,5,4.9205398322954315,0.001061040038373868,0.0013098677995596968
118,0.9421120820369164,671,4,0.0073243323570781746,0.25924025427172,0.933236576646212,0.8217229740679524,0.965994269579762,3,4.506658865951405,0.001297638365763266,0.0028537732147913115
120,0.9425140674869933,707,4,0.01057805876885048,0.6183565533679241,0.9335977605435231,0.5128582334718903,0.8187420886551344,3,1.6082982977016727,0.0011304623134670636,0.01635744041918615
121,0.9423745985254042,668,4,0.010859036917466607,0.6956544205693613,0.9346797940538897,0.3136812519776094,0.5027141493164775,3,1.5311953634261783,0.001104757157854662,0.0025978591143143042
122,0.9422621083059941,665,4,0.010924054813196553,0.6931267399655556,0.7803767826937151,0.634993201512066,0.9671835035077893,3,1.5585838127314384,0.0010520039792955476,0.0029372631375964606
123,0.9424527472303609,912,4,0.010892142843061928,0.47790352199441527,0.7696525911225272,0.3140181106671798,0.9739536932243893,8,1.4878577884049382,0.0013699885706908099,3.2383910212598246
125,0.9423133502788763,708,4,0.01068316053433376,0.6164503562670378,0.7819017454389102,0.5176844616973195,0.9753008200814881,7,1.5273694527808912,0.0011442547946056705,0.014322372010434273
126,0.9430055834130296,709,4,0.010533840402994927,0.4779767364820735,0.7061795539631064,0.5157996182329172,0.9694872022061757,8,1.4699817106867292,0.0014021593692215885,1.500098102224285
124,0.9428100947646714,912,4,0.0072524634860481815,0.699102422757397,0.7796222448127698,0.4747508325713209,0.9751856882554519,8,1.4420674629806038,0.0010499767482378003,3.3901947822724723
128,0.9419502690704515,803,4,0.018839469381138334,0.6949278201346065,0.7786762361580192,0.47280711067229797,0.5111893413872061,8,4.202955293299965,0.001464444910371883,2.8592519955289033
127,0.9426862551266237,900,4,0.010841537808238025,0.7076198143749995,0.7575393900805816,0.45650837040370623,0.5139929363425526,8,1.597077027761673,0.0014453405169362647,0.01338130158575646
130,0.9423742843943688,710,4,0.006907797536617873,0.7026034912265631,0.7718617243458581,0.31533038848847866,0.46377571573193904,7,1.4710508099182942,0.0006706283706841885,0.012399498811558942
129,0.9408157049988558,712,4,0.019375180749836175,0.4790793815205621,0.7530769748393998,0.6496323375328786,0.5094029365023923,8,1.6163014230193844,0.0015573907172800588,2.973316132906973
131,0.9424825166249937,719,4,0.0069359972350457166,0.4667338169244094,0.7694820344354748,0.4606451586593518,0.5198251437985438,7,1.4456548015730903,0.001550870546457676,1.2687361434816455
132,0.9429085440573368,802,4,0.006893071636954303,0.6826704233387377,0.7598568605666187,0.4698742948867184,0.5568213522873932,8,1.4306693469934002,0.0006917748668509642,0.013243204216731962
135,0.9366211696390456,711,4,0.042437230448526646,0.45544791869754825,0.7485112381959154,0.5778270005042345,0.558716997740672,8,1.715166878779678,0.0006760286762133797,2.8826857602043017
133,0.942358624805711,805,4,0.00703003888328664,0.6170347149775769,0.7392981360398269,0.4680386079518939,0.22496830230956313,8,1.699042942247483,0.0007926136779751911,0.01048730087260776
134,0.9428615778148599,809,4,0.006759554761775746,0.7068436500864326,0.8344742545482728,0.4557540811552032,0.5561115227178384,9,1.654748378812486,0.0016623052961748763,1.6522731587502986
138,0.9426743160600296,944,3,0.00660496392150002,0.4832919821499896,0.6934010824440677,0.45767511905046027,0.5527128409421666,9,1.7207101277599128,0.0006599920106930976,2.1701305802624407
137,0.9409490395344449,383,8,0.00784235712296905,0.45122687500103587,0.7001795872787345,0.4555573191012713,0.9121353812725153,8,1.6914792122948126,0.0006504863349057607,1.971500493892838
136,0.9425665743330148,808,4,0.005079500810453269,0.7087570034635303,0.6910579001372681,0.4385780062541468,0.9232601955029089,9,1.7118688892376857,0.0015833255409508412,2.9342914068947
141,0.9364094912406806,875,3,0.06273784971604486,0.719864818246913,0.7299694419688159,0.4314503488832867,0.5870670907919288,9,1.6948810268029055,0.0008693499321947331,5.174638496120825
142,0.9429197056235278,875,3,0.00772881172153969,0.7139989958420394,0.6956655255610762,0.4283589242280121,0.5477107921948304,9,1.6925763782939067,0.0008075287076188735,6.813082316966754
140,0.9426078309047454,894,4,0.008062031282842934,0.7723452998058694,0.6891564557628271,0.5799515878667238,0.9193007236100375,8,1.7455433932697335,0.0008515593862084419,1.8149609154522672
139,0.9333250980908077,888,8,0.06309095325979627,0.4526099770777743,0.6844542520229272,0.4319726078897504,0.5409493603644708,9,1.349822413922609,0.0016615572737093084,1.2884960472444993
144,0.9432067911247568,882,3,0.00796078041741982,0.7180078149015704,0.7137260208515077,0.4311055678813731,0.5934905943344242,9,1.3060405916035718,0.0009656261966316506,5.314691024894742
145,0.9431062634534964,880,3,0.007889923940730967,0.774140368650029,0.7094410956525647,0.4317334186635989,0.6513223575622111,9,1.3093727200962544,0.0004027809457314322,4.395212106199305
143,0.9428818512683265,879,4,0.006254176567945751,0.7728863706924707,0.6948048876844245,0.5029084758188647,0.5720255650362222,9,1.3012203038295351,0.000883152316983816,2.020039912147702
146,0.9419379135976012,896,3,0.005284811746039174,0.785040371998624,0.6849593790103681,0.43659712028788683,0.5586445567442354,9,1.2917590182526086,0.0008894861050609553,1.9803256569390042
147,0.9423129745739836,894,3,0.006163285865723759,0.7830744323914509,0.6751357587471967,0.43418304440409883,0.5686219034864757,9,1.9100454159585365,0.0004164866513497417,4.885920403186762
148,0.9427145477923027,924,3,0.006230484074023576,0.678809832137727,0.7268492018295719,0.4833884464060634,0.5715218533069213,10,1.2815157661145367,0.0020609930799849654,0.8819327157551393
149,0.9426191594508889,967,3,0.0060694247704731925,0.7617181743320477,0.8262341240420367,0.49199833543149674,0.5639065142768727,9,1.2760970802175593,0.002013123853933926,0.021032186037912452
152,0.9425148335075247,926,3,0.006190130712332779,0.7586078870169595,0.6647106956990289,0.474829867350683,0.6426440414004122,10,1.920700980367556,0.0020746639075983958,9.627185382495432
150,0.9428715945247526,1000,3,0.0062408805139421986,0.7187255571164815,0.6757554132833241,0.48380219328056934,0.6502076166644829,9,1.9096571701354654,0.0004234594591334552,5.433354018834062
153,0.9424768038233733,949,3,0.006149445786340994,0.671959766523283,0.6588146961498096,0.4827824757779426,0.66798719237799,10,1.907097368131951,0.0004223591077025842,9.75395146382926
151,0.9429209099664344,944,3,0.006116006063300658,0.753925076056355,0.6685193802332519,0.4927364410277133,0.5501113856385026,10,1.919564932464743,0.0004294051145965252,8.788183573751164
154,0.942615058005809,969,3,0.006144529268720073,0.7619999075135644,0.6671263462157068,0.48733770981800323,0.6474563315310616,10,1.2740565265390202,0.00045299644087107646,8.51939228673292
155,0.9425352718536943,970,3,0.006099989264142821,0.7596461077359691,0.7202306396236964,0.49474780149326936,0.6414319474034005,10,1.2854734835896802,0.0003823736057674113,5.127413499166507
157,0.9427312186532971,920,3,0.006189077873357401,0.7652137224651958,0.8233631119184123,0.4846636776941063,0.578048849017001,10,1.2770370585987547,0.0004538581692664417,8.824264530089426
158,0.9422386350991901,851,3,0.005839098944376014,0.7685173076683597,0.6617576834588854,0.49242180212230613,0.648333402341498,10,1.0982636370236245,0.0004906581243875242,8.824627514170782
156,0.942705614364851,976,3,0.006083792552731422,0.7669905234914959,0.6613232868835286,0.4869240789559594,0.5923843095730075,10,1.278703880814121,0.002265409791766259,9.825465331941775
160,0.9429472192233666,845,3,0.00919884867537542,0.6768024359751489,0.7301058853045468,0.5030918819593954,0.6644616021379182,10,1.1240325641225075,0.00045845393263231285,6.097533051876617
159,0.9429964621331317,860,3,0.008015653751993543,0.7584753966539355,0.6508345197312644,0.47833035226235565,0.632179441507584,10,1.147159559455833,0.0005205722734753803,7.0804939955501265
161,0.9429763608777411,863,3,0.007861360696705628,0.7209621973743419,0.8338377981020407,0.5019400121725082,0.6587145312540881,9,1.14824052607919,0.000471518559516234,6.869195688409674
162,0.9429174080837457,987,3,0.00812214784184274,0.7957953475135437,0.7184137717113394,0.5064877664038027,0.6009532341679484,9,1.0720934193975307,0.000505161413042804,7.139916382399183
163,0.9430344688575397,987,3,0.00789817342293702,0.7984769947737075,0.7186507342444967,0.5016102263839022,0.5986474883432996,9,1.0775153782906346,0.0002718292127373258,6.667531640694976
165,0.9422950951955839,862,3,0.005517493650012006,0.8014927574049322,0.6176973559275822,0.5030866454765742,0.594611469238978,9,1.4034856702118867,0.0005548290582457586,4.112193595149962
168,0.943104202816522,871,3,0.00810259413442098,0.7931073946798107,0.6290702173911272,0.5277885275305673,0.6164331979209161,9,1.4362685221139722,0.00027653068983168037,6.3762581583591995
164,0.9426870608048938,983,3,0.005406300812430504,0.8087664133912729,0.7065072156160241,0.527336201480658,0.6008668966435297,9,1.0926547036346328,0.0005568501949179766,6.52793757989732
166,0.9428048119364284,997,3,0.008181870674549363,0.7231717921847058,0.7110558885884857,0.5080842632665344,0.5963912741984677,9,1.081969897723706,0.00025463454373013297,5.879034602956798
167,0.9430204581959114,989,3,0.00808201144769454,0.798644554362584,0.6172887831137504,0.5330791145263083,0.7662297969951982,9,1.4277054879055873,0.000581998485062847,6.507415553558054
169,0.9428951115637938,875,3,0.008004861548471806,0.8033418496248683,0.614581495228124,0.5269509320165116,0.7201642796133829,9,0.9275213130330959,0.0005699407767993487,6.4889103239023935
171,0.9430902944301145,993,3,0.009215146137596929,0.7231171442946623,0.6306027761164279,0.5143668807529577,0.6698029197785067,9,0.8713783978937569,0.00030630759491208305,4.171248984327774
170,0.9429160195410795,994,3,0.009152263575269907,0.7962344865326633,0.7094792554823345,0.5087655939053168,0.7127723988392995,9,0.9047067109190698,0.0002845420060281371,6.0733818513525435
172,0.9430251200674565,990,3,0.009075485610394885,0.8077388350185847,0.6444618258561416,0.5042175553694106,0.6056456392249566,9,0.8991874444474277,0.0002432609162799962,5.550671196332645
174,0.942660171292627,829,3,0.009159109696708963,0.7367061001361879,0.7188256801106471,0.5334952252019005,0.6246574718781043,9,0.8032359973606882,0.0003126651448397578,6.6043793724105635
175,0.9431748426417454,875,3,0.008967490945163142,0.7975897364340487,0.5857295345859754,0.5263002170786218,0.6230330975102909,9,0.90620491851285,0.00014790272052689216,6.677464134650706
176,0.9426143472973866,827,3,0.00815487852851179,0.8708955223900157,0.7116335337195304,0.5306581151541576,0.6188048310647352,9,0.9910168805516754,0.00026239765056637317,6.486887288627351
177,0.9429083395068953,831,3,0.009192764237129435,0.7868312066654054,0.5765861822303989,0.5373388807813197,0.6188895520255104,9,0.9768013629084452,0.00014648538702039234,4.168901436804359
173,0.9430602035990734,871,3,0.009093267618007956,0.8039741843238801,0.7123668615047744,0.5051558003240991,0.6215277164309705,9,0.9940242970658233,0.00030156637187266473,6.5565490173675745
178,0.9430372522046205,874,3,0.00898137780066336,0.8778576111273332,0.5868308956550129,0.5332358588824213,0.7129029902134459,9,0.7964177411114288,0.00029019689272087476,4.169715406709574
179,0.9428219701701586,838,3,0.009104132693078753,0.8002023387632012,0.5815354502393141,0.534311864686201,0.706019136616576,9,0.9290193436860272,0.00033281997017287497,6.627768833393191
180,0.9430424400630157,825,3,0.00908926206366506,0.7946854890387922,0.5769952240726413,0.5350378633626264,0.6616736988494997,9,0.7550265810551267,0.00014331108141696526,7.038445960337227
182,0.9431101337357048,951,3,0.009149479675985757,0.8230630943151369,0.5722207026405497,0.5481314222778482,0.6187034776969478,9,0.5787575917080607,0.0003087342771227456,4.172134401024444
181,0.9429118857436336,840,3,0.009266688874693646,0.795497247598176,0.5836646482787428,0.5372494758415538,0.6181663262841646,9,0.7644872972193955,0.0001449691933785972,7.36468196876641
183,0.9430000459403594,954,3,0.009385363742770391,0.7909332469347227,0.5815506687097819,0.5496635882995965,0.6701718215654421,9,0.9739835477140364,0.00015408477325877222,4.103424860207869
184,0.9430941881938786,942,3,0.009118759294524116,0.8867131331343595,0.5752045671718762,0.55134026301561,0.7043604842262806,9,0.6939167778325022,0.0001564756885003234,4.0110246054170435
185,0.9430541886681019,945,3,0.00923848186318636,0.7946321018453216,0.5885521364296794,0.5506738200110085,0.6718309370415068,9,0.6106369532058494,0.00015053305596183356,4.080840226370064
186,0.9428360455365183,949,3,0.009010269286077914,0.8226294765215292,0.6411674130360088,0.5639036815703455,0.6776676798492738,9,0.6775888965571781,0.00012415149497150242,4.04493769375197
188,0.9430384471549047,955,3,0.010289883529528306,0.8793730028970949,0.588973836407577,0.5594747074183795,0.6678125001145013,9,0.6695408777797744,0.0001338529260531737,4.4111578984372875
187,0.9428473813880347,952,3,0.010124671582834779,0.8230780234021312,0.6377389346403406,0.5656567023318195,0.6670558389727007,9,0.6265009843994185,0.00015828816245542197,3.9878950491094476
189,0.9432457767691353,953,3,0.010412636835170972,0.9346303158457601,0.6299051379743363,0.566786219277722,0.6647787645751946,10,0.7412464203057831,0.0001404765776417244,4.278082926918347
190,0.9433370208768566,953,3,0.010180558015224512,0.8391061283689244,0.6390892417459604,0.5582025470180921,0.6588911398473413,9,0.6381643734584559,0.00018418078122530842,4.337332407240449
191,0.9431036382155579,940,3,0.010115681182645286,0.823426046164327,0.640121047639893,0.5618616200899792,0.669132080458339,10,0.6670852623600185,0.0001648092810711775,4.055093766990956
193,0.9426823217051208,954,3,0.010191711278064591,0.8248823401895523,0.5458459444606719,0.5634563297537573,0.6744255570637511,10,0.6563882932343293,0.00012096747426337314,4.815005239495518
194,0.9428484563214781,939,3,0.009923522934770026,0.8821549042533807,0.5430486891726706,0.570258417428926,0.6727674454100945,9,0.6132501306292107,0.00011831983136955079,4.085404175166774
195,0.9429687507664118,959,3,0.010363215382115678,0.9190906402314188,0.548649379601198,0.5663361019886732,0.7650275256396054,9,0.6129359865945692,0.00011965021145784614,4.171362929974996
192,0.9427656739228432,955,3,0.009655510668002519,0.888013533045394,0.633744925201208,0.5679339664539496,0.6757027822663005,10,0.46718980572259866,0.00011831358649783518,4.186733411984503
196,0.9430926248440746,961,3,0.009861943813049783,0.8636944139010179,0.5510933602751668,0.5590214215321587,0.6644711622495736,9,0.41428710305025174,0.00016093754472886208,4.345387605161246
197,0.9431590004187649,929,3,0.010144100694415185,0.8922081017567511,0.545896353679966,0.5652357361999365,0.6911916485254078,9,0.4910015647026351,0.00016798543759733426,3.869943679220656
198,0.9430593520013163,964,3,0.010252110959614475,0.8949679118407524,0.5588877824929028,0.5907281156422501,0.6917979838689223,9,0.4569858451075226,0.00020640591201687223,4.593902340462728
199,0.9432620625326145,929,3,0.010087791855840385,0.9357759849773294,0.5520856956720973,0.5833807986156259,0.7430301567076786,9,0.39648298055972137,0.00010272416999896651,4.564730034517008
200,0.9430546457757213,928,3,0.010462140880345356,0.927238205223898,0.5474617818312504,0.5963459005113336,0.6945965899297276,9,0.4665543048293971,0.00020227318631984027,3.636451137160363
201,0.9428808911336004,937,3,0.010195092599000448,0.8930942963154107,0.5431109179802301,0.5833839618375534,0.6926007195980594,9,0.40125654413086365,0.00011236154736636906,4.4476388147054955
202,0.942862061013097,934,3,0.010183991870218227,0.9239943772273229,0.5967539468780013,0.5850471763028202,0.6929112933973571,9,0.41236028514996736,0.00021399448597232134,3.8177005419358436
203,0.9429362919509213,963,3,0.010241118201293585,0.9007388186249584,0.5980370718344268,0.5476643389640332,0.6921632910712485,9,0.431449535133782,0.00021731254020037607,3.4441173839745822
204,0.9426770472258754,925,3,0.011263527885101826,0.8442262687035661,0.6195521556547167,0.6040699576028327,0.6868882139838342,9,0.8115555281251601,0.00019833216032421976,2.4122215557532054
206,0.9426002280987895,928,3,0.01140811927061404,0.8571341991198138,0.5980700900555276,0.6029480669505853,0.7007475925252976,9,0.27441022504148,0.00020426394183214254,2.6445307929547663
207,0.943156249945862,934,3,0.008449558109775936,0.8437779202377499,0.5635166645370387,0.5943173597080788,0.7046664637609856,9,0.43195333654898405,0.0002131955674495106,2.714777781095758
205,0.9426845529747343,926,3,0.011454761691297244,0.9622240400128742,0.5656905815432902,0.5885445615330588,0.6901347241594721,9,0.39862149838282734,0.00019119407373712751,4.908823551184763
208,0.9427060944322143,930,3,0.01109217704148364,0.9094794996284781,0.5687286685421188,0.6098787922688325,0.7041969414714271,9,0.3851561205315199,0.00020953519886767445,2.4199270099059054
209,0.9426356998587956,912,3,0.01144912869325988,0.9513486381664016,0.5645566479597088,0.6006513440748295,0.6965806223061094,9,0.45400106052626005,0.0001989729808371151,3.3610416948969046
210,0.9428749382982986,913,3,0.01128608733507241,0.9537632269647112,0.5707513766135548,0.5922687188314821,0.6984717534651544,9,0.4180384928171866,0.000195819727430831,2.2781180667243386
211,0.9423536310615106,912,3,0.011560514485429357,0.9178879314631139,0.5641811653523766,0.5954699930712279,0.7396884468832616,9,0.2232919238051539,0.00018797651483306213,2.639665679458876
212,0.9427047544180965,914,3,0.013360742596380659,0.9566480990287056,0.5666771253673009,0.6025369418135289,0.7283550918863154,9,0.24522892951171513,0.00018169057772539536,2.467377673618465
213,0.9428391847596229,910,3,0.011502507581113342,0.9636383331217667,0.5634793221685805,0.6037838820791549,0.7295805936425044,9,0.2736019705455742,0.0001700130911867481,2.3541983325074725
214,0.94281423586749,902,3,0.011540689566542951,0.9529518631906031,0.5645403304484183,0.6006303155194449,0.7340752173156628,9,0.2896602567418204,0.00016577180691195186,2.5323253883057335
215,0.9429352921584565,907,3,0.011677109677415651,0.9542221898768257,0.5745914228201494,0.6315450523040426,0.7349014560037554,9,0.5232815681267002,0.00017050402474440548,3.281175871986645
216,0.9424510273368515,902,3,0.013128678295367308,0.8585096470644689,0.5630655621205357,0.6160278974296299,0.7315801879754472,9,0.282573293088709,0.00017128932657604958,3.324374771775463
217,0.9430801733577516,907,3,0.00843457799460985,0.9401136883353987,0.5268068587012291,0.6223304093828511,0.7243904619847213,9,0.22216280389906043,0.00015233230401176976,3.304350074574676
219,0.9423643970939395,907,3,0.013718099300876382,0.8757277664680777,0.5209823098074075,0.5484341804773437,0.7330269945250203,9,0.31021605709478123,0.0001570918378034976,3.2817185058358582
218,0.942624953655236,910,3,0.013464892302377282,0.9415008113279604,0.5044127650678563,0.6270381870336358,0.656064089445834,9,0.5511576496462157,0.00016263222924405588,3.497829866228465
220,0.9431246015049528,898,3,0.008489312330540101,0.8751877682775302,0.5166039893583273,0.6215797946116095,0.7226183230961404,9,0.28927158533568287,0.00015796441173748454,3.3552823829917853
222,0.9430645930845711,893,3,0.008630219796703496,0.8727565508693331,0.5116217528744349,0.6278831155043872,0.7221572743403395,9,0.5482411570034842,0.00015306824262490817,4.964132197773435
221,0.9430792591425124,973,3,0.008609838231430873,0.873463562490951,0.5171214851852979,0.6251311219087377,0.7187812594124989,9,0.5104379529859867,0.0001694916384516457,5.035222732446118
223,0.9426681461507895,972,3,0.008938726867977812,0.866088086528495,0.5241034178672348,0.6205109175757406,0.6363483048838251,9,0.5355951624298823,0.00026745778871331474,3.3978937120934734
224,0.9428709704371805,971,3,0.008645068396532138,0.8613171116147218,0.5065561788460057,0.5503224653980744,0.6311366550899509,9,0.5555554943597061,0.00010117270579921969,3.389176399527795
225,0.9430706920273313,974,3,0.00861961829670654,0.8650961256612466,0.5134454996635114,0.5562108877175601,0.6516866837820701,9,0.7056361894767949,0.00028699883185258286,5.093993956037128
226,0.9430359101032535,966,3,0.008773841387764762,0.8689040793739493,0.5368653422149293,0.556474546897439,0.6369659821456846,9,0.7225245167204316,0.000268928823402163,5.112846512732615
227,0.9427458930602359,885,3,0.00864665359479436,0.8740962015841152,0.522321503416269,0.5531364253578607,0.6533331379534137,9,0.5620473620148551,0.000107264593005941,5.105105552065699
228,0.94311306005937,884,3,0.008581010293662797,0.9384426341519309,0.5256337163305472,0.5502460488784483,0.6532749828534257,9,0.029821829522367005,0.00010228418507944965,5.02699212333421
230,0.9433747166011031,880,3,0.008628264332639595,0.863204940882041,0.5293761490314117,0.5542044992845638,0.632926018025023,9,0.7279525134302063,0.0001347040458903424,4.665448142890872
229,0.9429024138058356,879,3,0.008469013370909103,0.8380643842604307,0.5364753590066588,0.5564109155575818,0.6447153155236621,9,0.0485343528113924,0.00010123576819096848,5.10270413955965
232,0.9429422604405937,891,3,0.00882024713683377,0.8335682842523975,0.5272742726628091,0.649376444584123,0.6372429860661277,9,0.5333097047382344,0.00010032772444765142,4.941427909740909
239,0.939998608430822,241,3,0.008403103611674097,0.846457018856701,0.4964302022070615,0.6569613348082987,0.756268308284877,10,0.0818764844214768,0.00010330054243097795,5.222239817277622
231,0.9428899174436504,969,3,0.008810309554192777,0.851982793144891,0.5313513773893697,0.6414708593264888,0.6334787451703859,9,0.6910229567972136,0.00010292536798255166,5.339028810677293
234,0.9429105582530124,887,3,0.00853575038812883,0.8399821932840456,0.5294503036288535,0.6408476379465905,0.7141338058249223,9,0.06120831547237951,0.00013473172596139158,4.932982368776469
233,0.9433036269736326,939,3,0.008540248005617505,0.8357968534802284,0.5279026051550239,0.6740186055702946,0.755385985466879,9,0.03653154348245735,0.00013387722657865484,5.2141413200585545
235,0.9428090375728478,938,3,0.008446334736614344,0.8387526241987584,0.5285836005816732,0.6474877511407748,0.7527270884805741,9,0.06781447623025677,0.00010186114314504114,5.078069053112569
236,0.9431265530831461,935,3,0.008415235150686921,0.8367485520055763,0.5332692970480241,0.5790732016987358,0.7503756990457994,9,0.5215010322717695,0.00024360061872777947,5.105992012522755
238,0.9431891841324045,877,3,0.0098484723938128,0.9299634634481995,0.48777986875546164,0.6684221369091665,0.7139046630788287,9,0.016058744245158012,0.00023650417108278117,5.455398210996964
237,0.9430295064220802,940,3,0.00956816981576153,0.8455320822777075,0.4996904607238782,0.6390927684888975,0.711828264233909,10,0.07188624164449425,0.000243515173178816,5.418391520383753
240,0.9426432410908943,940,3,0.009758170487679994,0.898238849487678,0.48581415432197933,0.6547359372935868,0.7169365193998454,9,0.09942122880395457,0.0001333209926411368,5.076594669701756
241,0.943088305281432,938,3,0.009907489866490465,0.9361015128452228,0.49155807429592485,0.685561888556771,0.7568499060198722,9,0.10057723994249515,0.00024083575972423427,5.228513664665647
243,0.9431343124328075,935,3,0.009706779634928499,0.9316735906595153,0.4838314854630051,0.5793942260301757,0.7165809940222742,9,0.1090737476970763,0.00013685537969664564,5.449566039221565
242,0.9429572928108054,939,3,0.009699722355663742,0.9247494170163835,0.49014770895618853,0.6743325149770274,0.7143714990266145,9,0.6791273209348355,0.00013637853019034634,5.513275265519294
244,0.9431046327898992,936,3,0.00982499901493859,0.896926441069934,0.49585560658558936,0.5765750274844685,0.7548447411326419,9,0.10965982241032599,0.00024086031360455554,3.0017189488743785
246,0.9431253550019878,860,3,0.009786576355761752,0.8945837370025336,0.4773502472720834,0.5703585538531094,0.7116075715094854,8,0.14061724491965116,0.00024208558535818842,8.10817221857866
245,0.9431068442306433,938,3,0.009736960851492836,0.8960718159254218,0.4944564155362028,0.5815266647847499,0.7454149651823788,9,0.14226130439737955,0.00023659385404763527,5.59259825852535
247,0.9427400498055277,860,3,0.00764198993943626,0.9807598959217496,0.49424036317398995,0.7033625155639277,0.754867549330987,9,0.19357149791623235,0.0001392745434265445,7.971990314900805
248,0.9431440223170376,860,3,0.0076064944521733735,0.9070931626372573,0.47778294452881415,0.7136009010009587,0.7538460454498996,10,0.1585079409820601,0.0001453714725997042,7.9351124498864225
249,0.9429522938484816,859,3,0.007604299955237804,0.9870017751875209,0.47039933276400253,0.6802088803572164,0.7719005257462513,9,0.17257263562855543,0.00013920007746412964,8.074803563124856
250,0.9429786985970742,867,3,0.007879704007676413,0.8241609511082266,0.475665570239619,0.6714450406937407,0.7492609805488541,9,0.17424809074909908,0.00033209468842750213,7.863588422281661
251,0.9431158590608216,860,3,0.007555088400053035,0.9343868421517714,0.48146361856387676,0.6805603173554184,0.7845079429288654,9,0.13050563848409263,0.00024586118899506677,2.9365260914580373
253,0.9429425192595199,859,3,0.00778885172509655,0.9728831150444444,0.4695105110047781,0.6924203985037931,0.7439071707928214,9,0.16307853156206092,0.00024086404082861987,7.679360660635029
255,0.9430880662913751,851,3,0.007667671519538906,0.9362677451816207,0.4695322684052971,0.5786545764832969,0.7549146909594933,8,0.16089811524344894,0.0002411639566802407,7.954426054409468
254,0.9429304528707121,859,3,0.007783678575844949,0.9786183485191063,0.4651433297927092,0.6931181830300918,0.7821993456485457,9,0.15210568013291298,0.0002334211863446995,2.9023196213931834
252,0.943239173755644,928,3,0.007601265541757442,0.9781619525739569,0.46307563708123783,0.6652715159668211,0.7801345677807219,9,0.20438899995006823,0.00024047926208824717,7.632136602903179
256,0.9432467671689778,864,3,0.009767800078666816,0.985339637555763,0.43490321602786525,0.7008723690531856,0.7787811314188042,8,0.11895180541332961,0.00023708615743418804,8.442750501228447
257,0.943053768609159,923,3,0.009824395584634563,0.908580296687297,0.4707389248496077,0.7214742646088498,0.7515709113655872,8,0.14771933729485923,0.0003334012804067289,3.900336337246274
258,0.9428784960149088,852,3,0.007502264519026954,0.9134309370012861,0.4669753312058204,0.5726164434500873,0.7840192874555252,10,0.0094588373330786,0.0003465861944676031,8.26518153054087
259,0.9429975360229503,887,3,0.009680982083782146,0.9108081064993137,0.4647548622744048,0.7231465940568625,0.7475920838661941,10,0.1618268304175668,0.06035324027666027,8.078278224619895
261,0.9430259236584773,889,3,0.009789744954756898,0.91126942666868,0.4613726702523847,0.7258145939997229,0.7799033676381347,10,0.15572207024784554,0.00023714214225716772,3.0799949993658773
262,0.9427677032510766,890,3,0.009920590088261946,0.9055188742954995,0.45798931412283644,0.7105224736799054,0.7778712407567898,10,0.02226780320893623,0.00023401123643245156,2.698923046580931
260,0.9429775568716497,881,3,0.009548835253938754,0.9046921367749294,0.4617164323773576,0.5790614665711243,0.7456666258843521,8,0.3554812306442564,0.00024403459163941301,7.755340035694821
263,0.9431012942344765,891,3,0.0100067149628807,0.9127248322628427,0.4753085694514963,0.7166332349761525,0.7455258326912096,10,0.0054285151308057465,0.00022176183305692792,3.749681580941804
264,0.9429533959161672,890,3,0.009789051863032104,0.909763329260165,0.42836456595672706,0.7193212555595826,0.7772241734023952,10,0.001674279415017424,0.00018233689093579585,3.7172415671335814
265,0.9427312447439146,886,3,0.007176925996948009,0.9130574786487037,0.4324324595557066,0.7126431675244197,0.7772461426443417,10,0.01921332391872116,0.0601871559311752,9.575699383042123
266,0.9428656980451844,883,3,0.006874972776970308,0.910573542883541,0.4456317176171252,0.7199954625585765,0.7775588487584506,8,0.03304128067240092,0.19534969606155497,8.280290432819724
267,0.9429308463172248,883,3,0.006892713059608413,0.9128480681999234,0.4590255388856412,0.7380449377771898,0.7798273542789182,10,0.36455231922615194,0.0003521156909335399,8.387628897380122
268,0.9428103650634692,890,3,0.007023199677685314,0.9940537661084833,0.45648017324799983,0.5767629096956902,0.7708241334206218,8,0.0024618362272276623,0.34265948247848005,6.193197226913064
269,0.9427283935612281,883,3,0.006930817363993753,0.9357905295489876,0.44122256036125035,0.5796880277655495,0.7752402975004739,8,0.020759753210181142,0.0002183029604683037,7.620358262971436
270,0.9429056052101753,874,3,0.007117885970391822,0.9973874819284145,0.41714745712114376,0.6704877674805751,0.7783043513588588,8,0.30366288012744763,0.0002040595713242581,9.668167004137665
271,0.942669879089608,877,3,0.006884973387249376,0.9324169160961726,0.4523885192022132,0.570647213621025,0.7976094945170805,8,0.0008730678438352291,0.00017775061890278187,9.413678032172783
274,0.9430059893830389,921,3,0.007110127444110014,0.9968994137691389,0.444848132089344,0.5768651102827047,0.7712702583726841,8,0.3262539843161958,0.0003374379057519191,6.215369045593569
275,0.9428626767516712,920,3,0.006903250090090516,0.9419298884423741,0.4091789145388663,0.5799329027614165,0.7954935701168065,10,0.33216861466368175,0.00012859340286243805,5.947219080260963
273,0.9429463587547996,918,3,0.007149171999651734,0.9370208145495087,0.44684170845293447,0.761345503102272,0.8110843488617656,8,0.30230863651212186,0.00036743805713941623,9.980348697107033
272,0.9431776656465652,916,3,0.007148884765749556,0.9299362351374718,0.4397314899463647,0.7354229081397338,0.7795522938801868,8,0.3528440794696083,0.00018618356104409763,6.3118397068823064
276,0.9431243072027866,918,3,0.010879980263347657,0.9372786313867477,0.506290097076402,0.7427549532251702,0.7955810255549739,8,0.3202484038154576,0.00035744848603789375,6.247696117055931
277,0.9429504288911386,922,3,0.010566585418589125,0.8905769124073369,0.487024152660296,0.5719605413416448,0.8243381540889986,8,0.3059151210181732,0.00012640770914965383,6.227838332992656
278,0.9276953731712851,920,3,0.2087862196970963,0.9358524523876949,0.5017337175152324,0.6679889825332689,0.8039200380702366,8,0.30857475317037175,0.0001296172830133896,9.976923256985884
280,0.9431951359240817,922,3,0.010735803299268152,0.9322241475790549,0.48893563010419755,0.5732776740012971,0.6163284223405362,8,0.29808439718117213,2.5437192455757933,6.219933475557687
279,0.9428104172447043,922,3,0.010639842009994809,0.8163505982616331,0.41392851407878145,0.6714194143327511,0.8117909849351443,8,0.28410452678718084,0.00013219948138588894,6.141352938739905
281,0.9430325506753368,921,3,0.010551388779815997,0.8181263649902646,0.4867133060153958,0.6891224298088487,0.7973607007947527,9,0.2872712144302423,0.00012748028917916823,6.37070685436615
284,0.9429431610887118,845,3,0.010565475751716437,0.8179835812672216,0.5043184675106964,0.689110863621596,0.6170641277563598,9,0.2129688656172154,0.00012853206429752745,1.7954218861753384
283,0.9427558648942662,922,3,0.0107449433421202,0.8235324346095055,0.504487793399511,0.6979713076745137,0.8168841722752316,9,0.23059267826713198,0.00013197107258989884,5.90994698067008
282,0.9425148152440924,919,3,0.010613043535000428,0.8136661396974184,0.5020259196211998,0.6882556018638449,0.8072049901353053,9,0.2578089038994047,1.212727078593326,1.710105700627682
286,0.9427926902355113,908,3,0.010740186754098286,0.8897226318626226,0.4859235613371947,0.750079313592859,0.8228444487572075,8,0.2674094731294651,0.00013046555498572355,5.932128632761472
287,0.9426861758111464,904,3,0.010793594836656659,0.959344652106559,0.5065257298430594,0.786776640656083,0.7346925378409285,8,0.23443972375846078,0.0001336338135515166,2.0198005850913536
285,0.9429624472732101,840,3,0.008139457067314516,0.884536996575782,0.5035494132053503,0.7415622911172661,0.6164602772454577,8,0.24956608090572863,0.00013494963406380733,6.105586992151477
288,0.9429324639355133,905,3,0.008126740617245307,0.967793248611219,0.51196241249014,0.7733198958732015,0.7331046380886023,8,0.20012278334697167,0.00028721511067884316,6.0200450815827224
289,0.9427758075187024,904,3,0.01094570822337278,0.9716287958470369,0.48405004410308106,0.7394000300716691,0.7303100075430373,8,0.22665008280525245,0.00012807239309193356,5.72008159414165
291,0.9431534274628545,908,3,0.012321544863112878,0.9700730048385677,0.5103410519050747,0.7608127639856509,0.6177703205517122,8,0.2028748667889844,2.5215575960358723,6.417939933880412
292,0.9430682478582787,905,3,0.00810992637185852,0.9512495995863703,0.5425682562158602,0.5924229672535904,0.736221366500107,8,0.20962883146253786,0.0384572748672786,6.095034845639512
293,0.9426545623316647,900,3,0.01250208708730479,0.9651521476514932,0.5404282818629366,0.7520585515330347,0.7297007506261887,8,0.2069759083601989,0.00018218083043637062,4.325092190155372
294,0.9425909231409438,904,3,0.012448156453477393,0.9765172991821987,0.5406273199457531,0.7387967020169817,0.7330142708238278,8,0.4327696838213315,0.02501146341224919,4.585401315561954
290,0.9429405447215832,849,3,0.008144200553107573,0.9599770146527018,0.5090931610073111,0.7546728182114918,0.7321388731888369,8,0.21741720989645727,8.370672774076205,6.329989620300119
296,0.942699343224015,948,3,0.012268625611800171,0.9681902157994347,0.5446069906830916,0.7369756037383817,0.6127460178832238,8,0.45011717666756473,0.6882082598184817,4.347980181327831
295,0.9429454847191113,951,3,0.008158252167834173,0.964578825269053,0.5445473995288911,0.7958301917611503,0.730155046540011,8,0.14860733365234147,5.9991781079570705,4.4133036614893735
298,0.9430417857103274,945,3,0.008207076483449432,0.9494699939943673,0.3976327098913154,0.5915842624339287,0.7631943784634959,8,0.47577401806215247,7.807453161265427,4.304104806143964
297,0.9430127865107248,952,3,0.012447628328647112,0.9704716995376866,0.5447531074600319,0.590565457296183,0.7616729847441195,8,0.4516925601418524,7.86274942154419,4.402149334310739
299,0.9430802401497326,947,3,0.008373660275774382,0.9487113271055431,0.5423934444677482,0.5915461308735193,0.7653335841961287,8,0.4438896219472688,0.00018584244682100595,4.448070710241776
301,0.9424186374005913,950,3,0.012430098540261956,0.9470105108060713,0.5501430585319814,0.7564036077839152,0.6063724506886746,8,0.40136930826444284,0.00018448474012049425,4.216608993111143
300,0.9431565520752132,952,3,0.009165990711653083,0.9462268010984624,0.5374132745455338,0.7816089042850645,0.5887162900942802,8,0.3876413747416767,3.5298804189840056,7.2204459667754985
303,0.942969977025437,942,3,0.012123433535834147,0.9313228347320677,0.5216123547274093,0.5870167028470644,0.6050702548486127,8,0.11962808039442471,2.1463109781392182,4.34334619877118
302,0.942569017980255,957,3,0.012292122290526454,0.9251561932032747,0.5190587260827073,0.7928419330655317,0.598119140321139,8,0.4589511070740866,0.00018192282461917562,7.409930118152521
304,0.9429612784135436,949,3,0.012053084051636364,0.9291743460855618,0.5212119777999231,0.6119045989521268,0.6014013917417896,8,0.39579752143699054,2.6214764779014237,7.52942126278012
305,0.943126209730619,952,3,0.009109913420723656,0.9252150170019506,0.5224078829809673,0.6086914705391736,0.7640728280255014,8,0.3790110248283273,1.6229113609077428,7.426414295793092
307,0.9431961962467792,866,3,0.009235424332832021,0.9297088596527565,0.5283627711083108,0.767695660138593,0.6007155119471275,9,0.37465746349200624,3.947622170355909,7.508845413698587
306,0.9429133864759557,951,3,0.009086771099117118,0.9263919389270828,0.5192931282704903,0.6129782743801896,0.5922835978419754,8,0.3929543413008859,2.3091473663967204,7.5457740476510535
308,0.9431047559376141,866,3,0.009060779554751775,0.925202433859397,0.5197843519638083,0.878200115244643,0.5852677764169116,9,0.11769536944722594,2.780019041220945,7.401592876162197
309,0.942974036725529,869,3,0.009559374028640872,0.9256576897792487,0.5203703446159192,0.6169677614132774,0.5853057241562518,9,0.11409483276445526,2.550736510251128,7.737446932710138
310,0.9429356323801095,858,3,0.008947794805475124,0.934151012395383,0.5206148454431988,0.6107902900459331,0.6865411268824697,9,0.09938038908131092,2.579208860431026,7.352950615300617
311,0.9430997381900454,864,3,0.00937104577603203,0.9258142584924272,0.5202890392505842,0.785755884443021,0.5873055569477547,8,0.3638462799301546,2.037156053574644,7.270972979839654
312,0.94320343169684,865,3,0.009224446170843554,0.9400986396562372,0.5217886157031133,0.783546221702038,0.5864957700907599,7,0.3655892266474995,3.074189646195015,7.271561094776214
313,0.9430708746616542,861,3,0.009155516951347819,0.9321986854371132,0.48071012013584574,0.7072040381766125,0.6833937849547482,9,0.35703462416983656,2.5621453401203618,7.38851470466021
316,0.93452364888015,864,3,0.100652460494266,0.9230161936532043,0.48658968913542183,0.7653435161274378,0.7081550934103609,8,0.3564734232723229,2.4272411897285022,7.571288033393187
317,0.9430542225859047,818,3,0.009107382220844899,0.9297320695267277,0.47836070262740255,0.7847224144211757,0.582462633537833,8,0.3534035027071601,3.7897139697999873,7.862695242951473
315,0.9430486412809967,871,3,0.00915883678958638,0.9250075412049661,0.5286572633964861,0.8139000127342779,0.7923698811714531,7,0.3353797634755173,3.213671332840243,7.519836247655083
314,0.9432467264676145,865,3,0.009109370603385097,0.927632692666381,0.4861516740751792,0.7812752185334957,0.5838034157099773,7,0.6018079733127323,4.313454934877325,7.685450633145252
318,0.9430941819321305,861,3,0.009169923658353856,0.9209864551630139,0.4859181708190863,0.7914595595788876,0.575144304151118,7,0.35285552917575563,2.4028842055803503,7.7563133501229915
319,0.9431752183466384,827,3,0.009429355158216834,0.9830034058182114,0.492095395298711,0.7848742028175059,0.5767330648559473,7,0.33696455534345987,2.4361965951272557,9.213418669707533
323,0.9404907912330431,821,3,0.03399081343191494,0.9494680992527641,0.4351870225274493,0.780511337187082,0.5722288839538664,7,0.5786429986019277,3.5542303267558535,9.280045730192345
320,0.9429284887690222,823,3,0.009190157727317603,0.8532078419866249,0.4298241473610031,0.7769621774372724,0.7880603945140267,7,0.5301434590927022,4.2837352556265165,9.920447742133298
321,0.9429415288596774,930,3,0.014017096933623803,0.9841322191764477,0.4886291867261233,0.7070184004574152,0.7071627059364247,7,0.5914130925385592,3.682719606973363,8.740603724495788
322,0.9428433900453607,930,3,0.00923169068560285,0.8526892606844371,0.43114878784473337,0.7753062145948875,0.6300621198012143,8,0.5504195085484335,3.0027466083417784,8.497964041909885
324,0.9427681441825134,821,3,0.0113024233167896,0.8524027868415037,0.432042945733756,0.816055741104512,0.6291655218607997,7,0.5302335367913477,3.6555184491081563,9.89309612668792
325,0.9432777805642557,933,3,0.011222697684925911,0.9859500801757227,0.43084630340786895,0.8132120526890522,0.5733508185411663,7,0.5896243567815211,4.869738063712608,5.89130750573375
327,0.9431027365238152,837,3,0.008413301478719073,0.8567996029114148,0.3864416206278287,0.7714389366517851,0.5784225803325443,9,0.5998427972611525,5.113226380410173,5.576226287980511
326,0.9429227300479152,928,3,0.011369409724792763,0.9897769007369761,0.5588614755052039,0.7695114990004673,0.6276679299311339,7,0.5716834552494735,5.436760298733864,9.573840272217057
329,0.943362626208927,834,3,0.010150774195404593,0.98188971680408,0.4327292667252147,0.8073177338683367,0.5611661330706343,7,0.5229769642953465,4.660424829973888,9.922294633883853
331,0.9431753467124768,836,3,0.010251760750627463,0.9775118508531114,0.55068542770981,0.8046052837173334,0.5622012867861255,7,0.5469960268702194,3.3411972478238106,9.758195347956228
332,0.9432345139713483,840,3,0.010089054417290527,0.9808599694438681,0.5545703824029103,0.8308232311663892,0.6318293795700893,7,0.5263061508260425,6.133255899340631,5.838423996470335
333,0.9432301458801569,843,3,0.010213160200567811,0.9822158437269392,0.5561128719823738,0.8067563331328428,0.5699168119208688,7,0.8241179586354656,1.6859307688615015,9.510010347220822
334,0.9430597214444608,837,3,0.010460767558924128,0.9752634266403121,0.5518868675853286,0.807881201740453,0.6027191469728387,7,0.8049143891971817,4.478722909880248,5.709246902499566
335,0.9435419251072789,968,3,0.01048273198300742,0.9835098119575849,0.40561056131216006,0.8070756604387184,0.5697692413832658,7,0.8730950059400211,5.21928865646969,5.712238848751978
337,0.9432637886878721,984,3,0.010233691075429567,0.9888865028944138,0.3986390529794562,0.7284553091525559,0.5588087437794864,7,0.7320296107258306,4.59557131632281,6.53582432482036
336,0.9432015312562572,977,3,0.010269019685191944,0.984617187041642,0.5566049319143608,0.7857695010237362,0.5641633217659066,7,0.7892120565116708,6.1250010237045585,5.822377918770611
338,0.9433468111201886,838,3,0.01015528991309695,0.9837799712684148,0.4048721965872725,0.8426147922373799,0.5373598515558177,7,0.7441390060392892,6.444436697102783,5.849282150978319
328,0.9424159239763654,837,9,0.007569454007636126,0.3344566583258115,0.5583544669393328,0.7723974173058763,0.5684960867227736,7,0.5604911001785908,1.6147364712536645,8.512192622788017
339,0.9431601358824409,790,3,0.010104352456065703,0.9972731965699301,0.6090759032032703,0.8500466090166315,0.5371304344509664,7,0.8070488306926015,4.923842080806296,9.927221991869382
340,0.9431963861864749,791,3,0.010676136441387235,0.996378764864325,0.40726312771067746,0.8628745760662374,0.5444329958536409,7,0.8055000495318551,6.501772788463971,9.996692168543948
342,0.9432251599631417,798,3,0.011251590114173994,0.9867711577285787,0.4184364022248435,0.8217977801780985,0.5435344814581944,7,0.7253918094084799,6.583518327998336,9.754039344850069
341,0.9431703352266563,836,3,0.010624977705988681,0.9830175804739391,0.6079582722336164,0.8578011445181786,0.5389638140410526,7,0.8548778066290375,5.9199103104008755,9.569611261959272
343,0.9433154637650059,834,3,0.010409619878401352,0.9855149237978093,0.558607543560988,0.8386319659884913,0.5439037830704663,7,0.7955060907961585,6.178287596630981,9.924681333125449
344,0.9431348144162893,802,3,0.01057231937253725,0.9855957902195183,0.35229426672196323,0.8597311537129619,0.5387472754704944,7,0.8239547786359819,6.490313235464202,9.48855627282776
330,0.9410057427953943,828,9,0.01016157869516737,0.9883204061657895,0.43349897128740267,0.7663212303557553,0.5672912295655965,7,0.799434416124788,4.8498008729265045,8.946328887171797
348,0.9431955721592071,811,3,0.01040325098147478,0.9965533979152265,0.3793685101185156,0.8526675642844441,0.5545139869029205,7,0.8093078075248161,6.315380249143396,9.958140172329056
345,0.9429157628094027,982,3,0.01121501559386943,0.9978666023241463,0.41102785215997223,0.830663060440009,0.5389313941834224,7,0.834173610837858,9.988000023145855,9.974395926604148
347,0.9432799977449358,800,3,0.011321529829357928,0.9864147107554743,0.3530788221414494,0.8674838514286876,0.5315596142864624,7,0.7741161105692046,6.2600643488316585,6.298776701406919
349,0.9433455754685411,808,3,0.011443684352244608,0.9997692632194274,0.3836421446620513,0.840642464125909,0.546092894186268,7,0.7580420770649499,6.484015501007636,9.687963510657159
350,0.9428817656911009,806,3,0.011012485128165845,0.9985550223772465,0.347875259387491,0.8281261756594578,0.5554440135070425,7,0.7715510529358316,6.657999613573246,9.90429587029462
351,0.9429009151607632,985,3,0.01136653090627413,0.9965711434090618,0.3699573401741638,0.8383628236751546,0.5623452713679523,7,0.7597991744914728,7.549849583923253,6.42656748657398
352,0.9432968976815523,803,3,0.011430029059738148,0.9961362154341493,0.39762133731301724,0.8276192766083568,0.5516566137402453,7,0.7213669035849635,6.591163877070409,6.296233424114309
353,0.9432342447161751,786,3,0.011265029513617394,0.9996028095248704,0.4214744162689247,0.8386770078642045,0.5219536808684981,7,0.7796058321893331,6.632907985605115,6.296947093045463
354,0.9432031165221799,792,3,0.011226247543926801,0.9871501672495874,0.4030054977356284,0.8360049733308511,0.5457308476681678,7,0.7532086894555242,9.070254472990008,5.8291641625103745
359,0.9433294598158882,791,3,0.013606056495458378,0.9992337846316562,0.3969480817411417,0.8990392119335612,0.5207757964700231,7,0.7194777789772387,7.431254379038703,6.780925223593492
357,0.9429890826628619,793,3,0.011531638455441081,0.9993398071350228,0.3686254978023621,0.8376499241507581,0.520452162481164,7,0.7082774469973332,6.77914523515168,6.558590315996756
356,0.9432500191035501,804,3,0.011637189149261387,0.9909706597341905,0.39999869307971103,0.8371538401284289,0.5221866516890813,7,0.6835087179000731,6.812634402350679,6.484466085417337
360,0.9430843259404419,789,3,0.013174888281111869,0.9769047391333846,0.39502251024274493,0.874713955481017,0.5176982485571502,7,0.6968685979453838,9.757178889754025,6.913534323706939
361,0.9433088993656286,793,3,0.012855301757248298,0.9764677863079377,0.37820884743398087,0.9000440577886121,0.5252914667319889,7,0.7205632843674862,5.283380618987649,6.757263367020961
362,0.943261510455147,799,3,0.01277744267575413,0.979851912081352,0.38767519691553304,0.8739121247373143,0.5134989978601794,7,0.7039531821222851,8.847164380197212,6.538364463768666
346,0.9412195627116484,801,9,0.011206710983777216,0.9993622863983616,0.4194036591615981,0.8411855370292055,0.5414199197890637,7,0.8138942586599197,6.274398224633502,9.695499947242947
363,0.9430866688778987,777,3,0.013276534903301978,0.9768558627243413,0.39365595081181615,0.8883430918793089,0.5469792966573781,7,0.6866823437787543,8.343960669172532,5.405613766998628
355,0.9420370715114397,796,7,0.011790677810161496,0.9964083344272175,0.39420826298214323,0.8275139160963612,0.5269272122413051,7,0.7335271406598691,9.145407650485733,6.43307790249651
364,0.9429716405632126,781,3,0.014716045334398298,0.9761989562825294,0.3959213599177444,0.8371551327452174,0.5182028806210864,7,0.6953115369744893,8.42337748416906,6.572472564655281
358,0.9413749542553201,794,7,0.013430073494251942,0.9970652174094294,0.37988449721265377,0.8402231343495485,0.5274513752660569,7,0.7359637064905575,6.960939560628617,6.77278977264711
365,0.9429725370368318,754,3,0.015159691054805188,0.9778902490064462,0.39621250311562173,0.927842297300782,0.4995601920814927,7,0.691558778335398,9.739148994469025,5.812670931195392
367,0.9432756056503763,753,3,0.013103738295533055,0.9684503979697195,0.379394117639521,0.8975148527717307,0.52091878354806,7,0.9310785294328543,5.051956937166274,4.951788947708922
366,0.9429938363733807,763,3,0.014701534726710165,0.9691223225991449,0.3884105521927306,0.8819744917093001,0.5101465309556243,7,0.6709127610083774,4.887385938865549,5.1289448140505
368,0.9431486314855352,753,3,0.013527636160965348,0.9667253908101925,0.39410223153242635,0.9064905310465646,0.5001916883120088,6,0.9580017582652326,4.832505303230103,5.065270432638693
369,0.942845283702383,759,3,0.01653946673626076,0.9661429373831314,0.37962405215540923,0.9112364064692174,0.4948478604479035,6,0.691983973304236,4.959838584556496,5.184056835422632
370,0.9431013537210846,758,3,0.013663317543333789,0.9681032013266425,0.3832092529757657,0.8908129103793319,0.49081154340504374,6,0.8961520338651483,4.915292992991993,5.375067475422634
371,0.9430116134765596,762,3,0.014592959647323777,0.9668067656661781,0.38155963169667445,0.9000610407498051,0.5046878272103408,6,0.9225711001424977,5.396501383511816,5.108286512562616
373,0.9426167559831995,758,3,0.016159952299786833,0.9635245552937074,0.3761160355193446,0.8979446305811275,0.526133286273524,6,0.9098583367977264,4.979553400242086,5.024968514892813
372,0.9430219338812404,812,3,0.01517145472951082,0.9636849548977249,0.3827046380128296,0.8785324717788047,0.49177705784956377,6,0.9343172832348556,4.708377220821677,4.8550063330003415
374,0.9427653911005487,757,3,0.013890222727827618,0.9694391966420101,0.33359071499955834,0.9243982078184367,0.49829346226840965,6,0.9299524633148051,4.886376384964532,5.120886430554191
376,0.9427492483136538,761,3,0.016433678434533992,0.9631791730482893,0.34352817075591224,0.8999861540362267,0.5212605670741952,6,0.9558990161557388,4.930932423451213,5.05522322867238
378,0.9426863250494788,763,3,0.014232136015107925,0.9604836049657386,0.3370769407361621,0.9292729740642118,0.47676301422391754,6,0.921377161499625,4.902610654565149,3.4861623588259074
377,0.942957708173437,759,3,0.013831710681514293,0.9616218697301722,0.3446682259286269,0.8994094685494378,0.49053715071923815,6,0.9539173874355461,5.3166641307501274,4.857808502832656
375,0.9426101701895158,776,3,0.01480902358962999,0.963743877412604,0.35246458234702205,0.9016299173385658,0.49352703400708736,6,0.9656623119187403,4.893803580555999,5.111882966856855
379,0.9426600090089858,812,3,0.014354571473972198,0.9584320574308133,0.338381316072375,0.9300686577226079,0.4936986751287301,7,0.9398324314498867,5.2452850573143905,3.4491235484662277
380,0.9429955907065054,813,3,0.012774679411227882,0.9598917386859154,0.3254007653253462,0.930512162902749,0.5250394596607106,7,0.9324559757834279,5.569914235807433,3.6449067388786855
381,0.9431115468035518,817,3,0.012306618121735557,0.9585041500358585,0.34279185381968735,0.810634626831602,0.4668408775083217,7,0.894070076900341,7.594999692528516,3.7950181373816387
382,0.9427994722306391,813,3,0.012495769423293227,0.980016354506546,0.33799033017822244,0.9402385189643584,0.5233580595146841,7,0.9138583353055171,4.182097336848248,3.3572501325835753
383,0.9430012930718785,805,3,0.012765046240690471,0.9821150352090722,0.3458488284105429,0.94388119328833,0.5275628969823046,7,1.0342932411117098,7.533131121007814,3.8799391641594556
384,0.9432057151476887,813,3,0.012662555580946118,0.9818109188351059,0.3557936032205031,0.858999369578242,0.4628458165250424,7,1.0532715266649633,7.274079846307157,4.049409888030169
385,0.9431673024532715,809,3,0.012824601621618099,0.9831265821999511,0.41413854097123426,0.867454562506932,0.47094997447490794,7,1.0231477990749225,7.5903226947339295,3.616351119011024
386,0.9430516510946381,812,3,0.012650604480607373,0.9825061423348828,0.35768108048565633,0.8610622705450549,0.5294105439264503,7,0.6657952752887947,7.10050830894166,3.4224335887679067
389,0.9429341180806665,811,3,0.012631850475055247,0.9843515884444035,0.35837987501732105,0.8132863402297638,0.5304871425019388,7,0.6665753078351936,7.154946337729454,7.06578378221629
390,0.9431628461757928,816,3,0.012301011249667683,0.9825259171042151,0.3638369945269704,0.8649614059327484,0.5271612552474476,7,0.6729626613242031,7.218380217155228,7.3510021889724015
387,0.9434716171547105,816,3,0.012605822212359324,0.9816956313859667,0.3556790347849576,0.8682318046795495,0.5308100705274592,7,0.6338423561757619,7.651181780169493,3.610371388020366
388,0.9431746193060594,820,3,0.01224672390598776,0.9840727944989592,0.4057742940123758,0.8603793677533395,0.5273287133566927,7,0.6365695915416518,7.3514033427660115,7.426295030185966
391,0.9431568296793842,786,3,0.012838285605355793,0.984422157974913,0.3043197421552386,0.868050600906249,0.5313043792519101,7,0.6220292139679198,7.230529814024745,7.162629622333867
392,0.9435195497936618,781,3,0.012017593933806352,0.9872996590331642,0.4150323432830641,0.8601986280547548,0.5528356192934208,7,0.6671970501357356,7.551080220145879,7.368842141631303
393,0.9432228295491815,783,3,0.011882429402994048,0.9991160665937412,0.36018387720459,0.8683439405736735,0.5509656310823917,7,0.6145141282655268,7.170411869244133,7.861288111189607
394,0.943367929909664,786,3,0.012329209628645426,0.9983187557657971,0.4125948442321873,0.8694713070559905,0.5531076441654675,7,0.631202775877439,7.466122453096022,7.5371146927283394
395,0.9430921802599513,780,3,0.011858654791336869,0.9982048030992401,0.36742137546543696,0.822263589862925,0.5540728064662058,7,0.6673878066345791,4.043040532360037,7.0441795481590965
396,0.9430625267076607,825,3,0.01154196153363509,0.997821266256842,0.40935229515717647,0.8198280729403818,0.5491620662124886,7,0.6378502590104852,4.063170602131577,7.6692937967108135
397,0.94291955742882,778,3,0.011964540147206265,0.9970357816018548,0.40749501075139405,0.8243513474977465,0.5547770256643366,7,0.8055835369106589,3.827695478454025,7.487474025781984
398,0.9431988783622639,782,3,0.011889256729240573,0.9999253480607853,0.41317200550723776,0.8217135852579444,0.5437813365279007,7,0.6237064547482677,4.073385967105812,7.502884022728357
401,0.9431936148410779,779,3,0.011618309198954544,0.9995452483980566,0.41731775990115905,0.8250999301524011,0.5533975999082221,7,0.6096589236122275,6.080346415425131,6.461434890191554
399,0.9430888531844005,778,3,0.011584690365683957,0.9973669148214559,0.4107513485537576,0.8423883893797646,0.5523908547907819,7,0.6225976020066708,5.965970157591067,6.76206319154332
400,0.9431911033582321,791,3,0.01170733605369367,0.9989262491878526,0.41514743128473713,0.8459656559982116,0.5585378967070119,7,3.5549211274220482,3.942115721613122,7.048617365201438
402,0.9429491629743747,780,3,0.011875157107433353,0.9949484924359383,0.4151356211524536,0.84816455994888,0.5509268887512898,7,0.5860996144074526,0.10087818040657938,6.925294161543557
403,0.9428936056133483,826,3,0.011711047868251761,0.999840010940358,0.4117806836386592,0.8491843136784107,0.555504542329878,7,0.6081664732560645,3.916298439716502,6.678775385979073
405,0.9427955643779413,782,3,0.018378582974620573,0.9996950367265416,0.407764997420294,0.8805997197857374,0.5542764342678288,7,0.7773441262160997,3.7183774696070584,7.61590732677611
406,0.9434387012316001,741,3,0.011672482947066513,0.9509973904355332,0.41486539342413026,0.8831910528985707,0.5565033052674478,7,0.7990507552138915,9.613374276559727,4.528500975409271
408,0.9429254027707776,738,3,0.018418658952372324,0.9541352668928517,0.4258298559420714,0.8830070795703803,0.5064156399906363,7,3.9341133466343168,8.963961475054525,4.543690403358915
407,0.9431666981945689,779,3,0.013600024552630794,0.950030768300639,0.42116408095774954,0.8524771144267594,0.5097950164058852,7,3.8963887252229368,9.436773285594374,5.937528439745489
409,0.9433055722900777,733,3,0.013384933120800933,0.952432898827712,0.311021936834584,0.8839049372706305,0.5727199792342756,7,0.799386000632755,9.552053925382877,4.349684224423682
411,0.943294255223806,733,3,0.013072324856187726,0.9545996364557368,0.37483708920081116,0.888137350506942,0.5107421533924692,7,0.7604775340324251,8.962070695095488,4.248660293348068
414,0.9422736434898284,424,3,0.013303051727661535,0.9532712009921674,0.36972691857626405,0.8794453849843172,0.5709415603211832,7,0.7492745425979489,9.36614245148362,4.232314499373848
410,0.9431004906434559,799,3,0.013343914990825715,0.9730015365805614,0.3040266047775876,0.8858819978656642,0.5077175944207138,7,0.7717276999334602,8.534285057183068,4.248284584227175
415,0.9418399934226596,336,3,0.013596502846909888,0.950677845804393,0.37863163223328905,0.8860620515349247,0.5123792857283903,7,3.0738468281979747,9.861991672828433,2.985448442778439
413,0.9427186408883852,736,3,0.01367654378542545,0.9492806961690092,0.30760726981911257,0.8941460421852986,0.5090106715054487,7,0.7498153879092857,9.887441054071106,4.455868968910709
412,0.9415500160373809,345,8,0.013422791314502323,0.9526226177881605,0.4437081910805748,0.8744641232717912,0.5097882961514165,7,0.7650737106373285,9.36390601958047,4.554949479515426
416,0.9431636695956829,737,3,0.013684258354481577,0.9520969059839524,0.3752718567139367,0.8838148135729225,0.5125030562510781,7,0.7634716441675624,8.331952310352099,2.7944713686127254
417,0.9429977885801284,726,3,0.01377952592543371,0.9515176794250719,0.37254182789577067,0.8629012245095042,0.574080050711212,7,0.7736814941775044,9.572063840291248,2.871685251019713
404,0.9413854322473313,737,8,0.011732490934125121,0.9965310981185644,0.40881355792019947,0.8833616923974943,0.556036520002709,7,0.6109743671219993,9.66013317239937,7.635099899079203
418,0.9429655572748228,726,3,0.013807252590497102,0.9517374467312442,0.30628850465107554,0.9133392972790887,0.5783091218104128,7,0.8269671938796088,9.298844929486291,3.022977483708746
422,0.9426755057921902,743,3,0.014763819718300526,0.9731994729068152,0.244966249666346,0.9194470915421765,0.5373747313267889,7,0.853756193346614,9.98612388943693,2.591897019946732
419,0.9430884148620257,728,3,0.013716909752612251,0.9502410647064249,0.31427260199700613,0.9724351132281523,0.5120270180834222,7,0.8307373222100255,9.113304963654873,3.001379875278208
420,0.943101580187645,799,3,0.01394676881434765,0.9740223017512212,0.39489285280112635,0.8905334946569621,0.5123132047435406,7,0.8462583411755294,8.653781899934213,2.8053863816498867
421,0.9430221102538152,727,3,0.01572344055528539,0.971475347025082,0.39157054082457143,0.9080035205633716,0.5112631771135693,7,0.8556323506156318,9.588834335445126,3.0455997912958463
423,0.9427473697891898,724,3,0.016234293288236584,0.9732041899076591,0.2884486822332267,0.9069481628793344,0.5430644835031558,7,0.8599615080313383,6.08238264630458,3.5001005299678276
424,0.9427579458819226,752,3,0.014948919421213064,0.9748812567372637,0.2587865738602614,0.9188598423123253,0.5353576653187403,7,0.824351661347579,5.709909049698059,2.96539689985189
425,0.9431288344467452,723,3,0.01594851064542518,0.9725380716151858,0.28246520884042403,0.8684537475976963,0.5777087425078201,7,0.8509153563874517,6.098646352381118,2.534806438443271
426,0.9431562233334321,746,3,0.015440789410283045,0.9739030524578769,0.28371032701340543,0.9123979588304609,0.5369081533649421,7,0.8645815881983925,5.961438526937057,2.4335112636765466
427,0.9431027782688032,716,3,0.015389487231811425,0.9711693034192591,0.39074743819743396,0.9152822975799526,0.5365536771187228,7,0.8419639517073986,5.93221256961248,3.4057196914708383
428,0.9429807827156045,758,3,0.015248322357571824,0.9739151919441329,0.3915775829330737,0.9152851206050984,0.5312688913779514,7,0.8566302694319943,5.994552822443347,3.7546667371097575
430,0.9368513682013774,749,3,0.15194689949830967,0.9751765566893449,0.2773955590912015,0.909838819206306,0.5366051966533163,7,0.8729863999288063,5.9524466186493195,3.6471872373232834
429,0.9430576519366763,724,3,0.012780965094080117,0.9747606162862446,0.3857708203689838,0.9023791177597386,0.5360624907580759,7,0.8232977927727255,5.724257991966035,3.7957426994641055
431,0.9429000729556284,752,3,0.016911759618754303,0.9712679406844945,0.3943703894957118,0.8679901723875048,0.5339943790794796,7,0.8758984669729305,5.569643047383579,3.8009413550639164
438,0.9410294742993119,258,3,0.010977066787477618,0.9826498770042369,0.3626578158697572,0.852402469882827,0.5702422214961026,7,1.0329466476353133,7.1739834172977694,5.091707837632763
433,0.9431687990110946,705,3,0.011138825371408815,0.9765735437015959,0.3906768598201644,0.8696518597318488,0.5354883437391785,7,1.0555222086339604,5.935166475051033,5.451063089895918
432,0.9431427397022786,707,3,0.016718496343618605,0.9751229975947016,0.389292536226745,0.8519527741710412,0.5347677386176135,7,1.0392157202811685,6.2787856313479775,3.9259497529095877
434,0.9431214680217842,768,3,0.012643974055249788,0.9803099884425317,0.39532756736216684,0.8701061957582209,0.5687736763347604,7,0.6977186654904385,6.066942530222691,5.1913015667020215
436,0.9390667037529141,772,3,0.09428267885378416,0.9822462428273347,0.3914770819328696,0.8576322322828802,0.565803203234378,7,1.0459571052203616,7.194430122166317,5.319730977292533
435,0.9432448171562215,768,3,0.011018942502079361,0.9808050607072665,0.39157852852282216,0.8563685244128362,0.5379359472051524,7,0.6876710045001235,5.988708214573474,5.467269648100781
437,0.9428881255400366,832,3,0.010917524178894003,0.9821014981935865,0.38607034943086527,0.8509312537570614,0.5713707966585502,7,0.5105827489691472,0.6513425682007074,5.2579276650781495
441,0.9432458132959999,703,3,0.01097861073053443,0.9842766192405827,0.3726047908700275,0.8465832782015257,0.5660262112903887,7,1.0488913506617346,7.18925193245046,5.247654383206635
439,0.943271936265923,768,3,0.012437723346640886,0.983587980451628,0.36827465976419094,0.8512439055197953,0.5686990876987847,7,1.0424038219049978,7.606626195948542,5.4272526918826
442,0.9433567672998484,833,3,0.011018685363315002,0.9857752859196045,0.43331137765843697,0.8047753135312136,0.5644026386573426,7,0.6985258672572895,7.358665585553026,5.468825500120625
443,0.943076666778752,833,3,0.012566243688240164,0.9863400442505778,0.4424086842048992,0.801901609278609,0.4800161308315947,7,0.6880873931830845,7.553574100773372,5.535057672604423
440,0.9430793395016146,999,3,0.011070213022418117,0.9853972916799194,0.3689076052736752,0.8530357828148387,0.5690465028110012,7,0.6943952822346237,7.657604832084297,5.190903929954747
445,0.943233862749534,835,3,0.010882166071344818,0.9599089090532508,0.43345037069192005,0.8038000051815639,0.5664038996474666,7,0.535672601668739,7.173252951912152,5.683934196903881
446,0.9431535673085648,830,3,0.010905380568020746,0.9593247154350211,0.4397713053359907,0.8050398581149808,0.5567559129403242,7,0.5019257778149087,0.9425154862078416,5.466733327624848
444,0.9432079547662997,828,3,0.012625158615704603,0.985808964263023,0.4375008988705225,0.8049004297864357,0.5651249206603175,7,0.6861471090794502,7.428374601444601,5.691008215299844
447,0.9428190657626121,838,3,0.012568407986501981,0.960654910112423,0.43027127971558016,0.8015022953301866,0.4828245749880069,7,0.499990011639561,7.759412953228078,5.843404100676944
449,0.9433291206378602,837,3,0.012456261466363545,0.962234857079275,0.4414154780141037,0.8078809504247881,0.49115254231577,7,0.7093897280913858,7.681808454812956,6.270879207224205
453,0.9429385336567819,796,3,0.012583467154926658,0.9601114948270646,0.3218808101340752,0.8005933977139722,0.5573545068049359,7,0.4969363038435134,4.4167486261289275,4.029036512182607
454,0.9433271502744223,769,3,0.012831834388405917,0.9602287331491254,0.352745692304552,0.8901193994898429,0.5526669476343977,7,1.1699587898749315,4.383834834218066,4.681297406830977
455,0.9428583060514182,770,3,0.012664065224355694,0.9568604725572063,0.36330764159216705,0.8947546058402817,0.5506719941084288,7,1.1230307874740044,4.814155196899346,4.300064440792661
456,0.9431444366360445,808,3,0.012377327083960284,0.9568007505076003,0.32964865936080373,0.8913320725750662,0.5810720837936092,7,0.591813638885636,4.513367752421212,4.31045941490839
457,0.9427879427867406,798,3,0.012223926924169747,0.9458971600520929,0.3256859138389707,0.8871870692932611,0.5908943759554028,7,1.2071735484933406,4.546433985069057,4.247380124764965
458,0.9430824088018639,797,3,0.01200823425455312,0.948118453513493,0.3312229850498263,0.8203590271406583,0.5873570809467785,7,0.6062226424739735,4.3442759000081335,4.345957405661666
460,0.9429118659147642,769,3,0.014557678925362609,0.9444968544152478,0.3562662070172662,0.8899428789406734,0.5855896055020288,7,1.1095104461513383,4.583353738636858,4.439567498529554
461,0.9417177223525396,798,3,0.014320159654138144,0.20676615281320265,0.352897515261662,0.8210010049028394,0.5895339849951644,7,1.1425020532689247,0.34861911776328214,4.128974707886933
459,0.9432099741800988,977,3,0.011877643748797817,0.9451569683844246,0.3550975724383453,0.8277886405352817,0.5799378730439451,7,1.1719251953054957,4.594638936190945,4.3320871291647265
463,0.9429056887001513,747,3,0.014170576638126793,0.9465961886834826,0.35857064817440487,0.8292851760075816,0.5888277395599684,5,1.1762425940055081,4.894411760645686,4.365461300769655
462,0.9427997086116342,747,3,0.014033858892725024,0.9624332175817842,0.3536265013659499,0.8306649213566759,0.5843356435148223,6,1.0060768334533199,0.28211967322474724,2.046109490326033
452,0.9421947579858319,806,10,0.012212825853772936,0.9587668959336064,0.32264130461992047,0.8940702221851075,0.5793762120476481,7,1.1716280771943546,7.721410959631175,4.415662837778112
448,0.9409440708372372,805,10,0.012558617660706903,0.9645417842326669,0.4291582687183035,0.8926838366447001,0.5608697028018014,7,0.698112044140693,4.65813524157772,5.856213147125196
451,0.9414783545035735,997,10,0.012284379101655635,0.9595885581394715,0.3273211115642589,0.8105564144342279,0.5887744683557008,7,1.1846517877570406,7.554202887693037,4.291386396609318
464,0.9428836129068239,747,3,0.014586963337130233,0.9631079446898565,0.35473309687763355,0.8332354515122505,0.5463426675158288,5,1.110373041506078,3.342054354666124,2.2576398295942304
450,0.9414115479118813,1000,10,0.011811759732158835,0.9560512358599758,0.365639534926985,0.8059419664079931,0.5560861916745856,7,1.1349387673775986,7.185884072030135,4.243883285500843
473,0.9393879820520763,120,3,0.011163287647943682,0.9974018244259045,0.420132523171765,0.8772832519672015,0.5442076761492219,7,0.976475015901767,0.017687743479921046,9.881886069592875
465,0.9431436987933799,741,3,0.014154236119011015,0.9640177068961431,0.4246779645321107,0.832750056156031,0.5519031668146472,6,0.9306853328767061,3.031083634379166,7.930114650267448
466,0.9428416884152837,767,3,0.013325391013036989,0.9627098249464164,0.4259033973612594,0.8392681260343654,0.5485435902087941,7,0.967955279001848,2.9355849040435156,9.948102872343096
467,0.9431958330653828,745,3,0.013456760528932963,0.9994705673849232,0.3730147279163193,0.8728030247251872,0.5479675289012593,6,1.0066637645555543,3.198560597077326,8.467200317556442
468,0.9432801542886411,745,3,0.013298288097410573,0.9652450035552855,0.42158614910336417,0.9546870493765787,0.5476877071073886,6,0.9755055641015234,3.091629446447991,8.501039114371318
470,0.9430795847534196,776,3,0.01318658313979448,0.9879014588883414,0.42311194943950037,0.9497358034606046,0.5483289505481138,7,0.9961872855640659,3.1568252476519154,8.285271364939268
471,0.9425757874518865,773,3,0.013379538628370775,0.9995479349079014,0.4227096208603333,0.8725242455641334,0.5475484769875412,7,0.9558429103523302,3.2818589933166775,0.03788550364525839
472,0.943160233983163,768,3,0.013256381871346656,0.9984283071012372,0.37464741704977805,0.8724086005728197,0.5490423275433524,7,0.954351698884468,2.982515721341754,8.28226225859099
469,0.9427563449616294,999,3,0.013316042870371863,0.9995463109746594,0.42253521759693463,0.8748187604863645,0.5524049594694149,7,0.9810871541533044,7.864524639938089,8.701781740456797
475,0.94297660926042,778,3,0.013231141120754249,0.9985090685605065,0.4056270364712157,0.8435492899269813,0.5201887173705637,6,0.7602820551444692,3.1412286851396765,8.284258359693638
474,0.942878741788526,772,3,0.013396090736768758,0.9895087877544984,0.40501486335106923,0.868009346111559,0.5223208523514457,7,0.9570235795547909,3.120369937604996,8.511753591242845
476,0.9433462673917188,769,3,0.010295089397878364,0.9981386199711481,0.40669732031074535,0.9577403419621184,0.5215879761459729,7,0.7487494395005058,3.3505851281119927,8.326956752582694
478,0.9432421052974327,783,3,0.010427426571442263,0.9998431896223554,0.4478760658595773,0.8681490918519419,0.5180692080814088,7,0.7525747264815891,5.245841908716939,6.43011641983623
477,0.9432002382052511,845,3,0.01043828855739409,0.9985657487416307,0.407011889173995,0.8623836129877709,0.49448845508980005,7,0.7746436483481178,9.985206359986224,7.929734746693552
479,0.9431294355745736,767,3,0.013444459244668241,0.9879152170181233,0.44541749573486833,0.9417958644241642,0.4576737997778077,6,0.7592783122894451,5.646022643177954,8.324153051196905
481,0.9425057477108666,699,3,0.017571446288229663,0.9816878031847659,0.4525096456065927,0.8473259262708911,0.49191260303682954,6,0.8104102928420174,0.038728083200875424,6.255289329992224
480,0.9432405325550064,771,3,0.01151918411484956,0.9842590311618813,0.4063759319656268,0.9674158407404495,0.4572250922397241,5,0.7688325083952326,7.942624152428267,6.451811584140774
482,0.9432917776587628,823,3,0.011341249943682356,0.9742584187636659,0.4501153704458968,0.8513437202296382,0.5206582610718078,6,0.7349017576936321,5.522972025438049,6.3993808800817
485,0.9428464849144154,691,3,0.011549435276779737,0.971397554165781,0.4399205969129545,0.9380793147333947,0.4960229800276168,6,0.768519035772827,0.13964372586044704,6.235195754433355
484,0.9430627135164824,842,3,0.01179499088094416,0.9724004386001714,0.4521793318082711,0.9786000521255953,0.4948607880015058,6,0.7638335510772549,8.079042813114565,6.005180873012451
483,0.9430613787204882,844,3,0.011491066611840973,0.9731919648603395,0.4513990368503977,0.9763937154739597,0.5194936680888362,6,0.7554517724751294,5.807251048942123,5.858272969890693
487,0.9431830872768936,695,3,0.011444890078380156,0.9719557256122898,0.4573625095837464,0.9731012084440459,0.48626081975505714,6,0.7597728625505269,5.733586506109193,6.084820580322689
486,0.9431585422675205,846,3,0.010616270656629899,0.9718090111532937,0.451377727559208,0.9484944573011387,0.49543251521773846,6,0.7557803742730638,0.03702451046642861,6.552232487854562
488,0.9429620913971866,702,3,0.011642307496826654,0.9725800481062831,0.4575448932469702,0.9707450731752313,0.47810500621924057,5,0.5778375644865709,5.651185369984709,6.444628591484395
489,0.943195600337074,699,3,0.011486988459417573,0.9712391471179709,0.4508334002046923,0.927036304553549,0.48848082341568877,5,0.6068662846561131,5.794741028214225,6.462422010709621
490,0.942855302499525,819,3,0.011261112155741222,0.9711494795732295,0.40490076395756847,0.93532457378225,0.48452128770158076,5,0.6311380817709078,0.15503193332520435,6.549186707212108
491,0.9431840077538812,817,3,0.011482371126501899,0.9703496225612579,0.44899962075685323,0.9985449576955073,0.48469363272126675,7,0.5977421418628347,5.751472888545017,6.63581421402204
492,0.9433782482270956,816,3,0.011188103560257913,0.9702808516979484,0.44302790751665183,0.97377870280423,0.49634252920658395,6,0.5980234584083914,5.903556969503472,6.166185994259836
494,0.936531392867656,811,3,0.07999675589701223,0.9431480528324615,0.42932445799398544,0.9505489327501577,0.5226848233405007,6,0.6259128178093729,5.7999261147128855,9.977188475636153
496,0.9432202137038651,821,3,0.010009894662556276,0.9455078471660129,0.4315027267511713,0.9396878661049695,0.535751661922568,5,0.6087019148954789,3.9808755287540434,9.577567625045027
497,0.9431846594975077,812,3,0.010165489560855478,0.9437346891463163,0.4217428007916537,0.9253796422899371,0.5320445714878347,6,0.6263363718525367,3.856018877659668,7.9760913614701305
498,0.9430121665976519,822,3,0.010586589950894499,0.9445087705008066,0.4286232367260441,0.9910181403546802,0.5291454195209666,6,0.6370375304435116,3.7555998200776983,9.434252610484759
493,0.9431201295731034,818,3,0.010223015685028708,0.9456438045100702,0.4306545297782233,0.9851951591261623,0.5248433506663047,6,0.6355580498196641,5.82275208324587,9.80659383871348
495,0.9430882311840779,826,3,0.010292299132157246,0.9462107294351878,0.4332310735035879,0.947238120167711,0.5313873616062927,6,0.6463465601180823,3.886124164997929,9.741663327713743
499,0.942959604439521,824,3,0.009994092159857321,0.9466722587739292,0.42878734122779827,0.8172189444922952,0.5305621444465229,6,0.6300228686971984,7.459797063309203,8.342516389580453
500,0.9300654041688172,817,3,0.2707811894804814,0.9488340023875599,0.4306113160102322,0.9903016533766565,0.5271638628007455,6,0.6283856597061379,3.8070599409003467,9.2907358062799
501,0.9430906920511261,823,3,0.010044719989509331,0.9392415916616638,0.4277450877761878,0.9930279123538361,0.5299750324935816,6,0.6428875311489989,3.8703572137273983,9.895408412675522
502,0.9432728964006489,821,3,0.009930904830983495,0.940824790549519,0.42297516349989367,0.9706674849774477,0.5264892870908361,6,0.6676108081728948,3.639739493332852,9.696539198858797
503,0.943026447558078,825,3,0.010138959671676774,0.9565847624009177,0.40555658232594644,0.9180060461298587,0.5047753949597303,6,0.4959093420171846,9.81831208765539,8.436607613003398
509,0.9403406032021369,796,3,0.0472738302995983,0.9842210592663877,0.38619004875472907,0.9563662696572762,0.5091915837790025,6,0.864476542942415,8.158275380028805,3.272661005971294
506,0.9424550901678176,797,3,0.009946658275517566,0.833871557697817,0.22776142732421728,0.9895826339031377,0.5111451314282132,6,0.4993182512391695,9.860973537763682,3.3315053807075405
505,0.9430792967130017,793,3,0.010391786220190652,0.9472561278973267,0.4074783256730057,0.9900383350539572,0.512440137902229,6,0.8766023822072061,9.762740265275177,3.3864202856713894
504,0.9432357110088818,825,3,0.010192163073586072,0.9453120589501817,0.4097523056779454,0.9845504877134501,0.5047588879364654,6,0.8648660900919738,9.674094584856288,3.316327012149095
510,0.9429153004836595,795,3,0.010703343953663595,0.9833604919301658,0.40840720142904047,0.9654004977299023,0.5067741940343004,6,0.8176124497899074,9.88229853075117,3.5881185095137687
508,0.9424539640967637,797,3,0.01462281767605809,0.9834068082642548,0.4033947560624343,0.9691304854592978,0.5107826903228568,6,4.615007802943403,0.011659848735604227,3.361362261048974
507,0.9428432319362183,790,3,0.014779629817966981,0.9844784935861958,0.40138422778261706,0.9646747253938964,0.5053587294300833,6,0.8760522855117767,7.864166724532452,3.2260613311167052
511,0.9428559025837288,794,3,0.01579818997255805,0.9845826485364774,0.4017476365673063,0.9529459902457982,0.5113826566418828,7,0.8552770182092333,8.384504789052842,3.1769335855691225
512,0.943132400512353,791,3,0.015167212929982634,0.9854479089849324,0.40195810396279985,0.9641220325995803,0.5115833987399269,7,4.621908717138307,8.121604483067285,3.352396017124325
513,0.9401292723307979,792,3,0.050716399430827765,0.9850521227925939,0.3794719453577882,0.8399134981019484,0.47188432325425395,7,0.872834381631408,7.515803171524425,3.2759709084689237
515,0.943193700940116,789,3,0.014405143560802695,0.9848937860955642,0.3810510656089015,0.8534684652280011,0.4704020068403254,7,0.844652715265292,6.747325061726506,5.0040788099579645
514,0.9429442203677846,794,3,0.012407835704665325,0.8350439242906473,0.403471581043438,0.963413705652393,0.5106204559479507,7,0.8801108242520567,6.845650359872482,4.811517206788927
516,0.9428938049456665,848,3,0.01517720613975904,0.9821725142347332,0.37563726286830146,0.9040799817517954,0.4689340784412435,7,0.8680355750091108,7.086090184664227,4.889522310748369
517,0.9431218254632446,849,3,0.014956289511552392,0.9817596171575788,0.3793430973997886,0.8471322696663349,0.46977078193691574,7,0.8716196207521165,7.05609783541631,4.585481863743317
518,0.9430237936204598,846,3,0.01516679582605368,0.9840813690309026,0.38275990168722807,0.8495326415848605,0.5649327703934331,7,4.905838651564501,6.870541772564845,4.78230142249907
519,0.9427620598504991,848,3,0.015010351070693453,0.9998603443671126,0.37633204331660963,0.8373956354702264,0.4690782157316884,7,0.5117853837541317,6.865035998421502,4.872487542386239
520,0.9431223629299664,849,3,0.012591386820339806,0.9657183182024603,0.3747972396901961,0.8495390250892432,0.5638388967210616,7,0.7036325626479298,6.556370666728735,4.8837773190439195
521,0.9431713851131069,847,3,0.011844327958460974,0.9645798764144558,0.3765229748424414,0.8463939417968009,0.4716989526121128,7,0.7089080870179861,6.872183630576552,5.078662648836597
522,0.9433054428806145,853,3,0.012241891382545975,0.9618967511346144,0.3816514911602469,0.8491077126320371,0.47243252096439853,7,0.7187107287180305,6.557386656650045,4.9367606628562015
523,0.9431913945295239,846,3,0.012268299971124693,0.9596685480731592,0.34226146223676246,0.858781613320633,0.5617527946742791,7,0.4903455702920025,6.566714461794354,5.06197596970921
524,0.9430951044963672,846,3,0.012231817106932804,0.963223471565002,0.3385238290591739,0.9012151552052511,0.5638560873492345,7,0.7188948996922689,6.440590396016002,4.8976714114585445
528,0.9429007053921981,737,4,0.012098422649121775,0.9653612351635602,0.34064964083702026,0.8914291145066882,0.5429658063498544,7,0.6928354319034176,4.965635959243652,6.731667357617302
526,0.9426060149977638,843,4,0.011928802331050122,0.9636874047845649,0.3400701176858273,0.8853568070906931,0.5596436638660868,7,0.4874020699554289,5.0350565488262635,7.390578554754676
525,0.9429535128021339,847,4,0.012467662644868368,0.9613772010261352,0.37629189033052945,0.907040646896721,0.5640072002729959,7,0.703726614322882,6.379044301987233,5.143123413386522
531,0.9429754310081313,735,3,0.012137329036611518,0.9610999382807859,0.41474753922041724,0.8897161994018148,0.5507254597442591,7,0.5260833654978279,4.923378697904661,7.077403290073564
527,0.9424727660394001,843,4,0.011988435940879916,0.9639739307217497,0.3675761719728364,0.8843849373432515,0.5601296252925339,7,0.5063794670659304,5.045572642012359,7.1294304772875154
529,0.9434112946032934,730,4,0.012189955642828173,0.9648658322402047,0.33701772840244176,0.8825196551586192,0.5420234407503047,7,0.718355378004178,1.9245133406973085,7.144666089824674
530,0.9427199777716287,734,4,0.01178987909501668,0.9632595974521134,0.35237714904448975,0.8865011134554875,0.5472021410168084,7,0.6998558327442999,4.8266710426770505,7.37282721627185
532,0.9431185630924253,729,4,0.012672789564359927,0.9631291496660436,0.4179782716055906,0.7955918651456203,0.4542702126099205,7,0.496747226904835,4.747301840464095,2.2554086348615243
533,0.9432509281006659,742,3,0.011103775476740099,0.961012703214413,0.41518968116196386,0.7954437401970386,0.4280366885282982,7,0.7082194565960577,5.177209953531569,7.329281654091004
535,0.9431435422496746,722,3,0.010831301570389022,0.9637487122097546,0.44406985826011475,0.793062811638481,0.42604076173225397,7,0.5335979454362265,5.005819549372086,7.82812764429971
534,0.943369002755858,726,4,0.01098480528372719,0.9997791577860652,0.4418506815628282,0.7960900844586011,0.5451805244320731,7,0.5166194908908393,4.86916994636843,7.261729926278583
536,0.9432612151093563,722,3,0.010944642604819282,0.9608294030101483,0.42007179896588864,0.7962281392656518,0.44659325718808207,7,0.7558908278148345,4.584297360805594,7.247494001350297
538,0.9432415417400936,723,3,0.010866215830950246,0.9979344479378643,0.3942078680019317,0.8229965196888464,0.5418151982166067,7,0.7271089719423969,4.478829502499739,7.386545958074585
537,0.9429762460790236,720,3,0.011021263697119307,0.9994004982875615,0.44455613828032037,0.8245008006048007,0.5392180609857695,4,0.5133348202899728,4.773466867748747,7.474736047488141
539,0.9430051242181607,716,3,0.011160410298813025,0.9702407126611188,0.4404788600475583,0.8219245903330444,0.5371339910878231,7,0.7372190216392145,4.824692265320267,2.426346130512767
540,0.9428560205133202,751,4,0.011048582969502696,0.9375773683621403,0.397831794164459,0.820520873208425,0.45167709154360164,7,0.7260905416569866,1.9573391116285301,2.0357067516289526
542,0.9431994158289856,760,4,0.011030918163966999,0.9995968511232327,0.394587682333249,0.8242254044560395,0.4099157958638627,7,0.5639137849527178,9.814257824894375,6.449732582699835
543,0.9432150159310355,718,4,0.011020038798396106,0.99684067992756,0.31993076912490825,0.8250980082982765,0.6038750810628788,7,4.341780935958371,8.380754674335924,0.40793624883159585
541,0.9426357718688999,763,5,0.01080931880810041,0.9996337734322467,0.31136208308122687,0.8616441388763751,0.49375898118233436,7,0.5421003320111584,8.24323661607747,2.5444520470455707
545,0.9427177151932741,713,4,0.010813785958457486,0.996743545813821,0.3047878166142167,0.8178315355312427,0.6025795123790848,7,0.5858403450098478,0.007452061782268872,2.33891871710877
546,0.9402236316582553,720,4,0.032617417978583335,0.99247142949022,0.29381489832052343,0.8276597049079015,0.6004141257114871,7,0.5613905493259643,8.137817292907691,3.9310297500037175
544,0.9429880734777747,810,4,0.01084840356325469,0.9984008922800133,0.3108399597015955,0.8201551767318355,0.6072488077407366,7,0.7701916151619836,7.978680505552778,6.173013459974525
547,0.9430011490516698,753,4,0.009487311017978277,0.9958034850221763,0.32418583271147655,0.8157876653626398,0.6034496495840983,7,0.527355379967649,7.932338667797501,0.4111442390893494
548,0.9428705978631617,757,4,0.013449076134906694,0.9879957151192188,0.31248458653294586,0.8175839315684585,0.5960643387568461,7,0.5872241345769982,7.991962851819045,3.9137491140541187
549,0.9430326435579353,763,4,0.009399710835563629,0.9967216042043657,0.2934403268632457,0.8175213704089258,0.6010240134733096,7,0.579509192693808,8.154138058293903,4.128192177721581
552,0.9432470176389064,761,3,0.009824655211081544,0.9849221449389595,0.3617420684242907,0.8621636575471795,0.5769664515992445,7,0.6192524866911511,8.067479014657835,5.751795502960818
551,0.9431101921786883,767,4,0.009536846008309736,0.9998967771638527,0.2986341367076518,0.8696525684101757,0.572999361248782,7,0.5930833251950548,8.218983958927687,3.884484555241646
550,0.9430767617485998,755,4,0.009280498528760398,0.9828699706121851,0.3629442889753822,0.8688590390005,0.6000250409194501,7,0.5307256546103802,8.31930423528646,4.1200054676713105
554,0.9430822533017833,757,4,0.009355912357358222,0.9804125000559741,0.2891644405542341,0.880671202471664,0.5732993425935536,7,0.452966643832836,7.487549556430366,3.9346047968320095
553,0.942841953495958,756,4,0.009795616936570066,0.9838366281505533,0.30015032331771374,0.8094069253865529,0.5407530491123023,7,0.60156020138421,8.121900579045757,4.191731330256077
555,0.9429926821244601,775,4,0.0095314148404265,0.9811722896778348,0.3608327922843082,0.8792161236518384,0.579103697414648,7,0.4654319796267334,3.755800252050287,5.684113605405008
557,0.9425806893571131,778,4,0.013115997376078816,0.9796748562920216,0.36012876973990543,0.8738496406416546,0.5743106677655522,7,0.4406070575064018,3.7946979459245407,4.035010966344989
559,0.9429767177973891,782,4,0.013068939585302758,0.9775640968587225,0.3607828646688636,0.8751663179568864,0.5403036806007483,7,0.4521989074702438,3.8627718241515705,5.674010537421046
567,0.9403938364109512,193,3,0.014110480655556685,0.9360773298286302,0.46305316890775816,0.9173237017117857,0.4867493112517923,7,0.8122531946506638,5.929185631644974,7.705011549188598
556,0.9422725591637627,754,6,0.009884387388848906,0.9793137366341491,0.360343665294142,0.8787441719768596,0.5757055576681753,7,0.4441973199391172,3.8139702561405016,4.12552258014892
560,0.942001503737961,828,4,0.020550687517157634,0.9189351142143332,0.35991273094857135,0.9105751938788654,0.5747127010233136,7,0.43463806337182737,9.982029397356238,5.670067662602226
561,0.9427169752633603,809,4,0.013135829680302899,0.9195837891935548,0.3618742545355934,0.9136596074915564,0.5391481120660088,7,0.8240642617037383,0.08020965620727857,5.745385591708472
558,0.9417522005818292,782,6,0.009524414125487154,0.9182244547697175,0.35968768573421267,0.8756197455573683,0.8613095606788881,7,0.45600311571067353,1.0532043848138335,5.273337755928776
565,0.943141052161135,833,3,0.013422039192435882,0.9235712222301843,0.38777743442212953,0.9093681600466909,0.5416135620595499,7,0.8145281427884439,5.866773858826022,5.660252844804176
562,0.9419851877093655,781,5,0.013303451391025936,0.9353191252771321,0.3892789239248716,0.8803147454121045,0.5415181911295932,7,0.454943315826036,3.691643045600929,5.757749258543383
568,0.9430312555370813,685,3,0.012896499337654622,0.9194526712746278,0.3927451026843419,0.9120766099957246,0.5244648165242187,7,0.6922274696040253,5.987607705453549,9.900081536865772
563,0.9418392200967552,832,5,0.013577837028452793,0.9225840235716156,0.3896555722584776,0.900988934500411,0.5406277975122624,7,0.8198785984125642,9.983932388148935,0.006362419225995255
566,0.9425352948134378,687,6,0.013816046726780011,0.317545077335201,0.3931356939801669,0.9083093083716299,0.4855399238399477,7,0.812936855467794,5.351340257444106,5.8117646213011005
569,0.9425694912640576,809,3,0.012825878488504512,0.9147467523936209,0.3891692859865532,0.9039221543772614,0.5215351924716317,7,0.6796470751123735,6.144130176098115,9.87766513593583
564,0.9422204802038692,690,6,0.013855216545891242,0.9353558735550715,0.34123945513135234,0.9099426191261083,0.5444527812027707,7,0.8023665975469803,3.716979328972806,6.196465466437725
570,0.942224361444137,811,3,0.013077858627211973,0.3176519162440779,0.38560736883585456,0.9028672564792465,0.8715780104935797,7,0.6856034832773932,6.066376582312157,0.005653911354310818
573,0.9361998573031072,803,5,0.17133397908613154,0.9490483679868433,0.339787716935062,0.8407789652432919,0.8787473474035078,7,0.6705384550234659,6.139435450242148,9.927275152944134
572,0.9431007118918927,833,3,0.012040111023571736,0.9507209870133881,0.3916469612598846,0.8991626729661883,0.5236461277471426,7,0.6754211834738397,6.022529376055244,8.158225234965839
571,0.9425024055027574,689,5,0.013932270245933695,0.837406452521806,0.38791493215582074,0.8352145805743526,0.5001421384292207,7,0.6488876336813787,5.819804663549545,7.666057815265206
574,0.9424106620206164,691,3,0.011807053934938127,0.8341051729342335,0.3357062382823506,0.8399766859365126,0.5184647134996482,7,0.6894341186336677,6.361417654526258,8.11933334144179
577,0.9431248937198694,810,3,0.012178716872749353,0.8432453800221245,0.33100352709922637,0.8398507361013604,0.5228865591202907,7,0.6952781987633635,5.32944094946159,9.987114116565268
576,0.9432062233929187,806,3,0.011802767345518416,0.8339134262019502,0.4697277306759475,0.79542398411782,0.5582282653518534,7,0.6795654730746011,6.114946708936422,7.574846510116571
579,0.9357650686413883,860,3,0.17247616093321522,0.950160051428993,0.4046988156773977,0.8368674173003877,0.4968601597018679,7,0.9612498411298253,6.267339270075839,8.11331992591626
578,0.9426702292256953,805,3,0.017056988478624028,0.9520101198661782,0.3378249418028445,0.8368109739366738,0.561737135622082,7,0.6705876997909919,6.361779393064548,7.920409047978056
580,0.9412551169180059,738,3,0.01694992745596518,0.3800807605451162,0.4094177942795518,0.8558481347326222,0.5020674461358143,7,0.9188481997999045,1.974720291306851,8.150639745666673
583,0.9426031053720937,490,3,0.011548839561727663,0.8158399805681096,0.416243956332567,0.7905161551075155,0.5601362048159951,7,0.8927485102718657,1.7959059125124412,2.8053457784320845
575,0.9299502297466729,807,5,0.15309123421763352,0.27745928509058804,0.6534910713064206,0.7965332203720042,0.4929840950675469,7,0.6967299842139697,5.847291792686085,8.118137236484031
582,0.9420628333872157,572,3,0.010419804546680431,0.2575929251926904,0.46861219270748444,0.8355551066510788,0.5556155389796769,7,0.9089494103585746,2.823769298944921,7.642670355431763
581,0.941621439624756,859,3,0.012097467029988793,0.8234837562673886,0.46603455054900145,0.2077515753905097,0.49573890456616304,7,0.9397828843786058,9.919447146948471,7.732707833900215
585,0.9431613224837274,564,3,0.01694717946745253,0.9562258296624536,0.4630914234613965,0.7852655645931197,0.566757819892611,7,0.9375151959911747,9.797949239270636,2.9383286362864607
584,0.9416274018526801,866,3,0.016579602912720457,0.24023234951699962,0.4147395165940394,0.7932009894666888,0.5614351564884965,7,0.9186659712807188,2.736149439673173,3.017569726267973
588,0.9429982644729925,735,3,0.010203821735746927,0.862734292481368,0.43596401489847497,0.8524064060455708,0.5613538835094631,7,0.8041003278748927,2.0822281274504038,2.7590989608703524
587,0.9428841441117974,736,3,0.016353948908206014,0.9711202612046933,0.41282381735779383,0.8611515000128146,0.5561792280977756,7,0.9010048682992283,2.720121398728262,4.9202758651370315
589,0.9426734957710134,828,3,0.011637937708247203,0.9694572196015021,0.26676582164760787,0.8592645852320361,0.5553047868762973,7,0.9120318692905975,0.021410403402954463,1.4469969826993672
590,0.9434769344225685,862,3,0.010422232309751119,0.9689275989035117,0.4432575528418333,0.8584645401533302,0.5524158250326155,7,0.7900536203194652,9.879075044137176,1.5733443105949672
591,0.9430215748743429,857,3,0.010423452731125245,0.9704880448767157,0.43964004204786244,0.8584127120195129,0.5303199164837907,7,0.8216311356421502,2.761010825326017,4.738465367941865
592,0.9430695064696696,855,3,0.010454847388301092,0.9738392723744463,0.4421826466289065,0.8542064865650966,0.5323884454961963,7,0.7832241944122594,4.1904108334972525,4.712434937489644
586,0.9429824994782399,868,3,0.010314417511391437,0.9528034525468938,0.6517268990605596,0.8610910116428087,0.8392899328959815,7,0.9219410423222337,9.830220602032092,2.7503923842989866
593,0.9431206472109558,830,3,0.008632464010753018,0.8662327673986262,0.4396983238659458,0.85106337157395,0.5530739932109331,7,0.7932193607966516,4.152750747297397,4.75816474916806
594,0.9431251139246815,830,3,0.00854066388474086,0.9694130037725688,0.4460484797531925,0.8620072535111746,0.5286725427549841,7,0.8004646009700108,4.517452287548207,4.764137810594261
596,0.9433539453386535,829,3,0.010357335945346342,0.9691570136950303,0.5983876461343305,0.8612014125108768,0.4790054745642888,7,0.5781963971949131,4.215211463977542,4.937661440829004
595,0.942878582635759,737,3,0.01026213224414037,0.9674957866883865,0.4352096213268577,0.8594386125634587,0.8361781590403948,7,0.7977401297224213,4.362123662404459,5.010737234717109
598,0.9431513840456877,834,3,0.008565146497843639,0.9713853129043782,0.4231176384535402,0.8053179769055316,0.523872239427245,8,0.5684810312898673,4.245124696585418,4.745054915437309
599,0.9431939409737975,858,3,0.008734303634077154,0.9742947562924597,0.4427042066137548,0.8063525615948297,0.5875265041965907,8,0.5964395519678578,4.393397164743378,1.5691807921775263
602,0.9430605646932204,837,3,0.008608772627146483,0.9809529907105863,0.4491414048182984,0.8105295211472701,0.5832175231570053,8,0.5807067810078643,4.351454457408607,0.6814877662642238
600,0.9432622691703056,874,3,0.008916967790540036,0.979270002847805,0.4471816366220587,0.8582900491164769,0.5836462871368802,8,0.5825669497223924,4.295329858924231,1.7589826856710287
601,0.9431899981596722,880,3,0.0085338531039862,0.9818292245561187,0.4421263901493559,0.8463834663876445,0.5865266238475207,8,3.2161531563730144,4.54159350511696,0.7467107603835222
603,0.9435291417483006,877,3,0.00857095383622342,0.9998057347392713,0.4534602283650627,0.808542491840032,0.5770754826634477,8,0.5787277038770959,7.288036889585432,1.437080419283693
604,0.9434102843745817,840,3,0.009242059797197211,0.9848351566167902,0.43034227759436255,0.8142012770821566,0.5847427452184448,8,0.5690164384550852,1.285893956937013,0.8459597087942123
605,0.9432129422487521,874,3,0.008891076885466824,0.9734989589044479,0.6209453750717867,0.8863604331854092,0.45609972169178803,8,3.2207099949015014,3.364024219913697,1.728749128810904
607,0.9430137988266862,867,3,0.008920214615389336,0.9392862834363778,0.6123305386964122,0.8882723578137514,0.4583278493212614,8,0.5676563131515091,3.433388320952507,6.412397536465174
606,0.9431257912371134,882,3,0.008866945771576457,0.9401755015133983,0.6186145914931449,0.8840979380385344,0.46514494106796184,8,0.5784967271524689,3.3565902776524843,6.359550405684676
608,0.9432351057065544,867,3,0.009797001978582163,0.943681924708964,0.5802994451155801,0.8829309706735035,0.4546644135207752,7,0.5703937014968639,7.7746481010708735,0.9663314258364254
610,0.9430456700814693,870,3,0.009538730466644224,0.9388782731630594,0.5808327387803688,0.8870009261123255,0.44641677050647033,7,3.388739424731643,7.681440205605844,0.9310933618794437
611,0.9430288499821424,853,3,0.009561712078084145,0.9395243619470367,0.6007921223690552,0.8870402605054162,0.4444736583826919,7,1.0767429057874365,3.304123412905201,1.315387334487891
597,0.9414585590302205,833,7,0.010437211004617182,0.9728386556507465,0.4399847778575441,0.8590544180623307,0.5306505644806065,7,0.6085981524918289,4.373869690529104,4.646668640406375
609,0.9430014454410852,971,3,0.00972550013299708,0.9385571731255471,0.6060520607825446,0.8899256825696201,0.43841009827330096,7,0.5699632489241192,3.4229749138161125,6.663926135887615
612,0.9432852456117512,869,3,0.009753997093110816,0.9399547407483884,0.6196291836705657,0.8894121952260297,0.4785265148268664,8,0.5605285222402968,6.865870277328284,1.002277476662487
613,0.9433178098333366,875,3,0.009308901151598584,0.9847279659439342,0.47282684965807653,0.7766775380602691,0.6508526380303292,8,0.43443230401165683,2.3152096521734795,9.898105696727269
614,0.9429387841267104,850,3,0.009553728579129436,0.9886027408856469,0.4625539107922119,0.8039840117605165,0.6178585938147549,8,0.43955829068853086,1.5861814266595253,0.8191240861211786
615,0.9427946439009538,843,3,0.009630339401243715,0.9991481317401626,0.45949741793139776,0.807501487907383,0.6499029741895087,8,0.4654222791354639,2.149420288107125,0.9718272555287681
617,0.9430993405690339,842,3,0.009590399305979573,0.988124274938459,0.6020627718740587,0.7601696588201461,0.24448819858884518,8,0.3919330411042578,1.0052473477784516,1.3015094288387155
619,0.9430857045686738,838,3,0.01064229883944001,0.9999965484621551,0.4593100168559189,0.7710159019669999,0.5741125895133503,8,0.41324313944543506,1.6980824724542236,0.7324096889349265
618,0.9431527386705512,838,3,0.009511742655258292,0.9849949961039659,0.6020455610517575,0.7734930999008763,0.6555834543219867,8,0.41091114999543615,1.1793540036340668,1.6641570311256444
616,0.9430765091914219,842,3,0.009609214573909201,0.9972072790842312,0.595214679297829,0.7717768125947159,0.622197579294782,8,0.4735535017609367,1.0244906615320488,1.4978390300776554
621,0.9430806429888676,819,3,0.010739134996548563,0.9997701591488971,0.45791615063771773,0.7883929696836812,0.6424072773639693,8,0.41411788833970364,1.364056806497926,1.2928696125660657
622,0.9431798249060742,819,3,0.010793153576729003,0.9975838837403013,0.4610967365237339,0.7829777901959123,0.6470852112008096,8,0.4127796025692734,0.7973226370175814,0.5424399068494536
620,0.943312536397716,821,3,0.009705953478923838,0.9989806497725133,0.4226727594525479,0.7773666912676717,0.5738554065263421,8,0.4897760993581015,1.5596400358318927,1.1008448855207429
623,0.9431360657223073,846,3,0.009319286718807898,0.9976478577744569,0.46551970398067455,0.7738441582353323,0.6516181862879142,8,0.3955791604918576,2.622216349331459,1.9865979459522216
627,0.9433273830027309,886,3,0.008254528402267767,0.9861122661902136,0.418654729766374,0.7816943625196147,0.5421854404420332,8,0.4873257934490055,1.2292148277863613,1.1100564556207961
624,0.9430448758830708,889,4,0.007994275953854038,0.987718713539736,0.4672341328993362,0.7877785882007519,0.6514661185635917,8,0.44549030164758935,1.1062097898122871,2.0997669956940976
625,0.942645474447757,881,4,0.008163168058551063,0.9998898219853409,0.46578169075205367,0.7852675635622741,0.6551359665751398,7,0.37325975425656605,1.5149790375717933,1.1171079927902234
626,0.9427392002950201,893,4,0.00799536535836495,0.9860577044347136,0.4760777402414023,0.7697721726121797,0.6195865169245292,8,0.4197594309774778,2.10600666486719,1.1447209529225792
630,0.9428477090861911,818,4,0.010728511223796231,0.9854283942928762,0.4686518927065569,0.7887291520327885,0.6388568462273152,8,0.5169536764787552,2.384908627173566,1.90473617816719
628,0.9429161249471744,891,4,0.008054118250176422,0.986650142630091,0.4708937152868304,0.7850064238226072,0.6302384726976947,8,0.4822664654990001,1.3994820497671925,0.8975469378551274
631,0.9426983089919352,884,4,0.008282995767455675,0.9849600742204726,0.4314851388928827,0.7985456276315488,0.649898865933647,8,0.5166360736758961,2.521755531087635,1.1788158044085755
633,0.9433751716214733,874,3,0.008013945842791028,0.9997105243527324,0.4252441234526766,0.7915125847475472,0.6149085996600641,8,0.5252187708942632,2.5110470189128398,1.2129918096482102
629,0.9428873146436431,894,4,0.00809824809597662,0.9851211756983127,0.46267946970307466,0.7977738725497345,0.6368301089893663,8,0.5061134514926394,2.4550598209955408,1.0250931605009395
632,0.9427244403108557,901,4,0.007678271461275611,0.9879704659350136,0.42748674673700426,0.7531410744809339,0.6135316822911364,8,0.4978167374172292,1.6766227316596138,1.2665698418940068
634,0.9432219810822986,886,3,0.00796084346783363,0.9854778851410644,0.4730318372627921,0.8046022210351026,0.6805814825268856,8,0.5095597146170363,1.4881972101325585,1.1746237394817807
636,0.9429808275914668,868,3,0.008374050724720514,0.980693798342382,0.4267048438106682,0.7988165243215529,0.6827287992714066,8,0.53316780010389,1.3307039043078823,0.6535609549843585
638,0.9429398100097928,871,3,0.007919440975220468,0.9693434439604489,0.4282845823582011,0.8088064317450062,0.5479126207682715,8,0.5192135993739011,0.7620628282236233,0.5797395624671615
637,0.9427689728205271,897,3,0.0075546569412834105,0.9795572760567145,0.4215341364155776,0.8106368102000018,0.5478943041800659,8,0.5152017722626117,1.1697274831408198,9.94943540657679
635,0.942991693811867,875,4,0.007917774404817585,0.9818907961655584,0.6358284426573602,0.7559209823325633,0.630861293858118,8,0.5475973833898611,2.105170833554215,0.49581207090614765
639,0.9434272004873812,892,3,0.00875953180784484,0.968878553988027,0.4264129688477695,0.8006544795989731,0.5478649023969601,8,0.6155462589681818,2.259939078506056,0.4912602036352488
640,0.9430625799325204,874,3,0.008853820190020565,0.9593816004092022,0.4261940578220796,0.752087760083175,0.5467152364032324,8,0.6350600402525747,1.5805970937113698,1.43691581452528
641,0.943061472124899,885,3,0.007841389691252936,0.9632812865321432,0.4253578381872981,0.8108929495980057,0.6001368976622978,8,0.6284615927958341,1.8444831682294567,0.5197951481018581
643,0.9430843468129361,883,3,0.008848136607498275,0.9656238916763822,0.4258445635866978,0.8125721504607207,0.5986399506379634,8,0.3252530521200819,0.5443532208024499,0.6236504405188631
642,0.9429461949057213,900,3,0.007536099452665937,0.9768194969297261,0.6700804461693979,0.7515853756004185,0.676184714502145,8,0.6321398273994887,0.624964077908722,0.7654967886850861
644,0.9429267073016554,879,3,0.00727105259755418,0.963900612317029,0.42257910291799855,0.8183490020652024,0.5993955441734382,8,2.6812313321521737,1.3616496577613866,0.6060318811379792
645,0.942922183188571,869,3,0.007491243631142462,0.9628263296544697,0.4215766997951298,0.7497962089446886,0.6071280767905037,8,0.630632208479269,2.3407854333797355,0.5945175280553269
647,0.9431278701375202,859,3,0.00874957877208089,0.9598735837814749,0.4416969091036155,0.7641858020389471,0.598401098171446,8,0.6704932380102934,2.4121276100089717,0.8020070843199929
646,0.9429896243040824,898,3,0.007202864335385686,0.9615508443767399,0.41897643058597717,0.7545084991226321,0.5988204731130734,8,0.3177506578780191,1.9614636983648814,0.7767954899083127
652,0.9395360301305304,436,3,0.06680051587004268,0.9998402911632271,0.4095123493386681,0.8278763760546788,0.5915890234594781,8,0.6706535197431535,0.8753725426989758,0.21164288132370093
648,0.9429979701708266,853,3,0.008897182917165564,0.9620269923210346,0.4478761998996144,0.8236451315507989,0.6035309481296589,8,0.6191180281587484,3.1011643865858365,1.5464861312940648
650,0.9429130191200603,857,3,0.006645779208934612,0.9584615708229463,0.4118594772111765,0.82534685674287,0.6060614168481242,8,0.6943446654759662,2.709527201761479,0.475659305391478
649,0.9430085974011699,898,3,0.009111185974081915,0.9564732098692259,0.4162970713950959,0.8221827927878267,0.6019377268678692,8,0.6517529578662241,1.8415071730905694,0.4445552393096762
651,0.9425913291109529,862,3,0.008725249091955491,0.9999485664970248,0.41369156104608,0.8288981873568706,0.5927447453703234,8,0.6688883225375863,0.004707268355666959,0.2920378583930895
659,0.9384445322758994,291,3,0.12010536393663386,0.9988987801107679,0.4041485814609198,0.8354906481386448,0.5711944425608172,7,0.6949723454634954,0.44739530156735446,1.4876025793663856
653,0.9431397507611312,853,3,0.008890928477106522,0.9573352868896566,0.41117015799926504,0.8292719100934801,0.5862810453881849,8,0.6360434324564761,2.117556700607122,0.30206500664013186
654,0.942993817588136,852,3,0.008830579540047904,0.953322518519011,0.40833249690074197,0.8336253043535556,0.5731853528017707,8,0.6527726494114211,1.9548422250333803,0.32010533182803275
655,0.9429627687096185,851,3,0.009066152187125153,0.9572994806143121,0.4027563444640143,0.8284882273125201,0.5886933569734205,8,0.6690218967720948,5.214593005357162,0.44916457351515837
656,0.9427817081727691,855,3,0.008843714796141081,0.9986194416592461,0.4077817382767611,0.8269084390831817,0.5811743892965248,8,0.6417884392932958,1.8857774063123756,1.419513868548499
657,0.9432046329088724,859,3,0.00852169273969001,0.9982482473821017,0.41238359019560716,0.8236953893944119,0.5817238506620148,8,0.6504765054160897,2.949024515939421,0.25076457943032
661,0.9428267958907821,787,3,0.010283396841681188,0.9991208806590334,0.44154504723006316,0.8000448178776791,0.5750216874849081,7,0.7255252375391451,0.05342323983054468,1.018209869948971
660,0.9430770435272695,854,3,0.008917283068066661,0.9780794017637988,0.44015814697791933,0.8361029728778387,0.5720519282967016,7,0.6295315379671943,2.245602975412074,0.8833964080369007
662,0.9431492957526583,787,3,0.01033702881494713,0.972987415740016,0.44545649847229174,0.7942661816335804,0.5732914960798693,7,0.7430833518871242,3.2853330013287376,0.3695279514424081
658,0.9425919625911472,853,3,0.006674168367549352,0.9556935943188442,0.4500218357498125,0.8206257813217298,0.582427424852612,4,0.6711544732243255,3.083471490501201,1.5765410062655887
663,0.9431913183449205,796,3,0.010919840786326889,0.9749081856098795,0.4466833072834374,0.7969802963402156,0.5674128658411797,7,0.5872986519302349,2.8400856918493043,1.0823320328476862
664,0.9430562806138175,784,3,0.01019101635848102,0.9735747960937241,0.45061643329453277,0.7998258624098034,0.5675030855984863,7,0.5732848803183139,0.04860505017485908,1.0972786438401267
665,0.943183545428138,783,3,0.010250499320433442,0.9737480314521556,0.44930879613145025,0.7864771598160328,0.5648024831680969,7,0.7494486737221502,0.04998458587354548,1.6750295737596137
666,0.9432871210053413,787,3,0.010080679123253281,0.9726942514687542,0.4481163319092377,0.7969479132654326,0.5585736193176015,7,0.5588448884844504,2.8507161276092745,1.7469681198789189
667,0.9432192175640868,784,3,0.010241097928138144,0.9754577937057578,0.4438587291280122,0.7975356457207574,0.5587385811789427,7,0.5754090641282037,3.249681674392135,1.1964591231401405
668,0.9432227084887159,779,3,0.01024107923931129,0.9722960720611695,0.43825613043640843,0.794257122570805,0.5540613597678258,7,0.5487748200431067,3.4818472492955927,1.6570231852592359
669,0.9427496375856679,827,3,0.011213669136249702,0.9750917983280053,0.4397733942722789,0.802355768739767,0.5611063591716019,7,0.5668861975216095,3.160372377130988,0.8170797311322971
670,0.9431803258459313,784,3,0.011206358414713784,0.9736081833768306,0.4514531355121398,0.7943966664736678,0.5448964259095782,7,0.5480066427421861,2.8603750418019747,1.0347822253058037
671,0.9427228508704342,826,3,0.011228260685522021,0.9739712868951317,0.43617280131296904,0.8066073631296163,0.5572794497328394,7,0.5453647274640356,0.011167228657698853,0.9629312919774045
679,0.9392136466328086,100,3,0.011700986538594537,0.9864029973202323,0.42804050647637054,0.9291890421720794,0.5380769651983217,7,0.4189252944667795,7.481008194538481,0.8323528241725223
672,0.942861436925525,829,3,0.011239264115130305,0.974817165764136,0.43189603315629077,0.7997587464246875,0.551790206827449,7,0.52672225221932,0.012129560890228853,1.0198035755616817
673,0.9433319843440431,827,3,0.011337200493950175,0.9753670359524999,0.4360291040507688,0.8052275202869789,0.5448654736775045,7,0.5044964844905211,7.609668657257955,1.768720484919768
675,0.9426314241283901,824,3,0.011170033842085328,0.976971052233422,0.4374178186125366,0.8085795213790289,0.5460990996520811,7,0.35096830701537113,0.08462155299381778,1.2301371298079375
674,0.943043971060454,827,3,0.011359552387860893,0.9761513094211071,0.4355856014942027,0.7846973090455311,0.5545860682366263,7,0.3587715855990933,7.372715106978266,0.9251702045090756
676,0.9433862069090753,824,3,0.011137879435047515,0.9804525568618809,0.4330746974692062,0.8105599434786064,0.5389573043270489,7,0.3689305293707418,6.961496194182617,0.8514561241450158
677,0.9433547395370517,811,3,0.011099739719135648,0.9838242776547085,0.43526273082181954,0.9312734432664795,0.5447006429604183,7,0.41558470182796875,7.408963614853164,0.8367565748625885
678,0.9433760013031115,823,3,0.011352131605808021,0.9994921675575982,0.4264114083389762,0.9311233913600026,0.5376795318595304,7,0.3387022588533726,7.4861262322427615,0.7984848788151004
680,0.9431733732181649,829,3,0.011467511014871751,0.9850620829323041,0.43022467972120476,0.8438674336628572,0.5385669299403943,7,0.39224617066643286,7.167647471462067,2.233466196757479
682,0.9433236791786623,914,3,0.011377733697814033,0.9991526898457125,0.3993889944084915,0.8453948704053005,0.5374520660558456,7,0.34056942165125237,5.522701764949866,1.297459321939372
684,0.9431734801896967,911,3,0.009886132043663395,0.9988324409678341,0.39972086732871215,0.7775719651402503,0.5136585112133558,7,0.39637691475676795,7.721776720556319,1.8245010593840751
683,0.9433948335108642,904,3,0.009717133379832274,0.9503615246913047,0.4036069904728675,0.8425584831575557,0.5163333688896266,7,0.3373694588849794,5.32223119265204,2.137021506366873
685,0.9431227511583555,813,3,0.009545657185793675,0.9859031300604721,0.4016583237251396,0.770588615581426,0.5156457527524474,7,0.34517433211784493,7.786852266046619,2.074710525062783
687,0.9426403147672291,807,3,0.009848107390401147,0.4113149550751762,0.39960489225976814,0.999234606024649,0.512634278354241,7,0.3217364806372071,7.762303556536342,1.453791938570591
688,0.9431499365382254,805,3,0.009653108530079129,0.9996624181344955,0.4085728891998421,0.9385973024024294,0.519245136937435,7,0.3079213601971638,8.035194776169835,0.6258533781738265
686,0.9434185822345895,809,3,0.009735886960572385,0.9994523412258454,0.41442537853678946,0.8404225281314384,0.5182129208928116,7,0.41482197268584,7.7241200424260725,1.3408113067927199
689,0.9431933899399546,810,3,0.009770618339631927,0.9984672489289235,0.42689554565156235,0.9304907829954299,0.5345117658613807,7,0.2884189902702288,5.319655692688131,0.647001713069796
690,0.9431438501189617,819,3,0.00958674907026464,0.9990756227267115,0.6451302908499889,0.948181641917658,0.5355617322871498,7,0.2922651373018317,9.717368919947747,0.6029480504718755
691,0.9432453948024943,811,3,0.009753715625593256,0.9845047799791973,0.6805690280341706,0.9497939830946952,0.5202157041982787,7,0.3092722117440087,9.835132023603228,0.6847693136770211
692,0.9432283367567355,804,3,0.009586196766410784,0.9995369579140485,0.4225886318095009,0.9627287860097022,0.530478075334462,7,0.33272074118147843,9.981800238449788,0.6948034616735413
694,0.9430261000310519,809,3,0.010108325793925283,0.9490413453977917,0.409265693453772,0.9438837614770091,0.526903311333541,7,0.2701855534084168,5.291449523638947,0.6127742609022652
693,0.9432017097160813,806,3,0.009836554641909863,0.9503745751738661,0.6817871616855564,0.9526778350484315,0.5200977709448593,7,0.24429966003852988,5.417256035753964,0.8064766882837575
696,0.9430482154821181,905,3,0.010495293618152848,0.9479955416173971,0.4214496850207012,0.9469842916415833,0.5337599886743765,6,0.253968444319007,5.238884919535141,0.6454617320808614
681,0.9405471626213373,806,8,0.011554653323750278,0.9475905490335204,0.6830957410768121,0.8460078703798254,0.5378928913328896,7,0.37195389200861906,7.305543019883473,0.8324223595437246
697,0.943109043147891,801,3,0.009562005107650304,0.9523119454003359,0.4217486395217451,0.9272968310779008,0.5293667762632321,7,0.2726167519078399,9.875159396342045,0.7578636071780241
698,0.9425791082656894,810,4,0.01026422130002169,0.9463599921980376,0.41670718559872194,0.9578393482506478,0.5251946004980635,7,0.31598396974577464,0.2199094670272743,0.7647698328191291
702,0.9418426911925151,391,3,0.010560996426498477,0.9835114296004627,0.41673495133457505,0.8383294812645998,0.5106509088787723,6,0.40046305921581293,0.20625448216224734,0.7709704511283377
699,0.9427748192061092,806,4,0.010630877220378145,0.9541973477715515,0.41697925111377415,0.9733829083599623,0.5038019815119573,6,0.3139041440917348,5.137580609045245,0.6836544489715167
701,0.942473744959371,816,4,0.010624794069646115,0.9502404720221601,0.4151993195626894,0.8425498030560586,0.502609325313485,7,0.3837998435920493,0.224297661422237,1.203099547685413
703,0.9431520331802524,836,3,0.010507033443171944,0.9469520664897413,0.4179549321032581,0.8474031296745415,0.5361369978246603,6,0.2620228570878741,6.117073841788174,0.8634020639489574
708,0.9420309809176771,855,3,0.01062648681850768,0.9849350853765514,0.45713965636235077,0.2292227027523263,0.5080659944832272,5,0.4155497176843702,6.284349670608133,1.3241646241131575
704,0.9428457074140122,838,4,0.010864692995595728,0.9838757391536481,0.41809900827810875,0.3861476649782672,0.5019747360850852,7,0.42442860568425295,6.642034262362719,1.4182662277802036
707,0.9431839722706412,841,3,0.010675724370299497,0.9857691156078143,0.4626524117609042,0.8412612014941683,0.51500772160952,6,0.42858651408827175,6.165988567242526,1.2284121424480625
705,0.9429163795916017,842,4,0.01054086651659065,0.9868365377743599,0.4178257776411199,0.844070230074241,0.5038131100662793,7,0.4083949361630883,5.899473268692352,0.7811146628629567
709,0.9433109104304298,840,3,0.010880098348680343,0.9831845214312196,0.46105260099379297,0.8454621093664141,0.5035537382164837,7,0.4322891568309242,6.520705904090952,1.3348963785800383
695,0.9420091597687771,812,8,0.010317582184051679,0.9477292313089867,0.4214345202489835,0.9813207203710541,0.5278558699620435,6,0.36380269755548533,9.821885999083191,0.6223335510218554
706,0.943195145316704,841,4,0.010705572172388376,0.9849158508339501,0.4563966315865632,0.841204470001527,0.5083099293356884,6,0.43004790388371833,6.3682498644624665,1.2824974419757216
710,0.9432576375638769,840,3,0.008738383929546211,0.9851187084346884,0.45109788502260423,0.865959958431143,0.5616906620084476,5,0.4415637356389135,6.395128949009592,1.292483907562749
711,0.9432298197474374,839,3,0.009063578236661346,0.9850820529095335,0.40237861241295336,0.8654134716297653,0.5644872144226964,7,0.44543882018365494,4.316688107940208,1.1759253103263618
712,0.9427457229494095,839,3,0.011922426839713002,0.9845376208713542,0.456021631886443,0.33977118171320586,0.5555766351224211,7,0.45547843595351356,3.947833838009324,1.174302482642994
714,0.9431520550963711,837,3,0.00904013480304845,0.9668726003175285,0.3956379813849027,0.8158071356518077,0.5591278539157465,7,0.4689564881047419,4.089363912768275,1.025667513291547
713,0.9430505104128386,843,3,0.008562870936540713,0.9994942830910462,0.4582570935286863,0.8657535443907074,0.56376600947628,7,0.19131774635587265,4.7252253737998595,0.48728087147626586
700,0.940643837752009,840,8,0.010268383761496814,0.9458583299050616,0.41929182844395974,0.9758616850212138,0.5022211665561345,5,0.4038972685062793,5.377110002115627,0.6750525096238853
715,0.9432030121597098,874,3,0.009005742406695685,0.9650926055199389,0.4543504295838169,0.8714335920613976,0.5553711148680073,7,0.17957364155363195,4.122548822411718,1.5425160112979137
716,0.9433489401145814,829,3,0.009361492373673012,0.9666434025009704,0.3968182039294562,0.864535654020287,0.5610764107177588,7,0.23157103740610294,3.9894673082169474,1.974402607755591
717,0.9430864507603358,874,3,0.0087812505867921,0.9998357930608094,0.3963542238240349,0.8203353638403117,0.563836717594769,7,0.17651655991960902,4.029818983918389,0.474686702728958
718,0.9431964842871968,864,3,0.008909372130312255,0.9998972403151318,0.39219272962052765,0.8191166556792415,0.5582884422097428,7,0.20701159474149888,4.064612840655523,0.43678457241759533
719,0.9432396183397671,867,3,0.008475302167635104,0.9668764933329743,0.39418496413542436,0.8644862855192509,0.5512752968109933,7,0.227571028889285,4.21778128649627,0.3974541457052574
727,0.9392288491138467,167,3,0.007972676647297996,0.9290933459004206,0.43454751192104674,0.930314509877035,0.5860836233273439,7,0.22007540042692286,5.086358007322671,2.1791409780821134
728,0.9398623303517601,195,3,0.008215018018671152,0.9629651776080325,0.43580301653780806,0.8664334662440282,0.5829409954512186,7,0.17313299702835078,5.00379207520466,2.0671596054728716
721,0.9430160697540384,872,3,0.008336421899619141,0.9661570034979433,0.39473981039209205,0.8157047015664692,0.5461271475697745,7,0.21394282359047034,4.0268429324008626,0.5013185452871434
720,0.9428826830372141,885,3,0.012158033426920739,0.9662041000636855,0.3910444989490161,0.8174077625773692,0.5486287553510172,7,0.20131011128907159,4.334239644791402,0.5278603006948653
722,0.9431035891651968,863,3,0.008147231062575883,0.966900733634336,0.43462864218823277,0.8188720556271261,0.5451098166960135,7,0.5055067581420504,4.8246143244369035,0.5354187365373705
723,0.9431130277070044,875,3,0.008057331532822757,0.9662977501324548,0.4344431577555006,0.8179804084013504,0.618691157787171,7,0.18256041998751713,5.131355262973737,0.4806518546435217
724,0.9433286682265516,871,3,0.008235585731922164,0.9679791787170435,0.43540919349938556,0.817695502515205,0.5461471777884006,7,0.49866168133704536,3.8990975018406044,0.009292852893478594
726,0.9422730674089926,875,3,0.008464154562423753,0.9030771973720757,0.43571739203539095,0.3628953168286951,0.5863437358718944,7,0.23931844632374938,3.6715333829188777,2.0602863240714018
725,0.9433077732945747,873,3,0.01196808970408076,0.9660313038802499,0.4328896865602323,0.820192587274861,0.6188948702483691,7,0.515994138013728,7.847324748349994,1.8919400558385207
729,0.9428441805910726,893,3,0.0076441283627038245,0.9341775693571013,0.43478276846871916,0.8595584162187413,0.6173686011326072,7,0.24331114269945367,5.057126119663814,2.112962384296043
732,0.943160766231761,895,3,0.009352976055913583,0.9039099188416191,0.4814136978959871,0.8320266152842848,0.5799291917547776,7,0.2987114844539501,8.54137776236921,2.218384610195407
735,0.9417507760341104,898,3,0.02668210520635854,0.932678896495297,0.43225068750457263,0.36323339721461434,0.5789567048608754,7,0.3288135049080687,9.999000546365796,1.709381688149102
731,0.9430691088486579,894,3,0.00939608412857933,0.9073081479934403,0.435234209348982,0.9240273317148147,0.5739169428192814,7,0.26569084978559987,8.264390115632443,2.063623141794921
733,0.9432190651948803,823,3,0.009336573267649318,0.9332947860739247,0.4371936635268373,0.921494664445411,0.6137920189889132,7,0.5089051382969403,8.609954061146919,0.9814464934136734
736,0.9431164894101419,828,3,0.009430568771587076,0.939501368397944,0.4061087276170561,0.9355454187635058,0.5814525417404254,7,0.30259891182356025,8.33390916902268,2.309169658740588
737,0.943146846365482,821,3,0.009351699761021614,0.9376090890507544,0.48635472109778966,0.9269546662198954,0.5779734682118192,7,0.3219384711073572,8.223902654101334,1.607641592538584
738,0.9431343447851732,822,3,0.009350351014143554,0.9360530269683206,0.4781832503649699,0.926547899919392,0.5749304844029319,7,0.531842215663486,8.01288035057174,1.6479828493988335
739,0.9432500305834217,820,3,0.009442676718122859,0.9330245386668428,0.4781312560561021,0.9407155869833385,0.48311806700091336,7,0.3324205003380387,8.223546373677461,0.8823621114955298
741,0.9418305235721111,826,3,0.0093953238917466,0.9314661409539496,0.48457156205355195,0.2746661180940347,0.47968325567169795,7,0.5202795648950065,7.881821454033849,0.9101163997913407
740,0.9433038450911955,824,3,0.00967702968962436,0.9310581262838644,0.47277742566359354,0.9223216021902214,0.5763803759860918,7,0.3273288839004979,7.908725071962251,1.6453668883498813
745,0.9426357071641684,798,3,0.011682141333082737,0.9757191309658882,0.4759675926980294,0.8523322022943051,0.4875028539064799,7,0.5596904161649611,0.1260017909359865,1.518617290441529
730,0.941723252519837,897,9,0.007548864747147234,0.8999036475525644,0.4342116295243369,0.2708693925991954,0.6160834452682469,7,0.2508065208844831,3.5069261755717482,0.9049991071526233
744,0.942768101915713,824,3,0.007263705026306151,0.9744243834469613,0.47634760465930026,0.8715526786298071,0.4832306191500957,7,0.5134813729436547,2.9269059538049804,1.5587556970446814
746,0.9422021155399829,792,3,0.00734145707887209,0.9742482370281105,0.40241134929274,0.8728434936359097,0.3092348305281344,7,0.5785956400062399,2.759471854513736,0.9313169530272697
742,0.9431080443990509,828,3,0.009408648903617763,0.927541840875001,0.4801121279735707,0.8508952038115735,0.5280468355939332,7,0.5188684527139258,2.625202858501655,1.0360458496025673
743,0.9428536139147567,822,3,0.009562244900540275,0.9744544176990368,0.4762813193988545,0.8536215654390769,0.5319390141271719,7,0.5650774299761745,2.6005288093764563,0.00017191379830159176
747,0.9430974406502634,794,3,0.011807364738315725,0.9730911253006145,0.41005425199840523,0.8501688399938163,0.5314402226715268,7,0.5903925529231516,2.5285409129538614,0.9967339963341681
748,0.9429320861433711,793,3,0.011662640875647001,0.9768131330645151,0.40529380624981864,0.8720640774242329,0.5239040136341991,7,0.6024778025431455,2.4536493249434224,0.9138770912110447
749,0.9430726436055246,798,3,0.011591591030947337,0.9741349759451665,0.4093313997642099,0.9598842793777038,0.531609846658431,7,0.5979180014050333,2.7282697295981486,1.0740662284151028
751,0.9431474307953153,792,3,0.011623469644363045,0.9568568251815285,0.40861828296330327,0.959414851573489,0.5319975200467069,7,0.7652330473850255,2.555430130497902,1.1444309845172056
734,0.9414317420498705,895,9,0.009332612184374402,0.9338659442692505,0.4369847378479789,0.8526998006455495,0.5780346537159715,7,0.30871424534450964,8.143314820410898,1.6783982829003206
753,0.9431640766093169,776,3,0.01147526132757323,0.9565773299912067,0.407167388476302,0.8378752792758314,0.528688059028132,8,0.7479502694603791,5.591762349989298,0.9724347870904819
750,0.9429390565127577,859,3,0.007319166186803115,0.9561696808601352,0.40648778329853086,0.8714330673771636,0.5241383829646973,7,0.616650598477309,3.32618671303687,0.9866542918636624
752,0.9424089963955916,852,3,0.011293453483876656,0.9844801124426483,0.4070966565892311,0.851139014067202,0.5328870312742362,7,0.7841935071668353,2.333730999766551,1.1887809063238333
756,0.9358113554841841,853,3,0.22777596355570567,0.9828926767630978,0.4532383604581084,0.8346900646677431,0.5430754412964406,6,0.8361952991072509,6.35164170956862,2.5064325045432785
754,0.9429624806692006,855,3,0.011657682378304628,0.9562923283947055,0.40865278691719625,0.8326962154922914,0.5367695907412204,8,0.8045539836920425,6.420486567019329,2.543447567722708
755,0.9430890744328375,855,3,0.011623780302790833,0.9846155905265178,0.41079438896862064,0.9579939361193979,0.5344836876480831,8,0.7722191130236239,6.34485766241482,2.4228923391625106
757,0.9432964990169159,853,3,0.011058432038121593,0.9567428204186342,0.45386188049593196,0.9625328025685553,0.5399772034262302,6,0.7893561999886937,6.347408123374237,2.5752166806979555
758,0.9429505739549722,852,3,0.01087834050504903,0.9545007687218268,0.45521955844956924,0.8372091708832542,0.5467364494365891,6,0.7801405528082741,6.344248004839537,2.6272000869671674
759,0.942937744676507,852,4,0.010369293108910759,0.9538743078042071,0.4494298211143154,0.8332845851140948,0.5502427046369713,6,0.7684413602895516,6.0815804442951915,0.00435196087797768
760,0.9428746920028688,856,4,0.010895835899471351,0.9547398915134085,0.45267960714022404,0.8349075984037939,0.5457325640160404,6,0.7909709268062761,6.165558604792733,0.002278596166494184
763,0.9431196630728614,857,4,0.01064278312375941,0.9890680846176506,0.37862069433416223,0.8338059702395014,0.5489814390678418,8,0.42608227288318123,6.37795463989045,1.4655937595992552
764,0.9428361133721239,772,4,0.010388313546152736,0.9993235424899599,0.382960582698002,0.830183410117493,0.5630794712058609,8,0.41023816456280404,6.3894883566988225,0.36974910039951486
761,0.9425900235364505,851,4,0.010294290336452306,0.9840274453054838,0.45165774869132597,0.9793747500225707,0.5462139953101984,6,0.4032394905131117,6.429480891198434,0.732098562020166
765,0.943220577407074,705,4,0.010302541545874778,0.9991823297163541,0.45213865502325157,0.8326029148484909,0.5648162561853409,6,0.43124002319211263,9.970344124986546,1.4096665043648853
766,0.9428400123540118,772,4,0.01026792189510545,0.9996583829824421,0.380487196884465,0.9760454567433496,0.5618062300582797,6,0.45534477076972,5.461690021105765,2.980283990192686
762,0.9421036349385762,857,5,0.010279395836969643,0.9914120788883266,0.45196341970285614,0.8318510831561204,0.5483778282896898,6,0.4506679736982502,6.454978220535454,1.4765631351884503
768,0.9431567900216453,704,4,0.01017476847501064,0.9870026356145255,0.42430076694309116,0.8753904139667021,0.5649672473896676,7,0.4577069366538365,5.0527589284138985,1.401369295875237
771,0.941517140815634,712,3,0.04048921738076331,0.9996813635457894,0.4265311697323011,0.7823993229956948,0.594613556146078,7,0.4308451747669365,9.890332377997105,1.9287491330512667
767,0.9429310884381558,909,4,0.0102475461527891,0.9992741194780529,0.37981389635434804,0.9829892819682672,0.5609540527607491,7,0.40512163603618234,4.798881509732172,1.4623975794294606
772,0.9429220934368467,710,3,0.010043834282390397,0.9883518096201358,0.43107262097976884,0.8656948020311106,0.5942538647803567,4,0.43537632532263454,4.85135058888107,1.2569659645068882
773,0.943347724291803,768,3,0.01234349094729153,0.9868291632636216,0.4253571673622281,0.80879365481646,0.5979138181753134,7,0.4899460375714121,4.926479783360237,1.3905488354614848
769,0.9430781268097105,709,4,0.010217765677973221,0.9978560238746685,0.38114420808965227,0.8065337387520266,0.5952068163522929,7,3.7542696416944183,4.878141501848388,1.3717864889506601
776,0.9429699832871853,754,3,0.00865650462948346,0.9694931679063854,0.42411923035465215,0.9987716779602089,0.5982933380690741,7,0.6672633472495034,3.749910509725094,1.971151317498126
774,0.9428318814739564,914,3,0.01255121044598842,0.9997093242718995,0.42978567695470515,0.8067157570947987,0.5907226799073344,7,0.6715584678982868,3.653544844792537,1.4458435409251313
775,0.9433262365809953,910,3,0.012335542269207881,0.9834933688292071,0.4226829741773661,0.7826347718669303,0.5940460182261414,7,0.688244171851457,3.703157765560887,1.7650303630239077
778,0.9428078739313047,750,3,0.008592896593317629,0.9685222848692814,0.4245939096367196,0.8956430895809869,0.5132540994258356,7,0.6440293366570554,0.029761282348158342,0.770447932217216
779,0.9431986320668342,749,3,0.012542380335162466,0.9680157295585073,0.42327834468933656,0.8085382707100609,0.5924308826817098,7,0.6840316001644664,4.329139574001901,0.7600560541622344
780,0.9429561020350201,753,3,0.012432854255665862,0.9667571181306791,0.42313768466412105,0.8124499528176117,0.5165127494279883,7,4.091905217990546,3.5244139113299093,3.4138818754015516
777,0.9433198490760051,912,3,0.008594522067514139,0.9682620217532718,0.42401579263683786,0.8106326797530973,0.5945840154936785,7,0.6738119198897342,3.5596184285188457,0.7571745582936569
781,0.9434177828180677,757,3,0.012427645817442838,0.9687300636010925,0.4281565270742399,0.8004579097808694,0.6019041170275171,7,0.6458491420192264,9.982883617296796,1.9027722360264492
782,0.9433800474360823,744,3,0.012679607120884024,0.9671270715629634,0.4217105546936192,0.7832493626714303,0.6079803847836835,7,0.6372235958060319,3.8952318369479055,1.989659289388117
770,0.9411955843904887,762,7,0.010100468371482759,0.9988117607333882,0.37646018071372156,0.810440782197761,0.5643313206721845,7,0.40864085327140526,3.7260824212377903,0.7194434225519563
783,0.9432972577320745,812,3,0.012707881588334406,0.968097801193505,0.4249429697306008,0.8096500160385527,0.6299528227893727,7,0.6183651738378566,7.346292050715353,1.8821846720828528
784,0.9431189481899404,812,3,0.012679767873775854,0.9672944230831935,0.4239450755576744,0.7896056318576812,0.5863340195363318,8,0.3444339697357225,9.911517497896043,0.7800036974530967
786,0.942889053322397,652,3,0.012530071530788655,0.9654551869113221,0.4447095930820951,0.8083256876754493,0.6136993363575404,8,0.5162398082664463,7.283980131076678,1.8679918437604635
785,0.9428487881941333,815,3,0.01268986297920731,0.9706529585006123,0.4429453357684818,0.7860567658125766,0.6107274780988399,8,0.13926975913268191,7.434892401478578,0.7407255243645191
787,0.942877159131665,810,3,0.012495731041224341,0.9683441132988378,0.4455690427387239,0.810368126497288,0.6217641821374704,8,4.121994437403553,7.205324984604474,1.1287293134681917
788,0.9431410125033961,811,3,0.012498983915704979,0.9475553016209699,0.44949299965384604,0.7897131170450766,0.6282143403001809,8,0.5134419597688538,7.319341459981813,1.1446094493051902
791,0.9431360772021791,740,3,0.012842280832301342,0.9473548381169027,0.4435151272467372,0.7843084079422005,0.6274304302636008,8,0.5551122565215446,7.91679720212399,1.9110762855279033
789,0.9432508550469366,807,3,0.012565131856884846,0.9526476967118268,0.4458656882376991,0.7921376937836209,0.635333178326964,8,0.5171604605705531,7.272953625999671,1.916965280593508
790,0.9432749168580727,769,3,0.013179697179664059,0.9475247057620735,0.44516773078039085,0.769803516891519,0.6192965148608361,8,0.5039614207370673,9.530139818342946,1.8411668536925672
792,0.9430840723396393,732,3,0.014550486553243569,0.9456145759258858,0.4439234094592743,0.7926715815412433,0.6293258290383549,8,0.5682849881111037,8.048858183136172,2.199232634679814
793,0.9430846087627364,741,3,0.014093425198999882,0.9457307842367269,0.448044671585254,0.7664826721683184,0.6228197158058324,8,0.08791160000620096,9.652309454922857,2.2280951474684554
798,0.9432761201573545,511,3,0.014532792854580293,0.9487463806316111,0.4627395224415605,0.7758448894589581,0.6083155884555504,7,0.5698853311306994,9.478430817769581,2.28650227935158
795,0.9430333427864859,736,3,0.013867368253008737,0.9463226268779692,0.44827771001374994,0.7804077404562227,0.6285620834166656,8,0.5686068708554913,8.279838989173184,2.2299667391927946
794,0.9428273323138789,736,3,0.014213690382709433,0.9470340398614258,0.45407211951398957,0.787244608973044,0.6141673460024097,8,0.1273823760747239,9.794206397735236,2.9268761205930316
801,0.9431971261163887,673,3,0.014737290968243522,0.9138547128400313,0.4645904307751159,0.7662383789994832,0.6045091792022638,7,0.6056153211719327,9.983274398424518,2.446004459362302
797,0.9432691790094594,733,3,0.013975114959613719,0.9150250856192227,0.4664648846310331,0.7699328300867381,0.6301300821619095,7,0.5368919166247623,8.888813959600776,2.2250701542563056
796,0.9431073963081108,735,3,0.014450694791097198,0.9162202312937827,0.45995454108603906,0.7904286030168426,0.6326581803432566,7,0.5242651917043518,9.648202178976927,2.3170331118927767
800,0.9432091131897193,725,3,0.014658294417430065,0.9463828800374354,0.39592602585128717,0.7716566539270261,0.5720661860133823,7,0.6232325004440468,9.548169364563021,2.451808849567979
799,0.9419463398234476,718,3,0.00657737531095124,0.9204705574125867,0.4620940456028695,0.7640022903971337,0.6125504292316326,7,0.5931574311137606,8.807574427481232,2.2087834990034105
803,0.9430316875977081,725,3,0.011461538792947833,0.9560152740880212,0.46334062122275427,0.7752865064027674,0.6033077880745863,7,0.6255579040136379,1.9133383474401562,1.9472511780240964
802,0.9422676729129066,728,5,0.011474451439781505,0.9187926076657651,0.4647171614160636,0.782416194598885,0.6022073974962827,7,0.6210986995404495,1.829282646583867,3.0468278832143105
810,0.9410645239131259,468,3,0.006510119617699371,0.9753359610056592,0.3940719793154702,0.8775877708124769,0.5782581035110461,7,0.3660290260324437,5.283609427855434,2.9063825909215883
805,0.9432094920254862,718,3,0.011259881195097462,0.9220276146054213,0.39818791133823855,0.7705794349060933,0.6094042736543279,7,0.35143251015258425,5.501337802364772,2.7210657162989076
804,0.9430355114386172,738,3,0.012072280975714158,0.7476090735070251,0.40698421982852573,0.7799213423417564,0.6072358049510055,7,0.6200939661707873,1.8236350996792554,2.538088526957262
806,0.9433555739150015,718,3,0.01145420770645343,0.9794522899980065,0.3940493049827226,0.8656272049339109,0.5767428407416063,7,0.6419459212978929,5.260005960195343,0.3269434827244735
807,0.9429517386401398,770,3,0.011571985192548965,0.9151392943487852,0.4011580842850519,0.8768080160955417,0.5757715891150527,7,0.6691660972331751,5.314091341557896,3.270346577434357
811,0.9428482622072833,765,3,0.01154899765080793,0.9768893696311074,0.4014034073629262,0.8995628855123496,0.9975369466814016,7,0.3572066092416776,5.277048718658133,3.1067429767262076
808,0.9431279306677531,720,5,0.011229603239753578,0.9227690268700263,0.39764098740787535,0.8732679897017651,0.201001704834341,7,0.35215351347824797,5.279808558966244,2.792762653879995
812,0.9431081435433976,782,3,0.011540296166382745,0.9784629098019015,0.40035212563850836,0.878095416568178,0.5790633295854124,7,0.36592594898391645,0.015038652838410401,3.0821645751393496
809,0.9421709821278643,722,5,0.011302266756911566,0.9777526477782045,0.39641535088830826,0.8944250001942664,0.5704612485224516,7,0.312048416186229,1.834214225969052,1.2692348107242744
813,0.9430806852556681,781,3,0.011090824218049234,0.9799667323090421,0.4010145054825268,0.8776675864207814,0.5751225112659318,7,0.349193564618998,5.5075260775801995,0.3367461363806989
814,0.94321780449624,785,3,0.011610573141548054,0.8850065215931964,0.41352326589498717,0.897315567492464,0.5748433995698479,7,0.33535508881439385,5.226463232461604,1.5794040366365025
816,0.9419141085181421,780,3,0.022237895771446567,0.981549387166171,0.498688504566545,0.8971582000466061,0.5726313058964105,7,0.31702950067580027,5.240717454466214,1.157728352366727
815,0.9427541439571323,782,3,0.00784284811588922,0.9786900709288727,0.4975088046202265,0.8591254188943117,0.5757310005771398,7,0.8676944342615069,5.172262909054914,1.214714857990606
818,0.9433473903318983,674,3,0.01161771171061911,0.9774545939085869,0.414877915728579,0.8908238863726964,0.5883570419921154,7,0.6768279987356463,6.67632268748284,0.14089838455708753
817,0.9430177489461842,715,3,0.021106622080697277,0.9830538403279283,0.41210281737134885,0.7376291806447458,0.5753764310501227,7,0.8778098823744817,5.4908420998360015,0.3219096705410409
819,0.9432118913186768,686,3,0.011092108651923074,0.9853037544661014,0.42064664773070304,0.8550648568366878,0.5859309476326745,7,2.961797383594017,6.812308327366391,0.18813995006133163
820,0.9429747505648253,753,3,0.012252722386057575,0.983867041251259,0.41471505814678783,0.7399576288430174,0.5889906746703762,7,0.7473973111792925,6.823704381511283,0.20266598729474905
821,0.9432923109509858,689,3,0.012937369561521908,0.9841627134905145,0.4216162984646491,0.7405341025003476,0.5902845624188625,7,0.863132636603894,6.490172628782513,0.21598484506401888
823,0.9432169602038558,680,3,0.012948990831950459,0.8848496693460326,0.4163530203802706,0.7345255404393418,0.5912278254527548,7,0.8640522647409606,6.921102742602791,0.2786043883317527
824,0.9432668235485064,704,3,0.012974746375424053,0.982151835075617,0.49478262394120137,0.8533998773695385,0.5894131753998013,7,0.7156927180746967,7.012671556771729,0.142848634567116
825,0.9431083105233501,700,3,0.0108984451833953,0.9616058673756438,0.4339396288184702,0.8546445051370384,0.5853555707127827,7,0.8687235877823793,6.8547188192337885,0.4309340942197016
822,0.943147470453054,754,3,0.013299431938719797,0.983422160853969,0.4178289430556347,0.821919228147467,0.5604583085775207,7,0.8761354681994008,6.457113343217005,0.24102030812804992
826,0.9433392542337193,706,3,0.01258753308454071,0.9637616490190857,0.434298777041976,0.7968593070717924,0.5932033483673147,7,0.740815487645891,6.929667535852012,0.194412406323718
827,0.9422895504175408,753,3,0.012990468321025487,0.9596036141655133,0.4327408176723632,0.8232725519999043,0.5883208496325986,7,0.868352104404583,0.00686024872067764,0.2559677986765211
829,0.943140160905639,692,3,0.013343764984990321,0.9562368303978249,0.4296822537627326,0.8265834927669662,0.55760936430893,7,0.7396696872853766,7.313184687379184,0.28511529169615824
828,0.9430891328758207,748,3,0.012655169600246426,0.9606941975528125,0.43587205959474234,0.8237325097667159,0.36068830287739306,7,0.6764438637977331,6.664544571955432,0.29910974236003013
830,0.943160461493348,882,3,0.012799845118647958,0.9563729886043609,0.43527665482186645,0.7995635563557109,0.5577716242244309,7,0.7386117921633837,7.036723235304812,0.5787665916571139
832,0.9431136935395644,701,3,0.012294368763948167,0.961344795526573,0.43516056672035086,0.8235880500115502,0.5583990417196107,5,0.7037949807024575,4.239718333943022,0.37136339190064427
831,0.9430713912558819,885,3,0.013055694102313234,0.9586938911257971,0.4386683918183271,0.8258058485757771,0.558914382708337,7,0.69299727896515,7.441175859850832,0.3085573426022399
833,0.943374853315939,700,3,0.01086332752607114,0.9584432754488084,0.4387715599686286,0.8204391236647408,0.557315888192524,10,0.7398449299790042,4.614585557506708,0.5595339313328748
834,0.9432820896906515,756,3,0.012204653884651254,0.9607367987584483,0.43224618794679853,0.8265585662305777,0.490200064497526,6,0.6917716933251503,4.447867752955179,0.41187956588597996
836,0.9431554374840314,751,3,0.010844997215042841,0.9591897098889438,0.4339034590134589,0.8242701433533032,0.5524637960920157,10,2.365650017611959,4.155813256645584,0.25723623041515037
835,0.9431848269992724,753,3,0.011939336240709727,0.9650640191143155,0.43440280585414137,0.8032846484647014,0.49777424349807065,6,1.0163491767602089,4.074921925597157,0.2797311932106107
839,0.942770848214117,632,3,0.010807124728426343,0.9997077743590633,0.3816833956787354,0.7984057636885201,0.4951562269377493,10,0.48393618072641714,9.968055466790643,0.3312910893913377
837,0.9431592811538098,886,3,0.010903189331096902,0.9579820530987558,0.4344652884527862,0.8003105407767488,0.5497673615004464,6,0.7182364301296901,4.302357657619864,0.36563644427133957
838,0.9430912608265887,887,3,0.010922023633471398,0.9624395925558324,0.43710513404111073,0.8006290572994561,0.49691862668417824,5,0.4925686820938166,4.1242425911761815,0.3994104213725036
842,0.9427732704670511,632,3,0.010824105212334978,0.9989251814840683,0.3888886039616619,0.801176012464285,0.519580398308101,6,0.478882750951244,4.255330315423643,0.6089464170872091
841,0.9427601646280397,770,3,0.009577373768016192,0.9370390490580499,0.37717382404065325,0.7953299304511854,0.49516566848983923,10,0.9966863073165413,4.348482672475677,0.8631162912608897
840,0.9433325656430023,881,3,0.010855037808929057,0.9680207540822984,0.43543192521368457,0.8079210433246518,0.4932403478457855,6,0.4802132548354213,4.178777777006724,0.5276709147474824
843,0.9432355617705493,719,3,0.010926314842398898,0.9986609381039537,0.38181163403896046,0.8007342691039042,0.5455588980061788,8,1.0341236875730315,9.99101256384435,0.4805995801020195
844,0.9431808278294133,695,3,0.010869089835044797,0.9418537731818243,0.38416297524311327,0.7979920900282109,0.543045623795275,10,1.0567444481103074,3.2809207222874726,0.5016195612968268
846,0.9371575530782827,655,3,0.07926933454589236,0.934451608445321,0.37686021615813464,0.8022244915156242,0.5447856998651053,10,0.9978281854892881,0.42055401795264385,0.5870732132481133
848,0.9427804025982665,712,3,0.009706807594558086,0.9379264009993333,0.46809328590276583,0.8075186666892175,0.5410087786923178,8,0.8413017461837431,0.0024897370187250967,0.5419761163009672
847,0.9428031431805295,657,3,0.009487719914026117,0.9421256315308487,0.4609504873595228,0.8001794876069267,0.5460708753479836,8,1.0171157840290828,8.089792384542397,0.659938709903137
849,0.9430730975822701,681,4,0.00968434483526358,0.9378530149714528,0.4690504993731341,0.81054036868552,0.5425858862579802,10,0.8137229371314254,0.004363150799286387,0.5769602366359443
850,0.9427846992011659,673,3,0.009621889015173926,0.9999419629659252,0.46444837427091623,0.8173101635431766,0.5425206901657051,8,0.954919053501261,9.890013269458061,0.6139100046313312
852,0.9390176914842081,695,4,0.030343557670178566,0.9351736651309062,0.4696328722159326,0.7570989809738239,0.5459044875427168,8,1.0002124255548606,0.3057714160683976,0.5479947313160206
851,0.9429525307512889,679,4,0.00911352644688538,0.9867309280942925,0.4702057887986222,0.8112956146064499,0.5424411336632846,10,0.8115786768420086,8.486637834008604,0.5547915212432784
845,0.9422840567771079,707,7,0.009720657978120318,0.9418866095369923,0.38541691588379845,0.799269405180387,0.5453284451924367,8,0.9957433073340429,9.992836221550753,0.5447643400926379
853,0.9427506645123749,704,4,0.009704557390514876,0.929391188065775,0.4736722096787869,0.8430808447339023,0.5672687501594513,10,0.8088971992093367,0.0037673301713956778,0.44715600883524215
854,0.9426032175617491,711,4,0.009073306760869483,0.9853830413846733,0.4646820497469982,0.8433351903406507,0.5654769889669059,8,0.8083876728128944,7.774089483161791,0.5595517059693357
855,0.9429081558289477,671,4,0.00899471603385614,0.36370574287028035,0.4633909052878579,0.8400143010462089,0.5662517763573329,8,0.8185887719450687,0.00257146500496979,0.0006522526176908775
857,0.9361471667791381,700,4,0.12124962875887253,0.9805945837021137,0.4149997959237529,0.8430447790292028,0.5686754083108251,8,0.6085897948539948,5.631413155854567,0.8968983393214088
856,0.9430254738562306,661,4,0.008684186238794257,0.9856623926947836,0.4522078358513391,0.840386850963108,0.5657319724660693,8,0.5912056576561083,8.119145550352954,0.08713645711254278
858,0.9428903213264102,677,4,0.008468001132434799,0.9864222386162315,0.4161269246822206,0.8421868365585586,0.5676647431481023,10,0.6037694632162708,5.664680021490258,0.9296598193658855
859,0.9432400879708831,723,4,0.008482134611772454,0.9862836397082114,0.4122689391449456,0.843726209470049,0.6097308404124991,10,0.5956009943863778,5.544717730519434,0.8656646585536971
860,0.9432621825494554,738,3,0.008689641248176725,0.9859203105083932,0.41689641456431326,0.8419311768658899,0.5684751724739426,10,0.6158445682266347,8.07003191377946,0.903090373270993
861,0.942728852756097,732,3,0.008138978261881279,0.9848228425538733,0.4170799108435358,0.8381083098113011,0.5632177965725649,8,0.5919110185336908,5.610418815574545,0.9465785728800004
863,0.9425787816111575,717,3,0.008212984229799018,0.9847673299533277,0.4125230745768607,0.8452419107928882,0.6085081503516648,10,0.5739111833287271,5.750447470280896,0.9649365193399168
864,0.9427585553587488,732,3,0.008271908051117521,0.9999014950104398,0.41695638480530367,0.833559223365797,0.6137729859084139,7,0.6139984726104031,5.312982032941614,0.8794935094045492
862,0.9431544282989442,908,3,0.008611268837658264,0.9843529001729707,0.4152405226326528,0.8316245053130469,0.5691453695411572,8,0.6127131671265311,5.6848403577704145,0.907757826862465
865,0.9429498246324359,738,3,0.008343811739996205,0.9841700203662478,0.4159425904297081,0.9119456878509157,0.5146760099926732,7,0.6265563980524397,0.02409425177970543,1.0107335953912815
867,0.9423801297363262,739,3,0.007794392776385715,0.5049840890968391,0.4160362802311323,0.783250831673518,0.6145154687319438,10,0.6066266127140583,5.407290522997904,0.9648311331591731
866,0.9429576288579596,915,3,0.011873510492629889,0.9861375024476593,0.41243205615783723,0.8332964117557291,0.6138905345655754,7,0.6011767874106517,3.1956656686337164,0.9038229535748205
868,0.9432501088552746,737,3,0.011962544324799146,0.9733250001136521,0.41940944507984523,0.9160766249820776,0.6082528473261996,10,0.652033628528091,5.781435149196656,0.9933452900249002
869,0.9426493118557875,740,3,0.012004077129423897,0.9732680826237385,0.4468827175594773,0.9091726588968476,0.521519687826935,7,0.47587270851412206,0.009494963112479016,1.0559899073179135
871,0.9429765205523204,796,3,0.011884091404362354,0.9699876156385475,0.4491026421129227,0.9147396553917357,0.6085518551549659,7,0.7300119464144894,3.0940631236176346,0.4085734210717984
870,0.9426055777190132,922,3,0.012077141710172854,0.9729372390094078,0.4483224305177208,0.9083650069836852,0.5170171617431653,7,0.7297569730627201,3.334878442745606,0.387069117304691
874,0.9433228171446583,798,3,0.011716604164429847,0.9710837319931556,0.44861825236913905,0.914937247661292,0.5226234910337179,7,0.5046162239354774,2.8801483266748296,0.40762541671509533
872,0.9423105418848025,918,3,0.013893370693759411,0.9718651958229254,0.4438451265943805,0.9094480968455971,0.5177267112756785,7,0.7283691591170527,3.14070115016636,0.7126938433658563
873,0.9429920809966316,920,3,0.01196618775179038,0.9706374580993156,0.4521228601074542,0.7599553285032477,0.517996137055221,7,0.7233329872702392,3.1813738746638016,1.1859298814752774
875,0.9431380506964911,794,3,0.011658015545795776,0.9670264662663836,0.4467587798268831,0.7798150985572281,0.5217484921548313,7,0.469628578362633,3.189754907780053,1.4754239001377243
879,0.9432110334591716,790,3,0.013698094392550061,0.9671262956868845,0.4490279200781706,0.7596378702793377,0.5210708782070345,7,0.7371521139152064,3.090520802266252,1.4772259922340887
877,0.9431419601146258,794,3,0.01202509177462124,0.9688337574985201,0.44693154684620323,0.862315695852847,0.5288675642162778,7,0.47666435488518916,7.543902046505229,0.41855596241264714
878,0.9425288128604119,923,3,0.012005663490518074,0.9666052004083677,0.44445008166675015,0.762192598232128,0.5263022785399024,7,0.4708890293680948,1.4585955164282023,0.4096005409983864
880,0.9428819462381742,767,3,0.013756877735159547,0.9538340383665634,0.4478547496428553,0.7627118292581142,0.6406000616449725,7,0.46503122098456434,1.3866646497810995,1.528782397504832
881,0.9431471218824035,795,3,0.010152382183861065,0.9999569817496832,0.4445670723269207,0.7834656998990844,0.52614594254511,7,0.46477770922114314,7.565961390129271,1.551960322059724
882,0.9429081960084986,767,3,0.015325836394173049,0.9555432670102479,0.3907375158865025,0.7602955055938927,0.5867846446751149,7,0.4500584989798032,2.2691617611858015,1.4763676472566045
884,0.9425197448053737,765,3,0.015739558250424494,0.9517076971930384,0.40001691894847413,0.782067497722897,0.5832623714139304,7,0.4669955831654142,1.3292367898904565,1.7300098162295132
883,0.9425858156416508,766,3,0.007054746329696178,0.9589849609427356,0.3990201436408692,0.7575254429682288,0.5826833890762938,7,0.4910574604576743,2.1071763146270017,1.504020283516728
876,0.9411114640649855,796,6,0.011895558589807172,0.9709760252250876,0.4478018047507988,0.8177627573107634,0.5201367720878508,7,0.47683814085282616,3.0623889001902564,0.3969385611852294
886,0.9433208039926075,766,3,0.015893337155371393,0.9488478980844085,0.36827116235311197,0.8633471156204193,0.58445677421804,7,0.4507910846753833,1.4672709776353854,0.7058017055645915
885,0.942839657521613,766,3,0.010227456488781114,0.9485574656417172,0.3951009174964313,0.8193423193809255,0.5844524874328731,7,0.46288639355070305,7.743170527095043,1.6202774381726242
888,0.9430537529547885,838,3,0.010213070336922155,0.9506608059081871,0.3983679741650603,0.8213026684497107,0.5929560091288552,7,0.9061801024630571,9.975716114398093,1.6605355745537254
887,0.9428892223895987,839,3,0.010233055226219733,0.9456692912626838,0.363681928395212,0.8158898110954056,0.5901650581865471,7,0.9060209579360322,2.163297101772435,1.6773302675234147
889,0.9424505170043721,872,3,0.015457240137873014,0.9503831405478687,0.3975705229573603,0.8202266459852137,0.5872161479509198,7,0.9009145460955376,2.166865334821721,0.7033897983954215
894,0.9349372655275335,832,3,0.2815553432419904,0.9458640612717765,0.42702789404484337,0.4166452391935377,0.5558007344385402,9,0.9014698378925851,8.107858060398796,0.7045775089142254
890,0.9428165067948422,868,3,0.010210394472950154,0.9488145166906795,0.3945827676722559,0.41907851049303224,0.5859858183281392,6,0.8399251977694779,7.793882451835971,0.719268463449672
891,0.9430508600271137,833,3,0.010273102814974502,0.9474336378922457,0.3647668654999465,0.8133569527723568,0.5574015964015775,7,0.8621392359191408,9.97685523526908,0.6899760593247201
892,0.9429188696801413,872,3,0.01013467055765965,0.9491152856213293,0.3634735773245531,0.8175650172185395,0.5567735179707447,6,0.8883263766017357,7.676025335506585,0.6454805890149735
893,0.9427801844807038,834,3,0.010139991686939617,0.9876958686453896,0.42803830090633044,0.814302659878734,0.5511760825188978,9,0.9263245364916555,8.022758363163803,0.7067484306923604
895,0.9428466299782489,875,3,0.010210796738089783,0.9969638588375777,0.4293600820057695,0.8191892797651807,0.5577169253959818,6,0.8165376424508102,8.067908951986912,0.705857623874816
896,0.9432818162609795,869,3,0.010672427194667686,0.9856564145399926,0.42878217221607484,0.8813456189958186,0.5546697847941617,9,0.902488512313188,7.950723738124641,0.6445917559520462
897,0.9431415499701178,869,3,0.010966117148403303,0.9977865070858912,0.4260217248698425,0.8781790454953344,0.5573424296223328,9,0.857192891256279,6.85593942353081,0.6916515179872974
899,0.9435100235873793,882,3,0.011017241769183454,0.9998978012329512,0.42812716676950385,0.8609191657897913,0.5558171631206777,9,0.7489466494017377,6.7298625641144705,1.244396976037423
900,0.9432968590674383,895,3,0.011045612893652836,0.9992529846407141,0.4292622449841857,0.8761667699453308,0.5592876049277877,6,0.7376808746340876,6.3949703507068225,1.2119736061624937
898,0.9430665728406314,869,3,0.010946146200159053,0.9989433920763093,0.4244431155638917,0.8662149375704405,0.5546528517251618,9,0.7094133246598016,6.866240559520672,0.7581013422757156
901,0.9430937874419929,886,3,0.010950959813646674,0.9985298725760327,0.4305167094072288,0.8838161930314398,0.5548472546587192,8,0.7482095402837761,6.334741449579189,3.771735434307594
902,0.9432920187360689,901,3,0.010944898643638613,0.9990361403133279,0.42888938926005926,0.8720305454101495,0.5386103410242148,8,0.6933480764430275,6.156886255544757,3.542312941888784
903,0.9429083854263822,900,3,0.010994272544593292,0.9996963959869497,0.4281968494125734,0.8791360432560048,0.6432929830691482,8,0.7259767065643362,4.615228469416011,1.203631417938929
904,0.9429728960437295,888,3,0.007457416627965514,0.9992316505509843,0.4328612888316404,0.8608000979274213,0.6431703909383728,8,0.7201917664089527,4.840928834306109,3.6071806104466226
905,0.9430071133668433,965,3,0.011002086471651693,0.9892000492699368,0.42574712015185234,0.8605744969062481,0.5336912548681833,8,0.7023973219435455,4.664795108619428,1.1954801125993026
907,0.9427051875223478,816,3,0.013979432029042156,0.8935684413755621,0.3228461672668403,0.7878439032554394,0.5349576904755144,8,0.7293353203609334,4.855497883414633,3.5954435406378553
906,0.9428538685591841,820,3,0.007444277797153506,0.9239878680331174,0.4914349668343202,0.8602461668083082,0.6424257131304062,8,0.7098146898363851,4.76519656522913,3.9009285026442955
909,0.9429541285407081,900,3,0.013631329586927091,0.9989474016641846,0.32951135246362245,0.8570531408905119,0.5730848741992547,9,0.7280289801473139,4.67083117356911,1.2056304761540027
908,0.9429750855683547,900,3,0.00742508886535518,0.9999501108914327,0.4049574226064265,0.8617612702093395,0.637371215592437,9,0.7461127777367663,4.8226488101701825,1.2407366761248446
911,0.939093146071996,934,3,0.03944567686892489,0.9828024768761837,0.4051125676570819,0.864661735378783,0.6409071856683967,9,0.7109073475266432,4.611283827104385,3.582225427553521
912,0.9428631286411674,896,3,0.007646566017209509,0.895662046063038,0.34898472076679543,0.8556807455950463,0.6019694081912169,9,0.7757161386570168,4.052242498888361,0.0002686748177830366
910,0.9428758556444119,894,3,0.007659078864255476,0.9988526374128259,0.31893244338949533,0.8577108308689513,0.5759748392106957,9,0.7535013079772417,4.712153146596856,3.5282589550632038
913,0.9432975165510007,902,3,0.013084793524716335,0.9264940158755399,0.32090648588398485,0.8571873484676037,0.5756395529689629,8,0.7721122435526243,4.696478466667238,1.263614305013565
914,0.942880027012347,968,3,0.013307895099839633,0.9275536586238851,0.33095801727257906,0.8561685304348481,0.5737904195966568,9,0.6527633814772869,4.536684404129855,0.0034445832121351243
915,0.9428640939940169,896,3,0.013629776431247105,0.977905823550344,0.40657186319058847,0.8508312877078286,0.5740368021101747,9,4.818945240812503,4.558603951074557,0.043609582293229206
916,0.9429467793355547,934,3,0.013234317936259123,0.9758563426621977,0.3489007189013754,0.8539599428533573,0.5740397315697776,9,0.6307436155909959,4.308744430366075,1.233077984033529
918,0.9429426517998571,930,3,0.01301258023160094,0.97540920014549,0.4059779512683822,0.8523466576747335,0.5967820194653389,8,0.5844016692060465,3.753618190002993,0.021195179194713695
923,0.9427496501091642,719,3,0.008983997113815366,0.9769587652410799,0.3863541768989913,0.7897751859215585,0.5984860174325808,10,0.588732903918168,6.171976523900717,0.035792949408731296
919,0.9429601700841095,933,3,0.009126958094360007,0.7814109822232698,0.40655930430528486,0.8327245777153688,0.5974814069664399,10,0.579393367542454,5.680057019522147,6.74678440771146
917,0.9433086374158283,935,3,0.009357640963160456,0.9759369185221443,0.4074550568290502,0.862083500602952,0.6016153760435506,9,0.6307989770985084,4.0025392802458155,1.3002863644555038
920,0.9432746256867807,886,3,0.00951985113814749,0.9765941680466524,0.34840480923490497,0.8438546726175068,0.6004735492144964,10,0.5747221835488773,9.89916002713635,0.00033835499621675164
921,0.9429144624530235,859,3,0.009175682380969687,0.7841301024319618,0.387095489942082,0.8313966854255361,0.5744700063136365,10,0.6025541973148861,9.927276286348294,1.8462245481948345
924,0.9432617348344581,858,3,0.009090248514871741,0.9734851965423854,0.38502242897957406,0.8283817424805595,0.6050396775131245,10,0.5756870234750173,6.117229587438873,6.4150525162401095
922,0.9433157904195377,853,3,0.009204312829772628,0.9770876123012925,0.3820075583833447,0.831050878715429,0.5711094270387165,10,0.6156448686471546,6.299920846545587,1.7854129768692846
925,0.9434022557697471,863,3,0.009002849791531108,0.9702945479135902,0.3857519354604493,0.8314301879964486,0.6001880159873457,10,0.5588130857694878,6.050128769211966,6.437919534616402
926,0.9431842373513156,868,3,0.009376930860469401,0.9719953245163172,0.4771705486343451,0.8338345913761663,0.6033543762289133,10,0.5758025208099047,6.157600183305923,1.8166924928153816
928,0.9422534712679578,861,3,0.009294693792699434,0.9668830686912231,0.3720698213450336,0.39517415660518984,0.5357110644528964,10,0.5696969917677004,6.154428429160947,6.915788333613842
927,0.943084764262817,853,3,0.009164668577221927,0.9720712198915067,0.3825107443419551,0.7908653274109791,0.5358606903952375,5,0.5786637384710047,0.06954513422442006,5.932250474649212
932,0.9431122689918459,856,3,0.012289322272474375,0.9663078476789664,0.3718846018230131,0.7896410241740072,0.5383541910046974,8,0.8232731713388992,6.288128919884121,1.7769451440519448
931,0.943195239242927,866,3,0.012070735427265817,0.962980012730526,0.38228965576779184,0.8297548483634807,0.5355956830590627,5,0.8433121938611339,6.370565002749083,1.701201563401487
933,0.9423194815740021,745,3,0.012055097230344185,0.9649429448322009,0.45548211956466234,0.30045445328601844,0.5360708770029049,5,0.8365151171488023,0.11463612049837474,2.134861310278436
929,0.9431775153646083,859,3,0.00949549832203318,0.9681608059352236,0.48153253248779204,0.832710461336161,0.5368414190383348,4,0.5567946137760685,9.97022727048183,2.1504960620604985
930,0.9432634849930839,851,3,0.009467126226454266,0.9644608910859701,0.48215226954123575,0.8309295287526,0.5358952560383754,10,0.8543967869026022,0.10320884962456492,1.7385717546809383
934,0.9434115408987231,746,3,0.012297016688882193,0.9633447933985959,0.460020240199022,0.7927171820618122,0.5388229152624949,5,0.8270161859238614,8.078524285679014,2.0075943685558095
944,0.9403876628490249,237,4,0.008129075781570636,0.935360338136439,0.4894198708385944,0.8062872038510517,0.5069084280685398,4,0.9550378703463822,8.120306936045463,2.848302079330945
936,0.9429571487905966,874,3,0.008606139857514381,0.9568383596189733,0.3719526341291467,0.7982200850642003,0.6251380329920959,8,0.8245034045565263,7.994701883363147,5.6753236233511535
935,0.9428187192792109,879,4,0.006958029841608265,0.9607368977304713,0.3701640958718625,0.7951272775762936,0.6234226171094095,10,0.5309483746862638,7.821194978295252,0.0009453783221467793
937,0.9426588933741792,880,3,0.007004591196674284,0.9595473017848865,0.3704328928409161,0.7893331360764799,0.6247681228202296,10,0.40240833476301696,7.8295262846823395,5.846901037436374
940,0.9429246252703745,882,3,0.008028687779019538,0.9318757826661281,0.4593766912436523,0.8081562377330825,0.6258505433911912,8,4.321714309159242,7.763422014334912,7.772861259350804
938,0.9431033251281473,845,4,0.006927271948627959,0.9310541495035916,0.3675990744505371,0.8081516081629737,0.6228024075445089,10,0.378064553614914,0.018781289723683727,5.704426112882782
939,0.9428413231466379,845,4,0.007839127494647173,0.9358057626019047,0.4218685220493713,0.8064371573704816,0.6171192307210386,10,0.3806598591831518,9.940605547058842,7.560871358945561
941,0.9428949717180837,875,4,0.006812108198368966,0.932950917317536,0.48733478343448755,0.810501792507599,0.6290560007776183,10,4.321414602270917,8.62011448955232,7.6354072905766
942,0.9428298077916729,883,4,0.008578221125286587,0.934234922809962,0.4151160819153108,0.8083777396501697,0.6660315741268529,10,0.416699164711484,8.051712549256939,5.354121750828259
943,0.9429976122075537,886,4,0.007996618590298371,0.9399420941154331,0.41804111053559856,0.8099316289749262,0.6235585010830753,10,0.4377200234368972,7.3765271497372344,5.591421345823575
948,0.9426810390903617,749,3,0.007937770846568265,0.9245150571370931,0.47622266179185285,0.7759391000643127,0.504623024356219,5,1.1234375473270632,9.89937229491617,2.6581158057697083
945,0.9426745644427086,882,3,0.006643828395908752,0.9080977374451816,0.461145686805486,0.774992994735426,0.5070450974101567,5,0.9863111661468547,0.017380455459833657,2.0449751190546306
947,0.9429034209036734,912,3,0.007871844689848435,0.9255387881597853,0.46248610790886424,0.7770529622585457,0.5106889947528096,10,1.0226780784440226,9.912926157620873,2.40928676441645
951,0.9427629667603654,751,3,0.014397955497286579,0.9082294335908826,0.4642172421729866,0.7818471687079671,0.5032707186534485,5,0.9775931992094836,6.557789965358455,0.0014128914303155927
946,0.9430952610400727,911,4,0.007885304397083664,0.9045011958022942,0.4589489686879652,0.7724821317095225,0.6263880391115055,10,0.9958596605323189,9.957544618487066,2.625324492405042
952,0.9425732848398505,748,3,0.01399430673339642,0.9038939559358353,0.4688084718981187,0.7778344531026585,0.5022377375859575,3,0.9400728405226357,2.502283187432467,2.819933399576469
953,0.9432840214399754,740,3,0.01459740254851449,0.9133599341621998,0.46726753434957996,0.7844937798811321,0.5164652746771952,4,0.9528135961410596,2.419853439136895,2.649908328983862
949,0.9414135234934428,756,4,0.014512340858200542,0.9243923608201566,0.9754323518439185,0.8152218391811117,0.5076385238486734,3,0.9858969602329046,0.005898807984050514,2.6834626413844966
950,0.9431483617085498,754,5,0.008251160750715919,0.9148735734086315,0.45815324439078964,0.7735869748028001,0.5038509025048965,4,3.53359681424838,9.860532109359028,2.867803397242972
954,0.9429689469678559,748,3,0.014308579095403012,0.8994680508434895,0.4648814680086835,0.7698263070925682,0.5036615543960488,5,1.075330104278767,6.021802001068338,2.6906762266968958
955,0.9433310649106804,752,3,0.014532199198081547,0.9090469269278586,0.46199313987894863,0.7727487643246691,0.5086693166839998,10,0.9027635542794138,3.496280818439841,2.5034903915584716
958,0.9424576585282101,537,3,0.010065994890519668,0.9860996953869829,0.4416406184178268,0.8233328742929352,0.5526735178103677,10,0.2763085039212917,2.276355528455499,2.3286469018417586
957,0.942648100207508,754,3,0.014472120550676934,0.9833125186532785,0.43891662102966317,0.818767128331089,0.5139707163437109,4,0.9442148949266773,2.3003882108613207,1.3446429864674365
960,0.9421449676949104,774,3,0.010099609200143692,0.9843080910220926,0.4425509047992468,0.32718188349662697,0.5215772579898965,5,0.814230516793383,5.622075577612211,1.4062953555957778
959,0.9428637360307441,776,3,0.009952820797954311,0.9843720907992451,0.4428950741335871,0.8214014267062238,0.516035409251914,4,0.290943822566339,2.40854342969517,1.3606592276665515
961,0.9432034755290776,779,3,0.009886350242052597,0.9535551495000825,0.43868415743989864,0.8423793357047376,0.5511600793633354,4,0.6800871792619159,3.4504338911966226,1.3530353591761581
962,0.9432868225286765,773,3,0.010032287129387111,0.9835593001706586,0.44754543525366824,0.8444464725513714,0.5507176063305342,10,0.7829213479503245,3.318847350268697,1.3061334716307214
956,0.9426772408182578,777,5,0.009996375054789671,0.9862431123262161,0.4546727161820431,0.3217045266394902,0.5129559536870412,3,1.0508166274747526,2.689402587300355,2.70725275473972
963,0.9427855158374954,772,3,0.010109750855639,0.9853356859164621,0.4404388468352217,0.8442848033317639,0.5525705535160663,5,0.6792919545857112,0.03556483539368433,1.4025712361907225
964,0.943190289330964,776,3,0.012510326918886532,0.9856261276357737,0.4369387856365554,0.8940704179052655,0.5500370264091022,10,0.24138024758110627,3.341747664838077,1.361402444267659
965,0.9429265987646864,778,3,0.009858639919961922,0.9822237131717212,0.4410475477542672,0.8920468846781857,0.5501574198835203,6,0.25723158360896825,0.15542842473929527,1.4201812915136884
966,0.9434646666141931,780,3,0.01256453712953553,0.9853285725529813,0.44456356083898585,0.894323315033677,0.5503017233192958,6,0.7933120603699524,5.527769046043553,1.451260852983084
967,0.9423926375783832,780,3,0.012394542090159723,0.9541297584356306,0.8694009330602669,0.8448618461213532,0.5494616327041207,6,0.7833984502241107,1.648513934153779,1.0863013483767752
973,0.9424129684312085,398,3,0.01253026703191812,0.9544828558008368,0.8647368494219766,0.8855479567802405,0.5375705461261324,9,0.5109702348987044,1.7687330247578255,8.626638019628919
968,0.9429065058582934,779,3,0.012598863240868058,0.9540672402221955,0.40444714866735976,0.8904537713611598,0.551334290377598,6,0.6775220717764051,3.6508279859595976,1.0651794891600468
970,0.9429983594428405,723,3,0.01279026901398697,0.9525348764244514,0.40835925965459163,0.8896260368536055,0.5494153073877144,6,0.5184746723715777,5.529425553666421,1.0204663106269984
969,0.942972127414136,788,3,0.011994905903587151,0.9558153684482338,0.5007180668473921,0.8890750340840551,0.5514737867512355,6,0.6520234434056766,0.1766860447195156,1.0836429230124318
971,0.9429878188333474,717,3,0.012691005429422425,0.9537052787724396,0.5060597741758951,0.8858651900196123,0.5343181099894337,6,0.5279485266752783,1.749501154083004,1.7873928544781408
972,0.9424245672761498,729,3,0.012736306945262744,0.9506282098399296,0.4112540541104995,0.794660647040876,0.562935621997659,6,0.6648414685165707,0.0031649638296095887,1.1348566633127488
975,0.9431712786633872,713,3,0.012571087565656136,0.9551845000807327,0.40589132772168995,0.796783293991147,0.5316583105348431,9,0.5247337716041944,5.404093579388885,1.8273782693533864
974,0.9431115864612906,727,3,0.012645521209590688,0.9521480757361235,0.4033385846721544,0.8876644382792085,0.5365031763200223,6,0.5053980108126652,1.6935691844554108,1.9414058269679295
976,0.9433144284893012,726,3,0.012885873052749273,0.9450263919206312,0.4929791876465496,0.8967761212567537,0.5315660412047918,6,0.8053245268832877,5.675357552991192,1.9880919151099563
977,0.9423495609251716,725,3,0.013171987688194373,0.9564358899771579,0.20400360959598035,0.8941106241602692,0.5349586419704067,6,0.8307161290963408,6.787301234200607,1.0490494701398934
978,0.94323026641881,719,3,0.013213405303961905,0.9997284922035443,0.40527673155455535,0.8836616279736267,0.5314530020640431,5,0.8323470990042243,6.802547684102303,1.869422892189358
979,0.9431874099704105,717,3,0.01351699725805086,0.9599868204377442,0.5073496477597216,0.893159393088272,0.5290722148438994,5,0.8229869631824691,6.7275890656173996,1.7988823534574963
980,0.9429027195878735,733,3,0.013311949268363033,0.9661656188640622,0.4199705784661328,0.8795880397452258,0.529347152510738,5,0.8303722935332046,6.868408414360475,1.9011519167393252
981,0.9431932636613656,727,3,0.013351528681656155,0.968565681213933,0.4222717235152234,0.8740623009082242,0.5229334899606968,6,0.8111571506625577,7.111133365522914,1.7830139234173625
984,0.9418831827873392,324,3,0.015780945460296934,0.9689388895740044,0.42214357682581655,0.876035488472018,0.5283915912027878,5,0.8209322577724734,6.919495760069977,1.9356618788602733
982,0.9431670968592052,799,3,0.011466134645096068,0.9707752988841732,0.3504808641938952,0.9008816263613576,0.5276565978213837,5,0.7823292527864929,6.676991182663754,1.9508184313450945
987,0.9420880317056526,305,3,0.05550219114909539,0.9877284857780405,0.42329022519940207,0.8775114368323925,0.5877258261588238,8,0.7866629776821281,6.906953298796429,1.5784979295225632
983,0.9430870477136656,732,3,0.011400430062827257,0.9984524005290054,0.42177513820401624,0.8811399398703745,0.5288618157151019,5,0.8416633792953818,6.414167976327671,1.857669249847587
988,0.9402268919418251,911,3,0.059437099161225984,0.9993434831880703,0.42424101103759854,0.8790080202912119,0.587909161561306,8,0.7840813394487482,7.807844025369478,1.6231814506205335
986,0.9430007796085251,911,3,0.011291662203736338,0.9686977923082394,0.4220696659991125,0.9016628736504465,0.5883230106097883,5,0.8690088811497161,7.0303751900210605,1.6828284406927774
985,0.9432864332566624,913,3,0.01137165390567255,0.9678681719214769,0.391741181454917,0.8991199342742321,0.5265784370358897,8,0.8254302051018886,6.774131354341434,1.9551382647931226
989,0.9428345688075647,802,3,0.011498749426090124,0.9855359677299679,0.42361409209020495,0.8742597741681527,0.5917272367826625,8,0.7495533025487978,8.029426405950034,1.5744740984933152
991,0.942446409297544,803,3,0.015992200986477734,0.7346147619742545,0.3894897338968973,0.4518658052668714,0.6598895634254481,8,0.7357821325987237,7.573205489813733,0.8819217846672882
990,0.9424225353388543,915,3,0.015739324194235144,0.9864906465704844,0.3504027558713741,0.8716019667045315,0.5697019067554352,8,0.733436330788161,7.686104618095876,1.479597850784694
992,0.9430135765346247,912,3,0.011320428010619443,0.9999503388110813,0.35233979597145604,0.8738456336897338,0.5820932778530938,1,0.7078302001332016,8.490332740246103,0.8723072424744621
993,0.9432836666075767,906,3,0.01113210135827158,0.9985284248566207,0.3923711073626373,0.8499904352565775,0.5724443706103469,1,0.6671678848335126,8.426307056895755,0.8866913276548857
994,0.9434476701422918,906,3,0.011524288309577644,0.9865129737866606,0.48004493566069684,0.8690184706973021,0.570120036046599,8,0.6980455378521145,8.007529915977981,3.870587045597045
995,0.9430447694333512,805,3,0.011333561305990192,0.9848262373246137,0.39549444767222736,0.6531295597713025,0.6581347933037474,8,0.6853554946043534,8.203257481562993,0.8810353590116529
996,0.9434222724915369,750,3,0.011296930765362733,0.9987275695093247,0.39289433635169624,0.8459076348411241,0.5678995526662717,8,0.6658242919441352,5.270322225044523,3.9570491678040707
997,0.9422894533604435,795,3,0.011421159483806266,0.9998442743686323,0.38946546245791963,0.8462677027742456,0.23310050632642898,9,0.6841098757831677,4.932308575554237,4.152022493984245
998,0.9429427968636906,754,3,0.018811631971101802,0.9993538384875164,0.47624071452243816,0.44522975827973976,0.32794016402300413,10,0.6743581803716538,5.1255497992953325,3.7112083493115846
999,0.9428777842628616,764,3,0.008830795082443348,0.8777329280490334,0.3863612607400647,0.8510551055946809,0.5685004229228587,9,1.106715843666786,5.109380093154833,0.8902772299218104
