trial,score,n_estimators,max_depth,learning_rate,subsample,colsample_bytree,colsample_bylevel,colsample_bynode,min_child_weight,gamma,reg_alpha,reg_lambda
8,0.9408135175614799,465,5,0.13327842188744307,0.6971569499365832,0.252979294457597,0.2854871646785842,0.6124476262479692,3,4.96699070707839,2.828473869600472,0.0010183557543513061
4,0.9413574255348207,295,9,0.06333104120691292,0.5215160167835772,0.6813811404314176,0.5465209806484884,0.7320473937711606,6,4.722331699726259,0.0011603790771300899,0.07118120973281855
3,0.9245883364962466,332,7,0.14717394495552016,0.21169987923130523,0.41686214875030886,0.7083720019774624,0.550884606963768,1,2.8887739266011545,0.0030978525792401397,0.5901063632215575
0,0.9403005572350608,662,3,0.04943683387004284,0.7952720666838106,0.7475241402885215,0.4188066427357665,0.5352885379221818,2,1.2589226465741925,0.02826011412146505,0.25632638249311057
2,0.9397873474823377,619,10,0.0751705086947286,0.9847908219972036,0.9444351162810934,0.958147207315537,0.24837816162588597,8,2.998011018684698,0.23041341723897038,0.0007114602191559068
1,0.9423181801739986,400,6,0.011044796784196707,0.37659908825429755,0.4120838432909367,0.2651251199109465,0.633275893432599,3,3.1176907779512453,3.8246610915852024,1.3152341913423529
7,0.9227356761831256,829,4,0.2321436049582287,0.35288392775450605,0.2819055727221219,0.661962458427951,0.9507407890423821,9,4.863946514955049,0.00012875542858118113,0.008967125252881417
5,0.9440085224062988,407,9,0.020051308221244853,0.6598014235707235,0.6400490606679979,0.5728129643066914,0.2935613356066051,7,4.419033272718139,1.2193516956959234,1.12022118636664
12,0.9394191712981165,224,10,0.06511528363192018,0.23894354181036298,0.29200835674778086,0.8619935309501014,0.25916439969963445,8,0.8163173626445325,0.10125743210996936,0.0025997108583960143
14,0.9315970277818948,237,6,0.14648720595141373,0.4027135377491556,0.489594087185903,0.6818643148092209,0.9075041773563817,5,4.48797485475329,0.14818832537122734,0.022661749747086398
17,0.9371924717171967,281,9,0.18754559093371403,0.890170803050692,0.36304179640566636,0.2483825251612733,0.825319083876269,8,1.6758777429848115,0.0024544306548234082,0.00755986527351801
9,0.944011820260358,663,8,0.009599288245998207,0.7653276300475325,0.3905016369439702,0.23348485911041117,0.9356401035840108,9,4.919066900094575,4.352602792079004,0.0001458417191662948
6,0.9421951900464585,587,6,0.023401066058593854,0.49562749232363806,0.96848302127988,0.8940653704427471,0.32262246603101935,5,1.2404834530124358,0.0015202088265439367,0.021858153318243246
10,0.9338898128098378,808,5,0.1461563561410554,0.6260284638297668,0.7698256681908818,0.743405031003,0.6415347084196585,3,1.131910604388577,0.13489094340178234,0.006521725767467097
13,0.9427123238280621,714,3,0.009378938131989877,0.703062463440575,0.26911881113553077,0.8939671838215304,0.7280790935566361,7,3.553002228752729,0.023097999612589598,1.6454272977803863
16,0.9420203150732199,273,9,0.036803686840493496,0.9300234932691479,0.3660628873615857,0.6632204055238496,0.5224932610782137,2,3.362065887425301,0.007193174949615145,0.01821850283480585
25,0.9360950732084987,101,8,0.006026686290311529,0.850615534626091,0.572018712827818,0.41990710809253295,0.4007697647587496,10,3.9879159583239283,9.834099411287346,9.011355551769025
15,0.9314549549766736,472,9,0.26636042047206265,0.6900516590933792,0.8009231718822731,0.23119243676965892,0.8954639604268545,3,0.07299041018241303,0.018416440352469223,0.010465349186763012
11,0.9412586652419938,724,9,0.040681563765940836,0.5433423653387137,0.5473634376648211,0.5490838617674977,0.3418429342606335,5,2.172201669884344,1.0188469310061645,0.7426310774273521
20,0.9433271033113106,515,7,0.011643847460351494,0.5858714617390978,0.580683781893476,0.4395187324253826,0.3594087362061052,5,3.5866369878133098,8.557983271699491,5.159107434746505
18,0.9193763573252426,859,7,0.2649409538174916,0.277749189194616,0.586204653475363,0.9686672641404653,0.6093171329562842,6,0.2644493962088412,0.03652386030171217,0.007217568357823833
21,0.943376132799824,902,8,0.009554622480208535,0.6325010159339812,0.5905373053506251,0.45710713227406397,0.41930415514132235,10,3.99880039837255,9.375827119160068,7.462355127473655
26,0.943754044958893,995,8,0.019186413420609998,0.7630607539068356,0.5778983667356208,0.40098359010573403,0.4155834234784588,10,4.1255496825467945,1.023298106286459,0.00013701051654722737
24,0.9431093604098004,925,8,0.006308257947075038,0.8260377565603919,0.5427854208092282,0.42304347317274593,0.3945573530206757,10,3.986892493977736,9.032292138455377,0.00015842349551305136
22,0.9435688506245979,918,8,0.005472109487804154,0.690669774116304,0.5861669504898227,0.42816887650517743,0.37499318773041157,10,3.839122463153142,1.0652122446862515,8.775165586090793
19,0.9434896582949388,921,8,0.005746482251411776,0.6724352427904601,0.967864524301441,0.40060642207983804,0.4092894008223159,10,1.8168583280986765,8.41821111670057,9.626242297999376
28,0.9431871010574986,945,8,0.019706604733131808,0.787047439080375,0.626100639597763,0.3699230014222076,0.42034459049796435,10,4.057088044795433,1.1390687350509359,0.00012553902466179383
23,0.9433469927108866,971,8,0.005593021618464759,0.7085310264108869,0.567918916872209,0.4366480925281515,0.43740927442449123,10,3.869570263382643,9.43629422263198,0.00010280222249117933
27,0.9427759212737948,1000,8,0.01847093989147839,0.5781795217419454,0.5784680800914628,0.3975935285595784,0.4224965894865218,6,4.215237559000029,0.7036565082913653,0.00011211805473688973
30,0.9434469051653849,469,8,0.017589149424545734,0.7838418541698021,0.656318583723855,0.3626476831404265,0.4443441838092569,10,4.001950478561995,0.7798705861149465,0.00021511268421173433
29,0.9430800883023384,1000,8,0.019939312441881255,0.7768606639577074,0.6698420390562665,0.4868016693760932,0.43171219751754997,10,4.191105660492838,0.7480870878769857,0.0001531174753776338
36,0.9435533475796454,757,10,0.018074820586208178,0.7563963942786207,0.4799141350926922,0.329505179340782,0.20977869896590035,9,4.431560368929342,0.4425888641387571,0.0003743372118992814
32,0.9438950824884096,989,8,0.022429789910435448,0.7856405723149652,0.6649485805730272,0.3510945245211566,0.21174992572522228,9,4.2557907987593175,0.9265712768485802,0.0001272010564684572
33,0.943050280815404,972,8,0.019006351478976464,0.7386329749080998,0.671562433154779,0.3082577704651514,0.21539900659825562,9,4.379640974540961,0.8217063133196918,0.00010503003998627268
35,0.9436006749162695,993,10,0.01921720490062142,0.7424152752186615,0.6602850604619551,0.32904305042074794,0.2032249840185944,9,4.500930748285758,0.7207011606943688,0.00011856785957936432
31,0.9435039006412511,991,8,0.0176684179726226,0.7790144296152873,0.668746807176665,0.3435151363559265,0.44330504186197645,10,4.181273094339838,0.8058672221176794,0.0002158213961882763
39,0.9428591639109236,746,10,0.030403562266235695,0.7543504497750176,0.47860809660781567,0.5677727169350892,0.29285396965358307,9,4.383032271484721,0.38015364248809513,0.0004727623019324124
34,0.9434414574444391,757,10,0.021633562081735867,0.774553909704726,0.6650802845590112,0.3464230253178663,0.9995562385348856,9,4.352243042946303,0.6634153683145587,0.00014457611510925556
38,0.9427815318001944,753,10,0.026807903009908186,0.7804841279168481,0.678172121327061,0.3262294592009756,0.21824289932090096,9,4.459104037717447,0.324644252239181,0.0003379381634049828
37,0.9434689945258337,762,10,0.01789895694239578,0.752967242605603,0.6836971824168554,0.33203328114699976,0.9983138929362432,9,4.56072374126142,0.6164485195364388,0.00031728748056013495
40,0.9441542865120921,782,10,0.013964933045678677,0.7482977946829418,0.4803846630785458,0.31242506332092324,0.2873776852612564,9,4.485716746488771,2.72471608646112,0.19313330870494505
42,0.9440269319460473,648,7,0.03009327606769059,0.8647623688303592,0.7427547666195048,0.30609876957566684,0.27591614385098184,9,4.595313108297052,3.1447313145395968,0.0006068197636899684
44,0.9431575320388088,382,7,0.012849304724159863,0.9890649720732156,0.8621475519983286,0.2074970101810576,0.28590805952941395,7,4.637238795711743,2.4191861176406815,0.0008487211880852429
43,0.9440003289087612,682,7,0.03113502031839049,0.8486454412173247,0.7265210229120678,0.21948586607594248,0.2859966178355124,7,4.603323204340955,2.7183258029037884,0.0006881846030842328
45,0.9434000015403902,628,7,0.029869210254968675,0.9509334002169952,0.8781191210196226,0.20621471840468308,0.301337297411557,7,4.697134677834942,2.4725240503049024,0.0006250375923127229
41,0.9437390438974222,581,7,0.013788505141939933,0.8553611398320766,0.7202197860295835,0.5409847912107238,0.2926127587881568,9,4.470423116562957,2.5427881322480714,0.11813830267209767
47,0.9441645902187776,636,7,0.013637019038914847,0.8395739917291065,0.863238844039327,0.21890675397403314,0.29469258097254913,7,4.725162732491621,3.426977780084582,0.0013406574235539357
50,0.9436809223505025,635,7,0.012829103703680874,0.8295968135027629,0.7274747335357666,0.20251201860282492,0.2900451212527711,7,4.998006015343924,2.362906724024619,0.1743866932120105
48,0.943539176199813,619,7,0.0137257453375599,0.8627384158656983,0.824064208164044,0.20224758046536392,0.2936690490552986,8,2.68277350851964,2.295337531138074,0.0012742260822951636
49,0.9436807178000608,635,7,0.011639225349720186,0.8550430149711619,0.8190323351575663,0.20056002640544907,0.27447976427070153,7,2.7714400993691206,2.811751977189353,0.14959549102623568
46,0.9429347880877252,598,7,0.012618109830512722,0.9992349693970121,0.8431330726375128,0.6108744452914813,0.2836088790698884,7,2.795181734247262,2.663636042666762,0.0017079887447587559
51,0.944043355467987,601,7,0.01357725288930222,0.9939214201755411,0.8459983771514833,0.22433328395732652,0.28037203722977777,8,4.825859876997098,2.458521172432572,0.13570211821406183
55,0.9431217732820096,687,6,0.05066166136582786,0.9169158498442834,0.8039428642268206,0.27595989460279297,0.25744336322929134,8,4.784460679802126,4.429764765231694,0.0019899211870480042
54,0.9432621564588377,672,6,0.05422811836840174,0.8488369138942585,0.7347207405892182,0.26948640024012355,0.512098986143722,8,4.919756779925098,3.6374020682161423,0.0017289322943874691
52,0.9436648181777215,609,9,0.013688607264675988,0.9327782242045168,0.738027711396044,0.28178125671560417,0.31384824831076596,8,4.798926160065401,3.9102162650814862,0.14489092694049302
53,0.9429362961254203,632,6,0.007931568232147466,0.9279575291241173,0.735114517607252,0.2725747420948861,0.2954399735217706,7,4.8830763938728925,3.887110904212008,0.28267240546160555
59,0.9434425501195024,546,9,0.05250899850674174,0.9149542334591027,0.4315758535591429,0.27783295770634786,0.4970340554700736,8,4.829466401255708,4.528854585782245,0.002202423693369171
56,0.9432240098887197,555,6,0.00855578282014844,0.9031380680787543,0.8163759606252105,0.27306376321209547,0.4889174489626349,8,4.973792892099572,4.100066209266719,0.002609702239799479
57,0.9386615258548732,546,6,0.007821693647660185,0.47853267189095283,0.20822460674773857,0.2811371431138864,0.477759129980387,8,4.797306325079522,4.690732599262244,0.00275994446945949
60,0.9432349836024642,671,6,0.04163109342263989,0.9064144102375242,0.9129711812259482,0.27616812248991224,0.3432352431976215,8,4.836154468462184,4.283180612560455,0.45211577900910815
58,0.9410518657891117,558,6,0.008018268683904834,0.6376866913064558,0.32776232778344455,0.2808852392766027,0.4872552474787675,8,4.8402020466036175,5.773781660068399,0.4741993060401869
61,0.9425195621710507,538,6,0.007678496072871036,0.9338898619225714,0.9366155610445364,0.27848888172934494,0.33588090139538923,8,4.818730814037586,4.56924475225053,0.4238815702607514
65,0.943493769132641,552,5,0.009577538301670772,0.6459175355136932,0.9158305563232785,0.7794398346900937,0.33768675476972176,6,3.7427155090019077,1.6623962720087693,2.430908821375138
68,0.9379375654861455,828,5,0.09731437938904847,0.6218628869753096,0.9363155663150206,0.2468925778033435,0.7702811020419973,6,3.688183635140631,1.4181710466147905,2.58614722457142
62,0.9429413096984899,547,9,0.00826700266567017,0.9523401957518108,0.910185025075489,0.7705824629455809,0.33659289146542803,8,4.840992492735523,4.773457576260217,0.37000289053693114
70,0.9415903573502478,819,9,0.08232283746436209,0.8147507315088249,0.7727146400228828,0.2387908649720763,0.7803495173198653,7,3.7392966833228822,1.7701090830013375,1.7406159077674819
63,0.943722078734262,539,9,0.007325201093063323,0.6395564609398717,0.8953423162360797,0.7734755866678552,0.33639885560372706,8,4.791136504776161,5.362229267673651,0.3764656698488815
69,0.9435561017052347,812,5,0.015321341643058142,0.6710812761023734,0.9996007048069001,0.24741738194862423,0.6848370939501974,6,3.802799825209407,1.520883688609451,1.9056418689159682
66,0.9442218429481329,820,5,0.008070360054289247,0.6535246729983285,0.9197164833838467,0.7816639525294571,0.3409067355457257,8,3.7161572546136923,1.4663367588509724,1.6200118990503158
64,0.9434589183293329,565,9,0.00769141952846622,0.6382844259059218,0.9114421572705963,0.7577745878210098,0.6875015399623012,6,3.662229795989268,5.445771954088056,0.4573687466938207
74,0.9432866148473605,714,7,0.028342520557934247,0.8117793272598165,0.3883379347939976,0.23719505471169358,0.23549015956739494,6,4.55650157290073,0.0002716488505060655,0.07957055609827497
73,0.9438340753191878,699,9,0.015084875637806507,0.810607648159187,0.7745095274328354,0.2388806008163733,0.2430345714286163,6,4.5752259215372355,1.598809397238725,0.046452950808870686
75,0.9423926052260174,706,3,0.015415466625676486,0.72127517847977,0.4049045170032656,0.22393250258222636,0.5847593960257886,6,4.61727639054197,6.845225400740904,0.04384555195959823
72,0.9433154752448777,806,9,0.015349935031660496,0.7187370944551256,0.43476332851434263,0.24043446305918617,0.7177735078451718,6,4.669639170981716,0.00016071748676896726,1.0549307143377245
67,0.9437854528443083,793,9,0.007184270444358678,0.6555198454763036,0.9217839598331871,0.24300576421152725,0.7856587016973402,6,3.776699636308253,1.6303720414107692,1.934572029639498
76,0.9414734160714824,789,7,0.03507316841376183,0.8851876765142779,0.7663106429012336,0.23224614654861564,0.6508247360299961,6,3.4283568370676347,1.5458545407330364,0.04246088536418882
77,0.9415393053170613,713,7,0.010527274965064101,0.7232905173212517,0.40251036235447246,0.23239317216187638,0.37240784572756663,4,4.616424504645254,6.9293311009059595,0.045339917222220076
79,0.9430738792571722,864,3,0.010510239712865571,0.7296762291281484,0.7735229749734949,0.8157351850632446,0.23837246012143626,9,4.26292432407034,0.23792594737750775,0.03973579674263289
83,0.9425233192199789,785,7,0.035168242854897634,0.5968072588338329,0.5352251253770441,0.30708853013050996,0.24707043296677475,5,4.306956078895586,0.18715538942329757,0.004523450491192136
71,0.9430453736920539,802,9,0.010252203417810213,0.8173765068173265,0.7833006643369042,0.7713110228782281,0.7329371413910895,6,3.6679871242701236,1.5909226823086118,0.04279167123860644
84,0.9406908050381106,877,4,0.04184816041263501,0.6026240799291877,0.6249384157138335,0.8616063406368085,0.36906601934931765,1,3.092256069148732,0.2130871583132278,0.6801735562587355
80,0.9438327196506997,878,4,0.010691703176798906,0.7121456286808211,0.7707817680146913,0.8674397884873224,0.3681563079326178,1,3.2780939586407123,6.960931138287098,0.7171884861976014
85,0.9428338894078834,876,4,0.023858623414025754,0.594653449849775,0.5155958085371954,0.8393786256390992,0.36904444598717623,7,4.292904070027705,1.0965095245966279,0.003942698936808804
87,0.9434649953559744,440,4,0.02485458912160902,0.5839988698415886,0.5016551204035343,0.8782666976972135,0.8749551019658689,7,4.292720019506532,1.1583556146880392,0.7660420966545821
88,0.9430989784312622,495,4,0.02422679424494765,0.5450631885967911,0.6144657571953871,0.8794230005247471,0.37405655636744584,7,2.977279898223429,0.4833091889898939,4.689755326762456
78,0.9437458175435525,882,9,0.010721767273322224,0.5769781712444839,0.6249709282515508,0.9409653833560017,0.24838379669451047,2,3.3630837511369824,0.20289778985888138,0.868509992937127
89,0.9439751452010704,386,4,0.022260281028128548,0.5471181304110622,0.6114994678424764,0.9146236035830235,0.37035971266208323,1,3.9148334804443214,0.07934471120400716,0.7541753253488228
86,0.9407309699784031,875,5,0.025554950221292866,0.57756507514961,0.6301826406032532,0.8119205461250815,0.8998510543514578,9,3.25655311912032,0.2523200937084331,0.003821831412326627
90,0.9436396908257645,443,4,0.02344429715558293,0.8731556728565857,0.6332158213092726,0.6994878497610828,0.2642090500022056,9,4.151145436314675,0.4884737751998271,0.00020942219569122883
82,0.9427695572503604,877,7,0.01071441497852063,0.8828948043907953,0.8454390519689472,0.8106033331320139,0.37294791184057924,7,4.238783827947967,0.4630800091444503,1.1072532050419115
91,0.9429476883326704,498,8,0.022941468776120275,0.5654012926805022,0.6949978852230221,0.30697069649821085,0.270262342538801,9,4.138171797082029,1.0932558637410643,4.095543873599222
93,0.9439038353687875,492,8,0.02201698009553374,0.5529194912056968,0.7084880519115141,0.30481110208093,0.2687432680916108,9,4.4264609715396235,0.5429465281501222,5.517393787846614
81,0.9431639816394689,870,7,0.010764823944547723,0.7210841520084774,0.6105543550722203,0.8506880359054331,0.5713391260594559,1,4.289230016669453,0.1805250320087522,0.7836412213830204
92,0.9427198201842988,376,8,0.023139574757248902,0.8792151197420596,0.7113094517228999,0.9235155137124732,0.2648919858353859,9,4.141311238970639,0.4766539142565495,0.01300910048743627
96,0.9437978500621469,331,8,0.021242226519402583,0.4277846881537407,0.7085635316203786,0.707281461603932,0.3080333130014628,9,4.112836875462753,0.05191387023472874,3.321853614474826
94,0.9438971926975576,658,8,0.02209355990151997,0.8672749106179362,0.7085637267842005,0.30723443431998776,0.25831551069706904,9,4.111022154564984,3.0585225860444814,0.0005767541847554624
98,0.94197125531959,341,8,0.032661526154326014,0.4728869399907557,0.8626589653633889,0.30553424026421183,0.3150244057958637,4,3.9185411902788747,0.03955104732035921,0.01165238931843059
95,0.9436791064435205,651,8,0.021359386133309514,0.6878203160400743,0.7008502815528745,0.3037273924700777,0.31342010631383566,9,4.110745881172836,2.8659535461443353,0.00023019979899495613
97,0.942360549249662,365,8,0.032898947040103904,0.5013697021315466,0.8479750132037013,0.9921919956044447,0.2669235734867991,3,4.108232373630561,0.10121266345379146,0.012955302688410483
100,0.9437381672526725,363,8,0.020804311849026664,0.8352090559301089,0.46297428560489357,0.3792705570033783,0.3180189263560193,9,3.9196594026883727,0.06381381504942597,0.0006205153798017948
101,0.9438812356758597,346,8,0.020289433373859127,0.5068009589149775,0.701683563403257,0.4821042275130609,0.311831682327808,9,3.9486651032193993,0.07244633531129993,6.457625860445276
102,0.9426328538942323,357,8,0.006542271292519802,0.5003062843825182,0.6965051054116047,0.63443993957678,0.31736168637596285,9,4.0002030382869505,0.08660016730352099,3.638948802304492
99,0.94349871591373,339,8,0.020831045818740918,0.5178104595977147,0.6906476422206517,0.990152333926843,0.3935624372096722,4,3.919664413060766,0.043680445011054246,0.0004970890749847198
105,0.9430111104494531,405,10,0.03341018521252045,0.9715151395052269,0.9637065187497779,0.37254290000454554,0.32647567145644246,3,4.415746607272984,2.1328770074427794,0.000939509283667228
106,0.9420994218256531,418,10,0.008944566915953203,0.49734112663683405,0.30264564181025094,0.5071445783615807,0.326318229714558,10,4.449815071757363,0.01657713121135614,6.959503983922702
103,0.9423039106934441,357,10,0.028937005826161745,0.45775903809098,0.6974527530610678,0.9949468525374452,0.319950006776068,4,4.431227066769407,0.06431774094772251,0.0004760631610127102
107,0.9429555781354196,444,10,0.0174752330267686,0.5184439020000255,0.34350308438977184,0.619767403056308,0.2242035728491164,10,4.44068299406354,0.0928910557611005,6.690637483458237
108,0.9438076872685904,444,10,0.01675584199454454,0.8383246571909277,0.32552040552292244,0.6313090100090933,0.39221689210405447,10,4.499758155592506,2.0175850526443404,6.384056577086475
104,0.9413026915936845,656,10,0.03114828034960071,0.5018435541630865,0.7542445882908305,0.9997861261940567,0.3201789250472556,10,3.891482966338342,0.008958497056938745,0.0006031907598785494
110,0.9437694645138693,733,10,0.027323775785529168,0.9617195834549698,0.7532378422194019,0.6247673092939986,0.21708387646186517,10,4.4396593820232555,0.019606350267175703,0.0012888755800924212
112,0.9431651609353825,406,7,0.01602889354033102,0.7946874237651924,0.6481870067673158,0.2162843282962943,0.22397298364136847,10,4.441104468823042,0.008942825067982442,1.3898871462221125
113,0.9430289021633775,735,7,0.02786803183927939,0.7960688146419056,0.7566006061538024,0.2612037186438428,0.22469559956596874,10,4.709132434332557,0.007089822012092934,0.23354313834164853
111,0.9442348762552275,731,10,0.016658687085316128,0.797690705206815,0.795138378461127,0.2609419168988703,0.39631724803464513,10,4.4440025859176995,3.393130270925322,0.0012704487230091076
114,0.9445593850946556,731,7,0.01739440683885324,0.8409808649355801,0.750879425991218,0.2934559118553649,0.22276382137502737,10,4.712148774931588,3.2495096486765664,0.001207774335968889
109,0.9439046807047966,736,10,0.012344351506489413,0.5456700153705083,0.7470528874718398,0.5785931507160069,0.22325125164612358,10,4.439999410074743,0.011306384222174094,6.218654939280795
115,0.9434550631796828,584,7,0.017036976233294778,0.6142140570414596,0.7538670230826914,0.21291855222542136,0.22352345062891388,8,4.700626430816497,3.19568131810068,0.001344869377459596
116,0.9427615714341385,739,7,0.016621588187909517,0.35019659388873037,0.7456079571745052,0.2594884683282204,0.20167476178158036,8,4.659091016132355,3.4575239617664857,0.2189765284328446
118,0.9437220933450078,589,7,0.03840294422570585,0.7981362381267927,0.7507494188530719,0.2623357619599374,0.350535876148565,8,4.698287223032243,2.79673426499426,1.5070425042718276
117,0.9431299960010389,730,7,0.012370149683703398,0.33528738219759585,0.7484679642774373,0.21445731731955803,0.279926615458794,8,4.711460526561053,3.1751750848225173,1.457453097062253
119,0.9422532406268986,599,7,0.011762906021221474,0.3515573172925595,0.6464931652541344,0.25838461304527105,0.20017975622685052,8,4.695978979634021,1.350908105200999,1.3477882696330927
120,0.9439336245922897,585,7,0.013948429771744203,0.7686741566067637,0.7997479708524371,0.2627563692146083,0.20123815342165086,8,4.653573453621893,3.5834875905814982,0.0002842816344361319
121,0.9437672102845124,579,7,0.013523778964709104,0.7626940584404596,0.7929413227925246,0.35544403847255696,0.20110807569573552,8,4.721870444191448,3.507486135641886,0.00026038871249490597
122,0.9437924701768065,679,7,0.012484877342779473,0.30607714171739603,0.8885166196384326,0.2573845768906077,0.35195312093447706,8,4.5621555071659525,3.403742545587638,0.00031302636419032595
124,0.9434421775454837,692,7,0.011682502635207863,0.3157479639000825,0.8056177151461867,0.2593731306148538,0.35577541073657293,10,4.934456031410401,3.1481893742974703,0.0013313622362542718
123,0.9442543774264145,768,7,0.012161909036082594,0.7400905174591015,0.7963559368193318,0.29038341707704074,0.3522890886758422,8,4.984816029742126,3.226652788976792,0.0012861250642319467
127,0.9441485966702151,684,6,0.01182052229069872,0.7695428985909077,0.7909828467859982,0.5781557342946515,0.2845106589776135,10,4.911919511278911,0.0005324069735652254,0.0008821016838577922
128,0.9440744471351177,774,6,0.01396231877812716,0.7649777410091887,0.7918312007986557,0.5888409039449644,0.45668476328847574,10,4.9096941577852915,6.559542325873728,0.0008848959167088235
129,0.9440065885697255,777,6,0.013744796690021821,0.7425463070875142,0.88188431116522,0.5716206057313507,0.29623230629210656,10,4.9043317916485085,6.192349535319996,0.08492287115414021
126,0.9434605787362343,682,10,0.012012215169217194,0.763731637265964,0.7871672095302061,0.6739145086799818,0.2771334352618832,10,4.987966635602472,0.0018065125347702295,0.0008293295869591674
131,0.943989834218755,683,6,0.01382126618417347,0.7508180195511424,0.8107614122994156,0.29401005403714275,0.28571630257609226,10,4.99728963338327,0.0007018537422978868,0.00038366818710559885
125,0.9433866859328136,682,10,0.012216737281075283,0.7710292539947943,0.7912370962120245,0.7358521836153455,0.28676597215654154,10,4.948455410941519,0.0016548472343203596,0.00027732033645486246
130,0.9435968187229944,771,6,0.013949383687275932,0.7554613729625225,0.799071675099752,0.5909020801841558,0.28606124860370163,10,4.933761209199321,5.993167824374669,0.0003525035613221403
134,0.9433772296493862,762,6,0.014342192382087811,0.746176726619256,0.8326968985340676,0.3236479891366906,0.29323904725804006,7,4.998541102643674,6.046837406714345,0.0007723717231096764
132,0.9438412565007643,775,6,0.014236202017811993,0.7440981094392543,0.8128159892729557,0.5918230251905287,0.29406270304501814,10,4.88790409614394,0.0024946884167332717,0.0010244352559201247
133,0.9435091834694941,770,6,0.014121308395654118,0.76588965704507,0.8624873063577067,0.5699397850162342,0.2803620044728939,10,4.910368297021157,0.000994245668560954,0.0007703420099643186
137,0.9435917634049366,770,6,0.014545053377814008,0.7482174792469558,0.8701901631135532,0.5333803104242623,0.46212432333423936,10,4.973644066130723,7.418096081527968,0.0009147481564513094
136,0.9434358166529233,769,6,0.009552208825575257,0.7417072177392264,0.8274918984612539,0.5957924988682709,0.4515806987638667,7,4.916592755095314,6.279690321963183,0.0008483660407719073
138,0.9441927367769984,780,6,0.009497302120705695,0.7437747051455574,0.8298443435524324,0.5372966116946036,0.29804224502246823,10,4.915075415890332,0.0008172019720979575,0.0901680850114624
139,0.943871695902456,777,6,0.009877805118522738,0.6819796391274452,0.8313136700592125,0.5807825967268305,0.4663267103394626,10,4.91136955365046,7.3844818982757765,0.08481535993339794
135,0.9436687724717185,772,6,0.009578420262563602,0.7424237103814255,0.8680503445768926,0.7361054147084389,0.29356333053842903,2,4.869871438260649,0.0013929689762773017,0.0009216478859022717
144,0.9429997986013049,702,5,0.009880961023209477,0.6987348410309489,0.8781936967335012,0.2242231642277418,0.2450974741401909,7,0.7209641892104308,8.168648594843242,0.09641997178038775
140,0.9438002691842067,771,6,0.009645903020763184,0.69927319200952,0.8389024723369213,0.5902837063266091,0.30429612548684604,7,2.507983737661984,7.241917794268466,0.10645866444455702
142,0.9438478459471347,846,6,0.009513639141370607,0.6969237410055841,0.8569166811426254,0.5373408939230946,0.2501845172954154,7,4.8584570848654876,7.230377122349641,0.0010566347151029483
141,0.9438257127544485,837,6,0.009810270336681217,0.6741612960515244,0.8266863723058248,0.5203095186611835,0.9609125295746747,7,4.857923927369762,8.149255445181376,0.0015056095390637014
151,0.9418183329919637,179,5,0.01863282230765345,0.6676696160478195,0.8514294026445414,0.5581903730480305,0.9687053811091726,9,4.782750601554067,1.9599786944000426,0.0017520307374336347
143,0.9435586168407673,839,5,0.009373713965489666,0.6979181270282095,0.8701101553263306,0.5160674225383362,0.9741913713035067,7,2.4796763625514346,8.3938508181395,0.08013386274703142
153,0.9428729126227513,187,5,0.0192429981926062,0.8246953994061293,0.7266176793025136,0.4659464912304714,0.4092519581661934,9,4.569628042585727,0.000688084698187337,0.0571934757046083
148,0.9439181559869525,839,5,0.009021286823602571,0.6725826113848037,0.8799218298462206,0.557499758962081,0.24515315415305633,9,0.623687189697621,0.0005957911755473206,0.0016892343724321157
145,0.9432824935734112,847,5,0.009535964474643466,0.8239096795583251,0.8271721327923424,0.5342652399600164,0.9740750540893628,7,4.834459398803239,8.979355178435009,0.07896918770737127
150,0.9437998225128341,842,5,0.008642363269627536,0.8036974648711338,0.8896001877147138,0.6526619794764881,0.33844833794461293,9,4.78890571006626,0.0003764693161996893,0.028339301345470906
152,0.9425390622986132,832,7,0.019006453776607455,0.669062388150425,0.8216461074545406,0.5553296841102294,0.3370655371312521,9,4.565050173671377,0.0003357480399312289,0.0031152552662221202
146,0.9425747573943054,847,5,0.018910049808231365,0.6709455639350874,0.8456880925623432,0.653087507248904,0.9555653351346487,7,0.580403456970461,2.0240068746034185,0.0017155021680825974
147,0.9431253936161017,838,5,0.006647338592578636,0.6905602992255823,0.8868654329399632,0.5577889465086653,0.922357858343715,9,4.790489073377335,0.00039172214317129264,0.0016163820802680671
149,0.9437177007286358,842,5,0.008779842659760922,0.7003773822231172,0.8467275636247104,0.5532659672139262,0.9751674684025169,9,2.3171415935185222,0.0005754657452298062,0.06140553793406686
154,0.9433765585987025,643,5,0.008696986151345695,0.81050516246029,0.8991141581977053,0.6459791808866273,0.34061123718588115,10,4.577409695108395,0.0003647318561987274,0.13957357321727773
159,0.943919959370438,639,7,0.015646128199500606,0.8474057850970184,0.45386455307031937,0.339200195507149,0.3885206600905861,10,4.5688666877443,4.560430728233942,0.15736415495150338
163,0.9409945227862201,639,6,0.013187219011076069,0.8460096187324674,0.25453937303551694,0.29279520276246856,0.2649427328014997,10,4.590567729124928,4.404378565950362,0.0004127704751786987
156,0.9433398438816761,644,7,0.011160297686576774,0.8019945383890013,0.2605540565980403,0.5529173859265386,0.8591208760783092,10,4.775477914835533,2.2820310513587208,0.0023239370429473734
155,0.943245052493592,645,7,0.00856095218445114,0.8204222338872136,0.889594569131105,0.29146725487654856,0.8572041451221446,10,4.771356963238523,0.000669024772085208,0.002179501105712503
160,0.9440557683401961,643,6,0.01595847437272366,0.7785942581380314,0.78447762332007,0.3323568333702453,0.26344068983986146,10,4.76829170854271,4.929586437008431,0.00042667754022093486
161,0.9437147404871677,640,6,0.015928000512742874,0.7803111921512245,0.7832688648983848,0.2920367608032347,0.26179482826942446,10,4.75903761122249,5.0275639318981336,0.002331634136022541
157,0.9433221972315853,802,7,0.01557051856446036,0.802860089427598,0.8949085225079267,0.649731837143256,0.3369283805982438,10,4.780524625930157,0.0003511988062989375,0.0247941917879009
162,0.9439108140871719,617,6,0.012886206077369537,0.8470848294282974,0.7873037165783605,0.33956649716130316,0.265934989762271,10,4.59135726980733,4.975180540795106,0.13622262089222725
164,0.9430190493025634,620,6,0.015619090870260418,0.7781128526981815,0.37813464312571893,0.292556733400147,0.30281552042588694,10,4.749328790063488,4.322339205678957,0.0005663345267563817
158,0.9436848484666325,797,7,0.005133465029592916,0.8038491214008603,0.9015284304761104,0.29429705503437015,0.33904643497315784,10,4.556047539387133,0.0004023042555546224,0.14125532932141346
172,0.9412363671566046,715,6,0.04538073210678208,0.7282688483810973,0.776829815180964,0.317488950955118,0.3045590973245963,10,4.9990216729090315,0.0009342224062519666,0.0005369165773406553
171,0.942439713401454,716,6,0.04542719374274532,0.7278565600742555,0.7701747830172263,0.32281385180785926,0.543301847753775,10,4.649875360170316,2.5523036001318022,0.0005236130384010984
165,0.9442052467063048,619,6,0.011476438016336528,0.7311879611648763,0.7728229809872661,0.29118681783970696,0.2601018206106205,10,4.745989981090033,0.0009360469609441084,0.00041352963189451777
166,0.9441905368161262,616,6,0.011274455773989155,0.779053599783171,0.7848894686728218,0.29346652622908564,0.30627015178818,10,1.8034552724975292,2.4329135645780706,0.00016954315295350755
169,0.9437092129289321,802,6,0.015574322896754273,0.7857271994497862,0.7785817968903038,0.325947940022128,0.3044032863370168,10,4.643989441107616,5.219766775928435,0.0006445603575404773
168,0.9430548195392342,712,6,0.016141470596157746,0.728079243596453,0.7737138017129777,0.22527298975958943,0.3038512945815169,10,3.5217391232859736,0.00014595248909427864,0.00015576196202846769
174,0.9432454720307224,712,6,0.045998106776664244,0.7286419086189035,0.8025080190590905,0.3254984357170464,0.277113382431881,10,4.6711574583960225,2.5007199743805373,0.00015466869916968296
167,0.9432925050651804,745,6,0.015562621880715596,0.7874593362212553,0.9517467344592636,0.2901239374960263,0.3034011600743318,10,4.753178822751447,0.0009560004014412805,0.0005205653348823823
170,0.9432728744845302,804,6,0.01308436704137161,0.7842943743546901,0.8087720306540201,0.6104725075525583,0.30362666815919964,10,4.997255091149757,0.004142084200713171,0.00017717183885132196
173,0.9429160758968133,717,6,0.016983679277963817,0.7327545644147642,0.7738000468440894,0.31576734206777407,0.30005197940806005,10,4.6561725691332745,0.0010142856653450121,0.0006821712111771242
176,0.9437693309299074,667,6,0.011187414227140816,0.7875574370117525,0.8157900901426485,0.23486738427080525,0.2797261417160107,10,4.671108788231198,2.6230570677628986,0.0006942519636923131
175,0.9433160377585923,666,6,0.017286269291245635,0.8964608184962447,0.8086111887164025,0.3935538151053569,0.23591961007087253,10,1.635840802948194,2.636414699565741,0.000160282843114268
177,0.943322681473447,756,9,0.01735409648525684,0.8985432885850353,0.955506905185041,0.6112262243900016,0.2350593984009819,10,4.377221662045385,2.7278568798227663,0.000672591566232241
178,0.9438694990724577,744,6,0.011306338689989726,0.7869776280772395,0.948677058900212,0.22800462886579342,0.23544956476432904,10,4.33977315789818,2.487968075965607,0.00018967213547933716
180,0.9437483989492537,668,6,0.011385892020270509,0.8974382112931958,0.7278817990201958,0.2747344158867705,0.2746189263653675,10,1.275303590365704,2.6044580616246833,0.3042131680189475
183,0.9436955623178263,666,7,0.011266666811884405,0.8994189940415483,0.7242662214664222,0.246187952253127,0.23312951711053037,8,4.380243512175909,1.918749354776664,0.0011100791159214228
179,0.943344264675915,749,6,0.01138908522804966,0.8943675331735473,0.8069516302433315,0.6076646416003328,0.2395977523860724,10,1.1647184629324676,0.00023578677913974614,0.00019985951225374204
181,0.943774923714687,664,7,0.011492146188195579,0.7857983869278488,0.7295031540316181,0.24924348239821734,0.23210664754406632,10,0.2594185468885728,1.7735958840223207,0.00020219224374796023
182,0.9443502494878777,666,7,0.01125975643492442,0.7649340431641567,0.8111176740046641,0.24479018303263078,0.24299168179963954,8,0.27347524256982503,1.2539787447781545,0.19091397095518375
189,0.9389163664836755,660,7,0.20069405707367718,0.7624699343997957,0.7571611566183672,0.20358215370796034,0.3264353609112709,8,4.869571105284692,0.00010316401021050791,2.336277653992377
184,0.9436717509766188,604,7,0.011579679574464444,0.8617661237655079,0.9233886074539425,0.20026340316675803,0.23509104785381568,8,1.7472403041002658,1.8430449975997247,0.00108591103058898
185,0.94418608784402,605,7,0.011318248247185967,0.8658595038637763,0.7289880556982608,0.39590191687019777,0.23706784943618361,9,4.3409204887718875,1.3885781506808452,0.00011223627694165597
186,0.9441070030077056,606,7,0.0109796460054961,0.7614729007845191,0.7255450816662131,0.25142140013466674,0.32183117097827285,8,1.8988171755702565,1.3762966175921358,0.0011889855465181804
187,0.9445213971554924,611,7,0.011219236485180858,0.8703212768465094,0.7372857180184789,0.24302476556441924,0.2631369621966814,8,1.2410843713845,1.2963155946471938,0.0012122091268270618
190,0.9433357153023538,607,7,0.013148575727433895,0.7577896621605728,0.5613389633728959,0.27212647422309566,0.24963005321089737,9,4.933491114894653,3.7648450832120086,0.0004118352966531256
188,0.9442774874518218,621,7,0.012246443327522059,0.8622879155171563,0.9288821016220266,0.24905694294748312,0.2565897669653535,8,1.0232997765086829,1.7641535199928386,0.00111796148911868
191,0.9437826715844768,611,7,0.013723155727305453,0.7569126618608017,0.7653485674428757,0.2051980371448271,0.2567567824157135,9,4.881548561618161,1.3228106730028224,0.00011439603346249195
192,0.9435310307090117,609,7,0.013553199284486542,0.7539770816116889,0.7639835118843953,0.20549907258160427,0.25294321568034395,9,1.983984083166503,0.0005091964957646063,0.00038565423178509034
194,0.9438785973926123,602,7,0.012638376340687148,0.8641326607647697,0.7919358132261991,0.2748906218051972,0.2542343618877143,8,2.0007835148612605,1.3215637463631777,0.00012010069497782738
193,0.9434940707401802,616,7,0.012909034418947625,0.7644425626299828,0.7570408305078141,0.20237775429174437,0.2599298444961758,8,1.7823816048217302,1.3720906164012205,0.00010807006756921457
195,0.944048214584601,691,7,0.01334261955343692,0.7577601466750022,0.7618035399902096,0.2737111215609993,0.25459629433361497,9,4.86440064542156,1.287379423463793,0.00010464025653220138
196,0.943634728390305,611,7,0.01279876895166307,0.7111332790808388,0.7909693909415801,0.3547112468025339,0.6178078473774969,9,1.4590538743964787,0.8082828274308573,0.0001075022625875026
197,0.943883257176908,618,7,0.012695648345287185,0.762057614925613,0.7946840520651465,0.27173747290729183,0.2548892163618089,8,1.0686133967654348,1.400038222007425,0.00010137002325497137
198,0.9442449952403408,613,7,0.01037070819664358,0.8311551439706549,0.7912979290359816,0.2727038076540876,0.2544054991273186,8,1.477210182473628,0.8538950919300841,0.00011541302902612729
199,0.9434225855789476,609,7,0.01049312636827227,0.8759965091293904,0.7646521823443431,0.3612372957906946,0.25737210003325267,8,2.0553440084583237,0.9143329801021896,0.00010304741298877944
201,0.9435890144974708,623,7,0.01075029377660498,0.8302311915913391,0.7404652450284117,0.24540489242189478,0.2536268223304157,8,1.4082816463302108,0.9016878138127012,0.18663932600207053
200,0.94423549825555,623,7,0.010131509502881948,0.8629115194637025,0.9870921695643892,0.24821655808337376,0.26191176562544327,8,1.4204689462680218,0.8179288850663058,0.00011660314763661179
202,0.9436714994630655,568,7,0.010566910707844263,0.8670046121253165,0.7357568157175616,0.44248372910913203,0.262206127607067,8,1.0072006327715115,1.028264536928038,0.0001052681539395116
203,0.9441599492197266,566,7,0.01218269044670869,0.873943220575705,0.9710545681848473,0.23745969312456297,0.272124585189253,8,1.3669584166829258,0.8947379034593245,0.18609467053733628
204,0.943367663785365,580,7,0.01034222375244468,0.8713920220442216,0.7362238393142556,0.25755200243680043,0.2725571100769093,8,1.3269730530138066,0.6497225512001449,0.0013361118097563005
205,0.9436852815708839,577,7,0.010420552699593006,0.8347893817657241,0.9854898525766647,0.24644007538512475,0.4271289062434011,8,1.0521145382001755,0.787114719165213,0.0011738846813552381
208,0.9438617042395563,568,7,0.010336707178533557,0.8299813138254796,0.7394940582946017,0.24972468576804827,0.21338977170519127,8,0.9113848075971847,0.967420818331816,0.22077778855170338
206,0.9438257033618263,579,7,0.010758146420217813,0.8780646529726059,0.9878851522278334,0.24693895676695476,0.27438392371977266,8,0.19429559707804178,1.139277390574987,0.0012245014140486203
209,0.9434643326542884,567,7,0.01044110218703797,0.9215738442506464,0.7378797927333994,0.24648302126561158,0.21587859039601184,8,0.9691911272847837,0.9283339630770776,0.19255693872906549
207,0.9439536559248255,577,7,0.010460638107047312,0.873565418815765,0.7375060650961239,0.2485054977197328,0.4330372713771501,8,0.9885461357690012,0.9951450727141595,0.0011796151089230097
210,0.9437391764377594,580,7,0.01063983305735481,0.82708213368034,0.7364842188352492,0.4461505390666416,0.2764731756511026,8,0.9051685825896185,0.987690410862207,0.0012879932161915678
211,0.9436436315526404,581,7,0.010649721433680715,0.8363392759654171,0.8342648552497799,0.43942304080377526,0.26978120231398667,8,1.4961437126442727,0.65813049458603,0.00013055868631801484
212,0.9444310693502599,572,7,0.010329497039162146,0.8171668700795962,0.9379053316340257,0.25450386421686105,0.2774138465558927,8,1.5348279332439119,0.7330336335458679,0.00024392004495387852
213,0.9439129222090704,590,7,0.01180645932474138,0.8406692725461835,0.995018384833719,0.2569988540049393,0.2783362729479143,8,1.5441966331866381,0.7326450768650634,0.0012712446149105773
214,0.9442449451463553,574,7,0.011896179043257774,0.8360872260260205,0.9861230376611986,0.2510012599336857,0.22071936484220933,8,0.014470632178659126,1.2115448824104444,0.001267861537158381
215,0.9438238749313477,526,7,0.012164805429365884,0.822098934384842,0.9761720943995104,0.28200653776813156,0.5118068859374831,8,1.550563530874904,1.2411087651019221,0.5543906673661427
219,0.94357387359029,631,7,0.01461882231434127,0.8478184169882815,0.9782809681354334,0.2752351021527597,0.3214259972590084,8,1.5510664150265454,0.6041416081362495,0.005982288360430341
216,0.9431647904486132,628,7,0.007199770641644174,0.8569828327009874,0.9877395628738058,0.2685274743112314,0.28396040758555136,8,1.5244221159913716,0.6131817888308826,0.00014524421013275787
217,0.9437876319326867,630,7,0.007928896629258048,0.8144456820614061,0.9763130897260747,0.28237946259622804,0.2847212165024396,8,1.6198364179048403,1.6709178527471242,0.0001318440782266654
218,0.9436287066757728,633,7,0.007790038777844653,0.8408030677145442,0.9809550941704356,0.2806129297852057,0.359464190289702,8,1.5612394404279994,1.6508294568559745,0.0001422207974833929
222,0.9438381183212845,521,7,0.012136122352667875,0.8495194308980262,0.9339634975400019,0.2808554787142508,0.3213648640596669,8,1.5353970526617458,1.4074301647522607,0.00014606679487742506
220,0.943868603642463,695,7,0.012020635289220323,0.8525363995284163,0.9739029084644353,0.22969080182238105,0.28465434983401616,8,1.5322843260662968,1.6946381809843294,0.2806387557456296
221,0.9435702094239602,629,7,0.012058343874103988,0.8568129452653841,0.9744237553904526,0.22526659814657482,0.28593068148154566,8,1.196165868689646,1.8874534793742088,0.0056259701827723
223,0.9432025936662042,531,7,0.007768035917943044,0.8535210868315612,0.9366425288871683,0.28302391869017807,0.3554865494290002,8,1.3571821086320894,0.33691622376253594,0.0001372859260191858
224,0.9434013112893915,631,7,0.007383422601073052,0.8578991302444021,0.9293552815320544,0.22333483208864693,0.32525107087381955,8,1.3762733863450438,1.7143097901002613,0.0009898889830846653
226,0.9438829033881339,548,7,0.007927673651911726,0.8580630563746345,0.9677320944657524,0.22895579605646135,0.2903750249424124,8,0.02397569188224782,1.6406444428514586,0.0002461977092984186
225,0.9440632646964326,543,7,0.01199907383288786,0.8501430817543824,0.9667316493718264,0.22847145123861318,0.3210430218457282,8,0.07154956538128046,1.678548294382319,0.0009187343771829579
228,0.9440948061658098,598,7,0.01186211078459257,0.8025845724397522,0.9361937324860908,0.22838355985559902,0.22851826182641347,8,1.3170624071842594,0.3856738371096151,0.00023316187409066504
229,0.9441432752278583,551,7,0.012071911988661282,0.8050825638225052,0.9315006313306996,0.22677795733000136,0.22793116993464685,8,0.0663568695064552,2.1216577370142757,0.0002583104323159911
227,0.9437586755216969,548,7,0.00795582342033866,0.8063247728432661,0.9412939371852324,0.23523804688337105,0.3539061477774219,8,0.13104366127595118,1.6910106661724587,0.0002822369434722271
230,0.9437858202002035,555,7,0.011995392359558458,0.8053575154126418,0.9600172468118864,0.22912329222166217,0.22285011818172823,8,0.035694809461622165,1.9922960000940473,0.0018655191334500936
231,0.9436110871599241,537,7,0.009324034814563668,0.810009475207495,0.9651264921444095,0.3066448728313296,0.22105185619400897,8,0.05576536673052611,1.191584165392258,0.000256885335992825
232,0.9440684212460868,557,7,0.00935457743513491,0.7670792313894986,0.9275928125163453,0.2951381841786148,0.2448904914939645,8,1.3221049075983962,0.31592009842221713,0.0008612230476150911
233,0.9435226357919063,595,7,0.009158246527124467,0.7735469574383775,0.929184073851814,0.3066228292669946,0.21993917460884516,8,0.1439200970101467,1.2759262683230541,0.0009123271931235286
234,0.9438113472604215,550,7,0.009161796156928354,0.7721497182614405,0.94643253197677,0.30860025720523937,0.22204272345156595,9,0.06384432871467807,1.1756415021814357,0.0017596265577486893
235,0.9434260775472014,599,7,0.014557027635625662,0.8033937176781025,0.9986576931216713,0.30862827313609975,0.23204523714670755,9,1.8866480897201265,1.1715385819209183,0.001889765826219331
236,0.9434087867731339,597,7,0.00933244912414762,0.21752199851772025,0.9457030893323308,0.40866827862888366,0.23030296766435712,8,0.49771932538932406,2.119536498721282,0.0009481252949934141
237,0.9434922308298301,558,7,0.009045866717117651,0.8028743238992683,0.9546719001989543,0.2364954855510151,0.2190870575211106,8,0.19659309293154373,0.12844046133720405,0.001968897766416358
240,0.944328470605778,562,7,0.009463904596491747,0.8135331350759878,0.9166346862415278,0.2574755444943493,0.21650983309204763,8,0.18787203799541013,1.137615451094313,0.00091127468678603
239,0.9437040041980429,594,7,0.009155724605707275,0.8085122510658893,0.9414776341654599,0.26019968458047404,0.22102540910573243,8,0.3161808065220668,2.1751027191345607,0.00022407630437426445
238,0.9440048404983491,597,7,0.009099246955471924,0.8086059849464126,0.9526708868699431,0.4135684812340546,0.22459301962705347,8,0.20220253838955374,2.1845569248445296,0.00024464059393888426
241,0.9439952005369742,593,7,0.011530773555242476,0.8224423597805852,0.9102121110068283,0.2590269269663027,0.23749884527459517,8,0.40835321346974873,2.109409060385034,0.0008804326329968656
242,0.9439547799086299,602,7,0.00892023834591838,0.7775049545635958,0.9381174195096955,0.2583186158134144,0.2153187222403196,8,0.5207839535092196,0.29834134013542246,0.0014588785235433112
243,0.9432045567242691,508,7,0.010022472930288942,0.7909374001605096,0.9157646188763884,0.26083761668226024,0.24073488145251667,8,0.4520841706170188,0.39015072369733494,0.00019942950319936007
248,0.9406996121869733,512,3,0.011218023306195027,0.8212047551947717,0.9151838395414803,0.2609012043697135,0.21011310707291725,8,1.2720863564703961,0.8493657310504372,0.00021210829604573344
252,0.9420889928840033,791,3,0.009846998982721969,0.7406352746628183,0.9184586466236134,0.21546460742869666,0.24568712611084212,8,1.2437512986549146,0.7825028558790462,0.0007740178082059186
245,0.9437134990955844,600,7,0.009909814609080473,0.795286048703518,0.9221157261800675,0.26542334351546787,0.24567782762292734,8,0.41392471232880523,0.8262820532113562,0.00023918443555256237
247,0.9439798884753422,590,7,0.011222024744067971,0.7418947124228049,0.9331255837232412,0.2576100303433281,0.24586539364129417,8,1.3731311272350413,0.34834969188790205,0.0001820713532251143
244,0.943859934252061,590,7,0.009859352596614433,0.7892791269301344,0.9207526962102374,0.2583429054806475,0.23581446024241692,8,1.2235139563349469,0.35531095780129,0.001501340595087937
251,0.9437086138883529,502,7,0.009913217010172615,0.740487119337987,0.918681258769744,0.25380320163846054,0.24520306223666954,8,1.2485306934453977,0.26752874919909025,0.016060641796649486
250,0.9437707012091415,786,7,0.011253520574710832,0.7895148537547655,0.9044229062082638,0.26103376761331515,0.24327653257917564,8,0.4191412082044071,0.27651289000767165,0.0007708708501548599
246,0.9437537162171118,818,7,0.011171825138792734,0.7390337069868075,0.9201530015264919,0.260451023660505,0.24569213386645297,8,0.4249920897958687,0.4120381767414081,0.000183839355355404
249,0.9436133372147824,784,7,0.011276042937838378,0.8249828404002051,0.9081194609609973,0.4882467748284685,0.20315730369109705,8,0.35502415518192254,3.7700560888401204,0.0014434916291041276
254,0.9441025561228491,653,7,0.009875678822109733,0.8887350152654373,0.9188561116011807,0.21445880355655617,0.24511376853982947,8,1.2404092654168264,0.7388052071331542,0.0007354997326740121
253,0.9435096123992466,817,7,0.011522282725158497,0.7420769231551705,0.9180360711788929,0.21835574675109187,0.20578122479315797,8,1.1724459461986767,0.7808696677390502,0.0008011515012195861
255,0.9434062090201193,565,7,0.011154700487567917,0.886439470659018,0.9046665582496535,0.28975199973424887,0.20186605134448718,8,1.411100224405778,3.334962782273089,0.0014782390995137387
257,0.9438993603060641,566,7,0.01278672107866094,0.8830258361601858,0.8194549208579367,0.29390867906998086,0.20397684423093673,8,1.1197398403838348,0.5328359049136362,0.0015523880002470576
256,0.9440393166403892,559,7,0.011142060838360711,0.8866712879290152,0.8180803938935743,0.49592683627716405,0.20419493639141448,8,1.3577391957811467,3.055757092518768,0.0010828478510009852
258,0.9442704742938224,566,7,0.012632301579828985,0.7715640844914052,0.8180239861888866,0.48952467204289196,0.20159929761171833,8,1.4377498949285121,3.3838187578846863,0.008796135951946303
264,0.9433890079977761,649,4,0.01286821593795741,0.8875001502187779,0.8178489668746383,0.23662426310863943,0.26755238995452335,7,1.1019344234464652,3.051324222678046,0.0003357129995027471
260,0.9440353247759029,559,7,0.012762842814051913,0.7735740571858899,0.8048666871257761,0.24029551785534642,0.2595077947162274,8,1.1603285239016774,3.3988844343180213,0.0014347610109511765
259,0.9435543734627277,819,7,0.012738731320612765,0.8851365779786577,0.8161676517113853,0.29357947646231825,0.26675119905812417,8,1.6804946197221966,3.2660223393419967,0.0011055453677015425
262,0.9433185831592411,562,7,0.012593751293145711,0.7665357956986477,0.8148877712635917,0.29317926630928115,0.2653540628183196,7,1.4279203267729128,0.0008464413449117656,0.0010832842645705496
263,0.9438686057297125,658,7,0.0121999669869864,0.8829128543780401,0.81602009592146,0.21643005945604923,0.2717654157166714,7,1.678134199443516,0.5987276398270325,0.00032075308355659465
261,0.9431746986215366,652,7,0.012611032704649026,0.8808609143091273,0.8168943215253882,0.5010673845281163,0.26494578231784915,7,1.7531404489598323,0.02799669501148649,0.0011391687331631763
265,0.9435173216549224,650,7,0.01295860376812031,0.8796696406068257,0.8086317266759528,0.242490523118864,0.2610357823357446,7,0.7467342508746934,0.6053765135854478,0.0010766616748443907
266,0.9436965506304192,649,7,0.014011310520183484,0.8749032251664972,0.8013559932774518,0.23797690302327065,0.267037783565765,7,1.6897148354309515,1.1546733311004993,0.0010486664440464166
267,0.9436524136545101,652,10,0.012928406377796808,0.906766515226486,0.7898437842231536,0.2397745377327733,0.2663682689974393,7,1.736090625489413,1.043231222381977,0.0003377555643862926
268,0.9431946057627328,653,10,0.01286382657583092,0.8341401988285944,0.7831582390731493,0.2394939310838362,0.26353209999478455,7,1.7801035113272965,0.9633356976689847,0.008914438369253267
269,0.9434157811458886,615,10,0.01247645219955475,0.910669095305113,0.8017968376104693,0.21495451565828425,0.2675338195950051,7,1.6947924958668623,1.0370705393916368,0.000314243316940926
272,0.9433978349755081,618,10,0.014699700818028145,0.9103136266160298,0.7800668626840453,0.21452997533949747,0.3037449158058765,8,1.6790539852567725,1.149487141690361,0.0003270867016362432
273,0.943520365908179,618,8,0.014396555475387809,0.9157765610415695,0.7853677266325663,0.23880609942819123,0.29554926079542865,8,1.8385813918692269,1.1747265362488017,0.11517294267877377
271,0.9423744409380742,654,10,0.014328742620412005,0.8327192558538353,0.7832681981105181,0.2145082512716288,0.30356403650971575,7,1.8897872230272947,0.0007948484723908537,0.032590800289485335
270,0.9434969281846151,623,10,0.012446220275295398,0.8378139577333912,0.7852579454085235,0.21431007382532163,0.3066850656160424,5,0.8037723703528774,1.0258690444645595,0.003393172262256011
282,0.9338470899454002,732,7,0.2905356566309077,0.8432884011597555,0.9975728190627232,0.27545332570369574,0.2354852678524348,8,2.2746123600155777,0.0004604339370212015,0.003559248228773956
276,0.9440625790350033,617,10,0.010476224496825814,0.8365024249638052,0.8382149390252143,0.21660185562014292,0.2983596611913254,8,2.1560576556358004,1.3596668751406027,0.3137425793736413
274,0.9433416316107911,619,10,0.013791781967230554,0.9149072045916766,0.7840017078641106,0.23769870225994694,0.29390085326571075,8,0.2538937484249481,1.0511529820624714,0.3409948697627555
275,0.9434540508637216,623,10,0.01046045164807473,0.9172728083863514,0.7819891314072197,0.21948452726459045,0.30002828217826616,8,1.4711884237533568,0.0004880734964754084,0.23382663515778843
277,0.9438667230307496,619,8,0.008522927410359758,0.8435916863567816,0.776847358907026,0.21569402588072842,0.305224036894398,8,1.9044167337794946,1.3984550988714066,0.0032741403689091025
278,0.9436567165191576,621,7,0.008485321912514698,0.8350128089633755,0.8484209266769713,0.2202714824983868,0.2923909548961659,8,2.225933609474515,0.000496600787527794,0.32753943513879075
279,0.9434202436851156,631,8,0.010326081931116757,0.8395419050619293,0.9552091174500116,0.2148225608837278,0.2984305749893878,8,1.4133711404385756,1.4628959556022199,0.00240136114793247
281,0.9437685153372026,626,7,0.008416499162454226,0.7156327919808223,0.9565981999043611,0.27326731809328303,0.39085828214543566,8,2.158602993063452,0.0005239983283819743,0.3394145826860675
283,0.943937100906173,731,7,0.008490866279876129,0.8178060839582268,0.9585180176594971,0.2747659221682859,0.2306497345887481,8,2.1602375306550767,1.4628249685048638,0.38257743677269707
280,0.9440154176347069,620,8,0.010969396944372968,0.7148852077038134,0.8401894961555937,0.47372863880896465,0.38688523161619254,8,2.2138567377353113,0.0004594540851120681,0.0024679329550130894
287,0.9397472535085253,681,7,0.010133752487138109,0.8634482228295871,0.20339328190151124,0.27473013686578424,0.2339792544311927,9,1.3033306929849813,1.500221598660064,0.00015899984379866186
284,0.9440315750323478,679,7,0.010492517008668913,0.8634160526118437,0.9582625003782816,0.22519158195948333,0.23017858797771498,8,1.4451427278052538,1.4583868913709357,0.3317980180695304
285,0.9437588539815212,679,7,0.00825946977591418,0.8194958008558404,0.961673458689894,0.2737777838447217,0.22880841713527042,9,1.3206240737700952,1.466436532092875,0.0027337861374136098
288,0.9437607408549828,677,7,0.01056765412695968,0.7188027376822421,0.9624746600100617,0.2772038085804059,0.22969279427414296,9,1.2966192369814802,2.500135273835729,0.0001666430337019996
286,0.9433065939986612,576,7,0.008376166183487608,0.7136693600592737,0.9622157544942194,0.4644875557171169,0.4030806448529421,9,1.414860097728223,1.5659503092776044,0.0024209873748418597
291,0.9419024167906022,681,7,0.0101722110914788,0.8658232989049718,0.2059500499325917,0.38395695920306694,0.22750961275999745,9,0.14952795046706113,2.3218490234984364,0.0004634754879290593
290,0.943961909952596,679,7,0.011500703731215485,0.7091816875310328,0.7132720747634552,0.4653944980588154,0.22093044408043905,9,1.3260193856591376,2.2328623061805573,0.00017178871420027678
289,0.9435318530852772,583,7,0.010350990173882552,0.716151036389967,0.7133506710063229,0.46927722676446515,0.3828122482583955,9,1.3506126299571763,0.0013763778805331488,0.00044369119303862596
293,0.9368761417645602,676,7,0.11838399188442819,0.8663898772800556,0.5174672934350294,0.2531564173390474,0.21818475135315923,9,0.0005079634744506872,2.3197333505160267,0.00015187247920492547
292,0.9434549087232268,682,7,0.011706253716829769,0.863111833555053,0.7582291700678289,0.24995546453987116,0.22728174250135882,9,1.2932227250626536,0.0012418577314710609,0.0001518226497226935
295,0.9439607045660645,579,7,0.011260987648054973,0.7946528487614819,0.7568615349477867,0.2455393036394177,0.33083874382533696,9,0.1247332368961839,2.3988808036739697,0.0006618518794473884
294,0.9438445595729471,756,7,0.011704201261891778,0.7980991749419797,0.758237874880776,0.25036855702801136,0.2207540793835986,9,0.14294189927940926,2.388381812835817,9.922506498534306
296,0.9432359322573187,577,7,0.011618766868489415,0.7933764427349481,0.8945168710328513,0.3776790577600089,0.41021082906948525,10,0.09487942507714926,2.4319990204832176,0.0005590179935967207
298,0.9439100950297521,585,7,0.012064873432772485,0.7933619303889737,0.7144325544893009,0.24424571165892975,0.2512528327618971,10,0.17158700331592142,0.7165034048867281,0.00048797505825302
297,0.9435219292579831,759,7,0.011785657556014231,0.7814289868844081,0.7140293048956695,0.24907398549083046,0.2500986545933702,10,2.877603219684582,0.7101799920360127,0.0005292850660980056
299,0.9442158301044106,581,7,0.011736815299427744,0.7919327831483337,0.713210879954188,0.2485498587975114,0.3403556094161311,10,2.6850862397817687,0.8261164387061158,0.0007220016711902061
301,0.9439845660012578,575,7,0.011861542194554622,0.7970107111700496,0.6757744780268832,0.24946631250826254,0.334733518993474,10,2.914873436136037,0.7335107274602941,0.0006767997777450153
302,0.9439255865948327,755,6,0.011896517777753596,0.7958388946265155,0.8732066710622874,0.2489323417424695,0.3286621848182773,10,4.510627175241428,0.7546479366079003,0.0006497642137358714
300,0.9439625799596547,582,7,0.011849589035194136,0.7859637265587143,0.7550970984565848,0.5174551006206815,0.24988321328114246,10,0.16371222965726082,0.7064704429160296,0.017361551356742246
304,0.9440060886734931,536,6,0.011881746468945966,0.780934029477746,0.8794985126230849,0.31898532682006653,0.28074603829911415,10,1.1900441290615973,0.7310312983693293,0.05985095934273964
305,0.9436632485661691,539,6,0.009675956963313751,0.7777714820246742,0.8735916312476532,0.31786470858164695,0.2480464149808202,10,1.6109070075527052,3.85904470065434,0.1899776503413043
303,0.9435756508831581,752,6,0.012005039051910367,0.795605191585811,0.8640979557256587,0.5222420393372801,0.3270803709776425,10,0.2634473765242423,0.7361170161623433,0.0006142434226401948
306,0.9438506094653463,539,6,0.015033036262017114,0.7766257739110533,0.8647032044393439,0.5141574871303096,0.24739188865703393,10,0.32185722084936075,3.8356109585264098,0.0007287889151236548
308,0.9435496489737005,531,6,0.009627117405668453,0.7504568777168953,0.8743074155861109,0.314164041806726,0.28566602141003256,8,1.4990495097075331,0.8618712164639536,0.18592930599798274
307,0.9431604030503646,602,6,0.00974542196408329,0.7574702617280489,0.9323154598148993,0.20048612850359832,0.25068206203522386,10,4.495675634047226,0.8459801003651904,0.06008978790122861
309,0.9431612525608724,533,6,0.009688870047280937,0.759662796844485,0.9997219277052064,0.7867796387760349,0.3468802486800015,10,2.5656754462522318,3.587503526194286,0.9482190844626782
312,0.9433833985150013,530,6,0.009831936309531119,0.7665894681082638,0.8560935141295228,0.2975328273604098,0.3617798708537378,10,0.2909291514955609,4.257011452187936,0.5829407427505382
314,0.943228282488251,523,4,0.014938263181193642,0.7526442878228665,0.9852941598200983,0.9676354150811238,0.34600643779530105,10,0.3184108912081246,0.005195664243232785,0.0007978664933653128
313,0.9430136287158597,546,7,0.009660674647389886,0.7696806862524097,0.23730147150367192,0.6956160191125144,0.3597486114839044,10,3.502949240509574,3.948929241605172,0.9865726800847797
310,0.9435498149100283,600,6,0.00954442642755664,0.7743236880908686,0.8699026524978303,0.3113917996079021,0.3175193146929635,10,3.2373182781371646,3.9939014610326327,0.000750444079196126
311,0.9433549117351276,541,6,0.009475191287070488,0.7607338130018061,0.8282385146046821,0.9537160213417697,0.31737552148262205,10,2.505102327426286,0.004989628895803641,0.1787399105803405
316,0.9439565832921154,603,7,0.009731257822705662,0.7616915272014885,0.5975044130049053,0.34204637920766523,0.3460367619204124,8,3.091610457034182,1.8727006334093554,0.5819661361091413
320,0.9419037954188341,640,4,0.0630957010220674,0.8214743738731874,0.799147411417045,0.26698699564535866,0.3170225098577241,8,4.82577190331142,0.5261446759069387,0.001368312400255611
318,0.9439184753361113,603,4,0.013785512856243538,0.651219106690706,0.9843717425479901,0.6816202828897948,0.3523483667345987,8,4.2901645702928715,0.4811677875659743,0.4978240573265748
317,0.9438766489452931,605,7,0.014025551003059637,0.7503596041360144,0.8304839005623241,0.2899345093231725,0.3192773684702809,10,4.20287059120092,0.0053700213677500015,0.0013101698434064934
315,0.9428747671438472,600,7,0.00668683742566329,0.7543200862476785,0.8361918309655872,0.42737079774733544,0.3579479386650407,10,3.511822006702247,0.0033329220116197116,0.001268710137565724
322,0.9422130694248583,698,7,0.06575650854595717,0.8191739820919041,0.690746321666054,0.2650149444893952,0.3179410696713089,8,4.282437953169037,1.8990397083369026,0.0013220626461074873
324,0.9436722905305899,639,5,0.013502320683776737,0.8181239877875977,0.7986092315026423,0.26660477253000886,0.2017365485238856,8,4.236887908800259,0.4975728836780728,0.001190344284048245
321,0.9432488398076366,604,7,0.0067543101142362345,0.8190515779267994,0.7980913349920841,0.26406649340378496,0.31932679026072663,8,3.4109462581846297,1.831709965350865,0.0014501505093982127
323,0.9436261967583638,708,5,0.013634491831603236,0.9450176814329028,0.6921405478892253,0.2685955606043741,0.2777767551225341,8,0.003130911526174174,0.00023324610991533426,0.0013024800038459357
319,0.9437246731852719,641,7,0.013986319110168665,0.8174037032251259,0.690770082524418,0.6848569666606908,0.3621643993573346,8,3.5273679549881294,0.004369089215698476,0.0012632738655239735
326,0.9438425182430296,563,5,0.013485745097870839,0.851084138496567,0.6958436811601257,0.4226148292883477,0.2846431696822324,8,4.736952249919531,1.798716226368046,0.0013128142444451176
325,0.9435122454643704,561,7,0.013721561250129482,0.9395085393378146,0.7688845578003385,0.4202150974713509,0.28217035175566196,8,4.827894338217943,0.5287504171586344,0.0014413397212191062
330,0.9441075509106742,796,5,0.016968695578851084,0.8185167390448309,0.7680435607020402,0.23414461402759684,0.28142079051371643,8,4.741313836805675,2.869565249249501,0.0009611727807185666
328,0.9425503438816447,706,5,0.00693589944939784,0.8182546261317278,0.7693859863011687,0.267018485379721,0.27222588653819624,8,2.4149033827605657,0.002071121935429685,0.0001278433030518707
327,0.9435995561505885,707,5,0.017294453760304588,0.8151126317703228,0.7644229031719555,0.28615210455374096,0.28342780483915997,8,2.73258732614268,2.8527975228408846,0.0019449996087205776
329,0.9440163934238035,726,7,0.010805425527875953,0.8200319221000733,0.7648505677013252,0.23228032360523787,0.27997149426316004,8,2.380417129830003,1.0421650552143573,0.0009035699431713291
331,0.9428769848463396,798,7,0.016727452643266357,0.729915906698697,0.7456881175134302,0.22968302804073254,0.2754968708464145,8,4.72854801084581,2.885986132171513,0.0009080729799499344
334,0.9436946261864682,478,7,0.01743397035852764,0.850901031017995,0.770047915226169,0.22862626677084985,0.27860846795794647,8,2.3511939927275445,1.0482363372384285,0.0019312665002635576
333,0.9433814291951881,563,7,0.011203797887199054,0.8458940062433253,0.7736361136179494,0.23120559259658474,0.2835626906194108,8,4.764125748930369,3.0750907219780537,0.0019015096587232036
332,0.9431779943883465,566,7,0.018094937104515436,0.8489976397165976,0.8986138898005285,0.22858122429394376,0.27384375657488635,8,0.6676620548850009,2.9155334260788344,0.000123271940368261
336,0.9441091695725874,784,7,0.0165277064039984,0.7311039695584856,0.8970147726426114,0.23061303557462628,0.2732555230503759,8,4.9961160058750105,2.7746512105809282,0.002006074692162101
338,0.9438532279197244,776,5,0.017447602106972493,0.7367472074531872,0.7477752318746501,0.28687308103563425,0.2895962951894279,8,4.746933992833118,2.8641008854377654,0.0018433604639361216
339,0.9431093948494157,767,5,0.018033844799717355,0.7303408037432286,0.4167237728962373,0.22856047118229977,0.2911535776413158,8,4.707596257214201,0.014564515604770806,0.0009862956044414694
335,0.9433416952718978,806,7,0.01736551827317522,0.6197155899841664,0.7299532198984908,0.22750789716745198,0.2774376869716556,8,2.024438322039706,3.1501991834940815,0.0001222817939178316
337,0.9428959360273087,798,5,0.017116882441594792,0.8362604715565025,0.7444264874210408,0.8285502207531749,0.27437220723757483,8,2.72201069153079,0.0007208093669609606,0.001808174504228747
340,0.9436604192996013,808,5,0.01879638397525323,0.7359636291011534,0.7459501529182732,0.23211693622898744,0.2985728729768306,8,4.645541121033634,2.9500395570965408,0.0018336806396247554
341,0.943770626068163,814,5,0.015087473328399718,0.6200480408050807,0.7464935359779056,0.286169129822364,0.29290901788514134,8,4.999234886274947,2.933954772744387,0.00010091900031131814
342,0.9436533476986186,809,5,0.016102332426050768,0.8338442471878307,0.7351973676208051,0.2940496485618488,0.3017597440932094,8,4.651864435303406,3.0494878181756975,0.00011965929062026624
344,0.9443698952010859,789,5,0.019001928501634974,0.829832208213706,0.7457246596949185,0.2861353485743753,0.302196625704895,8,4.622660766078143,1.8714915412623083,0.09952650286778321
343,0.943911980859589,799,5,0.01832948423546847,0.8361992314891564,0.7469978310721914,0.8307421765747862,0.3060804051717712,8,4.6173881953415945,4.8151742175774634,0.00012768510954210935
345,0.9438273042821195,807,5,0.018633372497721505,0.61335605147472,0.8939946260788323,0.2884617939850763,0.25882534308835564,10,4.959978203263258,5.1767270312338916,0.00010178644636756489
346,0.9440412066447251,807,5,0.018794629141686992,0.3827801702434431,0.8972920709860845,0.2996063879924827,0.2566327656947036,10,4.958990024781754,5.394869363404,0.0009693037392364464
347,0.9419686290380266,786,8,0.015852233552735368,0.8309988331847209,0.28723720254268525,0.24666903292477527,0.25331338607951603,10,4.968518178876339,0.0006851337845161458,0.008050460453593743
349,0.9443414371208917,825,8,0.019528020370120427,0.8309751846001201,0.9035636383053095,0.2466278068375491,0.257231196716077,10,4.99293098850097,4.9975233384287865,0.13823983633274953
348,0.9443658866386044,818,8,0.01563653726350692,0.8321373613205609,0.9063562356194506,0.29513470319081303,0.20973263888497465,10,4.9663143677538635,2.1538903139524646,3.094322633913329
350,0.9439376122822771,784,7,0.016418425471290098,0.8699758798542667,0.8974517258152362,0.2486866045171667,0.2591824135456256,10,4.947234827392621,5.189173159348165,0.00793763413201553
353,0.9425003646946521,733,8,0.01586116422260253,0.8046548401061508,0.357070752347994,0.3077874849822593,0.260082713304196,10,4.945247748590291,5.5044159773568,0.08871330080768933
351,0.9438456835567515,784,7,0.015764428210831495,0.8308266031042316,0.8975563465317026,0.2001666880670562,0.2552873848571187,10,4.883682826628013,2.047518996095021,0.00439353349435634
356,0.9430359727207357,742,9,0.02121429327609547,0.8677209461798545,0.34343197382943047,0.3343130796800846,0.2108515565127967,10,4.510185034983788,2.0387183215170346,0.1348044311708864
352,0.9428473250323007,781,9,0.005939399096195686,0.855173666233229,0.8895351395186442,0.25027356862230715,0.261400541428561,10,4.883581295952577,5.299900013368719,0.0009714084225759353
354,0.9439563766544243,775,9,0.015443246305127103,0.8609328988258573,0.9431112236833935,0.2562981343123199,0.26156915634248945,10,4.921422778549132,1.9822920195101292,0.10668512056515281
359,0.9439691036576686,823,9,0.021201518542548464,0.8668347950027799,0.8028594444366697,0.33281192627597245,0.2160675153637829,10,4.859968932286148,1.2423984152100562,2.6083634463925143
355,0.9434216066589768,775,9,0.015687907566456827,0.8688060875450123,0.9424614313723523,0.8937123099553658,0.20990026193122788,10,4.915051502578053,1.9812037435859116,0.08951941012576153
358,0.943831098901537,864,9,0.022088133689994335,0.8624162059935997,0.9491764406847883,0.7282404543785852,0.21148176807909885,10,4.871764003259126,2.003399747855936,0.10670066132661292
360,0.9442397812913281,854,9,0.01512034234342075,0.853982259385269,0.9417476632847563,0.27577887255622324,0.2033515060279333,10,4.866494300605027,1.2185939728351787,3.367225092827345
362,0.9440827773474914,841,9,0.019895708602255365,0.8569542939883094,0.7991918714618131,0.2780866428848665,0.2008214178373429,10,4.858856192832454,1.314156910325602,2.9769864216153215
357,0.9436168417065327,740,7,0.015056462976420769,0.8722223407262838,0.975979941813022,0.7276714657564092,0.2028436026501065,9,4.437061817164512,1.988353747254518,0.23314503120252084
361,0.9425611934040499,862,8,0.019294880319734607,0.8591969470041706,0.8010492038097513,0.8947118591040673,0.20823204839491224,10,4.502345659090764,1.2205271698878597,0.24198938395161843
363,0.9437611144726261,832,6,0.014718770764226499,0.8476894329767307,0.7998616458098339,0.27911106965818344,0.20990086498959412,10,4.855751939878731,1.3199232631161049,0.11080127888267742
364,0.943753851888323,855,8,0.01955688758166679,0.8576744799753389,0.8008897322731681,0.7256196606372677,0.20888009535259708,10,4.388547607210982,1.465485620212757,0.10703447600947003
367,0.943688695267285,830,6,0.019676061918852752,0.8445841055104403,0.8295031958347059,0.3044721645386678,0.2382910795111493,6,4.4127833897205395,1.5515651570424465,0.11837922324554839
368,0.9437543997912916,580,8,0.012962618495611809,0.8444284443517218,0.8502533699008568,0.27944728493096466,0.24403409608013535,10,4.393672451923999,1.2733709056676652,3.279027856644181
365,0.9439528502465553,830,8,0.013221811821837293,0.8540557777009902,0.8005864587487176,0.27856753626932595,0.2081951556535234,10,4.4807755687295945,1.2752617299339775,2.7890320324361495
366,0.9439231361640317,824,8,0.02007468304299122,0.8470306940154368,0.8309305665510165,0.7229832857478651,0.2074371534893892,10,4.453497855812368,1.411826730848394,4.597153827894176
369,0.9442317474683699,838,8,0.020009350368194966,0.8463481047038844,0.9764188651403988,0.276701201603082,0.2023618130955398,6,4.442763290844338,1.3149516156130785,5.25330224442924
370,0.9440472361864426,859,8,0.014557116773253652,0.8471855345084309,0.9282076072702883,0.3071289728987021,0.233457331976224,10,4.389309803701491,1.5663259517480084,2.9582551694509776
373,0.9434458062285735,853,8,0.01992765447253584,0.8376149639798532,0.9321445322919693,0.3036714447060701,0.23600947422951873,10,4.586200084554475,0.9714711927736811,0.16133606297036704
372,0.9419220755491192,828,8,0.019950618131004096,0.26031111212493935,0.9283174871787164,0.3012806865820644,0.23604968800898304,10,1.5846018787958007,1.5824401914338262,0.13237135347797813
371,0.9427017633896997,833,8,0.020582291765127506,0.8388075296284159,0.47437206515023655,0.30343452180864783,0.2366931855638055,10,0.8612886013222177,0.9332119373417936,1.958247105058362
374,0.9435094360266719,830,8,0.012972392881060533,0.8370244409372308,0.4671007131940116,0.30128968732548095,0.23562994748864335,6,4.6097191490266125,0.942298460907207,3.3074377538763473
378,0.9434704775165356,588,7,0.010818346149050072,0.8065312255484673,0.4909683828941695,0.30401377669598556,0.2351251318773921,9,1.4558816485254567,0.9944940070370201,4.0653572971734935
375,0.9444240139254602,830,8,0.013059522799663374,0.832697599931282,0.9277310225912704,0.3053778277816586,0.22855000032958714,9,4.585449319279313,0.927469944461469,4.97537145360622
376,0.9436637338516558,825,8,0.010660417580038196,0.8317250076984767,0.9750110966779102,0.2988120662544063,0.2325272355876746,9,1.5871778495708744,0.9525481315667158,4.263517190026503
379,0.9415954617186666,880,8,0.025249660309631182,0.8887795486982113,0.9924175318162283,0.2658577307088716,0.2311284903492939,6,0.8836741218669124,0.9134215612531222,4.005156857404859
380,0.942528374538037,898,7,0.022745201834589775,0.8962851670172435,0.977203582783505,0.26787307155007106,0.22609628565670623,7,1.4966528725602128,0.9516294801792059,5.23501271135771
377,0.9433554523327234,823,8,0.01046044702326428,0.8940168288972955,0.9134563372332121,0.3006615242695429,0.2335817249929728,9,1.611583613912947,1.016825782123199,0.1544512165692048
381,0.9440017231913634,900,8,0.01077993467130611,0.8931371159415701,0.9690136123224002,0.2628017603892107,0.22336174982613882,5,4.785933403406188,0.9316981490971619,4.2382841026093665
385,0.9436426067131827,857,8,0.010570349126579302,0.8987410230733373,0.9679657603047419,0.2651563250903521,0.2002782924872154,6,4.756937136321288,1.0952956297213374,3.9097071512752937
384,0.9425294505151051,885,8,0.022800602103287035,0.8954946576939559,0.980232458970383,0.26550637315886416,0.21913531392205268,7,1.449950475924177,0.9067722470143654,7.801055332892229
386,0.9436574867141878,891,8,0.008851666608712613,0.8096697643573851,0.7225551291340663,0.363043023927184,0.22120883903516234,6,4.785623440580177,3.885161566840182,4.690655331666986
382,0.9437905133804897,885,8,0.010816807992461682,0.8902117206863269,0.9719910409997436,0.2647688092077044,0.2192916267950094,6,1.4459113256900882,0.9257594729841786,4.944161841547766
383,0.9433394566969115,901,8,0.010804945354368631,0.8957279450988503,0.9688257625779425,0.2664355484409879,0.2009674370523808,6,1.4561860834144105,0.9277651456041307,1.5364392115889967
394,0.9388260981650511,101,8,0.008949489865293437,0.8230693890286617,0.9430417304920858,0.32136349193426905,0.20160670033467254,5,3.653524093498176,1.6951271418422504,6.203950586856072
387,0.9437456208202961,869,8,0.009042860702843105,0.8110583164896303,0.9184039602730323,0.2708144690216689,0.21927839454728748,7,3.802328628528612,4.3564003605148685,8.302309166317958
388,0.9437664807908455,890,8,0.008784263190316865,0.8212596614606669,0.9185455183766295,0.3499553496568803,0.20019231177311272,7,4.6877511751094,3.6346610648297837,7.26504882952073
390,0.9430854937564839,857,7,0.00898857221079427,0.8166901864056286,0.712610689271852,0.32171839982979367,0.217535257056808,7,4.777035597363872,3.9755236688606805,6.117113509775126
391,0.9438251398044869,845,8,0.012801890292683946,0.8144352045351764,0.9443028228610728,0.32141898413620335,0.2181627293072802,5,4.679169966268789,4.218543251645327,7.6645110510563645
389,0.9436520765637312,842,8,0.008682346137967058,0.8125796570065638,0.9069320317672392,0.2814251357681999,0.37767031687329755,5,4.683819746041829,4.115147875658637,7.399305384809413
393,0.9436133862651432,631,8,0.008780698763067694,0.8094865227985655,0.7185410790594973,0.35227473390152875,0.2172861134565399,7,4.66212495230526,1.7031170220040075,6.160968885364589
395,0.9432928129344674,634,9,0.00899317679005823,0.8248758937593379,0.9132807831766635,0.32144879895353784,0.20068663980952314,7,4.676169927226907,3.880786088637209,5.501314673037629
392,0.9439707223195819,876,8,0.00901129925910842,0.8123976011526808,0.7216434565812831,0.2888469191619135,0.2222596004531964,7,4.607866009427896,3.918586455787504,0.04954893321227282
403,0.9434030207466538,244,9,0.01458193427331368,0.8288107816247223,0.9077988937574987,0.2834410461109873,0.41983269151695246,9,4.597540431889763,1.2140500148820141,1.839029976520686
405,0.939210467230153,612,7,0.1605726354827008,0.7923731310499065,0.952118637551942,0.2825114945382304,0.3368149390639967,10,4.54696953041433,0.6345524496871671,2.3780621990048885
401,0.943697357352314,626,9,0.014698305174469966,0.828494102922977,0.905678305130152,0.28542790143953845,0.37651143842376444,9,4.523062674407979,2.2313405113065774,0.010730471809878983
396,0.9439409132672105,849,8,0.008961353727742162,0.8273667255122538,0.9475358570494693,0.3220029583474894,0.24699281735064152,5,4.561537975114691,1.6834857712893276,5.072161130627393
402,0.9437966718098579,628,9,0.014052109703393795,0.8290606934000296,0.9470027628128271,0.28295370669850956,0.24449743389530798,9,4.5656492000243745,0.643029735415652,0.07365152843964264
400,0.9439295294089579,633,9,0.012973756590425144,0.8304668010055339,0.9071721991485453,0.2840352166812933,0.37613756240698804,10,4.578435188181153,1.7197674705112544,0.03634186378675148
398,0.9433737366375075,845,9,0.012574881631423859,0.8262906238295489,0.944788025806137,0.344762089240479,0.42453732254207427,10,4.039697492245739,0.1312142015697494,0.06936269591876876
397,0.9440365019845671,848,9,0.012952091256283278,0.8120012669783431,0.9127869770593221,0.3986914012320848,0.8105996749072417,10,3.8231161674852796,2.303577228152547,6.596019254535755
399,0.9439624265468236,848,9,0.007581313767940408,0.828318814306443,0.7135144800235552,0.39426935437245714,0.3739040074104903,10,4.549339832406475,0.611108406593695,1.7961394707202203
404,0.9434890394254903,615,9,0.014063511238405524,0.7902602375650049,0.9999468736117177,0.39919237494939486,0.34196960576591695,4,4.505656405261818,0.5679306688747523,1.890752622912759
410,0.9439756106576874,592,7,0.012842030751123654,0.7847471153936499,0.8525034506538878,0.3941069176703234,0.25477779072888007,10,3.214327397669595,1.3595592710450528,0.0002040692455550687
408,0.943330291584776,814,7,0.012451442297092415,0.7859218437861314,0.8803149713889489,0.25222531129365344,0.251001432789062,10,4.794875858142662,0.0010660514430962827,0.0001913494982353816
407,0.9439319808833837,808,9,0.007582850056184604,0.7871056478511865,0.8828944684897776,0.2476709680520776,0.24719250980586777,2,4.829391896697287,2.2256681588805494,0.029526556177961592
409,0.9441079495753104,813,7,0.007488675723200618,0.7926337103628038,0.8210501428475481,0.24657320477126296,0.2477450387322034,10,3.1814538040062805,0.02983633687863863,1.2865781291215006
406,0.9440140619662186,930,7,0.007465039188949555,0.7797839953893404,0.9487573880410631,0.2538479165401921,0.3353377822511203,10,1.0519640578850264,2.2265995765388236,0.025854960740373984
414,0.9436695030090101,811,7,0.017742223478151287,0.7861127544203061,0.8468540005424393,0.24921321649386408,0.2511366188409143,10,4.827069782184902,1.264660189390631,0.0001609719715683623
415,0.9438383406133461,591,7,0.01146289213721614,0.8728833579766784,0.8449927094154268,0.2469044087316028,0.2485296600889602,10,3.262862028802898,1.2152240875874334,0.0001926729571311582
413,0.9436716413960251,815,7,0.0075447973502082415,0.7879687593567799,0.8838879765974519,0.2517421508091855,0.25005569526530835,10,1.0233584924286394,1.23869155106617,0.0001834291281036221
411,0.9436963199893601,810,7,0.012348808410337152,0.7856532042422166,0.8449919822457459,0.39231824910131274,0.2506433626427016,10,1.0718722375449703,2.257633188764976,1.9786698292436706
412,0.9437305279198517,925,7,0.011778825708847522,0.7902491015831975,0.8822462219725933,0.24898072972087645,0.25007643954393866,10,1.0785612096328119,2.46729864722992,0.00018526051789191593
417,0.9435954275712664,585,7,0.011408227620501242,0.8742687594823619,0.7786042020082488,0.2508035200965163,0.24233256918029505,10,1.0868228347982196,2.309040631933808,3.2931071093353528
416,0.9440630215318769,815,7,0.011317501744561857,0.8464452910155225,0.7825567780814324,0.24491781211041708,0.2482066233570898,9,4.322277659669157,2.5190374250274323,0.00015918020583246173
418,0.9435395999114423,921,7,0.01817655472862554,0.8742791700715397,0.8222136127002715,0.25019133324422715,0.2465056437211987,9,4.868320137746469,0.05119668727084818,0.0001751240803136891
420,0.9436632746567868,584,7,0.011386880100408402,0.8509055895999977,0.7841977464007177,0.25778065255839816,0.3170357909372883,9,4.9863051690474585,1.3975477604474518,3.553137130376656
421,0.9440473838593378,591,7,0.011733976718141513,0.8500509363483738,0.7732354062375527,0.2643310273286305,0.31203522673514167,9,0.6104263364396172,1.5996249927879738,0.00010043063372357596
424,0.9433695016084658,579,7,0.011270231945906964,0.8487769843794728,0.773924126069042,0.27083086778567533,0.22756067405590535,9,4.326540522099157,6.239898067218396,0.015157889770476511
422,0.9437402597202004,764,7,0.011389102900271777,0.8432738479195709,0.7741691798312106,0.44869496085037,0.31318825033025294,9,4.967687409882014,6.355118252328899,0.014977721345038598
419,0.9437518324745241,755,7,0.011598195811757127,0.874992324263492,0.7767129629559945,0.2554646847569574,0.3155136062073119,9,1.0060257430425499,6.475405223285026,0.00017414935709028637
426,0.9436656008962482,609,7,0.0161450149215473,0.8478186274339692,0.7550290069086495,0.2718259893484928,0.3113587776885273,8,4.300166776744183,6.542481380212447,0.00013593074612375808
425,0.9444733956373106,763,7,0.0101462869683948,0.8487976361463027,0.7789867854915947,0.2703791002826943,0.30740766698422967,8,4.34971007681093,1.7170598826569667,0.0004224596667008246
427,0.9439277020221043,753,7,0.016567614006669357,0.8549614458327203,0.7296008255458262,0.26742049867119,0.3073805941331291,8,4.890070727167225,1.5475849616652362,0.0219060152483431
423,0.9437810320500695,765,7,0.011387338239682882,0.8498386210392188,0.7826049015030514,0.7907056855073197,0.4043246210218429,8,4.852178680223377,2.5644899926344666,3.1086316743851192
432,0.9439935589153174,613,6,0.00998602096903569,0.8598865387175313,0.935421881651493,0.2908217558201582,0.3940398741006336,8,4.743908853846013,0.7413829919233142,0.00012826845867938434
430,0.9443116463319523,751,7,0.01019953098441266,0.8607578269744842,0.9318968294907652,0.275061182953175,0.22650747970042995,8,4.986801336358453,1.7279183030934395,0.00037880543375703356
429,0.9433222650671906,748,7,0.016596930978561405,0.8531107668686965,0.931423545224348,0.2732108688251342,0.30396183542798594,8,0.5279761163118533,1.6506953962097808,2.306742728379838
433,0.9441382313896721,659,6,0.016694684172834002,0.8585754874805654,0.931440326946829,0.2950996662779638,0.2184265560667544,8,4.721941537464722,1.7543707179172323,0.0050952472280677286
428,0.943137188662487,755,7,0.016305183062356097,0.8552676227173995,0.75359603603984,0.7577210397579485,0.313982255260719,8,0.5630258270146281,6.688145212485382,0.013885559286912326
434,0.944208575869105,795,6,0.010283156877423153,0.8018471614795812,0.9290079823133387,0.2925098212985027,0.26867225554359275,8,4.994222285480066,1.238513908775406,2.487028939204927
435,0.9442558718969881,754,6,0.010263721536206121,0.8608312335132942,0.7410244072941576,0.29347233057695016,0.3978827424864758,8,4.22000472109898,1.6528795206315987,0.0003996957709253899
431,0.9434211662493525,757,7,0.01016759168969013,0.8372363546434938,0.7525694620356775,0.45046110462051087,0.4423541325951407,8,4.8398679076862035,0.7589668376008222,0.00028430139098440624
436,0.9440483387759405,764,6,0.009758085241508655,0.8048305165227442,0.673226861366282,0.29214184539507815,0.44208007895249535,8,4.029050431669611,0.7702606891873699,0.0004836016599344263
437,0.9439772053162325,794,6,0.009915257237430959,0.8005109171081984,0.7571815912141893,0.29291511022024136,0.44125332518053784,8,4.383360931462594,1.7867796092278423,0.0002536179233197097
440,0.9439938469557353,737,6,0.009845348535645268,0.8030023403502684,0.7596507126821788,0.292781052047744,0.21360980606715513,8,4.9542471799567105,1.8012647386947647,0.00030496151819077514
439,0.9440612400645101,723,7,0.009985171282421275,0.5690945593155665,0.9289163493902164,0.29342440836096423,0.2181423306943399,8,4.907301708915732,1.8237652923810552,0.0005257712916381603
438,0.9441728932969091,791,7,0.010153276885506785,0.5619211888496939,0.7577992723163881,0.2922218091691948,0.2170670550432073,8,4.22350344427468,1.813954922086415,2.268288598849937
442,0.943776115534097,727,8,0.010124190764232785,0.8105620392986378,0.9242910662650407,0.28982918851762923,0.2131639707516835,8,4.997407595030018,1.7959555350528835,0.00045558716634330374
441,0.9440649511939515,769,7,0.010159020239423985,0.6458153006127135,0.9244304132012204,0.28586447206181564,0.21610642280230974,8,4.998236137514656,1.1396301745993178,0.00043503997606559843
443,0.9442794870367515,794,8,0.009916229186749819,0.805125693118027,0.9251620700412913,0.3094082238743586,0.2691116071551174,8,4.973240603937375,0.81650917138496,0.00040816646367274463
447,0.9436425096560853,792,8,0.021390681669624365,0.8744251278201542,0.9600748461537284,0.2841479039181059,0.3947104327186225,8,4.927442364378946,1.121729847619017,0.00042082804169016027
450,0.9413961043535368,739,8,0.090493318241334,0.8330412940261983,0.9571494027060852,0.3142432850086356,0.2665154329237682,8,4.998518519571578,1.172385714249546,0.00047570530733546284
445,0.9439155542305697,727,8,0.009977644131087496,0.8784902449930714,0.9345489117065183,0.2909432934649908,0.220033038737576,3,4.9589641983581645,1.1329447225427896,0.0003728433959266418
444,0.9437544556252133,738,8,0.009924785567853051,0.8072090243133125,0.960161170520754,0.29233642136725396,0.4293961354000356,8,4.166846817600788,1.297449199856066,0.00034635832688686865
446,0.9434518279431057,782,8,0.010131439738339652,0.8766512122569966,0.9263590565862272,0.30935777058132874,0.4161392848722123,8,4.970106509457302,1.195151620575772,0.00039824163728438723
448,0.943741572600076,724,8,0.008245806566778433,0.6399824276817572,0.9230570804399947,0.28541786159748045,0.2238232686112554,8,4.965802769414022,1.1621865250648002,0.0004036353679380996
449,0.9438320005932799,790,8,0.010410140067992242,0.879115707747764,0.9587100504893941,0.3159613785729154,0.2002061299018394,8,4.987550608179719,1.0614886183104535,0.0004215234151202339
452,0.942929166081454,783,8,0.021744802690720766,0.8802715297199476,0.9521722934759886,0.31641075713585115,0.3851205042925613,8,4.177658372679033,1.2292513307432147,0.0004200765105008728
453,0.9430673586900322,789,8,0.02045766067754936,0.8353808136277133,0.9880602830984537,0.31374477295255965,0.3971782772236056,8,4.107239272858894,1.2043845679084138,0.000369752371533138
451,0.9436893517072228,792,8,0.010624071807157548,0.8747377814173144,0.9618276837478458,0.3126889766648922,0.3871036745539544,8,4.100872517063449,1.0999228204761355,0.0004181693273150042
454,0.9436035521895736,782,8,0.008344376673731004,0.8370385209189053,0.9518395603991774,0.31700362855430436,0.20021700075305476,4,4.985952854379429,1.0935354122281515,0.00035727602069571935
460,0.9431987009460645,788,8,0.023693185444700556,0.8332417963029686,0.9827038217301067,0.33562580683950294,0.36754331847205135,8,4.843643316777817,0.4485655530201972,0.0006086325878564474
457,0.9434426711799677,783,8,0.00855930231518416,0.8314033486937251,0.9907424095933985,0.32871192290616724,0.363991213299543,8,4.1963641652723185,0.47675859750900784,0.0006361225364546504
461,0.9432231134151005,798,7,0.02399104652828137,0.832626935895635,0.9940530693112802,0.33566332833122775,0.3662251566034634,8,4.827396178240554,0.8134450254106731,2.4749129757131403
455,0.9435583183641023,797,8,0.008192301432876978,0.8334241940801308,0.9419933830067103,0.3175334114691516,0.40000507723907575,8,0.005164638924293691,0.6211774478860194,0.00033432998366520475
458,0.9431076415599158,783,8,0.008416816324513049,0.8332656560484006,0.9896152583677782,0.2709385132751947,0.361546869365019,8,1.2285703650969184,0.7960664564565382,0.00070992233708487
456,0.9433571471792399,787,8,0.00818053399312567,0.8237965231885148,0.98621518309951,0.32860205285068134,0.3592733176129473,8,0.22941995084920075,0.7637871255507598,0.000363628010068856
464,0.9435981524753639,830,7,0.0183564817397608,0.8200655809938037,0.9028168900778923,0.27033940554911795,0.23681779131442715,8,4.830592293953482,0.7879958176450772,0.0006725463344026513
459,0.9433577952701802,792,8,0.008396536283267659,0.8335631949561484,0.9998022451678195,0.269539713741841,0.4035165239095091,8,0.2682792145547924,0.571319448762794,0.000534194968559068
463,0.944152323454027,769,7,0.00851561105478303,0.8290954317156577,0.9088503840138907,0.33215431305107684,0.36864149554744796,8,4.833337475205193,0.6070632409654442,0.0006686010985676679
462,0.9437137746125057,766,7,0.008242715035908354,0.8279282244326561,0.9078915465090892,0.332227820105663,0.2674025734478288,8,0.770671987355119,0.4576545828237933,0.0005848402817667719
467,0.9436644664761967,821,4,0.018202159008658434,0.8183731692109986,0.9096752903592485,0.2665620681900254,0.2661752347678812,8,0.7447672398203115,0.6561509589748576,3.6513665087404514
468,0.9432543731058081,764,5,0.01812239097275703,0.8173843361260215,0.9369040324495612,0.2703446190259326,0.2665449326921145,8,0.7249210820242211,0.7795588403002772,2.5705319627796825
469,0.943613051261614,831,4,0.018517562815744668,0.8145683533782978,0.9070255514463377,0.271494944302084,0.2674442223724669,8,0.22370491342048204,0.6355505965753762,2.9440201741042737
465,0.9438626842031518,836,7,0.009353277036096393,0.8158266043749447,0.9107453193591293,0.2716013600626132,0.2667572436975653,8,2.84297992328608,0.6158429378706142,0.0006641055366755561
471,0.9433061796796544,760,4,0.00925463279239707,0.8031460266542364,0.9140304012507021,0.27153608258187495,0.2636671877222123,8,4.483397498890074,0.5645784596938097,3.457766407915142
470,0.9438219045679098,836,5,0.019238721106437005,0.4542290861739736,0.9200782053276798,0.2757512265034752,0.2658721204773895,8,4.800778206587681,0.6626046929775439,3.1902419785391114
466,0.9427291752361299,834,7,0.018034776050789698,0.811720340426851,0.9106457636048412,0.26860406620428384,0.2672358424475674,8,0.2256426504868645,0.6415132479020755,2.517781426990934
474,0.9435235625306421,828,4,0.019299767956292818,0.864364414687292,0.9388177351841743,0.26191458833241493,0.23271800371792145,8,4.437413769534345,1.5738966315148755,3.517442889534598
473,0.9435668166000533,747,5,0.01918978064471808,0.806440356364512,0.7014000466582989,0.23549092777558803,0.2659124566583724,8,0.7514945866226268,1.475409408168514,3.346686244610305
472,0.9442329455495282,751,7,0.009266336127544765,0.5957443738833597,0.9113122451782947,0.2628383166439505,0.5700422176314536,8,4.468700804357366,1.5313873798958677,3.3044883499549664
475,0.9434373570429837,701,5,0.013600966340102345,0.8628962353129285,0.9391197734976674,0.27379189509414364,0.23210167994003095,8,4.377083061652013,0.8819065400301598,3.9025427936032226
478,0.9443315733020178,754,7,0.01479901792800062,0.8594176013594607,0.7341373132300839,0.23996115283935465,0.23386204742787828,8,4.454729659917744,1.5018831367183534,5.187087166564436
477,0.9437916864146552,749,7,0.009249873586888393,0.8627666778390195,0.734012364497649,0.23416835901058905,0.232574549047926,8,3.0532248408846967,1.487692773526585,4.5660036607274055
476,0.943846137533497,868,7,0.009494659456892688,0.8584052955652435,0.7336081206528602,0.23812810797332729,0.2313796733629978,8,4.489509894050323,0.8986606000113734,5.440180190789144
481,0.9440645253950729,746,7,0.0149012439184851,0.8638936780752907,0.7052210313146036,0.23291378133253154,0.23375626367268565,8,4.363574234389607,1.4924255039909387,5.035094755361624
479,0.9438770142139388,701,7,0.015028116290781586,0.8607097587610099,0.9412737242223358,0.2302687921760381,0.7139875726385948,8,4.397439441422448,1.469198851966949,4.365791540267039
483,0.9436753076496043,706,7,0.014971307965154518,0.8619554185121422,0.7361308512266448,0.24123877503802377,0.23421416871695155,8,4.699738088068194,0.9017500210161241,5.302613598266201
480,0.9441426647074073,745,7,0.010813503530721844,0.8558544490184904,0.7339184540219488,0.24257886024455688,0.22978216097151813,8,3.0721672732466514,1.4870771607904139,4.987934605722681
482,0.9438795919669534,748,7,0.010769423399553578,0.8592455435749639,0.8884099062173592,0.24001837182384378,0.24081965878143935,8,2.625964149109378,1.44086993511317,4.482609358361829
484,0.9437392327934934,709,7,0.014699650134576104,0.516053165958915,0.65727399660047,0.23980469438598032,0.5441877822290037,8,4.315704744883244,3.044645024345218,0.00026343507735096153
485,0.9439107566878132,722,7,0.014929045977654813,0.8581285083048582,0.7388999698292611,0.2361356637625974,0.506276244257103,8,4.3120410711206825,1.4504417307366688,0.0002638679136140078
487,0.9436649893321727,716,7,0.01438879560206407,0.5312485040776678,0.8955538577975045,0.23497329473571074,0.23413545521154563,8,4.471359711631265,2.242139850791243,4.459425429864238
486,0.9436324386777082,714,7,0.014750623096797151,0.8596950191470657,0.9743952947967064,0.23959398949828745,0.5900056751304078,8,4.420317271557592,1.5160311890460123,5.460321823962785
488,0.9437950521043199,721,7,0.014966210891600879,0.8460728304742667,0.8937793400020094,0.24259396783419288,0.7476646237813789,8,4.40174623204241,2.0927084389605404,4.332109101702949
491,0.9440577846231208,726,7,0.013759872738567271,0.8880195855116992,0.8951476363954493,0.25235666784856337,0.2139059356791779,8,4.296221468111829,2.1088499715132167,0.001468323282120247
492,0.9435877005739707,743,7,0.015390382758558195,0.8406089626527004,0.9743308431912894,0.2590851347625649,0.6000608473555907,8,4.4716222895920446,1.9918912264182924,9.024125687664274
489,0.9431267795497064,708,7,0.01514151713230191,0.8458494023433513,0.8823686359156679,0.9188852992445207,0.6576516681527524,8,4.317878507632519,1.9866992766953178,5.174799284604018
494,0.9437915215219521,731,10,0.013478167641836453,0.5963931209233406,0.8867457405269543,0.2587149743741603,0.5064552794152091,8,4.575341887141212,2.053365080862884,0.002908032159026468
490,0.9437985826866878,731,7,0.013667128130431345,0.5176207355402003,0.8894725470951262,0.9335546736132162,0.6378183363992167,8,4.2464408896580395,2.0935064439768114,0.0011097286622657634
498,0.9442096466280496,735,7,0.016471969821490493,0.6642269559447201,0.963721533019974,0.2560766003051439,0.21108944618806713,7,4.643742904499808,1.966542835048591,0.006338534891217703
495,0.9437755655438789,717,10,0.016323293544276456,0.6015985941718985,0.8943456486505891,0.25578865028955194,0.653937717121726,7,4.513714402676604,2.0377456616048266,9.60687765403194
496,0.9437887496547429,772,10,0.013628002328435817,0.6337355723389448,0.8950973275416959,0.2556994796638727,0.5789474397370133,7,4.6449434139734604,2.0151009753232776,1.206674344572457
497,0.9439236068387725,763,10,0.01318473679863231,0.6553320834416507,0.9708119217568776,0.25622610769415866,0.5721760143755249,7,4.506860348664049,2.1152706830028443,0.0027844574058618573
493,0.9428407783745433,766,10,0.01564826830655759,0.5329224878848339,0.8918700352279352,0.9231252561303159,0.4889765057320075,8,4.243548587283202,2.004774629806965,0.0002787710796895315
499,0.9442885738770341,759,7,0.016470648999429415,0.6285773172147262,0.9649005230285604,0.2605161069330049,0.5614039470173761,7,4.618240847394792,3.1837019404318156,6.036557383675018
500,0.943521539985969,771,10,0.012476692788659623,0.6823561953080232,0.9509600577488129,0.2151127776292983,0.21138891811435648,7,4.584855416339016,3.242564068358197,7.157625421342564
501,0.9437565507018032,771,10,0.012576602726508965,0.683547898154309,0.9224449568289069,0.21184878592606865,0.20022819173087086,7,4.613685428432257,2.7695381175885716,1.2821596630890264
502,0.9436388882783685,763,7,0.017148248199708473,0.8847399943367159,0.925925084255899,0.3047689033881615,0.20088181535725058,7,4.6365324910314065,3.114668682863273,6.826665544144246
503,0.9437093548618917,766,7,0.016682676057620485,0.9068487804313031,0.962804657457055,0.3011996482762724,0.4903055770756374,8,4.643153296012451,3.012414177589751,7.6940223317278775
504,0.9434793274540109,772,7,0.009368488964221926,0.5865823619416171,0.7481463423437116,0.30377016826979897,0.5707310230599477,7,4.620455206174137,3.1742312828676127,9.507936406899077
512,0.943152413059644,305,7,0.02095081101857025,0.5676869850193367,0.9622081318646346,0.27991438395575563,0.24304999126180826,8,0.3728446141666394,3.366880312963218,7.017390157471707
509,0.9435432640777719,762,7,0.01730760119718266,0.5925431877585708,0.9524344712394159,0.21373729382391285,0.557040515645224,7,4.633115141156409,3.2088239104717897,6.967969123597857
505,0.943915682596408,810,7,0.012257165964493102,0.6839633275101471,0.9360000126109348,0.302848530260264,0.46715608581033274,8,4.570640789887505,3.211447551981929,0.6763651979383954
510,0.9437611906572296,749,7,0.020297897164187513,0.8819259555061484,0.9678819251630784,0.2807855508658993,0.21320096579398562,7,4.713004373944458,3.2193409818517025,6.403237141794769
511,0.9442344755033417,754,7,0.020994874653724228,0.845522817543471,0.964364224024746,0.30379964565356554,0.5596667676526582,8,4.7330668655209225,3.346965040066053,6.070421731622749
506,0.9434486605421343,812,7,0.009438603197953708,0.9101958952603215,0.9244247380593108,0.30418348926641453,0.5249499602495166,8,0.3722204160487006,3.0371602040111774,0.00023592777408767962
508,0.9430582989839917,811,7,0.012344196097945695,0.9018552525839717,0.9259233671480938,0.3038107399704967,0.4729556515827562,8,0.10724490289060681,3.1717210337673354,0.8458729428738901
507,0.943398528985935,810,7,0.01243185320712664,0.8456292813907876,0.9282950104486742,0.30115905140366145,0.5222401149192663,8,0.08181656506823673,3.479175722882694,0.0002868324592932535
516,0.9425487888808384,801,3,0.010933153634088096,0.4815995387909117,0.979190418243914,0.27985694749234136,0.22179820662973643,6,0.05832876622127045,4.952588738210711,0.0015629166364551903
513,0.9434460024300175,551,7,0.021065844520852285,0.604735722888942,0.9807451593207887,0.2823874424997014,0.5593197925788,6,0.11182458501030004,4.989838822954197,0.0016318047650871474
514,0.9436037442165188,747,7,0.02043285124103035,0.5495943433225882,0.9495112352836442,0.2792479044201658,0.586315367656852,8,4.7545341308551015,4.64632337218542,0.0015743107343755376
515,0.9437276381230509,549,7,0.010850018089075885,0.8424317271791978,0.9762843679103638,0.28024622963752444,0.8839729299182013,6,4.75928983114721,4.494841668364154,0.0009157746716754351
522,0.9435427307855491,741,7,0.025395840116487284,0.9299842519618963,0.795146699122257,0.2795363632339944,0.5538419667192286,8,4.774680031474213,4.197881087980031,0.0010603585102050112
517,0.9435635375312386,557,7,0.010761440801355677,0.8444467121271603,0.8092605770715926,0.2798889429251397,0.5621231861492306,9,0.11700689166148427,4.843021558008654,0.0017254918000341067
519,0.9443021650015322,750,7,0.010844673518743653,0.6173350443114858,0.7940978912802706,0.28010812810723285,0.5247229546731833,8,4.755111018686646,2.5054886516021164,0.0003115033909286394
523,0.9437413231737721,748,7,0.022772340425685978,0.8443205275681986,0.8098704216789802,0.25790600111723866,0.5576975590474459,9,4.777600748563887,4.579789103496227,0.0008671124361792977
521,0.9436631139385826,745,7,0.010924181329017596,0.844262091092407,0.7638995245571093,0.2824883520487517,0.5172040623190022,8,4.73606437040821,4.792650680263887,0.020359171466067482
518,0.9438663786345979,744,7,0.010922500471388607,0.844469111161641,0.7902512305128874,0.2807460200833698,0.5313110676045857,8,0.005236340243844293,2.5492621289943087,0.0009021996326504619
524,0.9436576443015181,740,7,0.010943916586564803,0.8424861374536419,0.7924562730620173,0.25835414524317385,0.5560814299201827,9,4.756845647815296,4.1517026529488055,0.001196549590119434
531,0.9406355388483764,171,7,0.011928660664073302,0.4245447020766472,0.7650194746621377,0.2606451558453629,0.583950294873968,8,4.894827458712974,2.7861395169655516,0.00022378245727867565
520,0.9427392926558064,745,7,0.022051689799367707,0.9294271616825626,0.8111125718764561,0.2803077185757991,0.5424489448664654,8,0.08969218886500478,4.292163506376102,0.0008628277399992528
525,0.9438090961619388,743,7,0.01093055145837119,0.8465057046240418,0.8124142036870199,0.2605448302646404,0.5498073400047088,9,4.80187710745453,4.364698232453793,0.0008638559904922633
526,0.941871899117058,739,7,0.026533537472616223,0.9266280917907144,0.8101227516324194,0.26130467491669485,0.5327084479059725,9,1.3683262347916032,2.451469027495798,0.0009064310473235628
532,0.9401424960994005,520,7,0.12263428362283973,0.629451377784185,0.7917927704304181,0.2205835653583439,0.5398537021591402,8,4.873428943160495,2.5384787583721184,0.00032032003322276197
529,0.9439879922211555,734,7,0.017443322400571698,0.872343891115235,0.792492545940652,0.25914266143644554,0.5323960159539282,8,4.874248040767182,2.305899373487699,0.00030311736912323197
527,0.9417908710515477,752,7,0.022508174195760344,0.843683904872272,0.8067627413130036,0.25650521699502804,0.5619657994010566,9,1.1953858870122516,2.635078483507937,0.000817430153659068
530,0.9441161764688386,736,7,0.011960941391396434,0.8231747240685929,0.7885101301425586,0.21837257156178586,0.5393851108456122,8,4.875115585225656,2.5202647160238243,0.0002965454406402615
534,0.9434090132396943,693,7,0.017293384501617142,0.874745094232665,0.8161003701882904,0.22429012779066046,0.6079719718783871,8,4.875477340864598,3.7577595536687087,0.0003167697267951996
535,0.9437750437315277,690,7,0.017343937343525174,0.8764973932287052,0.7457955247786653,0.21809220102714347,0.6109872785304729,8,4.873584044564574,2.466167089267286,0.00033814792638947453
528,0.9433773684514716,745,7,0.01761428863939333,0.8731834466203426,0.7628778056756405,0.2600034716611099,0.5259129804517642,8,1.204211718797049,2.570802400672585,5.933510798274555
533,0.9438145261412647,694,7,0.012156986050963247,0.8831675856902176,0.8146077603327272,0.2226217785982565,0.596084283901118,8,4.852052158626855,2.727880427910562,0.0003243057788255668
536,0.9439799145659598,694,7,0.017327463308180503,0.8739727681903022,0.7478685241988466,0.2220461227753754,0.5358285168875703,8,4.8786266571596775,2.566464602857248,0.0005354125617676062
539,0.9393217249287898,775,7,0.2090991913279365,0.8727922025431625,0.7506218854168816,0.34732013875809353,0.5988709900031884,8,1.4996240948223447,9.822399619523724,0.00048086284022377156
537,0.943710110446176,688,7,0.017559708038330252,0.8680646320967572,0.7244273310351297,0.22239891811349607,0.6071198753877219,8,4.881277111584377,2.3496828148399174,0.00031489577787384215
538,0.9440539054701025,774,7,0.017432063139663466,0.614214663857469,0.7541661718596767,0.21988545021228265,0.283281720538639,8,4.863307899368744,1.0024884564392724,0.0003160538874358323
540,0.9435446395751296,696,7,0.013415112860510715,0.8760146743328907,0.748270243951361,0.22136392513419323,0.28470256434530267,8,1.5006447196509671,1.0206804813670352,0.00024391397248636477
543,0.9440205992313537,565,7,0.013462777316674224,0.6166208074678765,0.7268743750897912,0.29704812744757714,0.2525701513572993,8,1.6030366746284188,1.0076728394572814,0.0005626320900037918
546,0.9435757145442649,571,7,0.013725802516544825,0.6241211619981825,0.7194848077614207,0.29838767209466827,0.2825222045990956,8,4.686401566111829,0.9759994379503673,0.0022557059174365076
541,0.9431724287378092,572,7,0.01348353551841635,0.8818571464696291,0.7494935314709753,0.34959202681739704,0.6123401845422646,8,1.5255570328274197,1.008916473800653,0.0005121333812254605
544,0.9436801709407169,566,7,0.01357664848118683,0.7988784872394254,0.7199764005906958,0.29747619090834443,0.6234293844588804,8,4.696951615255426,8.766040848101332,0.0005038925803432998
547,0.9435506070211772,575,7,0.01361632430260685,0.8057707827468038,0.7205775269870524,0.29910875175222007,0.2917334124976636,8,1.359867094534358,0.9053382272419866,0.002378257619213248
548,0.9427040677130425,774,7,0.015931600962495726,0.8065442924151642,0.7716868752656368,0.308450964135778,0.28626836011029505,8,1.6407088014334663,0.9557835061028146,0.0005403863209834612
549,0.9434776701779837,566,7,0.013578720356871037,0.8009784579657061,0.9463929403012872,0.31129132378864877,0.25260161463106273,8,4.7173368257053765,1.0589864587873696,0.0005211093030738526
545,0.9429290690243567,969,7,0.013303219506985502,0.8051101522366038,0.7340951827872475,0.29785252512161303,0.25314295379940793,8,1.555192418431059,0.9760774357283346,0.0005506785350215535
542,0.9436988236450208,955,7,0.013048165615722597,0.7980998793263175,0.7437789062362756,0.30047166684306803,0.596774187041772,8,1.497100837956077,8.720009520267023,0.0005101932475214389
551,0.944159506722853,572,7,0.015988731421723787,0.8054065529684179,0.9480961054636515,0.3096152474292143,0.2399907071249278,8,4.69114149204358,1.7599056937858168,0.002222732089935415
550,0.9438421143602695,562,9,0.010120023158252117,0.7978223258374716,0.7776936136380858,0.29684968556821584,0.24664750053226486,8,1.6292690731300894,0.9621745167272043,0.001195688880410729
553,0.9438776064709573,777,9,0.010037698017437804,0.8012582435099325,0.7746585983197066,0.3174528855991411,0.25087820159278035,8,4.669099048661377,1.7492457984296017,0.0012120252123184088
554,0.9440762922635914,721,7,0.010300091113199959,0.8231327658202672,0.9463289639586152,0.3229553250403574,0.24963765423142414,8,1.356299627419187,1.6928718113062806,0.0012019715593973807
552,0.9423457433460106,762,9,0.015894232274593894,0.8035274601085676,0.7695945581069737,0.31961967672901465,0.24657566930052577,8,1.284573540349462,1.705495773246011,0.04762337332702813
556,0.9439405980925505,661,9,0.010174811608772797,0.826009091373757,0.9450489803925681,0.32419748788873903,0.25039317917717674,8,4.99552042855869,1.7943423885816772,0.001117570486987806
555,0.9439303862248385,777,9,0.010134586969668893,0.8193624628369087,0.7737245021932185,0.3155035611320874,0.24942634170299352,8,1.2946238977547466,1.6612100970209196,0.004100173896468078
557,0.9436343234639206,762,9,0.010323514893325003,0.8250828745226941,0.7768687699212833,0.2427980386929472,0.24044535055915806,8,4.777910323586949,1.8840124227485724,0.003799443706715748
558,0.9438189417173801,717,9,0.010255037684417462,0.8246143544889588,0.7742605984603371,0.24320686357679613,0.23923632700427036,8,1.3291393692945332,1.6738758410370804,0.011189402344287416
559,0.943780726789844,763,9,0.009779001348724885,0.8236666224413914,0.7777073876359913,0.24306943480287313,0.23179038933134305,8,1.2881594418065085,1.8224475647065053,0.0011874366741314486
560,0.9444601186438482,764,9,0.009722297293653506,0.8235007657353951,0.7774629807992834,0.2415236643894683,0.2261443553536693,9,0.9322046484672717,1.6634309132106788,0.009915749364280187
561,0.9443260170441029,760,7,0.01034050229428685,0.8279158743256031,0.9976034075995684,0.24558862910829496,0.2286630456727407,9,1.2870898955579813,1.6790984335040369,0.0011482468505485065
564,0.944091812006539,665,8,0.011932076909868663,0.8257921576580863,0.8271463018191925,0.24355382933498004,0.23122384972215088,9,4.9893757384228765,1.4125954585154403,0.000238366920110814
563,0.9444640687633463,664,8,0.011996203597713497,0.8383220053393633,0.9570858762858894,0.2001247307546289,0.22646434124012146,9,4.7680156406403915,1.3154206005023104,0.00024032838887116213
562,0.9429805051114336,719,8,0.01175508789172205,0.8247255430964163,0.9411597088457536,0.24252787470908707,0.6887371630433814,9,1.3130574084013247,1.5612617658324874,0.001531113544759285
566,0.9441192697724563,506,8,0.011545885839757361,0.7770479882689387,0.9959939722593192,0.2449102842339082,0.23121853099726541,9,0.9552055236510354,3.6310025632380087,0.0015246075907282969
568,0.9437483175465268,797,8,0.012052915243222844,0.8582574277745774,0.9930973720929421,0.27478923134006983,0.22257433690798537,9,4.753274410289068,3.550326887748062,0.0015334478167183955
565,0.9433793335967859,797,8,0.01205373527551289,0.8242151417489343,0.961674405449364,0.24267170115271036,0.22280114902628662,9,0.9007441054361256,3.6090318389798854,0.0017968069799238194
567,0.9438356584978612,797,8,0.011652902113643327,0.859918742068695,0.9975679658140096,0.23976639385859672,0.6909491739511671,9,4.991885770252936,3.5286038607297283,0.4549248283464355
569,0.9439023878613255,805,8,0.01175292582611022,0.7712255902130742,0.8344282344664786,0.27401986258924266,0.22355442611205056,9,0.469191826095391,3.6129369491047765,0.00023852983415030506
570,0.9435851176028324,800,8,0.011781243026970433,0.7726664070095469,0.7979613733560738,0.2454927674380453,0.22394668109331142,9,1.1292179466674568,1.3263249984975107,0.00038364111392647247
572,0.9437035773555398,794,7,0.009445745975962747,0.8568372528338607,0.9705758472147689,0.2391757696242365,0.22113590992131227,9,0.9394419136938277,1.271537218286771,0.00743583994820756
571,0.9437845271491974,790,8,0.009160778813090199,0.8569325011192949,0.9864475176972407,0.23844008753601192,0.22053321300605133,9,0.8943408519471944,1.267351641945183,0.006580782953790511
573,0.9435412770163388,798,8,0.011459952825108565,0.8380385115345861,0.9941333356480844,0.24115430128859053,0.2134802511531278,9,0.8936144785380913,1.2920538419560748,0.033426036046008925
575,0.9434856685177021,793,8,0.009280873791902264,0.8374060151546094,0.6997644443893318,0.20036409801470484,0.2210301703360385,9,1.0923357661567556,1.2574022283912256,0.00023304831852238509
574,0.9433027920738708,803,8,0.011244044440983819,0.9817342913174809,0.9912748500449958,0.2376297263156502,0.21175297906968565,9,0.880596692527103,1.3583978193186188,0.00021813000905798142
576,0.9439315008160207,797,8,0.009209614384009888,0.835280394130497,0.6995122911448607,0.20000181237980838,0.2207962425254763,9,0.8715563391628285,1.3277686109469005,0.00020893305612300884
577,0.9440913413317983,788,8,0.009324492300171025,0.8360331089978206,0.8610946315007625,0.204644275343433,0.21615491027922773,9,0.9322859227545195,1.2322215061679742,0.00022302154556123985
578,0.944158202191975,779,8,0.009344806954308244,0.8402518696113646,0.9335793272299118,0.23171686526745494,0.22275575462151714,9,0.5217547067401686,1.278063752102578,0.0002321868606769991
582,0.9437400812603765,542,8,0.010893716466725382,0.8420978357999908,0.8608123874427299,0.21569234266152598,0.2024450853228106,9,1.1512856745466375,1.3605794439117944,0.03890718914564925
579,0.9438743790615656,785,8,0.009160208776856102,0.8339480809887441,0.9334729394813915,0.2312511484075951,0.21430621987388945,9,1.1464477639425583,1.296780697688254,0.0004196374314613432
580,0.9434236020694076,860,8,0.009236733489197796,0.8422375963208723,0.7014748528594449,0.20700590210300154,0.21627875462886242,9,1.165821965614904,1.350193701118801,0.00040766743185695705
581,0.9432125258424957,781,8,0.00911115350995668,0.9822660982204774,0.8642092673854511,0.20701837226793784,0.2014987365090383,1,0.8202730751351666,1.417322098175982,0.0002203226355068247
583,0.943846519500138,778,8,0.010710395847235368,0.8354062199717367,0.8620275777523779,0.2670289737150997,0.20316577310306144,9,1.1496957640272742,1.431656139562205,0.0002163340057257909
585,0.9437265110083726,867,8,0.010938989779189471,0.843614766196054,0.9332156259397234,0.20856385150701912,0.20053906345380124,9,0.27240985487292635,1.5961687684372987,0.0007002594914920687
584,0.9437478040831733,777,9,0.010907736117247565,0.8370300066533964,0.9346512543748436,0.20628584782975357,0.200390430982925,1,1.166517176438047,1.4189390596193556,0.018809122347146615
586,0.9432476542499748,860,9,0.011137476454508877,0.8396845398591125,0.9328549292841136,0.21033445491024028,0.2387660128038482,9,1.1399115952979277,1.5759345460821472,0.15652503878086105
587,0.9438028558080314,869,9,0.010795064904664305,0.8375965735693882,0.9248036420623726,0.20299026738641585,0.2017472743456718,9,0.6514533172503383,1.5756511936322153,0.0003823295939124825
588,0.9437166487549359,857,9,0.010648980402849253,0.8131511121420497,0.7630622627753084,0.20192404952596638,0.20125086497611863,9,1.1178667320592173,1.6512760869963932,0.009181992805316482
590,0.9442916964021435,761,9,0.010730720103786475,0.8191344274171547,0.7607606990829271,0.2004564998497779,0.20041106195985092,9,0.3184712758140862,2.0640770295624677,0.010500749752035065
591,0.9434290842299686,760,9,0.012621097781835112,0.8144958393240287,0.7597622477680223,0.2636816373118594,0.23606465181458144,9,0.19968284318005702,1.9706258949675048,0.15184785071970983
595,0.944155916653877,758,7,0.014626054435086334,0.8171251306642969,0.7607390463127445,0.2657870468471818,0.23517673668894098,9,4.909346724074885,2.1238266011030373,0.15611051186170555
594,0.9439063682459402,819,9,0.012323168288441213,0.8544208073328716,0.9164016284145279,0.2652252528694071,0.23822775689865278,7,4.819564609932121,2.0087874755688357,0.06129932696513054
589,0.9438190993047101,865,9,0.010793545691883238,0.8138442936633644,0.7566471136453459,0.2645580692460038,0.23482095107235962,1,0.61779093536048,1.9498495511883354,0.00037722733127331124
596,0.9438627290790139,758,7,0.012640447613938533,0.898973720517736,0.7595949558628272,0.27157967074509354,0.2616932933015814,7,4.902945670025585,2.070028541464058,0.00992985350464738
593,0.9436091439307287,763,9,0.01287925217845939,0.8139897769532335,0.75832669888171,0.2641044604220215,0.23406813270508442,9,0.3126644796065298,2.0373513079937005,0.010426532932468357
597,0.9439726728541507,754,7,0.012452028716619771,0.8153222532783109,0.7657821633415364,0.26191826486466263,0.2601901551685839,7,4.897271677275597,2.30530567465279,0.00038015968550863887
598,0.9435535030797262,526,7,0.012792982400213664,0.8147824613065867,0.7588448197917795,0.26781939554905304,0.2646923115858065,7,4.880035493962109,2.1319408146771712,0.13622193231238247
592,0.9428771653934133,757,9,0.010729509787104323,0.8156007120968745,0.9552277483902128,0.27101388412252203,0.9326315857947736,9,0.6236989475486554,1.8136766688909152,0.13880268067992066
599,0.943745751273384,753,7,0.012489924245371282,0.8190726819324974,0.7589565653714291,0.2242593223519938,0.2576749536743091,9,0.35940293388853567,2.1094592821562514,0.010587614830858549
600,0.944072468422682,756,7,0.009969804527126952,0.8167834965433564,0.7384471002027144,0.21864040384539302,0.2630042707310762,9,0.2460161744561993,2.317160861192452,0.0077338766579007415
601,0.9434174582507853,727,7,0.01259170665128319,0.8178183741507477,0.743099772619057,0.21982250028836545,0.2609554184393907,9,0.3335603395181582,2.257486905731966,0.009172368970151366
602,0.9440548697793274,759,7,0.01015402155949858,0.7821663309837391,0.7914393425919414,0.22192897687355015,0.2541188066139605,9,0.3515546516027926,2.3844363709937446,0.01063449465203807
603,0.9437543079523181,758,7,0.01015319798168337,0.8129360133304815,0.7400729552779092,0.22253647865554105,0.26711201473606466,9,0.36119794773297476,2.3452626174851043,0.014178001106527198
607,0.9348645457582782,725,7,0.2474942493514585,0.7941705926341717,0.7303098803505899,0.22413097588863135,0.9203498635213343,9,0.24036460394332598,2.7149885436309473,0.004668225411863251
605,0.9429996806717135,652,7,0.009803203631485792,0.2927454429992405,0.7402781176355536,0.22627651294746143,0.25929213775107723,9,0.3149962919126566,2.7134957680519824,0.004829136600730888
604,0.9438195825029473,759,7,0.009910999046685132,0.7936412093694842,0.7419970922132215,0.22295143596332456,0.2593989291402239,9,0.33697201930079745,2.567744738041558,0.010076106264137333
606,0.9439073377732885,723,7,0.010077341939970673,0.7788197024476722,0.7403414010449576,0.22428175723277596,0.26135090343373457,9,0.33345166338284404,2.552303822998923,0.018288187171947516
608,0.9440044094813471,725,7,0.00976366730457531,0.7724951618268859,0.7369363472792468,0.23113704550510936,0.2770864799383149,2,1.0014931602723358,2.629302435132674,0.015023253179970664
609,0.9436551970015911,728,7,0.010056288371079648,0.7881956916979053,0.7398959183776227,0.22542893481821302,0.2706408197493633,9,0.20244594131231244,2.5773900815396846,0.006182064033141992
610,0.9439047788055186,727,7,0.009886515702860199,0.7858135590006124,0.7939318259720005,0.36749262518700393,0.27228133658814146,9,0.1927905589904018,2.7751629312280843,0.021886238790976998
611,0.9432838586345218,663,7,0.009826384416500827,0.7926471676111045,0.7888116121020828,0.3743381624882911,0.28194079203531164,9,0.1579635182641961,2.6928397294262654,0.02152383790229408
612,0.9439945237463547,726,7,0.00995195738103933,0.7916105467374032,0.7894239221033904,0.23115305967979385,0.27738668790643567,9,0.01046450526097244,0.7918425766495545,0.005201879346188343
616,0.9437670318246882,671,7,0.01141395037955933,0.8567889348200115,0.804072237648806,0.36735326593532547,0.2824947326033366,8,4.571535188529849,0.7873348381575184,0.0002826194223645446
613,0.9439397412766699,668,7,0.009825662195746512,0.7715013038975141,0.7879932788654412,0.2854524414491362,0.2767855388396902,8,0.14164646677130527,0.7756555605231384,0.018472059517357777
614,0.9434147270849393,639,7,0.011589823333936673,0.7947106075130304,0.7876448499990584,0.2888868133771226,0.22806818283487348,8,0.11014057021015324,0.8023639551813027,0.0006510765267865159
617,0.9434076899235718,589,7,0.008629932736426987,0.8590401023907398,0.7901871415883142,0.3695963629906294,0.23140020680785373,8,0.16166693996139178,0.7349542119198884,0.0007443491978295757
615,0.9439987321629666,670,7,0.008637068554194901,0.6457017550790694,0.7893635857359702,0.28733627075099716,0.2807928328168642,8,0.12295569914342912,0.7609052261651444,0.0010631689949370342
618,0.9438080170539965,641,7,0.0114038146648081,0.8508760121903302,0.7823548366522681,0.288991410192586,0.23052855694675772,8,0.009164368263364045,1.1086096216595487,0.27831683974892474
619,0.9436827069487433,671,7,0.011310232024081929,0.8606518927232083,0.7891465275422227,0.28886000665553546,0.293466771862744,8,0.4440980091845455,0.7877762351606268,0.0007247214483920701
620,0.9439269328706986,674,7,0.011455037188715921,0.6361261767147055,0.7925319055041959,0.28355927499927025,0.23108533242030993,8,0.4919568315975631,0.762322790065257,0.27405799117446844
624,0.9432182939562253,595,7,0.008001115435903289,0.644701648949118,0.8207772721994996,0.25627805653337804,0.23557725320895823,8,4.537698840698362,1.7434050363027989,0.000798588441869795
621,0.9443600350348987,599,7,0.01136992176990609,0.8642611385779936,0.7990955209859792,0.28685758066998296,0.23125441843682448,8,0.48981522328225274,0.849729492269586,0.0007310541936573264
623,0.9433843868275943,593,7,0.008026474716010127,0.8625260507571628,0.776285174499772,0.28842329430469066,0.2268544505344422,8,4.5551195474733035,1.0861944498987437,0.0006782006170112054
622,0.9437934125699126,640,7,0.008704787307648214,0.6430680370500874,0.8252125773612807,0.2863608378921728,0.22831671962019345,8,4.526676827979264,0.7608813890353843,0.0010139115571849
626,0.9433199221297341,547,7,0.007924924450848594,0.8623597831175438,0.7170826200766446,0.2873120457704575,0.24256355284017267,8,1.386586802885734,1.0620680894758656,0.08027308350068131
625,0.9432062672251561,538,7,0.008129027655282029,0.8561901724503008,0.8281255057141812,0.2537773219613915,0.2418773424380363,8,1.4291603137220514,1.0781200596658311,0.0007558410634846788
627,0.9436326807986392,543,7,0.01126454992648911,0.8648420393877635,0.9747319009610974,0.25788826149452715,0.24077134933865638,8,1.4042692652655777,1.6948860693225758,0.00028576075190138754
629,0.9437334985975667,538,6,0.014530107038472262,0.8917490144415708,0.8263914935909694,0.24997167095343412,0.21938925636880952,8,4.591275360729525,1.067057704484991,0.0028446716955591593
628,0.9439692320235071,597,7,0.011168904724367466,0.8664466973480022,0.8202132183873024,0.25685616645779913,0.22065447367419233,8,1.4307273607982012,1.0604431148215456,0.003033328084474449
637,0.937993528817181,139,8,0.014543328261824855,0.8977287879586694,0.43725385435261377,0.2013508989793924,0.21667058332661598,7,1.021991996748262,0.5074996688270553,0.0004637646938505823
631,0.943836167786716,546,6,0.014303761670452714,0.891246705382343,0.9696978104941621,0.20055749665126138,0.2437970526998395,7,1.378975981048907,1.0387090078834353,0.001926443427153716
630,0.9430109319896289,602,6,0.008070453914584384,0.8284982615374118,0.71181790359009,0.25073249033692274,0.24074822126844356,8,4.688627955569015,1.0434570205971834,0.002164413871326198
633,0.9436334781279119,610,6,0.008832179849872331,0.881374239455424,0.8379112565634969,0.33580020529242355,0.2455816126651681,8,1.3924465025006103,0.5002845322800092,0.00043579601159876065
632,0.943735227361886,772,6,0.008861866607943933,0.9007057120582167,0.8303039034224013,0.25300462165879845,0.24623968170655025,8,0.4263871204839922,0.5134549674113835,0.0002818210088399555
636,0.9432864624781541,612,6,0.014535123217664458,0.8909686427762975,0.8092216165477106,0.3417276453790351,0.2961329193321415,8,0.5275238258133225,0.5888557164809918,0.00047409449392430835
635,0.9438106699479896,772,8,0.01073727127005451,0.88437347403087,0.804134118406452,0.24414867899033463,0.24469320642897535,7,4.705867421519105,0.5333358540933115,0.0002860338407379311
634,0.9435136522704692,772,7,0.014299901885775712,0.8821294289568923,0.8100131742964622,0.33808541515586155,0.24828882026655755,8,0.4285857339240275,5.767559646013043,0.00048284706338589425
638,0.9440806660947185,603,8,0.010617205981011232,0.8913710002370386,0.8060539834448166,0.2513797521460692,0.24928479336923592,7,0.5429239938030037,0.38333637096417894,0.0004495263649651583
639,0.9433508395115394,614,8,0.012456812220883441,0.880593944695645,0.8036808018292514,0.20246515430605663,0.24656039651460782,7,0.4756279246436408,0.4578628058491017,0.00046889884435222175
640,0.9438185795796084,609,8,0.012422084664254077,0.882077582558913,0.7744661132861809,0.3269058803995196,0.2478084952732293,8,0.4558417535333155,0.5163478612468633,0.0004114019889125932
642,0.9438164119711017,775,8,0.010562038568405478,0.3342736778908534,0.8135478500443694,0.33533353230804885,0.2982927158999691,8,0.4593201602994582,0.44390051818709325,0.012696179506216923
641,0.9433341289928064,771,8,0.010660437373080242,0.8355761813623924,0.8080695495006852,0.2747597012849747,0.29354519908070537,8,1.2376185011528047,0.45796316663250447,0.0006188269042416292
648,0.9427201499697047,821,3,0.01178997561513563,0.8316319992584152,0.7687560855495972,0.2792196594326033,0.21429637969459792,9,4.793034435375328,1.5735442168682077,0.0009747963691666194
645,0.9443218227164245,819,8,0.010572635639918433,0.8301090151440025,0.7650807252985594,0.3086011760483419,0.21381576713038125,8,4.70599198297978,1.6878253751544476,0.0125812110753675
643,0.943543021956841,817,8,0.010617768815646706,0.8304212920072807,0.8106805888654366,0.27657665771239354,0.21380517899528334,8,0.4256898625153813,1.6774754318555765,0.0005519026363818535
646,0.9433691645176868,813,8,0.012304820081289278,0.5804515126387411,0.7699873368808283,0.30879016772260925,0.21644998378379748,9,1.2528357335118478,0.3991792132223745,0.22113944930770973
647,0.9442436938403371,819,8,0.012584102586394643,0.8302920194691904,0.7724056822147337,0.27642661389917084,0.21563003544215795,8,1.2183378514848617,1.6577951934174218,0.0006184083943352653
649,0.943890504628653,822,7,0.012214252701864778,0.7602761108729565,0.7712431371994092,0.30938297206223075,0.21552941065151027,9,4.76627799596396,1.6043355276619173,0.0009709852842703861
644,0.9433363821785387,775,8,0.010596782098782957,0.7525560929540966,0.8058699389679373,0.6616647948934244,0.2982181955379776,8,0.5277214557395362,6.085007437740431,0.0006036169148893386
650,0.9443434121806407,812,7,0.01064940359383087,0.8315876146637684,0.909528188923344,0.2758278872368137,0.29441239408438613,9,4.97564236534805,1.7591197168067207,0.2202407987459948
652,0.944166923763612,709,7,0.012310982424294136,0.7618125561868986,0.9059982325924071,0.4830724861672421,0.21603624025959445,9,4.762177529202911,1.6573371983414382,0.0009578128046071682
657,0.9399337586354466,831,8,0.16146851782953278,0.7468326877796887,0.7272134404642023,0.3067316038194369,0.2002288781451164,9,4.769784273502937,3.194218843552582,0.006997695585913177
653,0.9438402692317961,813,7,0.013322772416782,0.7557181722313704,0.9078314360930428,0.27435982249681734,0.2226095235329791,9,4.784114415310303,1.6973191138889938,0.0008118512427612874
651,0.9436226484343762,823,7,0.01239789505925153,0.7528339457041077,0.9122231142443886,0.3069796526217393,0.21869286198247567,9,0.7129655299881213,1.6567874438689294,0.0008836322373273727
654,0.9442815763734054,807,8,0.01300771219684546,0.7555425517313366,0.7260569617983255,0.30736422144382686,0.21974653615379752,9,4.996440889264778,1.8659251130968293,0.011806972500936042
655,0.9438175839616424,825,8,0.012606781466911791,0.760776115730979,0.7253282034090008,0.6297687088792248,0.2020673213285339,9,4.639566276199232,1.8459661262608549,0.007423494397285131
656,0.9438535368326362,829,8,0.013125722097627832,0.7529884508443806,0.7247174608003585,0.3043864271357746,0.2006446521071699,9,4.638520605388421,1.8574530731415078,0.007438166632020153
659,0.944163148973064,805,8,0.012975575919028799,0.8533483545684285,0.7253789005165828,0.4839147996311186,0.20084923993479625,9,4.643680073177891,3.217457766165041,0.008636379265715054
658,0.9438338958157392,788,8,0.00930704954542427,0.8506728065479855,0.7290961934126872,0.6644150260705484,0.21186781525053336,8,4.606617188280071,3.1494968349577532,0.09879112344611964
661,0.9442225019971323,805,8,0.00894332764965288,0.8473406282801056,0.9055596004023944,0.3024274183070806,0.20400122987001323,9,4.996481124954392,1.8625625190726254,0.007231848311416955
662,0.9439369182718501,808,8,0.009858682765632447,0.8516642072395917,0.9040174453869986,0.3168870200620217,0.2271614785526485,9,4.658053389399735,1.8591665230499028,0.012745531778486915
665,0.9439175663389957,830,8,0.01584219754282769,0.8057155632287984,0.6782609362555528,0.32047625549868825,0.21140337278523036,9,4.927858514030378,2.221675105528319,0.10248471894380298
663,0.9437404590525187,828,8,0.008999075393243771,0.8498088186973719,0.8802979728044155,0.29548821321935775,0.22604181531994616,9,4.616472344957787,2.0306729952924236,0.09642621276994862
666,0.944094718501335,840,8,0.015613902002666156,0.802244993244861,0.6884096363870815,0.3311525206241116,0.22958683641608135,9,4.958358885227524,2.187839551938777,0.008724501779274675
664,0.943862192655917,807,8,0.00931413626713035,0.8501845583032512,0.6824490381465647,0.23506461122862243,0.22614947892711013,9,4.646030926643631,1.934687202601232,0.18580517166777152
667,0.9436355883370598,780,8,0.01570269999311671,0.8113589646807241,0.9125415631433037,0.23419075927030228,0.22858891003610526,9,4.992909666026172,2.181790163694337,0.0132564380275476
660,0.9433179131521822,839,8,0.00911231836464722,0.8477827576454854,0.9113306569510118,0.3002556751655324,0.8040224379333388,9,4.65146792845659,1.9289516837774046,0.19637526388718735
669,0.9437702472323959,840,8,0.015460903155753382,0.8231227623004659,0.9143138401756192,0.23553844036359275,0.6680110122410238,9,4.982711519183837,2.0642490334713925,0.026276808621526954
672,0.9423154239611599,843,8,0.0758795545026582,0.8077005282558168,0.9214442613730839,0.23642942187393307,0.23459878257012845,9,4.999462028424929,1.204434112607008,0.012135053704024994
670,0.943897177043187,843,8,0.015942305067861928,0.7995002675014852,0.6824539785354377,0.32647892749226437,0.2295953924268305,9,4.914484310549316,1.332755196613647,0.21276196961277283
668,0.9434964961239883,844,8,0.009453147625957538,0.8264306096429075,0.886117447541068,0.3184157567753785,0.7613735600505328,9,4.9974278664043545,2.111871603702168,0.21577201172612484
671,0.9443236876737673,844,8,0.015456128960471261,0.8100395865244292,0.6813111910868833,0.32746800854137825,0.22640997953751366,9,4.89552619332678,1.3411349198187341,0.012282873004513832
676,0.9442295537692458,844,8,0.019018654721147665,0.8257770858416209,0.9222883164940918,0.25141967562756506,0.23604425601997941,9,4.8718919676977075,1.3097432690516542,0.01693557078817384
673,0.9442779716936837,796,8,0.011209901917469114,0.8046671399518364,0.9154519513923496,0.2366205174020298,0.23758930708324202,9,4.908699005978866,1.3097709956697219,0.014543908258562332
675,0.9434949546903031,792,8,0.018978597868791046,0.8250297994709056,0.9198274716792109,0.24170186345896472,0.8121994836119725,9,4.849464050701108,1.298651789841149,0.014838671144452314
674,0.9434665962762677,797,8,0.011421623809795408,0.8301916110767146,0.9163677519888042,0.2357928695902242,0.9990250089883146,9,4.893614022081745,1.2972913641414547,0.20693563395180956
678,0.9439602996396802,792,8,0.018923109499755904,0.8239413551426741,0.9282961901507667,0.2553252428327498,0.23396727919357316,9,4.829300395223111,1.2294551930525375,0.012233058088171794
677,0.943086190897785,798,8,0.01894555233552409,0.8254489191754296,0.9217412408646529,0.35563531631326073,0.7348354604891911,9,4.932759829180871,1.3535341830291636,0.008983927021885062
681,0.9429830338140874,794,9,0.011109927088893239,0.8268999618206644,0.31700807106589735,0.2618043518231707,0.2597325109047963,9,4.875221594319087,1.3239560481727255,0.010052825111393719
682,0.9437446888634369,804,8,0.014387311459210007,0.828454932025664,0.6305428624414596,0.3119006743687203,0.25819662902709084,9,4.805783741749267,1.210173972614243,0.011102705737645468
680,0.9438188446602828,797,9,0.011473999577854069,0.8227688610846458,0.9478980194731437,0.2528306192808605,0.25759983603375664,9,4.849219372877812,1.3390530419050688,0.00560237630789205
679,0.9440572257620928,796,8,0.011353932898134831,0.825189800615055,0.8770966960201116,0.3479205322552203,0.26021076337803495,9,4.874508022814967,1.3878206516159857,0.015215565848948343
685,0.9437141847570139,808,8,0.018471906676774286,0.8163020578109665,0.7091683015171315,0.33671004380358954,0.25335746099973633,9,4.8348708314510285,0.9076194557547245,0.014025275490579428
683,0.9438430410990053,804,8,0.014056996921563774,0.8286853408674056,0.9503885573693889,0.33700086916091476,0.2580058013621449,9,4.837876955054624,1.3530633601075623,0.4035045615814167
684,0.9442228839637734,801,8,0.011027200847969862,0.80147352967677,0.643353512419969,0.3258392285778782,0.26012440752439114,9,4.801207894153535,1.3324562631856727,0.01371361059899131
687,0.9439048706444924,818,8,0.014100527258723829,0.7937742481102776,0.6951793688723888,0.3382216706858553,0.25650816614623273,9,4.810048574285644,0.9485225626725231,0.015054184006229156
686,0.9435832275984966,813,8,0.010928330668905289,0.8096962411860694,0.6633262089890677,0.3320026453586279,0.25664888443716327,9,4.789145683430733,1.1893273835222862,0.011483475454708143
688,0.9437774398938442,824,8,0.010994960603169752,0.7983386380547007,0.630908087625801,0.34793892823659317,0.25692508426852767,9,4.8042054750992556,0.9741888810330596,0.011807073696246869
691,0.9436229135150505,818,8,0.017119208793900796,0.8021891568537242,0.6707588300870655,0.3138690467362124,0.2459199310765923,9,4.820804249762393,0.8954945371923959,0.018128067636117465
693,0.9439402317802799,819,8,0.016381232907643525,0.7953384428454566,0.5466766961766296,0.330351612240642,0.23870132301627944,9,4.780707590709156,0.9999086677133789,0.017444231452824092
689,0.9438802828465065,816,8,0.010646638624557645,0.806644560236497,0.6147554805896669,0.33988689622953194,0.2526586899614684,9,4.7906007630368705,0.864996688270876,0.015063306972926963
692,0.9434555557705423,806,8,0.016794268227161478,0.8018075896360665,0.5430025432134524,0.34951897237587265,0.24160476931055674,9,4.785638752144504,0.9524753854126788,0.012528172400552099
690,0.9439582238701474,815,8,0.010645656017192555,0.8049903181492597,0.8919553373637528,0.3384442606177933,0.25132421759035783,9,4.823084705076559,0.9507518786086556,0.01816639402356457
695,0.9437547906287428,820,8,0.01690527899000319,0.7982486004881253,0.6743109737536759,0.32087044760414984,0.24092966142694833,9,4.750759950008071,0.9213621804141414,0.016396941818652363
694,0.9444001258778372,820,8,0.010462255270663901,0.8004951373573436,0.6114847684210417,0.31972225298601414,0.23823421998737612,9,4.7517413222128555,0.8971946647214659,0.01404804203559349
696,0.9435568719002649,821,8,0.016799696853929277,0.7990424170146245,0.6053316278099778,0.29238895878803595,0.23902431268277777,9,4.756837259819758,0.9516298554527193,0.019266253737270523
697,0.9435084341469577,821,8,0.016146645363524875,0.41650155894901963,0.7092655158396103,0.2933444269597005,0.23749619196576413,9,4.70502003881632,0.9114676543462653,0.024879580797978185
702,0.9432767567684228,781,8,0.06038067605941162,0.7831464510116464,0.894843791280722,0.2936236307115171,0.2209178538310823,9,4.7093923818040695,1.5284899799148288,0.03512187033695953
703,0.9414871606088114,854,3,0.009647562461392558,0.7840487277919928,0.7087559008563793,0.28707528521017356,0.21994047292130078,10,4.986983327113599,1.5803199862739263,0.027172440111492915
699,0.9437388101254889,738,8,0.010268936786431664,0.7831446723131364,0.6557958253268171,0.29404297292925874,0.23611525997267804,9,4.997577459654444,1.5838975753452122,0.02693627019693153
700,0.9434386626174863,854,8,0.010201646745631385,0.4392268348705683,0.582345415656862,0.2833462363028789,0.2236170746341001,9,4.984042377259904,1.5743018288731454,0.009302900112499842
701,0.9436349694676114,780,8,0.009770173392652052,0.7780981794553652,0.65908187268127,0.2914220113430976,0.2177079856596492,9,4.98986581882869,1.622363343437601,0.02521707244365677
698,0.9441969645006674,852,8,0.009873471934266497,0.7815918008804383,0.7499166661595358,0.3179609605970715,0.23581854410551428,9,4.992990890971124,0.9087014658334472,0.026902247901322614
704,0.9440892144246551,850,8,0.00969451630934198,0.841321881787289,0.749398383346403,0.2927478798458599,0.22370103057906834,10,4.9477267288760745,1.589203809479458,0.1304634140098361
705,0.943359419150217,860,9,0.009620515895859359,0.42104893768974133,0.6182061550786089,0.3000264929944833,0.21971214075105336,10,4.687220810948575,0.6426069680233762,0.027474064476999075
706,0.9437151021031271,851,9,0.009501446498183153,0.8370550802803713,0.5581248438366091,0.30538545355666974,0.21745387360788437,10,4.704914300017858,0.7404785025755414,0.027230731074070272
707,0.9437464264985662,844,9,0.009274960435534822,0.38302047129307015,0.65047728498281,0.3092706894195819,0.2162532508601123,10,4.697167088236433,1.5743039078736087,0.12215884641529494
708,0.9435531962540636,774,9,0.009353076512585871,0.46468178940021754,0.5920920230801504,0.3187246049478665,0.27705897235455684,10,4.546146301727762,0.6509851431627806,0.3254808977353075
710,0.9443769605403205,854,9,0.009756609265602621,0.8412202616946146,0.7491352939385687,0.314437924658985,0.27311768477574744,10,4.541181862818249,0.6640814530783561,0.12322611897383937
709,0.9436724387252976,848,9,0.009533880615016633,0.839104226125445,0.5263943566964556,0.31334452739967866,0.2757532547807494,10,3.35932760180774,0.6806059177951664,0.010168411394626141
712,0.9438291191454766,844,9,0.008481148564366823,0.8378199453503697,0.49962954037059704,0.2999327401207985,0.27852709331034126,10,4.528419491437364,0.5984103889315757,0.25801564016819895
711,0.943672549349516,854,9,0.008618667122696976,0.6091920723161445,0.5907115160446396,0.3148376902006016,0.2857673020255708,10,4.696086658077649,0.7331242991967821,0.2780084490129068
714,0.9441329976117903,872,9,0.013816364331056331,0.8408407517493595,0.7640079485640187,0.3132752828174025,0.27764514207347574,2,4.481162963955809,0.6038418282185725,9.054611796704927
713,0.9437988352438657,870,9,0.008782329206875609,0.8397688201969511,0.6489777735194634,0.3123375264128987,0.21369875198167837,9,4.538408712918443,0.7128599923536126,0.12797669574704068
715,0.9444044496149786,874,9,0.008828408600202063,0.6048819606297116,0.7567630394068042,0.316125418525046,0.27510052528525314,10,4.57304876694734,2.65356798669503,0.16966519320543516
717,0.9439198748368371,740,8,0.013577859384938589,0.8420112601183493,0.7490085166540845,0.3199089659965202,0.29513405624289213,9,4.470734539341917,2.68201510633601,0.15971024370663595
716,0.943722888587031,885,8,0.008736424686406098,0.6136515301038589,0.6422021979501795,0.2718152682463891,0.20046233654356183,10,4.493118476128541,0.6693932532525797,0.05225615170827116
722,0.941601184956534,836,9,0.014068652266555256,0.2050909682246772,0.7542446093088926,0.2723585619377313,0.20057341330887704,10,4.452454389004213,2.3697899161897706,0.08278209161822098
719,0.9427269137014,843,9,0.008824545868395471,0.21585754291039982,0.7573131618492733,0.2768221081032314,0.2780107574164302,10,4.439398818840751,2.6077959584893855,0.06922219719374965
721,0.9435958825916366,878,9,0.013443152550536124,0.6125737823098046,0.7493736056571456,0.2725142806439376,0.2000214176054314,10,4.459490516733863,2.3823915106493505,0.06536448564802401
720,0.9436566194620604,838,9,0.008239387063657707,0.846102992108628,0.7529149280584965,0.27188818325335035,0.20012839553002268,10,4.494734313428844,2.5961241692980446,0.12312507602234771
718,0.9440854542448527,880,8,0.008540900717706162,0.6158341406099455,0.757378108215143,0.2735392628786842,0.2791821966352904,3,4.545440412687382,2.549113150742488,0.0687838744307708
723,0.94388161972975,893,9,0.015275106000223755,0.865245730601056,0.7467996043488986,0.2734231289756342,0.201895771554085,10,4.4957105219008735,2.5801470139791753,0.16435878686164268
725,0.9429848069324566,884,9,0.038007097997394046,0.5793569371584084,0.7644369053201379,0.2761298404173705,0.29699200770846657,10,4.445239503180662,2.2371059767059047,0.16219136659048203
724,0.9436926109471682,902,9,0.015245347949746824,0.8613434998851558,0.7531372975355336,0.3628154766024766,0.20023037595415397,10,4.466711231401553,2.504472183225366,0.15912550204009918
726,0.9443415722702906,903,9,0.010372527311426058,0.5735855315090593,0.7502257828678354,0.3556156326512167,0.3027563734690274,10,4.414280729832252,2.721000532509205,0.0684716319713128
727,0.9440749877327136,881,9,0.007652245250503403,0.6231433045344005,0.7597614117252027,0.34981481539675935,0.2696805880705082,10,4.393329031310306,2.705233603372666,0.18079285920903387
728,0.9437240438795763,909,9,0.008032991235189338,0.5690687609296246,0.5752721660519435,0.2704264673068594,0.3030095684240211,10,4.571814410050078,2.716036375381738,0.11832174833404592
731,0.9438097338166319,914,7,0.01030201702536249,0.5818529632971688,0.7643467861159778,0.2137633611799905,0.2975238731625536,10,4.5606621099048485,2.9756718333303858,0.14774429703132513
729,0.9446536880663791,894,9,0.00703082652404799,0.6120701973853127,0.7652034336116582,0.35192443833260484,0.30180447305079666,10,4.588145193320992,2.9008637614535986,0.1549288494087515
734,0.943580513130646,706,9,0.00689906134882646,0.6350527711667397,0.7768072509595624,0.3460500382451878,0.2680014134756559,10,4.561923498063966,3.436435881366802,0.17890070381141668
730,0.9439713662360234,891,9,0.008400402411614062,0.8699902037725564,0.7330625391643288,0.36064298554284635,0.3041990127777829,10,4.563399594351689,3.2323148503573247,0.1481550855092706
733,0.9442752394842131,880,9,0.010399185971815467,0.5580443042634387,0.5749389046333003,0.3572246828251946,0.2967870043757333,10,4.595100490451615,1.1112042650941554,0.1543644875814443
737,0.9395775695245557,898,9,0.10214356434538292,0.5826698202471365,0.7745799567848343,0.36140849708398115,0.3179773684808938,10,4.587196147371733,1.146347859573018,0.09170351005179074
732,0.9444307479138516,923,9,0.007805934281772341,0.5767075984218625,0.7616662642171348,0.32924033566737965,0.3212626827316596,10,4.597396091842722,1.127591752399458,0.14552735506211698
735,0.9440790056878173,874,9,0.006951614909851421,0.622180637408591,0.7768634056783876,0.3596667627943298,0.8469714643109844,10,4.610832014179511,3.7467964922871495,0.09408663242971696
736,0.9439533230085454,901,9,0.006865540541101314,0.8627281125707568,0.7773460059152028,0.3560003720719484,0.30367487131238025,10,4.314380024415142,1.1893352422116392,0.09815086580491378
738,0.9439730475154187,912,9,0.010349681730506875,0.5456803139236569,0.7341015162184904,0.3309155190738312,0.3120442868395531,10,4.612109350308376,1.1563208997968402,0.08596017854939016
739,0.9442708239080977,892,9,0.010719146555061804,0.5434806981417266,0.730245571150268,0.38004152010401493,0.30181484962838373,10,4.312661897509578,1.1064828368728583,0.0789624678140828
743,0.9436587046242156,869,9,0.007133214208079513,0.5359083742833747,0.7758641955605083,0.35362721759054744,0.32786906975536273,10,4.341537313584016,5.536693350751606,0.09514801494566254
740,0.9439781518838375,934,9,0.007506526742655695,0.5648576771862732,0.7811335510289127,0.3716152234207152,0.32010182425893047,10,4.366019442689164,4.218593345957301,0.0871451887946612
741,0.9441838899703973,894,9,0.007873835447577585,0.5820640031158838,0.7775369405444726,0.3415529903413368,0.30108738235922466,10,4.630315133134545,0.00018779883346342713,0.11385717982252794
742,0.943459882638558,899,9,0.0054516454536296735,0.9147818572891548,0.775049709998686,0.34494511516101717,0.3229937581954316,10,4.6302034788277595,4.016528904129105,0.09855500255110222
744,0.9437884470035792,916,9,0.006852591055267854,0.5968598851629968,0.7314599544273234,0.36608267828287266,0.31408369984622564,10,4.3988572336437715,3.7944811412307624,0.12162258162878711
745,0.9438162856925126,943,9,0.007614000786219439,0.8619273482910123,0.7370939251311899,0.3545304653575442,0.3352162080911044,10,4.281330752724633,1.1399265357226258,0.10987199182848217
747,0.944111582432899,949,9,0.007316805731595038,0.5580266092180872,0.738912492498362,0.3903908742809313,0.32676266662215203,10,4.356569995556004,1.090342476927929,0.1340255278029708
746,0.9439965092423508,899,9,0.006527033608223483,0.5484636139694747,0.7291138335479652,0.37306766586658907,0.324584519119101,10,4.321538253102713,1.1559753179065273,0.18542080688424076
748,0.9440490171319968,941,9,0.006637984248977367,0.5667341551069701,0.7414927868428548,0.37113091686210004,0.31109334345889095,10,4.322425811211511,1.0679590730738602,0.12662171761643384
749,0.9443661600682765,933,9,0.007164604338163113,0.5774165286853286,0.7365434098443482,0.3788362706519591,0.3363424964676191,10,4.32837772738498,0.7947302229826266,0.24340633763675448
750,0.9446841389479423,872,9,0.007122149658850735,0.5546958946045569,0.7390826771321185,0.37779138131311474,0.3266232471095524,10,4.398153133859017,0.8269718447233789,0.1253991156987708
753,0.943919339457365,918,9,0.007621539604083797,0.5901763093914196,0.7109895898716142,0.32997024971645383,0.3290043500414059,10,4.703858126215729,0.7821052547225311,0.24231345999865367
752,0.9439933689756217,923,9,0.007831437949073676,0.5391157934511686,0.7125805105287968,0.3858075635834561,0.330029076513919,10,4.391098812676876,0.822739838541659,0.17350857079059578
751,0.9437868732175282,941,9,0.005769042923045757,0.8522799283324036,0.7141264743907608,0.38020651429086394,0.32872983883604356,10,4.659187759788841,1.0788364923203062,0.11990235285634346
755,0.9425875209244143,482,9,0.005449716241854675,0.6008514382020086,0.7102167314721866,0.3298187826598527,0.32712304576357537,10,4.413189749905861,0.8517378217329791,0.16816171069879865
754,0.9439856826796893,923,9,0.007226933895211633,0.5631636566218939,0.712619375827898,0.3302032514115521,0.32849169455804555,10,4.41793584856062,1.1338202575566922,0.2113475840804551
756,0.9445349621893728,870,9,0.008093911599160224,0.5904049626426338,0.7441551426984472,0.34549393647782517,0.31312172839099744,10,4.421207692852502,0.8524956737549668,0.22428681698634148
758,0.9440839681232767,914,9,0.006212469433068724,0.5762682190524732,0.7089722550548787,0.32887255062101245,0.2946944300686587,10,4.694695948775477,1.4914971476396766,0.23937510902657877
757,0.9437422154728926,930,9,0.005835441642902543,0.5781900435251136,0.707472125178446,0.33869126129664573,0.28826285736171575,10,4.685496381116404,0.8329142215708931,0.24960366999410108
759,0.9443335248802113,981,9,0.006291567225268773,0.5505644603583413,0.7006682572812569,0.4181992430640233,0.3215102210957557,10,4.101872292840268,0.6392404352235008,0.16812107552155303
760,0.943937707252125,927,9,0.006571482045605055,0.5775556506009275,0.7141536336914305,0.39902033410167814,0.342695919402048,10,4.016838671499212,0.6006437580803992,0.20025171803880593
761,0.9439790890588202,988,9,0.006592536546989681,0.5242022884733554,0.698966731622799,0.3629000347765168,0.345297380974014,10,4.263493655646728,0.5382513936511696,0.2426825928494297
763,0.9439554582646863,931,9,0.0060689101891805665,0.5557323951175853,0.6883012852878848,0.4132775494751949,0.31334696108072785,10,4.386491127488539,0.3495157733025259,0.23483663769007548
762,0.9443155526192131,974,9,0.006202110595724831,0.5731974931644773,0.696254801560302,0.3871461597911485,0.3418152249720758,10,4.24639273645065,0.6305934943133854,0.2665726748605541
764,0.9439425621942401,926,9,0.007101159680012165,0.5952198205908041,0.6916155037467311,0.3850350791956679,0.313001891702653,10,3.9880132755313102,0.6278762716520297,0.2402628063510081
765,0.9440031080813434,955,9,0.006651649011840714,0.5181494726038329,0.6939072906177272,0.41944844376091034,0.3558614635660565,10,4.147719514359208,0.5882741529220678,0.1943631414881472
766,0.9437861844252247,904,9,0.005913904359949985,0.5749735873248617,0.7426853784521372,0.40186686155684537,0.3152226047985557,10,4.069700088661102,0.5204061866969654,0.2614600495737896
767,0.9440909228382927,931,9,0.00679870853049295,0.5899536120222815,0.7493468002339629,0.3715286703643219,0.2838743723266432,10,4.146956668823421,0.5603872966733038,0.3774253636793736
768,0.9440394345699806,937,9,0.006569982535184211,0.5260783056150637,0.7500667386752606,0.41203691485273597,0.31647175929921934,10,4.171860484044471,0.5987004904195252,0.4397424623379646
769,0.9440655585835283,947,9,0.007245459163358264,0.5165776374889336,0.7468517621002124,0.41797222193752964,0.34224140784338425,10,4.0324029072962375,0.5602963888338794,0.35710342496983427
771,0.9440344283022837,952,9,0.006722582109449614,0.5528619432798973,0.7436601749078655,0.350797494154071,0.34908924628368965,10,4.0992715300563685,0.5396564167249468,0.31134234549817613
770,0.9443629853619321,982,9,0.006240950291877236,0.5969788034125255,0.7438882981771431,0.4229418327829852,0.34474391251481823,10,4.2027178431244065,0.38129390873962704,0.24457667968209998
772,0.944119284383202,979,9,0.007049854243029861,0.49175083240508394,0.7419166369827271,0.407300763503286,0.337407857992217,10,4.203240607557326,0.5384837881928377,0.3935946780317947
773,0.9445905174631495,939,9,0.006212833337907441,0.5016541762606486,0.7419695231708179,0.42950656986076885,0.3403186151450755,10,4.207607209209811,0.41931936734705544,0.21141647518685538
775,0.9443093159179922,880,9,0.006120285476848728,0.5585554141348511,0.7456293155816374,0.40733509229559445,0.3458316450390687,10,4.230622831828763,0.37095689336128396,0.33103374848102785
774,0.9437923078931654,897,9,0.006215507701339181,0.4931220395309935,0.741423677322735,0.41123479066894947,0.35606779525735205,10,4.181631286398237,0.43452812831713494,0.30928044207251726
777,0.9440315051094925,908,9,0.007595331287643351,0.5318762264328535,0.7244748140130174,0.42397051852064144,0.3468223053631454,10,4.216154361723342,0.2513103282645028,0.33160680263469944
776,0.9441641529400275,970,9,0.005199269102916243,0.5501643912206001,0.7469730795221279,0.43584805622846634,0.33839019715401086,10,4.118425755656061,0.4747269922801939,0.33582927531840234
778,0.9441122451345851,953,9,0.005467419831375844,0.5046989229446686,0.7332718400458743,0.4266419264087273,0.3064786429080456,10,4.207568344957575,0.3785887850324824,0.1285266155822361
779,0.9443062278324982,998,9,0.005207230260194681,0.5365742090959464,0.7291163844281772,0.395309748703572,0.34798892519710883,10,4.20837747117569,0.7503951265824795,0.14274094888440392
780,0.9442396706671097,967,9,0.006161516340678378,0.5449404593225811,0.7219510851238952,0.3918081889079297,0.345540666939683,10,4.1753042866670675,0.8386627051472927,0.13682209105583013
783,0.9438673085042076,985,9,0.005345599813070644,0.4966281584310191,0.7260070654384001,0.4267684618951011,0.32451259009789746,10,4.185577256485019,0.36339485225838813,0.1900471511492058
781,0.9441385695240756,982,9,0.006236939115317961,0.5887688582906744,0.7252039284221901,0.4528122020326088,0.34890299435951566,10,4.268497131331449,0.3047109325719775,0.19231486947143767
782,0.943991751357333,1000,9,0.005159411680578104,0.6020345492484477,0.7293639283458107,0.4104257721612591,0.31050632902595493,10,4.220965783765326,0.2895006046427466,0.19417202099911482
784,0.9440274255805313,962,9,0.005588751592683484,0.5987414831028789,0.7222551881860799,0.4375869054203049,0.35468134641436716,10,4.186329699165515,0.23535035015083253,0.1781142663104858
785,0.9440959750254765,982,9,0.005130563898339071,0.6007599908695721,0.7621119014407642,0.43401571082896956,0.3356645481132412,10,4.251123227795045,0.16892775310832142,0.1461945475059181
786,0.9443213343000638,946,9,0.0058351523739652205,0.583999254946362,0.7249298051298687,0.37115086658356894,0.3353192089078546,10,4.098887667458091,0.2982079795627546,0.17542433166399746
787,0.9440786425064209,989,9,0.0053890576253384885,0.5987335694302063,0.7230239994633351,0.449499899618977,0.32224160518495026,10,4.256774517440143,0.29836911961729545,0.19565840545433674
788,0.9440743271182768,991,9,0.005597669543684077,0.5874639141289701,0.764585258772229,0.43991385083452234,0.3316857156234407,10,3.9152386244604274,0.29784177763806285,0.17912170510403383
789,0.9441139952932108,976,9,0.005771146943491077,0.5973286499917679,0.7620611086079211,0.38700926393027507,0.33640317412129106,10,3.9262003699045276,0.3413733449931657,0.19559530966290942
790,0.9443014208971194,986,9,0.006063253234936316,0.5878417041054038,0.7626907594947833,0.4244219856919612,0.33277600557387244,10,4.316970620773947,0.40552964928733315,0.19408403981897887
792,0.9440678660377451,973,9,0.007230445397226793,0.6025128370409228,0.7650889649422483,0.38122717056832106,0.3118986017553451,10,4.334964764656501,0.21924916926498395,0.21978341066716656
793,0.9442245068001854,948,9,0.006023470588004456,0.5878034002648104,0.7587438565408349,0.44225412459953006,0.33056161158286973,10,4.334138424289965,0.3456533435352171,0.15423796618378088
794,0.9442853929089416,970,9,0.006078654056318212,0.47504231622765275,0.7638767071441463,0.4531171563993882,0.3340704291758417,10,4.334710449098397,0.20230980398645831,0.21795245613524936
791,0.9445852523765266,996,9,0.005645354200228997,0.5990488538140777,0.7616182383046392,0.44082781677726374,0.3294081209502583,10,4.3524949331569545,0.22603165237575232,0.2087592679964211
795,0.9444937003995182,957,9,0.006093564258439851,0.5595881866098092,0.7679141234042473,0.4320757078656924,0.322590949020302,10,4.340393863015995,0.4066808638958957,0.2380060223240415
796,0.9437659255825037,996,9,0.006328496311281548,0.5920702905379867,0.7582142623578879,0.45597182454810925,0.322033311072849,10,4.410670089426734,0.18996756437718576,0.22415894831557387
797,0.9437655655319815,920,9,0.0058371308617177296,0.47321658907988795,0.7609583263492407,0.4605978542454487,0.3090442344286852,10,4.35172663380211,0.21503482478041705,0.24174911069212363
800,0.9440573770876746,914,9,0.007328987692545996,0.5643328814677028,0.7582621187547351,0.3800936133266765,0.3111836491954796,10,4.38161921038677,0.43432229610679157,0.11337299658001576
801,0.944213035277458,958,9,0.0077144980119113905,0.5657696529211448,0.7542785269106125,0.40095662736371585,0.297679488258291,10,4.37211769536055,0.6451668748284031,0.11269295397909813
799,0.9441141612295384,968,9,0.00634874711001659,0.5600185759569952,0.7506225257661593,0.43507605562712803,0.31303846608540137,10,4.344035444548101,0.4145229492547097,0.24334083343605128
798,0.944510198018812,960,9,0.006349892482884089,0.44799982591550525,0.7593015632173273,0.43202498729908245,0.312623868554306,10,4.4184416295485,0.3903680502532359,0.2684428527291303
802,0.9436609692898195,964,9,0.007222826154723594,0.5415349728049503,0.752877817432962,0.390153379868135,0.3011725002393968,10,4.421766909998875,0.5781012266578641,0.10679094352062161
803,0.9439175214631333,921,9,0.00661752839186707,0.5495989913013495,0.7507005270476061,0.40511140671964607,0.296000713337901,10,4.43313135110091,0.41279817876445907,0.11264239181703466
804,0.9444677214498043,913,9,0.00713863411400605,0.5657696350478817,0.7506482294180169,0.4414310698272341,0.2952009358908497,10,4.468406539187471,0.2590328532832884,0.2780325000202171
805,0.9442685571552444,955,9,0.007035561447579888,0.5707043880997485,0.7526696588674914,0.4473594299785613,0.3679409021626994,10,4.440327080585133,0.2746287474192268,0.2932696196833631
807,0.9444720472741952,946,9,0.007159237741418323,0.5662733118288976,0.38609552208962794,0.4311197421511592,0.2971938557988837,10,4.441644690178,0.4253122408770574,0.4648555189023461
806,0.944147244132601,955,9,0.0070755726722673135,0.5612199850799373,0.7852533802003149,0.39756923139025235,0.3034889219251705,10,4.436965510796735,0.40682023283834134,0.5133655226786704
808,0.944581450451736,947,9,0.006947819657465394,0.5683210184607433,0.7854251190771664,0.35858379806662544,0.2920085900443313,10,4.471360767661899,0.11713102951388402,0.4781558932946029
813,0.9445728259371965,958,9,0.007005236812815853,0.3899945003296063,0.7806538421126942,0.44632577208509505,0.36200699822172927,10,4.495210954647856,0.12215820703398453,0.5358628059723338
809,0.9439103809829203,961,9,0.006354061134796936,0.6111057798422393,0.7784392217344179,0.43443052985219655,0.35495909256605374,10,4.445185055892275,0.41290489320801355,0.27232611392045303
812,0.9444053158234815,934,9,0.006708899028307095,0.4466980966051175,0.7802580165113496,0.44245332389954367,0.3605431533152737,10,4.485223013364329,0.14417404605408998,0.30701234929466586
810,0.9440731050337504,959,9,0.0069510647067060555,0.5725232690362204,0.7835026233277227,0.4547430696041103,0.36880744329956916,10,4.45684680512934,0.15569288344317617,0.47306342856050915
814,0.9447030369040513,962,9,0.006730991324918576,0.3746345700430892,0.7814755737936256,0.47325983562265916,0.3736305037789277,10,4.413476464061831,0.2579002629602453,0.5743865958868928
811,0.9443825856774659,956,9,0.0056849666355414195,0.45066342282115596,0.7820423039337857,0.46700024436144594,0.35458986254397945,10,4.471252940345136,0.11540696797405,0.2868510863311175
816,0.943885682560716,934,9,0.006620941395131316,0.4547289370141004,0.3663531304787937,0.47291945366048815,0.36037583878198204,10,4.4986219319965715,0.1505415510523128,0.27901904914310094
817,0.9438532341814725,936,9,0.006901154390700559,0.38133848154286676,0.4862610437200533,0.4559967228641429,0.3534470471213382,10,4.496250125426882,0.16363636554383007,0.5639200032726126
815,0.9440774830393766,954,9,0.006497644244564216,0.606025367378994,0.7819890235425502,0.43568545271125186,0.36707624090025914,10,4.4748512912996885,0.13799370352606133,0.4350900916098604
823,0.943354034046753,938,9,0.0066665346644883255,0.35598342295432694,0.29014676557798325,0.4437046406407797,0.37977589676412804,10,4.52145567287185,0.10013977153684263,0.747506329853566
818,0.9440788830619148,939,9,0.0065434615297304405,0.40248334667289065,0.7773859332948544,0.46977317158384685,0.3696671783862482,10,4.503719830239795,0.07157940396980005,0.7832491373515207
820,0.9441368965936778,944,9,0.006978022728944724,0.5077863822211967,0.3537055583329275,0.46813685031196806,0.3216658908850804,10,4.495819819923691,0.12090024161728465,0.703585838996157
821,0.9436708972916122,936,9,0.0068060356324625825,0.3973039031777614,0.36068382175611385,0.46685725057264277,0.3803415838692904,10,4.51944492013474,0.10598355707020651,0.6467929124476155
819,0.9440526468587116,939,9,0.006615167071911198,0.40098244743315753,0.779253732612802,0.4711914627345794,0.3630906692556133,10,4.528404001275738,0.14832619015308557,0.6057192226756881
822,0.9440684556857019,940,9,0.006637795412315282,0.3713851855114132,0.7724081257954815,0.45658444695927114,0.3650565205605986,10,4.506396481750617,0.11430239749861512,0.41161392448733336
824,0.9437511374204725,939,9,0.005820105498812666,0.40020565603305586,0.4207510016517527,0.47351898469593495,0.3851479339384104,10,4.472242307658394,0.13710334079901232,0.6110057345114907
825,0.9430988552835473,943,9,0.005599818754036305,0.37092920705336496,0.23176836203458362,0.4622276329414167,0.3852101606923468,10,4.510921946036252,0.1014093770891237,0.7485964051149139
826,0.9445817572773987,940,9,0.005761710814590438,0.3883319769779864,0.7877215248293551,0.5037347333985931,0.3787674387425286,10,4.5672696076311645,0.09314702779116131,0.7043620159967112
828,0.9428449706149724,942,9,0.005074442884844441,0.3993876295906801,0.2469401124243797,0.47410515704112,0.377641245545476,10,4.512039837248147,0.07582029113033738,0.635738388585571
827,0.9443947856502355,950,9,0.005676471979633972,0.4045753443310512,0.7874192127519644,0.4667410029036386,0.38113827808179174,10,4.531941185138279,0.10225583621103493,0.829633049824335
831,0.9430840827758864,965,9,0.0059689584231502725,0.447638162752435,0.26491935010097367,0.5008309485370125,0.3844167520643459,10,4.523923025727062,0.08797604655907348,0.5428717071120149
830,0.943384276203376,950,9,0.005625830096951582,0.44866577094206034,0.30862971127075106,0.49663431982732653,0.38150314247419215,10,4.555202198784933,0.09474365215168772,0.5888670673263643
829,0.9439135629946378,964,9,0.0056732151471191455,0.45461877036786064,0.34210372988232635,0.48563078451862374,0.3923898117965234,10,4.536484849515242,0.09185572855031988,0.5017689029975297
833,0.942941456849573,963,9,0.00575921588304596,0.41992687055932054,0.2181322360481992,0.4928474836458078,0.386261328299822,10,4.368847277705482,0.07156822224983374,0.46009657604662846
832,0.9443320105807681,964,9,0.007567756785386931,0.36738204549896897,0.7851506405531095,0.48463085959625374,0.3592920451013208,10,4.389598170724726,0.12022254120015956,0.4596113319893207
835,0.9436979856143848,964,9,0.00503892577831318,0.4456165470959681,0.45239639775231766,0.4914955979547944,0.35314151973901353,10,4.315132833083477,0.08746276096536207,0.5197863483716413
834,0.9442185101326462,970,9,0.0056820492591660105,0.43547902191529014,0.7933367231759303,0.500790361096454,0.378341873578543,10,4.374378230500169,0.09163225129931885,0.41662852981847653
836,0.9442923017044708,969,9,0.0050545822873539255,0.33999305643139444,0.7906175057768094,0.5331350646526449,0.4087060482456346,10,4.414601819183066,0.0987287305696715,0.5379095275377358
839,0.9436633998917511,969,9,0.0056151781274761175,0.38103277925240775,0.30782297346897536,0.4874900924976652,0.3913430997520667,10,4.339159390509764,0.08604705084856915,0.8676323413677095
838,0.9440232416891,966,9,0.005654643686871357,0.35124256695795303,0.45688285538840256,0.492186537759433,0.4147496557587199,10,4.379679232859131,0.09764837901695031,0.9314416447642623
837,0.9440693902516226,966,9,0.005553843886166029,0.4338286603333257,0.7899633325521442,0.4454061558522777,0.3811023237634903,10,4.343852128386129,0.05839192565484637,0.9912234646928035
842,0.9437597160155253,924,9,0.007276379158026679,0.3610300975489721,0.3949285191971854,0.5128039643155051,0.4120234633760161,10,4.363739384338956,0.17658254663852374,0.8966659113577444
841,0.9441046506776265,916,9,0.007388072117567053,0.3517988644506042,0.7903468482127823,0.4912343365017327,0.3919172178236655,10,4.3470779222203335,0.2243735429620133,1.0729301037328622
840,0.9445770745333594,971,9,0.007547938046550877,0.41211697951903997,0.7881035798983986,0.4436085367794635,0.40865586208820903,10,4.3422469454113655,0.1890043938344383,0.5203931678525341
843,0.9444383423708101,913,9,0.007371354635778539,0.34582619563488187,0.7936666118116964,0.497064514705646,0.3703250085217443,10,4.332648021199356,0.05701587712578323,0.9176146557719689
844,0.9440515312239048,918,10,0.007689969247756029,0.3472033665940639,0.7878271991749054,0.4352072841174536,0.40681449995236396,10,4.356890067620124,0.21059932960351943,0.3816107658334123
845,0.9441261691753631,916,9,0.0076278187496542785,0.3441762000604071,0.40681621187568306,0.44128039952320336,0.41355335444539826,10,4.352360276539404,0.04956047217516204,1.0989373505207418
846,0.9438427165317229,914,9,0.007334681405004043,0.3895121205499292,0.7902660086883433,0.5154958482871924,0.39443074822453994,10,4.306828354393277,0.219782390707671,0.9537571210058873
850,0.943692029648209,919,9,0.007612406767916799,0.3882491418893607,0.7996349399568006,0.4260433278142129,0.3600489454862938,10,4.62945961699814,0.23207715645703134,0.34481581588018484
847,0.9443550152000807,913,9,0.007541181974910756,0.4081865306074547,0.7959204642113519,0.5143826591019985,0.40714885414977664,10,4.295614772361733,0.21128821515788604,1.0033080829284173
849,0.9437240428359516,918,10,0.00768961185964876,0.4125195910631122,0.8001641787473798,0.436993081886462,0.3653558036148387,10,4.276158585031421,0.22381314086611934,0.32970414397469416
848,0.9440878107494305,912,10,0.0075485850358567985,0.39080878869913405,0.7993461366319664,0.4428937946378662,0.40989219875887667,10,4.584927153827595,0.05762979112214371,0.3558280907593571
851,0.9441726115182396,918,10,0.0061761283797664955,0.39399496791134797,0.7977142003522509,0.42621627273525525,0.36875493770809187,10,4.593068434026201,0.18335700533707128,0.5268095156366317
852,0.9444892169877972,999,9,0.0076922152979321985,0.41674406717246626,0.7996884803297097,0.4323999921598111,0.4180277444989347,10,4.314003967298144,0.19369435203579274,0.43341834199445095
853,0.9436076390239079,996,10,0.00760660819371549,0.3864700046192988,0.7710163085900391,0.5085024033053807,0.40796014916833184,10,4.204681810149044,0.18267878355038478,0.35522969240644225
854,0.9443474311793691,899,9,0.007780959917986793,0.39076402023833434,0.7970448009570439,0.5327149327326176,0.4253094124774013,10,4.225117543178232,0.05953279360710708,0.37071626555932413
855,0.9440898468612247,998,9,0.007608822524374569,0.38420879757755916,0.7705692308785765,0.45125496346861627,0.36926973911551203,10,4.252482168852779,0.1896465546499449,0.39695603195618595
856,0.9441731343742154,986,9,0.007970117522796053,0.413846912601809,0.8026714457927436,0.5294606486265269,0.3677353428351489,10,4.2649124505398115,0.18282494143686617,0.3704053952011808
859,0.9443281022062582,987,9,0.006344236328047722,0.36866328430643963,0.7692523071377929,0.4213554846067029,0.34370155653585055,10,4.257434794966287,0.035527942350553315,0.3977116279653505
857,0.9439035671572391,991,9,0.006383835540052113,0.41836792516179827,0.7721248001119113,0.53390071995941,0.36982603487736243,10,4.247437668593179,0.17273857849125537,0.3811046683524645
858,0.9445684061865822,1000,10,0.0062682689152663805,0.42264537786255535,0.7677515676859686,0.4525110208443169,0.3428169284061129,10,4.27621614587973,0.03048636183552804,0.38721797597464824
861,0.9438560811896604,996,9,0.006333064967429489,0.3299979892784808,0.7702382224213647,0.525689173871785,0.3442504398895422,10,4.289231573535041,0.04130152862211522,0.4234644519280601
860,0.9438761448745618,992,9,0.006517154850091267,0.32265354158430487,0.7715392914671285,0.5286076811716246,0.3415935169484993,10,4.435607591026801,0.13960741198053753,0.42370887432274984
862,0.9439463348975389,997,9,0.006438973549582635,0.42180007351256543,0.7716545499652181,0.4572498314220642,0.43258775987716236,10,4.21952009416152,0.039671617300039416,0.3907668279995718
864,0.9440161210377562,999,9,0.006874759500242004,0.31035537594483115,0.7735210877375706,0.4589414068983215,0.34608931679956384,10,4.257566189493089,0.043373453123303284,0.6921671385141697
863,0.9444362749502749,999,9,0.006460151182391182,0.37118581112726334,0.7729475878537999,0.4549802437018273,0.4567802774215586,10,4.231624074581533,0.04267162932550413,0.4189478022170505
865,0.9445068563325153,990,9,0.006354000698696298,0.4378449648809078,0.8159077293216238,0.4544104753101406,0.43588243132173154,10,4.262826738729874,0.14494322851708927,0.4294051377113974
866,0.9445305518313807,997,9,0.006184226389632196,0.4137728085751629,0.773827991674151,0.45674843955743427,0.436310912989753,10,4.422543856924693,0.042493570921382465,0.6922543734884025
868,0.944481355362915,978,9,0.006913028574104112,0.37501678867929084,0.8156427618670088,0.4554361919772264,0.338985509513024,10,4.11912256710032,0.041964572295916824,0.6285744054229757
869,0.9441553572710367,986,10,0.007026971832933407,0.3246604104843605,0.8183314436735813,0.4573545805108002,0.4550551080993641,10,4.128561231825342,0.018702759814596185,0.6540734893132761
867,0.9446063283773892,994,9,0.0067154598089036585,0.4313523410714845,0.7711572145291851,0.45015764197316693,0.4283091673707641,10,2.97996163844787,0.14151270638549215,0.5946691265480845
870,0.9444766611390041,985,10,0.006967412044696236,0.41726043641004484,0.7742749221832876,0.46182696579875376,0.4231239698055668,10,4.096848881717181,0.2493712104989047,0.6059099526953516
871,0.9443279665350468,996,10,0.006975255599277194,0.4322646040881918,0.8177009002434371,0.45330761404158254,0.45379133832540286,10,4.053654933081653,0.03562796617785432,0.7195593557981735
872,0.9445537881353772,976,10,0.007097181927109771,0.42272067225197346,0.7875679934971578,0.4769829871365452,0.433991154287841,10,4.114773614686189,0.020724851190492655,0.6645771986849561
873,0.9442828068069293,978,10,0.006854507526135032,0.4235327487451804,0.8074075189358678,0.4718620213533535,0.42515840482120626,10,4.017396838040626,0.23504623695056467,0.5170118243333813
874,0.9441077700718618,999,9,0.007190174397969608,0.36239409787445886,0.817034170519338,0.47770241403944835,0.4640112052484758,10,3.9621071407311477,0.02532561945056681,0.6605882169459845
875,0.9442654888986196,973,10,0.0061098988904850745,0.426355580482484,0.8240488148201222,0.4581791577929239,0.46439375495554297,10,4.140357381391857,0.262029216994148,0.6622400190176038
876,0.9441405075351478,978,10,0.006134336954881405,0.4294208301292102,0.8243578378425315,0.47545534717271143,0.4730086492774343,10,3.9475514626779744,0.022434391410665507,0.5928275517623811
877,0.9441594691523637,976,10,0.006090435667156265,0.4348321539325319,0.8254479659364697,0.47606854743564936,0.4372548304221747,10,4.161251317879929,0.03778507942644616,0.7211365813900186
878,0.9440418552574774,978,10,0.007031862486234484,0.43136811909206135,0.8390745122437508,0.4831505467666889,0.43320851266559357,10,4.080499903607733,0.04806481595334172,0.734518417885459
879,0.9440979412144156,978,10,0.006057574259111975,0.42685485084370256,0.8269074967307927,0.42930287735976264,0.4387614155864661,10,4.034851368631196,0.2776946341458602,0.6554707561697903
880,0.9442281500940212,976,10,0.0060892133541197106,0.4361948325853409,0.8396772121664903,0.4815838145932887,0.4322205492053195,10,3.9690792113402327,0.014614731855720837,0.6821038373343579
881,0.9443920910112542,978,10,0.0061283668724239565,0.42835684694317766,0.8317329182826458,0.4765166763137132,0.43259718812563974,10,3.968491105280542,0.015822641250417886,0.5347549193625631
882,0.9441679371231979,977,10,0.0059244311933147895,0.43401791086265507,0.8329814637165496,0.4701459308044971,0.4404934272718131,10,3.9997884524536906,0.02341945995119178,0.6182441504990177
883,0.9440209258858856,979,10,0.006054162915883399,0.42860548907304563,0.8106568147569494,0.4712461122297636,0.44005947043184096,10,3.885088748832934,0.12928963528856308,0.6160000625995738
884,0.9443946781568912,978,10,0.0060842187304052005,0.438092398644664,0.8254767010442823,0.47928585277362096,0.4383298328740254,10,3.806560853793671,0.015464830180804849,0.5325356548246708
885,0.9442475312483675,979,10,0.00623954674952573,0.4103416525610892,0.820734562421422,0.47933401665224257,0.4368101532042117,10,4.020136574306148,0.018482524158552647,0.513336197223626
886,0.9443446687047821,978,10,0.00583493386645202,0.41079490811068625,0.8073342762228846,0.4295594815760531,0.4295248172499145,10,4.032227662156958,0.03315304000248302,0.49216383047762907
887,0.9440945233435155,981,10,0.006013871145818538,0.40975497262573474,0.839358598354801,0.4360794402664482,0.44203516867127607,10,3.7396485214106017,0.01709362706276302,0.5229034943082702
888,0.9443475595452077,979,10,0.0060191422944188815,0.43689673797375644,0.8032898364499829,0.4301194175817501,0.425861343792242,10,3.8152714358345903,0.2805244574026092,0.5224718410042931
889,0.9443641239564823,978,10,0.006019844834088555,0.40679702029538173,0.8030865216467004,0.4480034871129881,0.4470992740142577,10,3.6558861997658685,0.01956139715248224,0.5184105030148861
890,0.944047632242017,998,10,0.006553762514665685,0.4078373429998694,0.7974587745234127,0.4411568419933643,0.426450952694122,10,3.760531487242792,0.02891472612426891,0.5081752037087752
892,0.9440959364113624,997,10,0.00672909751238376,0.407204078486165,0.8045205648219419,0.4337268528268132,0.4479098429297123,10,3.8041353824469013,0.019249629151220818,0.4936460676084362
895,0.9435745300302278,461,10,0.006833817832232335,0.4077447795717967,0.8010525289819557,0.4384241154821812,0.4175313977370284,10,3.699709921179646,0.029222356510656567,1.2189319912861958
893,0.9441510324902703,955,10,0.006398533704326285,0.40980432652461396,0.8069638534357761,0.44277218941990976,0.42056100966259896,10,3.6603089613805713,0.030786242924197547,0.49035887967471276
891,0.9447334408225032,999,10,0.006692165136017357,0.4643234576280807,0.8011515273982558,0.4429572781384631,0.45088771829233293,10,4.1330315327182925,0.13324057090830105,0.5287183788822971
894,0.9444097971479533,953,10,0.006767006497059795,0.46488974591093407,0.8065691371015932,0.44054696763780565,0.4240513370620538,10,3.7088189260310656,0.030877294875976947,0.48252724718857265
896,0.944071237989158,955,10,0.0068339930649387965,0.4680407786301617,0.7980144535046916,0.4446245288591751,0.42157981676264256,10,4.165382297798596,0.028243078525864187,0.8339569863131385
897,0.9444314325316563,960,10,0.006697255039588287,0.4802197834686228,0.7984349097401442,0.4455085181151945,0.41832724333819865,10,4.121785750001622,0.026383624385855547,1.2620008973057348
899,0.9438545606284692,953,10,0.006825902554259606,0.4658887194697459,0.7879704897672042,0.41262358808257066,0.4182672149482611,10,4.103852197768422,0.15841343425508408,1.2904159530330384
898,0.9440493062160396,1000,10,0.006719871717724168,0.4569782244124028,0.7878017374967317,0.45259244064460674,0.4533912933532001,10,4.143335264552337,0.011034499784792299,0.8352547030698663
903,0.9409907490392964,955,9,0.029541010110132226,0.4594452713734931,0.7857014851836869,0.4148602569712963,0.4555755616262158,10,4.116163303283917,0.00912217879173965,0.7820466817154645
900,0.9443085498974607,956,10,0.006983504871761375,0.46969347279147144,0.7860650061126693,0.41755557896235895,0.4177066131216338,10,4.128449403391373,0.009245684448746566,0.830401792591324
901,0.9445374000966773,955,10,0.007056153209054874,0.47489138865482594,0.7838363291487749,0.41643745392599,0.4147854007489765,10,4.124128758132775,0.16473992703104332,0.8113837014625164
902,0.9441909500915081,954,9,0.005346816293284827,0.46109192626848944,0.7830924305662308,0.4524679491348708,0.4198365793004335,10,4.1010298786098085,0.15598665459105573,0.8295185310853256
907,0.9425265628055538,421,10,0.005113919818010334,0.45288442426844505,0.7847441468464491,0.46070979052268235,0.4609502958426875,10,4.05675379225621,0.15911600013047947,0.8386446721804617
905,0.9444159712316921,958,10,0.005291240445557075,0.4819698728625114,0.7885140246750559,0.4140668389790907,0.4795184521385641,10,4.181251457590776,0.11674982477533845,0.8246670598082935
904,0.9437851397568977,999,10,0.005305509679883489,0.46422438000132504,0.7854184347324019,0.4196534126562506,0.46115760471967754,10,4.131754550627391,0.15275298903168996,0.7929355615167614
909,0.9410937307940441,1000,10,0.029882013217399823,0.4505057285220039,0.7840861820522382,0.4149711127290391,0.4790847371706905,10,4.091061172438973,0.13151675586041697,0.7873045613343996
906,0.9445926589810387,995,10,0.005428688956318686,0.46509584125449593,0.7809324175738256,0.41161167856783637,0.4707699501275548,10,4.11881228191258,0.16511369622332303,0.7790780116655086
908,0.9440648082173674,1000,10,0.005199909242372069,0.44813324561065465,0.7798276030203326,0.4113235326432617,0.4712390210857817,10,4.1120884087938565,0.13343809244859509,0.8640545519183467
910,0.9441763664799184,1000,10,0.005319842110897959,0.3841734234253672,0.7766745546177494,0.4155436658028269,0.47806894389926013,10,4.064404061036953,0.12736439378277647,0.8235435434958265
911,0.9443652500275361,999,10,0.005099637766089743,0.3808911659793184,0.7819034742085301,0.4633424087523771,0.46478952363568854,10,4.10916758723889,0.1447431609035096,0.7098429760226285
912,0.9442140058484311,1000,10,0.005402447184730496,0.4869490095355254,0.7830250413870323,0.4628170191649096,0.4009628316797731,10,4.036738754296065,0.14592166513525165,0.8724702052200636
913,0.9443617528411586,997,10,0.005611784385655749,0.4850572722956425,0.7785302844537875,0.45998635003317967,0.402654199046769,10,4.096915799397448,0.13137540299533063,0.659790973240263
914,0.9443822475430622,993,10,0.005421354401862669,0.4895720151536002,0.7702631151212587,0.4149620908608649,0.48269719765258867,10,4.184228054557951,0.1322058890470053,0.6391221347644284
916,0.9441007673501092,998,10,0.00787148829203717,0.3816582496847859,0.7625888683768368,0.4609504157080292,0.44622455370902797,10,3.9008036423884076,0.13674598098545077,1.1226401366318173
915,0.9442944912290961,996,10,0.005407585722681668,0.4822514634193085,0.7689453857670709,0.46335558374582553,0.4691880750169397,10,2.9804244522451726,0.12703418655955406,1.0927289997635703
917,0.9440533836577514,979,10,0.008033263036565944,0.485252495614507,0.766049672014854,0.46211496091671983,0.4481549064275978,10,4.247294319936617,0.06766053035016453,0.625163623569587
918,0.9439804530763061,985,10,0.005515721368981904,0.37721501381053824,0.7667030431858717,0.40457422889651984,0.47904238232373303,10,3.902812304436226,0.12039870274059375,1.1564590309743823
920,0.9441382261715485,972,10,0.005635896139630656,0.48693946270277094,0.7630996473719727,0.46204238854349766,0.40527544236233337,10,3.868311340725029,0.06972390181533375,1.1433954386257597
919,0.9446597650930204,1000,10,0.0056978861051887675,0.4928330699974982,0.7666826616064356,0.4581318744796834,0.4770415907178815,10,4.220601604525116,0.19019241595855763,1.461570029595077
921,0.9442190496866172,972,10,0.0058127280687070276,0.4905297956023088,0.8142824273683105,0.46707513862610694,0.39888576082884936,10,4.2415040881315935,0.20424765587505847,1.1128599638561818
922,0.9444016172175367,972,10,0.005624752451932682,0.48135265017289336,0.8175272472269338,0.4052984143560468,0.3984928929038811,10,2.9196688362130794,0.0769808686194805,1.3940260414059138
924,0.9444644705588565,969,10,0.00637607452455372,0.44219912394118166,0.8183230147053892,0.4034527439974247,0.44338940094519635,10,3.9824733688833227,0.20983628900408127,1.0388399117926668
926,0.9444514899548097,971,10,0.0064314548964197775,0.4214780488416105,0.8169513099156399,0.4008984487079575,0.4013525763764733,10,3.9439947064751544,0.1970326841065866,0.5696815305354791
925,0.9445308513516704,969,10,0.0063719025284383985,0.44498123257017863,0.815905959631772,0.4291771992268028,0.4004799787499147,10,4.197331630601806,0.19250553975829704,1.0575204375913845
923,0.9439688156172508,970,10,0.005728646619047083,0.5000013770947579,0.8143882714384878,0.42601744365430194,0.5003731413461129,10,3.9506917159154384,0.07060958730278918,0.6117134470224286
927,0.9448547903720111,968,10,0.0063313070390979154,0.39779743527940725,0.821890835864505,0.5072568393574307,0.44874545174668384,10,3.9927438020753843,0.1943516534829785,0.41886198114594614
928,0.9440427679072798,967,10,0.006361305434721689,0.41857565319609735,0.8159371005868573,0.43040389155811976,0.4088563182318507,10,3.9175001109543164,0.19513442164003839,0.44116497718612224
929,0.9442725625868518,967,10,0.006377218635564678,0.43901233565637127,0.8154579288489212,0.42773749603804545,0.49991745720604425,10,4.294689321142195,0.18180219875974726,0.4277656518813663
931,0.9442633593824146,967,10,0.006416369328013696,0.500862999959002,0.807565434229736,0.4951258753250107,0.45958518055485453,10,4.250629542783585,0.18375389617632712,0.4213837459746367
930,0.9439056502321449,966,10,0.005015602622059916,0.4998035100404712,0.810938270695933,0.503008291724304,0.4862468787634779,10,4.2755578753613666,0.19703516569287202,0.337743771104735
932,0.9442629372362227,964,10,0.006431987214364556,0.5037841120356287,0.8492227287764316,0.43567092738124646,0.4997072118927782,10,4.29246264706056,0.1803916050270206,1.6994318361300227
933,0.9443797063169121,964,10,0.006238709545290334,0.4709116517209901,0.7963140530919975,0.4358584368715798,0.48910979739612087,10,2.5655727781141584,0.1864933780651636,1.6343542659444765
934,0.9439480485293,962,10,0.006270751168277629,0.46964567088058484,0.801591022377352,0.5031273244096273,0.4954620114143074,10,4.276188977680026,0.1790029586381583,1.556448802927979
935,0.9440231623736226,962,10,0.005929601333549229,0.5122119745286257,0.7993190582532096,0.42572194007831915,0.454312124299224,10,4.26227478284269,0.19223836134393668,1.444271975734607
936,0.944009289470455,958,10,0.006327331291415203,0.46941150585925245,0.8490966895380505,0.4272021889889495,0.43587223618196974,10,4.256140597453163,0.1758432435880487,1.4901585762417044
937,0.9438663869835955,952,10,0.006343125448161596,0.46120342382757357,0.8406450255430619,0.42436064648158583,0.4892692045343733,10,4.222291264212818,0.1758260387423474,1.4500404248224503
938,0.9438933312861592,948,10,0.0059177558735233745,0.47234375819100644,0.8501466540563782,0.5067091461815275,0.5039566234373085,10,4.252375438496344,0.1704137134838688,0.3084813715728353
939,0.9442713238043302,952,10,0.005778998081525784,0.509982807709088,0.844236649321874,0.5014542378151658,0.5004615364930763,10,4.216560882430146,0.2682227305604409,0.28819047233816786
940,0.9442354022420775,945,10,0.0058554368334945775,0.4674445045147694,0.8423255233710661,0.5507865181884717,0.4913047629790214,10,3.325608202052642,0.2615338523619474,1.3837415009292928
941,0.9445128780470476,944,10,0.005831113202568058,0.4505979579884045,0.8353102937863814,0.5081225248454191,0.49044130026197713,10,2.4990722052586865,0.2740954017535845,1.4653929828189927
942,0.9438060738248009,945,10,0.005001882254204888,0.4635028126051421,0.8469033418831474,0.4973595678939251,0.46105532211366984,10,4.277651662222582,0.29007115861079635,1.647296021708051
944,0.9443545601797105,941,10,0.005838816241249828,0.39422173687942264,0.8391265668323312,0.4852065135970645,0.433244768259185,10,4.16216436611346,0.2815398375603393,1.3185561981669602
943,0.9441572357955007,940,10,0.005917733861976934,0.46728237493452207,0.8444145544382237,0.5039347327511867,0.44966137770392534,10,4.164586855512943,0.2704148572214746,1.4832018187655982
947,0.944227761865632,945,10,0.005677665072179891,0.44641402500003513,0.7591604364483249,0.4902261438261816,0.4534011224451545,10,4.0262452764491075,0.2787094166611324,0.30191950442500254
945,0.9442288211447047,943,10,0.005808338503430774,0.45207593665516,0.7567341833079846,0.5070312440986358,0.44192910546790176,10,2.790803884713451,0.2832167533084214,0.3251655672564913
946,0.9441932210188604,942,10,0.005758712705360325,0.4472060367910628,0.8430995560909887,0.4915545941760918,0.4549555040302963,10,4.016751950793505,0.2922485257023602,0.3065384077225354
948,0.9440929276413458,941,10,0.005792691840532878,0.4468172578240617,0.7590397801950637,0.5490753397631957,0.448567178296066,10,4.169705984147223,0.29634936497079856,0.3164772775034785
949,0.944484951693639,938,10,0.005056374876009358,0.44935641330418424,0.7566132440177402,0.4830761358139016,0.4593138543682062,10,3.418879008911036,0.24924264661782408,0.2943109865502939
950,0.94394929357357,935,10,0.005586917915257137,0.39430080411774804,0.7591461553114376,0.488429201442047,0.45097756252891696,10,3.162232561069611,0.11021737992047508,0.3103818748188911
951,0.9437299278356479,940,10,0.005077685543053702,0.4463107907357746,0.8265136936042666,0.5217446304057921,0.47347687349947537,10,2.431985456775038,0.10332517056523498,1.9953902104210124
953,0.9440002297644146,981,10,0.005440730925804886,0.44683408044766565,0.7565053586676305,0.4851314370170367,0.46900178466771414,10,1.9306927946191599,0.1068706096118651,1.071164329794431
954,0.9439503810305098,983,10,0.0073468972229186755,0.45350591381706284,0.8255433431816694,0.5121556925529924,0.46662241274683364,10,1.9737370513692516,0.11868707069858055,1.9696192354368154
952,0.9449792864499964,937,10,0.005516904430676342,0.44786099491752457,0.8273544393725413,0.4880930077149892,0.47451566196232237,4,3.105810354981058,0.11587763237026709,0.973850688260322
955,0.9443529999607806,986,10,0.007098378494605295,0.439854836476217,0.8293758510262472,0.48524755907121325,0.4686131594231117,10,2.709963142012683,0.11144943303185799,1.970990474135953
957,0.9441950536238375,977,10,0.00719600689428545,0.44098756801051237,0.7943798441731759,0.47833126467610865,0.3914159558329322,10,2.0366994128305045,0.11243073750356182,0.963070827201398
956,0.9438436067435939,983,10,0.0072029873007145835,0.43768480134649085,0.7428965199632211,0.5645178378573688,0.4838818477609626,10,1.996529630700627,0.10762816869841475,2.0921055348153783
958,0.9445881515659493,979,10,0.0072419334665163385,0.4327766758391184,0.8288403257042446,0.520624952069709,0.4810538924184199,10,3.462208393694569,0.09737886399021017,2.083035568277286
959,0.9442940080308591,987,10,0.007104852704697179,0.43465587833301245,0.8293837148682381,0.5105064140313098,0.47328890156077985,10,2.160787732408176,0.09995206274342774,1.9820269265069794
960,0.9439436225169378,981,10,0.007153711344775478,0.430482876419305,0.8249462516106487,0.5149724081852816,0.48232746334096016,10,2.109330376396489,0.11649677476263766,2.0307501538034836
961,0.9442469071607954,983,10,0.007303095013901938,0.4328503809018984,0.8293122501806865,0.5137331605240327,0.46402861233919973,10,4.410067023000874,0.14167674807823627,1.0425317085566141
963,0.9445306927207155,983,10,0.006906935915272528,0.4285973348710332,0.7925724794936444,0.4481077456031406,0.43026357139817323,10,4.025592309454426,0.1506349029178082,0.9704073175731732
962,0.9438861814133237,984,10,0.007163944970363122,0.43771134884504476,0.8315034635634846,0.5157235591451383,0.47787095592685713,10,4.391757698163799,0.15580094819741208,0.9843734145360173
964,0.9441374152751549,982,10,0.007170337084957697,0.2521844119621262,0.7929728331088435,0.4774399633164143,0.4852893905133211,4,2.686937405981059,0.22871919211194663,0.96113265446612
966,0.9443616897018643,983,10,0.005388461498940201,0.39359761192985754,0.7447365449242674,0.3906990527752684,0.48322001667272385,10,3.2898422373964156,0.08016732510943149,1.0572182471575557
965,0.9442764260854997,975,10,0.0072012228219181205,0.4308123580812534,0.7394659065794925,0.5109150907018288,0.4863453564559254,4,3.0211071363239466,0.08247728978897353,0.9779035025898234
967,0.9442362027022242,932,10,0.006736934945454944,0.39570302697859394,0.8606904957907898,0.5191822920432227,0.5107252671611413,4,2.8083892584804677,0.2197027670001759,0.7342567713371206
968,0.9447129690803431,983,10,0.006812573575169136,0.41470346142159537,0.8521602885630075,0.5318082257214795,0.5130306620785953,4,2.299260157637612,0.16141403622762132,1.086215950647938
971,0.944023980575389,958,10,0.0067327177742755925,0.3971119051610413,0.8342064896355337,0.5274111706040098,0.5065801308618839,4,3.0976766253884467,0.07125479763791784,0.9462977662442198
969,0.9453839154014438,980,10,0.005390205603868144,0.3959080872412784,0.8327439379043865,0.5363654405912702,0.46477285009153324,2,3.243454706939688,0.08475538029953139,1.0062140637432588
973,0.9429643268412988,1000,10,0.007784407129569953,0.9609119760939915,0.7926989298276483,0.47312672192707655,0.513995462263659,10,3.5358324114050608,0.07343354659449755,0.932590149984767
972,0.9449769111601739,1000,10,0.00783157284691885,0.39682077063923044,0.7937751870507398,0.44636377710400776,0.42931619580485153,2,3.1566139224433853,0.07888507616410421,1.093730840891329
975,0.9442528036403633,998,10,0.007854281160022172,0.40353888656054454,0.7980618141478651,0.5402925488961399,0.4279039560408306,10,3.920482729232604,0.0823722287581977,0.7816995594514811
974,0.9429028448228376,964,10,0.0066566898592089925,0.9599837323507038,0.8596709606165973,0.3964775014856138,0.4278776445533506,5,3.6219892331722385,0.0800858915055254,0.7396896648722205
970,0.9449327720970155,1000,10,0.005486631248623398,0.4056569761058538,0.8541438610463183,0.5249222298376761,0.5113055506017709,1,3.0989681068357045,0.08700989106689878,1.0181118121309982
976,0.9446855509721646,999,10,0.008185133018165392,0.3978691092155824,0.7958597710144283,0.5445138063787236,0.4295468047332282,3,3.0870989669833815,0.09160996609289647,0.6963583097615789
980,0.939776129560413,968,10,0.04420172158216953,0.41265122181048247,0.8667178008980762,0.5248548558754003,0.5081286039410169,10,3.4509280694446147,0.0860813400937115,1.204243854381036
981,0.9394764036767901,964,10,0.05007501471977313,0.4045402296106652,0.8590114908001367,0.5779410543387853,0.5138478366063148,5,3.2361211010193327,0.09273091447724968,1.2656086451787214
977,0.9447645251842609,1000,10,0.007826016519911142,0.41930760282531504,0.8001617452548558,0.5395825498688736,0.42774785323110454,2,3.4125139742631965,0.07854371762281154,0.752622038244782
984,0.9398745965946984,963,10,0.04000644643725239,0.3586463189011358,0.8601782765631317,0.5725384316234807,0.39846213708119305,3,3.175115063344358,0.06387150893165539,1.315691168182762
978,0.9440149427854673,963,10,0.00780939671967299,0.4159862769287861,0.8484512602092743,0.5446783639632378,0.514275066772399,4,2.9108898276304003,0.08360573532571705,1.1948902440206384
979,0.9446828939036725,961,10,0.008016499401455605,0.41253357541931657,0.857495904949137,0.5510031832042717,0.4054673143101992,4,4.017914565368774,0.08629321664402131,0.7652773147333221
986,0.9411352420102024,995,10,0.04267973245334825,0.3651580271322225,0.8563356248410162,0.5715752063535862,0.5233174164489998,3,3.247996397991999,0.08524385397420232,1.2712158863611127
983,0.9446146627642618,965,10,0.008028163475453758,0.36495131620797583,0.8665450426569485,0.545637288493245,0.39348205566582883,2,3.1371934337653133,0.09778400655054738,1.240656572168211
982,0.9450532450017735,966,10,0.0050072359302746425,0.36201634412085065,0.8556211737742646,0.5442135374422773,0.5215795310220409,2,3.21498546789439,0.10265589923009785,1.2831473715073292
989,0.941573333744104,1000,10,0.034225613114319764,0.36457761162612534,0.8355551826907892,0.5594989812766729,0.5233231036780036,2,3.185900589115048,0.0730600010920947,1.277825630335644
990,0.9419936421130787,994,10,0.03468279569304562,0.3842329430659339,0.84718137145407,0.5527673822878432,0.5226443684967966,1,3.062110163391803,0.05834710697680922,1.5868992167199005
985,0.9452223716901521,998,10,0.005263996959902184,0.3733964199925277,0.8647162795184156,0.5691763357611107,0.5153133843310029,1,3.2091460508209626,0.057936138891748604,1.2377524605343868
987,0.9451251366548276,986,10,0.005288258623908954,0.3695148176740631,0.8569818047907504,0.5609028868457082,0.5108583337372108,2,3.185751827898264,0.08521547411780954,1.2865978411800527
988,0.9448043436411518,985,10,0.0052716332301473625,0.3955090874815611,0.8562595298095015,0.5619503120737533,0.49403284225117766,2,3.105760621950721,0.05601828140596297,0.7419571016100345
991,0.9444353576041615,1000,10,0.005001623659948205,0.3717718170228355,0.8517135792274803,0.5416710048212552,0.46704421601572965,3,3.1632349107968816,0.05293239222564462,1.6762542784364232
992,0.9445716101144181,1000,10,0.00506179846696953,0.3890806934202301,0.8577828730152259,0.5505263680238695,0.519775394107244,2,3.1106224191785152,0.07942749824597485,1.5785644669483359
993,0.9451491520246643,994,10,0.005372063036689732,0.3759309471697805,0.8720050342798101,0.5608395050982571,0.5007436054906511,2,3.133905520043724,0.09467789531872638,1.7430712102443806
994,0.9446261885554736,1000,10,0.008364812738676529,0.37263329554943764,0.8730172658152037,0.5715665326105875,0.49441369514145217,2,3.0887273348572553,0.07168130699699916,1.5364796180978584
995,0.9447940868975777,998,10,0.005124062318219845,0.36696105075428403,0.8522135161389977,0.5610307938736987,0.5327241160902181,2,3.0835734083343405,0.05516501669026516,1.680164654522545
997,0.9445266445004954,1000,10,0.005039137887079736,0.37085046373464636,0.8606144760616562,0.5454173813563165,0.49658745942906146,2,3.1112667958339255,0.05202157296053505,1.7046358272314845
996,0.9445891398785425,981,10,0.005021578989421486,0.36116835204363407,0.8725455128628818,0.552868911259939,0.507411618318598,2,3.059292574230778,0.05332213762523053,1.6450141985217939
998,0.9443700183488009,979,10,0.005027290364511986,0.37202665187995815,0.8742458012727342,0.5504828787602292,0.5321670208835055,2,3.1117469838214586,0.0644205976247728,1.7321285697223785
999,0.9447498852169371,985,10,0.005002421380570606,0.3608934228249462,0.8716031765402443,0.599040915261125,0.4980937064167796,2,3.3345381449233384,0.05495310699743301,1.6366897069949404
