trial,score,n_estimators,max_depth,learning_rate,subsample,colsample_bytree,colsample_bylevel,colsample_bynode,min_child_weight,gamma,reg_alpha,reg_lambda
2,0.9366329980814211,132,7,0.2308802853638051,0.8921488430105962,0.5548653028097758,0.46187137213439516,0.274225013691296,10,1.1860415900547916,0.007751375695334126,0.0029987096663904884
0,0.9442749775344129,190,7,0.04057374014821194,0.803813805644381,0.30079451748892566,0.30282476599979447,0.7535196415177766,7,2.18188811427074,0.42803894981286816,0.0007689727296473442
9,0.9445119419156895,426,4,0.012740743775069875,0.3468194597792147,0.9454018594638836,0.24447627013406567,0.6170063603300817,5,4.493752479005967,0.00033789899419004235,0.0013619629266567695
5,0.9351972042630065,864,8,0.2674079348363484,0.8880181286431927,0.9345658017446038,0.5240346445320565,0.5524754447548988,10,2.4542806317231314,0.00027110165670346796,2.304121318183047
10,0.9440065958750985,210,9,0.021692450929392447,0.9460747487951255,0.5338076844580607,0.2783475576929099,0.6140889943292867,7,3.2457846618446373,0.0002925000068932511,0.06600813853380978
1,0.9444886649103298,388,9,0.02010610940044376,0.4301083162961379,0.7267340009049276,0.37875826529605466,0.6106032779286491,6,3.1699288463685154,0.5314050256998661,0.005145700561205484
3,0.94401179625699,623,4,0.021761882623714934,0.2442379155598239,0.9352344674625545,0.9885954097708037,0.6642542961748154,10,1.4102131462557805,0.00011630035215887289,0.001278025104541873
6,0.9447127885332696,642,4,0.007511531322975987,0.6573307245583702,0.42877595707333316,0.9040316147777514,0.7818188195450567,6,2.4090060223476533,0.004872283644336313,0.011122134704785368
8,0.9372441217473375,644,5,0.06036332439376841,0.23801818209325676,0.49455082917136955,0.7773063405217135,0.866676816354227,5,3.770505199267614,0.0004708243783302259,0.0008955545928949937
12,0.9416844724695247,516,4,0.01160134029626391,0.7734452371451599,0.3736569759839606,0.24354731068898872,0.26792872855623945,3,1.9890021788332395,0.0028907860435313463,0.08930372505402911
7,0.9390565670261808,815,7,0.10338459557473861,0.6568067005099487,0.85325599499835,0.6524244941405914,0.597005005068263,1,0.5822985852601725,1.2480721318264765,0.005137087631267467
11,0.9407757112130148,909,9,0.0654988257181117,0.7611615288496361,0.26462267823450497,0.332850571673488,0.8581326224070556,3,0.8603162779097617,0.0063217750418016975,0.00019923817037128348
14,0.9408354049805487,257,7,0.06160192996903107,0.8614521430122533,0.7068566669399674,0.8949263411552354,0.8657059545438375,10,0.2169474808517058,0.5010176650816495,0.018359797850873744
15,0.9425744443068946,336,5,0.005454230824051646,0.8223597128502702,0.8056580121246818,0.6887049909727492,0.33892573247695873,4,1.931468644773759,0.012292228418618992,0.0733443971696208
16,0.9417490175264872,608,8,0.050825113126017236,0.9897568825424797,0.21776987469793208,0.730586756826705,0.4135054917366963,10,2.146552986933889,0.0012463406524886112,0.00013806596123516266
20,0.9417588943906695,368,3,0.005442995724952423,0.5277676277493163,0.21012448431097153,0.9954139224679156,0.9993237046079895,4,4.893240973318788,0.016655679549240587,0.0001078908963000838
4,0.9438002723150808,845,9,0.012477719878702366,0.6506241102260117,0.3324435316396881,0.24986412394108523,0.8283680822161648,4,1.315707985626392,0.0004991774138284366,0.10832318470648788
23,0.9416968780363607,494,3,0.005375273271192861,0.5334377237124353,0.6308969063512964,0.5243955705044003,0.44642111565831766,8,4.8640354466616325,0.07884338916181981,0.0001328297080330105
21,0.9420657284021399,411,3,0.0054324496858310835,0.5297647325791762,0.7231100047941463,0.9877006192027938,0.9835617980253945,4,4.997328216255873,0.04724092834881323,0.021854523808163332
22,0.9419651866419461,419,3,0.00552339393364331,0.5738409946925305,0.7341402887521279,0.627143645555993,0.9972630507821719,4,4.99104942730566,0.045807690515626324,0.00010612459415232966
24,0.9421983767544871,473,3,0.005049379587495352,0.535863200473625,0.6424856289770817,0.5725103029488545,0.9664349624041559,8,4.962221236146003,0.042567420392603444,1.0371574735662112
13,0.9447919370306911,706,7,0.011685405191801746,0.47579606733457425,0.8320607469650152,0.9837603580426766,0.5047985143078124,9,3.0428022186904373,0.08658853592678407,0.002369960356464616
26,0.9437883415974844,502,3,0.008942400359480041,0.3839302214872947,0.6444783407249326,0.5534786029723057,0.4891981432831731,8,4.97117635282201,0.046567927883904466,2.2252827963822535
18,0.9443079946891192,734,9,0.014055693376548566,0.4467549807337318,0.4568414013198931,0.5835086800997046,0.2105350021345987,1,3.9127965198854775,0.41986678941412453,0.0640659396389963
25,0.9431517357472122,484,3,0.010340970456924389,0.39693040579021194,0.6585929040090048,0.502751627060817,0.4543303533044619,8,4.895716242675682,0.03741418628400648,0.8600295803576457
19,0.944568498025556,990,6,0.006041781920481416,0.5745273683375953,0.20439872078799654,0.7120668953283389,0.9598685009034644,1,0.5178918025486849,8.165381536775964,0.00011441863137279708
28,0.9448911920016269,714,5,0.010211969860867197,0.34095611728488456,0.41953097416995444,0.8109725931692816,0.7256471129043731,8,4.034480978311392,7.810681091307321,2.1379794564933348
27,0.9454786483465446,735,5,0.009365447320900392,0.3516740848720147,0.42380526997583223,0.8534212033269937,0.7198845349628514,8,4.196274466425798,0.08305787369890719,0.6545821458200848
29,0.9451560503839463,720,5,0.00903365193879721,0.35183679261074813,0.8572586449914703,0.425121002578577,0.7325260407892779,8,4.09275475099467,0.00131336386155275,0.5866633987052606
17,0.9436907073757113,807,9,0.005368692181276894,0.8175856784538228,0.8508505587367248,0.9620048243247873,0.312331880411279,8,3.4681458963512064,0.00031284560031109973,0.0004008020086860831
31,0.9449345316482635,734,5,0.009538172078833961,0.3647579781302512,0.988460060339202,0.8589093368812439,0.5010699026446389,6,3.7299067134052244,9.543983827273323,0.013084093032836084
30,0.9446544707849057,754,10,0.009913311104986689,0.3635602127186748,0.9856148033729453,0.41556389244404934,0.7154847296206677,6,3.8781256650964835,4.317243655568138,0.007002664330908447
32,0.945444767070585,738,5,0.009189583573359597,0.368258677248096,0.9879876120012792,0.8343313366454126,0.7290152881890913,6,4.081378442735114,6.595296995594642,0.011502202964318019
37,0.9429204747749335,722,6,0.02763848010024389,0.2908948031839691,0.4154234841062462,0.8161428146336545,0.7348657743200513,9,4.073619307247655,9.783008291239927,8.862709057866354
34,0.9453863000838887,788,5,0.00823959473070881,0.3158322095912355,0.9930045506226419,0.8424659604109258,0.7230597839013232,6,2.910558235808999,0.0019192696193879176,0.013011095471121543
38,0.9439194866084477,748,5,0.016273165246030046,0.30677283545767214,0.3633358123902264,0.8045257802723217,0.712019962012964,7,4.232776846540567,8.277983709194869,8.498765283809186
36,0.9444744089968966,740,5,0.007685772282458656,0.3156035335057026,0.38771851398352064,0.8510376278108276,0.7200799158293804,9,2.8097404164243254,5.1220384176700176,0.33731201413757406
33,0.945519303790447,976,5,0.008659244994365628,0.3245017255505522,0.9956932866847994,0.8431007216382431,0.7207453971718176,6,2.825888660424758,0.001572642992287212,0.0022441646746750904
39,0.9430908924270689,733,5,0.03193389581353533,0.30654299048139333,0.4008254271384262,0.8181070593963748,0.7071349007631685,7,4.23400719363201,3.682433181095744,6.485016023492856
41,0.9436026974609424,704,5,0.016110975949501588,0.3035636968018971,0.3842697181548201,0.8213707394374224,0.7120979499210902,7,4.348039092458233,2.64938161350167,7.154214719199183
35,0.9449697508510916,997,6,0.008049576573066475,0.6659986633967114,0.3924564947566995,0.8542358265151601,0.7127053719322206,2,2.6364121407629493,9.77732037278075,0.0004422960343941166
40,0.9447779211509394,736,5,0.016882137474835496,0.30472813313660235,0.9975984151534785,0.7949151695828492,0.695911423490662,7,4.251683385644577,5.9498307125524565,8.56447187974695
42,0.9439080996193212,559,6,0.015889904415019376,0.2900258644593934,0.9911089294152856,0.8337104060456815,0.6751351024729284,7,4.296070915810235,2.2911018300199264,7.569102289700628
44,0.945101965577375,568,6,0.015985624260768803,0.2927901744300232,0.8934398077562202,0.7566319260710198,0.6639622396717,7,4.381481695247678,0.0013937921986226587,0.3478136953403082
46,0.9439204415250504,585,6,0.01679004965642864,0.24583505133647265,0.8982547832392499,0.7471794414670055,0.7914951421562265,7,4.511690209048343,0.0009201851002263276,0.21720589641381938
43,0.9446051042056134,576,6,0.01738658810964078,0.29800314583277193,0.9895894138940067,0.8788361328866886,0.804335837368958,7,4.567197118659466,2.2912833200248546,0.2826591135929896
45,0.9449836028817652,947,6,0.007138162542566087,0.21773387487602663,0.9010975708109229,0.7514605036531798,0.7937814874141985,7,2.7915389060629474,0.002174612964346485,0.19400912514471225
52,0.9454805143475123,902,4,0.008073659097270827,0.21538840868135326,0.9292146625637346,0.9277052989383504,0.783815173799005,5,3.5218326100149637,0.0013753181432313902,0.370933288318959
47,0.9425264260907177,939,6,0.01606290888662546,0.2232765019523767,0.8988826725176284,0.9304494959736093,0.7922435285144864,5,2.7534225299624837,0.22257467307147508,0.0026652840047410916
48,0.9419695803019428,929,6,0.01675558050801517,0.20462904234402463,0.9236234250643841,0.911518970272494,0.8057228774842187,5,2.5174906601090825,0.21579553702244025,0.0030536160042715613
49,0.9416133984964249,928,6,0.01835906494547458,0.20415770232273692,0.9019653916321732,0.9336098166118898,0.7906718555451399,5,2.7301378902726587,0.23988354393051028,0.038576839645107476
54,0.9447436735627092,905,4,0.0066761009634194535,0.20400716694932358,0.9314097921336161,0.9407673751889964,0.77386412145531,5,3.4778146003290074,0.0029804450465990917,0.03775725708682454
53,0.9458422858069356,900,4,0.007411505289166179,0.23061219827585236,0.9068456433577727,0.9239823512007299,0.7842451410439764,6,3.5474746114613716,0.00015536559930884623,0.03223266202616941
55,0.9451830666966143,938,4,0.006773030964274833,0.21098823302768788,0.936161963776658,0.9332900748793888,0.7633602960512567,5,3.5040278675882406,0.0031658257115228365,0.034810279193525
50,0.9448066490081193,916,6,0.007650969741513123,0.22227947249932878,0.8985799220001826,0.8990200151378197,0.785768325918796,5,3.50385629715805,0.0012371902158236439,0.28748109757424145
56,0.9287147868241046,875,4,0.16206620866094376,0.4275456703702533,0.9416584583662734,0.9300485137821385,0.5705379738928601,5,3.3676740075992395,0.000107723472504275,0.0028269508507092664
51,0.9453145926305945,892,6,0.006932648665274714,0.25808311865823336,0.900841884859886,0.9265020230920936,0.7964012617710142,5,3.3973033211984043,0.0016123351587746114,0.2540165418581525
61,0.9444969951227036,850,4,0.012592206955384109,0.42713217295981304,0.8060162066796339,0.35251472515510385,0.6437865736479097,6,3.098517815928281,0.0001607624018549332,0.7116394911124257
57,0.9450438669901986,879,4,0.0070377456414612545,0.427794224534102,0.9320167493738009,0.9308775077100612,0.575715036611002,5,3.507852817871651,0.0001060192279286722,0.0313429061214934
64,0.9212441841143498,845,4,0.18056946262006637,0.25932466220945777,0.7786558753788976,0.8793776039209386,0.8941333567151148,6,3.022643279138057,0.00015244122174735443,0.0051358321657135175
63,0.9451118539214292,864,4,0.012770852492157423,0.25276826691495635,0.775447890459898,0.8855951836334973,0.642615988255716,6,3.151957571047066,0.0001403887185044496,0.1423280573459277
59,0.9450583952896793,880,4,0.006710215593378354,0.4214986338318297,0.7689497514207274,0.9404857901686965,0.9231193738754828,6,3.2649179620224267,0.00010932500856357582,0.04396596573574394
60,0.9447632081298865,863,4,0.00669695927448293,0.42858105502670485,0.9464409579825183,0.9390045031401439,0.6407537366076217,6,3.48405229630241,0.00011611984187403964,0.8778042122901306
65,0.9448022104722604,803,4,0.013159765698541237,0.2554323745085396,0.96479853547105,0.8854136381173107,0.8967932040744051,6,3.0460301062555324,0.00018992764289006098,0.006594724560876269
58,0.9451705682471798,866,4,0.006746263030811244,0.41884287011239907,0.9444577863712934,0.9290039223163787,0.9100273313784562,5,3.4478673751148863,0.0005709537494320401,0.004057668612372323
66,0.9449056263748842,810,4,0.012805755403673656,0.25720564466937235,0.7957184912673751,0.8806062602661244,0.890584356323172,6,3.0100536688237374,0.0001600047593409676,0.0052618350713627
62,0.9447135169833117,848,4,0.012998724357691512,0.2537215907448616,0.9563238425219679,0.888393611597098,0.9087972659260926,6,3.1292067516982667,0.000211670884428381,0.0063312203172102436
68,0.9456410895750805,807,4,0.011498390237188627,0.2583888265614458,0.561923510833076,0.7058622214965214,0.892015003560465,6,3.0106365075018235,0.0005477928519911925,0.007558868021325853
67,0.9447410373667111,802,4,0.01158584852208245,0.25263183502285796,0.960248086258141,0.8684501085647344,0.9220122903883943,6,3.0184171568959166,0.0058457309779138536,0.006002381425470722
69,0.9439060081954178,799,4,0.013465436885152718,0.4755668310441275,0.9608813599229384,0.9621443980285764,0.8908960892168225,6,3.7061259364984873,0.0005587569659527888,0.12908282502579788
70,0.9451178829413344,799,5,0.008495760501559483,0.2613068441786506,0.958896914092452,0.9669912430440604,0.8371194672210341,6,3.309188951469602,0.0007244249719014653,0.009605510465044601
77,0.9454136639235825,680,5,0.011329381780183024,0.3291862585039115,0.5770509642856502,0.655994569963944,0.8315895513268153,3,3.7236112924793643,0.0004956297796522433,0.010349815526906881
75,0.9455786922977556,684,5,0.008607532050744937,0.47599303105492036,0.877530908425958,0.9781387804861128,0.8404458396456728,4,3.6924104782546503,0.012643105353683369,0.001591302805370995
73,0.9454070609100913,671,7,0.008704414949097163,0.47948896310480005,0.5636716059647909,0.7827690886504813,0.8417652518537077,3,3.723229289045539,0.0006842083062912589,1.4211539711500307
76,0.9448994324622761,784,5,0.01104165412790062,0.3376559708861816,0.8685897369903257,0.9718613153331359,0.8422124383382145,3,3.762727305575021,0.0005799873451035115,0.0013425422786154883
78,0.9456088843603926,668,5,0.008352420802667805,0.3370311950082938,0.5520017157843767,0.6815645386315635,0.8392332872452352,3,3.7151446443343867,0.0006297173486994102,0.01052741768132226
74,0.9449110323508421,790,7,0.008651039092713177,0.27360924474733517,0.5700145984596079,0.9662704496833617,0.8412424477773,4,3.66960375087533,0.006447148317875597,0.0012482743835621713
72,0.9443913917827038,780,7,0.010978905187101632,0.26762530741546636,0.9605657546238615,0.7790052318858188,0.8360318760406769,4,1.7120473287288798,0.0005908754769603325,0.007614709905849598
79,0.9451548230812964,648,5,0.00867817902538575,0.3313372595833457,0.561943755273188,0.6567322450288785,0.8398884753307618,4,1.6458868070105304,0.0008099469559786386,0.001673605361515998
71,0.9449668683596638,800,7,0.008572188615203896,0.2628979728200719,0.9676898865720479,0.9692998418712492,0.8384066192725343,4,3.728617349875406,0.000492530404896578,0.009830610857723668
80,0.9446608170667204,684,5,0.010788310529649145,0.3278242297055371,0.46450102487772016,0.6977338254049181,0.7530013871243774,4,3.856495691709599,0.00040086697833223895,0.0015379294647119702
81,0.945053134377555,672,5,0.010706948049571254,0.38520467827991145,0.5066991135689294,0.6766772320652659,0.8390899875826848,3,3.6549547604458006,0.00041179665680988255,0.0011428181580443908
83,0.9449075941292604,669,5,0.011056531310025765,0.33741465015181415,0.46978191246217904,0.6478076341035415,0.746741878262642,3,4.7045280230941335,0.00037961289080432937,0.0011593877328423335
82,0.9453335678149315,668,5,0.010690729503862028,0.3748350027839218,0.5956611174264658,0.6815063079149856,0.8380991636174547,3,3.669090497139809,0.010902477099509157,0.0015395011922566502
84,0.9447920904435223,676,5,0.01026271179356116,0.4019309738104315,0.29441948571578924,0.692041256991901,0.7532439058277488,4,3.9300983402250327,0.0003547577396170814,0.0019878608703933383
86,0.9448121916989132,658,5,0.0060856217688093316,0.3643171404840089,0.5281063386079622,0.6996432625586282,0.7580520717630365,2,3.9195483319090028,0.011376602028485004,0.0017763316106216326
85,0.9457975894481863,967,5,0.006044723851691843,0.3787456142624393,0.45566249669580117,0.7059229758496224,0.7521960167230286,4,3.8702398366417365,0.025161803781332183,0.000862727575839475
87,0.9452132243196365,966,5,0.009846632657759612,0.38439640556023846,0.47566463048231195,0.7021091090871161,0.7516938088252989,4,3.958406251953545,0.012343034590709817,0.000623257254271088
88,0.9457566355276189,965,5,0.005942419830135638,0.3520253739126715,0.47847047588467645,0.6969759166183932,0.7498764901146577,2,3.96340811837039,0.013884656283674364,0.0006575589795688116
93,0.9448975194981969,620,5,0.009410365672190663,0.3964238629385606,0.285043659760704,0.6034089332306363,0.8681019127514917,2,3.985096240223872,1.3132398370449985,0.01812294809139579
90,0.9447768806571112,971,5,0.009854045676037553,0.36612242897419267,0.5270079449856365,0.6211969481798256,0.7586014508648027,2,4.747561965489084,0.00029326287748316303,0.019453283822435264
89,0.9454450582418769,983,5,0.006088277830148316,0.3809808280329616,0.492827385284807,0.7178292553125112,0.9523167025986424,2,4.695467136880757,0.009612688622668333,0.0006974429158986143
91,0.9452395325329441,964,5,0.005945356652443082,0.3603385642061102,0.31425350615111125,0.6152554133314966,0.8667393709296201,2,4.059601013693969,0.9901278105033041,0.01780024754426753
94,0.9449385850866072,616,5,0.005989334901422074,0.45333707636780973,0.6775009484879497,0.6178489018801372,0.8149140705720984,2,2.2952229445820045,0.023192793766012836,0.018916359171062835
96,0.9441922217482078,968,3,0.006045970421757834,0.4644052740038894,0.4476559540658347,0.6137844470299835,0.8654115687463574,9,4.140108544661186,0.022689928272285907,0.0005811158411273453
95,0.9446909673843693,961,3,0.014676545800606738,0.47066990845545026,0.607996606899398,0.6045150758897109,0.8157796896273809,2,2.2816641510212436,0.029641178897744515,0.01996975977541935
92,0.94494542813378,969,5,0.009601509918015358,0.3711134826358952,0.536578156649523,0.7202631254406854,0.8709629250835526,2,3.976922335864961,0.012421931701702938,0.02031273793796535
97,0.9448602182640876,977,3,0.007538904905814121,0.23269008931869417,0.4316759202110853,0.6092109033091053,0.6853560009921312,9,4.09410000801634,0.03235969086256646,0.0001999120497820026
98,0.9442876147859328,978,3,0.006145771979689098,0.4637056286028786,0.34309631335082974,0.6139333607280676,0.8145442924031345,2,4.103992769347907,0.06144339353443486,0.0003123633378510532
99,0.9445451364865953,952,3,0.006181453631156937,0.23346140904571416,0.4402281049597326,0.9951900629021655,0.8127874208263679,2,2.2280645956821177,0.021183587097073523,0.0002648456050567848
100,0.9441762600301986,975,3,0.005953631593203886,0.2811274797038331,0.33143232921293636,0.7324826460282093,0.6841849489397338,9,2.303288400811799,0.03114851601050468,0.0008014121310050529
101,0.9445703306305331,970,3,0.007431420298609898,0.46558251383869176,0.3429452751678276,0.7372736219731026,0.9542785702228179,1,4.419264820662873,0.02322335920361665,0.0002499570751498141
102,0.9443199859369484,983,3,0.0060117855594977706,0.45567963068056516,0.44087449953690394,0.7263793701595053,0.6873455629764046,1,4.395828824625226,0.026280878539284125,0.00025426239165070503
103,0.9438909382547168,997,3,0.0051560091628417605,0.49999224682382915,0.44300577893800763,0.7224485451993184,0.6880511897879131,9,4.197199663860171,0.06792974776690391,0.00041344261681115963
106,0.9450485643449836,999,4,0.007636718284267813,0.5083800336163853,0.35963131278216864,0.7342494890965386,0.9510398632978454,3,3.2261812788433324,0.004090693844158189,0.0002069566192128762
104,0.945022293180353,987,4,0.007725392369962015,0.5037640624154347,0.5023038155978375,0.7316202147228319,0.9524947386223026,1,4.1527695042740165,0.10664350585682508,0.0009044491905517674
105,0.9443194954333383,997,4,0.007706917490468889,0.23216641539272312,0.500784876946665,0.731796823988345,0.9578124388182491,1,3.5746299334613023,0.07084606149636077,0.00030671091120444135
108,0.945298749363989,999,4,0.005166932883823191,0.2854532824826454,0.5039542667964665,0.7606526930498914,0.9536256966236164,1,3.5739879541311903,0.0037186803957522316,0.0007904642192555672
109,0.9445058951541645,998,4,0.005001712328971781,0.5059823272439739,0.49171764050540706,0.7342841501729063,0.6964581933806557,1,4.459551321373593,0.14868837436870957,0.0007826945000693162
107,0.9448752349799289,994,4,0.005014767944051074,0.5666547681831792,0.4837846315422616,0.9952668447195052,0.9539080498493406,1,3.5921231502278936,0.06706407825782347,0.0007393230486527233
110,0.9445608169477472,762,5,0.007735447486273581,0.5076978386254583,0.4876674786517064,0.8339405119255727,0.9533550066046903,1,4.641464451140243,0.004416325836352812,0.0009115729742254273
112,0.9444877120809766,762,4,0.005218358744920321,0.5038189775829001,0.5133620819900289,0.8375398377812002,0.9433198923272221,3,3.6142679971632434,0.003946844262093112,0.0008990641334636671
113,0.9450021167839836,834,4,0.007854718366391927,0.4082837550461443,0.49369657120624344,0.9108115449216514,0.7764822420777475,5,3.573414983969836,0.003697328153909109,0.4922263110088331
111,0.9449386727510822,998,5,0.005111088564024543,0.4075632970429343,0.49094799581936144,0.835862805356273,0.7751718648494788,1,2.5232926216178746,0.003973359639250755,0.48570839160655865
114,0.9453191772739116,826,5,0.008079722641950862,0.5674954618190152,0.49869865407012126,0.7678572882193784,0.7736324727005444,5,4.581100474937721,0.008596425815648633,0.5013424940167028
115,0.9452407394849123,911,5,0.007830257652146774,0.5705228977442245,0.410272286071332,0.834575035908255,0.7722861549169514,5,4.616996113155534,0.00875398748405632,0.0005245091556686743
121,0.9442220041881495,695,5,0.011668007643476835,0.31709159449345753,0.4106305208295928,0.2111239794423706,0.7767759003686526,5,3.8511670454933338,0.0021438896030693605,0.003706439458585083
118,0.9458365928341849,767,5,0.008171175963111012,0.3492134744534863,0.4159234458956311,0.9115902937865512,0.7764434026690155,5,3.8438674632533907,0.00845506198207449,0.0036760073961453117
117,0.9438500845221209,829,5,0.01450565863814421,0.3496645601934198,0.40979884149203144,0.9146735428791688,0.7728021357987851,5,2.595163079673375,0.0023908925852694184,0.0034765307094891305
116,0.9459741822276848,767,5,0.008115205179498755,0.35278592475340076,0.8789707833739342,0.830590372483562,0.7387295126502846,5,3.8378947906055574,0.007768579316644874,3.6040447276613787
119,0.9452873279352472,760,5,0.008218726624263149,0.34883819121237697,0.8743141229020123,0.7936873876499726,0.7773003442459929,5,4.642067089262788,0.0023132895534937847,0.0032446716631557696
120,0.9452335577815235,694,5,0.014626759079873,0.3490297103251749,0.8751193654520968,0.6652683903757437,0.774703472538327,3,2.5789160251086516,0.0009672920652908392,0.45203810967079533
123,0.9441817625414416,702,5,0.014461240632234541,0.3510143634060566,0.9180776106363082,0.6659976225171825,0.7263803552201986,3,3.7896923114040466,0.000961797231265397,0.003841567009907375
124,0.9450817516105164,898,5,0.009312418864952314,0.3255390736343979,0.4134252526507849,0.647286586334153,0.7289663260890539,3,3.837603534559474,0.000976399948268541,3.9495289159017797
122,0.9451529873454451,920,5,0.00913752268918784,0.31499687152060163,0.875831901568578,0.640710926302696,0.7740535771071703,3,3.799782157734714,0.0020390337921719743,0.003583919010555351
125,0.9449397236811574,698,6,0.009157292655547647,0.32656430636713035,0.5955163859205401,0.6618356857655493,0.7316350097481321,3,3.7674009161709483,0.0009981472486814602,0.0038204507508022615
130,0.9455512136593441,711,6,0.009408216416779722,0.31712849583511704,0.8373394594608453,0.8676576916255583,0.7339968242116992,6,3.82161451708992,0.014757328170150224,1.3067823282718933
126,0.9449782010803058,893,6,0.009068922901703207,0.34959518131864425,0.9207213638230294,0.6684121474182463,0.7376690933414524,3,3.793884231435284,0.00022781398549599289,0.012440712072380733
128,0.9453797012448961,901,6,0.009190449842609767,0.3478396796076651,0.9157095960380703,0.8621692173714869,0.7475498138361396,10,3.831074070589534,0.0012599052466350136,0.004511677483472649
127,0.9446546367212335,929,6,0.00923788933750152,0.35668504226189957,0.917888998153345,0.8649605757827676,0.7339446803464245,6,2.877884868615174,0.00022041190582940807,0.003852995444475674
133,0.945199684332749,636,6,0.0068702689633865265,0.30280499801591365,0.8346854466868328,0.8625930631680985,0.6555688024238653,6,2.8646745695618883,0.01746808663632383,4.748440590864523
132,0.9453427527559363,721,6,0.009133761833625229,0.31432583435468114,0.8321756121026245,0.8560907411738835,0.7329243571050834,6,2.8866369046507048,0.015804083723638698,2.7279781148116076
131,0.9456139407220752,898,6,0.006635795482734764,0.3199342803458361,0.9125090403198343,0.9490163981962836,0.7303728442540547,6,3.8227325492693884,0.017600315946121447,0.0020885429137438754
129,0.9456907713290329,896,6,0.006724508403732651,0.3181317607011713,0.8712065838014973,0.9503598849579518,0.7370389898439754,4,2.898839593281632,0.014521867727855702,0.002270041323983424
135,0.9452912989272393,637,6,0.006837000217975744,0.3807095735712647,0.9998965069553766,0.8607941255961286,0.7068569187118138,6,2.8469982700145726,0.015939830385363864,0.012235054044269878
134,0.9450868371936906,726,6,0.00694379988740986,0.3840590285874945,0.8435405509633408,0.9520454027498567,0.7422612372051578,6,4.310887117647474,0.005735403560938378,0.0024040590612264246
136,0.9450757392886064,636,6,0.007076756589799722,0.28838987999440785,0.8264004750754826,0.8605295093874751,0.7023586742245597,6,2.9033123837734554,0.016389962823235456,5.004984499917431
138,0.9453467258351779,727,6,0.006646900988311463,0.2919934284297948,0.8546457844265338,0.9499454196783222,0.652460320359563,6,3.35868602215068,0.016212778470322316,1.5822272204159982
139,0.9454139947526133,635,6,0.006874736663727936,0.300823676891202,0.8440850511153942,0.9521834270578844,0.667944863525915,4,4.302620838236195,0.01638446359612531,1.2254941872431528
137,0.9448247819873214,720,8,0.007172712717578804,0.3873008960904136,0.8401681573235155,0.9456812833505954,0.9810267050102607,10,3.3525047603763602,0.017160487037488206,1.440312288601097
141,0.9442199659891057,737,5,0.006548393885573854,0.7065681120679681,0.9822024313589075,0.9497725661762645,0.7121251698579237,7,3.394078848323352,0.005729135138436703,0.0020525047844910617
143,0.945148557158584,775,6,0.007099584708219291,0.2817321282482086,0.8195743705508403,0.9447159373629977,0.7095395904422875,4,3.357771253208538,0.006783949333910875,1.3584670783340334
149,0.9404526415320509,137,7,0.005687954221871183,0.2741331604790014,0.8882465468172811,0.9053767321129805,0.7951063774694441,4,4.0036773343809795,0.00738268259959752,0.002165902714815175
145,0.9454187954262439,774,6,0.007287071707369528,0.2759262528451646,0.8047620297773378,0.8947933147216932,0.7069532254570491,4,3.304437460631241,0.0072594120717379244,0.002146240055933393
142,0.9449693334012107,946,10,0.006482171026336239,0.38828433349624986,0.5443542533676985,0.8992151648334589,0.9832938522799056,7,3.3361550636502235,0.006007404426148388,0.002287862789726873
140,0.9444139288581497,716,10,0.0066357073426333325,0.7049900748379818,0.8269598696868529,0.9474056236358135,0.7995044263656836,7,4.305032427636705,0.005754375704119909,1.576996979421248
148,0.943971122027843,950,5,0.010083942853329237,0.699383830905702,0.8821219476814942,0.9101161126800484,0.8014069664146535,4,3.4085983111692504,0.03963138048120121,0.0020942823631137177
144,0.9455423960742346,944,8,0.006514543954017194,0.28044604075111634,0.8484466131612571,0.9104201520284946,0.7990568252912478,4,3.368779787600358,0.00652557878606203,0.0022738722346749094
154,0.9432373411506667,303,5,0.0083774473722534,0.3320513768288526,0.4546352228391288,0.9210395701454558,0.8029844331449406,5,2.7033142013273195,0.010843611015789222,0.7463084322871524
146,0.9451188785593004,942,8,0.00559262766509798,0.2733094452020235,0.8566306098506352,0.8986281762192435,0.6671794620297347,4,3.275908281636253,0.007316627417096519,1.5422979351388246
147,0.9448788907972612,773,8,0.008273288918078702,0.6242536305659196,0.7413696156676762,0.901118481470736,0.7997867625935564,4,4.01214548191658,0.007112559583670656,0.002156279079584937
151,0.9451917747011305,941,5,0.005513844078486765,0.3387401394972163,0.5485355925059489,0.9000917480031859,0.801006106687984,4,4.011855951762481,0.009386353814984831,0.0023512324424940496
153,0.9450404929515361,943,5,0.008359742704982126,0.3337409818687919,0.4572919074879478,0.9784287690675308,0.8023169263906254,5,3.9148960146899383,0.010787861566804698,0.8084320298573942
150,0.9447867971790324,944,10,0.0056798805411615565,0.2725790043980718,0.45943706474818174,0.9076905010960952,0.7200205996849566,4,3.9561994101878395,0.009553827275939931,0.002266784493731262
155,0.9444853670562706,936,5,0.01019839423294678,0.3333061327885458,0.8832145152615625,0.9197262984886794,0.3612675771028453,5,2.6996682084605808,0.009397743481265049,0.007917359148695603
156,0.9455654633110292,858,5,0.005680145466222331,0.3343668137024588,0.3787249989389232,0.9822937276301171,0.8541457762398574,5,2.722881855025661,0.011401591006098681,3.027643416665416
158,0.9285924667036234,882,8,0.11025908976049073,0.2183844125066942,0.8611037566608722,0.9780848288715479,0.8228372258509908,4,3.151421516239021,0.012649728488521366,0.008118232430764812
152,0.9449199323823032,940,10,0.0056495160153244555,0.33546445890704624,0.457905540305762,0.9030341324065339,0.926779005111,4,3.9584620188853408,0.01005795958344664,0.6875966659699245
157,0.9443145329978788,928,7,0.008481146496049287,0.2159205189116771,0.37825899571899096,0.9178559355228989,0.8174916997926842,5,3.2079207479975302,0.010949957380093656,0.7284323998891303
161,0.9388686634421586,922,7,0.04768758474391434,0.24159573367007203,0.9050613185254442,0.7090860407581456,0.7528562019625991,5,3.1383164113040496,0.01245486092002238,0.0081654647742933
160,0.9434986011150128,920,5,0.012158436508144044,0.24512408092608737,0.8953501396361084,0.986096972709403,0.8810641292202488,5,3.176730597317439,0.009400183357838956,0.0011305549371057962
167,0.919426557760672,858,7,0.27808656060500575,0.24628223006261094,0.378157789152114,0.98660349969306,0.8542619079584668,5,3.5091809132397564,0.04806700672129985,2.4842492971237387
163,0.9448583167798802,882,7,0.006322385339346956,0.21866358066163832,0.3763581859796359,0.8071999557065863,0.7552783842147073,5,3.1922708962030577,0.012992416290641904,0.001107931085653963
159,0.9445779887485987,885,9,0.00842285993168758,0.24657596861406383,0.7388402832165223,0.8173230141775394,0.7475445227113254,5,3.1316782156453997,0.0015800624422760835,0.0015434157964695687
164,0.9436208210475225,918,7,0.01197012083979827,0.23820099733562644,0.38658443136768905,0.7066680287394872,0.756000514677835,8,3.6655525304005323,0.012469321266688446,0.0010987861415430152
162,0.9451540466245181,919,7,0.006284162944234267,0.2188847526200375,0.8671584884856208,0.8080594707623274,0.8229072565864808,5,3.184170492945585,0.01370000997095613,0.001064334923650819
168,0.9457336862204156,909,4,0.00624549552065307,0.305984250903812,0.9077017523397675,0.8131183309720552,0.8840575547402401,5,2.98747666785876,0.013909236419620899,0.0011788762931477423
165,0.9443559367206928,878,9,0.01170133099703504,0.23631165666112267,0.42462697005255834,0.9990402071768931,0.8553947806506922,5,2.4115775694393817,0.014378078039970115,2.569147892607637
169,0.945356333444187,818,4,0.00626877447535446,0.3074522268769362,0.3982937760854912,0.8172746783541587,0.8806875837860986,5,2.984299266057385,0.050709893250586995,2.95282470379927
171,0.9444670775333629,874,5,0.006404416696327778,0.36905457927437674,0.24314686858588175,0.6867991921356795,0.755217220614632,6,3.708342501833229,0.022805154794405785,0.053099535764497885
166,0.9439735849821403,850,9,0.012314293386340084,0.24150471329117285,0.9036628285557422,0.9994350106659858,0.8516706375199903,5,3.680368198597563,0.0015384951401555406,2.1068961321299104
173,0.9452866986295516,839,5,0.006185198428873319,0.3718243107627806,0.9388497139815751,0.6915217785640082,0.8797239535384312,6,3.6789001192209363,0.35249909725700657,3.8589941050388803
172,0.9449518662545685,822,9,0.006353534560430296,0.365837930196807,0.42633660940831675,0.6884281362701422,0.8552510684994419,6,3.640247029196813,0.020507220772978396,3.3480345985963718
170,0.9453337149660144,881,9,0.007772385361755655,0.36718950481442286,0.42122975929903617,0.8186173618295809,0.8551027514649554,6,2.9849483809658004,0.0029446481692159666,2.657168137889309
176,0.9458367827738806,840,4,0.007645249804809401,0.31512992317353206,0.4300960509861283,0.8835696168844069,0.8811641482135203,6,2.424183885602407,0.020456424506005266,3.256496364191537
174,0.9447751534582288,750,9,0.006213524769771875,0.3665917627981036,0.4270938451469316,0.8815721590871052,0.8262705616593703,6,3.0094025605466816,0.02324792266267586,0.05654205099088476
177,0.9454571392414305,815,4,0.007488706892066256,0.308577964850949,0.9404287917875261,0.8811563438988467,0.8806153044574903,6,2.94873346118894,0.022450282077412943,3.367112512021568
175,0.9455094477987587,844,5,0.00748219581785464,0.3027091212840962,0.9036909561466291,0.9699143378538041,0.8587674396798974,6,3.6819873067657114,0.019884370446739522,3.166376227956059
178,0.945364466411492,844,4,0.007523589950903404,0.3154284618437146,0.9450732089992272,0.8782773179870276,0.9076764190361827,6,3.636126166424416,0.027160926307586562,3.3887388122384747
179,0.9453815286317496,902,4,0.007675315646427846,0.31758344740154204,0.9378356569669316,0.8762707214655139,0.7840844276250668,6,3.6006925061363506,0.02012231650906165,0.08828911448805288
182,0.9451765889180874,749,4,0.007460866003254292,0.3043174577989362,0.5189870954962263,0.9608187177396972,0.7888050972240074,2,2.9826327142504936,0.028568025751467725,0.0818085669000812
180,0.9452776201382665,903,4,0.0074762286973143475,0.3184344765618287,0.9402421423711206,0.7864022319781003,0.9214597475880002,6,0.8330800350172147,0.020156092577043292,0.0028493707905900747
184,0.9451391384456457,747,4,0.007393909832554562,0.31715030304151137,0.6799672837873982,0.8717343375965816,0.9127525388161083,6,2.6799271871334085,0.10098246627326142,0.026859397876776187
181,0.9452255317857506,904,4,0.007906491180529896,0.31820865859326,0.8859597467601393,0.9642160640626379,0.7857408065957926,6,0.8470330284797951,0.01943324464300422,0.0004989686055435359
183,0.9455261885826081,750,4,0.007628640413552483,0.3142288637002011,0.9758408226528958,0.9659598096390991,0.8956629089869445,2,2.7549394082898875,0.10662717438584497,0.0004883985011597486
185,0.9450743303952585,859,4,0.009905559450696787,0.315198622160141,0.938429053555585,0.8459661946397928,0.9159714263903744,6,3.51647955794103,0.032495935751482234,0.026656569808276593
186,0.9456829211840223,902,4,0.0074476082802833144,0.3215842108108265,0.9113665908439839,0.9650436125669558,0.9072489457252402,6,2.77255636939607,0.019448879370856858,0.0014940347023582009
190,0.944934021315784,861,4,0.008669024009109636,0.2918844119002481,0.35864666387147237,0.9339096477090103,0.9002741238642673,6,3.8567463410009486,0.02003799338607847,6.083278018760399
187,0.9453548713259792,849,4,0.0072836661441060225,0.29730017297249134,0.9125082731553564,0.9679039166169391,0.9040847854525695,6,1.0772114847216572,0.030631121047426584,6.698179022429776
188,0.9453654870764507,853,4,0.007252780972727737,0.29252065284534856,0.9175115403082734,0.9684528167462695,0.8991482174883515,6,2.7641039285729057,0.02955087165002877,4.783386758722129
189,0.9455577269211112,901,4,0.005509396106523387,0.2942817209775238,0.9184775348543524,0.9599465274450573,0.8963844338494722,6,2.109501041742506,0.035305076368849025,0.0029792816444723104
191,0.9452245633020269,854,5,0.01049762608411987,0.29221258831306784,0.6662584159163426,0.9652398329422875,0.9012057751396734,7,2.800454125762059,0.03638763679090058,6.0776899013834536
192,0.9449893417740028,795,5,0.009816983588514083,0.2908785489030352,0.9739007055950891,0.8442309390245081,0.7368412689742365,7,2.1182260833520297,0.017557489627761144,5.592253173530255
194,0.9450103979459963,789,4,0.00985589533328779,0.298320360273573,0.974175018375081,0.9599736380976504,0.8907266907002688,6,0.08149647603887633,0.03737070522889535,6.217343272158877
193,0.9447396451713583,789,5,0.00997874429799607,0.28709863100189215,0.9172766770322053,0.9329493122535559,0.8996777922493965,7,2.7886629322631324,0.03711716896570001,6.20542585647614
195,0.9450795881765085,863,4,0.008734075534287103,0.28592926018372794,0.9124739744258121,0.9361132832149154,0.8978120937789276,4,2.7935684288866627,0.0007123098626590103,0.0016548695426506382
196,0.9456108547238304,797,4,0.008749415732781506,0.29166987585403287,0.9784134602014262,0.9748167413005882,0.8993454473803337,6,2.7820417048875754,0.013597523771025759,0.0013879601913871385
200,0.9453540807802672,797,4,0.005805129096432927,0.34583514355318173,0.9778370759974395,0.9762893672863012,0.8699111876796777,7,2.530167167557036,0.013953095801592194,0.0052652380626257
199,0.9453948473702003,796,5,0.006664479119344465,0.34177899665038564,0.6185023345408005,0.9340245233358789,0.8736542247653667,4,2.1284419411307147,0.014637367087685926,0.0015359166416973396
197,0.9454559328112747,833,5,0.005720420100886693,0.29261170878777887,0.9098822037281188,0.9691240541236389,0.8876008684884972,7,2.733410698634552,0.014095916026667186,0.0015777344555990124
202,0.9455761197628643,955,4,0.005661142855990293,0.34278156711139746,0.891069236578777,0.9801606184679726,0.9333031553546932,6,2.462684112461,0.015699853107543914,0.0014970182038239218
204,0.9455186880518726,828,4,0.005585541587738676,0.3402321882538376,0.8668366056944123,0.9816921457621348,0.9377308389358756,6,2.491328502731384,0.14485007738764688,0.001606496271272
203,0.9452297344624266,894,4,0.005544152327700065,0.34181804868234805,0.8914410646152426,0.9803977127609371,0.8684851852598373,6,2.4835422929606796,0.14665881859967256,0.0013672023185472718
198,0.942731508259152,788,5,0.005729028505103491,0.929854533905835,0.9827631104579669,0.979108040523994,0.8886305516838608,7,2.776661254554655,0.015044018471162006,0.0014502488147151234
201,0.942881123861909,960,4,0.006846271317311402,0.9556417582058361,0.9734221798262828,0.980260477079729,0.9330485352013898,6,2.652931286549304,0.015621348731286875,0.0015113276911445617
205,0.9449804834875299,897,4,0.005633732078798972,0.3406765613182644,0.8667224308467306,0.9811671341953276,0.9322592276609639,6,2.083854185973043,0.013784961381921612,0.0013587878328273019
209,0.9452917831691012,894,4,0.0055126804273988314,0.26616816323556325,0.8716383802196874,0.5006757933719287,0.9371719211112591,6,2.643538304891944,0.0047878180678648545,0.0029925710368816126
206,0.9428668961263428,960,4,0.005679207343308145,0.9676506268425481,0.9562674805067832,0.9821087943023539,0.8762211521057369,6,1.7907343823603465,0.014454485218062828,0.0014267990211256922
207,0.9432409228706451,954,4,0.005419970515801757,0.9645540091495304,0.9676507563895277,0.9828395065186663,0.8780470002950341,6,2.1222879426269086,0.1623222235721009,0.0015095349232818246
208,0.9447247244689898,958,4,0.005360643288590474,0.2630455375825644,0.9566112714896068,0.9836474759308832,0.8820876064029711,6,2.6272093477940057,0.005094486240542187,0.0013955131001402795
215,0.9455092098523264,769,4,0.006755973310321311,0.2625120791187713,0.9588993905314608,0.5350357323922295,0.7210652525000394,6,1.9476705634543645,0.008860434062647667,0.0006054854480154857
210,0.9456247192780005,960,4,0.0054191755269759525,0.3303087976259335,0.8746048765258165,0.9832350095921888,0.9276829438483136,6,2.3781104409788036,0.008330568231740188,0.0029255305746186213
214,0.9456340816352047,914,4,0.00799708572347444,0.3264777752142588,0.9547416520586414,0.9518693399950215,0.9166373374148689,6,1.7279437840007619,0.008059573008786569,0.0006368896535795805
211,0.9454853505043829,963,4,0.005669250653223396,0.32941652765453316,0.8882911323089335,0.9874613055434892,0.9318492237041028,6,1.774813771071858,0.007864355224085257,0.0029209795936832924
212,0.9451131709758036,958,4,0.00680939725935369,0.2652920850353104,0.9988921921515018,0.9500569187110521,0.9232690130875945,6,2.0345522777943947,0.007785490733773549,0.0030101942955415417
213,0.9455910175054895,966,4,0.006759665541570111,0.27219605845732714,0.9594247224055124,0.9543263230526485,0.9293536770892158,6,2.5971944347120024,0.005219235744853,0.002856575021892375
219,0.9448931842811836,453,4,0.008345486758161083,0.32643555380630357,0.8887089111650537,0.9498192825392435,0.7300839229848292,2,1.8418441944218535,0.008078246422522393,0.0005829866288645525
217,0.9455765142530017,919,4,0.005011295934289458,0.3269210082659885,0.8870468268848036,0.9533080828413899,0.7621484267421088,6,2.342956570673813,0.009247162712883212,0.002732261264720715
220,0.9453016214191697,656,4,0.008267585391985447,0.33173279831013797,0.8631143890933951,0.9562805340383366,0.968897703497441,6,2.4079263187376845,0.008110583642518002,0.00262875841572321
216,0.9453197971869848,951,4,0.0067560979622771815,0.32687752436109085,0.8529667387157507,0.9456411895601897,0.9168753836293148,2,1.9534511882198766,0.007891650052026088,0.0006445224834295843
218,0.9454548964919454,915,4,0.00840976943193226,0.3261094499783007,0.8836347394953954,0.9540869214326226,0.7640042502651395,2,2.5853800729062884,0.008153703502604848,0.0005996380662408576
222,0.9459312793379862,920,4,0.008302318147296915,0.3262296593009895,0.8500756805124872,0.9498227550417521,0.9328401103918551,6,1.4379985380046867,0.008334085309903667,0.0003422566449990354
223,0.9454184259830992,926,4,0.008110951397934378,0.35459434652312893,0.890779350617317,0.944576120644683,0.9100968946418004,2,2.3788812918817404,0.010954216561384877,0.00041183196279913846
224,0.9453234780513096,917,4,0.00817621229770341,0.35348561460151195,0.9293001433013092,0.951640624057198,0.922481185861965,2,2.201869261142673,0.010136745438893268,0.0004080209782976738
221,0.9455192411729649,928,4,0.008549602578685924,0.3241635837434267,0.9993509716826017,0.9529534206789911,0.9157438011472785,2,2.415802380734321,0.010831325022430994,0.0003649669629563712
227,0.9445811603240688,926,4,0.005182318346477493,0.3499457821518479,0.925661462797294,0.9999731012962669,0.20094839812334353,6,2.372162116516987,0.010675457159228668,0.0009799388560213615
225,0.9451629362197321,926,4,0.006115322265369269,0.35157348033352065,0.8536747226958585,0.9253663965863935,0.9192889000279805,6,2.576087376312825,0.01078347321127897,0.004450184955590739
229,0.9447395100219593,917,4,0.005217790983976177,0.3584474786640478,0.9196391953209387,0.9332182178758546,0.25519054026728766,6,2.3270046245457854,0.011444530113753008,0.004596548129307798
226,0.9451218706313218,922,4,0.006075078134756649,0.3505912071730742,0.925548424333234,0.9218181194510926,0.7644347580875593,6,1.5748230292096779,0.011397299667265466,0.0008527120307359477
228,0.9454232162204826,915,4,0.005005632208052254,0.3542133695095473,0.9260376569127502,0.9277184329621692,0.9164122565770717,6,2.341644332688007,0.011017532759633212,0.0009952386676730298
230,0.9452252740104491,923,4,0.005116534964434992,0.35500529083673776,0.8958274645559202,0.9185979954966649,0.9193381257146704,6,2.261848380704104,0.009643039311022854,0.004462598116220786
235,0.9443252478926973,594,4,0.0050185502458923855,0.30986403274090785,0.90129590428776,0.9282514233541136,0.7426868305864702,6,1.5134510547404434,0.02391909457216117,0.00447353575599059
231,0.9454481212803781,876,4,0.005261578260764059,0.35670204897598135,0.9008685251632139,0.9271200760476828,0.9719159478786287,6,1.2434824775823157,0.011462944120956586,0.00014882572433472208
237,0.9453883268030605,874,4,0.005035362162333554,0.3063483581059559,0.8723202298788814,0.928956036829617,0.7402434320402193,6,1.3804686127667136,0.01721827320054765,0.0008069358160578022
232,0.9453295242910225,913,4,0.005020751519555584,0.35592852396939273,0.9242149489594862,0.9300304285401527,0.9185113289498658,6,1.5315361336678563,0.011122268263654837,0.004734681139044004
233,0.9454346773069631,929,4,0.005126172754625709,0.305452215833696,0.9258082294296311,0.9204935454428248,0.9737432163027303,6,1.5703327688286566,0.012265873291935028,0.004552732445635094
234,0.9453751040780825,911,4,0.005055026251738536,0.35450637244222577,0.9217759366605648,0.9264940925144441,0.971288165231873,6,2.30640649278052,0.024589484438949868,0.004815697297570067
236,0.9454229876666729,908,4,0.0063130377915806245,0.3059087071091426,0.8955083002235891,0.9157181775258741,0.9354332105500663,6,1.5437611945678995,0.025807784388917517,0.0018842342034047037
238,0.9453324782707423,886,6,0.006243860677141021,0.3064185790422434,0.47123293540511185,0.999297389389577,0.9424352402142613,6,2.2678399847164874,0.0002733815743854162,0.001779516419843944
240,0.9459813321005204,977,4,0.006419519219124887,0.30862830521598644,0.8433845623254799,0.9578943331629967,0.9422621789966587,6,1.5154304451756195,0.0060366001712286,0.0018282350560903072
241,0.9456154748503875,977,4,0.006264578381053145,0.3065402707422815,0.8411680311292993,0.966116471347271,0.9418953065177964,6,1.1652643402879748,0.006195745915204025,0.0024210011535313143
242,0.9455638978739758,976,4,0.006299944340818464,0.3048328036725459,0.8466581122791518,0.9601642060161868,0.9458298514683604,5,1.3302462956854537,0.005656985894525548,0.002028684425346213
245,0.9455547431980873,894,4,0.006883415797249175,0.28099884781939805,0.8573752739453186,0.9624976168340386,0.7639404731234202,5,3.850971914457363,0.004700209112811081,0.002096508012789868
244,0.9457786862739536,897,4,0.0062744957001545434,0.27550124852837726,0.8170586631851668,0.9632824450379571,0.9419484952819859,5,3.7614136981995867,0.006201457428560709,0.001887438832919786
247,0.9449212703091716,973,5,0.006444809144181021,0.3331588733904237,0.5836347558697279,0.30301162681578625,0.8354736103096413,5,3.858306687202713,0.0003013877682902615,0.0020011034803682757
243,0.9456163504515128,979,4,0.0063792794197472715,0.28046821346058354,0.8482978227996174,0.9570821838434852,0.9401032038446646,5,3.8945003508701554,0.006228165105740482,0.0020068097197682615
239,0.9455000802234309,887,6,0.005004669858890864,0.3058184239537889,0.8983943614534378,0.962313780188225,0.9464500575489451,6,1.3924889291212452,0.02421490253942976,0.0019917412536194176
246,0.9458152767996406,983,5,0.006375305041520238,0.2730661707666549,0.8495765749956514,0.9939927682880312,0.7636359844019777,5,3.823610955807329,0.005618921095716388,0.0019053640285484205
248,0.9458164540083047,977,5,0.006793156889422109,0.2760357139173242,0.5842583765893702,0.9609760982825888,0.841212586097859,5,3.784948503108332,0.00601320938977175,0.0024871352974393107
255,0.9451828621461729,543,4,0.007047553505089162,0.3252968280039813,0.8249497946411325,0.9701531343387837,0.95406972567899,5,3.7535230306166003,0.006791201885283349,0.0011860978142767661
250,0.9453911832038706,986,4,0.006891314451191271,0.3274682966843849,0.8390705442999298,0.9636859331100825,0.9465643502774613,5,1.1920592012466042,0.006411602483869725,0.002509837803323331
251,0.9454037150492957,978,4,0.0070229324601656555,0.32719300131059453,0.8416551276326804,0.9639974126660789,0.9441423149626448,5,2.5402151331962024,0.00634805320548378,0.002618684815257082
253,0.9452472110016913,978,4,0.007080904652039308,0.3325312910622049,0.8184919440777617,0.9690971568030491,0.9403821059787789,5,1.075823212972583,0.005873645665353146,0.0025102111796501386
252,0.9458733284237052,977,4,0.005978701958965376,0.3300474467460985,0.8316306414847942,0.967565041722422,0.9550158584942927,5,1.14696163375518,0.005472047563804086,0.0026294100608963596
254,0.9452265733232034,980,4,0.007013474583292301,0.33087212639043717,0.8451227996461219,0.9704051839669591,0.9498733694925665,5,1.2164637583697397,0.006500180536892116,0.0012230008989535357
256,0.9438182122237132,984,4,0.0069685059733486585,0.8490126380883661,0.8178578425506783,0.9712674239243043,0.9634984596719156,5,3.7727249706379515,0.005402134396373108,0.0025467063302629816
249,0.9452186010741027,981,6,0.006757497716608247,0.32843133239478134,0.831227370571797,0.9623081080256849,0.9431232985947178,5,1.381666541330028,0.005389611924713513,0.0026392470154847567
257,0.9455928928990793,983,4,0.006848302699093266,0.2740672285967219,0.8132438656923446,0.9465723819378693,0.9922674491952089,5,4.060626023448955,0.0060553082118333865,0.00111032587644012
259,0.9450846074895143,985,5,0.007158277379056511,0.2739208971035224,0.7898848129330024,0.9438869289945407,0.941278514649196,5,0.9459406620945271,0.005153666885235345,0.0024718554883993715
258,0.9450220176634316,984,5,0.0071019661265240225,0.2769088137185585,0.8152953945765418,0.9451073477045356,0.9447284211487316,5,1.0478058126055465,0.005532464693728005,0.0029105782251282984
260,0.9451021523861968,981,5,0.007206463183351482,0.26908081509920767,0.8103679492838882,0.9462632273230162,0.9595964512141746,5,3.9009285424310103,0.0034449836560743233,0.002652187861791364
261,0.9416020814301532,988,5,0.020900758721412106,0.2738043824323476,0.8161279158879572,0.9436810778041858,0.7666843228045498,5,0.9831372950212458,0.004556347246805451,0.003165067670260208
263,0.9450273495420355,980,5,0.007525067795047456,0.26164773130941715,0.7897994523901307,0.9446716628046135,0.9606309453760384,5,3.872478069264527,0.004517285523017005,0.0035870049502419133
265,0.9455049863031564,989,5,0.006020013365499829,0.2734534103171594,0.5629164707556116,0.943582430568874,0.9691859178421823,5,1.0131426828123364,0.0051715303376342146,0.0032277091955689235
262,0.945426422235568,987,5,0.007696335516166786,0.2707361921361444,0.8697788805999886,0.9447698406506884,0.9886385949412776,5,3.92075158807515,0.003478293146179415,0.0034122231643696588
266,0.9454671100318363,965,5,0.007802051530933616,0.2696697327742125,0.5561069804067742,0.9424203584653559,0.9609123415344568,5,1.0185570240441089,0.00382114670277024,0.0035837003331944052
267,0.9451716953618584,993,4,0.006080325653196027,0.2689297349366819,0.8124347292739987,0.9438592660580156,0.9793632020474103,5,4.0885563301531525,0.0035641154427188924,0.0034251805627871154
264,0.9446556657351899,988,5,0.00776635437930513,0.26952106602175196,0.8013144305728821,0.9446872986852468,0.9608267471120214,5,1.124627546097096,0.0037770204676205897,0.003451809699395849
270,0.9453424459302738,958,4,0.006050517640991809,0.2534569014631628,0.5645724648042529,0.7494652136308911,0.9943208251829262,5,4.134457422862784,0.004732591960199715,0.003421806164618154
269,0.9454684521332034,997,4,0.006074498324676143,0.25386555771018,0.7713304622648195,0.716199585820074,0.9689584785598858,5,4.118556477254706,0.003135859773718721,0.0034877566148749494
271,0.9448102401207198,1000,4,0.00613093629693746,0.25269999406864335,0.7960054396119873,0.6785052077134913,0.9067865254730475,5,4.000689341041366,0.003268382834971521,0.006140610502860388
268,0.9452856195216096,997,4,0.006155405531378681,0.27551028341094563,0.803675330639515,0.9442099797492163,0.9750966168192179,5,4.063298313359916,0.00393245154314496,0.00611708673687337
275,0.9332287141314278,945,4,0.072140633763556,0.24913026269969243,0.4419293240769038,0.7096820465352535,0.9030151899444054,5,4.071425365683931,0.007188607884282212,0.015567683166595046
272,0.9453428675546535,959,4,0.006058061091194959,0.2493782218337895,0.5538862218811567,0.720576948559288,0.9113317763965717,5,4.066017886255344,0.0036266075248995,0.015335491613108621
273,0.9456597965478689,946,4,0.006282084107381897,0.2564731020366116,0.5352776302079122,0.6983182979241264,0.990198792497865,5,3.9966796233306154,0.003168848833146295,0.0018569601778139957
276,0.9455232173830806,942,4,0.006273886710409627,0.2886808393276121,0.8342339083202032,0.6768989425161775,0.9845787848054643,5,1.6617881821093294,0.00728750011832346,0.0010179175662202618
274,0.944752301208123,948,4,0.006114868256539797,0.2558746435792318,0.8305324572204158,0.9957974208769982,0.9986881442319847,5,3.9580187482653337,0.002913678478534014,0.006471333814935373
277,0.9447715821744976,946,4,0.006308140997227253,0.2856548029362339,0.7561917890505633,0.7108389393701658,0.9106109276003312,5,4.077990860857175,0.007899641197027523,0.0017799407093223255
281,0.9449178660053926,958,3,0.006513025970165522,0.28702182990125047,0.44000927206488477,0.9978396542710174,0.9282629413605422,6,3.7916405926022185,0.007570216261194022,0.0017858560798385827
283,0.9445624324787862,953,3,0.006455105982572518,0.2898627221196788,0.6977103254781166,0.6348786324296943,0.9284550686560459,6,1.6743403808847663,0.0076968639449722775,0.001878126031213507
284,0.9448037049428339,938,3,0.006526073077462009,0.2912258165222819,0.5350313519167227,0.692601261033445,0.9985287492783486,5,3.824560054354405,0.007364695549765436,0.0018394359384358858
282,0.9453177621188154,945,4,0.006493323009971138,0.29102183040883206,0.5841203418913113,0.6965028456601585,0.539227214898853,6,3.7336285419189523,0.007515255281364055,0.001927356276976681
280,0.9451752916925825,940,4,0.006535957351957569,0.2900228580151649,0.43790835568443237,0.7041454748658593,0.9985762205606751,5,4.014920763052361,0.006240035156459088,0.0017991629110762602
278,0.9454794728100595,942,4,0.006499010843647909,0.29120638824188194,0.859758715172155,0.6730072639876672,0.9002591793535429,5,3.981461117271599,0.007018325011084397,0.0018886474845603918
279,0.9451835968579634,943,3,0.0064849907111661316,0.29038272562551226,0.8563238910601549,0.997054105838948,0.9048596961081727,5,3.993352820135764,0.006467059509927649,0.0017438050918247331
286,0.9450759260974284,944,3,0.008919979390537788,0.2961044894604439,0.5797516436413027,0.6969507840932269,0.5263226959749115,5,4.2139959407844305,0.00013398687504910148,0.0017493357807385284
285,0.9454805560925005,936,4,0.006585660715465023,0.3052110570810843,0.5911024395496913,0.7053990322508444,0.9932068790494847,5,3.9571475131821794,0.00017998005844297414,0.0017619910649391585
287,0.9454770495135009,963,4,0.009097590108372182,0.3971415623058641,0.5409837056109774,0.6785246665710909,0.7512748117691556,3,3.7923908397035313,0.00044967613387816114,0.001816384483051913
288,0.9450726585084853,810,4,0.007980359550363225,0.2013373923093545,0.6015649267431813,0.6931452860373535,0.9859908155737335,3,0.5503156230128403,0.00833165014173052,0.0011830454706177613
293,0.945578648465518,812,4,0.008137219224185038,0.31156258126504144,0.5281306983354453,0.570638429544741,0.746734555622891,3,0.7102268372154361,0.008932995860852371,0.0012996214921227763
290,0.9423963027883376,813,4,0.024802706163952665,0.397718859696623,0.5781144557130363,0.9868758547223584,0.7225034657116569,4,3.73726391137419,0.00017985703798083623,0.000719423859596659
292,0.9449232062329942,965,4,0.008959602833997323,0.22734921566369254,0.521954694718589,0.7691929826406354,0.7418404452470436,3,4.233559355293785,0.0004510740103981786,0.0011666222000629085
289,0.9450901475712463,932,4,0.007984693903469347,0.31011929044692427,0.5325883669273728,0.6955356019639333,0.9981986295434971,3,0.7048689353970141,0.006062742779461421,0.001120418074326735
299,0.9269584248931375,222,4,0.21789924413357106,0.38601541555756047,0.8498073771928877,0.6556986884481528,0.8911143366804664,4,2.9300047933587376,0.01722198425133806,0.0007332405559172238
294,0.9451807185410344,968,4,0.007864962511412481,0.3132447318810627,0.5140761594584292,0.6562629726421405,0.7553984037255821,3,0.6456666044350614,0.009449770707637395,0.0007470214600389105
291,0.9453437348067812,964,4,0.009190258699736411,0.39445624117927164,0.8576358249580801,0.8948419001910538,0.7378133656412891,4,1.2637082919037215,0.00041147834432599947,0.0007262479395824639
295,0.9452316870842449,968,4,0.008043590432183428,0.37136925485413147,0.531470939003107,0.8962198731565347,0.7295813852500943,3,1.4573532211660625,0.008427325320643633,0.0007391272231755418
296,0.9448625288491785,812,4,0.007994660653733844,0.230474627140102,0.8714957069750008,0.773600950770759,0.7173266975970978,3,1.3024084364648647,0.008847648599643957,0.0007874783286609322
297,0.9455099779601074,808,4,0.007945602438564413,0.3148864687702887,0.6449430970754464,0.9762381703799471,0.7357479903506349,4,1.3063700903748658,0.01887243451474586,0.0007260148358125436
300,0.945303348618052,969,4,0.007464780738027001,0.3152171418659495,0.6412895582662617,0.9740456542543521,0.8866634645107113,6,2.9210076915197423,0.016995228352634683,0.0008601612484295116
298,0.9453468155869021,968,4,0.007988415795808855,0.37816606721237106,0.8716610352784236,0.9835835805106985,0.7214423655020452,4,1.3035243012951434,0.009324176639082814,0.0008069470909422552
303,0.9449292352528994,900,4,0.007489670766467681,0.377638286354017,0.46721576351057875,0.8976763339855004,0.7785566556907741,6,1.2952914942824143,0.004752492345079652,9.911648598658335
301,0.9453316736360968,899,4,0.007437521768529357,0.3737730161980979,0.8745528703123,0.9098435381689317,0.8859713673001681,6,3.0584450878905227,0.01552843244814456,0.18333159162026638
302,0.9449335902987821,970,4,0.007331567708733757,0.31742223299326483,0.8735683544842452,0.9001446216923241,0.8900673153172624,6,3.0734050311973715,0.019432159366088157,0.0008488721437418602
304,0.9454872488577163,900,4,0.0074430508824591445,0.37387683080784295,0.8784455920781634,0.8952713484523196,0.779670742249954,6,1.4619419217262162,0.01845063673909065,0.0009049997836456931
307,0.9454195739702718,895,5,0.007308771793979619,0.37278340187252185,0.46784554074793666,0.974963937461728,0.7836809608906602,6,3.9234842026409584,0.0044235810177347306,0.15978771951994325
305,0.9451847834592497,900,5,0.007200318403685195,0.23557380469453326,0.8800825771035117,0.9803065953270884,0.870713939368078,6,3.090045632948151,0.0044968291205248765,0.0010205096573312911
306,0.9454185052985764,906,5,0.007370386904825724,0.22748394018577872,0.8758503846681707,0.9776929975295112,0.7815471161424252,6,3.8961803421844707,0.0024892961199787333,0.1733448162700709
311,0.9438544870529275,374,5,0.005912791861586921,0.342808958940262,0.8358004033302411,0.9588808929375974,0.8673620255311465,6,3.916132116419852,0.013110027406137675,0.0010427558862787052
312,0.9455108963498453,865,5,0.005726681783214874,0.3435246052152448,0.47621996461683724,0.4255435517482,0.8651033040224256,6,3.895753669885192,0.002548566768675474,0.001335048356374286
309,0.9456394615205449,898,5,0.005678274488896845,0.34025459065200886,0.4773396090607086,0.9114737470782224,0.784621688423954,6,3.073355665393318,0.004519114199407922,0.1446454941590098
308,0.9454787120076513,901,5,0.007281260783223328,0.3741321357375287,0.8785732390064701,0.9764178039114313,0.7783144780610052,6,3.0658989353822923,0.004994656300995974,0.1503920893135274
310,0.9454086576558858,907,5,0.005704950237880085,0.34060364766999335,0.47882488231914616,0.9618289037190397,0.8607181176352423,6,3.9095165471109254,0.004814479835587352,0.0013103819405510659
313,0.945162074185728,776,5,0.005662447484460634,0.3416863911773662,0.4094513757602797,0.9618427789338425,0.8657073139319317,6,3.8983760532995064,0.002209482010291337,0.0013369951997508499
316,0.945742011214666,874,5,0.005647552974122947,0.3407054866538442,0.39703238333655855,0.9573907625396069,0.9263896943403686,5,3.574773982700736,0.0130160157105288,0.0013563065187164572
315,0.9457006367133436,771,5,0.005663184289521056,0.3394798741903362,0.8316019853450192,0.7424338331047207,0.8661734191714673,5,3.6886261759665073,0.005719903863498126,0.0013482847734174516
314,0.9452958021678297,776,5,0.005698168655879256,0.3355854396442865,0.8412479701593715,0.9612401927381196,0.9288288744086547,5,3.5576834860646174,0.012827110424673811,0.0013224029086390415
317,0.945194135380207,875,5,0.005816324541930567,0.3464831343145315,0.8339176471085641,0.9612185106273357,0.6970046372819505,5,3.582842792794903,0.0057949775224130865,0.0012791875284200397
319,0.9456528303529812,771,5,0.005619467015007811,0.3392110478456612,0.4131264020005251,0.9577848936138904,0.9293920944350723,5,3.632991569010976,0.006081502732871532,0.11699678064682853
320,0.9454630899894829,871,5,0.0057024241688584075,0.3450408247024223,0.48793545922516957,0.7937020784484121,0.8142944033849614,6,2.8609553784826875,0.0011413902884238871,0.0024121000852017475
321,0.9450082345119885,777,5,0.005559259506510319,0.33376216626993077,0.4102235238708116,0.9221452474273809,0.8096878159342566,6,2.8660451610673974,0.0058495893546593606,0.010231266005280727
323,0.9453707469449505,875,5,0.006064105726381709,0.3227467604419004,0.43089658791814966,0.9142464285214555,0.813210365458105,7,2.8321826006523207,0.006155391727643599,0.010395326750705881
322,0.945310881501153,875,6,0.00574309127524571,0.33979902231343967,0.41880700962054745,0.7418146327265778,0.9271493017304858,7,2.83662770618244,0.0006593752347252748,0.0023780777427558175
318,0.9455074972641899,871,6,0.005806907002938919,0.341211846905937,0.8422505849031097,0.9609721651255456,0.9309492061973716,5,3.6659666778862716,0.005561361373004347,0.0013482024486632614
325,0.945239489222519,864,5,0.005586018861306551,0.3612632979825812,0.4318750025142755,0.7345707347840259,0.9196868600015015,5,3.59109495117755,0.006493188212281772,0.002259182389135667
326,0.9457602756905805,867,5,0.005518251527599999,0.32368077876693285,0.41261069938839484,0.7968806499190955,0.7013690847648074,5,3.6174748875202805,0.00590716961431219,0.0022375249884198814
324,0.9449901067509098,877,6,0.005734121315308058,0.3224827978492307,0.39877890339312616,0.9181905623860501,0.9271149769518655,7,3.641828919677966,0.01352253517417651,0.0003174336340936684
328,0.9441289953110568,766,5,0.005400873126674356,0.36130055642125397,0.39180000687639754,0.7364709716115327,0.9220470854207238,5,3.4289683469992536,0.006194417218340439,0.0023438146668356558
327,0.9451138242848671,881,5,0.005522081723052948,0.3225430914118476,0.45119283550494566,0.7472488895287771,0.9214001157548973,5,3.665372023281053,0.006436146705516991,0.0004747461816069474
329,0.9449943313437046,741,5,0.005480836752449559,0.3629650136627042,0.405619180908516,0.7355429817138915,0.9270822200367554,5,3.4383029301770973,0.0058583817998064435,0.1204139848235053
332,0.9441210700250675,748,5,0.01846229399145768,0.36337701310332887,0.4511944974484669,0.7248392031412083,0.4596428448167975,5,3.645258925976667,0.006710324642982931,0.27762706151603156
330,0.9452302009626686,759,5,0.005400920459677643,0.35970706200685165,0.4289129034109515,0.743762216204827,0.9263868502652545,5,3.47822831814619,0.00408621602529915,0.06529832784360248
331,0.9453982610666015,839,5,0.005362282091183747,0.35492066575234,0.45311750475174567,0.7338465845283396,0.9292699354890609,5,3.463065405177393,0.0070878427122784355,0.03145866009367231
333,0.9451991051210393,746,5,0.005450202026208773,0.36518173356234973,0.39264638526016715,0.7444732961316,0.9529865724511243,5,3.5061939845536347,0.004017342220429279,0.2828894624124257
338,0.9449694127166881,753,5,0.006510346174960948,0.3611399165626352,0.36478554930114226,0.8255988159660717,0.4385952085313394,5,3.750423389817938,0.004116213919070199,0.2622134618277549
336,0.9449874246354248,751,5,0.005472531699008895,0.35720084351524056,0.3913518514346933,0.7614037631976364,0.7620180025354225,5,3.6690632173512263,0.0041759773842715625,0.10911697008963622
334,0.9456509967043794,769,5,0.005505443679427247,0.4132072886694109,0.4440643923038237,0.9389599550008793,0.9589068172981688,5,3.7062171379315187,0.00987253901174462,0.045694712568459424
335,0.9450969807039845,842,5,0.0053637915815295785,0.3596451097766004,0.3895547870193668,0.8002889153533439,0.6809086336606027,5,3.4199906991701914,0.004116556359987719,0.959852427074543
337,0.9451256125476919,847,5,0.005266807591801688,0.3618259349381959,0.4491004348145863,0.8094500721232158,0.6852589125769738,5,3.7514775300736307,0.009196607412637852,0.2911025660648717
339,0.9453116172565682,841,5,0.006524536539492463,0.41920000911471783,0.3996545629008442,0.7971168715994639,0.6807629413568377,5,3.8131253975478,0.004283984332472917,0.00022408039644658645
340,0.9453124959885676,846,5,0.006579795609239794,0.32005863755678143,0.35742586547327515,0.8223231014814054,0.6873563321239408,5,3.5532715255793237,0.004055517646450925,0.02751891250332975
343,0.9397423025529378,850,5,0.034008730785172,0.41522286632029776,0.35935048545327924,0.7962902280234785,0.76301049202401,5,3.7709559448709196,0.009167456416537507,0.10107853836724594
341,0.9449108037970323,838,5,0.006589726335120529,0.30737306827867755,0.3930667614577875,0.8002688376287985,0.760635317358173,5,3.7287418252675493,0.00925402962417478,0.044952442893721946
342,0.9452324165779116,831,5,0.006633448196066237,0.3038278721960067,0.43152837669035526,0.8315103143442576,0.6901653241538488,5,3.753485262837352,0.008995790584469072,0.0005074569911657757
346,0.9400572664008389,833,5,0.03324062603623267,0.4057604220862447,0.4184000689035745,0.9230043045401805,0.6721832758618982,5,3.7817964727401785,0.009341150979348924,1.9288156229503244
344,0.9452739778880556,845,5,0.006124850175607932,0.30761505150426705,0.402643450365668,0.7881072031326933,0.7543510331045826,5,3.754997642246953,0.008408484071436257,0.00019147777373632952
345,0.9455868597046756,834,5,0.006102148758284068,0.3048017162101801,0.4170950509830958,0.805781433270308,0.673787669029149,5,3.731472173710844,0.009949209573450597,0.04240596835326662
348,0.9446319509292674,783,5,0.006089324795910226,0.32319535372783764,0.418452157497753,0.7784193995076532,0.7032327275402185,5,3.780284970000179,0.009786492041923063,0.038730011645298594
347,0.945297732873529,783,5,0.0061042982708375895,0.3959986805473422,0.41246306689372886,0.9338511009865155,0.9654669902421534,5,0.3292098803517276,0.009511887232857664,0.052611125254855645
350,0.9454584500340566,787,5,0.006016173750011915,0.39298657087453137,0.4222736221248506,0.932502584313723,0.9676455201599012,5,3.7438014182682986,0.010105851827148436,0.04123582664645336
349,0.9454730639107627,925,5,0.006024344078729998,0.43435767533015746,0.42212053651034404,0.9279323059768975,0.9646517920978753,5,1.8600172142672666,0.009132178956045667,2.077256871134973
351,0.9450922843928243,786,5,0.005990602490978976,0.43523885259053796,0.42512764886090193,0.9321446621039803,0.8437358504625098,5,1.8587903291223156,0.010500398684330572,0.04959961616780831
353,0.9451109397061901,783,5,0.005970329526454633,0.4363405479643917,0.41937128200804397,0.9331446767808917,0.9621322384805833,5,3.5905830222224786,0.012429783199958244,1.9705432942532382
352,0.9452237106606451,788,5,0.005830550460480145,0.39528232355108117,0.4293966608278717,0.7780962310991434,0.9691619399915885,5,3.237721524532531,0.010839420271327489,0.0005336058937857568
354,0.9455969202468056,780,5,0.006004792776521664,0.32756818126865267,0.41826838452433573,0.9346930971219256,0.9652252462775408,5,2.9733707738535946,0.012214243716367342,0.07055408789624368
355,0.9456166771060447,785,5,0.005961918110261875,0.33188639108381973,0.4224783320808839,0.9316490341035895,0.9622363533362848,5,1.8559120023917735,0.011412593515380562,0.0688794860102923
356,0.9448487289997403,788,5,0.005936281576585875,0.3294702547616086,0.44643292805181783,0.9352771256968003,0.9639872730316681,5,1.8060293511832832,0.012658607537364815,0.07539437188218355
357,0.9452475533105936,921,5,0.005967083127885983,0.33621852292784327,0.46413805209340786,0.9086874526678423,0.9073536849160916,5,3.305173961960522,0.025955396882520684,0.06286691601296397
359,0.9453882120043431,923,5,0.006846461431071479,0.3338243966539811,0.4430231445887593,0.8486375060721267,0.5991257255988595,4,3.2909219318156167,0.01312492276589045,0.0014326455767135365
362,0.9451426126722797,730,5,0.006926058697208957,0.33579829642907194,0.4669297604047898,0.9999328308460104,0.7918482665985317,4,3.2495280349123705,0.013508672077659628,4.064904034851498
358,0.9452419626130635,925,5,0.005921939497439385,0.3308272025639736,0.5025581572323273,0.9319908560777928,0.8462263418269025,5,3.582981942322004,0.013450399583643385,0.3945099667291964
360,0.9458076489466916,928,5,0.006936833555189593,0.32976837763101313,0.45939857401226153,0.9091970411418774,0.8479385908290669,4,3.22889038425717,0.013240510908329528,0.2157637634498014
361,0.9457043186212933,921,5,0.006942079432536273,0.3384150631594991,0.45961134401557413,0.8856605182044403,0.8999923609842764,4,3.541191338320141,0.01355078706080095,0.08366998293873111
363,0.9454506938152691,926,5,0.006824427540766757,0.3311532497803373,0.46373649568092057,0.8818523845035089,0.883757764327874,4,2.9705553675698386,0.002929656151687738,0.20805631698295546
365,0.9449944023101843,913,5,0.0066582820690279255,0.3391361530941041,0.4627126455975556,0.997832086624562,0.793160186441637,6,1.7096952756081396,0.02588696091652724,0.0014695084266834976
364,0.9454282851056617,923,5,0.0069203793371016495,0.3394014756188848,0.5015838131074546,0.8824061559506274,0.9066311573244686,4,1.625139110948784,0.02341439848580692,0.0003429403798071862
366,0.9458843480569368,925,5,0.007016584567835795,0.33948363792873076,0.47649996287448015,0.854527856607477,0.9016030663025574,4,3.560115568872365,0.02171670349403628,0.023533920936436876
367,0.9446780984481655,888,5,0.007061810587686594,0.24491052581624204,0.4677228271141013,0.8540610136619847,0.7903134342437662,4,3.5417106173705433,0.00010357947694099373,4.215456995647527
368,0.9449064477075251,726,5,0.005032351716286503,0.24001057573064513,0.4735997405320279,0.999288299283475,0.895584081125014,4,3.5779253880989046,0.007414559749888897,0.0216018105906031
369,0.9452566182347576,881,4,0.00507451136794325,0.257445619558486,0.4942954433849609,0.7173356496105726,0.8915693303644032,6,3.5619200574420757,0.0028696620934457405,0.0003879610854225806
370,0.9448061772897539,889,4,0.005072111900704475,0.25438882530048157,0.6180636262840433,0.9520554501866488,0.8923653199041103,6,3.516671183264269,0.0017592735124614131,0.0015179184548490133
372,0.9458659406044377,763,5,0.007092568215911532,0.3485831073041673,0.4917463777012625,0.8789103227345655,0.8307162677840926,4,3.132396653420567,0.025578398620522247,0.12181897968810218
371,0.9443299932542187,891,5,0.006911626129701997,0.7774615991205666,0.48216381820824716,0.8793077487060302,0.8517378417965589,4,3.009282924732997,0.020053953004075222,0.14183755460298145
373,0.9455010278346606,886,5,0.0069570175843450405,0.24980875994541296,0.4806350243260697,0.8752049663768768,0.831542965644732,4,3.1361346871755194,0.022747826691815517,0.0982358575112511
379,0.9300683127508625,942,5,0.10495119667458692,0.3822154297939094,0.4448549524111398,0.8631228881656552,0.8519116015791741,4,3.4436872839328903,0.019527161754802427,0.03579954677857602
374,0.9449922733157916,884,5,0.007070496283127926,0.2441182202902245,0.47840286181858854,0.8744137844841584,0.8744690951599203,5,3.5458184518148945,0.020407590293384802,0.12575617565892214
375,0.9449587155634896,890,5,0.007233710947549302,0.2355067629572389,0.4430782812667471,0.8670776948705353,0.8275192710993309,4,3.500158419259082,0.02023699321106361,0.13216813303553476
376,0.944409447533678,762,5,0.007134544858175,0.8021930471282933,0.48103781788182154,0.857762990182,0.8525085035781067,4,3.506894137318214,0.01937338539176404,0.020631790632342516
378,0.9444979803044223,763,5,0.0072446755631329195,0.7512702286003372,0.4451053744865475,0.8739738156893675,0.8556581306269367,4,3.4792658942557666,0.021936577675089584,0.11010683677028406
385,0.9420627498972396,122,5,0.008691978600292012,0.3801513154159582,0.4575142636882358,0.8338036597677871,0.8605852651719746,4,3.3866559875367543,0.016377965067986847,0.10138341091852225
377,0.945347886345847,946,5,0.006951508482233527,0.30070166059472275,0.4858965259097838,0.8669965687824448,0.8728309609156126,4,3.4579938979749545,0.015718494912621523,0.09018775076774975
384,0.9438976331071819,332,5,0.007394190669500883,0.3513145203108053,0.45324808556983487,0.8720641818522343,0.8242547555957689,4,3.3879598991638877,0.0315660146950701,0.09710244071545701
381,0.9457916209585138,937,5,0.007240431357888033,0.34907953751843546,0.48412028172828975,0.8471468040146604,0.8402904662725552,4,3.375650793057195,0.032438214694877024,0.10595932009061784
380,0.9454930117533223,933,5,0.007180371266910147,0.3027451571804384,0.44908544116402155,0.8711089016957043,0.8784295782659015,4,3.40164438777307,0.028976567153586263,0.031836923523883114
383,0.9456049916402531,768,5,0.0074217619388790125,0.37374920118818133,0.4543460480400581,0.8507657297741897,0.8512780184038811,4,3.3557456545290285,0.038720557637620494,0.032337223340452
382,0.9455505874845226,942,5,0.007317481090873731,0.3847020255572474,0.4883724279103312,0.8420544639948249,0.8394966810308718,4,3.3369800237929574,0.9290640819094982,0.0860160656959881
386,0.9455133572168932,763,5,0.008556301775870558,0.34921994906155507,0.45453459458929507,0.8448019695235779,0.8361666518486935,4,3.6503661577638495,0.05107062468757533,0.024496980685425964
391,0.9353395734576433,738,5,0.08130407675261157,0.34906811659948733,0.5137704903371827,0.845258015809773,0.8344875217354798,4,3.6784674832906505,0.04348359345776925,0.02348110503679614
390,0.9345280790670113,936,5,0.08497243493437623,0.3478851939352166,0.4553834171682423,0.8960655368555939,0.9448010751830481,4,3.6160632220370537,0.01566021771482203,0.03043582021019231
387,0.9450068287495144,936,5,0.007727604815492204,0.38140746363656636,0.4510224859171308,0.844801157576583,0.8315610768833527,4,3.3436791220956024,0.03337553187834679,0.028892501274805884
388,0.945616896267232,939,5,0.008182026989801824,0.34929015109423567,0.44671115496451624,0.8902430740317652,0.8744928808332072,4,3.6538584356037616,0.029704108551781395,0.08405567103950211
389,0.945066932139744,939,5,0.007792784442646908,0.3501006439625578,0.5076625337268359,0.8996059660221368,0.8279133960926304,4,3.6162781865834015,0.041902125596250596,0.0751768842223095
392,0.945332286243797,911,5,0.008171678769195908,0.3489774076563052,0.37552702254413595,0.8467740044336717,0.8351627259221223,4,3.244400267704572,0.0428727259956199,0.07734738697688123
393,0.9455455217302179,913,5,0.00851156939525018,0.35286755938280673,0.5137314671934574,0.8438462788105984,0.8325564588051767,4,3.230073430070237,0.04877619085693323,0.0017063288561315448
395,0.9454390438327176,908,5,0.006444242337913047,0.31666461363944837,0.4998507688391899,0.8269651280863614,0.7112101411994463,4,3.2389994427043276,0.030890079608068548,0.001954361194126632
396,0.946080514017727,910,5,0.008100190397485385,0.3177657888988901,0.5020656921825789,0.8924270357163007,0.8222732968984564,4,3.220479236063337,0.03991452941991134,0.16190877319792074
394,0.9452231690194246,909,5,0.008202385013348893,0.3468160485877158,0.5140411633734135,0.8956152623097016,0.8230957855767114,4,3.23596206899793,0.04327198313161104,0.0017019344082935635
397,0.9454816211115091,951,5,0.008029720955909207,0.3139208543606679,0.3765002235593979,0.8922675386641702,0.8227506015126094,4,3.8552576408849277,0.026254618732534464,0.20287379458911206
398,0.9452854984611442,910,5,0.008106970556319993,0.31573392112916443,0.5109900005336069,0.8227048618918645,0.8695511383024062,4,3.1815952514529693,0.03982744756209897,0.1824725876148476
400,0.9458977022786274,911,5,0.006461802785908675,0.3165509708169221,0.3752233254878587,0.8920343048830817,0.8158626440378346,4,3.288716200516606,0.02839077442281126,0.17836839082819103
399,0.9451968550661812,913,5,0.008221611659102606,0.31155630656024697,0.8265079863066308,0.8186491246936723,0.7124165971298503,4,3.830836386199469,0.02532552743829159,0.2036645519270753
401,0.945366860486559,909,5,0.006541723127099475,0.31681795338643065,0.49654325794552234,0.8866329921817089,0.8190013388935058,4,3.2243475367936183,0.015542196724303082,0.17477408185891538
403,0.9451729873692398,958,5,0.00651552907415979,0.316712700084915,0.22804958488262456,0.9119659049460231,0.716777682168103,4,3.17733350805974,0.02938131829233213,0.2065709887594016
402,0.9455334720394053,958,6,0.006322146770878768,0.3195294270533453,0.498808295409409,0.8221111928691144,0.7447060156488622,4,3.166706637452985,0.029533297077760413,0.23409218494831707
405,0.9452343723306038,910,5,0.009465693155612956,0.3122149995082544,0.4989754797930638,0.8856634517287664,0.8068218008022904,4,3.127388862467075,0.02768892365467332,0.19786516675371266
406,0.9450956913056648,907,5,0.00937917158180837,0.31205519080883143,0.4902055610702733,0.8877805385123189,0.797721095021523,4,3.1326294289814425,0.024969003427454017,0.001027156881910514
407,0.9447434356162769,1000,5,0.009528591050216719,0.3194195112682717,0.4943878072768763,0.8185289723968711,0.7404163273538056,4,3.120611850042208,0.03555392224323746,0.1848859819966943
408,0.9451948596557503,958,5,0.009421820314984904,0.29947543064761556,0.49298366310054403,0.8861474309024406,0.7484180897875061,4,3.1211533289226483,0.028396382902984896,0.1420672421852738
404,0.9457023748702852,952,5,0.006514548643439905,0.31593405440277345,0.8562902163768004,0.8894174622937995,0.8108076586331351,4,3.179696637837109,0.027813559952001608,0.0010038534215692423
409,0.9451471941847227,864,5,0.009135471342397958,0.31070201240649525,0.7053519982624274,0.8870500351182107,0.8193566318695265,4,3.1386312397109095,0.06069283933415952,0.2045982849502004
411,0.9449324725767259,867,5,0.009213419215004303,0.30002821674987934,0.8561520078726019,0.9101329059546984,0.7998302781917107,8,3.1307352938850412,0.033761162153142836,0.1396353205643515
410,0.945756530121524,860,5,0.009025673550781195,0.3149459177236601,0.8602470370844427,0.8875242715125704,0.8160432114508959,4,3.145090014633884,0.03244250674873823,0.1787516584189195
413,0.9450443668864311,859,5,0.009266849498435347,0.625562252770437,0.34930586784212836,0.9054900186258906,0.8079338655484887,4,3.354485501582429,0.0233739484097457,0.1563196419589464
414,0.9455879242018718,1000,5,0.00768706177578895,0.2985059060376354,0.2799976201912274,0.9084515489409878,0.8102986652523078,8,0.43294521354134474,0.06215838375075182,0.15712372094170762
412,0.9451631157231809,866,5,0.009218507862812607,0.29227988901486057,0.9056878441270252,0.8591403327555802,0.7947397079902588,4,3.095497203765601,0.05286059765442932,0.13364969950957523
416,0.9445523093191742,927,6,0.006612284059223559,0.2925078451434044,0.28044625979586674,0.9099474579718931,0.8442177626584989,4,3.354424552360747,0.05052195806902956,0.0009737991332521811
415,0.9458235861395201,870,5,0.0076070085395120385,0.29299037114232196,0.8517103165290142,0.8620800521471574,0.7955668032174005,4,3.3011338922717814,0.0353005372806706,0.15943552107745518
417,0.9453536116709635,891,5,0.007514001817936679,0.2962448590793255,0.8622262015470719,0.909863670702645,0.8042495788810388,4,3.2873221580746153,0.01734326496357662,0.11516742260592688
420,0.9450645599807956,932,5,0.006621427507855036,0.29127753166166886,0.3215925986615125,0.8569588573359492,0.8118092714032487,4,3.3513098056251738,0.05561749138771054,0.0010281856043664738
421,0.9456972793726763,975,5,0.007642722207980285,0.2854142788441102,0.3397125017508427,0.8610966593631423,0.808776912808885,4,3.470198437000127,0.05683129439800531,0.14983906718055467
422,0.9266438430118775,972,5,0.16044288276765448,0.290157088589998,0.8257509786469176,0.8618937971626732,0.8071149686081206,4,3.3256352720878386,0.060024628264269575,0.3360079039862585
418,0.9455274847644881,973,5,0.006651094500437852,0.29892639389830056,0.857491500834055,0.8595820795423708,0.7990050279769569,4,3.3061905895155546,0.048900337283420914,0.001014701634704668
419,0.9454724017308891,929,5,0.006603182837411646,0.29040221414650624,0.8551625038296033,0.8618867627396865,0.817285520145872,4,3.309001767888594,0.06799993658957953,0.12747459385562832
423,0.9260248723318248,971,5,0.15962932093287407,0.28346493660377137,0.8532657134689332,0.8585162805772815,0.8079998806009264,4,3.320613025147377,0.050018537196284546,0.12144902757559516
425,0.9447679169645433,969,5,0.008638692026157269,0.3700520167904776,0.33528614392199074,0.8665796318708988,0.8125588500633605,4,3.296196508749969,0.037607646087808075,0.302101801659421
424,0.9453750268498545,930,5,0.006704376922641582,0.3671517387909538,0.8475028923364154,0.8596523761683381,0.810772647316774,4,3.3876814175003713,0.05640212337545667,0.0011374146262558935
427,0.9449170102331369,966,5,0.010403187110817985,0.28140907277109384,0.8600847721890914,0.8658789645302907,0.7699037434979816,4,3.3018519572486826,0.036890315465152396,0.2592008876590702
426,0.9447439188145141,963,5,0.010536952376717073,0.2849485391167085,0.8490619652631686,0.8567937611162776,0.8118927755062738,4,3.2435126783533863,0.03546488028356241,0.32013139082662095
433,0.9447797485377931,873,5,0.010347587565217168,0.36906982990397386,0.47305845642112976,0.8775953739406475,0.7716897151945483,4,3.233616756450265,0.0356456577220227,0.00015224680465574593
428,0.9449640735327112,968,5,0.00863916002153837,0.281753309230564,0.8551834104655699,0.8649924132309394,0.812936800213335,4,3.2803764994557683,0.03594677622005015,0.3649940250615423
429,0.94494204574612,966,5,0.010246763596413263,0.2798494272120293,0.8493618470636224,0.8657722884978383,0.7677360698639603,4,3.2493567957758507,0.034365262898377553,0.1165325386297074
431,0.9455479220670331,881,5,0.008395668718374523,0.3635153556102381,0.8588976628470486,0.87159869857678,0.7729987932043301,4,3.2955774683650847,0.08944078821622771,0.2608755462254265
430,0.9451393920464485,953,5,0.010518823117798918,0.36279897695767427,0.8560506560382477,0.8712432152877206,0.7686163324014547,4,3.276740928086279,0.03544536694245066,0.3142497051896084
432,0.9452494266169342,956,5,0.008610605818493775,0.3715772306797599,0.8480463465496454,0.8789805309528186,0.7752851982965697,3,3.432380135822185,0.03141931089503637,0.4550184481730304
434,0.9454965037215761,878,5,0.008504511508849446,0.3253820177098701,0.4702957538217236,0.8834266760589264,0.7690869557821666,3,3.415861247742828,0.038544963281652175,0.39688538315910016
435,0.9453354296414004,874,5,0.007669407394361448,0.3307722365815544,0.3793773354826758,0.8830764292986834,0.7717134579766256,3,3.4726654023645693,0.036782056158605525,0.26237351962186606
436,0.9452808355459743,879,5,0.008511962410345648,0.3281328273976842,0.473443422498409,0.8845356068787965,0.7701903622884713,3,0.8436384773919968,0.31020700955087477,0.00014052634544705424
437,0.9453784864657425,872,5,0.008575400695438,0.32809051614882623,0.3879696258741518,0.87852254085703,0.7706461844726371,4,3.0550606795507598,3.2334303543521012,0.5897117803979922
439,0.9448259769376056,892,5,0.007660017202494039,0.3316068991082868,0.39774141854782474,0.8870493436254999,0.786303078144288,3,3.8615539737937787,0.0230012737984463,0.5129541966164627
441,0.9457368129200237,893,5,0.007684398430780219,0.32681088864947,0.38891953476639335,0.8878036176477815,0.8428315262788726,3,3.446434244697805,0.02099900043276592,0.14849709749867473
442,0.9456313807344751,893,5,0.007737330826175867,0.32806866955835023,0.3777236805125455,0.8930912742715393,0.7917436340199896,3,0.7969839706481543,0.31091165663108383,0.17368053705447195
438,0.9451227879774351,887,5,0.00838923326722708,0.32824848753015645,0.8888667606681302,0.8892798271610252,0.7869281395280135,3,3.4876073536758008,3.8075318458417122,0.4570678452879807
440,0.9455995647918012,884,5,0.007902236956718035,0.3279706133906875,0.8118927135092044,0.8897195119651349,0.8408026018176921,3,3.453746692991387,0.024694073433229984,0.1737203061484377
444,0.9457838751759734,860,5,0.007506182991171494,0.33020193044733953,0.38037289145526365,0.8968685175243286,0.8436156996614472,4,0.8537742420664516,0.021963241373723873,0.1708317677078877
443,0.9458223661422431,893,5,0.00751757671700238,0.3271951109599416,0.7260672929190828,0.8953017739276748,0.7862063270776818,3,3.4615386564718795,0.021749139390861205,0.22456953245265476
446,0.9453414826646735,929,5,0.0072638216367917835,0.3407135002347163,0.4007083175279387,0.834672264503146,0.842355370608167,4,3.0228804076706965,0.0233038657279191,0.10424209068994071
449,0.9454934292032032,858,5,0.0075787121516798705,0.34924021466177885,0.36944932305222905,0.8353487285940373,0.8491975587522567,3,3.5526676093284175,0.01940599063548539,0.15597605214760574
452,0.9448355741103679,861,5,0.006982413453606466,0.34924044457674414,0.3617583514367729,0.8276218631303417,0.3097255422458726,1,3.578027879229511,0.018456201649275653,0.09659175010559086
450,0.9451572881228433,921,5,0.007118072214864109,0.35140280716394484,0.35643857472027995,0.903780083375668,0.8564542381760507,3,3.448531272293578,0.019250953745609985,0.09891749888488972
445,0.9453084383757251,889,5,0.007242640833420761,0.32997505599250576,0.7864549852449186,0.8988577749657587,0.7861287660871565,1,3.0452415540001083,0.02112389933710456,0.5791581283845637
453,0.9455374200716541,852,5,0.007324670448002177,0.3461790609943136,0.3633599841619452,0.8363367555134597,0.8502569231263082,4,3.9648589863367487,0.017852188023213603,0.20474408935637667
447,0.9449464080973755,893,5,0.007230266060886706,0.3401587950096341,0.8096454895559146,0.9053475021224799,0.832191142970071,4,3.8211701358428227,0.0243462162049566,0.09970850433826459
448,0.9449064111806603,926,5,0.007177783412548975,0.3430520447236249,0.8886336296948701,0.8376024121964758,0.8318259576223105,1,3.5228980838244346,0.02060001734519535,0.1559846430239524
451,0.9449264717346877,850,5,0.007176942883956201,0.34241990761187213,0.7840840526611598,0.8374822232587358,0.8392377656695248,1,3.5598926547659366,0.018802496516848077,0.15817111031063624
456,0.9449394210299937,858,5,0.007286146278308278,0.3098143199409113,0.3620811129182347,0.20715777014419168,0.8330869087997749,2,3.841499806354604,0.01911680768253926,0.22680588413376535
454,0.9451964365726756,850,5,0.0073868299556673934,0.3472191155773808,0.7338786993381725,0.9087307012561661,0.8470961939877738,3,1.0966913919282797,0.0215373248392723,0.18852540979857096
455,0.9449571177740703,851,5,0.007406633590231192,0.3498888866779077,0.36810148378593627,0.9072580858310223,0.8308218560858547,1,0.7223029581864798,0.019359955572396625,0.23557196390129548
458,0.9452144996290228,824,5,0.007847920885726571,0.3066014681010322,0.7195412892783599,0.9142565731956618,0.8287052408661847,2,0.6186807790946443,0.019411609337593727,0.18509084601660583
457,0.9441269320650203,853,5,0.0077204468580127535,0.9158426313940142,0.6670851165791581,0.8970512627503087,0.8299131129996559,4,0.7826869793827579,1.7116468607882236,0.20168443392519628
460,0.945688527535923,852,5,0.007892125820726716,0.311614697168444,0.6838810463963484,0.9184444646162984,0.8277632749808647,2,3.8331780134432076,0.029195859008188392,0.23595577721309577
459,0.9454226422268963,824,5,0.007841198838090207,0.30757637094915163,0.7251157032578924,0.9173455047218088,0.8361057654544737,2,1.1810945292107295,0.025919806717842945,0.00025832635339752394
462,0.9458655461143003,849,5,0.00811332545647589,0.30738852783364823,0.3794586309539977,0.9205816150797834,0.8301920033695055,2,1.1392945881411272,0.02845859744657129,0.24524944011116903
463,0.9454400384070588,816,5,0.008021378807173008,0.3047624484260065,0.387767441201505,0.9163194274688063,0.7930102730750516,4,0.7139271579605041,0.029277155181274828,0.2394128008338795
461,0.945581339973625,824,5,0.00788640132114848,0.30578014757881683,0.7206941492041236,0.9146621440547666,0.8317201251273605,2,0.9046863363598336,0.02467294526033563,0.22208140788044675
470,0.9407325808131309,100,5,0.00892630611621636,0.38728364901015877,0.39087025807806125,0.9193881656569208,0.7902940714906613,4,0.08873281714120207,0.6027110530616491,1.154701977854473
465,0.9450405179985291,826,5,0.008046530654646408,0.2074415841344615,0.7140526985144591,0.9174007068845004,0.7886832399591448,2,1.1552134833279921,0.02798964327962813,0.22150373576162602
464,0.9453211726843425,820,5,0.007913117915554841,0.3068640567371449,0.7530969978589738,0.9182996673905417,0.792587016617885,2,1.0908320901947235,1.8550768075083899,0.22413002604902724
466,0.9433711901932341,825,5,0.007935165650989184,0.8854526321795471,0.7175224004914549,0.9206304779838602,0.7928521970829128,2,3.6642269684773328,0.029339053476580997,0.24041108001331665
469,0.945316971051291,824,5,0.008689818235944235,0.38720842420583057,0.37808768127951475,0.5873012131984929,0.7954733706958512,4,0.9255978092000565,0.02757427517451707,0.1479843421520405
468,0.9450989296731163,832,5,0.008901860860927712,0.38296830606148646,0.3898682856699242,0.916795670672358,0.7961389328289779,4,0.9004857794299355,0.02551583422533228,0.23555266656061732
467,0.9454117895736174,904,5,0.00864279571264458,0.38293703499495274,0.4014803288686988,0.9108764516455278,0.792792180906175,4,3.6734287445305567,0.02765601334017804,0.26590063443907824
472,0.9453335385934398,824,5,0.009051292037211932,0.2662025183785524,0.4059376195836486,0.928219890857669,0.7965934038361461,2,0.9471140799492928,0.04476722206500218,0.00010537854247874418
471,0.9449309217504183,999,5,0.009115857337707508,0.26946712345933915,0.4085066249130495,0.9158238816280055,0.7930071556534368,4,0.8921771676142263,0.029888427587000346,0.015678797910641352
473,0.9444370795849204,867,5,0.009744146633112972,0.2074121017489432,0.405867392466888,0.9224527449655727,0.7837559333619998,2,0.9002218221337694,0.04271879435761085,0.3071475649300075
474,0.94524602335678,830,5,0.009001117267537018,0.2757053131528048,0.4016846804224707,0.9277088310105213,0.7529704042272376,4,1.121337366928812,0.040593023783070406,0.29057800848011966
475,0.9454708336847739,868,5,0.008857790682665654,0.3652594865847731,0.4044443288422824,0.9299722052342636,0.7481006127859533,2,1.412909056027647,0.0744018996396759,0.3317911900218916
481,0.9438973252378947,407,5,0.006316213762472573,0.27201197809287114,0.3493708752939624,0.944454668486247,0.752767778382156,5,4.126173017174538,0.0433129319737175,0.002540624055536372
477,0.9449039711861064,994,5,0.009815549375047306,0.2677832213812787,0.4058385261191673,0.5902107304638641,0.7517934243590598,5,1.4430580157549602,0.01531470247477038,0.3637195317717623
476,0.9443072224068395,903,5,0.008932833494335466,0.2668199129216121,0.8268001942807723,0.9310996767016065,0.7545562518690194,2,0.9151967004797268,0.04778118098145546,0.016141684593444176
478,0.945003988003075,1000,5,0.009536297831999916,0.2679503278797451,0.40491620298700254,0.940289227199812,0.7510691008124903,4,0.9742543936887542,0.04351519956519767,3.313292863465473
480,0.9455388487938714,996,5,0.006364713413969648,0.36384437249714796,0.8339884888033451,0.3419822888479291,0.8179476434800256,5,1.4573362378492338,0.015329922179907134,0.3821214057217591
482,0.9451348585407416,878,5,0.006347909554376876,0.3678522760957697,0.4348086067695191,0.9459392951359954,0.7568413885604919,5,3.7243010363857487,0.01530140572898921,0.13044986347364598
479,0.9449397967348865,866,5,0.006515973778713774,0.2654904292855643,0.829894174463795,0.94031664005882,0.7600974526249438,2,1.2131508138430447,0.014795254016561966,0.012478769953482197
485,0.9452833287653879,698,5,0.006375311766337858,0.3202943364384383,0.8304308172070001,0.8999371851769878,0.858883102969006,5,1.4045017763361933,0.015527090925922273,4.808324902738651
483,0.9454865631962868,873,5,0.006586016725712634,0.36202479457633735,0.8294379871635016,0.8993945811702816,0.7404583288389406,5,1.2232874091079917,0.015127755953073524,0.12614493653497053
484,0.9452446468157977,863,5,0.006332000375930353,0.3651632867580636,0.8319680614573938,0.9416170560098869,0.7452014974786118,5,1.344539385593984,0.016999650157851858,0.127910571207568
490,0.9441896810438701,944,3,0.006816127303261407,0.3143312022456083,0.31490040266558456,0.8948171131639271,0.8607252212544056,5,4.005436769739885,0.012416636161463686,5.017323536521751
491,0.9395175798894189,944,3,0.04270384114741355,0.32312992926990425,0.43425857746812824,0.8984484274454697,0.8624713004530723,5,0.39444699749713985,0.007772823448846662,0.0002999641903558743
486,0.9460031856017862,983,5,0.006484954369420196,0.32490721974323283,0.8330104933304004,0.8979796181074102,0.8558890333222514,5,1.4720885605643874,0.013812114827274942,0.12118409880473545
492,0.944642074610692,938,5,0.006770763181537608,0.3184122560198582,0.3192631231655026,0.23148663630993543,0.8597326753820255,5,3.9356770039952873,0.007408659187161666,0.12704020041754058
488,0.9436586921007191,938,5,0.006553174685369642,0.9895760718223975,0.43312589435397536,0.8947355010058349,0.8181306761423777,5,3.933048641912009,0.01527849047678473,3.3925718449401554
489,0.9458756191799267,942,5,0.006767675808203898,0.31947419914896547,0.42819089733404525,0.8984458161145141,0.8214771763387583,5,0.5245445949083674,0.016512201886886978,0.15705802158039417
487,0.9453212238219528,904,5,0.006410758228959833,0.31906459262248793,0.8313331015395513,0.8998523504576005,0.8192081039924215,5,1.0118540273028256,0.014797365934915445,0.11938471767982915
495,0.940091359532613,945,3,0.0431947472535286,0.3204854253269032,0.30575605483498997,0.8747651104789873,0.8684157406860612,4,4.034507653964739,0.031837203799441036,0.18343663948118305
493,0.9456317219997528,944,5,0.0069672454790461885,0.2986105326770605,0.3223070014371118,0.8762804156718322,0.8224789854162475,4,3.9375005856017786,0.005178626963738069,0.12928949553290076
494,0.9451996571985068,933,5,0.006923832836738813,0.3203444331748123,0.3168714818716784,0.9847713800830862,0.8211354818167563,4,3.97550587208044,0.007662578129163908,0.008214891302115668
496,0.9456393926413146,946,5,0.006878617679033715,0.318625552975498,0.4816673209918153,0.8781157140676721,0.819384993365304,4,3.9156314443988642,0.008172770571054795,0.0023767971890661303
497,0.9452033349319576,904,6,0.007086598207691799,0.544858770395272,0.4713203969984491,0.8486814577949713,0.8184878916514685,4,3.854850773066967,0.03282290971023449,0.0021749827511081087
502,0.9448742644089558,977,5,0.007126517441659658,0.3014520056868182,0.48122078397423307,0.8744717088516347,0.8440334016008827,5,0.2746956591425773,0.011094931319707225,0.1669143784652062
501,0.9458869842529346,986,5,0.00706515742363687,0.28568675905921675,0.8066755420537537,0.8790130994068517,0.6332559373239892,5,1.5738474566251066,0.005257793267692755,0.0004265405976105402
498,0.9456536245513796,944,5,0.0070075674026574015,0.29902510006817234,0.800561320341891,0.8763461438697386,0.818295484805192,4,1.5302941513987975,0.005097562723228871,0.05717625564550645
500,0.9448856806195742,981,5,0.007357840808899922,0.2935122546637647,0.7640988053911988,0.8750794501512423,0.8185405634299062,4,1.509766675315407,0.022723919100422388,0.0032023963745333246
499,0.9452955349999058,957,6,0.006925652690453333,0.2969349854207743,0.8204985425870848,0.8746382370587614,0.8190510557661899,4,1.6032745849509986,0.033015684532402695,0.008331882463422162
504,0.945350411395814,981,5,0.006932606809800734,0.2945867628388144,0.8020515517446187,0.8457753085513849,0.850208012255432,5,1.5291801630489619,0.011385810202681536,0.00018719132130613468
503,0.9454960601810777,986,6,0.007297582832707669,0.29283151295335924,0.7691887347267644,0.8773792761401292,0.8453937548599616,5,1.5422482735969842,0.005083273084103543,0.003880262763369701
505,0.945573551402472,976,5,0.0059761806797910206,0.33600007986034747,0.623642790752476,0.8795524106439634,0.8467030081942639,5,0.6142574404461236,0.010570860660738646,0.17894803194416922
509,0.9455146617477712,988,4,0.008186304832673312,0.28145198433034785,0.7995193165979065,0.8507802305650864,0.6220453898067382,5,1.458754569156896,0.00473761299854167,0.0001696748812338685
511,0.9450927707219355,984,4,0.008094906022158198,0.2854992660975175,0.8020955271706778,0.8496303590258544,0.632098282856892,5,1.6050334054770634,0.004546911344857012,0.08149634880686198
508,0.9457469412977595,985,4,0.006128852868186351,0.2955061395861515,0.7990959355502644,0.8541632146817754,0.8535613871205323,5,1.9737977297883844,0.021807786525235393,0.00018635556700083214
510,0.9454099350525214,983,4,0.007581391374667409,0.2892810496093889,0.8071927074828457,0.8639612405373975,0.8486453063385931,5,0.14128148994272666,0.0049555486159157495,0.0003491204146269971
506,0.9456319985602988,982,6,0.005939627025510984,0.2876336881049992,0.7567692300798701,0.8571241117478653,0.8510194226205835,5,0.5691732336063857,0.01164108248293089,0.05388594217056114
507,0.9456716834332279,982,5,0.005890775966890708,0.2971269214516127,0.798489907403009,0.8502579005851821,0.8512849739417903,5,0.29471871026472574,0.010952206523318499,0.06418566540101968
512,0.9453120002668338,983,4,0.008298040390181336,0.28941337863864425,0.7861054455824339,0.4522411626611469,0.8568900452952363,5,1.2725243412897531,0.005906911160579585,0.00029088240800230345
513,0.9452883788653225,980,4,0.008347263686157557,0.289772772428556,0.7951676556433945,0.8529686421868169,0.6314226731404404,5,0.5914320273459222,0.006628599712220047,0.000292061595760073
515,0.9454789916990718,976,4,0.008193920109264518,0.28178565540165534,0.8010883890721193,0.8997024872669112,0.589415250575893,5,1.2805919297757744,0.005255331716753106,0.00038927692743930713
514,0.9451227608431928,982,4,0.008320546638768788,0.2814949914069552,0.8011890749967643,0.9011342407872197,0.6635051608501165,5,0.48264172791885007,0.0053730561338063655,0.00022615377532082332
517,0.9454127851915832,710,4,0.007910942945773868,0.3303213315317506,0.813069366871868,0.9079472407102608,0.5793899279416144,5,0.46926420096251953,0.007261372635824678,0.00040219261533981513
518,0.9456028177699981,917,5,0.00773102774014216,0.2816193952670835,0.43336091445329733,0.4585002257309547,0.5709831849980791,5,0.5069734934636805,0.00729576551179102,0.0002371373129665171
516,0.9454667186725729,965,4,0.008116987994883312,0.2890322307881931,0.8099459838507592,0.9015691677613974,0.6632793839612313,5,1.3213705487177119,0.006915554236697748,0.0003203896175100721
520,0.9455500646285468,710,5,0.008147195539692809,0.32561563447808034,0.8138890723309773,0.8950666368609724,0.638968702807951,5,1.3552323196553386,0.0068857808020527725,0.00045429389284123273
521,0.9453225711414435,959,5,0.008188237382089361,0.22274021724026768,0.8174256962148236,0.4645031440105789,0.8753451905021742,5,1.3329235084160707,0.006345334259343221,0.0002743547914829929
519,0.9454233623279411,956,5,0.008196238938815183,0.3313838301858638,0.8683416269026468,0.9029809955479241,0.6370697589607162,5,0.438481951954496,0.007526172416739509,0.10944968458566207
522,0.945374615661722,924,5,0.00785874486847517,0.33260345304456185,0.8677613975579113,0.9030390370368027,0.6553397647670254,7,0.4884878713175376,0.003311238476530034,0.00025954618029661296
524,0.9445183570767345,713,5,0.0074079475075477024,0.3344180308980822,0.44054777869063194,0.9047542071717916,0.5177235074802806,5,1.653092140113709,0.023363027793996217,8.052668699192823
529,0.9429757628807864,272,5,0.006634550477812772,0.3376929587358434,0.8759858638555016,0.9709142128415025,0.8707971335081981,7,1.4018362086973313,0.024655273548712827,0.15815137280632208
532,0.9420126068611687,169,5,0.006646888191459859,0.25772869259370806,0.43234618409042,0.9257816307688196,0.8777462607759566,5,1.6381315208051896,0.02538514575305641,0.0054653526266792585
525,0.9456050782611033,713,5,0.00758229909140212,0.3331140102965963,0.6531066440954706,0.9077775221350401,0.5571689739559377,5,1.3790051241919876,0.007421923039439065,0.14728524887406894
526,0.9458700368313941,919,5,0.007510270793099888,0.3353408714790791,0.6437377703611552,0.8993254637818547,0.617129046707648,5,1.7411008962398187,0.003760113511698435,2.7184959036321947
523,0.9453298483364925,957,5,0.0076044447974714996,0.3359428177872031,0.840907167321734,0.8991389095772956,0.8713823634321315,7,1.6421971279064944,0.023464559962296565,0.00040124296268069265
527,0.9454978019907058,958,5,0.006652304528250416,0.25302610929551267,0.8419272179083331,0.4952386550354312,0.8806015386280072,7,1.6839932327856777,0.022449900225981353,0.0005218225961414923
528,0.9451928120640846,958,5,0.006516543515962843,0.2303511260723719,0.872390563692307,0.8966622802389115,0.3842859684766695,7,1.6304208441697419,0.0032425357651241615,0.0990331060846454
531,0.9455648079147162,917,5,0.006423421310836472,0.3368543097122978,0.8429789885882949,0.9569413925156496,0.6069463776346637,4,3.722769269793238,0.02338470080429151,0.16476727323959864
530,0.945543337423716,923,5,0.00656309237192617,0.3367541229175181,0.8407597552581944,0.9218966911399662,0.8780619956565261,3,1.5940974885777712,0.024128760620238235,0.15392787272425093
535,0.9452173998620704,923,5,0.006168905477821287,0.30654595219024106,0.4625799277950435,0.9569560421931241,0.6070412165923454,3,0.19049232659295956,5.327018272303198,0.002919662289565932
534,0.9457948353225968,915,5,0.0062085016738969555,0.30903542024777375,0.6422895242834332,0.92770635311397,0.782166796610002,4,3.680666437577747,0.022643948341177056,2.7023384869347447
533,0.9454558096635598,916,5,0.006509125180288496,0.2560401069127861,0.8413375666964171,0.9710336740183946,0.7763495436689788,6,1.4435757980040715,0.024080254905305427,0.005289512826158103
536,0.9455455133812203,928,5,0.006258469169746911,0.3114155123532708,0.8421199917659749,0.9397712393749655,0.6113281518396337,6,0.7670340671955176,0.019016779660982395,0.09221686595529915
538,0.9453230444252458,922,5,0.007053231915546934,0.3554757868774584,0.6989208606822372,0.9301577842916111,0.6275637234966879,4,1.782475233835195,0.00023993204540032133,4.730695529465421
537,0.9461967832021841,919,5,0.0072720392382547355,0.35718926691562053,0.7414098839051951,0.9312402000287432,0.8358730656993859,4,1.6980679008321962,0.0035678943959608768,3.1771772751678817
539,0.945737779316498,921,5,0.007115167477141083,0.35348296402159884,0.6571130676790531,0.9315439828157233,0.7780705480052351,4,1.4692860150152127,0.018403117230507113,1.7991762620423533
540,0.9457236757722713,935,5,0.0071730296679103946,0.35948500405479966,0.6959000803446634,0.9291056386125046,0.807713059664469,4,1.55882774299385,0.017368309711627228,0.1817956933327099
541,0.9445579208891983,924,5,0.00727308652290169,0.358446265971722,0.3404697714345113,0.9329352729252309,0.6224245810765964,6,1.5140788653548678,0.017733769148963942,2.750375800114831
549,0.9443293879518914,476,5,0.007367173802937501,0.40057108451773493,0.6288701643542111,0.5464208952794163,0.7781211090662925,10,1.792271471395127,0.0023332809364631315,2.6314527094775357
545,0.9457813683894385,934,5,0.007332963160617078,0.3564700839517627,0.7338322959142342,0.2891818425904367,0.807587378819072,4,1.7419947749615303,0.03673398451734372,2.444959260845962
544,0.9451949807162159,913,5,0.007175558049007187,0.35555148853363533,0.6837151982680792,0.9339791103915873,0.803095681984399,10,1.5106385424495143,0.01819767815025572,2.414076809919281
546,0.9449499585086126,931,5,0.007119762277014166,0.35333381347525145,0.34076263193257833,0.929603262619774,0.4980621166929661,4,1.1649059299776656,0.036103928206167084,3.2177971476578477
543,0.9449652392615036,910,5,0.007167903001414641,0.3515327044956785,0.693433259916212,0.9308678933513564,0.8012448259026269,6,1.4534814782845231,0.017667196766092134,2.8490579925899224
542,0.9452192606449146,927,5,0.007246289782867103,0.3088912383903147,0.6049152379848868,0.9381076139445843,0.8030810925196898,3,1.4844915326820158,0.018204795174540288,3.6180926649402583
547,0.9456174212104573,939,5,0.007412524009354104,0.35448355429242207,0.6637402357826776,0.8873738192844945,0.5888265670880148,10,1.5070079477229696,0.03768908243257379,3.106813107243585
548,0.9450515313700123,939,5,0.007203172470783724,0.3586033913846649,0.6890364886002204,0.36617561851780134,0.8051885511067958,4,1.8768356900475451,0.0036666094625927557,2.514441887405638
550,0.9453878780444385,947,5,0.00694073219182269,0.37198402603004904,0.6283212435979433,0.9199886723848999,0.8004958919815168,4,1.5339049641815283,0.003748864903273446,2.8597864823273134
551,0.945380869060938,945,5,0.00749447632974552,0.40706788407257216,0.6074473593706858,0.9142299832413615,0.7803635475882267,4,1.8960833187484432,0.00390108723703095,1.6558482400503147
552,0.9454360183647056,949,5,0.006920998854512707,0.37996457600415035,0.6023128510741359,0.8851450427552038,0.802096245974793,4,1.6949392877611509,0.0034371040146619915,3.7814538090947916
557,0.9456442444525555,952,5,0.008460309347485477,0.36996861068668857,0.600253623066413,0.8871924884210783,0.5849256072361659,4,1.9012014018902152,0.0037448838031209223,2.0658736337999244
554,0.94548513238682,957,5,0.006791923082276121,0.37804367464193595,0.7463706946356835,0.9156277764761349,0.5908945433810406,4,1.702369370642557,0.002802076579448793,2.9988217435648563
553,0.9454303692241922,906,5,0.00692347067425876,0.38280612159342364,0.6802820876951742,0.9171477755832971,0.8047604245910795,4,1.9387735533374961,0.00276327387861665,3.3271867313432697
555,0.9459099596507556,905,5,0.00876889557666461,0.37851032333318996,0.7476052305050157,0.8893921506401086,0.8301593570426155,4,1.8846631870115995,0.003981107608269595,3.405907692621125
556,0.9452579968629895,1000,5,0.009762664828963073,0.3761563536716305,0.7448425289987533,0.8841641641946344,0.8297399517634889,4,1.9185048917221532,0.003742529028643769,3.9380184306074058
558,0.9453314826527762,998,5,0.00852517095017889,0.37957377649298435,0.6392456080340297,0.9158039219201541,0.8318357802322486,4,1.8617131391303041,0.00277525327494925,5.470494945049108
559,0.9449789744062104,998,5,0.009775843698226332,0.40535712266398893,0.7514926811830048,0.886248585827013,0.7843259303307206,4,1.696619307694074,0.0019035998429420998,1.883983805167893
561,0.9334376937163127,997,5,0.1207115822215517,0.3816252496750503,0.6377060877211851,0.8849962134799414,0.8327253497386252,4,2.178081055920948,0.0028492029791191676,4.833846663175278
560,0.9446236034970863,998,5,0.008648153561056427,0.378078605007676,0.6089092784286125,0.9162263047720801,0.8358975847492646,4,2.200056306249504,0.0031706711739732324,1.7242670895152443
563,0.9332146429395669,900,5,0.12304929040579086,0.3155552246177211,0.5254982506561823,0.870310376885487,0.8330880378816407,4,2.02143447208754,0.0012804418017901954,4.493351691084858
564,0.9317238678409614,1000,5,0.1433823127151972,0.313641907459391,0.5122655782433585,0.8709949867568967,0.8319856363741261,4,2.0522733850868473,0.0020106762639909618,2.1217567397696837
562,0.9447655855069584,903,5,0.009729611865564864,0.30990754192167674,0.7491879451914484,0.8690360982628029,0.8350163147867873,4,3.4042701308424435,0.0014743859669464439,2.0445468797606825
565,0.9419270599006975,896,10,0.024519882481954067,0.3117979875728187,0.6676360171780439,0.3952162546458552,0.8404848668943435,4,3.410363383622965,0.001333523940237478,6.436689154541023
567,0.9455300499940066,898,5,0.008889957722457334,0.3132801517667958,0.7827527956109921,0.8697092772471187,0.8307597816883067,3,2.1248166096269894,0.0015778582281529671,5.1195953098388545
566,0.9441533775149764,897,5,0.011142618199944068,0.4020490621255897,0.7402521921117446,0.9480949915217135,0.8280883355963149,4,1.7405595333007118,0.004072446546784796,1.3377785357879026
568,0.9448262232330353,890,5,0.009877163864595931,0.31065860706496023,0.7371491853379605,0.9516686001220046,0.7831802378834323,4,2.0758009134263133,0.0014373240488154283,4.385192011345889
569,0.9451894286327998,894,5,0.008930933973905887,0.3116187050225539,0.7675829124085934,0.9521612966496855,0.8293805133180172,6,2.0766156715658455,0.0019387709000586275,1.3199255709357507
574,0.9451002947342267,544,5,0.008596039644453437,0.3952352875759902,0.5451751900626063,0.9537294729413444,0.7874695451325023,3,1.7088833697788495,0.0042367743137620975,2.4681295069105165
573,0.9442979518886089,534,6,0.005874002174144265,0.3066118318762773,0.7755006527147118,0.9034109989887544,0.780116333606336,3,1.7403938996889015,0.004714722987821253,6.99017192607188
572,0.94513859784805,905,5,0.00912461136550091,0.31106941816955186,0.7722777367845826,0.9473322189436658,0.4758993090177144,3,1.7795586868635185,0.004635690252979674,4.011704795651179
570,0.9443616797874295,907,6,0.010850573317485526,0.31668729764252485,0.7781695114812163,0.9558484831177435,0.7712154725232276,3,1.7575813888282676,0.0012946281364530764,1.3779402038136859
571,0.9440598019496704,890,6,0.010914585111217697,0.31559534556889235,0.7798185611360094,0.869180984412272,0.7840096407573052,3,1.7839184172062004,0.0007921133701821216,2.2704930926757756
578,0.9451237501994105,738,6,0.005972999315541044,0.3423151877317536,0.7078345769705311,0.9849049695169316,0.5595971999823715,6,1.7368342378909105,0.005404774197415381,3.6454645604812974
581,0.9449599136446478,967,5,0.00616484187795833,0.3429628010241007,0.5809753259835156,0.9835387215520974,0.2258986653139073,5,1.829638576010365,0.004954622123330111,3.252070069821869
582,0.9454215766860754,965,5,0.007925309262162384,0.33790883128766264,0.570750076557423,0.9891987909919692,0.24333209177518694,5,1.6049149410631292,0.010074925358335037,3.7335111604384696
577,0.9448581268401843,964,6,0.00609726996904054,0.30151879474408255,0.7142445437718618,0.9558896946407207,0.4770825118333069,6,1.7348224694895575,0.004839964995983341,4.063832042680355
580,0.9454353786227632,957,5,0.006003142730658874,0.3420037321198969,0.7738650656761087,0.905632978371559,0.5464828226228943,6,1.7831744793809607,0.005158264309512238,3.764871271044944
575,0.9446203901766278,965,6,0.008835616139774951,0.32096822112075624,0.7068046339297025,0.9495425625231467,0.7689722310864033,3,1.6266200307123917,0.009555449267551468,4.048010342829258
579,0.9457053674641192,912,6,0.006102499392631797,0.33029636747241253,0.7764983382692096,0.9065847265098884,0.7750971151118884,5,1.7413137187766299,0.0047537776640474705,3.53368118250882
576,0.9451488932057381,972,6,0.00595341095841662,0.39824495736810495,0.7676614322855141,0.9535245760977878,0.7691872089817715,6,1.5748804114827897,0.004591703808423618,1.415113572657816
583,0.9452763688322484,970,5,0.006047308966760274,0.3413492239126085,0.8855891182583912,0.9062668520446638,0.546187329131244,6,1.610329355963969,0.0008135194116994543,3.6525364771951185
584,0.9455753693967033,968,5,0.005976470244080215,0.3370159304538268,0.7148381465202607,0.9815011615020734,0.7649858358898032,5,1.5978792500758279,0.008831019862092313,3.4908360098133606
587,0.934052462763314,800,5,0.05915890843852523,0.3267483251124259,0.7177643298904349,0.9058080109461091,0.8633560925727155,5,1.6250020494417858,0.013692054310536163,0.7054180126418517
589,0.9380730937208588,803,5,0.057762416915699,0.4193353660832786,0.6518567375669474,0.9003507293098506,0.8624955541381455,5,3.803850422457255,0.012536469201284544,2.636702921691336
585,0.9455661427107103,965,5,0.007703760822384028,0.3367754960403587,0.889006634580284,0.9049050698052046,0.5408501792003938,5,3.7858404991144914,0.009701754264003642,3.5655122510508854
586,0.9454979355746677,969,5,0.00774340925456591,0.3292236208948711,0.7242322962077745,0.9024639993758441,0.6479386206005029,5,1.569849362393131,0.010031424919637837,3.9319509915090176
588,0.9457733700497201,917,5,0.007800448589290669,0.41978767368655856,0.8884271111703157,0.9060045339269012,0.29517238262650336,5,3.822285906686017,0.008837245806214799,2.434204530940394
590,0.9456205218194478,797,5,0.007872963578536887,0.3259466217878703,0.5549878902870303,0.8945847412935293,0.8635909293530846,5,1.3449485148462785,0.01234664234587606,2.500612818657809
591,0.9452263197224008,924,5,0.007946456346995784,0.267742791472005,0.8886405231845267,0.8881282988135086,0.8618337516584399,5,3.81005848962513,0.00033332539876093067,1.057304460669085
593,0.9453987609628338,927,5,0.007835632811966016,0.2794303539893391,0.5566517534249412,0.8948715697457635,0.8122004065018588,5,3.795644428543837,0.011610811384760096,2.565299999082396
592,0.9454549935490426,928,5,0.007826016256623814,0.2737211008738653,0.8815661902145683,0.891761839107793,0.8647518587538717,5,3.7878179982118456,0.013036301672689645,0.7004972628848917
596,0.9450076479949058,925,4,0.007860915581583552,0.27978302013038264,0.7297230244650296,0.885917623854727,0.8105750802298459,5,3.735513327633028,0.1918614735500696,1.0529137404275308
594,0.9446583384580525,932,5,0.007854840694777496,0.26798430963307546,0.650326022968769,0.8937788464543085,0.8621312762205402,5,3.693884404466244,0.013112782139616254,0.004089044272286398
595,0.9457006622821489,928,5,0.007860104893371868,0.2701970489607841,0.4629772485088677,0.8912389434698516,0.8138110639127442,5,3.7196764652029803,0.012581900237787068,0.8882864046388221
597,0.9449965730495651,930,4,0.008249998707419638,0.262882421796301,0.6741149304826674,0.9269840078334093,0.8163907783629827,4,3.6458815922897876,0.012352872495586913,0.22381984970698163
598,0.945225407594411,928,4,0.007895877863752676,0.26587279964905813,0.4612340390495665,0.8876284167434796,0.8135759791970693,4,3.678112100617137,0.030937676030126832,2.318037944129202
599,0.9452438348757793,938,4,0.006629974826660807,0.26964682670583967,0.5567305418608517,0.8883013490344182,0.8131434005915625,4,3.6625894043151255,0.013203864633387017,0.0005800829591479912
600,0.9454886723618101,930,4,0.006692981268772646,0.30118860218711924,0.8660825021346635,0.9246753104138126,0.41785475723500276,4,3.5952935602507603,0.026797498387018216,0.2753132969878418
602,0.9458899460598399,942,4,0.006739951574670329,0.2956158016803272,0.4612349094048704,0.9265076782974311,0.8158432883928166,4,3.663360038735845,0.07613207363675299,0.2608664380588867
601,0.9452730511493199,941,4,0.006629931072351322,0.2998895402759742,0.4622309357022741,0.920731286246927,0.8155532932073257,4,1.4057748449137288,0.029035750006300414,5.9503588059215256
603,0.9457111981953308,949,4,0.006629719930011713,0.30229315703198056,0.4670398756447642,0.928606619634787,0.8148181962540473,4,3.7006837744847103,0.0297368538967417,0.0005625924676205557
605,0.9456578992381603,943,4,0.0066781026508345685,0.30089172323082375,0.4641238396344079,0.6332326794008254,0.892411537743968,4,3.5938296072942935,0.02986746346539937,0.0005230616338043508
607,0.9448842665081024,743,4,0.006649844318045723,0.2983125966625781,0.6207002223574485,0.9293171999816379,0.8908010517996006,4,1.4332423781389325,0.03214042280999203,6.170194342836861
606,0.9454010412828084,754,4,0.006627018876486287,0.29943664812156856,0.863465572709178,0.9258700914264723,0.8892597425254701,4,1.2174096795413436,0.02956717197959869,0.26557650692428436
612,0.9450869311199138,748,4,0.009454037020231731,0.3594958424270333,0.437547472283264,0.5632647673653489,0.610838318146067,6,1.4199909413942822,0.07145342649296801,0.429114619750816
609,0.9449449605899135,884,5,0.006498642981980239,0.24076882542636113,0.4266941166885328,0.9226154747241555,0.6064179545757526,4,1.4013287407919508,0.02759150547797891,6.211288916952316
608,0.9456938510655293,884,5,0.006670423272995246,0.30213668678458855,0.8196367083090786,0.9242628452674865,0.8870800984496348,9,1.3899062108598692,0.0062316452708781785,0.314362938784057
613,0.9451275646476974,754,4,0.008668527927936442,0.24417088000411918,0.44126057358221377,0.5697803693265012,0.8903820910803281,6,3.2056311618275424,0.06893074790088252,0.2933284129197984
611,0.9452779102659337,951,4,0.006731143014184966,0.23912264530443939,0.43189756782150845,0.8646664293682033,0.847368305464508,6,4.1598686488458485,0.10993050500683063,0.3280560746556606
614,0.9237292324685086,753,4,0.22641861000768185,0.36464864899598914,0.43311726694638386,0.9692729310671985,0.8458246764450011,6,0.01829023750548775,0.12019388568177837,0.3780047343774291
615,0.9449724820169376,882,4,0.009276672538105685,0.24197258871165656,0.4443973565636748,0.9693693499661923,0.8453675572015935,6,3.4746871151794747,0.006257826456381764,0.2158067541363549
616,0.9450897395139878,886,4,0.00885703065821999,0.24011550056519315,0.4388123668171882,0.9686559806262025,0.8481602693182169,6,4.172504525054805,0.0692811470011444,0.44770389858719617
610,0.944649860050971,892,8,0.005477452607945883,0.36704152636151827,0.4387041683625813,0.9708778310043112,0.7277952947643326,6,4.179363474917868,0.006543403031867156,6.184471763011284
619,0.9451069050530909,952,3,0.008636018668901332,0.21678707268637482,0.4851309243389439,0.8714076189337568,0.8415294659096237,6,3.4725752889031085,0.006380681259378324,0.20813261599421737
604,0.9453530481136244,952,8,0.006606284274541193,0.2995932642281864,0.6696130270230665,0.9264050722799488,0.8913181420411878,4,3.673006052058039,0.031613737927736425,0.2656659865760572
617,0.9454275462193724,981,4,0.008655767563633152,0.36742564438551595,0.42527206614313895,0.9739333180001053,0.8416926336445119,6,3.494715674614565,0.055367033325692816,0.31511423718067944
621,0.9450047174967418,980,3,0.008423705927362732,0.2013155855687641,0.48202784119161945,0.97603491095278,0.8479832352741385,6,3.5670372506894332,0.08326806554646084,0.21455301003417862
620,0.9453847064689682,951,4,0.008624306195516851,0.35716678810600844,0.44764255103219075,0.8633465950517902,0.845495272045918,6,3.5054395082165968,0.07719972914685995,0.2641049155759032
618,0.9451552697526691,954,4,0.00864202437055845,0.5938465941534855,0.44507515093360445,0.8741214724427145,0.8387616257314834,9,3.5208569550570075,0.07393559977854497,0.30867677192205994
623,0.9449059081535538,981,3,0.008540597781087761,0.3685943257209814,0.49202124269905473,0.8746880036347937,0.8006491791927156,5,3.5392245982527952,0.13371203357500358,0.2198216439921824
622,0.9453996689163249,976,4,0.008724281090685137,0.349659358530626,0.48009204471862327,0.9420404331571752,0.7977477367029241,5,3.489751088325941,0.13909386841422203,0.2226879487676345
624,0.9447292684109435,979,3,0.005578307651805197,0.36822056741324644,0.4884774271066211,0.8693863338271363,0.7970676305422488,5,3.5690310212480063,0.07969584744702449,0.21046573858690454
625,0.9447044311866538,978,3,0.007342912725308453,0.3491667594646995,0.49374218677534826,0.8668277262594012,0.8010357187367106,5,1.2571122453609611,0.09499850590902983,0.2109621023339178
628,0.9457287571809468,980,5,0.0073481770049101825,0.3241854401518531,0.8260647312076582,0.31961907587029953,0.7990265106430392,5,1.2956594864528643,0.5650784154484465,0.1876888240096923
626,0.9461342012032867,978,4,0.007548800007013182,0.3460645246708819,0.8265004337558387,0.9408490558457654,0.7969352575880951,5,3.3719745113539075,0.13248707949820088,0.20467774803279806
627,0.945361431550858,980,4,0.007614037887745163,0.34938351369720705,0.8278941601765587,0.8731769332818957,0.8253392426484829,5,4.878464431000232,0.07903498904072005,0.1973766019545008
629,0.9448064841154163,905,5,0.007355188630666785,0.6539736548709051,0.4560630318347748,0.864040660455685,0.7998503029282431,5,1.088395317409648,0.08799449815681429,0.1825555581657999
630,0.9454317582886709,976,5,0.007260999847394982,0.3220926628613038,0.9087040271036145,0.9464122484858823,0.7961868851801932,5,3.336830090236804,0.007928501902328024,0.14423783646618715
631,0.9452338369511313,980,5,0.007493194719594854,0.34735624319279346,0.834664000615824,0.9428597953913501,0.8186829749402449,5,3.34384769505134,0.227977221167661,0.013568216970235485
633,0.9456947558881461,909,5,0.0073696124582685206,0.32220437504356697,0.8339140860425448,0.9121920764412104,0.7940276093979437,5,1.060523812523849,0.002515195753165936,0.14225847710103456
634,0.9455657638749434,909,5,0.007467560730471048,0.3266134639599704,0.8208996617248601,0.9431805947268821,0.8286278161161084,4,4.8313136935202206,0.0024737748311584908,0.16618218543216226
638,0.945031814168512,730,4,0.007303608286760707,0.3247955453923182,0.8410398963687167,0.9419571632759521,0.8183060927887561,5,3.425479021393637,0.10435743093351199,0.013402484911643035
632,0.9449469716547148,910,5,0.007314835688204175,0.6815585001410202,0.904292897459808,0.9996862814533187,0.7979993276428591,5,1.2404818456219866,7.1338446145314585,0.12889520983262653
637,0.9458220029608467,908,4,0.00747857941586506,0.32922770145279023,0.8249727088439504,0.9428857311835793,0.8185752237109523,5,3.3760881596033503,0.23330067977742097,0.006876129163668497
635,0.9456882989821132,907,5,0.007199873725564217,0.32240457257628186,0.9029451942462097,0.9413108454355044,0.8252239016397265,4,1.9866714691594216,0.008269868401716372,0.0071106620994541994
639,0.9451623674442693,912,4,0.007501149097438419,0.3238288806031941,0.8442567008136191,0.9998680092142698,0.8245431503491985,5,3.3884308874915057,0.003440061025691798,0.010213321154178256
636,0.9449892530659032,904,5,0.007464669712367812,0.3236795879432805,0.8456470808662182,0.9151173107081023,0.8235776149847789,4,1.044927963625329,0.003163567749840044,0.13146549899930213
640,0.9457741715534915,910,4,0.00990955899540763,0.3245243268922918,0.8191982091265542,0.8346360806502061,0.8235327283327909,5,3.3058422871851834,0.002391412358118825,0.12057558917900257
642,0.9455044102223207,906,4,0.009795877909495744,0.3256650835026927,0.7601100437894813,0.8405579382474867,0.82463490777327,5,3.229925563221109,0.4329119599162322,0.00981832571213608
641,0.9451657028688178,911,4,0.00945990312229905,0.32416459816688237,0.8458996336937386,0.8349786133990102,0.9098923701570653,5,3.2383301067433936,0.002504182604781286,0.12802816501106412
643,0.9453802074028766,904,4,0.008185990887322426,0.28289485958122823,0.8484686643918983,0.8376647550473083,0.9089417258104123,5,3.226237865945529,0.049579728884380496,0.13388529527909576
644,0.9451269885668617,908,4,0.009675699702215884,0.2867328574689676,0.8567103914301446,0.8384730746690454,0.9093530743481896,5,3.2252722533384883,0.16247413508942452,0.006251696076005206
645,0.9450433618758428,953,4,0.009260925484303913,0.2876466425348121,0.8546288088415315,0.8243793467685671,0.9492821258457493,5,3.2050018846338664,0.1354139854666714,0.01953768644737401
646,0.9452886074191322,882,4,0.010115078321200484,0.3400551645561544,0.848117547022006,0.8334127201531292,0.9103191370874218,5,3.3943637612233837,0.0033176573889494416,0.006842770252310839
647,0.9440726009630194,998,4,0.010159036025077697,0.29192316595073653,0.8177039925927494,0.8449217959460553,0.9429782564465627,5,3.381423130417189,0.4045682974956402,0.005306666735014162
648,0.9444292649231496,1000,4,0.010067602619195686,0.28018306279341637,0.8580981423931248,0.8316143586913698,0.9079139395697443,5,3.3770636555789855,0.10103692852490323,0.0043745076601758815
649,0.9458955284083723,879,4,0.00933836497205858,0.29026262503595307,0.8187243417546005,0.8467414000936834,0.9443171745027158,5,3.352803954102442,0.24378910090165498,0.0044462573033864
650,0.9453350361948875,998,4,0.00940969844011499,0.2887577172564986,0.8532569215711477,0.9600513690274507,0.7795174972025618,5,3.3880107180459387,0.27045222938544006,0.0061659420728746965
651,0.9452939633011044,876,4,0.008342454586516638,0.28329039935594763,0.857975231835967,0.9682910858928135,0.9106532059601286,5,3.345953013983624,0.1889415526712532,0.0060425319109355625
653,0.9454311435937213,886,4,0.008297500415034994,0.2820057267496936,0.8192861730454293,0.9677753002614469,0.7808895561455054,5,3.3757603721944647,0.13619660516088913,0.0035356216386391416
652,0.9450879987479844,1000,4,0.008220807895607044,0.2844030186413502,0.8193281025313115,0.9666102526984521,0.9469351024281033,5,1.5213209210567344,0.1956988471800476,0.005023153672102059
656,0.9459170406443607,874,4,0.008188214700909477,0.34353074145394646,0.8232608392747024,0.9625053423997718,0.7887093584373809,5,1.5327017555364713,0.490666658756858,0.003863870244553997
654,0.945822868125725,998,4,0.008442229340044348,0.3481165920895778,0.8673386789469556,0.946962380492661,0.9397416345345599,5,3.3898943168312687,0.1845424609482815,0.004602951817276323
655,0.9443814815225308,999,4,0.008277270892238573,0.7361833426083466,0.8198865507751948,0.9604798952688984,0.7808666082321548,8,3.3976723736112246,0.19620594660266116,0.005330471781221555
658,0.9459347499119337,879,4,0.00809427452373083,0.34393199473146396,0.7911404833121862,0.9605509123427894,0.7852874165823263,5,1.5563599938436872,0.29828629189734307,0.0029447466982740265
659,0.945596989126036,869,4,0.008332505252442586,0.34418726107977976,0.8006555973085447,0.8570670872513194,0.9545563451463772,5,3.375278556918527,0.18355810454970126,0.004262813156614463
657,0.9456271999739176,870,4,0.00805748370764239,0.34590599636904296,0.7888455197341729,0.9684825425003926,0.7858925943666986,5,1.5348978083065392,0.19360664990846477,0.004321828866897678
660,0.9451059063042508,868,4,0.010897869181939707,0.34242030776740534,0.791698976769641,0.807683131921379,0.9450189225844866,5,1.5611081702643759,0.20595888703082718,0.003164555460394903
661,0.9447819119718008,872,4,0.011091967194657446,0.34031274743073564,0.7914873453714032,0.8088312038886122,0.9532602723530548,5,1.5433339390307805,0.21561679079110213,0.004086641631194581
664,0.9320137700852618,868,4,0.19962597702010987,0.7411861949062588,0.7859535149851097,0.8550950096858759,0.9548829893395955,5,1.5301676111763234,0.2689361072566368,0.003531292396681858
662,0.9457445086085784,868,4,0.00824209086555957,0.3456772926208132,0.8128946122650331,0.8111084841161862,0.9457278313726591,5,1.4920729344831816,0.16928331036965805,0.004384728756662633
665,0.9451891812937452,845,4,0.009193859532734706,0.3495679615247814,0.2524468331359967,0.8522379053930328,0.9568042831084987,5,1.5576682948704283,0.4803088913535644,0.0035352003646228975
663,0.9457556847855152,843,4,0.009262566040615431,0.34545858454039347,0.7883557174292587,0.8498236446059236,0.9744290424162172,5,3.4686690699251272,0.1985394999222036,0.0035452939924248993
666,0.9456597516720068,845,4,0.009244388667248787,0.3501542741467387,0.8704400279914318,0.8546454091514446,0.9784235612235859,5,1.6283276265475988,0.2704137925984029,0.004002374918223494
670,0.9447116708112133,844,4,0.011713034398796592,0.38960676977472447,0.2524400495172724,0.9433922288129215,0.9288332401260192,5,1.531061055154115,0.3134113680958733,0.0030033994051256374
667,0.9451814188132095,868,4,0.010494569694419751,0.35191190609808226,0.8013373923918421,0.8528341157873316,0.9490414759185626,5,1.5194374918414162,0.8245839621266036,0.004176290657431453
668,0.9450029088951327,841,4,0.010809220830045612,0.3890329411203254,0.8042520886832174,0.8078924459366658,0.9442388622755268,5,1.835998172663401,0.4186200568143132,0.004300912547366639
669,0.9455377268973166,849,4,0.008980722841753462,0.3879341267099179,0.7887938350494174,0.9383294615422785,0.9428458509123164,5,1.6323477114395102,0.6859414231301953,0.0033522756093825215
674,0.9448771782091245,843,4,0.012437969621822767,0.38961009936484786,0.2053810613884644,0.9428185170038822,0.9394935912466993,7,1.653502393535893,0.339994874533554,0.0029712259913242858
673,0.9451990717250489,860,4,0.010146532027320604,0.36345900984292884,0.25192986306809734,0.9413776048330371,0.9338644441097882,5,1.5938495042127157,0.7306130865637126,0.0035343613020450046
671,0.9452714168330362,852,4,0.009123829618811636,0.39324992900685113,0.7949587758711852,0.9365773836120274,0.9326077636913255,5,1.3679540064477855,0.34939303879377615,0.0031190995815768
672,0.9450054271615393,848,4,0.011636451455850292,0.390542009057024,0.8067475016936173,0.9394786385736019,0.9812769019210793,7,1.6898677784791027,0.22769165708772354,0.008369427973624584
678,0.9455215277546876,609,4,0.008711817409777983,0.36847848016481954,0.8311160546365315,0.9393675255791554,0.931782923127127,7,1.7046399434820214,0.4182851370265889,0.002983988132649083
675,0.9453559713064154,851,4,0.01159235499698256,0.38037422613957717,0.8055977408530121,0.954285772992274,0.9819248555738331,7,1.860905424215436,0.5442018836438901,0.0026718257007438094
677,0.9452597125819999,813,4,0.010296781290058019,0.37383733125884,0.8074956149423226,0.9362256990992738,0.9260443192102567,6,1.6861242092992337,0.5601381263163573,0.004948821189759758
676,0.9454389050306322,886,4,0.009048403659171358,0.3882809777214321,0.806567848203266,0.9419505251062419,0.9271897372579903,6,1.6645435584122639,0.2612865619709381,0.0029318517400055834
679,0.9459285069489647,803,4,0.009038145103537855,0.3646297805239457,0.827368618748982,0.9462354226609431,0.9396407535959317,7,1.6838419320302789,0.27923121014088403,0.059568609407652434
683,0.9455222749899743,506,4,0.008932600198638934,0.36907410729514906,0.8748269302365639,0.9172092425398407,0.9292412268570678,6,1.4461133130058257,0.5892364032083475,0.05820907605213665
681,0.9456203016146356,806,4,0.009079790832329451,0.37764480931171507,0.8330637551310107,0.9127846390564158,0.6462475831633464,6,1.3760820693209739,0.6572575066813289,0.03868947468474127
680,0.9453213626240382,810,4,0.008892158083178895,0.36934690891142047,0.8296224166082005,0.9379145614995316,0.919852706341679,7,1.338518215839725,0.250314521973413,0.008059337897900707
682,0.9451935937389864,805,4,0.008815119853960909,0.3707745939013817,0.8279061350696297,0.9197819666681004,0.9809362411053305,6,1.6940191556837272,0.3050384176811702,9.553993243364866
684,0.9457284941875217,795,4,0.00880513701904746,0.36558399254546853,0.8348647582635658,0.915538003951258,0.9238489829440287,6,1.389646888897704,0.4989669948530875,0.08140145139026712
686,0.9452490404757944,679,4,0.009050474775154296,0.3694421620468012,0.8761800118872759,0.9190763449158833,0.9212499087610326,6,1.366193313436064,0.26870604025757716,0.08104755756005755
688,0.9457471938549373,775,4,0.008210515200903512,0.36098525420150507,0.876593436951243,0.8825310733129975,0.6517851170162722,6,1.4746198577436258,0.25578613416701645,0.04188331436342585
690,0.9450355722610648,769,4,0.009466079767996518,0.362495309095244,0.8249071745556544,0.9139348155318671,0.6483060915411819,7,1.9555418320271571,0.36426028098135954,0.04964646449475559
685,0.9451490633165646,887,4,0.008900140948962583,0.3662178354585369,0.8758408405969655,0.9139129928212704,0.9156075897667345,6,1.4389973219555388,0.39876661835291594,0.06693136538341181
689,0.9454536399678037,804,4,0.009671625737586708,0.3640251105891506,0.8286882828878683,0.914539866688608,0.8093869159008793,7,1.4335375971258342,0.30881067408994217,0.060694692750693155
691,0.9455975119820117,804,4,0.007981650962975068,0.363866092399304,0.8288895093681996,0.9176977061901097,0.8045932260801225,8,1.7925057572820502,0.36588457750289144,0.043082412173688
687,0.9453384238006712,889,4,0.008151011077884709,0.36575519434374465,0.8758031276005489,0.9198152629016182,0.8073733328336818,6,1.4168583950898728,1.2427748134790024,0.07386205670835296
693,0.9454919702158694,790,4,0.007979268074666328,0.35634645913832796,0.8217373796055127,0.8808334605598878,0.7960485143501206,8,1.7904618007748845,0.2877010322521902,0.04971032647080502
692,0.9455910289853611,796,4,0.008011501494330822,0.35603237293848194,0.8251848776089993,0.8869356551742943,0.8155867618426699,7,1.9437006605126197,0.4218023386336877,0.06078881412235108
694,0.9458394972417311,775,4,0.007991540903296167,0.31274672597557684,0.8164377662319019,0.877725797862119,0.8081463123110968,7,1.815894524743596,0.3687529732738544,0.02682002046017491
697,0.9448265937198046,447,4,0.00795575552473809,0.3138622965530776,0.8367887267945919,0.8887418809572377,0.6163313552769576,8,1.8559708993402082,0.1461184109141986,0.024693258365581894
696,0.945384707512593,785,4,0.007886469355206737,0.310597084622496,0.8201328243990685,0.8784783500895648,0.8009889281503,8,1.8015347294255157,0.045808997735156724,0.029269516987515162
698,0.9449197361808592,769,4,0.00801478482623993,0.3098850302564563,0.8199750573178715,0.8885677905465454,0.8083731815464136,7,1.8337729491071688,0.1499468067468561,0.06415009793977752
695,0.9457097559059922,832,4,0.008026917829751208,0.3114691238422608,0.8162826709778007,0.8819070176200867,0.8100073234323302,7,1.4777267851392224,0.4827530907530121,0.04611528260593319
699,0.9453931692216792,787,4,0.007863924526798403,0.3116957877291906,0.8191509637940912,0.8896272196032282,0.7996636884156821,8,1.8142198878364066,0.00015235705550402048,0.02490723826317631
700,0.9454819571586632,830,4,0.007998874263643848,0.3079365850652316,0.8127326189058947,0.8891076388608786,0.8024181315441213,8,1.8548148651184408,0.4465673575186292,0.02879933414189757
701,0.9459571867994082,780,4,0.0078035295403803785,0.31227599486598195,0.8161879800437808,0.8798440002890797,0.966506744633153,8,1.7778133822818594,0.16871458820335644,0.08972571104169125
704,0.945937728416834,785,4,0.009900293444278898,0.3403966466295299,0.7601622085298938,0.9559274720934149,0.6119135203827122,7,1.8604589952310941,0.46733253636395217,0.02338380114482931
702,0.9458497884249205,780,4,0.00800854457985971,0.3087695905113442,0.8137975952815155,0.8907376210627593,0.9630422858845523,8,1.8492586862704532,0.3179102154292386,0.03436809656398242
703,0.9453713647707742,825,4,0.006993229830037954,0.3387909429506396,0.815112404709044,0.8910389863313051,0.7891824244807,7,1.6189331320635103,0.11557962734055714,0.09482646007293559
705,0.9450786249109082,768,4,0.009904248245161099,0.34123075314818263,0.7646913049864938,0.9017768563213211,0.8731619487844577,7,1.8488589588866073,0.5874617659570656,4.921464039605928
706,0.9453810663060066,771,4,0.010071023651483685,0.33664045843194473,0.7595741944803561,0.9545645980032468,0.8319526268642201,7,1.661609527495447,0.34953545218079407,0.021076542786759276
707,0.9456106616532607,760,4,0.009964165440290978,0.3367941715161607,0.7920439688999544,0.8998412458154286,0.8734041265083976,7,1.9976428863560618,0.2837620223031035,0.09879511736659961
709,0.9453169804439133,768,4,0.009846278749365231,0.3381923890496027,0.7886591551005109,0.8982275100055324,0.8775402892518162,5,1.6763898288668344,0.2584059852292769,0.018621134413374547
710,0.9454378186173171,764,4,0.009717108452058542,0.332810347097229,0.7902059069707207,0.9023097614182438,0.6000081391767097,7,1.7127735704288,0.3127122771258678,0.025351247709668102
708,0.9453879396182959,776,4,0.009895606832246329,0.3358846351721172,0.7671230248977382,0.9566571983183915,0.8803321546594822,7,1.937865534853047,0.28981376325818053,0.02142669298649503
712,0.9449520342781454,758,4,0.009457997960669031,0.33583942815858814,0.7706495101803097,0.9569910727376391,0.6189938635517189,9,1.7373317241591348,0.34526678661972715,0.11436146955043733
711,0.9451661359730693,805,4,0.006962793497308581,0.33665002535153604,0.7745704515300736,0.8631617590844098,0.9728715752813686,7,1.9776145437420396,0.334079052149416,0.016420068940133658
713,0.9455038070072426,774,4,0.010458335885238687,0.3375945945053332,0.7604071814570716,0.9564869377526322,0.9667098386120075,9,1.9379150449061961,0.35747833965522785,0.02022668459797409
714,0.9453532589258142,770,4,0.010443824735829199,0.33570786589438534,0.7722906258156484,0.26102378033284374,0.9731013220536338,9,1.9772207712297227,0.5612845391235266,0.09768536471530904
715,0.9449600994098448,759,4,0.010400197581101236,0.33545914559742485,0.7539680961195145,0.9573886458111546,0.9641588029006581,8,1.7060524859721313,0.27510953068242955,0.018286535072653265
719,0.945342070225381,733,4,0.011395132066419855,0.32230142582911575,0.7720730697372891,0.2541959868695372,0.9724157569152484,9,1.9693818137620527,0.1632709225060808,0.035909987260122754
717,0.9448272418107446,747,4,0.010219903781161966,0.3315251772266887,0.7557617461877879,0.9781737377440339,0.6247654709798637,9,1.9149956660156204,0.3211421328798706,0.03279009501231962
716,0.9458426907333202,786,4,0.010127302659839472,0.33207519441658195,0.7911876357324362,0.958804983868451,0.9741923559739192,9,2.029627337842083,0.3333080963332702,0.03483628681505763
718,0.94549729687635,732,4,0.006772441364319852,0.327801966928549,0.7495830566732612,0.9851031842201303,0.9685276206344519,8,1.9462909163932192,0.9704823543278169,0.028116350984015423
724,0.9442263790629015,734,3,0.013211221579550545,0.8244337498936445,0.7970374975676304,0.9824897350114955,0.5656809572694864,8,1.7504329524445237,0.23981899230619225,0.028919861352056486
720,0.9455592975762881,752,4,0.01148802455914939,0.3203864906702216,0.7791304446531424,0.9774938598486265,0.9984098303315635,9,1.9492651979288567,0.45740790523038677,0.03695763019646225
722,0.9451391426201446,755,4,0.006778462079092433,0.3208248495391879,0.7492064321211583,0.9836986403817116,0.5746690055541326,8,1.6007174811261178,0.8705970184970184,0.01718548653257115
723,0.9449579725027016,744,3,0.010622689317247127,0.31993082887440594,0.7828014237530333,0.9753563208367324,0.9632071266456729,1,2.0331491098207906,0.16050193600661117,0.035888419773159555
721,0.9452398346622954,749,4,0.006946475298575752,0.31805092954905945,0.7535638545513631,0.9779134024724871,0.9675778519763613,8,2.0516815959357055,0.9946911148899809,0.030322898286143308
727,0.9447400568813032,801,3,0.01296611882450855,0.3078287694252534,0.8018359246689614,0.9802483554765953,0.6016491859324831,1,1.6008962154474804,0.21840103353742696,0.033492138542813264
725,0.9448106419162302,733,4,0.006788545909008253,0.30068553080821414,0.7429521231616846,0.9709878336442009,0.9949419827084739,8,1.606723514188687,0.5146488422981096,0.04985312718688575
726,0.9449876145751206,797,3,0.006818712862352502,0.2997978376253528,0.7994768308246311,0.9809540446493723,0.9988710301158629,7,1.5998777414112288,0.8215846738718819,0.03579238618285172
728,0.9450304647617719,791,3,0.013031868095068115,0.30287404448510846,0.798597479961059,0.9759967074244318,0.9540701505016834,8,2.0271592461326615,0.46310655542097734,0.052308846108662564
729,0.9452877192945104,752,3,0.008906336267186832,0.30579236873732757,0.7841310832638909,0.9732952609214246,0.9874539503121689,9,2.084754840955525,0.15983164017767054,0.0643478354425683
732,0.9451283755440911,796,3,0.00952362666350374,0.3010530706013788,0.7953742573903871,0.9666409269689019,0.9801170377159942,10,2.0681188962536674,0.2219998204740103,0.03573494104740432
730,0.9392232239767015,778,4,0.03658359849197318,0.30725790769600336,0.7885927381572663,0.9589976748590568,0.967643247027097,7,2.076005969717962,0.4475682502755681,0.03633770212241826
733,0.9446314442494745,793,4,0.012210969210189123,0.30363782566894154,0.7985463477071174,0.9623413210642847,0.9800739420378684,8,2.108997290238476,0.4260747827152789,0.0359051137281735
731,0.9451122755458089,793,4,0.012910634273460647,0.2997591874549599,0.786256354393564,0.9679787532574222,0.9757311456927587,8,1.8060277239961775,0.22865185061618892,0.04336049851752036
734,0.9453368573199932,801,4,0.009437053106733258,0.29660938022199457,0.8005058435564484,0.9602439093722546,0.97564200405859,7,1.8539274258546825,0.21801033342274062,0.07529698052647928
735,0.9399551957304562,770,4,0.03822323051245562,0.30164579268031544,0.8023086827074233,0.9654936603712397,0.9941390933446739,10,1.7695634776594777,0.40607250937066347,0.0512421696442558
736,0.9456391338223884,795,4,0.010908235485547108,0.35065826736829603,0.7979368237660357,0.9587509965290631,0.9854117659829513,10,1.8370375001791828,0.4122501483651055,0.07984882827555843
737,0.9451915064895818,794,4,0.008741330055585512,0.3483609318054118,0.8063535468245663,0.9587011265754081,0.9840947548325996,9,1.827003524454672,0.4645636947101464,0.10176946572928257
738,0.9455770965955855,784,4,0.009169807779942338,0.35202935603071406,0.7820399368180042,0.9575806065374828,0.9804185824259976,10,1.8587421197616862,0.12363663938598483,0.08785839469764539
739,0.9454261853327607,783,4,0.011678094278256813,0.35212555564128273,0.8107278929096833,0.9599068200709275,0.9500839918738552,9,1.865746660602282,0.2242770644788127,0.0829892207780123
740,0.9453281660134725,785,4,0.012037047258150257,0.4108524031683333,0.8113474777052034,0.9550719060155253,0.9580640345484276,8,1.7678540516653054,0.45381562456329194,0.08637426356036343
748,0.9437651804344664,240,4,0.011376863987017573,0.3490334921406669,0.8429568972501007,0.9316224765373954,0.9509098847669855,9,1.720112032964766,0.2992910292341379,0.013872712591457826
742,0.9454141158130787,780,4,0.009393817302672613,0.4120074192820787,0.8105823050307315,0.9289030546839789,0.9842358048922265,10,4.524280294002676,0.3925727845207941,0.10178404979536855
741,0.9455847839351428,801,4,0.010890401147221269,0.3527000664231629,0.8063772812904773,0.9533854316360527,0.9549984411414866,9,1.8335003473019986,0.391454928053256,0.09419112885532438
743,0.9449639488195594,810,4,0.011552864466175029,0.3567413496375968,0.8078863578457087,0.9376954370672854,0.9531212436139372,10,1.7688480909653148,0.39365609502715293,0.10304630462890596
744,0.9455756428263753,825,4,0.01060547095401938,0.355843630144767,0.8110416606350672,0.9314340611169989,0.9569573339374029,9,1.7202709071134386,0.6715044656184646,0.1049375267916808
745,0.9460316097641778,810,4,0.01093719004185118,0.3511161990913103,0.8292665671949765,0.9287492519375488,0.9571218690968205,9,1.7258593058917706,0.11721531791198984,0.09236886948365919
746,0.945075471077058,778,4,0.011184739291610239,0.35105488537776697,0.8453225968800362,0.926089593144375,0.9617664624677552,9,1.6729663793293963,0.2868571058616467,0.11398298326273953
749,0.9451882503805109,814,4,0.008666157397819257,0.4077755748098848,0.8383544152885669,0.9321552519202561,0.356894776323483,9,1.7065247895750162,0.6470576467045382,0.00011175884599690694
747,0.9457731978516442,814,4,0.008556879094642096,0.40914417052964575,0.8395720364530305,0.9311945837510219,0.9574184433887248,9,1.6659592260067746,0.3187084516699797,0.10394915141796597
756,0.9440009305584021,346,4,0.00865613153490961,0.3808904862118404,0.8464023871616851,0.8231753965509686,0.9380285519445474,8,1.636062967989245,0.15592595596078063,0.12063856452459525
751,0.9457215321671327,822,4,0.008768441170783925,0.32181512950890273,0.8406371049912646,0.9371130103100623,0.6308177916659273,8,1.2809867538960078,0.6982972202517549,0.10274370577098961
750,0.9445803682129199,940,4,0.010807234702425318,0.354435786831876,0.838350346590111,0.933888504275615,0.9517550475848451,9,1.6925806254327909,0.65156381834822,0.013676214541813695
753,0.9454984104239073,812,4,0.008931996217774636,0.32979450837601976,0.8419623421393696,0.9292040765800519,0.5910761051333313,8,1.1926486876911107,0.6096626854280338,0.02271116298050264
755,0.9455650771698894,815,4,0.008505082325322117,0.3270729162928141,0.836653711216198,0.8193414050123331,0.6169606233185118,9,1.2106299451313878,0.26299537076580487,0.1463571323234876
754,0.9452964064265323,824,4,0.008611155204691577,0.32202045398243156,0.8431157533060623,0.9333851424391425,0.6217549476280755,8,1.271325284287151,0.18489863161842093,0.06769540767598192
752,0.9401113052879231,812,7,0.02947318657788415,0.3216314086123237,0.8365365575569927,0.8240951816187557,0.6304424835397657,8,1.254261290303796,0.1817193480057408,0.02259772022197688
757,0.9455808285975209,811,4,0.008755032393884884,0.37952319145649804,0.8342781717201933,0.9080316758230326,0.6356767767366499,8,1.2324229344231044,0.11706476506173268,0.07381094160916812
758,0.9454633707245279,821,4,0.008418144496891536,0.3770388069439937,0.8347838727884958,0.8232905520089242,0.6360218360035053,8,1.524430641869614,0.11421273694898447,0.07459910457498738
761,0.9442640612200268,939,4,0.01585619836720987,0.380783601266797,0.8316940322782782,0.8645435418998476,0.5949198542641161,8,1.5334219185352131,0.16439169434317769,0.1428492447195222
762,0.9453664743454192,943,4,0.0062251476261093956,0.3800036168867165,0.8222993888221309,0.8599898908617157,0.5950016411089796,8,1.5030724337942802,0.13363985159726263,0.14285213236330327
768,0.9454926725752941,939,4,0.007506837143483654,0.3410369905523834,0.5257073371731334,0.862037020012286,0.5956447817609314,5,1.5074603205069634,0.08972126424182111,0.1541413900689886
760,0.9453302636991241,815,7,0.007519059144837205,0.32272979713576694,0.8334853157694512,0.9066983427940072,0.5884957506044836,8,1.197261198706086,0.11239430189151378,0.06992380255141006
763,0.9457590097738166,939,4,0.007499109913436501,0.3212817084537979,0.8249968244366926,0.8591314812038953,0.9371700407768455,5,1.535044816448771,0.12395301387810864,0.07331669075491139
767,0.9455209579356001,941,4,0.007510333159861726,0.3765465376747701,0.52091574563858,0.8537804026316997,0.9451224751817399,5,1.4969510041074514,0.10104138026488793,0.1546631294575463
766,0.9441752331034918,939,4,0.014653391353794312,0.3776635280753005,0.8251246397642933,0.861160610886462,0.9362782212225714,8,1.5686969551407621,0.10801742300413916,0.14932163481362978
759,0.9451722630936963,949,7,0.007468555965147762,0.38606006869112386,0.8342808254096847,0.8222711985669534,0.9374354102597633,8,1.163044923559927,0.10110863056081436,0.1518535807302946
769,0.9452087315152932,955,4,0.006204819088805862,0.33871484348733905,0.5072847738936043,0.8617496941231659,0.9359690619830492,5,0.3707780954402706,0.10151930720424808,0.1272217609546558
765,0.9449036215718312,936,7,0.007430340012062743,0.3790692851062672,0.5127963301323257,0.9034067171496272,0.9361040731167724,8,1.5189882883676535,0.1034877020886788,0.07502356416771674
771,0.9193852437895824,924,4,0.27300900579004167,0.3386892446721472,0.8597455762340678,0.9057766001172457,0.9360471199096843,5,1.6320468249401041,0.10798896813361734,0.06838537396068549
764,0.945224223080374,940,7,0.006230910565844159,0.38705828499300093,0.734012447662752,0.9050962618010979,0.9375761155726614,8,1.519112122947013,0.1007524551946629,0.07488605495207473
772,0.9225133799470395,956,4,0.24756842840989818,0.343398389813746,0.7380376090387653,0.9069861206540599,0.9221272117362431,5,1.6269220761044851,0.09099439113868024,0.14963516640425295
770,0.945482566113677,957,4,0.0074592501642516025,0.34945882266988454,0.741226234411448,0.9077538725232493,0.9342722187193689,5,1.4916029015252643,0.1122110074083932,0.16472558660124598
774,0.94553519088929,961,4,0.006217318704764863,0.3416608093322743,0.3506531947761136,0.905565878314968,0.9344197604299626,5,1.6845399218590693,0.16215882111711263,0.12727452745334963
773,0.9447533051750865,958,4,0.0062027325474926336,0.3425630230139692,0.3326364747496554,0.9055589179129007,0.9434302509081125,5,0.31377391426836443,0.13106220505159744,0.11902397411636646
784,0.9411003118914166,184,4,0.005666733348273913,0.291351192241131,0.8537515799692564,0.8818626285028991,0.9134332414600311,7,0.18818353749278338,0.21950359861615026,0.0003555107710530232
776,0.9451837669687897,962,4,0.006147518191995406,0.3434848191791113,0.7295174124760867,0.9099757930810862,0.9476214610906336,5,1.6477622912625198,0.0036332390041252734,0.00038134354009269585
779,0.9450571512890342,891,4,0.006375108323547542,0.3628772249483602,0.3300896495156142,0.874078957074066,0.9171616131431528,7,1.6031014240029355,0.00392557575445871,0.11195849258680157
781,0.9443856675012116,918,4,0.005577344016776566,0.29724286291387014,0.29058115576520094,0.8782646831300265,0.9138302410213766,5,1.7560315982597219,0.004145122351884112,0.1167332502084363
782,0.9330905851839566,890,4,0.09111139903513572,0.2896218239257873,0.3631854383429608,0.8726609212685987,0.9613312242784079,5,0.6543151548148683,0.0041103634556266255,0.00038573540658553505
778,0.9455902692265779,895,4,0.005649586389552341,0.35562467447222235,0.775876500416996,0.9118913756173529,0.9130765684858029,5,1.6489255683968167,0.13400664207386118,0.06111450412585836
783,0.9449796663293879,896,4,0.006492850312130363,0.2904364005981347,0.3322576288364521,0.8776294911847803,0.9630949372624505,5,1.3508604207916841,0.0038887853413869804,0.11594222834131236
780,0.9452909983633251,892,4,0.005722497844160133,0.356577194811317,0.8555194337937766,0.8837594166157818,0.9016957165743613,7,0.6752887159294926,0.13928605500392055,0.572842899285734
786,0.9452947616740015,890,4,0.006933360134819251,0.31410913941787066,0.7665037975544231,0.8799117048058548,0.5152629706406188,7,1.910095343727792,0.004108608692459502,0.05279957739127093
785,0.945194625883817,894,4,0.006900250145234532,0.31451130558347756,0.8148742596287527,0.8777300593122497,0.5112093248324969,7,1.351622689036426,0.0038474056670384587,0.5318208255277724
787,0.9450080758810337,901,4,0.006944846250961032,0.31075779013531624,0.3703402991704281,0.8768286483927566,0.9623408403034701,4,1.3722995186815776,0.004018795317520782,0.1791562362975325
788,0.9453826275685613,921,4,0.00958218522586645,0.31611663553625663,0.8157783958476448,0.8400725418968668,0.6105706760575352,4,1.41892077067704,0.16938248590800706,0.0002208251582574634
789,0.9455484501411325,922,4,0.006943666828227746,0.31382396476379154,0.8587774296634364,0.8415908820128968,0.5194265989299562,4,1.9027228932726092,0.003088546032541638,0.053200949962989796
775,0.9452658042193871,964,9,0.007036202690880122,0.3555420707353553,0.7394572210573018,0.9008550844000324,0.9341765185176023,5,1.6280537034513032,0.0038546995930241142,0.1149815119117239
777,0.945217405080194,890,10,0.006384407978454062,0.35792398562071037,0.7329081442656596,0.9000377324477915,0.9185745005851186,7,1.6303623531634204,0.14387330031860754,0.06034847165613823
792,0.9456967977398761,918,4,0.007036053041499288,0.3146629576790947,0.8148797815321935,0.9448774424202201,0.6603590278805922,4,1.9126724100470498,0.0028283073509753126,0.011645725525914254
791,0.9454470119073195,917,4,0.009589834255976199,0.3146340880443961,0.815101067134883,0.9461747892444806,0.8306796920456019,4,1.9307285105005576,0.0050435831086694,0.09268862660374054
790,0.945312554431551,920,4,0.007052820277945837,0.31479165406552173,0.8633460322117198,0.9473356565429789,0.6618242575261377,4,1.3590728819839708,0.18245110313858706,0.19744583489690812
795,0.9460411244905884,833,4,0.009760340409193336,0.3261352608771084,0.8148169612262375,0.9440955758882527,0.6706466114242161,4,1.7646222109212863,0.0028857920554262303,0.010876319742211338
793,0.9449468725103681,923,4,0.009594350571672274,0.3138829109310861,0.8138549356017114,0.8438823875840983,0.9634703285434778,4,1.763148405611421,0.23871866906556713,0.18347621556446958
796,0.9457313453702085,835,4,0.008184266041843311,0.32850090314334757,0.8222702049802083,0.9443583831846979,0.8317003236903846,4,2.243427230837038,0.002979294310042317,0.011247045725795764
802,0.9455378938772687,575,5,0.008002713082217427,0.2751724376010799,0.7661084201381457,0.9182675082154667,0.8387849269534492,5,2.1981686713907043,0.21519584031343691,0.26308822435562557
799,0.9364341948810082,838,5,0.05191644588003577,0.3285318165818407,0.8227961087481496,0.9458776935330379,0.8316790746370765,4,1.7242780055692581,0.057817667556921866,0.18658886066242608
797,0.945486955599175,921,5,0.007936199253670364,0.3315292076360489,0.8205465288748369,0.9239882373302319,0.8392694511561873,4,1.7595811802022823,0.22800049362960947,0.08880587368120894
798,0.9448880131207836,921,5,0.007904487824908752,0.3296371132249215,0.8103557363697138,0.9452210138690672,0.8335065779755837,4,1.7668361921437317,0.2303480173713761,0.0022920120039933863
800,0.9454401657292726,835,5,0.007964386868152902,0.3301995257899728,0.819377765866137,0.9474137420373023,0.85545088939719,4,1.7648335032429558,0.24730112940928148,0.17097708263132377
801,0.9452011714979498,875,5,0.008052726327118254,0.44607373926143223,0.8667860394453669,0.9215678288798461,0.8276649917458831,5,1.7358420813574118,0.22160759246148415,0.19219922267846623
803,0.9451131438415613,836,5,0.010066885381222569,0.33222661790757135,0.7647877796459106,0.9436830577545301,0.6474085570253807,4,1.783818495018472,0.0030535344222490804,0.006438869965669356
804,0.945193353705305,837,5,0.01063267877133353,0.33674087393323493,0.7774674963158638,0.9463250717588148,0.6985703207679742,4,1.013313598635432,0.0021725759464769523,0.2622428289114921
794,0.9440831854047499,919,10,0.009651038712524424,0.31695579597961887,0.8135397370504793,0.8426150501029666,0.5762165692547181,4,1.0125196135569996,0.2037041845349359,0.18237810397056853
805,0.9446962533434865,839,5,0.01073953297924139,0.33468044868979974,0.7771336448079251,0.923149027163515,0.6078764271218878,4,1.7549406846494122,0.002064890762651111,0.006032131087266104
807,0.9450659166929085,848,5,0.010359599024857034,0.3977018984838929,0.781438784767038,0.943296328171483,0.6572275213430439,4,1.0124897285721421,0.0024643928762843868,0.009337462517510803
806,0.9451702802067621,830,5,0.010537709968683322,0.36507639847019424,0.7781425916684597,0.926013516694557,0.686667848801982,4,1.7408899594499214,0.005186608361839601,0.007795233200072468
808,0.9446680055536698,854,5,0.010758859389852979,0.3990300398264218,0.7853438876056872,0.9924786096775836,0.6576567771012498,4,0.9854033359094381,0.002298080793902319,0.008096176531799344
809,0.9450824435336941,852,5,0.010405343431466624,0.3691717569014063,0.786256089916484,0.927019675572979,0.6862955094713838,4,1.4704390530943563,0.00347137028915346,0.006266221298386183
810,0.9453434102394986,858,5,0.010508728910510618,0.3706173536611518,0.7832625884944969,0.9310432510368875,0.6825555276607652,4,1.4476623187624313,0.0025639889361790584,0.008503980731683129
811,0.9453362875009056,856,5,0.009915795267450612,0.35269348779801735,0.787423529196822,0.9321933467223686,0.6395927630513176,4,1.0494272870012695,0.002829172156343434,0.008754202376092665
813,0.9453748379537835,854,4,0.00941139094775741,0.3629546766647803,0.7873696710317636,0.9915913161195165,0.642787720524562,4,1.4637608498582688,0.0022437301055024013,0.005160527472878538
812,0.9457473921436309,862,4,0.010196680107356295,0.3648279389993315,0.7858250633614705,0.9250035080292887,0.8556176186001365,4,1.108897599656138,0.005372485189122506,8.477621986438665
815,0.9444687859470007,870,4,0.013818422462811923,0.3670911305787128,0.8533040177520113,0.9253790560826428,0.6685918925798497,4,1.4941923224517093,0.002700994666407223,0.008752675746822087
814,0.9450766002789859,850,4,0.010511772715164642,0.36267200288041906,0.7909468168398788,0.9930664932336188,0.6408496650111871,4,1.4800912173728766,0.0019142091734699576,3.15387580609045
817,0.9438044092434007,853,4,0.019386251673072407,0.3639825822483344,0.8496531071703808,0.991917925002554,0.6315018201788947,5,0.7697136037389126,0.005469469401983586,0.007539260760481818
816,0.9453721662745457,862,4,0.009632273187875313,0.3688702735402687,0.8500108389547257,0.9961261800556417,0.6805417857398551,5,1.4541440753841337,0.0020473052265198985,0.010080380100333458
818,0.9456344479474751,865,4,0.009174915278455632,0.3630215382106979,0.850765239478231,0.98366735901386,0.6187394766777161,5,1.6657935131022708,0.005681986799744491,0.014179580657348818
819,0.9455255269245468,861,4,0.011919508001459947,0.3596619799009971,0.849463324731712,0.9285345772634025,0.6213780787948116,5,1.5941950609248545,0.0030925504957516935,3.074464638855477
820,0.945397176740536,875,4,0.009244918305028693,0.3550545063116876,0.8461203489914575,0.9930792798578478,0.6391359032739314,5,1.613977308529426,0.07336064814594773,7.627948280074088
821,0.9453770953140145,874,4,0.009293310120024188,0.35352591705705405,0.8409951378010615,0.9928702752290188,0.6252879871386887,5,1.5851976908979875,0.003162559841903472,0.00014093917809772626
822,0.9451169196757341,872,4,0.009175430414826165,0.3473625837990459,0.8474483731770809,0.9661392811574728,0.6734698120541704,5,0.795491252994559,0.0018465289519872762,0.01285430917721562
823,0.9455529335528535,877,4,0.009512663755301734,0.29103131975273033,0.8445871903891022,0.9692295858731829,0.823353840446239,5,1.5515715779007881,0.08008765746695455,0.01554487386368285
824,0.9450452414439315,974,4,0.00914644842197891,0.292723552983782,0.8510770267799662,0.9688496240140297,0.6151869288797981,5,1.6325010083494171,0.061137521803549214,0.01590487123125181
825,0.9444668166271872,974,4,0.012038148621519532,0.2963561669328945,0.8464355734973158,0.9633996204845843,0.6272938403509307,5,1.5861175293953458,0.07605238766906139,0.002536424915607776
826,0.9448304019063434,977,4,0.00883413013798944,0.2928422856398582,0.3739201265890722,0.970445970130684,0.8169693660922345,5,1.5833596346462566,0.08481484773231668,0.36465988931009213
829,0.9448385588770163,973,4,0.008439940376353969,0.28900302705896097,0.5012146977215016,0.9681911662339545,0.6133353892617197,3,3.0949791635934316,0.06091937032325198,4.532370240367025
828,0.9447650104697474,970,4,0.012144510876411729,0.2997400615638261,0.8417106087991703,0.9640084742865278,0.6258132666860496,5,1.5939814099336802,0.06174361490668307,4.519947576690395
827,0.9442961631158694,978,4,0.01223218044610456,0.2957330699876659,0.8423760275730715,0.9662513681889923,0.818949885453376,5,1.5865489626909914,0.07006885836449965,0.0025963887050673134
834,0.944927259671338,963,5,0.008447831742021477,0.341472602859069,0.3540880850883359,0.9529175855528318,0.5737149756525578,3,3.131322324130918,0.0059062125414951995,4.6107746485076735
832,0.9446636807729035,972,5,0.00852804229431663,0.2940580846661845,0.49750056468168485,0.9614127126514598,0.8174503662957611,3,3.059729983995347,0.06267907994602158,0.002144169406715734
830,0.9433441269174544,973,5,0.012386505478277986,0.29228036271519164,0.8336558995979063,0.9668745257757287,0.6166627418634321,3,3.0553184004502927,0.06392756949755327,0.0023540482516515126
831,0.9452395758433692,969,5,0.008494574112016963,0.2995385030550899,0.8332657458057026,0.9550166865983583,0.6116543998888169,3,3.052221084066189,0.0071866085834602885,0.002484342531451752
833,0.945282168254719,968,5,0.008503063448605559,0.29194474898067574,0.8283486774760968,0.9591275027210113,0.6013360832847698,3,3.078385098435234,0.006875323738818699,0.002447248761215124
835,0.945247078461354,968,5,0.008494556755366173,0.3399641855629872,0.5008437171917431,0.9552847256304108,0.5796972383460006,3,0.02958585892962362,0.0049012488013198295,4.719911316445189
836,0.9456855625981436,956,5,0.008449588453107993,0.3439845533107869,0.8302423427779947,0.9509777858533799,0.6060466978859426,3,3.0768328348173486,0.004642275388361068,5.251622585326298
839,0.9455535023283164,819,5,0.00700611091187627,0.3401199736992277,0.8283383345390789,0.9483887535391243,0.8410235516864727,3,1.8747439584726,0.004788114058308048,0.2383105888340275
838,0.9458035715049797,952,5,0.007491952687521265,0.33075077448156004,0.8009719223675952,0.9482046244626624,0.83711730516863,3,1.3226234362049607,0.0074583317139551575,0.0002771210692730583
837,0.9451723716306655,953,5,0.0070191099592021656,0.3406541441637252,0.8279512305334616,0.9564183204221579,0.8522485932747229,3,1.335667685252281,0.004868598600442712,0.0026534186392291174
842,0.9456977510910418,947,5,0.007597802057840627,0.325474510600614,0.8006540419265257,0.8950010168985829,0.8428549062280536,4,1.89335279266504,0.004429467378843618,0.09005063800089162
841,0.9455007523177391,946,5,0.0075317668653653875,0.33940923304172005,0.8051082318820353,0.9169790113065514,0.8594539222912283,4,0.023760664295979783,0.0046041280334187034,0.0003012376634029094
843,0.9457739388251829,944,5,0.0075179562257896146,0.3363094826789577,0.8007945246921335,0.9372040928415363,0.8537912305380989,4,1.3152717232632467,0.0043866932921150835,0.2649109068162481
840,0.9449913841475454,950,5,0.007471448934562321,0.632733603685454,0.8040423049138329,0.9478777880025818,0.8470092628811449,4,1.808913729116553,0.004755527251165661,1.8798787412886995
844,0.9456294761193934,940,5,0.007445678019964085,0.33784386500049257,0.7996026741220775,0.8944532548187215,0.8578183078144314,4,4.400231791661583,0.16018037611848318,0.26666193944928707
847,0.9449657694228524,937,3,0.007512030134682154,0.32974271367952335,0.866481860316671,0.8933455633439908,0.7079065768572834,4,1.2576490677446854,0.14971736404177377,1.7975730811217407
849,0.9445042368345126,904,3,0.005335928559124168,0.32128710752772066,0.47542431728668966,0.8999016733850791,0.8216533002753557,4,1.8733227598568578,0.17632721344017097,0.08701374378780671
845,0.9457586893810331,944,5,0.007190397993499559,0.324883286734832,0.8019686542479292,0.8944647410684277,0.8556135452764653,4,1.3433956897489994,0.004497927249290521,1.620460719675532
848,0.9453941074402865,937,3,0.006462637884032889,0.3221256859239505,0.8007186311476588,0.8982610309259813,0.8963189034510115,4,1.2983373765875392,0.16860268316030258,0.00045832225680150323
850,0.9449448384858232,895,3,0.006367968589816447,0.2722397356303474,0.8046727065327334,0.9178799541521538,0.706171288370091,5,1.70119980836529,0.04587282160007029,0.12168138328599366
851,0.9445437401167436,900,3,0.006435778983397714,0.6025606520566891,0.7512243404401409,0.8940040108864039,0.7246617165074434,5,1.6997189247807676,0.0034701642181976257,2.0423138037062456
852,0.9446340053044938,903,3,0.006387269174577046,0.39243363741644943,0.7588075554527266,0.8948665788371261,0.7166456225088834,5,1.6884126585685972,0.14790564645508966,1.936067459421423
853,0.9452991188071337,904,3,0.006155963643100264,0.39132938443320897,0.7553773076635693,0.8946969258225385,0.8198466226099085,5,1.6806588268413962,0.15127296550429287,0.13539546076013753
854,0.9453480658492956,903,4,0.005820219918002294,0.31901890725808246,0.3848456756325558,0.9155782238424165,0.7163321182097522,5,1.6826629338395558,0.0034641447410553817,0.13716527114043042
846,0.9448302182283956,819,6,0.007529585585905127,0.3266828266454531,0.7989628027618728,0.9005690729683087,0.8351735542946445,4,1.892527012793336,0.14459490027683564,0.011570949809488014
855,0.9453489550175419,909,4,0.006419176484507562,0.3174680488238258,0.5331138258917858,0.9223791513767602,0.9032261634602146,5,1.685927516544416,0.043853680879953595,0.1276276337520054
856,0.9452075219542632,903,4,0.006234178661369825,0.3950624061050244,0.8715169894699023,0.9196866829756393,0.8125308679435459,5,1.6941973691984833,0.003147158830537467,0.13706509388192029
858,0.9453738621646869,901,4,0.006299937734434336,0.2739694358183367,0.7606560044918194,0.9183937392045124,0.806906182103236,5,1.6956355376153611,0.046477072346617763,0.0037989276935784903
857,0.9455971623677366,903,4,0.006439831085143502,0.3931665780274791,0.5338351899973268,0.9135694428891039,0.897950976951636,5,1.6822178132899142,0.00843441784414887,0.13555070380829573
859,0.9452959367954163,820,4,0.0059407440751896735,0.3889896801781432,0.7542158436144466,0.8502320564204205,0.7274858232939159,5,3.2504612785146363,0.003247526552859004,0.003544675318251695
862,0.9450452988432902,801,4,0.0058372869161288175,0.3173720496833955,0.3840014812004647,0.8489796175838268,0.7864836074404495,5,1.4361703278386821,0.0034289215997761807,0.1571211789998155
860,0.9449825999584263,807,4,0.005937417114274586,0.3096106618591178,0.8617720585230845,0.8545550001542316,0.8123873257819308,5,1.4575239977642405,0.04162550250916739,0.005370401375369508
861,0.9451320772809101,804,4,0.0066632741077488735,0.5183697899273978,0.8634577442351148,0.8550682657842791,0.8018663184065402,5,3.2537973698003677,0.007994441385278078,0.13001155274681397
864,0.9453479437452055,807,4,0.006808380650323796,0.2780792280698217,0.8753718291898213,0.847012477284376,0.7919266357197803,5,1.418928713267393,0.008810477357593938,0.004804211829131095
863,0.9439366907616652,804,4,0.00579133485990341,0.8705771971015458,0.8730947560441871,0.8543439884362809,0.7915742275368639,5,1.823635938730647,0.00762782434010383,0.010780820471219331
865,0.9453512353375164,809,4,0.005845346774362108,0.27467334808032207,0.866320956053085,0.8674728697549852,0.7875785448472457,5,1.41013520196102,1.1718561552161093,0.004237854435477486
866,0.9454570442715827,803,4,0.006841801720618499,0.27553555899072957,0.8693227571874931,0.846898654775404,0.7917855189197694,5,1.4039393327301557,0.007662458066915867,0.003955206147510883
867,0.945549289215393,806,4,0.006733008030360739,0.3069006807904644,0.8664155065030565,0.84840651987323,0.9510311261134496,5,3.2756063992443747,0.017093613878203157,0.33394015069458677
868,0.9449711576571902,797,4,0.005689401471018099,0.3070575505712235,0.8673372998084019,0.8442077985980029,0.7955288355521868,1,1.4198902133977576,0.00692816219130953,0.39736624350144745
870,0.9457871584192867,992,4,0.0053203625960383995,0.35187766366869994,0.8857553836651841,0.8681232125345008,0.9547841911323716,5,1.465885782749341,0.0064670924763535345,2.8290856574981382
871,0.9456231162704576,1000,4,0.005309468675318941,0.35244675459943525,0.8234591766235285,0.935339995992131,0.946821818308459,4,1.8550681909322635,0.015702110240288416,0.00018286480247934047
873,0.9458427512635529,761,5,0.005379404074063544,0.34638216573008795,0.47147762423224976,0.9388487289542174,0.9525136575933303,4,1.8057718212287346,0.019869585478185535,0.09362341576929495
874,0.9445346877160758,987,5,0.00825032127489767,0.3505176394907597,0.48104811471214914,0.9369565379988603,0.952739025863973,1,0.23318396038867206,0.018074812064429017,0.00019107707988178568
872,0.9455677592853743,989,5,0.007785696041841233,0.3481202891109305,0.8221788574103981,0.8688210427483088,0.9559328559140271,4,1.7975675029440688,0.021872754949814183,3.052290616018808
869,0.9451759303909002,799,6,0.006886126812202365,0.3071646229364364,0.888020155268001,0.8683354009577825,0.7902800108124872,1,1.5359302731736137,0.020773407826026935,0.005068437414039346
876,0.9451052790858048,987,5,0.007844014960000416,0.3470057258093787,0.4741677778751575,0.9391958177406143,0.953201832057072,4,1.108651418106177,0.016646051797445462,0.10199199551707865
878,0.9459718184177343,765,5,0.007773836305090456,0.35104992268954677,0.8217556674644432,0.9322667749590182,0.9239127918232107,4,1.1182660262146438,0.020433969868108446,0.21235016136944693
877,0.9436426891595342,987,5,0.008078651971219578,0.925332227840402,0.4795623261221504,0.9319150164041905,0.9235997601384094,1,1.1434474643291652,0.006039143010819041,2.8029954962117634
875,0.9445823677978493,987,5,0.008051035438584328,0.3485927011155043,0.8196321796546693,0.9380133377992805,0.947924114189492,1,0.8674845935288605,0.01793190928915127,0.20596636304372073
880,0.9458186675362983,719,5,0.008133282651776088,0.3750482523743816,0.46783385083449386,0.9377548723761966,0.9226717957571599,4,0.8505371946416902,0.553920584578198,0.09635015785230175
885,0.9438030556621617,311,5,0.008321153533381071,0.3742615619614161,0.8254270525153236,0.8830183890614852,0.8271620695263016,7,0.5560076647936789,0.5224301946380275,0.21861393371438884
881,0.94559099767662,719,5,0.007936110658883442,0.37474961236031784,0.47749771896455845,0.936454752688068,0.761408517937298,4,1.5581401483648842,0.4817368407949697,0.20776125886038957
879,0.9453323008545429,757,5,0.007937126595491787,0.3524174798593593,0.8246363249314487,0.9297137457344149,0.9186127028741919,4,1.1436723665684374,0.5207094512051674,0.00018344294366338254
883,0.9452163019688836,885,5,0.009301174523833817,0.3748720483898429,0.3474768733705743,0.9348345668041429,0.9222024941151505,4,1.5769617363583437,0.5459302163202302,0.09989044137978673
884,0.9460633975289847,927,5,0.008153158466557826,0.3293876572958717,0.3473983982431589,0.9361172044737701,0.7677971895386833,4,1.1500209153604883,0.4850973048854777,0.21907853481684925
882,0.9450919384312353,927,5,0.007970829206275397,0.5482768248997449,0.8170604425865642,0.8715355728682836,0.7636136393934758,4,1.16303865889558,0.4946984319408791,0.21375960192659446
890,0.9447855490038884,733,4,0.0071595075052648905,0.42451676059140575,0.8176962892522883,0.979740860915975,0.9048269762136356,4,1.5712981826349963,0.3442490586360622,0.18609621570126783
892,0.9456230891362154,738,4,0.007258694461686485,0.3763625727971712,0.8142526329436807,0.8315503908719031,0.9007814041540039,4,2.940498371267708,0.011531633838332729,0.1661767219162033
886,0.9451844891570836,692,5,0.007177149064654673,0.3693799358683227,0.8199890382885505,0.9782744912616465,0.9307325062027351,4,1.5596673039440303,0.4985440943082602,0.18347402216320766
887,0.945042824409121,739,5,0.007171062508225047,0.4271336147638055,0.8176163687366881,0.9791626093558979,0.9218810152289773,4,1.5654975680078451,0.010960004302365371,0.22031271050914356
891,0.9456927239508509,745,4,0.007007458104606327,0.37244659614130926,0.814940923287314,0.9804778370202845,0.9065369714018264,4,1.9860299027586517,0.010548131213573822,0.1693301467286187
888,0.9457684806679898,766,5,0.007161512972308591,0.36908749340488783,0.824470925397852,0.8808373813602751,0.9134329867264326,4,1.5478047670106916,0.5566052171550206,0.18556430502245824
889,0.9455465444824261,738,5,0.00926357567918542,0.37533657476510673,0.8108782174603121,0.979499526509381,0.9035356390691002,4,1.5490497083298622,0.01047196399476334,0.2281248390217503
893,0.9459115960542889,748,4,0.006989181039199061,0.3633018199469658,0.8194189178038527,0.9730504320587975,0.9021001682951395,4,1.5896261956759634,0.010629659490983141,0.16463106841847686
895,0.9448447079137623,937,4,0.009700346603545289,0.42426460646568254,0.32683612037171794,0.9806822673363638,0.9031516638224992,4,4.6590347213027075,0.6143901591809294,0.17483410407789712
894,0.9441485246601108,933,8,0.009737634475210925,0.33554677956396084,0.2712800065163432,0.9768951035996987,0.7661524171386334,4,4.774144479234831,0.3169969461836944,0.3265752989524806
897,0.9448205500891538,931,4,0.00954438815391443,0.33165512268942504,0.3209125999494387,0.9470559488554898,0.752293848425371,4,1.2745405349453618,0.8029710541867472,0.2752405282090637
899,0.9431500962128048,921,4,0.009197046393528346,0.9985787873628265,0.3267474587438917,0.9533990624027757,0.7721553463756602,4,0.9550513816571757,0.7722610956538181,0.37184185245868806
901,0.9418302459679403,935,4,0.02346678061642812,0.33376712126360386,0.3447920741422797,0.9463217219299196,0.7799844864572918,4,1.2894234057639045,0.005762166854829686,0.3025081729321312
903,0.9453404150366032,771,4,0.009653717433657772,0.3312249236366956,0.3470928344203351,0.9533718163674788,0.7652797989938378,4,1.238308640065812,0.3740033049099095,0.24190602911945752
896,0.9455569473334586,927,4,0.0092320423783325,0.32582508948586103,0.8358356908312773,0.9738344267830886,0.9318505825887073,4,1.9879910939079233,0.3528086525417935,0.2900304048154564
902,0.9455333509789398,928,4,0.009914693227345516,0.33013720821376563,0.7720918746832337,0.9505172976151772,0.761785264562943,4,0.9484180998484182,0.386811950621238,0.32431021950203587
898,0.9456136798158997,928,4,0.009164990702345983,0.3318367440655076,0.8347033059264277,0.9558490842346015,0.7551869406607363,4,1.0831505050424615,0.36040831935857714,0.31996280312722924
900,0.9452379143928432,929,4,0.011269653525989203,0.3286823495043012,0.8346843725706935,0.9537822761516431,0.7630750534242504,4,1.2688172584177162,0.416281602247084,0.0031123829749868616
904,0.9456530015074325,773,4,0.008868357695241146,0.35650515295995444,0.2821854609450389,0.952540249548547,0.7648436556812336,4,0.9907609048752724,0.009725570094056207,0.3181310184360631
905,0.9424179924405254,778,4,0.022980398644085485,0.3553202267979079,0.33989794255508393,0.954083105911531,0.7515729956426267,4,1.2145950783424306,0.7265039662331565,0.24727454213263964
907,0.9454073218162667,774,4,0.008873542551810559,0.360453435148603,0.30837960533304587,0.5160990350801871,0.8929929138056876,4,1.2619743629445836,0.012842746209204753,0.23620574011802017
906,0.9452029467035684,777,4,0.009062291237274612,0.3576557389817048,0.8385955159147994,0.9579798560920719,0.9274004611795345,4,1.189307675046321,0.014531539047780175,0.2803450421574401
908,0.9448314632726655,780,4,0.011283638424727759,0.4031837425917634,0.8410415302408368,0.9598645086165966,0.8808354230304221,4,1.2128841361239822,0.009524887663421631,0.2811197205381556
911,0.9449800326416586,783,4,0.008465157035568268,0.3984517337311636,0.2919595969974865,0.9607074599259515,0.8891292465922879,4,1.0537022394150526,0.014075719584925,0.17037032711972308
912,0.9452020773641914,714,4,0.008729979794685875,0.3988232565242895,0.2997115298824487,0.9589178256482861,0.8825645583662962,4,1.2152257882869615,0.014017186871212032,0.15783826985820637
913,0.945167248477002,782,4,0.008409134681462541,0.3586657096890475,0.3077799066839331,0.968526125857131,0.887320734413197,4,1.3582101386932222,0.009379975887091642,0.018304638546009278
916,0.9196491665623563,757,4,0.29711117923004293,0.39783129766409064,0.2987676814248402,0.9704727233364046,0.8791912091319097,4,4.9735957036598295,0.009135047435791417,0.8751713607656088
909,0.9451486176888168,761,4,0.011218706776192864,0.40559525721636047,0.848467681023209,0.9695556198989858,0.9277372891124407,4,1.2063891817285044,0.015034108277179941,0.2648553218074589
910,0.9455211979692816,720,4,0.008785692827512176,0.4039352282871087,0.8444700319960031,0.9989615120234276,0.9349324424462989,4,1.198329758133212,0.014077718182798122,0.017689884908613892
914,0.945610253596002,723,4,0.008726447158364297,0.3999837867903303,0.7952989949320792,0.9741730342419783,0.8919527169310809,4,1.1764405725830123,0.01477024063427618,0.14875497988657593
915,0.9452569052315509,757,4,0.008695842024333282,0.36084118695433376,0.7941994420990706,0.9645831004456983,0.8889039699670382,4,4.956628961492778,0.013824735905190217,0.01787863093265423
917,0.9454803358876882,711,4,0.008668368673676556,0.2590122198589163,0.7940876129824943,0.987372914177947,0.8896295357855306,4,0.7378486960776451,0.27944812766024124,0.1528116927235536
918,0.9451777264690129,706,4,0.008601357136148974,0.3892572128326521,0.7982573310247055,0.9913962824445572,0.889611322426605,4,1.4218452084404267,0.008861348736439617,0.0182336363702041
919,0.9455589025643383,766,4,0.006585897996063521,0.3849183310231762,0.7936151823662672,0.997245380774594,0.9414993874423383,4,4.959480116064879,0.3003738729979251,0.15786585098894199
920,0.9453651218078051,759,4,0.006707241727553299,0.3105213756649078,0.808789772041706,0.9876152385529463,0.93886299942687,4,1.3825581214485079,0.1333947995649223,0.00046604606663509205
921,0.9452837660441382,753,4,0.006659234217606449,0.3059539139469243,0.793682852960008,0.999053694701393,0.9213568908095198,4,1.444459026229043,0.2821818870032334,0.14046813976563066
922,0.9455445882079216,958,4,0.006572233230793293,0.31181418978118136,0.7985581211140989,0.7985638778903696,0.9781540427726342,4,1.451643327735255,0.2664901433716916,0.00046573946316317004
925,0.9448012190287933,752,4,0.00663031408796565,0.25907716528632235,0.7979429592454765,0.9202710705732257,0.9737471540352691,4,1.4903980267637007,0.13277052250201263,0.11638958403382678
923,0.9454857001186581,948,4,0.007689078090858093,0.3095211284550094,0.79632142677064,0.9228430687236729,0.9734681223800026,4,1.3831677596961374,0.2645165686966931,0.14740842012702002
924,0.9453988935031712,961,4,0.006649151966792266,0.30909099967103104,0.7918185977020861,0.9853231099284139,0.9766157506939799,4,1.481125609034605,0.2795938024888137,0.11950178710691689
926,0.945962389268549,957,4,0.006709968869525698,0.30956942377023866,0.8055798374514965,0.9234052080611236,0.9750151608866195,4,1.4581348357663035,0.27325992107367403,0.00045693103522000204
928,0.9458475968130458,961,4,0.006783762905546165,0.30600182860028485,0.8087297970112686,0.9285767407574496,0.9144674949947348,4,1.4350304856618874,0.19390702157004813,0.4684038628085502
929,0.945599933191321,963,4,0.007733976876374988,0.3080118967673607,0.8304740814386853,0.9216640386916494,0.9707650737585922,4,1.4217285307748777,0.1313635640806462,0.00023747411648935258
930,0.9329664971632298,961,4,0.06957016626473024,0.30971661285552277,0.8300504774948627,0.9241054456251483,0.9710657189645027,4,1.474865727539796,0.2708869078306925,0.11815665318279812
932,0.9454674586024868,960,4,0.007291569419575954,0.34434473077473093,0.8323323293685736,0.9255415300433568,0.9772895511295091,7,1.6279686325165594,0.1911745937774112,0.11267773786599673
931,0.9456920508129179,952,4,0.007138880668555977,0.3454380758037494,0.8581022275158431,0.927732297870727,0.9209020220155617,4,1.4920876871015254,0.1846428245254059,0.0031478749430184265
927,0.9457338417204963,967,6,0.0067623463074213035,0.317733594262383,0.8076359500806711,0.9220803283122078,0.9788546313895861,4,1.4544878346198218,0.18937895239259045,0.003291864294031965
936,0.9452038149993207,915,4,0.007568528737197441,0.28547079198319103,0.7733273065728852,0.91926769472628,0.9928083647264205,4,1.6606520388553596,0.2111166296780003,0.00025658233498831025
934,0.9455933708791932,886,6,0.007479487280937557,0.34444119816509244,0.8393594233610422,0.934935848812003,0.9168624638761074,7,1.7764829916627485,0.19082558152655305,0.003004153991321429
933,0.94510867817146,959,6,0.007643301229369641,0.34739666560187044,0.8317429533226866,0.9302839656602647,0.7403282311900927,4,1.6306973812313692,1.002533952242052,0.0033574331672212216
940,0.9448604598632062,885,4,0.007764936020012237,0.28009827221044875,0.22015419082504778,0.9115689606121047,0.7379679417779695,4,1.6115627415372662,0.2134227689440521,0.0003217706302318039
935,0.9449379202976719,964,6,0.007329492344438968,0.3418893474917869,0.8299051285967606,0.9404910688492878,0.911398071762625,7,1.8045004961766644,0.20078636469288144,0.012250929585257366
942,0.9443658511553645,391,4,0.007721768806923291,0.28431165013459475,0.774759942425667,0.9387843261215695,0.7320212935574727,4,1.6215059657571593,0.3584124842299587,0.00065421663730374
938,0.9450876637444547,915,4,0.007564678243261815,0.34463091525045,0.7735059853612299,0.931170405791458,0.9973486113708148,4,1.6053700839095413,0.19015605717140538,0.0004030297702502463
939,0.9454733707364251,882,4,0.007510675242549158,0.28811748535634707,0.7733034497068457,0.9117895365236709,0.9850173755640707,4,1.5975443340208497,0.20544828069192092,0.19379881620285475
943,0.9450654648034125,882,4,0.00758525039302388,0.279026699137214,0.7723554750716626,0.9401107202425093,0.9483810227917764,4,1.6052112287229183,0.37135051476816555,0.0005460985328887625
937,0.944725529103635,922,6,0.007580851839009888,0.2857164978861867,0.7789711034724767,0.9168888062282581,0.9821996717557301,4,1.5730501378955863,0.1878779908165934,0.0005516692947113432
944,0.9451922683356146,881,4,0.01035035114885593,0.28844135854252484,0.7736798657896239,0.9048550693193659,0.7416692538414141,4,3.547266743624127,0.3636634947562169,0.0006158041156655278
947,0.946321021504868,914,4,0.010222776149638754,0.2865457262472199,0.7779443756417959,0.9396330675930786,0.3342170085977815,4,1.5623570821612447,0.41406768270524985,0.0005146033199732784
945,0.9448680162278631,916,4,0.00999246816443919,0.2895413931474304,0.7635664297364693,0.9080566586236919,0.7844686173226314,4,3.581915943523776,0.34764904789396606,0.000541473382680733
946,0.9451968488044329,926,4,0.009983791723825547,0.2873620977076981,0.7779018487461689,0.9416197099750783,0.7821364555860963,4,3.551163077756457,0.3820251965613207,0.182961560478307
941,0.9449589796005393,884,6,0.007895885789292024,0.49088555352867996,0.7764554331447223,0.9373452929329973,0.738929509981813,4,1.6275788509623441,0.22828638237647084,0.00034396397824168674
948,0.9448981289750231,909,5,0.01030803120781129,0.2955116382531554,0.7732865422782232,0.9131812515711484,0.9978570393124366,4,1.5424156784340088,0.4339534574375959,0.0005920663457407167
954,0.9456896953519648,908,4,0.011151009918715343,0.2606931321349181,0.7646435009928911,0.9465928510895399,0.32454001705929514,4,1.7348932447101684,0.653612384463892,0.0005795670776443892
950,0.945105517032237,920,5,0.010245818413893663,0.32458033903936484,0.8197554026559278,0.8151685462865851,0.9410914950184909,4,3.5330587399497926,0.4144546510913247,0.0005779108618658638
956,0.9456447193017951,788,4,0.011205552030451899,0.25825068191189965,0.7434553820888086,0.9437368002542655,0.49459265400262664,4,1.721262467142417,0.5873324352414879,0.00034706789760845843
953,0.9454043318314949,786,5,0.01002687945150517,0.326659093882161,0.8150545248081702,0.9081250468233336,0.789241965114136,4,1.7606446756217033,0.08830683978208156,0.00045180363911714416
951,0.9440791204865345,920,5,0.010532780589186231,0.3263028328974192,0.8121064325424927,0.9092979691890632,0.7782879953012969,4,1.7538847470329066,0.08930224822920389,0.0003648270229689705
955,0.9447236912805345,904,4,0.010983743696473206,0.490808330797289,0.8107413456915589,0.9387525989688216,0.9400333862471368,4,1.325656929039479,0.2997469502794233,0.0004032232619886743
952,0.9434242605965949,914,5,0.010359559154949917,0.7943300988944203,0.8175574176582738,0.8102299794852159,0.7767743661417527,4,0.36897782201326623,0.09119398888504619,0.00045698498602378206
957,0.9440153654534716,898,4,0.013554152162187354,0.26945567365017115,0.7452443246118653,0.9464427103985726,0.9416572922744357,4,1.3392683119479991,0.40203707318701365,0.00040627092986865936
949,0.9446732842074139,924,9,0.008252012817461915,0.3238519288460016,0.8133676921641576,0.8103908017440453,0.942576811809289,4,3.599208425816125,0.43964653010072086,0.0005737569388907646
958,0.9452809336466963,910,4,0.011699546622165899,0.25838637285185184,0.7535929451221707,0.947340225177165,0.9406545276248933,4,1.5291521241675987,0.5277771665060766,0.0004318117117151972
961,0.9457948436715944,828,4,0.010621154160740078,0.2694128915360612,0.7476835349506907,0.41848528140247204,0.9579830790466521,4,1.5083297895155674,0.46489331775930826,0.0003168132172023162
959,0.9455938478156819,787,4,0.00919786596613636,0.2508109897637797,0.7551353335648953,0.7867589798837074,0.9598371881353809,4,1.3674320690687698,0.5476742861073234,0.0003933256394890639
960,0.9451196873684445,899,4,0.009863093528704733,0.2593581906541934,0.7446225895912814,0.9452960214991715,0.35399023618695763,4,1.5285403493024035,0.45534351291704794,0.0004230906447675127
962,0.9450679016670923,899,4,0.012972680168509757,0.2634370140271778,0.7454548493071522,0.9491505509240358,0.2570063634331026,4,1.3101642515828753,0.4584762823949815,0.0005277714220604489
968,0.9421282039513177,149,4,0.009472359913397335,0.37810236366658273,0.7846264936322797,0.957935323655136,0.6966320465540148,4,1.3547902609438125,0.5038656823541805,0.00037778485687183844
965,0.9456819589620468,830,4,0.009464909599392436,0.2675478111655896,0.8963546874765601,0.9560157787538869,0.29497654430555614,4,1.3910218738223787,0.5372445333417352,0.0007585585717521576
964,0.9452935573310951,939,4,0.01162156813286938,0.37711551938813803,0.7438971498927821,0.95187800675469,0.3595189020406074,4,1.5155071098045638,0.5123944011984893,0.0006988044798465125
971,0.942293352342331,152,4,0.013239794329205185,0.3715579437631892,0.7864987528591554,0.9594450366685068,0.43373092121171125,10,1.6917464118408723,0.794003215934104,0.0008786310945106708
963,0.945255025663462,833,4,0.01302427097747041,0.2727850847006554,0.7581067714738474,0.9476616774703777,0.6928226728829538,4,1.5396687799123074,0.5353011195763081,0.0007157440650810418
972,0.9423656640543279,269,4,0.0084504085747911,0.3678432034686622,0.7858999545524445,0.9668400483197851,0.3430959037288641,10,1.864146553406952,0.27406664021227,0.00027062993441667434
966,0.9450418006132881,825,4,0.011365068711009469,0.37682084450340064,0.7581649601825248,0.7848685895260071,0.36375064682956715,4,1.5133333480180728,0.4986821146265061,0.0006473846399267609
967,0.9456282519476176,734,4,0.012013969173110576,0.2634965705439585,0.7555023244552295,0.783289769477609,0.2397419337649816,4,1.5269962496052851,0.500707944430011,0.0007984388232287112
969,0.944809962516549,739,4,0.009431184427229056,0.38250292390346907,0.22910705198692055,0.9591240579159899,0.39395444995924483,4,1.8849296683172436,0.2818382628266579,0.00028796916364317215
970,0.9449337844129767,738,4,0.01211583444715242,0.3749978636490379,0.7895030248136343,0.9558906197447962,0.3227404130442529,10,1.5310896009226582,0.8130217104534565,0.0007236495878381975
977,0.9451190465828774,732,4,0.00846163707272823,0.36100637935867025,0.8569948795886547,0.9313116349200626,0.220718443899394,7,1.911823058168924,0.2543593672867717,0.00031709016933010394
976,0.9453766089849032,732,4,0.00828964806021192,0.30079700039285084,0.8537448316661713,0.9296171084968355,0.4436945118530722,7,1.8561098177226818,0.295224206141906,0.00022294594008633506
975,0.9454179939224725,742,4,0.008301114721592874,0.36131450334543214,0.8529453192734116,0.9291400161744053,0.5363797122340972,4,1.8857560901862502,0.7974426545949824,0.00031564212387856044
978,0.9451032565411317,745,4,0.008564826334861688,0.3016480039133416,0.8604547550580808,0.9278315732764354,0.451373468898686,7,1.9145687297123892,0.309933320421746,0.07808744240579102
979,0.9449960950694514,735,4,0.00841263803618804,0.35668842616199914,0.8048353476020962,0.9220515663159063,0.2128936010947458,7,1.6561459403727907,0.2536283567079212,0.0002831039592292694
974,0.9460163018770447,747,4,0.008465498858602911,0.3628683796993545,0.8048900729254073,0.9263160325993626,0.9622650750429923,4,1.849995694799507,0.2638675176257429,0.007065663199146853
973,0.9452809764353092,938,4,0.008532606685009915,0.36882261628059476,0.7953550142007293,0.9670421025116231,0.9101203166654014,10,1.9028371177551267,0.2775489807005491,0.0003013274678953105
981,0.9449922399198012,882,4,0.008382838685955449,0.3066029451315118,0.8065614864960852,0.829793046699125,0.21595098399149174,7,1.7159342455002833,0.30936839272367267,0.04798515837557659
980,0.9453270983854019,880,4,0.008930151999058729,0.30211685442764935,0.8567432284647598,0.925055770461992,0.5361185662977315,7,1.6787411901383713,0.3199234741744536,0.0003031803044959614
983,0.9452679953094496,883,3,0.008388222042796309,0.3075100385123508,0.8081570122269233,0.828840158455298,0.9313226998293594,7,1.7201273126147725,0.3254892791870632,0.0002572293643130121
982,0.9454915705076085,934,4,0.00846463974705695,0.301989956514937,0.8112929912476391,0.9280126285378281,0.9063954414453758,4,1.7077952008878285,0.27072151600545974,0.00028500756880095403
989,0.9443083547396414,760,3,0.009294674970397298,0.3547533145368247,0.8289133886030895,0.2299873339394401,0.9686453129667496,4,2.0064955774975575,0.3432482565708078,0.006060219594253016
984,0.9453220535035911,879,4,0.008889358502996028,0.30006881253256745,0.7274008444386503,0.8310774775097964,0.27503649563238936,4,1.6829642265983962,0.6923302306139718,0.00012811205566790008
985,0.9456890002979131,884,4,0.008582044510634707,0.2994570306093348,0.7996184921395099,0.9186744689337385,0.3830927027496067,4,1.6649447365596348,0.12870569322825207,0.0468849369092597
988,0.945230153999557,768,3,0.009229442021733935,0.3846210638397692,0.8072587523221451,0.9339751234869272,0.9962314645439362,4,2.0453061570008977,0.12018271905392273,0.005486844615520589
986,0.9450244555707361,881,4,0.008994291759160262,0.29838957439899577,0.8051214479849191,0.9728562274038145,0.41617957689094565,4,1.6812221481408214,0.37384671702892586,0.006606227079527231
987,0.945159293969521,878,3,0.00944733333564557,0.300448399830514,0.7193162350907167,0.97112097238677,0.9616008742138444,4,1.7017365939922917,0.31365317981782237,0.0595395399541337
990,0.9444305736285263,769,4,0.009308529080404745,0.7105725251537027,0.8076931810881709,0.9178039665407645,0.9402887786018588,4,1.975616999142632,0.3625082609485524,0.008982857320792001
991,0.9458242655392013,790,4,0.00958767650940723,0.3564197326437281,0.8262773912368292,0.9177271704260775,0.9671537610689022,4,1.996717742865364,0.34293120634034074,0.01030666647415999
994,0.9457457505219742,766,4,0.01004419905981964,0.34129343208213575,0.7861521682344531,0.912970271317667,0.38416180853674303,4,2.022744973315435,0.12336051197531957,0.0053684555139272
995,0.9453369606388385,705,4,0.009435796600043227,0.34256258381736465,0.7932681810130587,0.915415110701395,0.4113011946364499,6,1.7962317888532726,0.24366234928840835,0.004407512251198359
992,0.9452575407989945,752,4,0.009576068078642846,0.3489616253916321,0.8189360221048165,0.9125953008230646,0.9693727614229893,4,2.0082495764087462,0.2272739427177407,0.006692179593349378
993,0.9454298661970857,758,4,0.009342905762528811,0.38761196804610487,0.8277881825425817,0.91680557198245,0.9635985285762765,4,1.9890118269148571,0.1420121801022605,0.006518044826442765
998,0.9454942244452264,702,4,0.010109002452165254,0.3412168075924176,0.8243339047789,0.9105357744182826,0.9607083225209254,6,2.1363616219112838,0.23468922030598527,0.007539056489949706
996,0.9451861172116193,764,4,0.00996755671540799,0.3916712961278435,0.8266115043351995,0.9086687945408591,0.9638296381415244,6,2.0160013213289187,0.1626115111430488,0.007668555913660957
997,0.9454523270879281,780,4,0.009633969544425932,0.3429673060795651,0.8333378567574593,0.9110493018435287,0.9602834443425151,9,1.7693537083616775,0.15249350635657402,0.007777937958260283
999,0.9452790561658568,696,4,0.009513787487071568,0.3386343696239496,0.8244608459250037,0.9079178247807517,0.9647488543278816,9,2.1182450892917757,0.2462334068590612,0.006370303522391164
