trial,score,n_estimators,max_depth,learning_rate,subsample,colsample_bytree,colsample_bylevel,colsample_bynode,min_child_weight,gamma,reg_alpha,reg_lambda
5,0.940290033323563,113,10,0.02370874793281113,0.9510178422416528,0.3771199664451943,0.3010316303609164,0.9379897835479061,2,4.736875591051636,0.01758600793285561,0.00037140481204043705
8,0.9414683753641702,147,5,0.01447677084707308,0.2896205779227398,0.9844306055027788,0.8844787341073954,0.8170021726031198,10,0.5798108086155729,0.00029169122158611215,0.00825610572267996
2,0.9345144451539005,658,6,0.2421470049939849,0.7570283204457199,0.8440503692188219,0.5928629737464078,0.47842265021390634,8,4.706393023042304,0.00014235338729936587,9.61777616451273
10,0.9400733256977576,135,5,0.017880334043924206,0.5652755535041644,0.3087663114675332,0.4274922245267629,0.44811011107938187,5,1.8335847464318067,0.00033161392374440505,0.8320110310610662
1,0.9393875922582501,746,4,0.025998212710238052,0.7296704278952899,0.713227769459972,0.5173747116963953,0.3673634740852161,9,1.9542736837204489,0.07501497180522636,0.008034793764200496
4,0.940511295327569,489,3,0.005210310894110881,0.5319504968632265,0.9996012768100648,0.9297934717923255,0.8754986037941369,3,1.534526705550826,0.08155997602864638,0.519343920446109
6,0.9386602411528647,660,7,0.03067636694550801,0.9163945411021208,0.7456806205764286,0.8472373928455114,0.2839822678913834,5,2.3792906216137713,0.07134851792179737,0.06373393959688693
0,0.9433544170570188,560,6,0.020485095943300006,0.47357784618376864,0.5207832343424611,0.47046510896168203,0.7437772923025734,10,0.048448105038982336,6.379577399348221,5.909339237259894
7,0.9340244988394163,989,4,0.05721281980114119,0.7066230020911871,0.7699042840643564,0.556684201643633,0.9357996958311049,10,3.183584392986301,0.01586484538791898,0.2184735292829878
11,0.9370835746976365,376,8,0.0948734451821831,0.8846606571608041,0.49037588308498903,0.6960029010111902,0.9543958633833998,8,2.018434303198229,0.0032938449543570645,0.0005814492412852451
3,0.9411955457763745,807,7,0.0178295608080375,0.3308868109263548,0.3424388114163273,0.9262918508697,0.2560758265199552,9,2.4219342767532432,0.6852530603909037,0.008058948118787967
9,0.9417529018976291,458,6,0.007801700964849477,0.7954082333055663,0.6638418827821584,0.765157247748484,0.8878730476732102,9,3.32835133833234,0.001733206096344574,0.022187421570310853
18,0.9390032049297158,224,3,0.008501698468466146,0.880377276820574,0.7976763856013147,0.40059422426729263,0.4152223639175847,2,0.008718694657173787,0.01151027585377735,1.433098044449884
13,0.9216710657535117,732,7,0.25019829306621916,0.23963728017253338,0.3057569658465118,0.4433139132686737,0.648185382613158,8,0.0581458077851732,7.293760665072611,0.045231390192930564
17,0.9364153365826379,831,10,0.12797087742611352,0.7309874025849131,0.4621743704193918,0.3490288409169313,0.3289097085853618,5,2.8876502576215177,0.7271917429517358,0.0003381166747757343
20,0.9387450690559161,343,6,0.0067072061189201995,0.23111402545927295,0.5615491717258259,0.2621273345282758,0.7049660064902081,10,0.20088782658554682,6.82145732054305,5.5509623774286885
16,0.9326399240341404,860,3,0.11941884349082327,0.5677544252318062,0.38357076069607193,0.7894981837013165,0.22033560800809068,7,0.25059205996958767,2.4298473230587483,0.24069675801515225
12,0.942618422651849,887,5,0.006456546683341243,0.3217261013098752,0.4817056379556762,0.48125326341227004,0.5157843785492072,7,0.3980116869146999,5.09580102270405,0.2349250827220742
14,0.9363235518773212,865,4,0.039154162596035186,0.5815868885252159,0.6925237133242365,0.9256673269834845,0.4508495543757014,1,3.55009601638896,0.00284911072601681,0.187118845979054
21,0.9405501108611212,416,9,0.006519659658268679,0.44715504438477427,0.590348971990771,0.22949744886497195,0.7274325711367724,7,0.030479318799946142,2.747915319325542,8.498050712499197
22,0.9422178293971253,464,8,0.009170794774851677,0.47356326191761594,0.5669668911123817,0.7219102094909331,0.7169508601086988,7,3.6673578125132975,8.821437350533891,7.905839577946629
15,0.9422552683896953,911,8,0.010278217080679747,0.31239438839236905,0.2167323488634806,0.5166860347607988,0.5496030816035262,9,0.29037476756354985,0.0011451016225795774,0.1950447677098689
23,0.9420408901342254,456,9,0.009424385743224715,0.45716380794704325,0.5738857703207538,0.7567596214959333,0.7758565155477475,6,3.691967057555015,9.064497490082092,6.769968694105036
24,0.9422794877881613,472,8,0.009487511115150954,0.4306494767743688,0.58450256004542,0.7566312448113056,0.71221905304993,7,3.8397649043067648,8.640766132484726,2.8385378459928328
27,0.9430075047261066,550,8,0.011443679547707456,0.4305615519980128,0.23120396884218836,0.6501235655045776,0.5568022147511934,6,0.9850001054618925,1.3196540895791953,2.7903873372172816
19,0.9410271809340287,974,10,0.005005628508201955,0.2337857826405549,0.5486054620450553,0.2287533672486058,0.690385394480217,6,0.0037006681807626243,7.8778954572061295,6.290400422858584
25,0.9423261701647192,513,8,0.010771802373771755,0.48480972427098873,0.6163672799918584,0.7381178966276839,0.6973851374841954,7,3.9145276852098427,0.0018739656662773085,0.0022617785180225856
26,0.9433519415792251,520,8,0.009564727854669912,0.4426114946946773,0.6283095729204015,0.7181697948936845,0.7520067667066909,7,3.935585298528647,0.0011893269390858905,0.04092263700774849
29,0.9428194654708731,538,5,0.012226388283734861,0.37677111142634206,0.231064310745133,0.6508410854598712,0.5620514412903528,6,0.975093989006141,0.5096099038716837,2.722431737010856
30,0.9424247791319644,560,8,0.01068415182379843,0.4151037691516013,0.20484549285487164,0.6502336003918663,0.5656440372217122,6,0.9163867428195646,0.8464208747242185,2.395885875983748
33,0.9422068911666207,563,5,0.014651478160986291,0.3885246208929249,0.4724420394059777,0.6374347901457285,0.5822564766731212,6,0.8137309929238812,0.9405449296683249,2.203638611636309
31,0.9428929919620235,945,5,0.011927614682434967,0.3671883435540378,0.2017597555479641,0.49907776223401434,0.5761618666185685,6,0.8991332170645466,0.4089065280752835,2.0111471785378727
34,0.9433560524169273,572,5,0.013386938065478164,0.38843939635715724,0.23915604999093676,0.6455328167112554,0.5690361843396929,4,0.9913364191408938,0.48725624844703785,2.189738579904106
28,0.9417133636539706,1000,8,0.010985099108668125,0.4003816934165423,0.22684734334756035,0.6494835349782501,0.5604521681164101,6,1.1964043537343607,1.2510763069260495,3.027452588644136
32,0.942420959465554,980,5,0.013730382072215304,0.36408386290822636,0.20398039172604215,0.6351743932771428,0.5451336522188349,9,0.9623975233712271,0.4792033512446529,2.164694157725215
35,0.9430127771181025,552,5,0.01344423665539337,0.3866934204940108,0.4464758472328341,0.6144332042297884,0.5852705686821015,4,0.9954863153422757,0.6077183607808824,1.3040661721389992
36,0.9432274976824748,582,5,0.013989500927473343,0.36746222202377116,0.4593269821786714,0.625298216774738,0.5668772819580185,4,0.9777897121718262,0.6484454270314365,1.8861257383823569
37,0.9418217268594955,564,9,0.014374041727081049,0.38772439415604276,0.22044119063742937,0.6244239797155042,0.6021274624942881,4,0.9257176976388959,0.7491657866340107,1.7860567723521625
43,0.9408196801653469,630,9,0.02289312064125239,0.6642898838247694,0.2921283393376256,0.5993729348906687,0.6462919754268035,4,4.2143239276177145,0.10622756658465754,0.00010102735013533776
40,0.9393352075163186,619,9,0.02384350405467093,0.6505988882057747,0.25194715192670636,0.639833288835549,0.6282397845148167,5,1.209941013241926,0.1604266386539868,0.6706819613163243
45,0.9398796039060201,618,6,0.020491055832857527,0.6429190656063251,0.4078169392263998,0.588392807068676,0.7763569728704213,4,4.2606358154748945,0.14440488541085442,0.8386308367724682
41,0.9399957603790094,619,9,0.022743249071360258,0.6560836004185016,0.2741323046713512,0.557249964674339,0.6258300515771783,4,1.287949903614723,0.3204824987720878,0.579359858810304
42,0.9402846617872204,619,9,0.021933918483409708,0.6504183444461411,0.27413306966761875,0.5855502292814276,0.6290959696987379,4,1.3069260103514244,0.16980838327622783,0.7408819367464119
46,0.9395477928245499,633,6,0.020658202463439464,0.6680813632807056,0.6430927658567396,0.5700598635403564,0.6299511311542785,4,4.4910900677386465,0.08773261885278667,0.6158491471113049
47,0.9421139542996325,637,4,0.020258558018736425,0.5128507999215288,0.40568785762394544,0.5572726568720604,0.6393156677064675,3,1.4490092134991128,0.1689979246058989,0.6376642028850589
39,0.9384425885248915,596,9,0.023176522380217963,0.6195113208658918,0.8696109397685128,0.617825677779547,0.601672962372494,4,1.1691556312867677,0.11160285387037143,0.0017614018400715502
44,0.9405051097639585,615,9,0.021141023004406595,0.6641387522566065,0.4075047500099919,0.5869498485619998,0.6290837665992881,4,1.363903779646579,0.1918136646265177,0.7035724138307737
38,0.9403782039565357,612,9,0.023339656571990604,0.38150561030354524,0.8934603271060597,0.997850893602204,0.6162488183780863,4,1.0610712555009407,0.1526465386360566,0.00013042829342882803
48,0.9423565939120403,630,4,0.018681134388435314,0.5226991075202427,0.40224801236502034,0.5500571993188614,0.7911655833181734,3,1.5673113347260974,0.18774268125391413,0.5066205409214315
51,0.9373989215558032,711,4,0.03994769050212593,0.501971950995901,0.42944125328063604,0.8151762646405509,0.5013364199084451,3,1.745563365455745,0.033843012448113066,0.06163059764259407
50,0.9386085211998687,718,4,0.033930588065706445,0.5080619558208618,0.43777817182152257,0.5482259086074807,0.48896068675784155,3,1.4190674862579236,0.031598752031154205,0.4024240154738455
52,0.9419913043937456,713,4,0.016636699982822575,0.5126192532458722,0.4311978861287212,0.8244953673870281,0.49891336426937416,3,1.6541178501052327,0.035587406913198956,0.38504779268524875
53,0.9387796829564168,735,4,0.03707120452569622,0.5258854194887516,0.4333267990063558,0.8377922943179166,0.5025036006155641,3,4.999808965882241,0.056834543954731885,0.0995351634684226
54,0.9364078684042685,719,4,0.031628673497458314,0.2768050619427087,0.5119260088417856,0.8009693698527048,0.49541672271596104,2,1.736393101785507,0.00010181333289432652,0.07127688873602031
55,0.9350213294973029,751,4,0.040804674388884764,0.28727356939720505,0.34329132447811495,0.8418280978527081,0.889006119772759,3,0.5605784998771908,0.04063899497640837,0.059288918875581686
49,0.9410841858025171,717,6,0.018070964601065928,0.5152060218178798,0.3783507863780311,0.8085687400081861,0.8561134282930829,3,1.5013574362075262,0.03005037911461085,0.41590215286703813
56,0.9383801124539012,708,4,0.02971281752373995,0.27536832199467237,0.5235957054728895,0.8230895566453365,0.8563887997980731,3,1.6735053446819586,0.02504353686529709,0.10841758521152726
57,0.9354447656095104,709,4,0.04711543652926993,0.5075296983942529,0.5222212989641027,0.8290371648976765,0.8610374711304665,3,1.6990829075013134,0.04830779178938211,0.08472563114008203
58,0.9382748169831887,680,7,0.031019208878569224,0.2807131818176147,0.5322436439490413,0.6970100836267267,0.5002987444534314,2,4.972163542813625,0.04288203616932993,0.016551388676392945
63,0.9412961971171621,413,7,0.008058262126376779,0.284278018310399,0.35725988549031185,0.7104866844558427,0.8543278020944809,8,2.1361591463807414,2.2349746338222647,4.402400257811885
62,0.9406613163785229,521,7,0.028671682523458437,0.28957006157599835,0.5172175707822217,0.7024929973246865,0.853512670342562,8,2.158333810219446,2.020603414305955,4.229975955197531
66,0.9414661493126802,415,7,0.007723784217495028,0.3401506296607544,0.7044661633187008,0.6743983338664905,0.3795066141597062,8,2.127804510644324,1.9657806765229642,4.647401447721554
65,0.9419425744255217,415,7,0.007512555174950302,0.43538498996158786,0.532311284639512,0.6879358807741603,0.4010564103914453,5,0.613880267666256,1.6601558157276015,4.396437302206945
61,0.9425108583410337,781,7,0.008009245638722944,0.28080809909775206,0.34511047064592437,0.7010519722507137,0.8465490543635776,8,0.5980189132754324,1.9708939649327017,4.465254022651036
64,0.9429550197962039,675,7,0.007867912413396868,0.3213374238534272,0.5195794900993742,0.7017779883944829,0.3942259910355156,5,2.395066350481073,1.844310004539438,4.270290855159185
68,0.9420756282260656,505,7,0.007685254857052632,0.3406590837631238,0.35197573294113416,0.6839385075707469,0.44763649915043413,5,2.085174011122191,2.6794553194359905,1.5221065884761178
60,0.9426825377354341,679,7,0.016231060330848167,0.27758590971922986,0.5212651654442466,0.6876251582361295,0.8875493300394017,5,0.5066867623929241,1.7604763432281512,4.263686662289431
59,0.9386265946924629,689,7,0.029204952297586653,0.28751467817883414,0.5228052163464164,0.682686480410298,0.8413062296218714,2,0.6050061445308177,3.3199954962767295,0.0193793274126352
67,0.9418670013863302,510,7,0.007604398765435793,0.3233239048462686,0.7058396870904751,0.6817317862526782,0.41921775898387337,8,1.9824023704597868,2.4464666625587546,4.385882868723091
71,0.9415374320107205,297,5,0.012769902317276163,0.34658563753292504,0.32105374757995536,0.49279437851326785,0.9880115866743515,5,2.6928037646832728,4.193620441454186,1.1376948400104148
69,0.9415667870863466,503,6,0.005975244915891394,0.34669011458289334,0.6956749413136953,0.6708640924561866,0.40804496656974715,10,2.5925826152949183,4.150467074186396,4.184538644531206
70,0.9429860791109688,499,5,0.01268478130166735,0.3583867080238383,0.32974243005976217,0.48866341617404035,0.6728470292522762,5,0.6586567922877875,3.735927731449755,1.035402849893877
72,0.9424021721336633,498,5,0.012093120948171813,0.35155033712204603,0.3190256804191036,0.4928629881612437,0.672445123127086,10,2.9177310513016272,5.099259202925878,1.2419935456352391
73,0.9411820141384848,332,5,0.012902849718875186,0.3304769474567792,0.316568040505886,0.49845980668542006,0.6728763728147964,5,0.41397328030658453,3.1784936907631267,1.3053468693336707
77,0.940047607654219,326,6,0.005611906495267992,0.4676780950772983,0.7329331509513051,0.4720801474679912,0.7452392664436303,5,2.820847356783317,4.675264557337326,1.170245626144883
74,0.942095633467984,502,6,0.005807158848923704,0.35164867113004294,0.6234462080431696,0.46774607276327507,0.317262027863105,5,3.033432262267989,0.008551342419285705,1.1444215926591628
75,0.943369335672138,582,5,0.015977217293040642,0.42074019876654345,0.6087901660524544,0.736749261249951,0.3213073616967643,5,2.56164476909179,4.180133902251414,9.8028042294801
81,0.9431352798729066,583,5,0.01163713104119441,0.412720746472527,0.492524089977887,0.4447841987679354,0.6665429214442475,5,3.2708478255961584,1.1283841261894254,9.641893561858653
78,0.9421234011904376,581,6,0.012213195414357432,0.20224321183410676,0.6043950776353242,0.47818890221735805,0.6755888435593944,10,3.3545930560445,5.103130513971364,9.774216565281877
80,0.9432938148141817,580,5,0.012717496610978247,0.4154834541488195,0.7446905883410875,0.44299243550975126,0.6705711185405208,6,3.183003027280467,0.39721862222494375,8.715256773371369
76,0.9417983726259077,540,5,0.005628998892758623,0.4777165429122745,0.6009329015136385,0.4594112551891911,0.7453961459645246,5,2.6853234855002803,5.5647445752553075,1.2082921418300903
79,0.9423016856855788,583,6,0.0057115348075420895,0.41256962306425393,0.7568756096320702,0.35582225450932464,0.6636494998515012,9,3.212396835951467,1.1824311661536353,1.3347012901900106
82,0.9425771525129971,587,5,0.009739115918161243,0.41273434111474055,0.49283118163358625,0.4284169638075592,0.7531491085601122,5,0.7800421901073745,1.1560607397994551,8.360084630127622
83,0.9425350777394996,581,6,0.009728224562591687,0.41316158257998375,0.59894131992913,0.4218552280534328,0.7436792409134059,6,0.7444437449127693,0.0003405028217214892,6.938938977113822
85,0.9422495211484596,586,5,0.009576504539891699,0.41595335357913255,0.485553538328376,0.40577084843122885,0.5408602525900361,6,0.7616731024009469,1.23680173092205,9.408071723684875
86,0.9427010589430257,586,5,0.015577149288876185,0.41614732086215706,0.6663626223492696,0.40879501432833154,0.7369861344796798,6,0.82014630978828,1.0924138995288466,9.247123496226292
84,0.9423144846989278,578,8,0.009959537784279136,0.4164813063446992,0.6152717128991813,0.3646013822739671,0.5351226301053686,6,0.7780040085502387,0.0043496065288250825,9.866333398921606
89,0.942927596469902,540,5,0.015868687435640738,0.41014168772773935,0.7937895537259302,0.38776538897051793,0.7421293222952787,6,3.406656509681922,1.1373248471173065,6.888424621486593
91,0.9433321064481334,554,5,0.015855704063550483,0.43557126264266444,0.6561334777848691,0.42998042162097205,0.5397758248989559,6,3.951599145014326,0.29997691505567226,6.919116988654305
87,0.9428132799072626,587,5,0.015345903743803997,0.40710103789733915,0.4871089409029483,0.779386499082605,0.5350866767455978,6,0.20689423500308704,0.0005340368273627903,9.026535528935147
90,0.943028064654554,581,5,0.015360202585135664,0.4056790890961337,0.4910701924631016,0.3942986646899236,0.5999175629731036,6,3.306777255788381,0.28836025161785434,6.30621959808185
92,0.9428754392381556,542,5,0.01464348641750064,0.5536880984195309,0.6532666656102378,0.3688989696747148,0.5282367447361906,6,1.073168814231614,0.25858607472986234,3.0028146834193445
93,0.9423519863089798,555,5,0.015125545435910812,0.4496651947476361,0.6513547641503302,0.3839994304643767,0.2306482552458367,6,3.449519773978647,0.40282124514004775,3.2787655919776393
94,0.9427876808369403,541,3,0.015350438504705256,0.44904343155844073,0.6580974028335724,0.734146981281426,0.5369434010948384,7,3.8938233137853673,0.30147052244859207,3.058573298829196
88,0.9429667449197341,579,5,0.010263658006339934,0.41389062791565145,0.6583688291587637,0.8675061443845413,0.7345738619117282,6,0.7697022031063012,1.2332068112951766,6.099794196102839
95,0.9417957520842803,539,3,0.010943247854496675,0.45521488920378717,0.550362645044738,0.5250590037930892,0.23286724632347655,7,3.4449164887430634,0.34867129677624725,2.9963323151883223
99,0.941619938892434,463,3,0.014065138008258322,0.45103637766524385,0.6530304631909789,0.5213043677228841,0.25610921634003175,7,3.977083041176028,0.6450852619520475,2.8987343978862974
96,0.9431263088749657,546,3,0.014502718859828788,0.446482961609749,0.5523409468260438,0.7352412212287706,0.7988898116266653,7,4.048936034716438,0.36738833310854613,2.9868685749057615
98,0.9426313093296731,446,5,0.02612574913606755,0.4534820136822903,0.6724203787988973,0.7373635592945524,0.21289575573694186,7,4.027562194013719,0.2765784783033372,2.7128628073295484
101,0.942972764547017,446,5,0.018467071999514025,0.458020922372427,0.6850804005042995,0.3254941917493037,0.589949198413843,7,3.987926548969079,0.36623465333539634,6.319938323902166
102,0.9432184557180541,471,3,0.0186487435453227,0.38786110885859526,0.5611834172174623,0.7375732436527788,0.5933793969111609,7,3.871314410745367,0.5280524197677906,5.881634740612802
100,0.9431229671886688,654,5,0.01396958366221452,0.45101285843883404,0.5573785697868254,0.31363662203088677,0.7013120735434792,7,4.061273963237324,0.2798172062990893,5.860185578626681
105,0.9425676555282063,471,5,0.0192625587226204,0.38667795970909885,0.45763238273112655,0.31685258281305106,0.5928115434886012,4,3.6846230135756746,0.6701154274141232,1.8250298477053606
103,0.9426964555144639,652,5,0.018325614927660817,0.3803761028897409,0.4534092435544491,0.33608448365745963,0.57590862934885,7,4.0620760220007135,0.5481382344722423,5.915321974887488
97,0.9423872420386724,656,10,0.010951209108609378,0.5427702701753108,0.45573413574401705,0.3019053889646204,0.5936139542210127,7,3.9510328237932977,0.2971161612285599,3.079193686322954
106,0.9405007536744513,651,5,0.02577413922428298,0.3897477951928144,0.4556178284414899,0.6139690220098883,0.5828133478580657,4,3.6716416326037145,0.5865247398005926,0.002107536478380151
110,0.9423972660539379,645,3,0.017342428864414255,0.488021538481871,0.5785096159822047,0.4429299843767905,0.8169486068589018,7,3.744878310538936,0.6602345935418293,5.49468527694395
107,0.941272689470743,648,5,0.018997266686004863,0.49075478356896807,0.6774155051034897,0.298962955445788,0.7977719720106486,7,4.223325098153895,0.49720720432774207,0.003604502618414852
104,0.9426820868895629,650,10,0.01894113494772063,0.3878141765574347,0.4568967613524464,0.3087671605661717,0.5962947580583214,7,4.053710965796498,0.5967242852851262,5.60757996818526
111,0.9431241548335801,653,3,0.017643595126867157,0.4850519965899968,0.5857389164244996,0.28974341883538246,0.8084009469125495,7,3.6935202046524442,0.5201274907520131,0.0038219504434474577
112,0.9429123031935145,654,3,0.017460288603070487,0.4881159865292592,0.573233368858892,0.7519395170640243,0.8145204152744198,7,4.210511230256634,0.8626201257319003,0.00542804572325091
114,0.9424919123781883,525,3,0.016957204336863197,0.48124159697394353,0.5658305439258648,0.44698282616124163,0.8097171047868289,7,4.4920460970402445,0.22043302180164928,0.007694570452671579
109,0.9432109906705588,604,6,0.008810812651287567,0.494748952907571,0.46274265485324945,0.4472010212229794,0.773860182859981,4,3.69783887335862,0.22818635644516796,1.8438151583916194
113,0.9424666211771531,653,3,0.016634030128594334,0.48802081901965194,0.5695106165220541,0.7536049604867343,0.8166509942217657,7,4.52995675147106,0.21970978725139548,0.0023143275301014087
115,0.9426168551275463,560,3,0.016988146204468063,0.4928457129123631,0.5748585247747179,0.2040083681972566,0.8142696030150733,7,4.3887142328028235,0.2162493892345694,2.2553646044677422
116,0.9425261891879103,523,4,0.013981773266966096,0.433307789431359,0.6308673388924437,0.27365382626185186,0.6969927082243226,8,4.359990975780394,0.8578625530693259,1.7696948941075545
108,0.9428209964683114,649,10,0.008855746179162197,0.37318117701885867,0.5757826981556526,0.3370657916608599,0.8079783399980119,7,3.6618126094472943,0.5523647353487966,0.002422220786519936
120,0.9423120175701316,526,3,0.01379441267928269,0.43198744091798685,0.5498993427769989,0.21218300164282966,0.7733578704830762,8,4.54439577478314,0.22767038871745568,0.00028698200696300425
118,0.942345265365897,608,4,0.013577689226789513,0.43334638576382295,0.5569290299275409,0.20182888301283608,0.7170324090717908,8,4.410639126597878,0.21193041819667433,0.03552799110460814
122,0.94255192079857,483,3,0.01346974432031553,0.4328502418083324,0.9355593502771555,0.255584066596629,0.7681542781462862,4,3.559573667132864,0.12696867805554407,0.00037497541386877594
117,0.9426526817199511,605,4,0.00879976437126951,0.44141173041735726,0.5592959365479957,0.7612855664849679,0.7186950339022575,8,4.533007312495542,0.9100248783030374,0.03444889590273641
121,0.9429386301920669,607,3,0.013500332360055763,0.3720842034310058,0.6325443299197686,0.25168668691254636,0.7678072967336816,8,3.7788316078161115,6.703443633668174,0.00021638841351268606
119,0.935776598607099,524,3,0.07003608043080677,0.4301261591686681,0.6339044169012755,0.7490821941733223,0.7627301433727981,8,4.498556150492963,0.23477180462552846,0.03019702975107964
124,0.9420928897786416,612,4,0.008585491176687816,0.4323966364061576,0.5382862218571415,0.2543099281564554,0.7744633472643696,4,3.826633027945197,0.44872325011408226,0.0004442549728523691
126,0.9332585002240558,611,4,0.2121082034016157,0.46800730603656965,0.9493118168144073,0.7927581022522848,0.7670850205416555,4,3.561021151309159,7.163430922244251,0.0012366803488251016
125,0.9428354318851934,603,4,0.008721450047671808,0.3722503530949618,0.5070819706421643,0.7780986913419387,0.7585639710976697,9,3.5403675343562186,0.12527467802636694,0.0339930179121283
123,0.942874063740798,603,4,0.011611474378909739,0.43723216903578815,0.832858797091868,0.7673689435096472,0.7871203070800604,4,3.753351303275468,0.11947339457482718,0.03813244626502472
129,0.9323512365689937,608,6,0.18972314077663846,0.5787044324780148,0.5029774828180877,0.7738880141372961,0.7614950790357764,4,3.0496311355363552,0.41811767787828275,0.012369979244125183
131,0.9428262584240603,567,6,0.011804325113141051,0.47269296772239117,0.5384007434720649,0.7873513991146757,0.6532461968029607,9,4.145942228365046,0.4277615992721076,7.6676671968821175
130,0.9412663118801874,560,6,0.021095778365536166,0.46999787257051434,0.5041314778622269,0.7784733311212364,0.7872128664522602,4,3.78154335236382,0.4249328868949177,7.643333170587828
128,0.9418748170917256,490,6,0.007035142017546912,0.5742571468445956,0.9392661719317366,0.7809762830736343,0.46861665866447816,4,3.872060008056809,0.45091004609331226,0.001184981456800306
127,0.9421700981777414,605,6,0.011328817290675025,0.5872420827802616,0.7264633248239483,0.7972894643633519,0.7187671328374488,4,3.8690329420349547,0.12212395245522865,0.03079949631162255
133,0.9425713718757711,555,6,0.011275085953406755,0.46534974122529493,0.5039037232549134,0.7809470284482787,0.6543840320847999,4,4.139241505885687,1.5382439809819455,7.705456623986473
132,0.9430283250389173,560,6,0.011368054818510309,0.4689450751839284,0.507345871982182,0.7887127001666634,0.8311919773908785,4,4.129167498045849,0.4162912633550454,7.732351553100756
135,0.942143384516237,556,6,0.021188738818415914,0.5339464950846748,0.597294553781443,0.42340565237390904,0.620313595692518,4,4.127368150362488,1.5023177418667535,7.51602594592262
137,0.9429034302962958,561,6,0.021501630547943594,0.39867206929898075,0.5938295106322218,0.2811108699489795,0.8342994465061345,5,4.1677677237933315,0.08788427031498353,7.814178056661646
134,0.9429180765253676,563,6,0.011677040551902239,0.5327191982670479,0.7301297978523675,0.4247594783488767,0.6910895758886442,4,4.1035853266510145,0.06849374681446646,3.4986784731832103
136,0.9407173997263992,559,6,0.02137558121062314,0.30929263785115313,0.7236047715492475,0.6657056135500502,0.6885760187620055,5,4.136510226883403,0.06902781502724338,0.0008217022727694671
139,0.938776408062101,630,5,0.025041083214382368,0.9844340377367462,0.7331415647087922,0.721699008429529,0.6930299285941467,1,2.305487898643519,0.07001736267262787,3.6767222473837484
141,0.942806951367068,692,5,0.012450337590683182,0.30817336873928264,0.4704207071645278,0.42289556713217946,0.610123594975039,6,4.116502702956751,0.07139783225843307,3.7888692089091656
142,0.9431368129575942,630,5,0.012655340854012818,0.3076237638859491,0.5947878026058308,0.6630693510067472,0.6865508438393104,6,3.2549282202719647,0.3159791723020727,3.6100129337575733
143,0.9422126634548491,634,5,0.012553910177443343,0.9657111199404385,0.47163831606928486,0.7293598647824926,0.34364588749859,5,0.10750181122683877,0.3418662845542825,5.3411084365044506
138,0.9428993779015767,565,6,0.006908745003034856,0.30845280604854053,0.724494292524761,0.7172112713298847,0.6146515186032465,1,4.142408638462759,0.7547652833742899,3.546047861989472
140,0.9431799303121693,632,5,0.011669792999596657,0.3980867711791654,0.5981609254020313,0.7253349355875074,0.6170969820163661,6,4.113313762140392,0.07550314860894328,3.763841911419934
145,0.9423598030579999,632,5,0.012778735039371507,0.3987273624308218,0.47456959452943775,0.7167867011218981,0.9212057424905561,5,3.215053950546141,0.35544203820154985,0.1440825326259957
148,0.9401637359493413,181,5,0.010333395039272223,0.8522417009014871,0.47120257498438767,0.713217321206245,0.33818616191020606,6,0.11197912270722687,0.0013906050819312752,5.304831496423222
149,0.9393463335992698,177,5,0.01067384317086957,0.39598521667660136,0.6158292448319027,0.4506092993737404,0.5653085817971352,5,3.1790325440810823,0.76061366980574,5.286917373278333
144,0.9433868883960059,685,5,0.012347960754537916,0.3984220412453315,0.472450588801282,0.7222118312401431,0.915238523347147,5,0.12043478494029443,0.3519698645228358,3.604760955296615
146,0.9429937883666446,633,5,0.012577882828874417,0.5024389449813229,0.6083491991604753,0.7221384930714416,0.8753048843491049,5,0.11343729555939924,0.0010213875270097491,5.119139797989678
147,0.9415848605789406,689,5,0.012647547246329766,0.5000803215516709,0.47246617188061313,0.7127420861375273,0.829526611734477,6,2.2672169646626816,0.33798503764785004,0.141439446451719
152,0.9421044479222195,679,5,0.010059887004545425,0.8039786171432899,0.6246012989076256,0.4484690082566996,0.8326763639639227,6,3.238058862671178,0.2908912546359657,0.28629305578937475
151,0.9428954914431854,628,5,0.014604507164408856,0.39343706688132984,0.6160812210971252,0.6541979153424108,0.6414413584949267,6,3.2210678749227712,0.00071674413973644,5.011567758976591
155,0.9421654874438069,689,5,0.01456097658122845,0.397508525112522,0.593396409518077,0.6525622044804553,0.5622642686619709,6,3.085059006440072,0.31886272252195896,0.30340826676807703
150,0.9423675342297944,631,5,0.010389112380693379,0.7641097215527504,0.619439257751259,0.6609709530920499,0.9067532395226563,6,3.241494418907103,0.3489007752623369,5.102376647254668
153,0.9438623648539928,669,5,0.010335825088394585,0.396670938319799,0.6136239913946813,0.6571570286657163,0.5632726126814127,6,3.2909728113837375,0.005661235781100317,2.4032291507768266
156,0.9424745172416508,663,5,0.014812818306527602,0.3625735982348195,0.5820396590489826,0.658004197198204,0.6389225293510176,6,4.32234852618138,0.1553658085638758,2.3920643829822485
154,0.9428713440548238,670,5,0.014814102872468399,0.3576794590337725,0.612597137709391,0.6522837037447793,0.709572036592969,6,3.0278166262386637,0.15969369070809056,5.183212089351268
157,0.9427294883235406,687,5,0.015625702165656886,0.3605488946405888,0.5879145253943853,0.6673696612392908,0.5517031676896785,6,0.4574144150238606,0.0008379279389393287,2.31356685487466
159,0.9429182007167072,675,8,0.015206888823661818,0.2484312976650513,0.42492322535698723,0.6670185748426122,0.930122995520295,6,3.097596196573273,9.712052233747556,2.0566063097008764
158,0.9414503571836852,757,5,0.015557015364518381,0.363079893555265,0.5929863096501347,0.6484948276327411,0.6384980300492373,6,4.293035702429782,0.16665767265627499,2.256043629552911
163,0.9418416152154471,669,5,0.016953889966408488,0.3643399279931706,0.4238240532110807,0.7368589396131542,0.5169028906713564,7,0.34000679997954425,0.01627820873464314,2.3594879146438266
168,0.9424360283626303,589,5,0.0195786344033284,0.4200198011402491,0.39109789293388386,0.6336706227403839,0.5780614316642495,5,0.29737965498518903,0.513092750588798,1.8714992056932618
160,0.9426600319687294,677,5,0.014306184627793761,0.3680691608815387,0.5876697717229071,0.6614635848443986,0.9243374627907944,6,1.8647890955459643,0.6052867754359934,1.9533640780327621
165,0.9435743463522801,735,5,0.009176845115499216,0.36159504836053324,0.5323813453215777,0.6298017901220465,0.5183869918439917,6,0.3818041794383521,0.5406618925577981,1.829545596184873
169,0.9430620028080601,591,5,0.009140056597449308,0.42322366465654365,0.5395615757794645,0.6243339842484416,0.5722187264828932,5,0.3582690114729896,0.9215532157000818,1.5503246469403067
161,0.9425769020430685,752,5,0.01447046973076764,0.36120698557297615,0.5418278067889367,0.6647041849684373,0.7076891929116157,7,0.3672844631304828,0.017639582360983324,2.2319132303646967
164,0.9412438097661691,763,5,0.016045805909291316,0.3724911413814233,0.7845409864233643,0.6309296020646449,0.966262558658654,6,0.3352411168479711,0.004870197425705356,2.4907210327931866
167,0.9417045810302884,592,8,0.016606598211592112,0.4213775620369831,0.6406241231368288,0.6314777980064987,0.5191898934517397,5,0.29442375453550473,0.0046267583389574376,1.651292797579196
162,0.9417023059284375,670,8,0.016222378570693478,0.42140187428176973,0.5434246270988776,0.606470553046652,0.9246917222604807,7,0.30622564260232726,0.51193402489399,2.1924464628638445
166,0.9425787419534186,763,8,0.009265074338709978,0.33899214032794717,0.5874778104344472,0.6346547819948919,0.5158185392811102,6,0.4418859168071595,0.5007041346433598,1.7897677632477733
170,0.9429253620694142,578,5,0.00938678790209784,0.41967085103395346,0.5388823239640859,0.6196342831605912,0.5767884854657319,7,2.8703685933251766,0.0029621404254085186,1.5700117049950222
171,0.9424198396562483,519,5,0.009026851418409022,0.44819157601533766,0.547375057806815,0.5388375703306313,0.7283338754888157,7,2.8743531880203017,0.002941526664844592,0.8732907923499714
174,0.9431512974248373,538,4,0.009704752675694324,0.34381235865768156,0.786451268564152,0.605571370731788,0.5194750646794982,6,3.5976684877382725,0.0026438347240906354,3.84082295693001
172,0.9428583425782827,533,5,0.009515394886314133,0.44659260910382514,0.5479192132157507,0.6150962150786248,0.7284769943948788,7,3.958975556382414,0.002928033700189592,1.4894289911521623
177,0.9411914432876699,536,3,0.009411271162561203,0.33575194852028273,0.24887431211346767,0.6006586622168917,0.47920168842529687,6,0.018345008195083615,0.0023871480719161466,9.673407664967387
179,0.9421436746439042,534,3,0.009633148182574562,0.44716556316775985,0.5282467440875398,0.5134190168112454,0.6568407102614617,5,2.510140789569139,0.0019947899313363738,0.9397311280491576
178,0.9420199665025691,729,3,0.009284321926557341,0.384793497970832,0.5239910225696193,0.6944321325235286,0.28257868811483877,10,3.59359750386323,0.00026162109227471393,9.693076449291453
176,0.9427345008529858,728,3,0.009460037382884107,0.33608922370681377,0.6413186152909963,0.5983796074483378,0.5266400782435555,6,0.1910845975196224,0.0018290347026385589,0.9096645031037264
175,0.9425681773405575,794,4,0.00924393971654608,0.3808389372942602,0.8206440430066054,0.6016222868261872,0.5545103676645857,5,3.4742324679990553,0.00038868106361723105,0.8859676972119976
173,0.9425670387460073,805,5,0.010097176647400766,0.338474366472679,0.5370186498350528,0.6965064625413413,0.9576686592109244,5,3.6031163516376714,0.005720311102446136,1.7085506989965387
180,0.94354484830007,731,3,0.01326670634740456,0.45950796854508774,0.5610605139021134,0.7011947619751813,0.6836144614235385,7,0.005184540711846125,0.2647505043488172,3.3873738115608103
182,0.9422916282743229,731,3,0.008368240568841475,0.33248177466156525,0.521933249410119,0.5731561931800344,0.4808340421467188,6,3.5149677814288545,0.0018571984270685682,9.916975013280934
181,0.9426214888212243,732,3,0.013153884272726662,0.449627613579705,0.5233997726728519,0.7491833547700566,0.6624337668751008,7,0.008425098363884984,0.7153976555530577,3.6426682419373027
183,0.9424746466511138,727,3,0.010399986381643408,0.32961923138843896,0.5230810445768508,0.681668622284975,0.47986012245208587,6,3.496806347097056,0.0021211691789534944,9.974755969671017
184,0.9427690030856434,479,4,0.011047756108580156,0.3866081228258146,0.7535567514090714,0.687006553251811,0.6652118234060382,6,3.5733452451991448,0.0004045771646823725,3.7930401468056663
185,0.9427352553936454,483,4,0.011023615437529902,0.3847919941593715,0.49005434482464544,0.6981091701169317,0.5542972286752852,6,3.594741497353428,0.7592555518799781,3.957663120017096
186,0.9420716238380831,432,4,0.008270015543029877,0.32650432184441813,0.8019109605676396,0.5789758945765341,0.5492052347655396,6,3.402593255433581,0.010045615719339188,3.834934063840703
187,0.942676725789467,480,4,0.011115514056274305,0.38225110621810976,0.8317001846983172,0.46720807779715967,0.5392836497147283,6,3.4137551852632506,0.2574735310353855,3.6029933098268305
188,0.9432709260372111,480,4,0.01076019073966763,0.4042463000366981,0.7546537562623256,0.7482612152097738,0.61382535802054,6,3.347769114336852,0.007248808542405454,3.828381808805826
189,0.9426620315536589,513,4,0.008255083200318343,0.40922019205683285,0.7728928832310977,0.7508395366288863,0.5434172548795011,6,3.353577626007331,0.7317532712953285,3.596522874244205
192,0.9426319041957534,495,3,0.011010477014635181,0.40063865776045365,0.818888157541122,0.6963224584310984,0.6807871968852551,6,3.8611800052280145,0.27928924591770465,3.9272091184615725
190,0.9429521039087858,709,3,0.008206413070436075,0.39477636143242484,0.8630345909527908,0.5813656335771094,0.6776450266637548,6,3.3360930963732027,0.0070891963822167356,3.578116935535311
191,0.9426361966241539,703,3,0.011456044836422824,0.3999798051611357,0.8042368501177509,0.7462426029450795,0.601351589632349,7,3.367453282996383,0.7195478766120857,3.5785573796090846
193,0.9432511827450932,510,4,0.010941310788606783,0.40174800512825515,0.5696628446125118,0.7347292150289968,0.7910587757800897,6,3.3429170952700042,0.25668265935449175,3.2226694414375254
195,0.942435121452764,500,3,0.012030047799367035,0.4056259269361563,0.8543640238109822,0.4760670142993643,0.6798399813478851,7,0.2023724358479757,0.2503134604594964,6.55008218946474
196,0.9426298117282252,508,3,0.01207680652019594,0.4024032455339306,0.8581746879485892,0.7407875169009621,0.7966482147103683,7,3.3300947787281947,6.1289516476715615,2.7951465587863638
194,0.9428692902014099,703,3,0.012156470779088244,0.4024125528965973,0.7652318807547717,0.7373184939251711,0.6793995023335149,7,0.20355521445823702,5.9116399444362235,4.158573153500985
197,0.9423341163232024,513,3,0.012045258236117408,0.4749553436534033,0.5667488728733436,0.7460726770016181,0.6842645772976905,7,3.870045811432887,0.00127376436472145,6.474155167520787
199,0.942945968439161,382,5,0.012095288011014548,0.40971171531094774,0.5629215740550958,0.40933147121252794,0.6113124185686246,3,0.18755298929720762,0.0063923395798541295,6.295500872491187
198,0.9432151161190069,502,5,0.012007274841071008,0.4034353652228372,0.8082967124338969,0.7384321517066943,0.6126349270581535,3,3.9117128679593165,5.959954584352457,2.895898642705484
200,0.9433646539717235,572,5,0.012105289989625368,0.47106187476025196,0.7653696574051249,0.7433545284894787,0.598053158876774,7,3.7034752393354635,0.0012397546212206568,6.4640137769591695
202,0.9429290043196253,548,5,0.01220174066204527,0.48044618502323533,0.7641948970126357,0.43822314488257763,0.6264164729413872,7,0.20300921990971604,0.001253185043500342,2.667259518931978
203,0.9435702334273284,457,5,0.012137229926942689,0.40456096652223666,0.772760729525937,0.7319247791188624,0.6177669794307215,6,0.20042323588783545,0.19979026941539038,2.8985031843212097
206,0.9425082200577863,457,5,0.007346924017950612,0.43259793526774576,0.5690802254610867,0.7283988903181994,0.6245852199049051,6,3.9414608944172516,0.40330541725394253,7.099875925760852
204,0.9433884423531875,454,5,0.012417819450627438,0.43187893658079474,0.7610023442714138,0.7339477114707114,0.7883004569439033,6,3.1439704484835307,0.0013664619309939738,2.6951436011503955
205,0.9424266477419938,575,4,0.0131676004231284,0.4366069405449046,0.7753471496766244,0.7367761367397032,0.6181781806286587,6,0.10182693510353058,0.3655558092123188,6.47325428343165
201,0.9429653652478777,576,5,0.012099758973390941,0.47579236264862107,0.7683659676694578,0.7349052418040728,0.6046521564206472,7,3.683659567319644,0.4374947590715878,6.581562234301014
208,0.9432095640355908,542,5,0.013368246991155361,0.4351156275761951,0.445094425047043,0.7205924173476215,0.43310953155473203,6,3.7313529974323103,0.0037622934181055765,2.7977994663288657
207,0.9429861365103273,460,5,0.013533282907820177,0.430687144421157,0.7457138056615648,0.7284979670133266,0.6131521414186465,3,3.94820508731879,0.19917101075499355,2.911782667717445
212,0.9431977157643455,431,5,0.013240468003253646,0.4265050634955374,0.7817468564897841,0.7648467138413872,0.5915627530849458,2,3.71822260904891,3.8650246265213624,2.7914349131149625
209,0.9423673171558564,467,5,0.013506012368020853,0.4323126062559164,0.7789422826490213,0.44245547293925847,0.6329114229884736,2,3.7293304770069526,2.9681281246412397,2.722073488487682
215,0.9425332941848834,405,5,0.010424798555696528,0.4597667254844433,0.7439466501685715,0.7125410030647726,0.5978668378671242,2,3.730454569938533,0.0006617744434755559,2.712777968058297
214,0.9430750909054515,452,5,0.013162880038258714,0.4588805999405189,0.8082914379406512,0.7082344462088592,0.6111673204555235,6,3.733135399997031,0.0015297192456362866,2.8703724029203594
213,0.9430442079632615,442,5,0.01322858238370459,0.4608403826411915,0.7848732019625663,0.7656321841819221,0.5982543812273017,2,3.718391568878919,0.18633266206391402,2.8034866774885425
216,0.9427594727048622,429,5,0.010459481181406825,0.46044204987187004,0.7403003828763123,0.7656560578164754,0.5914920453353254,2,1.1466860266609527,0.0008239344280763111,2.722778242087669
211,0.9433459991801701,575,5,0.013171575447840365,0.4314398853671172,0.7467953104471574,0.7205076620742416,0.5939400135723907,2,3.7322240811172316,0.00082905209458294,5.0249186311524
210,0.942775700025358,572,5,0.013578871206037468,0.431678676374694,0.7861354376753281,0.765007780415565,0.6291965873146034,3,3.6909602212864088,3.2014673585275,2.8414367565138496
217,0.9427630043308547,441,5,0.013138877789257911,0.46422176765607676,0.7454495834001622,0.7615296621027422,0.5925854625501201,3,3.776231745074606,0.0014500618538962884,2.900820041211221
218,0.943352733690374,439,5,0.013289456295347503,0.425156438212969,0.7076786389357999,0.7623087037980836,0.5882108289295132,3,3.8466652112728705,0.0009363976680662992,2.7312437604651922
221,0.942965490482842,410,5,0.01347254695038496,0.4244360454144669,0.7440702274647585,0.7657205925256897,0.567176717076776,3,3.8184552033045187,7.978767229456091,4.699092972139473
222,0.9431730956139941,442,5,0.013579767371748954,0.4267071909230991,0.7450262697022311,0.762387747758295,0.44465833384371223,2,3.8223470100621855,3.9313470247115547,4.713665032346545
223,0.9430874411601785,404,5,0.010818506082701834,0.4196680442499597,0.7542846262509949,0.7563942558222628,0.5834103113136421,3,3.843656490594066,4.017840177424293,4.781338516612018
219,0.9430788552597527,436,5,0.013275745704696409,0.45796845046241247,0.7422098940718143,0.7687984632847589,0.5884618281603454,2,3.7610364135207934,3.505665634406542,2.7057451854904935
224,0.9427878133772774,436,5,0.014003116912127134,0.42247118971066894,0.7133700216220301,0.7159962958060788,0.5705152427860557,3,2.9650974687066127,3.8619204556563096,4.723594001332865
225,0.9427885084313292,434,5,0.013738078096848332,0.4196898092445827,0.7501884867608458,0.7086183761540124,0.432728257627833,2,3.8020986505422005,0.0009123005191193974,4.708275735335352
220,0.9434941427502845,435,5,0.013502841779688097,0.46300729911566146,0.7509757419907812,0.7624083655038376,0.5954643738504324,2,3.8129447915703447,0.003872592575510684,4.955692070087523
226,0.943103146668323,389,5,0.014322696050995457,0.41674812117420973,0.6972815396766556,0.939280016672263,0.4254519120078549,1,3.815814787378109,0.0010107966395357562,4.657132030780057
227,0.9431101399974532,490,5,0.018432285712272328,0.42080469868347137,0.7145510151755268,0.7135645713696184,0.44356010590438993,2,0.00618203865484903,4.848250435944383,4.940211883500317
228,0.943025942443722,404,5,0.014287180992616156,0.41500095595672093,0.7018276254187144,0.7130626815665201,0.4323916833339135,4,3.870183239071643,0.0010275164557576996,4.399888593409758
233,0.9428579407827724,472,5,0.018576237155171718,0.4414488314924735,0.2953979901695414,0.7210131281397633,0.3061049855104156,1,0.11068369673825804,0.001009766639841908,1.8674734639855803
230,0.9427042701762346,471,5,0.018282493654850938,0.41683178732636245,0.6763853991340121,0.7132268688331467,0.3664369539213775,2,0.05839850335104399,0.000983098662735013,2.129643444935378
231,0.9426694162420522,469,5,0.018155350872553436,0.4426963597711617,0.7082373464855009,0.7186732655231954,0.5750205519421305,2,3.122475530383318,0.0008668272620777942,1.9923920806673656
232,0.9427989217186086,477,5,0.014746615866962264,0.37434756309189027,0.717929262093247,0.7267040835340176,0.5709464697493082,2,0.014659082009054025,0.001087379365479193,2.188065408143336
234,0.941881153980918,487,5,0.01550737315464706,0.44142504296151297,0.6917890381854672,0.7199062034619902,0.38313099385123595,4,0.07458140311602096,0.0009436976447149154,2.008650200720318
236,0.9429041117832263,475,5,0.017980963458441468,0.441372322236835,0.70888085470841,0.7427863756868143,0.571535461702721,4,0.09083638961629698,0.001175400507093558,7.443220992618993
237,0.943044115080663,464,5,0.015508277355931986,0.38116090915463274,0.44154653690179535,0.8108024080995466,0.5718004422469994,4,3.143828197697326,0.0010379081617261506,1.8523481264433506
235,0.9413125684578668,482,5,0.01814986805974614,0.513169648882392,0.7169077861285882,0.7249308499302777,0.5636030945483872,4,0.0002529334217423185,0.0005560163895645439,1.2560369113253083
229,0.9422010051232996,838,5,0.014354672686813204,0.41414753459514686,0.6953780956678071,0.7074860507159783,0.3656814641534081,4,3.125336219412777,0.0011156345604914687,5.078858935178306
238,0.9424815199634029,473,5,0.015974305034445697,0.4434573681636298,0.4419954912565861,0.7287523612390572,0.3636256287742676,1,3.136493241581385,0.0005620657139702635,1.8928185648235583
241,0.9245963609265827,364,5,0.29317027770177917,0.3778333354231989,0.44173827406369226,0.7463759677162939,0.5671436874637794,4,4.0005795516931375,0.0034487099271187315,5.969397318408161
240,0.9424397285340123,549,5,0.016398190706319447,0.3798597355497218,0.7670493064736202,0.8093931606836253,0.573466097457284,2,3.9666669793324267,0.004110203211873297,2.1032631969562523
239,0.942386416531533,849,5,0.016315691547578115,0.37749924834519166,0.44482267335363757,0.7461697326472042,0.5732655979284169,4,3.130344952628894,0.0038150118788437774,1.987801037386915
242,0.942832411635305,528,5,0.015901828137895785,0.38751765053276244,0.777186046917878,0.7370254600054937,0.7837790062556843,4,3.948551713382943,0.0077890163529273524,7.404550795947051
243,0.9436817113307774,548,5,0.011731892133517365,0.3819341729783303,0.7640715677643931,0.7441239233750767,0.5862076486388283,2,3.984289706554194,0.004541442901915183,7.923937617442667
244,0.9431786184759184,550,5,0.011457433670170636,0.3865307131028465,0.7991993314119404,0.7483949021757047,0.7813226565586358,6,3.98282686833364,5.344793246919698,1.1813153774715601
245,0.9432912902860269,547,5,0.01204234537990145,0.503236170709591,0.7965193274722453,0.7487082053148436,0.7465716611732316,6,3.977176634216019,0.0006417504169407369,3.210936733249808
247,0.9433175280546671,549,5,0.011508678232354424,0.39763729366485256,0.7607079044841745,0.7506124413479874,0.7814729839549795,6,3.9551983773811146,0.005220844831551529,1.3589976932850174
249,0.9435055568736536,547,5,0.011320461365162696,0.39754568331595724,0.7691800273319848,0.753962273475902,0.5852228298747809,6,3.647010006252298,0.0036229941552236205,3.4008899953986087
248,0.9432253248558446,520,5,0.01150085558308216,0.39007653066479947,0.7692204228992111,0.7450699899142342,0.7836372197098807,6,4.03209264291932,0.004526922599745947,6.18909622087316
246,0.9429443643879936,530,5,0.011193741544508412,0.39579512210284407,0.7717319394517688,0.7486765980110976,0.9967405487245716,2,4.028302809225579,0.012424912831599428,6.033861476631682
250,0.9433486364197929,598,5,0.01165072244458337,0.4077101395363649,0.7931477868569226,0.7413910022792235,0.7827290266514602,6,4.017242471814128,8.083058544538122,3.3213388158059334
253,0.9430537352131687,510,5,0.011424745539472767,0.4011484163518338,0.7958988099762035,0.778798126991753,0.5884505177699306,2,4.009390901140454,0.012245618255319123,7.761418732221012
251,0.9429839835125664,599,5,0.011833998611196146,0.39725859470861236,0.797867990338205,0.7514551186031456,0.6076762059191546,6,4.004676189320051,6.525298574726717,3.263877548544586
252,0.9426450674341232,599,5,0.011634320381348132,0.3997408737278323,0.800335085139668,0.7551919285252687,0.6093778039787279,6,4.0184742991792755,0.0060555914634462995,3.063808521724937
255,0.9429178302299379,510,5,0.011491900710493079,0.497761934596301,0.7655920461430281,0.6881480373666188,0.737172411369679,6,4.03719158154918,0.0006922684103879647,3.2488988991280836
254,0.9435222204292749,513,5,0.012243258756200541,0.40103444828559454,0.765148858926223,0.7768208626744918,0.7482228692277376,2,3.922955090066117,0.009231555036476182,3.248082213629651
257,0.9433618487085239,513,5,0.011262787029640944,0.4063888533927204,0.7555809091546749,0.7876223543967725,0.7413376022048365,6,1.2704526789536295,0.004781044551202194,8.392001374839808
256,0.9427320879926742,517,5,0.011367805121726698,0.5083488683330982,0.7593781394309438,0.7815935336110247,0.7538961895599426,6,4.06601935432417,0.0050126762851295074,7.4654376155991855
258,0.9428228061135451,515,5,0.010744070908247262,0.35231674966453397,0.7653602536133745,0.7750040326263747,0.7490932086317756,6,4.054597239260889,0.005566067770277398,7.742803730780004
259,0.9427466423827721,570,5,0.010365106715063275,0.40058907013761075,0.759752608911442,0.7748136112251857,0.7324848490432554,6,1.3831069373480773,0.005033445408801653,8.12400702929146
260,0.9426896615176521,553,5,0.010395299556939977,0.3549540463647384,0.7615074075538493,0.79069148653081,0.7451132659379882,6,4.053096115371196,0.0056684284981701645,8.173756145931488
261,0.9431279776308648,558,5,0.010304444827572807,0.3956439827058622,0.7635208957451556,0.7927195800169791,0.7621836153630525,6,4.036548936892724,0.00660427941902703,8.284042255984113
262,0.9431169005982746,569,5,0.01013014879826275,0.35247079993872293,0.7626619557058545,0.7935683424801047,0.7482281494860358,6,4.210753842292513,0.005375615362400246,6.047339645972993
264,0.9428899748430091,565,5,0.012472035971486474,0.3554828070930336,0.7626165806235488,0.7898135564484013,0.7563037340462014,6,1.304999890940828,0.005581276477926744,7.743660234017974
263,0.9428548913113923,571,5,0.010342630450366047,0.49420286269661234,0.757649659796911,0.7919044582585736,0.7482226042069592,6,1.3383953383910536,0.005657492951637478,8.283640377967979
265,0.9430793697667308,571,5,0.00989695786431729,0.3493058689869315,0.7549247820616342,0.79528170161113,0.7506801113733275,6,3.8861118250682756,0.005552365415877404,4.018883820152471
266,0.9427715547480405,568,5,0.010583655065525813,0.3593101844615062,0.7571447979345761,0.7931592530491779,0.7515581015191436,6,4.218640946045806,0.004904642473837994,8.327404897030542
267,0.9432482011093187,569,5,0.010418971777057914,0.354354324532697,0.7560442718919159,0.7878044699315526,0.7406796715837309,6,2.743858594236035,0.007875522347568558,8.444552959159129
268,0.9428658984211273,566,5,0.010254905562419928,0.41124431810715567,0.7345580858779008,0.7962679566428467,0.7548088240214087,6,0.6783016748215892,0.006691232142798171,4.127274990094539
269,0.9431147862146277,549,5,0.010169987383763025,0.48091918036560694,0.7357961485832,0.7933597282359651,0.7702606073871604,6,0.5199265183076757,0.00955782481272228,5.780204258080529
272,0.9428049820472548,539,5,0.01269043304010177,0.45139618338397824,0.7328149786683766,0.7537585651595149,0.7239182305224758,6,1.5627247713564807,0.008010768808936752,3.81869398607127
270,0.942524206300976,776,5,0.012614873142651438,0.4788039032418788,0.36589948619625107,0.7996863351680753,0.7598567931034865,6,3.4716942459966154,0.02142047764755452,4.080868130309103
273,0.9430698153825814,537,5,0.012306471587952615,0.4786234446350749,0.731792506045619,0.7571532626785695,0.7197409035812439,9,0.9028083151864955,0.010119670261218369,4.056603964604273
277,0.9428115078325181,537,4,0.012405094094445849,0.4758568947677141,0.7290362868366257,0.7618511183505609,0.8003403412116913,6,3.497743409554025,0.00342148062258446,4.232255865890683
274,0.9428805916133107,537,5,0.01280382770084599,0.4799765472721279,0.7342409691841065,0.7565356790891089,0.7259446919963362,6,1.5014779844467492,9.752645609611701,4.028361400473205
276,0.9431588282206891,539,5,0.012567755516553699,0.41002397359152826,0.7318063705386624,0.8291794929289908,0.7925966881961785,6,1.5940735707576996,0.007898713297235039,3.8647953956722834
271,0.9423879235256031,773,5,0.01267215807195283,0.48026222166196775,0.7397895085255114,0.8019509657932682,0.7227277578403308,6,3.897357364584245,0.0035351199007009697,4.111611355621963
278,0.942264393844092,541,4,0.012555613746780603,0.4739238372897798,0.7339423119621091,0.7604017072345858,0.7946434343650571,6,0.4915698244544106,0.00018322130134730652,5.3016265403470975
279,0.94237410489092,541,4,0.01283662535723418,0.45433313734307995,0.36474022265962525,0.7556957488307385,0.6451085101937366,9,0.25548344772737464,0.00048371289661722574,3.410180702392037
275,0.9422145962477977,776,5,0.012708985793106106,0.41141512141183656,0.7319978568724137,0.7581687116096116,0.7976596571609184,6,2.7334493645154505,0.008536317761694561,4.203709842805639
281,0.9435286940333032,538,4,0.012153458934764763,0.41090935256705025,0.7792392934907775,0.763693638554535,0.7931981909251121,9,0.23088245592381273,0.0033202911232761713,5.242187728802627
280,0.942665911750302,779,4,0.012454247129637882,0.40769437220367644,0.8177523844154181,0.760652942284552,0.5478440055946983,6,3.6103764227828803,0.003409985100117503,3.4308666900909697
284,0.9433021304158095,593,5,0.011487634175233163,0.4098619803511683,0.6537268944229061,0.6948835342888404,0.5466152634977474,5,0.26690966929931004,0.0016515925141406525,5.449320627638315
282,0.9427304192367751,585,5,0.012458244837895783,0.41365755288746864,0.8199773349005366,0.8299707345731396,0.5538002753429262,5,3.8708569157443846,0.003581898686922944,5.257628222572766
283,0.9428504569500322,592,5,0.012750956801229044,0.41590421844039915,0.7867246156452032,0.7355545040743184,0.7881895276344558,5,0.24824227894968826,8.720490297407379,5.350142023436248
285,0.9424718967000232,500,5,0.011381120601512688,0.40910268145070455,0.7903240476394727,0.7015311035927507,0.7079166220564317,2,0.2109609699229344,0.0015545399984150774,0.05104593422269877
289,0.9435006841899186,498,5,0.011226469133815363,0.42926133201516725,0.8178753594481409,0.6981767867282123,0.5488884626661564,2,3.623442682843688,0.0021697522734911334,5.516336411891676
288,0.943334905449585,498,5,0.011148392743761445,0.41133757702154194,0.7823131223567311,0.699712991692703,0.551981660752222,5,3.2920630743050676,0.0027146855707633863,0.012649020846670687
287,0.942190161862643,593,5,0.011376035957801163,0.43180456355398583,0.8226890939863754,0.690075537581158,0.5490495764260728,5,1.8103520274488951,0.0004288578410510034,1.5135529051786554
292,0.9433303949036216,596,5,0.014461244396117531,0.4316212937582293,0.6577458159943262,0.6812069073876689,0.5351374836763599,10,0.274641028667892,0.002246220119046987,9.998794086172563
291,0.9313159514717018,598,5,0.14067468151150053,0.4311258100213915,0.788279249279959,0.7344830820117167,0.7784699867785312,10,0.2010693148488505,0.0026592649447450454,5.459260070741669
290,0.9426715859378083,746,5,0.011434939673017204,0.4301084165656697,0.7826498661974172,0.6991286278737887,0.5461201377564527,9,0.1521103674393676,0.0024688877960046493,0.05003980582429478
286,0.9421320643190914,897,5,0.011140679002052772,0.41232952592643685,0.7891968053100997,0.730204936509837,0.6439553080572553,2,3.6373975186630054,0.001589715738636998,5.54057693535351
293,0.9433453865724699,591,5,0.011512898921359042,0.43318446415467043,0.790721287027756,0.6791358947599204,0.7006646470651964,10,0.22934696303005364,0.0017637754230135968,6.10003071464373
294,0.9427533414097361,593,5,0.011234463451261386,0.4331053523539241,0.6616682010872773,0.6933168890112155,0.7013977448163768,5,0.3612534323822908,0.0026269323739658555,9.929573786804418
295,0.9423357777737286,743,5,0.014354317112808393,0.44009666352919785,0.649628429832116,0.6829051967236546,0.5360341585779567,10,0.15888035608474035,0.001816820852711627,6.592350368424857
296,0.9430918483872961,611,5,0.01395748083563218,0.4344492589898197,0.6661751193920494,0.6806877073806861,0.5356052809890866,2,0.14562164864297655,0.0018753060242659135,6.117774959782089
299,0.9426094078216707,497,5,0.01449863828093869,0.4405914378646498,0.6285951775190409,0.6742469273893087,0.5278516161902234,9,0.18842928678597612,0.002672838268978957,0.023558746332082107
298,0.9413162180134508,739,5,0.014219068267564965,0.43320823431061467,0.6604507223874302,0.6786899385327372,0.5273713739524554,5,0.4039426892707958,0.002453059330129315,0.003620380013047556
297,0.931261949111482,747,9,0.08725169162453814,0.4251350163995445,0.6496253604466147,0.6759645345785468,0.5343463556981909,10,0.14186131928724693,0.00261070766942222,0.013816617145836485
301,0.9420721519121823,521,6,0.014348811495991147,0.6882168013873101,0.6676298548893096,0.6843580376152366,0.5032568753373174,10,0.3872830916711254,0.0020893043343746007,0.0156883029015421
303,0.9427298441995642,495,6,0.014595511054588702,0.45442677292201294,0.836111334382841,0.6706308831038789,0.5310758029250604,10,0.3542424521186599,0.0022660587569410875,6.902550165678918
302,0.942419718595783,521,6,0.0145307516999035,0.44304865737126775,0.6424256939181723,0.668757473125642,0.5264937067950086,2,0.3104610028819814,0.0019361944037903963,9.821303313929931
304,0.943495837596801,495,7,0.014153662071005492,0.4570714942062038,0.837328306298787,0.6764625161338378,0.5066798961329865,10,0.4321523849621466,0.0021667761800414896,9.961271613301768
300,0.9413795044590222,933,5,0.014211686675698802,0.4448300548540565,0.838930177452056,0.6754555688970184,0.5246405028429324,10,0.37798124591187404,0.002238554728201951,0.010631974418610276
309,0.9399296206635019,250,6,0.009145206967235484,0.37734944817110705,0.6837628746860557,0.6497435861175767,0.584316626419378,10,2.504077017074583,0.001954664351749542,9.722130422036344
306,0.9422213912882341,501,7,0.013857451403707708,0.4481572637833574,0.6335746179046081,0.6745521393546624,0.5151955802837611,10,0.4559772148918092,0.0022039779110264003,0.009363456654340992
305,0.9422174609976055,619,7,0.01439880016887172,0.44691806838202947,0.6239856888693799,0.6421532225664289,0.5079116105092605,10,0.35017224387097384,0.0021375051810507873,0.01215135393170936
307,0.9426831023363981,519,6,0.01451362951928427,0.45721777394455176,0.8398717903347103,0.6756834458402026,0.5223008858134772,10,0.3161825878136626,0.0021653536619650163,0.011825494756931837
311,0.9421034637841252,419,7,0.008795872901362975,0.4602047552882565,0.8086873981367556,0.6460210499254323,0.5858558795784242,10,1.9443693559368969,0.0013080831916106866,9.518295731582995
310,0.943148311614564,614,5,0.009652039751777147,0.4633459566469809,0.8040414495986191,0.6492881802140981,0.5862316034364908,10,1.0390117298087884,0.0014280429530678365,9.432192813120734
308,0.9426052667188521,519,6,0.00909793465595835,0.4563490190564521,0.8313786788087437,0.6445185707050041,0.5570386104708409,10,0.42046708165385216,0.0022397799068653353,6.853293669225634
312,0.9430804394820507,613,5,0.009198224432425864,0.3718581290350603,0.8826572042542888,0.855577155097062,0.5077544067616233,10,2.5037482758240546,0.0014002263832913467,0.006903805480510506
313,0.9424627566348805,417,7,0.008974198080537182,0.4613294970932727,0.8088414941856398,0.7041551871560451,0.586686467861099,10,1.0234514769704257,0.0039964833524804315,6.44802013035247
314,0.9424410502846976,419,8,0.009807596787861556,0.4617887137430234,0.8081592126128823,0.6489044245747915,0.5111348913321301,10,0.6273121559159378,0.0013822717710343813,0.023460073986173103
324,0.9384108654648159,104,5,0.010767777289168008,0.3896080126444224,0.776449065910215,0.37626973997682456,0.5638742416699112,2,0.0012463718567710495,0.003972900887273836,2.428356408931304
315,0.9426901321923926,449,7,0.009709347332662878,0.4591763493429745,0.8812379054982571,0.6419492020297796,0.5552318049735187,10,0.5895652294588065,0.001366786574038438,0.08546980278306875
316,0.9415761786650425,452,7,0.009819627296961665,0.9161721565912306,0.8074956370669133,0.7006632528104277,0.5613520672599087,8,0.53508233629647,0.0012059380802023581,6.5605151934442
318,0.9423760063751276,449,7,0.009878954977816561,0.46786696787815674,0.8134096525293648,0.7054309005739121,0.5839446599887468,2,0.5965836618167479,0.0014755629038454325,0.004897933298490989
322,0.9428828301882973,459,7,0.010699415028802119,0.38654044400844223,0.2713643903905028,0.7047737185494929,0.8781026833305491,8,0.5867442512294789,0.003324155945903839,0.18088263093876517
317,0.9434965451743492,521,8,0.009721252825813398,0.4609069040631555,0.8115665638126929,0.7043542132516821,0.5637708967302664,2,3.6417109140868917,0.0013043840855001029,6.452947771387871
320,0.9426328497197336,452,7,0.009928777972191077,0.3696021495098943,0.88672250468929,0.7222659085207205,0.5585585965359523,2,0.6610472460132193,0.0038958344340429794,0.022302680947657215
319,0.9432418318677607,450,8,0.009828670844795674,0.3711208528970039,0.8747623283227972,0.7031690946349172,0.5627891053059788,2,0.6205513492110266,0.0041134768882806734,6.623076869278918
321,0.94296621580201,711,7,0.010659303222727139,0.37296854641623495,0.7771267126707013,0.6992712181532562,0.8972143949847011,8,3.635033357936219,0.004099647708860908,2.4063330313183444
326,0.9422175820580708,493,8,0.024353091106217035,0.3864463103789122,0.7801217389440217,0.7049906912412749,0.5617327022957468,8,3.6448443736393616,0.0033596334344774947,6.594114489098499
329,0.9430661647833729,493,5,0.012093692672000807,0.3695343087359858,0.7774397112124543,0.7230445315423217,0.607113742464478,2,4.847261839936748,7.668381755162174,4.9476145663059174
327,0.9424133973609612,712,5,0.011871165664920516,0.3857618271832735,0.7778630618237875,0.7270086786527722,0.6054215133525043,2,4.810373974650857,0.0030063142153851623,5.021904643323798
323,0.9420403516238791,713,8,0.010918429055887476,0.42546956921442114,0.7850091701316595,0.3764584772851653,0.5659402730401957,2,0.07380496803421457,0.0032329776318219365,2.3974331227941863
325,0.9423012452759545,716,8,0.011904327825968794,0.3868758213326228,0.7785040558104934,0.7041098889505099,0.26894443003636737,2,0.5503040329472126,0.0031539959780813877,5.0515755569956715
328,0.942248896017263,708,5,0.0117161912124879,0.38553683562181856,0.7858171648636094,0.7256435466785741,0.9771330699099084,2,3.836298189030664,0.0030833259153731684,4.8917548699673565
330,0.9436985147321089,486,9,0.011823657519038456,0.3692602172542021,0.7808175829592516,0.7293498955950709,0.5953120469820231,2,3.6525272515582468,0.0008313880947250609,4.9906657492601525
331,0.9433013445664086,488,8,0.011686591811253028,0.42241394503325097,0.8511275098747715,0.7231551889651586,0.624977495275469,2,3.6351052118638356,0.0030160809202462364,4.789027772586066
332,0.9434152217630482,500,8,0.012049495871310836,0.419690325203781,0.7796349055670706,0.7313297272676497,0.6049194258066122,2,3.65761267170903,0.0007608841190063883,5.270172941845177
334,0.943338925491938,491,8,0.011877182637615821,0.4266060470157459,0.8488415795231791,0.7268037153361594,0.2601707417128114,2,3.5289377655526017,0.0007151984658010953,4.8872708875130275
333,0.9423461900173832,492,8,0.007920713804529505,0.42543510172803967,0.783455197752298,0.7264995581321826,0.4637512095855084,2,3.536579047325652,0.0007253199720298831,5.16746133772362
336,0.9434412069745106,520,8,0.011821406886096961,0.42114240743851006,0.8587060149417598,0.7742221504344131,0.25896518597810025,2,3.4796504896460823,0.0007740253328500578,4.843020815118554
338,0.9395737435963971,490,8,0.050296853934776,0.4185477614494824,0.8290549494801882,0.7364110381650509,0.5977598577174923,1,3.4551038264028366,0.0007557412886381852,3.363967893317946
335,0.9425785556664094,528,8,0.007976145843144523,0.4223493028535543,0.8475999665421312,0.727621625772258,0.5936523089160409,2,3.7994994798196156,0.0028938698115238593,4.898225629968081
337,0.9399641876008911,526,8,0.027273803140573687,0.4207386487844684,0.8243695545553773,0.7338364930556335,0.7053037413038011,2,3.5650279638926365,0.0016728222193896332,4.993659935483251
340,0.9404559310371127,528,8,0.02733495414029116,0.4216080081054326,0.7514527213859525,0.7675398029718273,0.6279003874996268,2,3.7701020766544318,0.000816235112987875,2.982220195074748
342,0.9430749155765016,532,9,0.013250216429725306,0.3984235508758942,0.7506299261367378,0.7724745530382475,0.4662161877926537,2,3.7629179498868726,0.0007691440872363757,3.174896039942434
343,0.9393772353267046,523,9,0.027229779384782722,0.4029697086668605,0.8197631509186918,0.7790806598764349,0.5987191319825997,2,3.776034763416702,0.0007471230683276212,3.143203604041806
348,0.9430815749457269,510,9,0.01315429532833774,0.39708078610213554,0.7987369776604217,0.7798506758828414,0.21374931428219687,9,3.6862657520957796,0.0008809663611694342,2.914503540964978
341,0.9427784812851897,524,9,0.007945432738275773,0.4033843498162225,0.8454142792867212,0.773253880720413,0.5854533829670739,2,3.579276893380174,0.0007215890192396806,3.1515149500288193
345,0.9426289987445822,514,9,0.013158090587047472,0.39991614460886027,0.8273926716351137,0.7795914646937534,0.3270193883503434,1,3.493708821174803,0.0006352583141483723,3.2551035259684697
339,0.9429933020375332,526,8,0.007801217891560452,0.4201210554350152,0.8191567644448028,0.7793846522203531,0.8223354001778207,1,3.523398739210399,0.0009235027883501203,3.2368722458446366
344,0.9430696129193892,522,8,0.01333330276505128,0.39762117695703963,0.8209071536785546,0.7457133187461324,0.5954540156616616,2,3.806990523047562,0.0008349320531597733,3.0889411887744735
349,0.9429300719476957,511,9,0.013411853980316326,0.3997787538977529,0.8647804107756396,0.7744416956519611,0.209673499663943,1,3.6177532939177777,0.0011959560691084201,3.1767572299981466
346,0.9423408988401427,517,9,0.013106772971142716,0.3967571296489415,0.8616538115803343,0.7748385358337538,0.5990749931094698,2,3.7620179885432137,0.0009321553453458228,2.9554275270216914
352,0.9428669984015636,474,8,0.012978313976936131,0.4864303631389861,0.21616355680599886,0.7711322646795491,0.2758260367310179,3,3.542259411900455,0.0005384887599898552,7.2837082479804485
347,0.9419488205193648,516,8,0.012984325307374383,0.4005418397429113,0.8674902129038038,0.7744794567976424,0.8267119355241149,2,3.5850574818016234,0.0005757247736814,3.2997973153709355
351,0.9420700876225213,506,8,0.013179384322598228,0.39673461971171,0.6045304846801562,0.7760560132934452,0.2238332184465761,3,3.6379988209218745,0.05489116352412813,0.5239607192384921
354,0.9423653332252974,470,8,0.010764423613855514,0.45031852370968306,0.22202562173527693,0.7425887609486566,0.8222074407844974,3,3.4457219414380034,0.0011658784536330003,7.529772593283112
353,0.9427313720661283,479,8,0.013229841132372345,0.4942146282912721,0.612303180241742,0.7437283872684236,0.27393531345030286,1,3.410252641551592,0.001148384311162249,8.221946532102265
350,0.9419034771132999,514,10,0.013337209001769518,0.4907873968972635,0.8655013623807347,0.817713564757893,0.3121292805720106,1,3.494801228972734,0.0005976784724256536,0.5505267786400456
359,0.9418684321957971,466,10,0.010522049015461239,0.4450310838107503,0.604187549134137,0.7492778083804223,0.24754599623009316,3,3.4083496622171667,7.671388415458505,7.365612133018754
356,0.9430068628969147,468,8,0.010694315338146474,0.4437279370727859,0.8646917825401877,0.8892410445163446,0.25154272657558274,3,3.4402574541669524,0.04653888706821484,8.172009474596674
355,0.9414733325815062,500,10,0.010679812403613492,0.4889270312478306,0.7955946442196948,0.7402254150021289,0.22995446677992698,3,3.4453148067846597,0.0005536264078287612,0.4401576361515851
357,0.9425426628038359,478,8,0.010712993984054306,0.4466910174458388,0.2388945587734102,0.8108227483394034,0.7691935813851388,3,3.6680425987570544,0.0005322434598353424,6.977141902145664
362,0.9430755323587006,558,6,0.010622871805409367,0.3707365019168065,0.7672493858005258,0.7437912495802286,0.7672932774720638,7,3.911385529933331,6.7786632585748015,2.37230757425659
358,0.9430494521773903,557,8,0.010870815056676243,0.36660264774402057,0.7694843024200798,0.8123888333239969,0.6185959589874912,3,1.1842099011621872,0.04578014810739999,7.43648888167917
364,0.9422158830370556,557,6,0.015692092640427348,0.37185949255304146,0.7997326697612158,0.8136070308471982,0.29346828673458136,7,0.10661449921802682,2.2203869920632915,2.286381775176495
363,0.9426215357843362,557,6,0.010829405709771478,0.47146917558329715,0.7717813915521726,0.8080821575292205,0.5794879459632785,2,1.1446887835342823,7.35718401469119,4.265915016765421
361,0.9423249355566965,481,8,0.010747164323278003,0.44566129678455396,0.8008370174428893,0.7398330277792767,0.8483165592273967,9,1.1301107795789118,0.001148672398513436,7.523150960324574
365,0.9434080917190822,554,5,0.011968045089482071,0.3623559615644548,0.796897632960893,0.7598353703576836,0.7689058515255616,7,1.1813188179430638,5.218785160499353,3.934840462634079
367,0.9425747667869278,553,5,0.00868123113975625,0.3687764397018472,0.7687945743536129,0.8104233857685657,0.7711768640243473,7,1.219497695986734,4.914814344972719,2.3770000343312367
368,0.9427152950275894,550,6,0.015615781698336408,0.37156908766817254,0.795251760854502,0.7142948581367825,0.6205072691672746,7,0.12076284248962509,5.757286159408839,2.356675063838284
360,0.9425952938411971,468,10,0.01086547365114371,0.4520802521031171,0.7952840850384023,0.8142145780928245,0.7695785046869663,3,3.8908634105445494,0.04300140971397045,0.00019181077599914165
366,0.943431477261411,549,5,0.012062827219224033,0.47171056288880114,0.7981507418770712,0.7394660645402535,0.7675980348793027,2,0.10849446198876295,2.6292745041929644,2.341800421748249
369,0.9437697400307907,555,5,0.008722589689149062,0.47205105220616184,0.9227709587036907,0.7115153477193225,0.30492493391087233,2,2.2010338205058244,0.034500872034100044,4.174472743229752
374,0.9415484547748262,392,5,0.008581619956226218,0.3590292874186687,0.5803047836284646,0.7140487426358205,0.9466578223910982,7,1.3039154773054502,5.6196328894733645,4.306594133356862
370,0.9427369137132974,542,5,0.015567048288757827,0.46817067563872644,0.4987613576152722,0.7175091817275485,0.5785856749838217,2,0.09066022448008618,0.0011470433843859195,4.156911312019959
372,0.942826413924141,544,5,0.012090809558968919,0.46600195581014,0.5007385429883168,0.7599948071571687,0.6413463193228237,9,0.8118866042110471,5.023470845552524,4.215745419415254
371,0.9419076296959903,548,5,0.035204982448833015,0.4738365717374104,0.7997859068189354,0.7145569909053044,0.345285335359397,2,0.08202116566086132,9.790440086542121,4.1605672513303995
375,0.9422839920723763,545,5,0.011970790098342654,0.5196400786371093,0.49114510572749054,0.7144258110515088,0.6377936997418225,7,0.12164273321473917,0.004536619492757098,4.335992872719428
373,0.9427349548297312,548,5,0.01215248100087307,0.46822820240031315,0.7522975483061668,0.7126194295146449,0.5773483042139569,2,0.08421415997512938,0.004366728741458617,6.0541030844561945
376,0.9431943949505429,541,5,0.01194607336531998,0.3214820958633714,0.9159509586925065,0.7649378298160286,0.5759711473098745,7,1.4513974044383193,0.0015956569708014167,5.901554624366819
377,0.9420653359992517,435,5,0.012325523747065194,0.6123140590874178,0.8972762638776194,0.7138349757588774,0.9434293839041267,7,1.4198137879653354,0.004433787841045113,4.22709804280625
378,0.9403805385449948,432,5,0.0346870387336159,0.3439212758606143,0.8358616038678854,0.7606240093871209,0.5775960422761254,2,0.883920437558563,4.400026724212111,1.6081687177088066
380,0.9431203915229037,547,5,0.0120387913106755,0.5097440682265844,0.9050286703555013,0.6905393287703095,0.2854846913863872,2,0.06512373943836956,0.03367664958866877,1.7723113136944362
381,0.9430337706726138,536,5,0.012306461750892022,0.5256754304335958,0.9072192789674421,0.6896709654250532,0.29954839703705843,2,1.9991073502030146,2.628262563958713,1.6528638634377428
384,0.9429536422115969,577,4,0.012302601702094088,0.4969573027763362,0.9873254666375266,0.6894790810277083,0.29991345879768266,2,2.9603494886589066,0.08701046882829042,1.8447569939634147
382,0.9427995395444324,576,5,0.011731952439545413,0.49557355180503465,0.8129794005765891,0.6918333726107267,0.336017606960661,2,2.3349596192752564,0.018928715855926256,1.365612810128444
379,0.9425662163697419,543,5,0.011806878475767462,0.3462668321699564,0.9544251264149227,0.7081638879223868,0.7360729354172075,2,2.1402642330287684,0.026783892588222006,1.4568259827412982
386,0.9427387932813863,577,4,0.009221060413554935,0.48834334012194286,0.9067768552098542,0.6935051593317054,0.30809557417069144,2,2.9777859825865387,3.6160931650547443,1.46511608089323
387,0.9418182881161015,571,4,0.006596013614434416,0.4986064076889354,0.9906845018808277,0.9798453945208603,0.2416981897173402,2,2.2318255550816817,2.7730469880445834,1.4241888133437666
383,0.9426267006829876,580,5,0.012210491277252527,0.5111316853574888,0.8090010823178405,0.687595509729023,0.733817442963303,2,0.9157957780377894,2.3400125187905867,1.3951487962648728
388,0.9433757873600476,579,5,0.0094054055072807,0.5034463819083903,0.9131430075878992,0.6864775032736459,0.2943414813370928,2,2.0928840292984505,0.028263155207026713,1.7495130695117966
389,0.9424477816640275,578,4,0.006751498816048215,0.38416005082494253,0.3339132062039273,0.732140408378743,0.8053535028196059,2,0.22257643946442457,3.1142146603207714,5.666395249829509
385,0.9417044307483312,802,4,0.012042471923098846,0.34049614815906093,0.9401472975665881,0.6944579256367336,0.7396269002478496,2,0.9759212537656484,0.02635283509562751,1.5393490582576848
392,0.9425317026572125,500,4,0.009318026987761255,0.3802123870933935,0.9266816272399359,0.6231686487393396,0.7330603281195077,2,2.6701515043320185,2.7482539244882274,5.437196995235791
391,0.9424486217819128,572,4,0.02307745892073843,0.38393722965648014,0.8149624428827942,0.7359177440719544,0.731146676755209,2,2.3174859132779764,2.9636334551718813,6.212356036621158
393,0.9428729230589983,694,4,0.0072082216087281555,0.382531734240155,0.9222642580101469,0.661035400794477,0.4900160350471386,2,0.25368931014069795,3.4125357193926167,5.986756841550189
390,0.9409244423438367,574,5,0.022606417991949523,0.4932767501543803,0.9174152679888189,0.6598085440356212,0.7319189329928084,2,2.09051122545586,0.024530183222564738,5.801524299038027
395,0.9430353715929071,501,5,0.009753616989645483,0.3824569036631054,0.813418761629695,0.6239505916844841,0.3956859035705456,2,2.6473823307158204,1.776326624203912,5.7588807143982805
396,0.9428148161228244,511,5,0.009758591046577551,0.3835950917065103,0.5547245177595295,0.6614345405808871,0.6091141127370121,2,0.24055714149653518,0.012037640109058298,5.786593200981561
397,0.9427547503030842,499,5,0.008628379330932575,0.3838553833318931,0.9322195328862364,0.6242508528923041,0.2615794162444895,2,2.61735025268312,0.1246751046999504,2.2790177862608703
399,0.942659023827267,498,5,0.009369744538062757,0.3823746329112568,0.9330644619816523,0.6577729202283158,0.31579944071260074,2,2.356464870789615,0.01457174599980914,2.3314277563483605
398,0.9429459538284151,802,5,0.008574262867401879,0.533584292194376,0.9375514872395329,0.6615987799871617,0.2572182910356627,2,2.4434008343802116,0.006779027227140425,2.2405952658020327
403,0.9422772544312984,500,5,0.009805090068629792,0.3536486189179956,0.9600504731024166,0.625690878405129,0.28235498277126825,2,2.423490840521051,0.010770685792849911,9.97787719733325
402,0.94271552149415,504,5,0.009360553553956236,0.473334441389974,0.9505936879494679,0.6695468729465204,0.32347027906685566,2,1.8536354994689368,0.014614529551285026,1.0387377129607964
401,0.9426629749903898,692,5,0.008610636811098075,0.3550814816435312,0.8387000420411886,0.6704662648665307,0.28297452006394974,2,2.622803562796273,0.13208021182872678,2.1521430788962075
394,0.9423702163452793,812,5,0.009625602664903683,0.38523521227801144,0.9340522751487723,0.6206934117718071,0.8101168305872949,2,0.24136119318300622,0.006820859217621878,5.70559547490553
404,0.9429557325918756,529,5,0.008393849813478106,0.3532222023683813,0.8389603849674651,0.6594133799573799,0.31323755534963826,2,2.210196000919028,0.20443719684433032,2.057119789537468
400,0.9431090681948838,686,5,0.008678057388895972,0.3606738470929541,0.9700301772913795,0.6621980540305258,0.6093217845525583,2,3.274257279659154,0.010802359650021721,2.1602244239692583
405,0.9433002226698537,753,5,0.008748663293761347,0.4724280702861592,0.7717717932436706,0.631986142835607,0.29082474796311175,2,3.274702439520906,0.3262952634562957,2.265620519038897
412,0.9433527472574952,527,5,0.013872254445899236,0.4083132195068478,0.7700082312710563,0.7568379413975245,0.35340182925532937,5,3.31151164474159,0.09931235635785449,2.546345849363296
411,0.9428664651093406,530,5,0.01537106511356591,0.41254143739646687,0.7739784716923519,0.753580859757417,0.35359583672888295,5,1.9506653556947755,0.18576600318719994,3.8648924532966227
409,0.9432399220345555,525,5,0.01416633795322853,0.47628453393779885,0.891094391855018,0.7491466008153229,0.3189287622427687,5,1.6974996235505244,0.3625322942477761,3.691031515513204
410,0.9425094014409494,456,5,0.014279783450717481,0.7429598810285942,0.9695812728100295,0.7498599093223224,0.6018456077521913,5,2.842344211926208,0.22065927477766095,3.6954022424634303
406,0.9421434648753392,530,5,0.008370889828015994,0.5373704526450397,0.9610274589882943,0.7539217656983546,0.8637693323758079,5,1.6375165918205665,0.014416621779826815,2.24412070567099
407,0.9435292168892792,763,5,0.008710598096334595,0.36161996079472136,0.7758422473577562,0.7517847643450704,0.2925275720452189,2,3.6842092342645762,0.006695641029060554,2.0771422504835346
408,0.943505747856974,756,5,0.009900403758752202,0.4710210404164928,0.7741121784083991,0.7511268875498468,0.3245558205409638,5,1.7718671704464466,1.0357992444918553,3.71830004753994
413,0.9421758057612383,762,5,0.01472421239298221,0.4154457630796125,0.3887979035173771,0.7576895730171117,0.6632409994947033,5,2.808807219360549,0.5738473819523154,3.574426599918399
415,0.9432010856285092,458,5,0.014745391766278364,0.5550143604683745,0.7493187915815286,0.7540888537876275,0.5488159990870094,5,3.709809759487116,0.5362191003366192,4.30787959458766
417,0.9430668702736715,457,5,0.011150893974116496,0.45575662219941876,0.7524648364610483,0.7341100389341734,0.547135617238645,8,1.223454765363261,0.48582094854725394,3.7564486960604495
416,0.9426487676055052,457,9,0.01536102204475585,0.45505879393529447,0.8942640227984745,0.7351320031070062,0.5487659813966741,8,3.655429997749855,0.004977548867734721,3.5046910752294824
421,0.9431113944343453,760,5,0.01006633248538935,0.4275805795150935,0.4084537630770843,0.7306831840834047,0.29925795258868004,8,3.670260431881399,0.006098257528169712,8.35723551337435
420,0.9426678988117352,479,9,0.011273536671014765,0.4384784211214678,0.7881663972203611,0.7299514315648824,0.5507764853330924,8,3.700312339412482,0.571366439893276,8.15434872892655
414,0.9417773007995439,455,9,0.015061469660655386,0.8385067942712338,0.8916320390159992,0.7569859590837847,0.5536520299951422,2,1.754146720821886,0.3425420416333063,3.6911224134883684
424,0.9429832571497737,786,5,0.009967596125557858,0.4546834781223512,0.7914702352416078,0.7318677011292452,0.2767347823948468,8,2.1050422187244253,1.3412653617390868,2.734587783165979
418,0.9425595601313906,729,9,0.011206368303612239,0.44066170007734556,0.7506004826261804,0.7311155640232495,0.5618217590769964,8,3.670500482411319,0.5085509190756142,3.4902553312897915
422,0.9430643405273932,758,9,0.010143409794417382,0.4601901496465753,0.7867444537057723,0.7364310534447013,0.3320126076401988,2,3.662051440674515,1.3002289111304133,3.523509558451732
423,0.9426971401322686,771,9,0.010368355894794803,0.46127132353002426,0.7891439770925371,0.7259147447947673,0.3024774132260408,1,3.6630609075823055,1.529468538239593,2.854700557300248
426,0.9429785890164804,735,5,0.010239460378770526,0.3281062254782204,0.7945766061270733,0.7245796781441692,0.3250076029670929,1,1.7850692576435208,0.0059169870207312104,2.757482231168928
425,0.9429102514273499,769,9,0.007711591703310449,0.5174343664847559,0.7941313481412501,0.7290587514983297,0.26191233026357097,8,2.111305974604908,0.0066507525493662255,2.844183244448872
429,0.9435248868903894,734,5,0.01003885138977257,0.4820992274573863,0.7887316059109806,0.7203739604938934,0.26772304620019177,2,3.6093914579984188,1.0068862787045618,2.708361483917233
427,0.9429313029030322,785,5,0.007398558703582984,0.3159416079995397,0.7875650975680301,0.7319575378608316,0.2795524349634018,1,1.8132024716778483,0.001759305132277305,2.6457967212446967
428,0.9432475373640082,789,5,0.010125979514932052,0.3147597655443387,0.7840099088029134,0.7202906104334952,0.32676655273487604,2,2.0806766572956596,1.1205351041061484,2.9952282309951332
430,0.9431541945270109,732,5,0.007158386570291421,0.5072797134122817,0.7804525471401098,0.7179417659394851,0.3376030401146246,1,2.0157901080208953,0.001546524880838777,2.7012425352728426
431,0.9431223368393488,736,5,0.007508630169549401,0.3317580433127493,0.7860381580385145,0.7112593293267632,0.2941933189747232,2,3.5997022574870234,0.9213644435966385,2.7252778202486945
419,0.9422494230477376,734,9,0.010398163017634838,0.5441754370876554,0.7862678930450915,0.7292954950296504,0.6625948459702565,2,1.0698901340285696,0.6098275501410227,8.342109923810604
432,0.9428685669694911,738,5,0.01011619612120792,0.48029329782834435,0.7767480467382664,0.7108608998779088,0.30203705078513127,1,2.0420278015995867,0.00895774565495176,2.578268287568256
433,0.9431633356357783,732,5,0.007471445381876196,0.316030986100569,0.7700151992745723,0.7129177777868324,0.2947259469266998,2,3.521211518727953,0.9944792291061916,1.768666455794692
434,0.9428524941054512,739,5,0.007112173725210555,0.5022769606216808,0.8218318236197331,0.7097738428558199,0.2674828969824693,2,2.0599685052383414,0.8679080299019479,4.892136717626758
436,0.9426694506816675,718,5,0.009215057429612771,0.5081973372031435,0.8163649568270289,0.7013769440161879,0.2916213917410358,2,3.5555564821658163,1.0997463429071204,1.7911768465058013
435,0.942662914460157,742,5,0.007625022684615878,0.4877636952524587,0.8255654992673718,0.7043413602956851,0.33868584554445125,2,3.5399546076414667,0.0002771359217666175,4.695901793029241
439,0.9432725467863736,748,5,0.007993011111400316,0.49421807821882324,0.8092445156448314,0.7106330907992344,0.2645061793025866,2,3.530860744563099,0.003623614804614314,1.6806888298856246
437,0.943133296985972,738,5,0.009186986973012281,0.48103816585052633,0.8226668594946152,0.7070763876830451,0.27029113639284746,2,3.531264841687777,1.0550861271602268,1.802841471306605
438,0.9436104004548701,734,5,0.009216578083255458,0.48494505141485683,0.8068710935723378,0.7068039609470872,0.23823144799570506,2,1.9074952408471733,0.9530889847677015,1.0978049841131812
440,0.9431644043074734,752,5,0.009163906164171448,0.486735914235407,0.8282006568691711,0.7071813374413015,0.2676106747477887,2,3.5176307196451138,0.009220557276601253,1.7459679610979533
441,0.9431720968651538,744,5,0.00913541144721881,0.48401027035549726,0.8227393797829263,0.7027730247155695,0.26984568373015966,2,3.5269697492090923,0.008403990117730681,4.692448709503314
442,0.943587632738365,724,5,0.008830414519383246,0.4805113641775749,0.8152689637549971,0.7029115625438481,0.26964560465057097,2,3.49233831005868,1.8408640305388635,1.8800272863817633
443,0.9426486428923532,748,5,0.008227884855029927,0.4876884971305725,0.8243482601915986,0.7803421668745093,0.2470612328587454,2,3.3849781220073396,0.2577119266510223,4.596848851378676
444,0.9434733485280915,716,5,0.009012938723041292,0.4806596261903291,0.8144500272861932,0.6975327880872778,0.26538293037926275,2,3.544997122887633,0.00026945010414244653,1.0499001766500662
445,0.94292623558329,663,5,0.009001517764925788,0.48332937589048525,0.8077956059042901,0.7621246472651622,0.2006720142342217,2,3.411198322597464,0.0036714642260231747,1.0857278432335307
447,0.9432077950917203,696,5,0.009074918186698526,0.47698968503951616,0.8037586048021721,0.7656541135376496,0.24232730583877432,2,0.006300838438750789,2.0388048901246663,4.699766501498193
446,0.9432732543639218,828,5,0.009141592480957418,0.4745258541343175,0.8071186446798525,0.7664646839622822,0.23686167657693746,9,0.0002666487581884369,1.9444675026326392,4.42729058041238
448,0.9433725594288432,673,5,0.0089265759501085,0.43970693087567725,0.8040742108707355,0.7747825291160267,0.2777896587311016,2,3.8101567490463104,1.918107491714481,4.4638649753747135
450,0.943555455701544,705,5,0.009192232084172068,0.47843767330185694,0.8051787752919541,0.681992644005355,0.2371218298550476,2,0.4139811655030394,1.6516784604012424,4.357527887724002
449,0.9428016831495707,715,5,0.009141770862471671,0.5238657522445995,0.8454452685799375,0.682004391928866,0.23604380547061785,2,1.9469876554119454,1.4502665467343079,0.7387856569988789
451,0.9434285008437602,704,5,0.008181313232168716,0.46917450833051855,0.7638951306990589,0.7677247361377645,0.2570005482685823,2,3.380584171572324,1.5442060434711102,1.3877740527983173
453,0.9281552996212081,709,5,0.16318866922470623,0.46424189888239065,0.809430460229873,0.7666617642429518,0.23132549792624704,9,0.4541907708472238,0.7586723570491859,1.1238715269813404
452,0.9426312853263049,715,5,0.011098572919168123,0.4675582156533245,0.810360169237693,0.7684619713231745,0.2339230229753076,2,3.375028014056723,1.4198854788058974,4.264142345905537
455,0.942966920248684,715,5,0.008424865813457548,0.4730985390574536,0.8435714250147116,0.6814743512798076,0.233997250874651,2,3.769948922693913,0.7423237214398716,1.089983459632372
454,0.9429003098584359,875,5,0.00891073253174994,0.4702285306530971,0.8463960895584393,0.687501332074379,0.2438059884956666,2,3.382300793935082,0.00015271351326727456,1.1850381909170604
457,0.9420578219013953,722,5,0.008276801258059454,0.46474752576946793,0.838457162528822,0.681687120636741,0.22487912486141043,2,3.3862689756358617,0.00029367601681199406,1.006647125063852
460,0.9431161815408547,708,4,0.008505414196096557,0.46547286059577914,0.845545581133211,0.6849865723791647,0.22918590437719027,2,0.3882511523650417,0.00020457462796884154,1.2524632337421893
458,0.9431799125705492,701,5,0.008475484070030069,0.4634953130286555,0.8571648676343352,0.6828128887080047,0.22131804486811574,2,3.336376141521623,1.6978975970760883,0.783667467634494
456,0.9426149025057283,828,5,0.008460014860505474,0.4680098335473602,0.8449485055002124,0.6921409279511007,0.23977535454697518,2,3.4143203952175436,0.00010396003673060406,0.9772984604491292
459,0.943588172292336,705,5,0.008175143605475773,0.4673252214752755,0.8476632570939101,0.6779336977578235,0.2298532973046779,2,0.37497387188035886,1.5447201516841234,1.2537609619732686
461,0.9427766486802124,706,4,0.008128575117941034,0.4650996853793424,0.8092387257409943,0.6968937969941169,0.2265739308819525,2,0.4635169246984116,0.00021692958880872734,0.9511184388705136
464,0.9426845164478695,688,6,0.007953865530024496,0.5089199576245513,0.8384917869518708,0.687546471746996,0.2517645320283975,2,3.435133890526152,0.00012527536049913428,0.8214053644087232
465,0.9430395116521012,696,6,0.007992093333516267,0.5010722415815709,0.8318178688894269,0.6808462962181306,0.253518480660882,2,3.6115034263697057,1.668271205565627,0.8004541233195939
466,0.9428575410745115,686,6,0.00858255483506781,0.4946242551616417,0.7610077296978757,0.6923341527472803,0.2086095852386448,2,3.4483191040520897,1.3029621857690794,1.4034138138816712
469,0.9429338853523579,689,5,0.006084841329217787,0.5030396298959078,0.7696227206645931,0.7863645273826356,0.25535283892875754,2,3.6004958759337837,1.1914673534365519,0.7007209119501085
462,0.9422186215082744,703,10,0.006248078332941642,0.4677513292396755,0.8473400019067694,0.6806825245647387,0.21828514178536684,2,3.401218726863299,0.00016076432033750062,0.7989030841470226
467,0.9431299605177988,765,6,0.007831742738278065,0.4985806807964589,0.7683904994189518,0.786924087689687,0.2141029588891823,2,3.585678993359682,1.570149523176658,1.24297778893186
463,0.9425757425760244,706,10,0.008191800566220396,0.466330176117771,0.8383604600438767,0.6843476362643771,0.21813277734504874,2,0.4430340263801508,1.6649251543097525,0.7504953926405018
468,0.9423935105704467,726,10,0.007568845934144792,0.5140486023014484,0.7670252884272983,0.6954916735994504,0.24916730114836794,2,3.5733578270772077,1.2710944934307673,0.9182124562492714
470,0.9427367707367132,692,10,0.007934472082670672,0.5085678272644382,0.8326028702318923,0.6600024821735716,0.25576660434533305,2,0.4869925826596676,1.7188546742461186,0.6939924326596747
476,0.9426571870477908,766,5,0.007029740717025649,0.4494845715150198,0.8226249744569878,0.6460534741840606,0.25592252922003084,2,0.37549119346724413,2.1721356575662676,1.519905990349557
471,0.943007489071736,693,10,0.00807768824524834,0.5091016964622918,0.8375574874495326,0.7885431059692447,0.2139772134630837,2,0.46212650995250426,1.1956349703488647,0.711577796414587
477,0.9430596990065299,723,5,0.009630260155031578,0.5217573973783135,0.8786975352574062,0.6451121066774959,0.25285039276218,2,4.631302228204793,1.9562633767085211,1.2318142017793925
478,0.9429609381918904,723,5,0.006912158350420747,0.4502918168839187,0.8716864113214264,0.661456928406922,0.24930621986959134,2,0.3147566228654315,1.9794942218111067,1.284632589315759
479,0.9431198540561819,722,5,0.00980653530963593,0.4487585546680323,0.8721976440960879,0.6442669443818931,0.2503614246068915,2,0.32524703373127967,2.3611951268960714,1.3219100680950853
472,0.942356437368335,765,10,0.007576523818345842,0.5024925599066447,0.829651590319479,0.6535182765407732,0.2584007987523642,2,0.4859256258890739,1.658870728258632,1.1146603106962594
473,0.9425298961428528,769,10,0.007503034215146212,0.4924709471936149,0.8612691687317477,0.6522858198798205,0.20731899955723343,2,0.3124586673159923,1.3245311986286203,1.384845395825228
481,0.9430966365374303,677,5,0.009656245304926788,0.48575697807267626,0.7961306230165339,0.7465642486344425,0.27406124411954574,2,0.22886089707392784,0.9929409348918847,1.2097506903089985
480,0.9432624507610038,766,5,0.00987201462015442,0.448252025024033,0.8664655122542139,0.6495756342262441,0.2614457486225138,2,0.33789015536603106,1.0917719680920226,1.5505047973564237
474,0.9429076914159552,761,10,0.007349548787287685,0.4860445677544312,0.8745019027127672,0.6480100342755125,0.2528437134299772,2,0.30176699810973034,2.159934790374543,1.180241913319855
482,0.9433281657212575,717,5,0.009855421464776838,0.4781986183255253,0.8692013093065044,0.6419292307540899,0.2748186528652111,2,0.30083761020854577,1.0593599756851413,1.3122343702426187
475,0.9429725412113307,770,10,0.006940982603329743,0.5212864413195175,0.8195499035766564,0.6720369001736478,0.25105945324604206,2,0.40788850797979836,2.2028470233161435,1.2784880269957146
483,0.9428546491904614,721,5,0.0067254292015302185,0.4833891597550831,0.8017357342200762,0.667806123595527,0.2775347028113147,2,0.173518300513289,1.0766033200059557,1.8962999320059295
484,0.943241157686203,751,5,0.009657507604882078,0.4500331627114514,0.8010110392337084,0.6704044675576047,0.29167505901176133,1,0.29978653299727337,2.3043057658622543,2.0307235849514496
486,0.9422987802344078,355,5,0.00988956615517464,0.4809467897329682,0.8018651965946668,0.6722408889389697,0.27651376899584157,1,0.17863226987731595,1.0142355635404716,1.8860049281691884
485,0.9424467349084511,753,5,0.0096141110744439,0.4829087766050849,0.801242927547242,0.6734020035033407,0.26783607828095746,1,0.21213800152580647,1.1215205487221063,1.8777184833159124
487,0.9432061607754365,669,5,0.010226235440320001,0.48235527280979,0.7979406657113612,0.6747321083390629,0.2394408857310138,1,0.2243183959646879,0.9493690493478903,1.8440043817646887
489,0.9429472260069272,748,5,0.009951180434136286,0.48821278126385304,0.8018222952151846,0.7453018374599878,0.2831512077363328,1,3.8668260273540995,1.4735952712519849,1.9666363693874545
492,0.9432000013024435,734,5,0.01044870514999376,0.45057019761121214,0.8024224209668381,0.7441242180240316,0.28466574767285385,1,3.8393799952625027,0.7317889943380467,2.294651920459522
491,0.9420717615965437,745,7,0.010390014846373684,0.4835650749984234,0.7452189157423555,0.7446434826481944,0.2784619350787336,3,3.8531625292574327,0.7952814468561372,1.969541617080044
497,0.9425850903224827,314,7,0.01089937954434122,0.4525690409407424,0.75319765534153,0.7145168627746844,0.22810103490592928,2,3.816729706991732,1.4832185059813767,2.4631603377592395
488,0.9433207184153819,742,7,0.01021303606785678,0.4844565173252679,0.7440199832633089,0.675385826841428,0.28285017447111943,3,0.7320650593528031,2.5633088278041,1.975007907700497
490,0.9431148310904899,751,7,0.009774151861420879,0.4731945675264406,0.7991271914838477,0.6689425679009159,0.2856934343343988,1,3.8571491152533426,0.8798236198186996,1.9019659262844024
494,0.9426500622219484,672,7,0.009077260466180388,0.45690434446058115,0.7449037402153249,0.7458342955092977,0.28185586938092144,3,3.7586339331460015,1.497894255879466,2.033182191697439
500,0.9403185743719211,281,3,0.008805505538923843,0.43646492647688573,0.7742552821331583,0.7039261699485534,0.2379068453172106,3,3.232392998098543,0.0003886969362348856,2.5777574706135735
493,0.9430320580844775,745,7,0.01019483524440533,0.45002489718369537,0.7518445975063861,0.7011729129642904,0.2798298268934126,1,3.781315106664321,0.9568577478561966,1.9657249558477716
495,0.9430745576132287,745,7,0.008964845371875524,0.45097667142276465,0.7432815973627317,0.7038822430267304,0.4925558511415232,3,3.759689169832918,1.4133541343115452,2.0905152715820554
496,0.9429471477350745,665,5,0.010474675223827423,0.45666831047365664,0.7462460922729774,0.7463733697164943,0.4928292816929449,3,0.7076099726642258,0.9140358587444046,2.2081974397635804
503,0.9351442476147384,721,3,0.0695312111422337,0.4400086571130641,0.7218247799501473,0.6980750003335117,0.2384622551528687,2,3.23959212597432,0.00037465504938880923,3.2708745472757017
501,0.942633174287016,726,3,0.009056467783296525,0.4420098231015819,0.5161302289452099,0.7037604528887644,0.4115108211854133,3,0.723710929644839,0.00454657310074906,3.370596409648873
502,0.9428843684911085,784,3,0.008786884050029876,0.43803055239419486,0.779487509195037,0.7059079397380534,0.5694996570870946,2,3.7733543615026917,0.004713674704790898,3.2342478105047703
505,0.9431998364097407,707,4,0.010992717804347128,0.4362021142738907,0.5192300865086923,0.7006256266486425,0.5006194173767489,2,3.499737466203562,0.004328105970790133,3.2590106785299082
499,0.9427688402801898,781,7,0.009090684545555023,0.4400995101072178,0.7447545646702395,0.7027028235535229,0.23714839456654616,3,3.2472987704595484,0.0027141688850431775,2.4536768691574524
504,0.9427936733299808,790,5,0.008811932776423885,0.4416316449866647,0.5154566040323062,0.7063896041656251,0.23387528126078672,2,3.2358791031222354,0.0003549644203894791,3.1968042341029776
498,0.9428670067505612,788,7,0.008841971292792796,0.45053519212804755,0.5142040259460984,0.6991300115828106,0.4957502781088394,3,3.716036015884002,0.00037004252323479767,2.3968056158181197
507,0.9430263327593608,725,4,0.011037851633481708,0.4374673422692008,0.7199465679715737,0.7199673020142163,0.31131145275299926,2,3.638371902011822,0.004357998335199393,3.2173204040944214
506,0.9431834880287793,724,5,0.008828735102816433,0.4317828039114616,0.7820285540358776,0.7983292836130933,0.3097605942794041,2,3.6363778867492647,0.004474856947368836,3.3054642762240114
508,0.942846209397494,701,4,0.00858643276125518,0.43474687125543326,0.7253799757488798,0.7210040707141345,0.20275015599133164,2,3.6263138508562895,0.004598946264257445,3.267400045013298
509,0.943017662325334,702,4,0.008461791378552207,0.4707854678887553,0.7855265116271744,0.7201602947478305,0.5702198270317669,2,3.4892459689397666,0.004330612175693711,3.457092650394653
511,0.9426317351285516,702,4,0.011148283536211652,0.46211170893185266,0.7798482820385786,0.8018717569858226,0.3038562732029173,2,3.4845798063805673,0.0031542075110568652,3.6711658314775906
510,0.9430009100616129,783,5,0.011231941909299934,0.4724025164960245,0.7732418822080315,0.7162023257937361,0.5357810545741583,2,3.703010456806672,0.0029611941559692994,3.300278698761906
513,0.9435477975834786,699,5,0.008025803840977614,0.46973343309150084,0.8208014064024804,0.7182432232170849,0.3142886936215936,2,3.6426043355858773,0.003073329585852159,0.958020394058753
512,0.9429052388979047,725,5,0.008226087118413876,0.472348261770038,0.8176889256364605,0.7969096863915048,0.30530098246576454,2,3.67858017188823,0.0028940740678458426,5.799257925272956
515,0.9423274934808419,699,5,0.005244232286496757,0.4667123196082564,0.8188541333045269,0.7193065025462181,0.3134102642908372,2,3.62805336254761,0.003267803665217709,5.723328959871442
518,0.9428066283652227,487,5,0.011349421777633732,0.4678315001227799,0.819756170687277,0.7706814941011052,0.26466102983392376,2,3.480332335271957,0.002481179895043242,6.562646850158384
520,0.9425011338460578,422,5,0.01122141140600692,0.3385242770315062,0.8223145756324616,0.7743955744911339,0.5772112114912032,2,3.938156425661859,0.0027483056412778836,6.28626596446828
514,0.9427160005178884,704,5,0.008181505602936994,0.4698719526684409,0.8170922382952741,0.8018897431070062,0.6281224598746593,2,3.6486122514302877,0.002750092904126602,5.439443545841133
516,0.9426614732144432,701,5,0.011163233391818772,0.469422404795176,0.8195481355255946,0.7741581249347333,0.53604994267441,2,3.4833166283403365,0.0032267382530832495,6.081967884103451
517,0.9337174754100627,700,5,0.09909719653801367,0.4656262902448967,0.8217097591667478,0.7686308884185176,0.5193576275362273,2,0.5243016158781628,0.002404477743770474,0.9506089352661621
521,0.9425581355836721,487,5,0.012711450080223376,0.3696317159534656,0.8123292374840726,0.7745230740450594,0.2621794389207586,2,0.5873224231382324,0.05936017830193029,5.8570606758026225
523,0.9436224835416732,483,5,0.013026875644316259,0.3638356844354541,0.8217838015934682,0.7316393729955891,0.3217084915141599,2,0.11518282364312464,0.00605024146259962,6.68299275306712
519,0.9425544328032283,816,5,0.011365922235046557,0.344953221066735,0.7664440112478061,0.7742404970025177,0.5390458213522737,2,3.937554644845614,0.0031840654341708787,0.9347330593251525
522,0.9433489234165859,482,5,0.012778187625955015,0.34424886828351414,0.8218109383401783,0.59912672803961,0.5815467275669384,2,0.5313853014403069,0.0023891955273634517,6.017975676027798
524,0.9424152644055536,644,5,0.01301870369568425,0.370648032159159,0.821951353002166,0.6071215506430346,0.5852963818263711,9,3.940048304918876,0.002425331585179544,0.9275863697365964
525,0.9429227143935446,649,5,0.013058564189346342,0.36407770558708274,0.8304536432420221,0.7269697244021172,0.6279200743302792,9,0.15269339815590255,0.0021418534807884516,0.9818405445109615
526,0.9435754066749776,679,5,0.012863760572828573,0.36730574633303614,0.8553712610483433,0.6071267233800194,0.5219780958706556,9,0.11178331623663544,0.006319699127672378,0.8765216323528096
528,0.9430613056667589,674,5,0.01281305858464279,0.35912165645197924,0.8572752398200576,0.7359849645815095,0.5116875781295779,9,0.5827908791450438,0.006500617930644032,0.9172341879756745
529,0.9425253438519015,654,5,0.012731866265878916,0.20626744499930294,0.8465530732826998,0.7374573796302203,0.5905249935961692,9,0.11435973985075798,0.003900685978031977,0.5122534000038129
527,0.9427742869575111,806,5,0.012898992987047825,0.36330786464266984,0.8542478950152721,0.7360422498343414,0.584276051548482,9,0.09875196338686562,0.0021313917592126657,0.6131434337544078
530,0.9413017460697042,680,5,0.012826881256890082,0.9340486942418466,0.8544436488666165,0.7287729771625414,0.584903815781953,9,1.6291303640941601,0.0068414045268067256,0.4712436244675695
537,0.9394830646114525,132,5,0.009730455844310301,0.3574871872249671,0.8459256769251176,0.5879037798430412,0.32929641325796105,2,0.09456017331406608,0.008237171707952236,7.618865805919689
532,0.9428478238849085,657,5,0.013718894124080101,0.3711836907340495,0.8429984304720457,0.7306956526876741,0.3326836525216565,2,3.7552674070328167,0.006738421130681039,4.535398121671093
533,0.9436403660509469,677,6,0.013404404445497805,0.3491638190538455,0.8480597257144854,0.7264646067290363,0.3775631177158385,9,4.139036936950646,0.005868554806402707,4.479433137646813
531,0.9433423245775934,644,5,0.01301691541244876,0.3476939388652166,0.8515472943304079,0.7269259115078439,0.5867350169947492,2,1.5157927569744962,0.007100797497968505,7.2826075060885636
536,0.9431030026481142,398,5,0.013896321988181588,0.35644458617841024,0.8469419335205094,0.6310499585281161,0.5164339706845893,2,0.01839993383835127,0.0036985624563227455,0.5322470134427889
534,0.9432193699332933,681,6,0.007724483701077764,0.3663334944098656,0.8533405571062306,0.727843131168943,0.3595889100768871,2,1.8970411620496277,0.007082671523601628,7.711584183904113
538,0.9430424442375145,678,5,0.013593947681559165,0.35760508400327573,0.5407021743249789,0.6222055247343913,0.38389023854096,2,0.019869564884460927,0.007176273381949158,0.7597137673156551
539,0.9425693013243619,679,5,0.007529365998010751,0.3497926245497764,0.8315719109355851,0.5809401424099051,0.3271495000814597,2,0.002307830138326583,0.006879923758038179,7.499423992203612
541,0.9424805326944347,657,5,0.009303121939567682,0.29866350098544725,0.792407585186767,0.6060738532008227,0.34536559429890573,2,4.151404164662148,0.006447661598841211,0.794022774371027
535,0.9432138366351218,676,6,0.009557769201905274,0.3954257620872146,0.8436704532361871,0.736008316522678,0.330811103109691,2,3.7699781037338713,0.007688665796946101,8.07379238833219
540,0.9427640959622933,730,5,0.007360636228539257,0.3314310722697799,0.5374348201502502,0.6114611054071806,0.3262507468295232,2,0.18754994831349392,0.0077173568908403874,8.408613678261604
544,0.9419542557168145,681,5,0.017085184578751696,0.2956829257934356,0.541856362549766,0.6290976426874598,0.35620403772070697,9,4.12954085940603,0.005533217086819655,9.741453785941419
543,0.9435373655109546,668,6,0.013750240976852058,0.3301651607114025,0.790938588919213,0.7169187211642793,0.38513588533573057,9,4.0814400089505725,0.005338778538263465,9.987399352457132
545,0.9421968144483077,672,6,0.015151683237035746,0.33692031875652556,0.5362215415553553,0.5765257490584751,0.3474981452618306,9,4.27903187968398,0.005146044851901638,4.274135859409428
542,0.9431159926447835,678,5,0.007527776675338453,0.337928314673212,0.7905604741293876,0.6225429723963443,0.5171011391869843,2,0.009726406042666669,0.005259433695177105,0.6373966702756356
552,0.9411805353222815,195,6,0.01598333033229905,0.3331932066976246,0.8867256065414572,0.7155961472282886,0.3835930216514448,9,4.214536722025967,0.005287567775028226,4.199799536194756
549,0.9435981790877939,471,5,0.016739641052196084,0.3933139934336191,0.8799392415524985,0.5566786196431193,0.45992007646963906,9,4.336701932862401,0.005387659257111081,4.5534640324544755
548,0.9425744317833983,474,6,0.0157209492778546,0.334566800962453,0.7890122753228742,0.6024571439313127,0.4721177470781541,9,0.178592867126333,0.005764171023632763,4.0982377247523925
551,0.943638294455913,436,6,0.015910310794150076,0.337689247743829,0.8837427405224422,0.6904253147681888,0.4537457228328913,8,4.136060204777459,0.005530681330168775,4.260077706687763
550,0.9435259279060298,473,6,0.014169331672497112,0.3290929355183389,0.7855842650161842,0.6890262434262197,0.4822958184093074,9,4.281754557651511,0.005409700486611338,4.416051809296109
546,0.9422185067095571,973,6,0.016313537118560633,0.34486147261455874,0.5316222592441875,0.5670712131094537,0.3572295302853706,9,4.3047807803139015,0.008266439033200729,4.259926264173478
554,0.9434852312389518,627,4,0.01610737968115086,0.3341035501737648,0.789195673504863,0.6871153410410002,0.3817968080983386,9,4.206146380729581,0.010980901300803257,9.988585741902355
547,0.9431685182760499,679,6,0.012059671614742726,0.340850307129169,0.8333988476169721,0.5551060460091948,0.46991425286769734,9,4.313865405319928,0.010168657213328108,4.800348302209613
555,0.942874099224038,642,6,0.016130498342417175,0.3139966114516817,0.8291698038181846,0.6886645841360081,0.3058763906493113,9,4.096802675399279,0.010990675065378102,8.83671726478784
553,0.9426435353930603,643,6,0.01686470039323252,0.3769089815604499,0.8871716966760197,0.5712073522983994,0.42516270891637215,9,4.191297019560441,0.010339366833414706,9.174483751309554
556,0.9431963684448551,688,6,0.014322849662007607,0.33559205784180035,0.8325396480751374,0.6922763865517533,0.3785184290945959,9,4.41722832700313,0.013085299291250116,8.62588899496917
561,0.9422338573853031,419,6,0.01738000782813735,0.3150791390853153,0.8742538512324424,0.5401611944746169,0.45675613958206984,9,4.267427390018306,0.009275340546710153,0.37494211865832755
557,0.9425787523896657,639,6,0.017646460035045053,0.3115415159377577,0.8960548398892723,0.5933020285082602,0.3697586378884799,9,4.217901081821076,0.010386323772534699,4.899658554276216
562,0.9439288708817708,436,6,0.01847294031236604,0.3038855040448114,0.8698551054159469,0.5128881883356914,0.46026443026063574,9,4.526576719705281,0.010612708707019386,2.7286472903117964
558,0.9430011709677885,628,6,0.016963487180123606,0.38103688465884256,0.8646572427182418,0.7134842159836691,0.39637813999919047,9,4.415961413129392,0.0057229582115435355,4.862245142971502
559,0.9425656006311675,639,6,0.014957159802496763,0.30953985226641334,0.8736177159216669,0.6921172079919928,0.43306602490892815,9,4.353932795662429,0.011275579316474833,4.1959713595568155
563,0.9427458387917514,427,6,0.019869533914638908,0.30272402906779156,0.8688363312223586,0.5503728223500247,0.462324929940038,9,4.426138719045698,0.0060281818685126234,2.8005441136075615
560,0.9424638472226945,642,6,0.0156065638655592,0.30979760342670487,0.8888249263106104,0.5615542123352346,0.43960389601433203,9,4.456585798032837,0.010259799663367288,4.046648418526437
565,0.9430967262891545,443,6,0.014934616788807002,0.3110887232710877,0.898398796163971,0.7177667495001145,0.4419061350903616,9,4.35496867441091,0.00574114905345601,2.7310869300078897
564,0.9430554363214332,666,6,0.016670447350849892,0.32805674879513563,0.9005828291010087,0.5135819464948235,0.45196207216941686,9,4.573294496318161,0.005706947280018306,2.74754313845985
566,0.9429111964295178,436,6,0.017137694743389706,0.31514118614507797,0.9070301384846559,0.7186283195837302,0.4064628470029001,9,4.235148414870786,0.0056121501950739,2.7917936057690502
567,0.9425653438994906,438,6,0.018605538547088827,0.3018345095918009,0.8963249045181032,0.7145031600680027,0.45623120675464823,9,4.413192493331464,0.005318636170730407,0.0007457582572985212
569,0.9420977770731224,441,6,0.019613338341787204,0.32356854263109336,0.9127962217515088,0.5643998709121658,0.45272362516429265,9,4.39774890341843,0.005551858297295654,2.7158771626469598
570,0.9421057910672112,428,6,0.016731566692750624,0.28333299690567376,0.9052752063353096,0.46286510438516476,0.4452761070295907,9,4.7301960741757325,0.005716295947172837,2.4699016978651946
568,0.9422946057355986,441,6,0.02023230463870556,0.31442593828196674,0.9009855954530301,0.7456653932856949,0.48110918113045675,9,4.392849904449866,0.00546849491085739,2.9044761892297797
571,0.9429467104563243,441,6,0.014865274117592524,0.29942710390693683,0.8968115428650516,0.5214550415902792,0.44363656834937326,9,4.63713457128353,0.005575006450660117,2.8327996782243514
572,0.9423967171073444,441,6,0.020110598133013743,0.29156087084359356,0.9102452202459356,0.7166744741479755,0.415978220340255,9,4.652765327395304,0.00816663308922864,1.5475426044084557
574,0.9419522978768728,460,6,0.020785353172812094,0.2966863807025515,0.8968575195643697,0.5460955207385227,0.4498020717147811,9,4.617941519766192,0.015425849477253447,1.56307376325573
573,0.9426949401713962,441,6,0.01838827277873127,0.2857535756581945,0.9057715477269166,0.5206497643727095,0.4832617198156638,9,4.772588280625476,0.005412241223121211,1.514411928039839
575,0.9423519414331174,438,6,0.01820863165916148,0.27376284221561487,0.8641030457315073,0.5088237487812576,0.47983896033303153,9,4.635084822940633,0.008114027230319771,1.5981550596728986
578,0.9430544198309733,385,6,0.014221060542930613,0.29152353584133617,0.8818561856398816,0.519687184185589,0.46871273234267785,9,4.507597863172493,0.02003584415538285,3.8206216964789945
577,0.9432636102280479,382,6,0.014124429616454867,0.35466022411630727,0.8834754841006469,0.5005311782732332,0.48448660481078554,9,4.621266194568688,0.007859425250382348,1.521715067531383
580,0.9432789045480601,387,6,0.013754834684183719,0.3251532567724876,0.8803971044358206,0.5148482781301048,0.48709160037773114,9,4.552836752518854,0.00882087454096047,1.4486971092230572
579,0.9421691401302648,406,6,0.019972260971069654,0.2972819134819725,0.8807261425165109,0.5287486018469123,0.4809687530155893,9,4.1568319932141,0.0180278512637067,1.6346928155990679
576,0.9428048067183049,479,6,0.018159159603978535,0.291374311667298,0.862741452980725,0.6736248493001495,0.44865083838561226,9,4.538853666718796,0.021342895311208483,1.440849499720546
581,0.9420718273449001,379,6,0.014109999735786593,0.3479570020269447,0.8725528180835207,0.5317916284487165,0.48105973454492323,8,4.525517695729103,0.008717570421410832,1.4892448931401412
582,0.9422070247505825,402,6,0.0188716820225213,0.257436974866209,0.8756669519123147,0.5200829515372705,0.4710978199701539,8,4.552182828938925,0.007665303258044625,1.5541597884613139
583,0.9425950047571545,457,6,0.014326708695596319,0.2769357393917025,0.8742724981301921,0.6651212582873922,0.41419020391557637,8,4.1894404532605085,0.019862867582879536,3.8066702475017213
585,0.9419233153752657,375,6,0.014109791660109637,0.24364701089197166,0.8858225235368771,0.6714286902868561,0.4180553069663291,8,4.085480847185441,0.007758933095017162,3.7753028758000657
588,0.9432416095756991,478,4,0.015309047492582738,0.27156332952921386,0.8583673766949824,0.49395487085754536,0.4279344820523755,8,4.130156837127871,0.0044163655645438026,3.7310175329896684
590,0.9427445217373771,457,4,0.014893819629227426,0.26484746936495457,0.857858728700566,0.6359595658686947,0.46497566010694075,8,4.077663793547836,0.004371679156472637,4.153113041952483
586,0.9428168553654925,406,6,0.013940929535610741,0.36167656211292815,0.859216251965436,0.5377200525990593,0.4094378176666227,8,4.161430378636061,0.008033757857425468,3.773731556527941
589,0.9413723253646952,471,4,0.006409219432351725,0.3463754391432376,0.854058835320804,0.6697051497711969,0.49676906786053293,8,4.146970198531265,0.004278465146942127,3.6880621200701866
591,0.943063885507023,465,4,0.01526170935573421,0.3523621280562116,0.925205008193936,0.49472121534317254,0.41486864780719257,8,4.086734462433542,0.004180370484701151,3.608222238692667
584,0.942882725825827,467,6,0.013898337479805825,0.3586142150416464,0.8612644646129375,0.6656267020340467,0.47161944874438555,8,4.141811494831187,0.008971604233695502,4.706482927488556
587,0.9431320383745811,411,6,0.013684167957986087,0.3485416322051585,0.8634798060301289,0.6617852723100862,0.4177662671116905,8,4.123480792508033,0.008765939889808049,3.745724069714308
592,0.9426528727032716,461,5,0.015439889587877918,0.3499050262799837,0.5617693071616641,0.4747979545153331,0.40382680580506414,8,4.121896024982371,0.004519575313337982,3.68576351149606
595,0.9431591830530877,466,4,0.01686333259341577,0.36407626669642157,0.7756100499185161,0.6920025123968633,0.3188729377393355,9,4.298279222480847,0.004193233242792354,5.166989728974626
594,0.9427647200498652,470,5,0.015170019621002773,0.35131317750835145,0.8554255074809808,0.4942169426147393,0.31421989877355966,9,4.10482897899044,0.004076791793977067,5.0966768959343085
593,0.9424046309134619,726,4,0.01585488696436393,0.363493816881971,0.7729834804179576,0.6884807695600835,0.42058970421470515,9,4.078074683158386,0.14954951967310037,4.983746592488148
596,0.9428598871428422,737,5,0.016587630124444197,0.3664732662976967,0.7748772701359121,0.48775361138203654,0.3189925473232879,9,4.2580554120163026,0.15704798791497215,5.240116752898264
597,0.9425842366374763,734,5,0.0121122955858713,0.328233183454792,0.568960198608466,0.7046285447894456,0.3042771059948826,9,4.303154721303221,0.6993360391326944,4.8440406695461125
598,0.9429787257313164,749,5,0.01671135899370453,0.37178350980859654,0.7759673154141865,0.6873053267292533,0.311277900946916,9,4.302137696701686,0.7161257985992596,4.953671076800091
600,0.9431746840107909,730,5,0.0119598123453226,0.3686176096553324,0.5616830410337726,0.6956045863785942,0.3117266221280326,9,4.303371162190302,0.6853383652556506,5.442589843004483
601,0.94302237324724,758,5,0.012349739074114954,0.3742140723048307,0.7749301029116387,0.699648486976795,0.31159838274942336,9,4.291760549354439,0.013542513247135932,5.62012090400616
599,0.9433818247289503,738,5,0.012406395074172594,0.33131921749091503,0.7787706276434656,0.6953613568408353,0.5035327291427639,9,4.024879674847531,0.6942793981161891,5.263959947870066
603,0.9432128608460252,729,5,0.011889868114588857,0.37437768904556296,0.7637858147121791,0.6970876721079402,0.34043454909843124,9,0.16238982461197027,0.16104092358088223,2.2803859687951307
604,0.9433961735249821,734,5,0.00814918321396,0.3262397222534,0.8019503567378413,0.6944385384703191,0.3454240183585634,9,3.942931554431449,0.007074862676937712,6.024685245463545
602,0.9426057102593506,728,5,0.012087950280031746,0.3727954642083565,0.7790841597546084,0.7050803726750602,0.31332371659204183,9,4.366999991350381,0.006779519031617363,5.821388901108457
608,0.9408601300151828,659,3,0.04162963687710139,0.3274612456536076,0.8009110245998522,0.7507225188295041,0.29986926919073986,9,3.983383403149287,0.006773503655142471,2.2545461138565077
606,0.9426942378119716,752,3,0.012169520340228213,0.32624208126187826,0.8046886273441041,0.7500674158300425,0.36864771570531996,9,0.28365137157657605,0.013396633837139085,2.282488571809725
605,0.9386345210220768,750,5,0.043208581972723724,0.3794161642421695,0.80748378987621,0.7487574182129085,0.2986823552580656,9,0.27658031121693516,0.03684296440138944,2.588953471117414
611,0.924202416604837,695,3,0.2728378905488514,0.38929290089900564,0.8089576293636829,0.7460152440209477,0.3527229213735231,9,4.013815150717758,0.006050340640629371,2.323704948074856
610,0.9428633968527158,695,3,0.010530161263001218,0.33146657683955466,0.8010794270145856,0.7507471142478617,0.2971197259502633,9,3.9939456524820875,0.007199333567356896,2.307355503525001
609,0.9429253537204166,691,3,0.010528741892755444,0.3822453515576404,0.8084325048084072,0.749124105558458,0.4991481079028758,9,3.996346577654744,0.012729772435493295,2.4004431330365246
607,0.942724327599388,660,5,0.012017567790989728,0.3783823340428952,0.7939131644669382,0.7466875418955614,0.507870171753257,9,4.33412316432692,0.03657557499880183,2.495439348883969
613,0.9429887210469025,710,3,0.008058232819603236,0.3922545638219933,0.8010807035953862,0.7504846808255111,0.6876440821984754,9,3.9897216324702476,0.0062923052055667075,2.3184229564510144
612,0.94287771955813,712,5,0.010479626049161353,0.3866896983996662,0.8025449029884568,0.7241941426392832,0.3436945964209054,9,3.948081507888629,0.006526956939845959,2.453667140977757
615,0.942816395126999,664,5,0.010500764039794962,0.38863267683620045,0.8095856898980042,0.7205048252193127,0.36644071570970715,9,0.28721686245858913,0.005836320946469559,1.0505594296648793
614,0.9428802284319143,658,5,0.01072138429820552,0.3871275230842958,0.810764653236968,0.7472458435146306,0.36630687237151227,9,0.3322709113056826,0.09370342983738962,2.4067563660293865
616,0.9423443584560307,698,5,0.01053373187637736,0.3828582952081289,0.8112670624431518,0.7259397124643922,0.5025281925278909,9,0.2555667603845462,0.03595021019646479,2.724844144003555
617,0.9431012180498733,700,5,0.010712899692675993,0.3933760288814197,0.8379715970415226,0.72284059391429,0.4590942929875695,7,3.9819416416534494,0.006112812054673248,1.147413767195716
618,0.9433146413887405,712,5,0.010842695591384056,0.3937348694235691,0.834505111522632,0.7243638398754786,0.46014045154087246,7,0.28038400678055897,1.2192642837619239,1.1819861987058666
619,0.9433206495361516,712,5,0.008031608786683578,0.4005147747157472,0.7591470918349039,0.5857265816173184,0.6537056083249733,7,2.226852624277098,1.1969425062044272,1.1492788879668303
620,0.9430208130283102,663,5,0.008197577104125348,0.3942590040760074,0.83682005120902,0.7245057653381746,0.45947280828922216,7,4.8917635338639105,1.2327947590062307,0.6476022776609789
621,0.9423507485700828,707,5,0.006744797421195073,0.3977829411235858,0.8356771955730701,0.7213189517344115,0.46541782714340113,7,4.453980549213747,0.0053339035570316735,1.0210009534494588
628,0.9275998439405365,486,5,0.22621269883409942,0.3454498032746607,0.7602470420138566,0.6399863521459906,0.29388346736727866,9,1.6839349757166397,0.005007987762680562,6.633558970964728
623,0.9418445133612453,777,5,0.009475290956423724,0.7810982516654369,0.8329412560523519,0.7192815913355985,0.37492397791876153,7,4.976618951752998,0.10807348638221002,1.145248415429874
622,0.9429336140099354,769,5,0.0071477051398023276,0.39614840847901145,0.8343935981818392,0.7227865795881262,0.6491347714571233,7,0.20561166062816677,1.2058812602652271,3.1343697398665844
626,0.943280763243655,711,5,0.009494592184605652,0.33825061813334156,0.8366156203098435,0.7150565596268452,0.4617712080167281,7,0.09759051619795361,1.2803068826512551,6.879237979900215
624,0.942801160293595,768,5,0.006841785814785456,0.34443898072720464,0.7607541081481045,0.6346373982636085,0.6552984706833133,7,2.215660366422821,0.004738959904664292,6.814428371598711
625,0.9426431816042863,767,5,0.009517863649476767,0.34661119121084133,0.8372739044513384,0.7202585449814645,0.4390218571111039,7,2.2080442189539564,0.004928838169897868,0.6498948897890111
627,0.9431599782951109,754,5,0.008342446991746492,0.3434050495311648,0.7601721304042286,0.6351775047823437,0.6515289179817885,7,1.7173774323722522,1.2334917804532093,7.0864057579554345
629,0.9429269462917123,779,5,0.006818204231332578,0.34980530131768395,0.8373755587723741,0.6358828615273837,0.28994458180502886,9,0.13755277900331572,0.0035246534017840487,0.6518446894973068
630,0.9428343496463771,763,5,0.006615433070520077,0.34410137839224186,0.7621472533475474,0.6383424710276447,0.44337915269063016,9,0.10497058218912433,0.0036558425883435035,6.645970779792576
631,0.9433396716836002,782,6,0.00946625241895094,0.3479112946921763,0.7891195438734047,0.7095227677669937,0.3950567429816205,9,0.13753842380382042,0.003612862513201662,6.287718081867294
634,0.9426312435813167,418,6,0.00933511100479584,0.33926780470263235,0.9245219635698221,0.6786637524748161,0.3931748109113741,9,4.210035412507723,0.003699678805209773,7.26741847125621
636,0.9430568149496651,423,6,0.013324595607777791,0.363340599676098,0.7872013036451742,0.6531392257550581,0.3975317447222002,9,4.249272853677618,0.4221176142666619,3.4326228926117883
637,0.9426466339148014,422,6,0.013570453719301056,0.3184232925768372,0.7877230122946068,0.6503837700874443,0.22175786682109738,9,0.38891245559594095,0.0037233023896097307,3.0984206862017936
638,0.941865746949438,686,6,0.021870819112986464,0.5326539345711158,0.7866613714267653,0.22370706189170858,0.2248898127367594,9,4.23869865837874,1.7955277115358215,3.0790265330193654
632,0.9426282290713642,759,6,0.013295666501110524,0.535306446507024,0.7819785294532323,0.6504767434082147,0.33177040436458943,9,0.1820345721346517,0.0037298759323193516,3.303190026372109
633,0.9432757820229508,685,6,0.012952239334497502,0.34260096503572046,0.7866099704939404,0.6467357930328232,0.3346248653777496,9,0.12621379475140848,0.8570545495748811,7.085457667995644
640,0.9420432048938151,424,6,0.02194507375435493,0.9953908416402741,0.7857489026570713,0.6751524443793835,0.22174495077079495,2,4.219440385228283,0.010366440140238579,3.426276138977355
642,0.9425148929941327,423,6,0.013015360295323098,0.517566508742202,0.9457384342111433,0.6555176114634851,0.2251229140302992,2,4.2046961977621,0.009730321595654704,3.21008704836691
639,0.9424245224002876,689,6,0.013096323751419047,0.32181882819503993,0.9230284703344647,0.6518489190652188,0.49048312381152903,9,4.228473116481861,0.010019720896713574,3.0388554454002974
635,0.9420932644399096,689,6,0.012948066609825448,0.5358734606683128,0.7924154452767396,0.6794445914091573,0.8450592307763495,9,0.13283510834678622,0.003790818471872726,3.1509068052777414
643,0.9417205203103665,688,4,0.02214690432772323,0.4991988369143514,0.7823795948502602,0.6840729050818561,0.2174645006024038,2,0.1888842070427006,1.7663222668617533,3.286413487229598
646,0.9429114870789974,486,4,0.008528537820318292,0.50428890837996,0.9513153968829092,0.6145464949428162,0.4826329855156764,2,0.3667875643439851,0.008721127724720518,1.8368467500763956
647,0.9422667263453016,481,4,0.008872583794100357,0.40852956169474847,0.8850420886590008,0.6794881781991846,0.49380596201640525,2,0.3709043546444411,0.00979553182737095,1.9407498356951838
645,0.9423253070870905,493,5,0.012997720103166317,0.5010521670723218,0.8509959455220751,0.6769245646994407,0.5231379909464154,2,0.44605928351899016,0.010117817159863204,0.0001028718371537923
641,0.9420356260912272,681,6,0.013289242092704878,0.5391667625851856,0.787666012342839,0.6776186078867682,0.4931919601554107,2,4.22284952021238,0.009843576588084435,3.1895961579690613
644,0.9431235182225117,686,5,0.00857790513986283,0.5200102591722013,0.483695480853759,0.6836205911777583,0.32993229710965777,2,1.8572667103999905,0.8087637693663068,1.788452331353072
648,0.9423818423244628,480,4,0.00886725554690534,0.5145463534954269,0.8537179792686982,0.7366731267255721,0.48557166705049154,10,4.382737391705211,1.7644178687210632,1.81458652322862
651,0.9425323309192833,491,4,0.008628167546244505,0.3708445211642132,0.7301192704638654,0.553027834678796,0.5286560937747999,10,4.480137630648624,0.06512216585211739,1.8345329934056736
650,0.9427502585423657,485,5,0.00875689800380886,0.49829141412591016,0.823155401622304,0.6792887900019934,0.5238668415901927,8,4.468673722468121,0.06979086168221278,1.8062893226387207
652,0.9427159368567815,486,5,0.01750064544088999,0.6365504243299592,0.48817657974620826,0.7056313290919082,0.2851812378139493,2,4.487728614812781,0.007297643925962729,1.843350684349274
649,0.9429633719246964,718,4,0.008623893926723039,0.36467451655604183,0.8206952852218096,0.7373262460777804,0.2894415569957461,10,0.0036959746529842893,1.769278530640763,1.9208453460278272
657,0.9428970172225002,456,5,0.01148437367063178,0.36227826657127554,0.7414214084837278,0.5478006120342922,0.2012292764397183,8,4.393219885524147,0.006890710156972821,0.860855778055821
654,0.9431437551491137,717,5,0.011378141858310556,0.3717219352686029,0.8535683293047223,0.7374947855795385,0.2708421032570367,1,3.8965113268378677,0.007075601318605776,4.295353571127614
653,0.9436047502707318,724,5,0.007817949988747804,0.36519946964083366,0.9775816586883387,0.7365409881021132,0.2862177932052298,2,4.389949862429522,0.8391879049247398,0.8578616125121212
655,0.9437541054891257,727,5,0.011471364205019376,0.3662288227890468,0.7377178669258861,0.9046566656991437,0.2906786610250326,8,3.888823077115054,0.006732825521205896,4.458172055029094
656,0.9420441744211635,721,5,0.017408703723230952,0.36627050659252286,0.8217740219539684,0.5468481659525463,0.2885686162828161,8,1.8045158448828509,0.880517634341507,0.0012710945951018824
659,0.9416915492886311,453,5,0.007650705313551072,0.36400324454896626,0.8182535295803917,0.7385672540954829,0.43123310749743465,1,0.05375264449180914,0.006530606060738686,4.633970293918334
661,0.9429819797531381,451,5,0.007650645130181767,0.3580435463624059,0.8159861192465527,0.7336787576721557,0.42905015892034043,3,0.025876845574091284,0.5664070888203288,0.8408770451103447
660,0.9425137679667037,717,5,0.011516236037234128,0.40629877136980397,0.8219654143028768,0.7379130214200406,0.2914463944963152,3,1.3844462354350422,0.006946771938557676,0.9093673139918419
658,0.9422897257464907,801,5,0.01761641197707458,0.3668619702270809,0.822764104705799,0.7058158490217382,0.43527133821238523,8,4.466018678725637,0.5854349665256778,4.509958965109136
662,0.9430059966884118,802,5,0.011371372780693546,0.40926068912916735,0.5857372102377422,0.7106031250367216,0.27102827644720556,1,4.091981437442266,0.602937409502257,4.30428070521329
664,0.9423700764995692,733,5,0.015073139470230097,0.408323642647354,0.7653608552574369,0.6965072202850224,0.32050178612558505,6,4.044118723380312,0.490033322222791,4.289949994687792
665,0.9434531627391,733,5,0.006267743224626821,0.3258860777769529,0.9819324496015791,0.7066631948161484,0.24215090543327725,2,4.3430113376687025,0.5067551822894164,0.8503445405069789
666,0.9432246057984248,731,5,0.007388880851120957,0.3587197448580535,0.934187100637086,0.9301986018695018,0.2687606534706418,8,4.715098577751783,0.5182059221858848,0.9200312574404111
667,0.9431290671750538,734,5,0.007390759093915979,0.3576929775697941,0.9993911956680414,0.8960548599302863,0.2621270023259753,8,4.392036052929081,0.004882920437305464,0.9126033553765396
668,0.9428497827684745,735,5,0.008033387352035038,0.32826464261416677,0.947087360596795,0.5867180926447715,0.27875173996330493,8,4.073891077963007,0.004726453268905883,0.8732608373968889
663,0.9428895866146199,806,5,0.011386130122249115,0.31965615817870807,0.8680938637428971,0.5921589189236435,0.4279052971392472,1,3.9145663732368776,0.00502899393948109,4.51608149264405
669,0.9431846214052062,731,5,0.007643861930980102,0.325938633283846,0.9780781713826067,0.9411907725175115,0.2651343371489365,9,4.05768257751937,0.004961071942804647,0.5210803357038473
670,0.9435432306817815,743,5,0.0074628519952956805,0.3247073157451746,0.971455669342929,0.6071666537421059,0.2675232080954244,8,4.7237029136606825,0.005037515994224739,0.7244579137779047
672,0.9429546388731875,742,5,0.0058978852727115975,0.32374150810810504,0.9765486958725875,0.586005927649303,0.2734287101265634,8,3.898225696596841,0.005355590035062637,0.7616327765148565
671,0.9428409161330039,727,5,0.006246728682867957,0.3191612222063808,0.9979044998483146,0.5900105049051186,0.27596910074688774,8,4.355775368301454,0.004828386926319783,0.6262084188355378
675,0.9301410700906072,664,5,0.11726443420765902,0.32218413945217766,0.9864194561315478,0.7021650095332245,0.26601274433049543,8,4.339907660140809,0.00459807816380256,0.4592959910402837
674,0.9425161975250106,661,5,0.007376011194421438,0.6968544595115475,0.5512427403408445,0.9256251019944073,0.27380587086926433,8,4.388537908124,0.0047338425824002325,1.1228204219991622
673,0.9430163473582092,741,5,0.00724821526695493,0.3181842176313021,0.875588335978135,0.9019125227382025,0.24986868347621108,8,4.327011088785604,0.0048757028446180534,0.43700390888656493
676,0.9428119503293919,662,5,0.007902751359679964,0.31645439673306053,0.5495706688122516,0.90608234822652,0.24368837277781896,8,4.307407026276341,0.004758737187866453,0.5901494510890046
677,0.9431467670500047,706,5,0.007730225222244408,0.32637801048233206,0.8709156234757849,0.9501336533137523,0.2469107867453583,9,3.8796841859057514,0.004894969648491422,0.6512894716508512
680,0.9429740388127785,665,5,0.006995942651219724,0.3025163855644998,0.9669305010423388,0.5972612434642321,0.24663149148812716,8,4.620159811521356,0.004778473262688168,0.7124305211413225
678,0.9425632587373356,712,5,0.007941085179989142,0.7174857004337132,0.5036206260989023,0.9920567351483323,0.30077404872421615,9,0.26761966821416483,0.004709245877696283,0.42991277014758655
679,0.9430948508955647,701,5,0.007904056261806682,0.3777713193775226,0.9621119675977515,0.8862096093203988,0.29905233194403164,2,0.2681711265719227,0.920838645081252,6.050680280238681
681,0.9419497274292311,707,5,0.006940615336161356,0.8731818468865866,0.9902031001045077,0.6107059024706725,0.2907275219578159,8,4.56561893211691,0.004208842744383903,0.5566125094360328
682,0.9429003578651722,703,5,0.006777720678043513,0.30639088753317034,0.9453088770106276,0.6140377379126407,0.24156594133514842,8,4.865235544300158,0.004338003777038321,0.5215289965732264
683,0.9427954913242121,670,5,0.006967237411262683,0.3080968297870787,0.9648595604655044,0.8489729198734399,0.30237634375341693,8,4.748943443739722,0.006167228323209202,0.6711534571397073
685,0.9427492639680244,706,5,0.006889147206642369,0.2925999842843542,0.938608081739353,0.6168708227369105,0.2963042204849803,8,4.582853938673269,0.00628398913200291,0.6710274119867485
684,0.9427961394151524,705,5,0.007768724085215943,0.3421076166755597,0.9808938910920095,0.9714376378084417,0.24373042946536574,8,4.716466254913528,0.005775070080687504,0.40695713874917955
686,0.9429381334267084,708,5,0.006455587966529143,0.30128261340480633,0.9601173521056173,0.8426691366815984,0.2959497408339327,8,4.697348651299962,0.006397448281611311,0.6795553760455003
687,0.9429490137360421,624,5,0.006916423205848914,0.2967268697950768,0.9640260260981972,0.8700271919076202,0.3130533683486192,8,4.874984412433923,0.0063613533931016035,0.7633657993402495
688,0.9428806020495578,698,6,0.006646638286774588,0.3432649764545418,0.9850620070348746,0.8643449541171625,0.3019685391826377,8,4.776384523872428,0.2798857862733591,1.2240316349122884
690,0.9433561348632787,698,6,0.006866120929346225,0.3416471824252518,0.9388423691669877,0.8508299917028759,0.28827882435598334,8,4.896822289885676,0.0032911064831266817,0.5796745097180139
689,0.9420062751900999,701,6,0.015860568480791933,0.3423965692609136,0.9384084352331882,0.6004468710421939,0.9020752997330707,8,4.663240257834563,0.007280683707130687,1.0985186684057258
691,0.9420666624462484,697,6,0.01924579628604628,0.3405425642512375,0.9706323294116903,0.6253799026099476,0.8896414756794337,8,4.739318164046377,0.0063546609530438355,0.30606408505015154
692,0.9416767642574737,746,6,0.019052229960053263,0.3407399957035198,0.9988364062850715,0.6113551738351122,0.5076123529291448,8,4.539609607567687,0.006332919106571492,1.2213080253190152
693,0.9416199900300445,757,6,0.015960816997207167,0.3410698689883887,0.9695390280876965,0.5707248437398075,0.5061498131020621,9,4.713350437218132,0.0031304572013087367,1.1119360953678519
695,0.9425776638891012,625,6,0.005386570070834924,0.3509716505299586,0.9522701938515636,0.5700562898601367,0.6147718078064981,9,4.822097898427388,0.003193271503786454,1.086531935869667
694,0.9420806668461283,623,6,0.014377965087134664,0.34156076357590454,0.9763427236136104,0.8340856904232036,0.6205326810496528,9,4.810822854258348,0.27041321582311145,0.27850331684857305
696,0.9421263363849128,756,6,0.014821803985520951,0.3804252339152653,0.9488027140714184,0.6658774626184004,0.4688352877561968,9,4.849687285381318,0.003260605413295276,0.9785514896273123
697,0.9422450836562255,749,6,0.015656021640351736,0.34841350115252795,0.9723745150272033,0.5654329297950205,0.5140757176089942,9,4.760036336745104,0.008060240997003027,1.1696376547808236
704,0.9427449892812438,449,4,0.014210019829368264,0.3823179575665463,0.8950938437274841,0.6678662566777568,0.5417589803830498,9,0.4387248163881537,0.008773970933807896,8.064519979644201
698,0.9428750165701512,745,6,0.01585143690036927,0.35326077659827676,0.9212975694067866,0.5994714672676594,0.47705390826294064,9,0.3508551104427582,0.0030167006244252474,8.293109123018358
701,0.9431428315412523,750,4,0.014467888489806836,0.3582361668263816,0.8899727672394615,0.6649070758883466,0.5444539071363016,9,4.479827342791019,0.003053428947022388,1.1519479630549476
700,0.9429783197613071,676,5,0.014316683646836092,0.37909329606886394,0.9999722303320491,0.5701645732447024,0.5148726976132592,9,4.492170795905252,0.0031629831229947505,9.839440498917602
702,0.9424900286356008,762,4,0.015338179782968076,0.38080402268582697,0.9199531182987699,0.5760336911675075,0.4721417784673013,9,0.5180829535591215,0.003070207492106336,7.476080562062407
699,0.9417026764152068,757,6,0.015824922544452107,0.37743858598108343,0.9722975187759039,0.6133376607159777,0.4537326078632083,9,0.427541744568931,0.00797883326508806,0.9721485660240229
707,0.9421767794630856,448,4,0.008545160660180576,0.37087426890710395,0.9146597149278438,0.6609207816574691,0.5465759134932691,10,0.4720335856292812,0.003833946842508886,9.922520725068242
706,0.9381597166583979,448,5,0.05615960917738812,0.37235675946617713,0.8463205817854673,0.9723921442288264,0.47710858538586376,10,2.7407867278383895,0.0075341995202158904,7.318725806956476
703,0.9431697841928136,860,4,0.01438022968355683,0.3792529763347667,0.8877159426720168,0.6641113807936594,0.4706516649814729,9,0.2095045945729059,0.052435945788052975,8.162355597827752
705,0.9431598676708924,753,5,0.014631516691449067,0.3767197858341723,0.8925137813342554,0.6601833985707929,0.45504611110515647,9,0.3926455644574018,0.015743896821346654,9.507435464207164
713,0.9420420308160249,467,5,0.008468405020209591,0.36097541108118836,0.6995723106354016,0.6927719475516363,0.32572199018720427,10,0.2057271407995477,0.013590606036654337,5.580299631481537
708,0.9424786061632343,678,5,0.00834140807296177,0.37116485787418246,0.5272646886810571,0.6903261252370271,0.45019767273710903,10,0.20315200582365084,0.4020714021467553,9.704834291332062
709,0.94332060257304,683,5,0.00866144252943171,0.3809453989172106,0.8517504547294618,0.6920299134707298,0.2825360881941253,9,4.1227213785500565,0.012138025530416513,6.252024802459659
712,0.9421784837022245,444,5,0.008451191446218838,0.37172009201079914,0.8503059276253487,0.692178895437443,0.8751381360949262,10,0.2317364311407339,0.3987531966927988,5.938121602015325
710,0.942100802019322,723,5,0.008530573187185505,0.3779261020643283,0.851289166268358,0.6301090458718062,0.44641451428462353,10,0.2262622259142146,0.013151299147731044,9.911607914463989
711,0.9429967950494118,718,5,0.00820522095184951,0.36744082295580377,0.6839498445924703,0.6904362401796456,0.44836094328973963,10,0.21673679577164967,0.01354690958914251,5.845407139270034
715,0.9427689717769023,644,5,0.009890284837801513,0.36395803988139697,0.8524717770164142,0.6934932830412935,0.3156854798072148,2,0.20187288262159797,0.4117677459232052,5.5175721287960915
717,0.9425907279831245,724,5,0.009198155299532888,0.35858538452666056,0.5239641317540301,0.6874982634801616,0.32491162936103457,2,4.185761792656864,2.43358863406084,5.6690780382759405
716,0.9429969035863808,721,5,0.009345615009408947,0.36024769434300197,0.8514164270399761,0.9579667033105365,0.3248419466850362,2,0.22784409349053436,0.40284732463414435,5.5328046413713885
722,0.9418963011498469,349,5,0.009377309761859487,0.28227403978796534,0.5796135931732393,0.7123159372662287,0.22524375708849576,2,0.08057823904832728,0.19120925948336415,1.556153930998766
714,0.9433711494918706,719,5,0.009380352165877749,0.3622617890442956,0.8426026142209582,0.6906073368465434,0.8728765381884537,2,0.23111999534798278,2.8371278144256107,5.879043284168892
718,0.9428666467000388,673,5,0.009368467566085757,0.28170845726337534,0.8535280532103825,0.7072918746147172,0.2816360120402043,2,4.208473225584897,0.004017235230542559,1.4516410183936508
724,0.9429022781346245,399,5,0.01228285624939109,0.3960368868246319,0.874411350479668,0.7171179730648003,0.2570837046739396,2,2.5536026627302135,0.005469248622674981,1.4556623470030048
720,0.9427934228600522,722,5,0.012361034074711315,0.39648071643081734,0.8670589235833343,0.7087519916738608,0.20254153212613585,2,3.0611087603148057,0.00403661304787933,1.3958539334774942
719,0.9429518951838454,726,5,0.012425842881037862,0.4028228137972558,0.8521133740790396,0.7107042254923156,0.2606394391916455,2,4.193730724712197,0.005597882108504836,5.569388615354418
727,0.9422865823488873,414,3,0.01234617931902721,0.32908235599439983,0.8732429940865181,0.7079631838108037,0.2593235846775903,6,3.0148618698479517,0.004103935586600959,1.4525363024250724
726,0.9419163470931284,468,3,0.012196321926434996,0.3967815425469867,0.8738707457707279,0.7220601288385037,0.2291193349589948,2,3.044007523334785,0.21306345173495025,1.3962074255350012
721,0.9428906260648233,645,5,0.009327931118130019,0.27763229730871725,0.8682782596904538,0.6331111400680909,0.2689988008522762,2,4.256136396822895,0.003881705739072269,0.000478774946811026
729,0.942111446469473,399,3,0.012136804489222509,0.4030332168024943,0.8735660676413943,0.7120649198854369,0.2542610916901746,6,2.53665242818303,0.005717012552398078,4.02667484878258
730,0.9424180414908863,435,3,0.01270508756200186,0.33022667515019716,0.8771694559171024,0.7138751185610029,0.20291482933463686,6,3.031274695677854,0.008339567466950923,4.305260224642135
725,0.9430762900302344,652,5,0.012422093266506989,0.2825886354319665,0.8634846034587819,0.3461521137653744,0.22566465473394665,2,0.03703578373587187,0.0811452007714106,5.019347064241334
723,0.9430759665065768,655,5,0.012600767784610167,0.2812110535766603,0.8766515896277415,0.9575142289611551,0.25766043276444706,2,4.191956522425098,2.1715608950239513,1.5602536566915466
728,0.9424587877301377,650,3,0.012328990435878054,0.3964484195452878,0.879327853507845,0.7143687065353255,0.3466217468470733,6,4.2393332148023335,0.00579599554749011,1.4801354136615505
733,0.9425808125048281,468,3,0.010189104648304081,0.3337843552958197,0.8009571610364203,0.6342064925586129,0.34704794628383107,6,0.8623842493338671,0.008369859809909157,4.204324931694539
731,0.9426950935842274,651,3,0.013118924618918225,0.3343359447557264,0.8291559923224987,0.35408936786847356,0.2598202871369581,6,4.276271695591807,0.008228587605702754,4.443212197515985
732,0.9420553975612119,778,3,0.0056932659080916265,0.3294452919920074,0.8289235648806984,0.6379115629457793,0.6060909288251655,6,0.07735054361498997,0.026673813809104868,4.157777042553046
734,0.9427360266323005,646,5,0.010477937158481143,0.30748537371185136,0.8287760300665435,0.47264886678689694,0.35636003643293346,6,4.012745304312726,0.008488507355051458,4.56191464584565
735,0.9422360604770497,431,7,0.010626245124181383,0.3044093601449733,0.8077259808452392,0.4658084255285404,0.34724439960214676,6,4.05791205465834,0.005720515067077018,4.255502724725845
737,0.9246296588163337,687,5,0.18513995614413506,0.3356166650090095,0.8125520930764678,0.7347368353753135,0.6058424288185615,3,0.006850284573620816,0.00764735254928573,0.8546227204708903
740,0.9399688421670632,679,5,0.03102020925445054,0.3100146964363164,0.7979001023982328,0.7310258108174765,0.305887307580029,3,3.9829567304683655,1.4338052515237678,0.8898991402985839
736,0.9429129001468443,778,5,0.010402443556079478,0.3111691980760227,0.8083355216390551,0.4803101841296219,0.6058467009328005,3,0.05077351194899462,0.007961564604894836,4.3951615499390435
738,0.9415771241890226,785,5,0.017927093784861958,0.3182241474233052,0.8039238001964601,0.9229533912896237,0.5581564239491298,7,4.0337776127111225,0.007718686784648871,0.8052171799183415
744,0.9426606863214178,687,5,0.01784257745247331,0.5567918276391315,0.7538163942358148,0.7366011882313781,0.39037690589931223,9,3.872030649246742,0.006448053116705929,6.994558921034483
743,0.9417969084204504,687,5,0.010858479749702344,0.8178601785805797,0.8079721599204925,0.7407890546722823,0.6318169448313536,7,3.8817459211016296,0.006716359993321764,2.673208090283777
741,0.9428291445681746,673,7,0.011145959335479799,0.41956524593801414,0.8337700085324805,0.9177948023273662,0.5328584315875888,7,3.8321030814865367,1.4734448472593786,0.8331418067100786
745,0.943112878468672,680,5,0.007619306282586986,0.35230345835970583,0.7363520605516356,0.7307888160636055,0.5288198348503641,7,3.8103392776896197,0.10938450610189036,2.7494398584067223
742,0.9421646358460498,934,5,0.011131310710301556,0.5597524052029795,0.8107316096843378,0.7316781502560614,0.5618970492551367,3,4.03844464346405,0.006955811643226558,3.731904303537603
746,0.9430028710324285,685,5,0.00762670735995332,0.4142290850841731,0.7560722374498391,0.7320480877479004,0.5316711897419267,7,4.4500716108358995,0.7819274667272915,6.9894218436584055
739,0.9429949655753086,782,7,0.010389745114723596,0.3291409677163275,0.8067849910820329,0.7332104146307363,0.5631147311511464,3,0.003442399671104157,0.0077489221668191124,4.043328886871283
747,0.9412636464626976,740,5,0.01812948626100309,0.35471371507595884,0.7598176734681276,0.7308675520535209,0.5270640328602771,7,4.423164588016154,0.11038119909017,2.7272075676760044
751,0.9423113099925834,463,5,0.007736762039512526,0.35336188873896296,0.6146952071202442,0.5067125046077211,0.5330537919133171,9,0.3432785768832664,0.11942291220103456,2.209313375145917
749,0.9427718292213372,738,5,0.007402583720642274,0.5632719777905689,0.7554010150639104,0.7317286280207272,0.6364363209003607,9,3.841402548960991,0.8324801185161294,2.6625153701291375
754,0.9422151691977593,465,6,0.013836373490120853,0.41024921959119437,0.9114805280807223,0.6767611964495842,0.2827866770947229,9,4.522617778147608,0.003924998930086129,2.088426366621364
752,0.942708615829495,742,5,0.013401944146169678,0.3523138115333625,0.5998241944025049,0.5408868302916842,0.2858361683164176,9,4.442958084004385,0.10566779415626021,0.34851066645858864
748,0.9411244498871559,918,5,0.017681953847584912,0.3598553766192681,0.7559907400743029,0.9202313337035058,0.6366613216586196,9,3.850022518417649,0.004027232479655699,7.012501571480646
750,0.943162354628558,744,5,0.007780721627261404,0.5962080171032924,0.9087640719327981,0.537462324813827,0.5225691892514646,9,4.436727867083138,0.7676808922860358,3.085823416699211
753,0.9428602482369891,461,6,0.007539970384066338,0.3520631482710275,0.9078253652704912,0.8766202464012705,0.4936552723300434,9,4.47065009517975,0.004221346891508765,2.0503464235697986
755,0.9430245220705021,501,6,0.013986592553963605,0.3538806281752362,0.7689072131925512,0.5398033236672485,0.28671918007729086,9,0.553552236103449,0.003944297161802946,2.8018199728749145
757,0.9433127973038916,459,6,0.013902202588966505,0.3851690625110276,0.596322135065158,0.5051857229944712,0.4943203718896627,9,0.3321656351135355,0.004307818643634694,2.1648679643055413
763,0.9413105354769469,231,4,0.013785669914309354,0.3831727081141023,0.7729303596931631,0.6529955536414778,0.2331959276466338,2,0.5799566125499611,0.005106239706029261,5.268071814082438
758,0.9374423144272995,739,6,0.07438036600941055,0.39199715919331285,0.7158743698983083,0.5389009190315237,0.2878383844907063,9,4.576834703804043,0.003974623953292403,7.0372761660886916
762,0.9434969323591138,420,4,0.013878255447538936,0.38928373362904606,0.7714180711439627,0.7564167872367983,0.49274487763707625,2,0.3458324418918753,2.0108603283089175,3.327734663753415
756,0.9412912294635791,737,6,0.01721255514957941,0.35592589741431735,0.6030559652683622,0.6516262025267475,0.49338572700668415,9,0.3531873589960435,0.004090189358831454,2.7834145151739245
760,0.9431176394845637,509,6,0.013790431611913024,0.38896179848271023,0.780323590578324,0.7579655454765497,0.29161921786274475,2,0.13292105302129276,0.010895115214025539,3.4856366268714556
764,0.9426677297445334,708,4,0.01670440476501372,0.38450064988064175,0.5068421756785395,0.6166792069317029,0.238507498449279,2,0.6291980192604194,0.005188598826220306,3.5978085327019786
759,0.9426347188515753,713,6,0.016519661391636933,0.42108927404989377,0.775214886131539,0.6744724944808664,0.29218649196368596,2,2.8617600781110175,0.00396563119514425,7.10652785556725
766,0.9429633301797082,712,4,0.011599509714741113,0.41474898714568065,0.7187591151041786,0.615234635523982,0.310074662202734,2,4.1644611767760376,0.01140902255036678,5.16924415330473
765,0.9424423412484544,709,4,0.016580956005000258,0.3908538429192115,0.7108250111975055,0.7603335640346249,0.6704383612608327,2,2.399434210633196,1.9659019938693985,3.583012610190682
767,0.9429641796902158,714,5,0.00991327642420613,0.4185670992534429,0.7861836098901238,0.6018979390475866,0.3090273564284385,2,2.8580181683563217,0.010610119004521893,3.607698913232094
768,0.9423702883553837,719,5,0.016542993042511746,0.4203342523075403,0.786419508086934,0.602351782581907,0.3151273978280422,2,4.129048345704082,2.046436664611567,3.5410384744751098
761,0.941457217972478,711,6,0.011413771107170527,0.3908621992537341,0.776336989755713,0.8688432870909704,0.4886023913878359,2,0.3480284930714893,0.005303568046593332,0.00025885438180414715
769,0.943473641786633,717,5,0.009838548324696684,0.42236969190806295,0.7933132805113127,0.6116019975556559,0.3106833571772388,2,4.120654512316874,0.01046533188832431,0.9763403986504894
771,0.9426104858859882,712,5,0.009260000829822434,0.41077195142202905,0.5107620586366981,0.601214931969149,0.23847474771541552,2,4.0972514451436135,0.005699615326079828,1.0428417567858577
770,0.9430459205513978,714,5,0.009848866141125609,0.4220268287414579,0.559222772956333,0.6732315627480986,0.2367206217475084,2,4.121456008180312,0.010942607366671162,5.022101494531017
773,0.942245895596244,716,5,0.011422226124423536,0.4145133103985686,0.5689701854422576,0.6036910333638221,0.3126360847472409,2,4.118281076964289,0.005735816341272229,0.9901129443457172
772,0.9425933944442388,712,5,0.011650551041733306,0.41798313059180425,0.5491264967192426,0.7007483616750738,0.30202725729849744,2,2.4068164047422047,0.005277839074482953,0.9834915721492618
774,0.9433885821988977,721,5,0.008961242561060815,0.3314763555865991,0.832148697016747,0.6992882260734039,0.4341688101969529,8,4.125046761933467,0.3203983597066338,0.00030511594993510845
775,0.9429321237138604,765,5,0.009786930095936248,0.4913941444741756,0.5728706825878971,0.7024191787670657,0.40533466003883334,1,4.12431414383837,0.6376255851259994,1.091063469107305
779,0.943229495180155,605,5,0.00890896676023841,0.36972636620545274,0.833912660550545,0.7048697814399183,0.3725953369677789,1,0.11521946251767515,0.6622212029221008,1.2594060083843306
777,0.9430258620846199,762,5,0.009024577592386517,0.369679084663661,0.8355215297115486,0.7019968325108804,0.2717753081462848,1,4.359691731849773,0.005716875648522673,0.7684481540002617
776,0.9428751178017473,765,5,0.009003570092058936,0.49276658635590703,0.8257926689574365,0.7013083790497451,0.43190564837237094,1,4.31067451407447,0.3211883568339227,1.0224569807369612
778,0.943087495428663,765,5,0.008800827684398382,0.490194962000382,0.83330993702071,0.6993607855206554,0.4010563347730816,8,0.14011878012734333,0.0025639317294329222,5.097940992802865
781,0.942639866008607,764,5,0.00834202524930148,0.493152499268725,0.6383756292512447,0.7016458062006782,0.3725502804669069,8,4.342621051432659,0.005799402359426352,0.5263442985951228
780,0.9430535285754775,768,5,0.00872825648463015,0.49409142024896135,0.832724970218396,0.7015859583752424,0.3817613166450724,1,3.965584375703315,1.494470048814458,0.7274546171297873
784,0.9436533925744808,614,5,0.008391535746663452,0.3712088454676213,0.7376437332785254,0.7024201987626966,0.27139722238461217,1,0.12595668238988955,0.002855078583022259,1.7686283223483235
783,0.942555251004995,611,5,0.008661715562685458,0.33397519736032377,0.8345418334273675,0.7009797170113456,0.4378504551486226,1,4.361953888800881,1.020188268980972,0.6060886736315123
786,0.9420670872015023,430,5,0.008039712182919757,0.31444684157594555,0.9556189372518091,0.6821118119608265,0.2726859015711154,8,4.322272749758457,1.0200768583578346,0.548183862629574
787,0.9431960501393208,443,5,0.020542287699130496,0.3141675991673245,0.6309512944888229,0.6875232813752611,0.47359930802967437,8,3.7317825975922507,0.017583563062097015,6.486138039857744
785,0.9425841239260084,605,5,0.0061597467588114276,0.3751590846605252,0.8422061441025105,0.6800710167003515,0.4691599551232455,8,4.305030836548321,0.9641836379047781,1.8247342242081113
789,0.9419644571482791,437,5,0.01483838044130142,0.3199886280333354,0.8162919038691574,0.6827468759018605,0.4666693531601344,8,3.759941482153606,1.034070492286735,0.5686107383172941
788,0.9428180482285274,502,5,0.00830886597477083,0.34028334982627095,0.7373554786342378,0.6829444715646645,0.693028496008804,8,3.948929909590449,1.5566400575642299,1.7727547599997096
782,0.943389618518227,759,5,0.008564016442908051,0.26036124333661936,0.824950319880632,0.7048089814536218,0.9610451827704553,1,4.3362495425765,0.002513384407210177,0.6891300409287934
791,0.9429874253868347,432,5,0.02015959269140799,0.3183583780224474,0.9556792943838087,0.6620143499702531,0.46697856970218055,8,3.7244887408422733,0.016678426023480835,1.7580010095494867
790,0.9431315703089023,478,5,0.01306429825012224,0.31653496049864116,0.890343550301162,0.6823105984303706,0.46522844266499663,8,3.7453088011963382,1.4766543766001263,1.7897640369326866
792,0.9421723920648372,619,5,0.0059920568398523786,0.37200315039998233,0.7303963847414937,0.7200529083577777,0.2608577709495603,1,0.08276453939533597,0.002131271629880567,1.759432906053533
795,0.9427413063296693,660,5,0.008025323011982272,0.3663965108483973,0.6905011008471695,0.7170601853671676,0.25245308574769787,1,0.16062976126522457,0.0025517290835179113,1.6180661189768453
793,0.9428206176325444,626,5,0.007817429087147795,0.36829314295592175,0.6927266993658835,0.7160234279581457,0.2748050441074309,1,0.07760354018780852,0.002780851268551295,1.8393383671459829
796,0.9429188665492673,620,5,0.008136814586271404,0.3691418585422108,0.7406075144856837,0.7274337814375444,0.25743904846957283,1,0.12393306652409908,0.00277008431853373,1.516506747946956
797,0.9428329595382736,643,5,0.007159413010041755,0.3739618646785146,0.6910959314777044,0.7212523205151917,0.2702119728327413,1,0.14946320071288416,0.003535804945747736,1.6144771614355446
794,0.9426575898869259,665,5,0.0060001797442972285,0.3717778262060959,0.7376035707895279,0.9941870520517647,0.2730557058061521,1,0.10402444047077837,0.0027601572586690454,1.7999351295206454
798,0.9430319443293849,624,5,0.0075949036170810755,0.3696746570408176,0.6958212107155843,0.7223678497299961,0.2718846049299986,1,0.12514825633217583,0.003478634750857163,1.285435379073157
799,0.943397071042226,626,5,0.007680080199909376,0.3660404885102438,0.7292840774611269,0.7217123649934711,0.257847621780776,1,0.10142587878207267,0.002655861320254157,1.681569797065962
800,0.9428868262272821,626,5,0.007949395795969995,0.36876538199821046,0.7367676908048124,0.7261743232000155,0.2502918037244013,1,0.11814382961826757,0.003289651577116944,1.3258009319092756
801,0.9429523606404624,626,5,0.007131705466902641,0.3717511894863433,0.7344149745350038,0.7548669016605679,0.25619507739713415,2,0.10074209385474936,0.0031987090235844583,1.3359379740102868
802,0.9433503323099341,665,5,0.007382882341888988,0.36320055946370405,0.7380128217358636,0.7250276137503722,0.2773119775710903,1,0.003109189457347173,0.002635636898385184,1.3725446159391774
803,0.9428217050894843,671,5,0.007158130256075999,0.40160440082824783,0.7307286994812117,0.754150941669174,0.2809681563512648,4,0.13804298410874058,0.2340501499421281,1.3162113750979116
805,0.9427658753424106,682,5,0.009982649513062259,0.3978754044795929,0.8961779755322073,0.7437468884122626,0.21954244640649861,4,0.28879059020641423,0.003346416395815438,1.2775500510167301
806,0.943145672287692,589,5,0.007232003740515476,0.39609822724754284,0.7332139226021528,0.7536244627964664,0.5754311961815813,1,0.0002514550517548897,0.0018576918302476446,1.3333886101526333
804,0.9427585339644423,664,5,0.007379742825828194,0.39647993431077233,0.7442055280495248,0.7527394257611506,0.5719902114135831,4,0.2527984165097621,2.6716761145064747,1.2439607432934405
808,0.943072947300313,694,5,0.010032048781959272,0.3935941434028889,0.7124364271648501,0.7564926592942716,0.5910472525400398,3,0.27096754241727317,0.03173223010415352,2.1129590025836875
807,0.942964652452206,690,5,0.010265222344495992,0.39325069448022204,0.8581982932928663,0.7543749859400602,0.5689362163512355,2,0.45838468536267823,0.003448089146099879,1.2603966839394416
810,0.9432881270595542,670,5,0.010020389548315996,0.3515509112587823,0.9276081380987768,0.5826777189280612,0.5959978597292025,3,0.24704843497702805,0.24886757388013334,2.527442006084615
811,0.9427716048420262,699,5,0.009854594761612835,0.39649207774653183,0.7190946757440936,0.5818612684129519,0.21654071938003794,4,0.00024134044863689808,0.001767680023527889,2.3637830336811994
809,0.9423393720172031,687,5,0.010220831377164405,0.3967836595760864,0.9885790371998989,0.7501785631777793,0.5944317433754626,2,0.26140080161183243,0.0018066983055343264,1.2326490422998426
813,0.9427105141828284,682,4,0.00982906203456353,0.3898414793282256,0.9285760355303948,0.5876481811738644,0.2185454954108387,2,0.30336655815812674,0.0018004821030693148,3.0034532861138636
812,0.9427808680548837,688,5,0.010577863688254923,0.4022908688416651,0.7155641851695882,0.7494522415186602,0.5782699025511765,2,0.2798869960819617,0.0018032992744131675,2.2937023770504354
817,0.9423620896397227,694,4,0.01079015427202054,0.34597892359704385,0.8545492525482811,0.644270618271754,0.33128614595397504,3,4.955640372890999,0.1548006517355392,2.369683387062135
814,0.942674826392509,686,5,0.010235116762253948,0.3930629295354926,0.9199521890053173,0.6395486382761446,0.574381782687049,2,4.976958072608114,0.007248140315755822,2.154190003839641
815,0.9429884564880405,692,4,0.010648655952661974,0.3536062771032912,0.9254371196929373,0.6393178077999336,0.594371625994315,3,0.40942494224092874,2.788194088290646,2.1917574975807415
818,0.9430383396615605,694,4,0.010955480570649748,0.3493136875672716,0.9274638423690046,0.5788313575373759,0.3345467263594172,3,0.4706460890482211,0.14408269562886158,2.544274187770301
816,0.9430648091148847,694,4,0.010388813592634185,0.3438475297737003,0.9334693006157444,0.5570640985335671,0.6225305961700688,3,0.42467742570082595,0.03179486516728441,2.557922228244936
821,0.9422171145142043,563,4,0.011765138421548893,0.34234534610483547,0.8550626613863961,0.6299722822244764,0.2942069972109646,3,1.505675058715783,0.02424984810916125,2.170565591812747
819,0.94354658384795,690,4,0.011409642340507354,0.3495249695080371,0.9919815563296406,0.6497642709457973,0.3256267043362846,3,0.40150953701163394,0.04273353425098147,2.281746696409877
820,0.9425076888528128,734,4,0.010819335009724046,0.34453883796657164,0.9830701970366071,0.6644594584108682,0.30316765002780055,3,0.49020548585890444,0.15565330056782758,2.411286648821363
822,0.9427568866028497,736,5,0.011184366675107188,0.3502441785929433,0.46392287813546906,0.621750137417589,0.335462347211896,3,0.41117345725816457,0.15044859799967333,2.4243968461792087
827,0.9430588468869605,562,5,0.011700559819987348,0.5133918433203664,0.2983708856537549,0.6567615159327992,0.2942339740709775,5,4.582133509737984,0.0048780251286937824,7.6558992322191965
823,0.9429569202367867,738,5,0.011424547932586704,0.3472724992019636,0.8568026129078776,0.6295370299094813,0.3277986179909506,3,4.963999150643757,0.007107874730404564,7.967123892917812
825,0.9426143848678759,737,5,0.011413087455579759,0.9662009161669672,0.7543381509090453,0.627302950811143,0.2910428367048248,5,0.47057399277336176,0.004553097743383005,8.101888926831926
829,0.9395917377735138,729,5,0.024265684256947886,0.4787743058185927,0.5266980133435804,0.6642680335118089,0.24083140875999276,5,3.938025255498106,0.004884421589795729,0.12027251195438274
826,0.9424931156774701,739,5,0.011403765036884516,0.3449281023854754,0.6735348856102078,0.6604587843237891,0.29321353039497544,2,0.5171082231669668,0.04424771646622743,7.376475565024375
828,0.9431044960750631,593,5,0.011682018376947014,0.4816909807910141,0.6764314549717049,0.658564099203404,0.30331647066903655,2,4.5836297904932115,0.043590332038703744,7.88234324120486
824,0.9427040875419117,736,5,0.011265092880405649,0.5175955660364818,0.8616057894854214,0.6553267256790357,0.2980424482995907,2,0.40788883779834995,0.007084094968653581,7.658805945457393
830,0.9430243540469251,730,5,0.009197262510928535,0.3351903304408499,0.9882896147444821,0.6612103066417907,0.33469772895942945,2,0.6130499210924988,0.06713804156523141,2.8965175265577137
832,0.9433747813058346,645,5,0.009133336435995624,0.22082073411105174,0.9974014445023505,0.6515440895088997,0.354641964776097,2,0.8233307425864167,0.05660581381041986,0.8530463731030588
831,0.9430769871715355,648,5,0.0065668931076884466,0.5106897545279301,0.9878261393030986,0.6506537514124422,0.34176431880573266,2,0.6501550685726023,1.2980977151128101,0.9065673151068959
833,0.943148546430122,647,5,0.008347540307824046,0.334580448643512,0.9580647227597541,0.6502351350594647,0.35552027422823457,2,3.913904094010994,0.05764594633813471,3.0967278337685915
834,0.9404696755744417,643,5,0.023979307573472188,0.35671085111456474,0.9969494385516632,0.6520055613752352,0.34786229046564743,2,1.0113624026009913,0.009072741547620392,3.0636303167918206
835,0.9426900090446779,640,5,0.009274045861752265,0.3376960357259269,0.9844981960854459,0.654806281266386,0.3179935389263116,2,0.6361688640228824,0.009270007323142574,0.8674949423988019
836,0.9422849073312403,637,5,0.009335691532985649,0.3344105572693695,0.9998634444734418,0.6491237565709478,0.352267365977851,2,0.6838492114051569,0.08278878249817384,0.8906097322253779
839,0.9433340475900795,663,5,0.009103079596264302,0.3325414731817322,0.9730997044333306,0.6512798418863455,0.35691044250424225,2,0.9444967131194116,0.4645332840595045,0.8164840385219156
838,0.9434502666805511,652,5,0.008853876050745326,0.3534760001782883,0.9917816906624326,0.6452475975691927,0.31856974903316193,2,0.999338451148559,0.04772462259458427,3.425402861238307
841,0.9431762525787184,674,5,0.008195163219169127,0.2958852654521351,0.9845621635533566,0.6416257846558402,0.35454707080188075,2,3.6029372637439483,0.008951559697863525,0.8630342566883757
837,0.9424825270612407,653,7,0.009338566721370048,0.3584889462551339,0.9640713565758766,0.6599549831007158,0.3577938661428081,2,0.5530326883909991,0.06242706170646673,3.060815188335632
843,0.9434691656802847,666,5,0.008316704464891175,0.3551081160413118,0.9673313617420121,0.6750594207319144,0.31290044719401167,2,3.682906070794242,0.08346078085477629,0.7781719859238723
842,0.9430379691747911,661,5,0.008727139972197357,0.3602052513655252,0.9426208190596425,0.6699556341727232,0.3138964715250817,2,4.657658828200526,0.020093801556933983,2.0055133527075366
840,0.9428083393879222,641,7,0.008565246753793932,0.3606322360678706,0.9881806013545195,0.6442381772623182,0.31686154068222083,2,0.7853261482252782,0.0176365612231404,0.8635020930858586
846,0.9422544449698051,674,7,0.008461380549872746,0.29939566253866606,0.9655453324068328,0.6885828272017227,0.31357826689092255,7,4.6870931034458785,0.623335128631538,1.8658072658825073
845,0.9432196141414737,667,7,0.008439364462062834,0.30246759039262994,0.9729513579695569,0.6754102547572949,0.3855057027301667,7,0.727631598265744,0.4889716373022797,1.7221954700893898
844,0.9430339773103048,674,7,0.00917741630562217,0.3568655580285432,0.9842738550451315,0.6827487828526777,0.3897921756252069,2,3.3127964413968285,0.08727740321596661,1.9613015917045722
848,0.9433273308214956,671,7,0.008441010036395209,0.3793835793034468,0.9668899821380995,0.6755521495170641,0.31840413677207874,7,4.676403014872203,0.023332281764180868,1.5731541151480244
849,0.9434117621471602,703,5,0.008111063730279911,0.37924922808436934,0.972988747643585,0.6739775435635347,0.3206560527667692,7,3.3219532002206362,0.7333859472696919,1.9375248138504644
847,0.9428646888600974,670,7,0.008479555399063952,0.3596420147552278,0.9759726803402173,0.6768971765382301,0.3217445328720374,2,3.59328686707585,0.020179693162385517,1.9468016000868515
850,0.9429800949669257,698,5,0.008129614531467223,0.38031200752644523,0.9786029925625975,0.6735282277966788,0.32482791218081053,7,4.68966995083061,0.6844265987912873,1.9221012844894259
851,0.9420213743522925,708,5,0.012853605267962696,0.6658990755163985,0.8914274484093356,0.6910345337214617,0.3261936161070873,7,3.3366851995934095,0.015586566856947082,1.9199492292769786
852,0.9429247870322033,702,5,0.013287318209025404,0.378245515788505,0.887441432689517,0.45465848575708395,0.39161781266325046,7,3.7855646227936197,0.006813274688679553,1.7235911012863356
853,0.9425463102721704,698,5,0.01270642732987016,0.3831615107651283,0.5373899502494964,0.6875295668859216,0.24151692892221915,6,3.31770239882059,0.18890267795835228,1.666589452815103
854,0.9428612897744421,699,5,0.012474502471360218,0.3810668144166351,0.5360848782403363,0.7155230330837262,0.24099586147582136,7,3.2955995583547733,1.695651316343645,0.17863414832941593
860,0.9425998169106566,410,5,0.012899543602102683,0.32250324526734125,0.8986322984071965,0.7100423348905244,0.2385909061516692,6,3.8142078968009283,2.2628249802731695,3.9386789759477177
856,0.9427798651315447,698,5,0.013341784375836727,0.3798653777080746,0.4132604398383356,0.7109260735546424,0.28347358088827124,1,3.5282753554398694,0.0065543501699597394,3.956441480928127
862,0.9431868568493182,410,5,0.019496570513772692,0.494532256020843,0.5445719809747065,0.7180073882828187,0.2424385457734296,6,4.028398002900868,1.2655647928491696,3.9675738577110238
855,0.9432255575841533,700,5,0.012999273212139966,0.3766049588748583,0.9049249228186701,0.6942008931926984,0.2820866347806773,6,0.3111080494478213,1.6966603464188141,3.916742719766272
858,0.9427818334077334,696,5,0.012717387432550856,0.4593298890702121,0.8778500884532598,0.7053464908690393,0.23524904180350187,6,3.793998682693016,1.213288151297338,4.168577391806494
859,0.9430001294303356,707,5,0.01265039560574405,0.4612792382359837,0.9515105301466966,0.6181163325743841,0.23609124734808046,6,3.9343742762636214,0.006333420622721122,3.8616168320110966
857,0.9426283569153903,699,5,0.012978913858203663,0.45775724620259256,0.8796485044262651,0.6206127879477651,0.24301131209708285,6,0.33326386071435715,0.19830469411737364,3.9052546275998905
861,0.9428844008434742,752,5,0.013299790728534005,0.3234522572833759,0.8808682416137266,0.45586687373920165,0.24459130267540136,6,0.32704305792266475,0.006517461176105107,4.408913290895669
864,0.943077314869692,405,5,0.014889720078770196,0.45359845189057235,0.81315529784937,0.7121037558353148,0.279793504864384,1,3.922109754004153,2.37829904181584,4.082008044024138
863,0.9414961263886287,751,5,0.01893474848274223,0.4565379024404207,0.41864785824527334,0.7095075311036844,0.2830641319716354,1,0.35080501096183087,1.5870985973109992,4.085825120223778
873,0.9406883973959225,163,5,0.015175914265512312,0.47452169743334016,0.8398639845163209,0.7390903683199603,0.2652987055066326,2,0.19141675932161503,0.029076183163246082,2.812393384942114
865,0.9425574405296203,748,5,0.006562754497409534,0.45451141104190457,0.8176503548226284,0.617907342539816,0.27712309787178907,1,0.3648552429322338,1.1995306262155014,3.9748087953510525
866,0.9408346603543235,749,5,0.019088620969452418,0.45484876780843736,0.840360212552437,0.6275876457348306,0.2773395404786004,1,4.033912000718789,0.006435322582312006,1.1143803370601963
868,0.9427230835987427,750,5,0.009643293716681996,0.4787768202057737,0.8471270134334185,0.6172168862746172,0.2737349661566576,2,0.36419904340647635,0.006112239977403025,2.69835743056153
870,0.9419343339648723,750,5,0.015463986918896215,0.48345675816734457,0.8490869678016809,0.6262133621136431,0.26906856034609417,1,0.3163930626618338,0.012413022107797171,1.1048727963436855
871,0.9435559274199095,729,5,0.006501694154877333,0.3279405730105108,0.8470471311052413,0.5219552077805897,0.26855803674621426,1,0.16794789811399566,0.8474572970412189,1.130709823495284
875,0.9430617105931436,726,3,0.009726713972646578,0.3396033296244892,0.8456508421827309,0.6276470537509545,0.6174702754691701,3,0.2090888234757431,0.011226682046509454,2.6841273226679334
869,0.9418716277746354,721,5,0.015384052500191273,0.47745477785222284,0.8493683862483161,0.611488025726284,0.6132473074985769,2,0.3390606480860185,0.02958810352457524,2.7616701069381797
874,0.9431427386586538,717,5,0.00967585265573313,0.4814080944192631,0.818927201331901,0.5598265397646351,0.30008075811296475,2,0.18922866764816584,0.004788427539245639,2.6564858782605825
872,0.9420477498793935,724,5,0.015255664982197346,0.4796029091462694,0.8150158355824546,0.7360786195231332,0.41075474026566394,1,0.21881517334634037,0.012618691010527554,2.9540693590272116
867,0.9424091811171639,796,5,0.00979513758579175,0.45908201427271544,0.8436479767026575,0.6203812380125479,0.6179611102752889,1,0.3247396471765751,0.0062203625675121684,1.1382514313076106
877,0.9429291368599625,722,3,0.009540403576690094,0.3381934597835576,0.8462745308351466,0.7311372729092436,0.5523529619598485,4,3.6944660748019116,0.01199470461983536,5.450080144903812
878,0.9424962496824512,727,3,0.009884491881290914,0.33603773946607063,0.47987579459913837,0.7336640015049682,0.4204473918955646,2,0.24171642454504733,0.8574445523908741,5.349551664019759
880,0.941399206006152,737,3,0.00617797014285989,0.32109153374368715,0.8647833283050392,0.5012491907765285,0.21686318078818173,1,0.18033790616723605,0.8800493355253785,0.7085809745610009
879,0.9428300718287226,722,6,0.007343659459835401,0.3330818918697782,0.4784859330807555,0.5264726426401732,0.30242900796774824,2,2.735604400659599,0.004727403216130863,6.008783049434408
883,0.9424627388932606,721,4,0.006237104527571478,0.32229701116678006,0.8635182906042841,0.5209826017178446,0.41524953690776234,1,0.153824851256683,0.5461864024540848,1.1114878031651074
876,0.943014321682662,787,6,0.009604153611340219,0.33496046404943036,0.7994993707458105,0.7349646547730012,0.4118941403447406,2,2.7417297035963504,0.012697045050994898,1.1992821293515765
884,0.9417645946687936,724,6,0.0056622741151633104,0.3032360620137046,0.27493336325494816,0.5546256015254369,0.21543921641694158,1,0.15133855801612348,1.0571173620840923,0.6711303833313308
881,0.941607056389109,727,6,0.005712159514709335,0.29568392886536077,0.8621973994484117,0.4828763557779334,0.20800917361090113,1,0.21501751320124887,0.8661060515397724,0.6358565304983029
886,0.9424615335067295,605,6,0.005920921140452405,0.3086077066753361,0.4945080909799558,0.5203979069829959,0.2088940880692637,1,0.10691413267475486,0.7834902503587168,0.7527541104825498
885,0.9430984889712768,723,6,0.0056049297989083325,0.3035802211785354,0.8676854974125325,0.4917969061698854,0.21312547790868785,1,0.08522903202215665,0.5907044203901878,0.6671552138035391
890,0.9413513850350437,332,6,0.006733198273693692,0.3055643199008373,0.9495430465296139,0.5351183378593818,0.25777589109390014,1,0.18674211607911062,0.8768216121331249,1.3942450939234068
882,0.9425403793529874,718,6,0.005666266863678968,0.2913619284609148,0.865498920097519,0.5158223987716323,0.5558578946023118,1,0.0008530992816666678,0.6264460297205101,0.7188688439151156
892,0.9417255505814314,449,5,0.006567845915591504,0.3080743620714706,0.8703296596865833,0.48434615638564654,0.20101565141893596,1,0.09595293824756414,0.7888613763484063,1.4265756881480545
887,0.9423477711088072,726,6,0.006427713937880456,0.30571181998251395,0.8680506194312333,0.5241236730005143,0.6678620047932393,8,0.01884795148076511,0.8328059829697272,0.663881341569819
894,0.9428757314530722,454,5,0.00661303930037477,0.3153323826072039,0.828038883605125,0.5263233813533447,0.25896682020556144,1,0.09085124168277786,0.5962211241471386,0.4236790940438342
891,0.942645804233163,605,5,0.006702758061949297,0.500146633194167,0.8645048623629396,0.48108506622882274,0.2593192266586377,1,0.009069241555564714,0.858339902133289,1.3707917558273461
889,0.9425431720926907,684,6,0.006229625506766144,0.29843518505209565,0.8624406263502667,0.5340694689114343,0.2566593249917686,1,0.02180495802847762,0.8037238379148519,0.4879280731837819
898,0.9338917497772853,265,5,0.13875948702696692,0.4948193008973124,0.8268976313219253,0.5256190999397111,0.7094990845199771,8,0.003079855315938268,1.2787753224911678,0.4749713977263293
895,0.9416613467897467,448,5,0.006619288760586596,0.5037442863687582,0.9450546020623571,0.5133752760778132,0.25769086246467526,1,6.705638995996299e-05,0.9557554804719531,0.3885110535165517
893,0.9427370133794565,611,5,0.00667172499391704,0.31524875328928353,0.8670188960115136,0.5119229674285447,0.6754222524375894,1,0.08731865730679317,0.0004629836566115466,0.9586057237933286
896,0.9421209267562686,449,5,0.006568848906893807,0.32118174576978625,0.8223581380543099,0.49259123477131694,0.6749010108937296,1,0.5398332997504308,0.3628588221439417,1.0242596810007758
888,0.9423722274100805,719,6,0.006560697813779985,0.3048995340466284,0.8695943509558088,0.5205124807670644,0.5564243680304127,1,0.12111582583069984,0.533454193816639,0.6485988134903481
899,0.9417759837451696,683,5,0.005008165819926762,0.5273905403896416,0.8899665630055414,0.5315212791566061,0.2573546662255461,1,0.4270681684462357,1.3969952440122213,6.608935233685525
897,0.9428568512385832,682,5,0.00652125525191181,0.5089208198536844,0.8298229875875759,0.4927490186011197,0.6836933175994904,1,1.3510499139789047,1.0921919204780355,1.0116363306791953
901,0.9422214111171036,682,5,0.007196049580001727,0.26094857968481905,0.5857781808878423,0.5355455276263992,0.25243138500847917,1,0.25703843480875965,3.271795711540033,6.205566326789066
903,0.9424314551991848,687,4,0.007052159707958037,0.35177185904862424,0.8889793119052741,0.2723178696336634,0.37847659405700623,3,0.5045640230681624,0.31892822563425893,1.0287627776227606
900,0.9424060825954228,683,5,0.006840531067571305,0.50506056832826,0.8916499946147349,0.6980083956160221,0.260036809775228,8,0.45541287662215,1.3990648716867369,1.057710799847752
906,0.9418206561005509,689,4,0.0072897628443202205,0.9097424203901727,0.8941688354419378,0.26315170851703285,0.37588883084854585,5,4.480810206069721,0.2733085326215254,0.00017185098121833892
902,0.94339302595288,682,5,0.007280122770340615,0.34942392470958356,0.8248086524822649,0.4978811200098807,0.7078920761752164,3,1.5975860703365032,0.28505210970459327,1.005828717508984
904,0.9431435798201638,683,4,0.007096250751225627,0.5245966044047372,0.8929837087132572,0.5640825789458628,0.6472952086939197,5,1.3026144183011112,0.28653825283944573,0.9879347604349176
907,0.9421745127102321,690,4,0.0075818739795458275,0.2573884335456378,0.9073141337046511,0.5528068590100748,0.3691293349285673,8,0.44879738503817806,3.420615463913863,6.660544627671217
909,0.941592546874873,425,4,0.007410536658197864,0.357115721206984,0.9063353282682225,0.6930239665957442,0.3369597260706325,5,4.225355504900496,1.698979627831679,9.797586088231206
910,0.943160833023742,421,4,0.01188910426449693,0.35596537867168104,0.9088691212151293,0.693321843054403,0.29156164102918036,8,0.43034884013660063,1.8858093099198912,5.085866181070256
905,0.9427285532358074,687,5,0.0071266810662736525,0.5292186611741159,0.8885283391207301,0.4994731346490981,0.6474234015058902,5,0.5260925377647925,0.42159493690467137,9.879099397938933
912,0.9421673597065225,486,4,0.007609753884022711,0.3591913742147294,0.9994305403038399,0.596322380861124,0.6383440228781941,5,4.5188440542207005,1.7658077242598789,5.165509369858628
908,0.9434356877652725,689,5,0.011767975303065564,0.26094010136699997,0.9999948945990729,0.501463015184742,0.34081602899770314,5,0.46380430644350623,0.29013902426137334,5.138028920419497
911,0.9428887621511051,704,4,0.007602022010324374,0.3628848885813442,0.800578609143467,0.5559127252671734,0.6451964774734187,5,4.5164412363021444,0.2587267865576857,5.228581374692941
913,0.9421711251044484,497,5,0.011398819512095348,0.4288389851157048,0.9117566223329279,0.6914283658036662,0.294551145720782,8,3.152145124802493,2.082005941635943,9.004106084343348
917,0.9426870608048938,480,5,0.011584245784750504,0.42899298226907323,0.8018708279073445,0.6945872304716533,0.22907414264949508,10,4.553749442372021,0.04058018731113332,0.07822029004625704
918,0.9434768749359606,476,5,0.0109910033458157,0.43061640642803445,0.7982409723932871,0.5916080443660083,0.23153480230045884,2,4.525904925434071,0.4282442780976108,4.936363146105044
919,0.9432760836304898,476,5,0.011689376127546062,0.434860438554803,0.8429684274290491,0.5950596144347656,0.22822576804934835,2,4.2024223327191255,0.0044539855407274885,1.5264704173531727
920,0.9419492181403765,373,5,0.010800529531774607,0.43344406410349184,0.5230163386684658,0.7078376836249101,0.22636075067382752,2,4.236777357683977,0.004475404512780837,5.148615466061137
915,0.9428913430349939,426,5,0.011867401280878487,0.4357895636521148,0.9129654596210404,0.690559734061549,0.5992726862867817,8,4.5542275797318394,1.875702870361884,5.122392079032096
916,0.9431551494436133,484,5,0.011426340983651074,0.4344616674354202,0.7972319892873877,0.5986310093257897,0.6019159678569664,8,4.189760881024388,1.8545806521770174,5.595670978275151
914,0.9432543960655515,1000,5,0.0111399238301152,0.36359276336878105,0.8411763098558117,0.5966348315506962,0.2933932458025764,8,4.189920857391737,0.4337662772799028,9.203070680498358
921,0.9425411474607681,473,5,0.010855882952857719,0.43500493511604854,0.7971182264910358,0.7143517578670372,0.6024653616784765,2,4.201379856578906,0.004407933261203569,1.6245627230552147
922,0.9427844017681256,469,5,0.010814042858424952,0.32995055292390235,0.8431368096025056,0.7139712017011309,0.5439172902407641,2,3.1706800649548343,0.004141687349830815,3.3442011154689544
923,0.9410890595298766,748,5,0.014404864868128137,0.33008677362162026,0.8448347724499967,0.7122602471497846,0.22765063419940476,2,0.2979076308396227,0.004492092780099862,0.003085201069958319
924,0.9424797541504066,708,5,0.014192491091631449,0.33162980339498854,0.5191360192692389,0.7123180930599086,0.23104537203056105,2,4.0167263923326155,0.004438082868381083,1.4920786438990166
926,0.94267929206261,709,5,0.010763732472273671,0.3317226401980648,0.8435011179524015,0.7147937723901302,0.6014238630999329,9,0.2292184810652752,0.004043303022392893,1.4169191416564164
929,0.9425670189171379,745,5,0.013831495203709809,0.3325300490632174,0.6184744753084425,0.708703205893952,0.27801444221444843,9,3.9942866339060887,1.0327144296220863,1.3982493983790631
928,0.9420880671888924,708,5,0.017615393442221745,0.3351995422545743,0.8373133056524852,0.7199310895419991,0.5462701890395928,9,0.2909914774640059,0.0037409547426385005,1.4096348531463931
927,0.9416483286152104,749,5,0.01650572149347789,0.325824137014808,0.8476283307954863,0.7159985112965737,0.5448037882857089,4,0.25588613882363626,0.008599558333350557,3.207678789124948
925,0.9419258252926745,745,5,0.013896666397898319,0.33215452346543334,0.842875782241784,0.7179253736313363,0.599525968714014,2,0.26448502372568194,0.004392575516929602,1.4982328264916092
930,0.9417625011576407,709,5,0.016498581888549777,0.3372809254710624,0.8416494749345584,0.6697144144790084,0.5400143632903985,9,4.015058353695442,0.0038086252406138977,3.213799753809557
932,0.9430148873272506,747,5,0.014037145547862498,0.37683076562115314,0.821818443890485,0.667272203222435,0.2799802478156093,9,0.2825369203751074,0.008924909205165265,1.394903789040063
933,0.942439422230162,710,5,0.014056790455560483,0.38174046959489694,0.8246410046983265,0.6650659258333007,0.5113276709343412,9,0.2921590065950357,1.1301464547266875,3.1950352693163437
931,0.9407667892654349,742,9,0.01704057663964911,0.333683289818298,0.617208463894196,0.6756019379086007,0.27116614700745123,4,2.2811003930084652,0.008771020530759113,2.286843426081352
939,0.9427114367470653,658,5,0.016159340029286335,0.3820888334286808,0.5593302146405548,0.6741329884854497,0.2683379854687094,9,4.061963950729407,0.009253251457842554,0.001515487118539847
935,0.9414586837433724,661,5,0.01735043949770837,0.3842809560945754,0.8194282526800165,0.6766842696161561,0.5089045054192927,4,4.050442676247008,0.0002348938755279691,2.544991315335706
937,0.9422994084964784,667,5,0.016866713098372527,0.385243810533614,0.8069231802435817,0.6682584300885456,0.2677438231600874,3,0.15228525089863956,0.008960700610765765,2.42552662712053
938,0.9433743544633314,656,5,0.007968709870808607,0.4079048185589456,0.8152977275619648,0.6709777970685304,0.5140263664050155,3,2.306595159470623,0.6660191654897952,2.2398256445221905
936,0.9422486340674627,665,5,0.016168540304096268,0.38328461248246803,0.818406662663018,0.665409656568642,0.5127499207077594,3,0.15278449937678432,1.2521429472484364,2.5298584190389795
934,0.9411607993355366,742,9,0.021313992939660638,0.38208276100057326,0.8204191927361038,0.677052992578954,0.5089358499020522,9,0.20573674408214151,0.008900403127650891,2.3113478402892427
941,0.9428543757607895,650,5,0.012463767663562641,0.40522490895899055,0.8179772833880214,0.687102048722019,0.2682585446034882,3,0.16625234928864938,0.0059182437984487335,2.2915146474532966
940,0.941249065981982,669,5,0.02063272811333932,0.4075231219066561,0.8116501658701836,0.6842019552758232,0.5761998087695228,6,0.19057972019614455,0.0002283687736678453,2.3840110322910397
942,0.9427433779247034,503,5,0.007969262510392467,0.40811533428199726,0.8116589597987323,0.6786824496228915,0.5774606416447999,3,0.12668389366599256,0.008240184391374618,2.305560869791563
944,0.9420244958337772,666,5,0.008016664821924712,0.40373581043448936,0.3481333014615167,0.5746738695043381,0.3031083427548643,6,0.13680155170103114,0.6800841111769693,6.6622259084703295
945,0.942766687282429,505,5,0.007807395934351048,0.41203683889964265,0.9587376873910678,0.6366283400254623,0.569833586240083,2,2.637955527203216,0.005834644367532027,2.363572657155145
943,0.9427750592397908,659,5,0.008168318945268599,0.40529645023082184,0.9499642795171372,0.6858509173891483,0.5729649052824961,3,2.9214656423351606,0.0002246932322946924,2.1603963569177087
952,0.9323232674269724,392,6,0.10917269580583537,0.3495694430587236,0.37445921931770687,0.738373033375197,0.3041816159355146,2,3.866425422212665,0.005244250759516913,0.7591387586936365
949,0.9429637841564537,507,6,0.012373811601183457,0.2810266661815358,0.9574673289302699,0.7322931255762596,0.3100240939938368,7,4.426501009811977,0.0052036958173137275,6.395655164162515
950,0.9432883524824899,517,6,0.008093695353557117,0.3677191029450588,0.5024314482837768,0.6407982100881228,0.30618064703263104,2,4.43041589116019,0.0055849926893519215,0.825507240367597
951,0.9418884530920858,391,6,0.008119177382953343,0.3486688920407365,0.9490167456551468,0.6375176671685051,0.2986647703944165,2,2.6074600646021997,0.005482592721958346,6.524477249585615
948,0.9434167553695483,514,6,0.012338600717010442,0.2821359274790003,0.757361166152005,0.6393559253538664,0.5757206500374833,6,4.816331038273327,0.005302578659019464,6.2592202900588365
947,0.9427318124757527,506,6,0.012381082532776361,0.40795647805466906,0.9501935892604811,0.6886004451672032,0.5690736064626716,7,4.8088617364284545,0.005254253685472623,6.707973413313922
946,0.9426711940567326,632,6,0.00786008526947084,0.4045365464988014,0.9537401466935168,0.6416825704903569,0.573989141691957,6,2.6378099982693817,0.005662409865241856,6.400157809756175
958,0.9426155589456661,728,3,0.00914508705011113,0.49317847656021674,0.7611786551415185,0.7005105145379957,0.2875998289490133,2,0.40546855133249227,0.003288354075606793,0.006749808557692953
954,0.9431206973049415,590,6,0.010329271112248897,0.2804618551835827,0.6540156370976413,0.7353056359406316,0.30081611949650305,2,4.807729297450205,0.005114483883337109,0.8225468726051676
956,0.9432343449041465,733,6,0.010386599393481905,0.366860966708829,0.6499449447730369,0.6340867223673625,0.2452717933252528,10,4.363458790275122,2.4911343468877263,0.5517522666912253
961,0.9431448551295502,632,5,0.010291192011412565,0.4930512702120159,0.7733904208180589,0.7284251283608684,0.24733850453441752,10,1.994144760659309,2.456551702359877,3.3925527959698316
959,0.9432214123068358,772,5,0.00908243021730703,0.48269832195545553,0.7645864938964945,0.6976263369367495,0.24828508408151775,10,2.4814719652416106,1.1030438987095241,3.523480808352542
957,0.9436473948633168,589,6,0.010229779726807534,0.3504435508153841,0.7673331832987256,0.7323012515615978,0.42727856922271396,2,4.389900210387829,2.479498231039941,0.5347676985246208
953,0.9429064776804263,734,6,0.009051827478008164,0.35170886850287536,0.9592812971910375,0.7355435534582501,0.30485811994196343,2,1.136405398589536,0.005863349573069288,6.62644178151034
960,0.9429362115918192,727,5,0.009156949674432107,0.4901409339394373,0.6502039659647769,0.4104360378863051,0.44254560435757995,7,2.4554463450849426,0.12986320168725735,3.312660438750737
955,0.9431018233522005,732,6,0.010385792379657994,0.347295021026815,0.7529069383624457,0.7350430501466787,0.30386027080226696,2,1.449647609528731,2.4377580268291585,0.783212202314987
964,0.942144614949761,436,5,0.008959560639653315,0.3681868581169341,0.7043410420788716,0.7255114823257255,0.338229402758739,10,0.5877151268004932,1.0595151372539602,4.58189996473935
966,0.9426274625290203,441,5,0.01499558271346076,0.47496844300679986,0.880105735151579,0.6976306480225367,0.33434565805203414,8,4.637312002242822,0.00744696553070828,1.170787871553727
963,0.9428885701241597,592,5,0.01035242360992236,0.4687521929462633,0.7883999734927766,0.7294134017692121,0.34011938018464544,2,2.498930229896313,2.6899226453965097,3.5199485195874542
962,0.9429451554555179,727,5,0.010089104883727768,0.4711546515894882,0.7703734151772254,0.6983366218382538,0.44855734215687737,2,1.102564162723544,0.12466853182701262,3.6760013085069243
967,0.9376177873974928,703,5,0.04861167902133548,0.4692709791846195,0.8826813933738501,0.5514442654982209,0.4295495540332573,8,3.472896241068788,0.0068480500352137135,1.1072363368991196
968,0.9430647715443954,586,5,0.009866179065537876,0.36432049105614506,0.7150323180795509,0.7408936351873965,0.4538672264440145,2,4.681409298013804,2.3982866830451823,0.6472859754982893
965,0.9430303809795809,771,5,0.008896153741243251,0.46702056242414247,0.8806228224691287,0.6991032061935272,0.33833759793162355,8,2.464530541050325,0.9590181865734215,3.608629348975383
970,0.9430717335647841,591,5,0.00909889100841955,0.3678847591661668,0.7480171963078279,0.7414094548198377,0.43062219157932413,2,4.43841133826302,1.4097686868645247,0.25713481472963007
972,0.9432107673348724,587,5,0.00994269382737014,0.36487802729681973,0.5715082591681379,0.5431418099539297,0.45555475928304145,2,4.643676261498608,3.297955351249683,0.3989757376185292
971,0.942771647630639,583,5,0.00980154950953511,0.3656800630614023,0.8814014032135766,0.7402930287212918,0.45158947586561565,2,4.423759039905191,1.5809955127357003,0.6951673510619633
969,0.9434532097022116,592,10,0.009948083481519179,0.37189284124127114,0.7096107116876328,0.7426638529781006,0.4594500878803076,2,4.4448892364253165,4.08614612991681,0.619124683561615
973,0.9432938242068041,553,5,0.00999653707551298,0.3654609661382851,0.9273251815433805,0.5716813279171584,0.4506269634628352,2,4.406133093056156,4.014348088629724,0.47645362189823065
975,0.9429917199024846,577,5,0.00991852486820856,0.3665334581698758,0.7531396637520295,0.509223184132511,0.43185212953679564,2,4.413297063760853,2.072169484640368,0.2953096578874831
974,0.9429337246341536,594,10,0.010173880906397963,0.3620014744440335,0.7425077803463993,0.5064871394084888,0.4448616442332771,2,4.409279529665327,2.6331083735404053,0.48586445209219253
981,0.9429731830405226,567,4,0.01139729986814643,0.3919445795590854,0.8585204042149263,0.721845582463546,0.4453338584920479,2,4.27552132842817,3.432271154896275,0.431275924625061
976,0.9428581244607199,545,10,0.009900503125290743,0.36397987035018387,0.7444822204427729,0.3274609641867893,0.4520636754375236,2,4.377477854202607,1.4382480861630313,0.2650946745321614
980,0.9431317993845244,564,4,0.010955453885963761,0.35275233514312576,0.8562797321590808,0.8350748711576722,0.6274465976299011,2,4.388880996938446,2.1150887716881552,0.6495151711824629
982,0.9429734543829451,547,4,0.01187987358726743,0.38915451948956814,0.8615409267458216,0.5677151487610324,0.4266602858129392,2,4.395018749336566,1.8658205667463121,0.45429258972345055
977,0.9430646932725427,577,10,0.009513520099162547,0.3613983733829486,0.8598864357163376,0.29808721521859677,0.44183424244896985,2,4.4211395256194175,1.6481846883164846,0.2591904331900553
978,0.942403957775529,562,10,0.009567395931539496,0.35944064139088827,0.5486850312235036,0.6105289783319192,0.43064043134642316,2,4.3800033877918745,3.2871288916478667,0.9097243945674351
979,0.9429282195138491,713,4,0.010913659652154122,0.34998894860353397,0.862106554131349,0.7651852880880148,0.4542900786580375,2,4.467844517300046,1.9704552497818173,0.31201106126550676
983,0.9348767885196608,532,4,0.07540464123049222,0.4483148190625967,0.8605101181964647,0.7608583485144514,0.43729899322741256,2,0.36593967568393426,3.069503203670148,0.4914472657965824
984,0.9427639759454525,564,4,0.011079911545279396,0.3899478507658178,0.5539794004481778,0.7220414615256148,0.42234380130662835,2,4.326151352084517,3.05163025064542,0.4835692306324889
986,0.9429166571957724,544,3,0.01908594734885176,0.3476428376983959,0.5367317740817156,0.9069699387261988,0.4213383526829574,1,4.592137442293531,1.4833222173366156,0.5559581938305376
989,0.942808834066031,562,3,0.008609048636110964,0.3487659010438292,0.9717166227571172,0.7071573407311177,0.2662180335153803,1,4.587898069778361,0.5094079665060884,0.49913952520468374
985,0.9432051025399885,572,4,0.011092809936084613,0.3886577111697576,0.849294375808054,0.9999247677195762,0.4024366105824173,2,4.581114697173466,2.9771390944810046,0.39130563245487215
991,0.9426124009373169,605,3,0.00880098726103389,0.44346377229538725,0.78880890916919,0.6548471215510795,0.40032502117474794,1,4.575050011408045,0.5008122353850184,0.3393190434085697
990,0.9425728830443401,605,3,0.008646792551695025,0.4535598638622012,0.7897968757200985,0.761124853956007,0.47684132262258433,1,0.35250858006982627,0.524866197877746,0.32371357219418767
987,0.9427544278230513,604,4,0.011122443902573375,0.7407048168215962,0.8561865032842879,0.6128361223616744,0.4119611279323007,1,0.06021200776302161,1.8105710890254556,0.9727985855253558
992,0.941046242739216,442,3,0.008607430269886739,0.7391619436172966,0.98007328452236,0.7080989556356642,0.47852503196597906,1,0.3592582104062326,0.03732878281088727,1.7190384252443107
988,0.9431858205299889,553,5,0.008633487492000009,0.38618971094059795,0.9793049516753431,0.604889574609473,0.40650321299305814,1,3.428772422580083,3.0288601760233638,0.5954705473709505
993,0.943062280412231,611,5,0.00898588560794325,0.389024622533525,0.7934863958807982,0.6558605114855519,0.40552752318366175,1,4.271308031745187,0.024418409184697034,1.1367557132862747
994,0.9426895227155667,705,3,0.00858994868053262,0.4513950753288368,0.9729538057547854,0.7036538265260316,0.40489170255238366,1,0.07299972366329145,0.023801615533519994,0.5813058777161452
998,0.9348698014522789,611,5,0.06091566018413029,0.3201967159848438,0.5853646454034086,0.7061553915406188,0.28643417454045256,2,0.39240594571695603,0.706594837331912,1.0259446963730299
999,0.9426767737962034,454,5,0.012003587334319788,0.5068820861222829,0.9796558975042421,0.8246770227023396,0.2891716330308913,2,0.097928226919967,0.6928488679574337,1.168555250918902
997,0.9432725081722598,613,5,0.007779128798322661,0.44772514243811906,0.7838959449876771,0.6979262687254586,0.4791176270249539,1,0.09072024522459193,0.02360257670707994,1.0909528723193993
995,0.9421600866859725,766,5,0.00856059405452781,0.7387443401120032,0.9759657043540766,0.6566461948303101,0.4798313802105033,1,0.08777126794141189,0.025220896788178456,1.2050147715861312
996,0.9423458007453693,967,5,0.008370405974347982,0.5057946989378151,0.977672490845925,0.6534306878636328,0.4005828829320168,1,0.07210784847942295,0.19251032866139414,0.0007485485884037933
