trial,score,n_estimators,max_depth,learning_rate,subsample,colsample_bytree,colsample_bylevel,colsample_bynode,min_child_weight,gamma,reg_alpha,reg_lambda
6,0.9445473416655912,274,4,0.04091527451697495,0.8857511122634523,0.8180393879650851,0.23996387060887622,0.4071286808817828,5,4.835041596694915,8.885540476835805,0.0009451527881778648
1,0.933291352486059,439,10,0.2988859278539715,0.6311674496553281,0.9010769598865724,0.6807716548629603,0.7821487964467604,2,3.4526098728031753,1.7349044004228078,0.030219327466165714
0,0.9328317892175326,548,7,0.17938453181593741,0.5659133311376142,0.6192124332095332,0.5377004589089102,0.8325678448921021,6,1.5640335227601665,0.7338271652007006,0.19637002058856257
10,0.9428055090777294,335,5,0.010622477589629696,0.991152684059745,0.45693919280345663,0.21118245742032693,0.783188747011022,5,2.163064819446461,0.42720379550954385,7.810679826705628
12,0.9428353734422101,172,3,0.06711145257042246,0.42325502358744393,0.6039304647741454,0.3662106561974281,0.320168646224402,10,3.896735093805977,0.00044999985272606454,0.0007864501203499433
8,0.9431710615894492,986,3,0.011575556173958628,0.7889264524182527,0.8130551947252991,0.29384980594985594,0.395504249298152,8,0.37910495031846236,0.005568118406002047,0.4496606305400295
4,0.9401117321304264,905,6,0.046286623527100085,0.3299568109492758,0.3953328057659382,0.3030254529222554,0.4369822741183703,1,4.860479745387523,0.06593499512853407,0.008747666530687844
2,0.9433449492937196,554,7,0.00840726275294414,0.9204142910986698,0.811837610053629,0.34518676159573797,0.6179303317403558,8,4.825328437740951,0.26135312871889627,3.295332188677873
5,0.9430534388237533,512,5,0.020606669866849444,0.6273666117084978,0.8517286523713421,0.9842081563695594,0.5913297656173427,1,1.4559740616903811,0.015619995938587403,0.1704085123819046
15,0.9405938971791304,164,5,0.11361367328172292,0.9827014932903112,0.627712764417115,0.8348344838089862,0.7837639879959973,2,1.8187741761111957,0.5591137482789988,9.571550165487759
7,0.9441809949554729,781,7,0.0072901258171255276,0.4778896614082781,0.9279680464341373,0.4091648593742561,0.4111002515632056,10,3.464061871327509,3.2238599008488706,2.8279404077160413
16,0.9411414035704446,335,9,0.047848372292042064,0.33175303469427475,0.5314559932734269,0.3302607224562113,0.2529129671106759,9,1.5326304800239332,0.0002606711925660643,0.0007017104004006324
3,0.9425438337507519,654,7,0.0164843194361153,0.6515215000126657,0.7810475805082167,0.6272865067233464,0.7418648649655464,8,2.937296423095381,0.08863441286767815,0.10922270275278405
9,0.943421146420483,387,10,0.015121804052710141,0.3185446793486474,0.4177142387746181,0.8498598652616169,0.8036926653345263,2,1.6244577265935884,0.004699079133114066,0.0989424483999865
13,0.9338171546144398,941,9,0.19167266128695135,0.5761659561937007,0.31572522587252116,0.7064464541057965,0.310368281349417,7,3.133526862315449,0.33503766759902825,0.07650805370702127
11,0.9435977632033501,904,6,0.006382760092018922,0.8744686053269867,0.3348958676351928,0.3340032563180144,0.527232166596921,7,4.586055136678585,0.09385562138969115,0.024515354803872496
17,0.9223434648001982,745,7,0.2664625164372935,0.3354958986450453,0.3966935790174054,0.8073270061945963,0.9430441700645206,7,4.5373093056742695,0.005343144764462581,0.02434339219979831
18,0.9414204583795893,549,4,0.025515421608020842,0.2588530415007398,0.9886716212756506,0.509455244251376,0.9813990883564775,1,4.87040909444857,0.0009205079489992001,0.0005168017024977389
14,0.944183911886516,865,5,0.011758925883959404,0.35260405285875723,0.6664098550005502,0.9272410270886028,0.34125401408968425,10,3.4178530451709985,0.0018786499844239783,0.0036497903833303076
24,0.9437638258096029,762,3,0.03032052639649765,0.8055396611567232,0.985962274866791,0.4936592126963197,0.5143130236659323,4,4.133481895309842,9.53912656762392,0.00020949302718141046
25,0.943943379352382,751,4,0.02760387135197242,0.7656733008227519,0.9576715439016892,0.46420266340391614,0.20359953570359102,4,4.071906924047955,8.76664020140989,0.0001806264957957185
28,0.9442110868301388,280,4,0.0328261567269854,0.7616862972597073,0.7280740454671789,0.9988641428549185,0.22688424389422845,5,4.056765944463818,6.695161681035452,0.002319070539135019
26,0.9438705119102313,784,4,0.028447793234195915,0.7571478841841143,0.9870695388808,0.4665417332112338,0.20047338192629038,4,3.9974654473091675,9.350313297635278,0.00011840448932822795
20,0.9428071642665072,762,9,0.005145954462419937,0.20465130049320207,0.985598517386325,0.47033866152999193,0.2012170187783745,4,3.321310675607653,8.834139332399971,0.00011218705083565345
29,0.9408630239864824,256,4,0.005036694599256915,0.7381260833814224,0.7186812145066118,0.98127475707202,0.22824077908635648,4,2.469642158137124,0.0010899025605940475,0.0034718940734147926
19,0.9402805572112662,764,10,0.024597429640553923,0.20693766714683193,0.24244393671653752,0.5379280362795112,0.23557398183043976,4,0.12919232008336579,0.00017685474578591927,0.00014019622102456924
31,0.9408238797111489,252,4,0.06962950807719762,0.7160419177821417,0.7155015570109996,0.9903763250051444,0.344855245940939,4,2.5631718954850418,0.00011734739002528286,0.0026188833694387316
34,0.9425513478486083,104,5,0.07588542813046738,0.8663927507217187,0.7155134256002659,0.9131579336556617,0.3351112013045952,6,4.29810228844274,1.7316546815377083,0.0026775875413191283
32,0.9391851113243863,242,4,0.08279755687726136,0.2087505719596371,0.7224699747400661,0.9943306776444244,0.32985043518192625,5,2.6444133589121224,0.00011821125599591358,0.002936532471724689
35,0.9412576852783981,119,6,0.07644391994033434,0.8734879279306352,0.7109977187023024,0.9193976634497322,0.3485455685429238,6,4.367006723000415,2.3315664942975767,0.0028608063438178206
33,0.9424933003990426,233,4,0.07083165549173587,0.8738446975148113,0.7166014130912384,0.9857062059251822,0.33476688239102814,5,2.4223102887704036,2.075645154232581,0.0034183983220953318
36,0.9420715038212422,226,6,0.05246140479426625,0.8648030014603143,0.7077001667931513,0.9042054554549597,0.4818137619233625,6,3.6860624075524973,2.620780488082884,0.0022981363037453974
30,0.9432841550239374,849,4,0.00538986289434919,0.45710253904971276,0.7189556867851876,0.20234180795279355,0.3977103056545765,10,2.626364072549479,4.573110072263184,0.0032998787413044115
27,0.9434259585739854,792,8,0.00512319306389888,0.7974765668848518,0.7330808991839436,0.49033188910343917,0.20613135863959636,4,3.974190642616899,7.844555160836272,0.0001804371839914497
21,0.9436493547905078,820,8,0.005222928554875732,0.787871338222984,0.9484875029354876,0.4611535048109297,0.5183426032782572,5,3.5700307923601438,7.643665448581314,0.0002140428254949107
23,0.9434894610498702,719,8,0.005243990990008557,0.47410756066073084,0.999111343290378,0.4793616656151626,0.9799390878985768,5,4.143771160040238,9.023226278595615,0.00010365830371441399
39,0.9414553764966909,639,3,0.036240099339337147,0.5087958121976524,0.621554645222675,0.7584969665651823,0.4561935874697534,3,3.7338772481700593,0.016022389277402217,0.009508503607364712
37,0.942124125465981,646,6,0.040186426070029514,0.4818174200076222,0.6638253744222536,0.7749698955242262,0.4469536839767503,5,3.7102560170645185,2.609946533767255,0.006759203136673111
38,0.9407897510961346,623,6,0.0432427618109821,0.48247873748378656,0.6244764087605256,0.8981570762810245,0.4909525020466969,5,3.7100630418761225,1.7351639593830719,0.0048433896505635805
41,0.9439563870906713,624,5,0.03564253788061373,0.4494795526346744,0.8885842826712276,0.233924558815371,0.4067845407543574,10,3.533973524134437,4.236373965333184,0.9071812150767785
22,0.943566852083293,772,9,0.005275366481667597,0.80442155490883,0.9812189329770897,0.49267666303500735,0.9946022213086982,5,3.9766892668560576,9.410071352898115,0.00015220917467939225
40,0.9414662161046612,856,8,0.038909604933134605,0.4263045701424676,0.9066990602042577,0.21809242150910835,0.44446641583894675,10,3.76841108951095,2.9712761534402117,0.885437859011311
42,0.9428773762056031,627,8,0.03841959217373951,0.4616647896395404,0.9034072643523221,0.7489427575614493,0.2684056683458148,9,3.6139288249396775,3.6793405615580888,1.2563604681802296
44,0.9438855802854953,646,5,0.007871675268279248,0.4569761592004295,0.888181940061214,0.7479098440812972,0.4382094088531142,9,3.1592711994378613,0.843863705078357,0.940746308160616
50,0.9440665333290003,389,5,0.017228324663661303,0.677094127220537,0.8681320442838681,0.2640613474812833,0.3993410982824633,9,2.991368619328788,1.0976115083917042,0.7197669939731857
45,0.9440751140113024,645,5,0.008204824931484715,0.6694423033388793,0.8911826746347115,0.3925234869610081,0.42925466330428586,9,2.95681719830876,1.3298077936257684,0.6918596622215181
46,0.9441890872214145,614,5,0.00793001056358507,0.39828808590828113,0.879269367673946,0.5885658331006038,0.403476169117065,9,2.968947672092051,1.040589546792369,0.6026862209877744
48,0.9440155940072815,451,5,0.01686006795059637,0.3839804268786137,0.8742769485664874,0.4112121889350818,0.5926965468322244,9,3.0048408949653274,0.9892402699222368,0.36502535804141384
47,0.9435867832278573,470,5,0.008054030982763572,0.39072185261654613,0.9024203120166041,0.559733238414663,0.6565919119252701,9,3.4096530070848043,0.9655868799701848,1.3686005572034736
43,0.9443185279932393,654,8,0.008636778700929194,0.44851613914422894,0.8948757044959412,0.7514717007108384,0.2762590613187804,9,3.5652591169330514,1.0676904813732466,0.9272133406202622
49,0.944487521097656,481,5,0.016784422485651974,0.39307240634140067,0.8110112455744041,0.3899813967952307,0.6244430862215746,9,3.107439172333917,0.18260706303715749,0.0012315769746680273
52,0.9444791564456674,488,5,0.01460088290094937,0.5655566627886977,0.8258423117479274,0.25515764731418644,0.39051925336675564,9,3.017158993839002,0.9499780270417105,4.053994895881541
56,0.9434989820380292,484,3,0.01160986975728372,0.3781334054975548,0.8057632802010973,0.6363434674747948,0.5813718962912433,8,4.997555468287536,0.2136689306286235,3.0034675367154664
53,0.9443711840775932,433,5,0.016554621086141762,0.3900289123068972,0.8041855919299598,0.27032122709120604,0.5786500169715432,8,2.920758978293472,0.8908389164617284,4.183764468062971
55,0.9436596762388133,470,3,0.010681286581726266,0.5974785855048158,0.8178450348002161,0.6097806404500379,0.578723755150724,8,4.987555428676032,0.05183542367425962,3.1748528766589486
51,0.9439888010302997,700,5,0.008278643742547453,0.394554975513012,0.8332345391729683,0.40671803723232236,0.2777720828336382,9,2.9807115793958845,0.8270736229301057,2.0164726778658792
54,0.9442850746034075,473,5,0.015881181162972983,0.6525190941702684,0.7980476482761214,0.4040366454579979,0.5788940435525847,8,2.93985386971847,0.7259378482121985,0.31851013952417084
59,0.9440378618275542,319,7,0.011212191701830779,0.5570355449227833,0.7973467021377104,0.5992345885992294,0.2847448997599731,8,4.984980432598168,0.17288133425384752,0.0010814222410653691
61,0.9433298960510138,511,3,0.009965889174526331,0.6040857483172618,0.8179912995840932,0.6329168595988899,0.2937909926659074,8,4.690263429029505,0.18011859182036838,3.8527233252748956
57,0.9432614248779215,508,7,0.012412641659716592,0.947674581787016,0.8042820466706722,0.6305185756893263,0.285576902386342,8,4.621307033700367,0.14469644092787246,3.9062453345526755
60,0.9440679463968472,576,7,0.011283472287628809,0.5431848332074813,0.8030586408623615,0.6234502095868081,0.28245383552994574,8,4.62989738929612,0.24289268351415444,0.001258965000389332
63,0.943891168895776,401,6,0.020934679573442586,0.5952877572999594,0.8350239315203544,0.2931120496506431,0.7033015218696281,8,3.2948064256600107,0.18606753716355234,5.699906932750622
67,0.9438552379409009,399,6,0.014213227963261157,0.5469394716632427,0.7679708463053592,0.2822234742027457,0.6982178485306325,7,1.962149498158559,0.3607487148004085,6.8309492127534925
65,0.9435137628946876,391,7,0.02028630896701221,0.3000917740085211,0.7742121601750548,0.28436673711437055,0.6844959950416453,8,0.7227315933263814,0.21551303817634226,0.00129711967512618
62,0.9438890503376303,570,6,0.013624590906834532,0.5663513670091028,0.8291212427561764,0.27352673775115277,0.6957729998213198,8,1.0946509511739126,0.18382010502664428,5.41106597629593
64,0.9439851817398323,407,7,0.013969851779912872,0.5291994171399834,0.7659556651385876,0.2639917575214949,0.6968323391322776,8,2.176262462576559,0.18470615218834457,4.823435602434955
68,0.9441059259870128,402,6,0.021273280444026245,0.5295228806331278,0.7641234835443723,0.2910868631432728,0.6903422789820486,7,2.051942120354227,0.5006971656322516,5.233245852682786
58,0.9436268271076841,981,7,0.012202797399571022,0.5555942347267369,0.7939060319803302,0.6158478291230205,0.2892580693179918,8,4.987266457503441,0.14190384113291354,4.634492109340324
71,0.9447072270572312,316,4,0.020520376092215565,0.2914758575854726,0.7583394234548064,0.25850662589549733,0.6523016826067458,7,2.7773210559992707,0.3728541406688222,0.00035181501121910627
70,0.9442838827839974,381,4,0.02064983512068558,0.2921974560347159,0.7624446067176139,0.28085244865351044,0.667049366124114,7,3.251705455689351,0.4868519110327867,5.8155900572289205
66,0.9437128144777797,528,7,0.013963656942672964,0.5408040751618898,0.771407244523818,0.27807871153468355,0.6690824460100812,8,2.1048725365012277,0.17842180257112925,5.4396382297536325
69,0.9430158453747273,581,6,0.022225609671364933,0.5440205538823834,0.7753313240783001,0.27978428953177786,0.7136444767423105,7,2.161529520073904,0.45830303641871933,0.26364230292639795
72,0.9445707564294118,346,4,0.01998008392488993,0.29983529633549466,0.7619176696839165,0.32150197146316345,0.5395277035873474,7,2.7647975052166673,0.5148581685254318,0.0003156536268365599
76,0.9430672814618042,303,4,0.05677164626891849,0.8433719632101039,0.6689495082470074,0.3524034881732243,0.37000328185342757,3,2.7965850735176248,5.086139016113704,0.0004851469287985554
74,0.9442578902671622,342,4,0.020213941171429394,0.6354021636751808,0.7550687775931224,0.32733567634079164,0.5554828040216002,7,2.7653135990854776,0.6317969719955162,0.00040988150788594257
77,0.9430851248351516,293,4,0.05655515799500119,0.8275383684052984,0.9389030849569049,0.34555646577302906,0.3713223365641475,3,2.7626398594069594,5.512055272873892,0.05582494865878587
73,0.9436207052051804,310,4,0.021752685549646447,0.8365760535708417,0.7468023155957263,0.24844655740803653,0.6385519247651517,7,2.791454168772295,0.5206545221280415,0.271757234686809
75,0.944163649912921,345,4,0.021288358671688212,0.7005490256417635,0.749957920818621,0.32239067002156974,0.5575669765594877,7,2.7641892851333374,0.3929214690257914,0.00042142608281126075
79,0.9427971329458689,306,4,0.009782067040363598,0.4237450583269452,0.8532588947883637,0.34657571398582576,0.5486359352957471,10,2.7585420254262862,0.09197500765878093,0.00034896051052352064
78,0.9432087186995819,358,4,0.009498357629558562,0.29013953841823104,0.9442106471226891,0.3472688986187884,0.5484489053768165,7,2.802348087366937,0.5906278009238521,0.0004794165941445224
80,0.9444187754512671,355,4,0.017926462484753235,0.26351225860000177,0.8551912186566744,0.3276809900245269,0.6312878683336703,7,3.2099519972691306,0.5854130497530706,0.00033519453734237885
81,0.9438623825956128,328,4,0.01839132831062735,0.3050198363260222,0.8519393980065235,0.3334009256906799,0.6396524519175898,7,2.7832457228021243,0.08734023631410928,0.0003749048203348749
82,0.9439012690956448,337,4,0.018477364685851712,0.2502846205757675,0.6832359797930925,0.33784529507033356,0.6296529717036499,7,2.6995949415279545,0.07909662504116922,0.0004083832740572517
83,0.944335165458243,359,4,0.018794324837954214,0.2673940371179802,0.940748250154395,0.32265821188184374,0.5487046757743096,7,2.8064363776298893,0.06626497288707368,0.00038107388983346624
85,0.943467467702894,360,4,0.01805226483152909,0.23660421501778323,0.8490384510465121,0.24280810962382907,0.6351764426188289,6,2.3092489952690856,0.09119336569793268,0.0003497995452758818
87,0.9434235008378116,203,5,0.018226026239150227,0.25623883435626377,0.8621609219032524,0.37225256867480067,0.6029434989554106,6,2.32159140450575,0.09409544981319552,0.00025107917276153975
92,0.9439738291903208,196,5,0.024688487624671823,0.2485762199582613,0.854460465653437,0.4313688897051972,0.6077252541840215,6,2.3880812578504784,0.29091393579834657,0.00026857474210687025
94,0.9390021268653983,188,3,0.006384017062201112,0.3429413866822833,0.9161459249180431,0.3110882289583076,0.7485257700218269,6,2.500245131034364,0.05455831569664404,0.0007018724072700694
84,0.9435197240789872,354,10,0.009595594867686184,0.2372158526895042,0.8590829851907277,0.23651412114538692,0.6272708730386851,6,2.3780877849912723,0.08094759864625804,0.05213340311839177
88,0.9449093980345582,440,5,0.01789293015327297,0.25272228105546707,0.6824174934523821,0.3776654367177674,0.6188148687063465,6,2.419748003450298,1.492355314324575,0.0002868513162502937
90,0.9439660301829205,435,5,0.015996529567947535,0.24032682232444857,0.8481999370181024,0.3821324705976156,0.6199967842592062,6,2.394424306569189,0.061106734778949026,0.00026927927826602294
93,0.9437424857716904,204,10,0.024464725642704677,0.250764846757618,0.912447459257326,0.37636929515350975,0.6067019869159765,6,2.354300274891465,0.05005446842269212,0.000672946734232808
86,0.9439336454647839,358,10,0.017083779300410037,0.25763104251106395,0.8530468081588694,0.31960936943972046,0.5465542528975754,6,3.1500761581769066,0.07141638073176068,0.00034409259753380206
89,0.9431877731518069,431,10,0.017974861226830882,0.2447084518263957,0.8518741084392311,0.23329534209115044,0.62505720900181,6,2.2884810876230013,0.06250487168645633,0.0002519487397783138
97,0.9435200465590201,429,3,0.029000221951207026,0.36150045174351636,0.9270054845975411,0.22558234949560607,0.5148254932538082,9,3.1256683965271663,0.027190518392511367,0.0008987621995016713
96,0.9421176309894588,421,3,0.006764196461004189,0.3506443648043968,0.9269811466296797,0.31045672736672425,0.4972967594895394,9,3.14268173345804,0.042280402478540126,0.0007281488695791711
98,0.9437255446118982,437,3,0.027542745571312484,0.27898093173267735,0.9652733734393467,0.2095871803723888,0.48169871532874253,9,3.15534837319492,0.032539428515218745,0.000812798301964004
101,0.9429563326760795,273,3,0.028370756716266023,0.3562582744196677,0.5491471318319364,0.3092458305077343,0.48373602576482233,9,3.097040069824412,1.5815264876989263,0.00015121312997611082
91,0.9433351006074042,428,10,0.02471590579696051,0.23941425667304095,0.6835189549572686,0.3754203485031034,0.6138873565551918,6,2.347269439631479,0.3102306937586383,0.0006996025991746198
100,0.9433841520120364,428,3,0.030965391888465733,0.3585890738885996,0.581587061732205,0.2137786028000231,0.48019610727687806,9,3.123647524012714,1.3417773554969572,9.38308576398311
102,0.9441545922941298,276,3,0.0305370245831004,0.36704718323250285,0.6950715088825568,0.22114831839416776,0.49871893821636565,9,3.1160316099280188,1.2905285763944299,0.00015130152458869137
103,0.942718798475715,262,3,0.030523776271604998,0.2775721027763521,0.6007619332560873,0.21470638713295498,0.4808891248714454,10,3.1078972133589953,1.3834225587425582,0.0008923612031445901
99,0.9424041654568448,431,5,0.027984847202402012,0.2738106628604352,0.6878026856169044,0.3815530705341581,0.4953958994682081,6,3.177620204400103,1.411664468478025,0.0016392598063733757
105,0.9436199871913853,273,5,0.014916158378172872,0.32064824804188014,0.9578549730784747,0.20840679047775146,0.8608981486647402,10,2.570587000828196,1.5471464613514372,2.3907153171633
106,0.9358600692762252,274,5,0.13025600267971654,0.31382905501651187,0.5958044313027342,0.44410469990343365,0.7429722044295455,7,3.4259446874744324,1.356128742510627,0.0001491996939965252
104,0.9337353271324076,452,5,0.120844392501134,0.27689899478421354,0.2046633468774811,0.678813549280584,0.4783069294562395,9,3.476094965685663,1.4219314671161003,0.0016907368878412007
95,0.943122482946807,442,10,0.02468352157983559,0.3595101304282086,0.9193526035966457,0.3108447351788016,0.7476579690667187,6,3.2410040882357753,0.03731197289275241,0.0009347834486687579
107,0.932037473933125,457,5,0.1272830022018507,0.3220949440585054,0.6913003670659755,0.2554198232016304,0.6510288212303785,7,2.5313557130281086,0.33355954066812665,0.0016803743534407056
108,0.9435996907781753,490,5,0.014632371537376064,0.3138159749858446,0.6036872415167723,0.4354873836784052,0.7353029176502036,10,2.576825070489008,1.260125060874176,0.0017129179505356233
109,0.9333354278881109,493,5,0.12097181113595967,0.31321831537936945,0.7354185323121155,0.6954806699100398,0.7416922581230934,10,2.5960401374194966,1.9940507158813832,0.0017307620430234438
111,0.9446448183000344,461,5,0.014929254990248435,0.31731202307876527,0.7865241948734354,0.440725420733682,0.5696575621657243,8,2.5997434567770834,0.7208988788284306,0.0014787440609725074
110,0.943470128945885,477,5,0.01536819762917931,0.22358168301147177,0.7859585337532717,0.4243920490237495,0.5751005294446011,7,3.3462772118559045,0.7064684414498652,0.0015499891203498337
112,0.9443586793664105,492,5,0.014792173948260825,0.3130616452682282,0.7931810990819914,0.4495069115689404,0.6556032951849422,7,3.389600512142025,0.7092749449576496,0.014463419380611438
114,0.9439451816922428,480,5,0.012859154300559042,0.31343158920628,0.7918181099022921,0.2613444434911369,0.5721408887969951,8,2.922489213566818,0.7210605803474095,0.15157030496153304
115,0.9435969570032677,491,4,0.015644575070393626,0.41012952878699793,0.7875167115490175,0.25322073458205746,0.6498176531200444,8,3.3220996937596716,0.7276645734160744,0.01710164331174683
117,0.9438570413243864,372,4,0.015396236764157262,0.40947638585553275,0.7869189695938329,0.40335026633175275,0.5868284028903703,8,2.873527037085174,0.7285518713636403,0.13888728936768852
113,0.9431399396572022,493,5,0.01307692037168123,0.2105793820061278,0.7928838706793488,0.4368905425284809,0.5267289420169584,7,3.3800872207080697,0.8036286033489081,0.13957936686257516
116,0.944339271077822,484,4,0.015752110295661134,0.21820852943267333,0.7878877960394377,0.26350819438028766,0.5726471694194766,8,2.8952074410281368,0.6893411726744693,1.772926837597779
118,0.9440232270783542,538,4,0.013090849346333058,0.22460738735466196,0.7361681892314391,0.3998184062785036,0.5340671621860468,8,2.9365692904019975,0.7282005671507045,1.5686419501844142
119,0.9443838015002438,539,4,0.01584710563569628,0.22634985012544218,0.7866494406051011,0.4014562013627523,0.5723901838452699,8,2.8798992766067997,0.6481455739831492,1.5420390152294752
120,0.9437350395094395,542,4,0.015707897471470392,0.2212923161559816,0.795718149476704,0.4035191267504778,0.5714952517660538,8,2.877494461752545,0.7589308242044468,0.14714459829441012
122,0.9439324859977395,527,4,0.012100173786190572,0.43705006435534594,0.8226291690343552,0.526263253940843,0.529546470615904,8,3.8649665246992964,0.8480829729497616,0.14609390671076994
121,0.9442681198764941,529,4,0.012571731640673076,0.4068372129205752,0.8229067168669767,0.41142698335516137,0.5921547578948696,8,2.940724656842106,0.8382715014617887,0.0005891742594198383
126,0.943731897155461,523,4,0.023026144862802973,0.3322271370010418,0.8351812278231854,0.5186862169756878,0.6737147056630939,5,3.8122551094282042,0.12137020513622755,0.0005529122195553232
127,0.9434930072866085,527,4,0.01634549599882008,0.21542692080615283,0.8274947116094298,0.29794307326400615,0.6726175461129326,7,2.898002029048129,0.12518524361362682,1.8850340049734102
128,0.943377706585875,529,4,0.019278312044737244,0.2918003004579256,0.8200246022735638,0.4575814175366147,0.6673252317012731,5,3.0287456235810923,0.11836087145353393,0.00060828499639895
123,0.9441296987141061,536,9,0.012657111416786365,0.40759466285336565,0.8190616774038713,0.29640229206726254,0.5295175071770354,7,3.8714582529096213,0.9505332836366106,0.0005711325898967742
130,0.943793471012896,519,4,0.012159381488276487,0.908720760829559,0.8339583981412221,0.3630538863322186,0.664557527930738,7,2.6779513271717956,0.4212905401988281,0.0052050309154455555
129,0.9436187927629135,559,4,0.02274143783847266,0.20397106735014803,0.8154915107637714,0.525173583601132,0.6810755861932503,8,2.6548345522026335,0.3985038889287787,1.8551693679696675
124,0.9430935515828102,554,9,0.019400159461706677,0.33285204323951023,0.8296950126784162,0.3979435550758889,0.5920899784113877,7,2.854105943270419,0.8930698264583626,0.00010298811860920293
125,0.9438097515582516,532,9,0.019144240787750396,0.3304603412502012,0.8174235429341591,0.5163305329670873,0.5232723019394582,7,1.736297240500396,0.9300952820200702,0.000544501720989193
131,0.9447275746080516,592,4,0.019105843355170727,0.33257136647258895,0.6458672063112613,0.36226656112769356,0.6737845987803676,7,2.661669088188176,0.4230415860544974,0.00020534342536968102
132,0.9434005546614823,508,4,0.023033251810733627,0.26659284032699965,0.6519213821784976,0.3601853523870439,0.6747402039224838,7,2.6798917989526787,0.410321702585251,1.6523951741003806
133,0.9439323910278917,590,4,0.017334413318101677,0.27041113505954467,0.8109104219897851,0.47845099985059003,0.5979200545023684,7,2.6881575381307017,0.385571871884604,0.00020303219615565958
134,0.9426490958254741,462,4,0.01959495089910884,0.2691882432673265,0.7475189899223806,0.48022366888484164,0.4258180833314331,7,2.6525720871783633,0.26758212161230865,0.0001975876694395238
138,0.9440962515860225,461,5,0.019732134922949306,0.2650931475580378,0.7547279626955946,0.3550504658013738,0.5978557920115511,7,3.0328004752090285,0.24820494595895873,0.0001994423162225626
139,0.9442127253209215,412,5,0.017024019570529153,0.2781804997475352,0.6546627051103403,0.485917764240661,0.5677779541050452,7,1.8447747350836694,3.24679231491168,0.00022752337834087223
135,0.9439837415377431,601,5,0.017122755321177418,0.26743736684692243,0.6531584814195363,0.4829658975036446,0.37372646205594373,7,2.695589634120461,0.4002580550046195,0.005906603070610262
136,0.9424276678851402,569,5,0.019534687156026867,0.9369692677782663,0.6500249207697255,0.3660109802315055,0.6010184537916455,7,2.723001884440055,0.4415947634430908,0.00010368899088516927
137,0.9437352137947649,592,5,0.019757021144210143,0.26987044001597704,0.8069464433734113,0.4798952859163744,0.5979214246643089,7,2.2235223499668737,3.1361757693398813,0.010535064524354747
143,0.9442999827822796,404,5,0.013993104271478802,0.2948530685513334,0.7518333403240085,0.45249028945346853,0.37200715904325027,8,2.4766807390344416,0.2534258977817915,0.00030863863848434246
141,0.9442800098927273,593,5,0.016986192006112226,0.26320115293797014,0.746023528114953,0.35731738713012673,0.559577945525669,7,2.475625834100235,0.5744950107450993,0.00019978393809950412
140,0.9443952521504775,599,6,0.017590277704599314,0.27074086391125474,0.6468589063491105,0.8813866811023646,0.31051136628553383,9,3.0492453873205236,3.4802551515499607,0.00019360918657522976
145,0.9438514558449798,372,5,0.016863515791717888,0.29687941055036143,0.6483688822603584,0.33026407385041157,0.5612160611831953,8,3.24942068080298,0.5450690031066012,2.3233253149347384
142,0.9443491928178667,589,5,0.017292974366362953,0.28597789052397626,0.7406707198281552,0.4843191020386902,0.3762686628819521,7,2.478869804227806,0.5352214817505418,0.00020817137563178837
148,0.9445768042345615,374,4,0.014378445768567524,0.294031379229417,0.8751032392018854,0.32957770698914085,0.7146152337661092,8,4.351147289750697,0.550203981884312,0.015150159316306727
147,0.9440047549211237,379,5,0.014257921451067537,0.2915715319637033,0.8815385610721274,0.32930888864967683,0.6169189176950273,8,1.2162118427346489,0.529161923046777,0.012686920083011442
144,0.9443804806864412,594,5,0.014390742754224639,0.29449931099778737,0.6418930306834251,0.3279127503980461,0.7135487447631166,8,3.0091968966117326,0.5412347938000731,3.7361572271177397
149,0.9446405321333821,380,4,0.0145079710928395,0.3004861489463797,0.775651200670947,0.4184571942034296,0.7129546482909395,8,2.4680278128793636,0.6183536761611853,0.0002761875971345972
146,0.9437402106698395,590,5,0.014720763148876576,0.29648855965999643,0.4634538820468144,0.328897612867081,0.368277277519331,8,2.2149717617797298,0.5353841437206612,0.0002920000943145418
152,0.9444783497237722,378,6,0.014086724086498007,0.30254817778720866,0.7055537947101909,0.3269631140258755,0.6221394845894287,9,4.409390978067083,0.5566376270630349,0.00030298862242031626
151,0.9437941660669477,684,6,0.01445089991484495,0.37837698108394946,0.880863209452172,0.2692400683030775,0.24285235460205418,9,3.600827812966989,0.5989242176579463,3.5629473974836645
150,0.9445523239299198,664,6,0.010587589907605263,0.3826023015318414,0.8860358982281157,0.32253538526710124,0.30462328328165456,9,3.526139048170173,0.5936629240184218,1.2366171153708596
159,0.9427947388708018,296,6,0.010630822963465139,0.3438871645977475,0.6341207413872685,0.8366845731605325,0.7137982538023596,9,4.297350004245688,6.342002764331523,3.413920978802718
156,0.9384521716087202,612,6,0.08967940029337322,0.3743383008105919,0.7119217960292203,0.8207272951848067,0.30304500527109574,9,4.501877812332,2.3766061960955187,0.028124684329531108
153,0.9437634323630901,676,6,0.014537680674095959,0.22651539890926214,0.7771188380065615,0.8771247518532268,0.3132884579786031,9,4.43812888755674,6.575727997038402,0.00027435937613752304
160,0.9425852426916892,316,4,0.010956293300345012,0.49908737341531734,0.6353889089475618,0.811850190985137,0.7230114941436053,9,4.753914044390873,5.9849071447709,0.00012761948245555032
154,0.9435301196246467,675,6,0.013881231695060536,0.23029501622711962,0.77531908433305,0.4226751558528402,0.3044703802133937,9,4.791293875522728,1.8981182386539883,3.808891661923783
157,0.9434738118974593,328,6,0.010849881331066473,0.34257217316023647,0.8697281392883033,0.85318125480779,0.7193556085806554,9,4.815957124760419,2.318095929279894,3.7571377388912657
158,0.9438031088870217,671,6,0.010681842703126897,0.4986932780753884,0.6400574727013576,0.27420185078750803,0.32394812299565645,9,4.8593800178860596,2.1431821506519837,0.0002906264096122255
155,0.9446751126378923,677,6,0.014392696084452483,0.3447395222786711,0.7042915653882733,0.8265963861040899,0.3173160194941597,9,4.394157114412655,2.1348115759062876,0.0001327078091191977
161,0.9439684305197357,322,6,0.013608364670714728,0.3401371280292121,0.720333668395754,0.37914169304458417,0.7215621468535068,9,4.750683611707341,5.720791453543239,6.784626437342081
163,0.9440168202663066,320,6,0.013754938456774455,0.4924394890692094,0.7004787623435756,0.37901383247960624,0.6427466477687207,9,4.436531060278468,2.2375153128976732,0.001171212232382114
166,0.9442235226620912,323,6,0.013036409728333512,0.3061023677075649,0.6666758329559287,0.38323541072406614,0.6395020143323288,9,4.863950906315494,0.30493019543838107,0.0011748977217153986
167,0.9325077708817145,334,6,0.22246691256830908,0.34187459682915433,0.6661815149628755,0.3829623562451885,0.7593980340627331,9,4.1567010992517925,4.4545979840972025,0.0010932420368827797
162,0.944310253092975,669,6,0.010610126234911909,0.34187227932941516,0.6253525504991964,0.3810710679335406,0.717814513054262,9,4.384571016301579,6.664408658849526,0.00013547653845911593
165,0.9434960056203782,319,6,0.011070142677665724,0.5067110981855087,0.6287393496894,0.9409705733224962,0.7718574270944616,9,4.711144165069343,0.003928971985793822,0.00013718725301591528
169,0.9448494511880341,635,4,0.013162842767487656,0.30809592446745876,0.6742839445947556,0.3414280652159961,0.7833487715458665,9,4.159514325926074,4.319461241260806,0.4432468472093931
164,0.9443726503703,671,6,0.011482923441366992,0.49513867904951764,0.6671345910091441,0.41765572502074816,0.7719345529486541,9,4.753906625651198,2.120734407233073,0.4834452848393906
171,0.944738475268067,632,6,0.011825569270282896,0.31183370981271025,0.7009829787130855,0.3434765907169257,0.7624312994936359,9,4.3428972166101785,4.217247589229623,0.0001664682594632819
170,0.9438935786252136,714,6,0.01178024335823806,0.31051187381496936,0.6730508424241409,0.3866128489348083,0.6518024134159776,9,4.5879995827911415,4.465729756309927,1.1517451969258672
176,0.9446141628680292,391,4,0.015670369063337523,0.30680904590845753,0.7294275959378236,0.3389183445311542,0.8170703056599261,8,4.202741456524978,0.31018689676112987,0.00046394008777024076
173,0.942381154575784,735,4,0.04518125699302042,0.3214650906709834,0.6165489802011122,0.33992964421108196,0.46113670046820765,8,4.266770856088006,4.060868901301809,0.00013773804106876125
175,0.9414413580078774,637,4,0.04645495918325334,0.3230053886466313,0.6826930976144514,0.3414950332697458,0.26185255500674237,8,4.584764349445207,0.9796088657321143,0.4928638887267845
174,0.9446420871341884,634,4,0.011868768289883435,0.3091606617310665,0.6712456137409928,0.3387221037594085,0.7684942268633697,8,4.208210867988692,1.1550900770615669,1.2194081532378953
168,0.9441211556022931,634,6,0.011836748395102103,0.305239798001167,0.62137885897277,0.9603317060916075,0.7727311906176725,9,4.199860401477017,0.3194792403382423,0.001088071185259112
177,0.9434637096103412,639,4,0.015885568525323395,0.32066438305632045,0.6775185757534621,0.34548607329580155,0.8155107569873256,10,4.277355180139677,4.133690092821354,0.00017721273809053365
172,0.9446191200853651,714,6,0.008960544505283888,0.3018049367998285,0.6675561774684782,0.936371060102259,0.7608896735811074,9,4.336128863013119,1.018128441162066,0.00015839028418836897
178,0.9442149471979124,699,4,0.008975711033450639,0.3188609400302904,0.6834536132144922,0.9523521058887869,0.3446387305990134,10,4.221115740094505,3.882466203360723,0.0004506908500495231
180,0.9445485700118658,635,4,0.008699172727913046,0.3180631987439212,0.7042543027784536,0.3061811701672795,0.8321592887637438,10,4.219147323266231,1.114460744163274,0.00017638233692760492
181,0.9439084085322331,639,4,0.015741972240107004,0.328445127729027,0.7264921554572756,0.34738450900864654,0.8234244046526784,10,4.213321885727054,1.0904330595541893,0.0004608667486691637
182,0.9444372726554903,646,4,0.009083431981531557,0.32476074620446915,0.726561166436074,0.30083756081723995,0.815033346465093,10,4.152822710158225,1.1112191543617167,0.00046597285363215904
183,0.9415888827085434,388,4,0.008861683818892475,0.9821039116297807,0.7289393931242025,0.9545891646243937,0.7989351202448673,10,4.223877027953672,3.3721377184879504,0.00044076666060584725
186,0.943147880597562,380,4,0.009012281325510825,0.36419908582968635,0.699925507693787,0.3070904541009672,0.7952321924751864,5,4.0072430604220015,1.150572074209297,0.00041456325606902076
184,0.9438723032920328,639,4,0.008818108975700121,0.3672833722283527,0.6990152511710109,0.30669022102266963,0.7955867316379945,10,4.18691814419931,1.0771766381580568,0.0004465543393173788
179,0.944979028674695,737,4,0.012107108817137549,0.3194859609434724,0.6881045478222269,0.953888916149862,0.8474539336488917,10,4.5907252050628475,4.281743322156028,0.0003565530829249228
185,0.9440301421356313,694,4,0.012769894018156959,0.36126080953729234,0.7018609015510594,0.30751161464282706,0.8129066200913478,10,4.075713439027474,1.1578071871184596,0.0004662371456881615
188,0.944065636855381,659,4,0.0093624326023146,0.36839949621814905,0.7004548209113047,0.2907414998778705,0.7984779896209228,5,3.992677841286038,9.35634338855381,0.0004248157980960509
189,0.9443280020182867,696,4,0.0073176883025489955,0.3548474007777256,0.7263496518885951,0.3055922610974271,0.8812090388923217,5,4.051434507332311,1.6836645430724433,0.00016790097547005392
190,0.9435594371297833,662,4,0.007659359538170522,0.9774451501277652,0.7022234492145146,0.31006395783614615,0.842539250297309,5,4.0702072266217275,1.5606676539678779,0.000244514168612011
187,0.9445306666300979,734,4,0.0088547673867698,0.3642750924241394,0.7014403320405729,0.7841360846824658,0.850869777534477,9,4.049262686368019,1.1928216679688168,0.00036709220611463666
192,0.9439910041220463,651,4,0.008347796831845652,0.3598557481140605,0.700856870342715,0.3097850606926645,0.8386700076289323,5,4.039244814486154,1.7310679713803965,0.00016334150721507794
193,0.9440734598661493,618,4,0.007000383491177751,0.30265234627939724,0.7078536671823027,0.31971585513495937,0.8320187249021296,9,4.0988259350862215,1.5219590910369876,0.00015889179718977048
191,0.9435217466236601,714,4,0.0072248590996063875,0.3618362836436749,0.7014332520988396,0.3117465108731863,0.7979119226099871,1,4.0185037037990625,9.569056573269574,0.04079601215883004
194,0.9438513347845143,622,4,0.00985116667693863,0.30121148480327087,0.7060961969438247,0.2937668255767553,0.8509578961105014,9,3.992821602055108,9.225095554142305,0.000172243134974057
196,0.9441815052879523,732,4,0.010218684435688878,0.7756468984781453,0.7159233369237672,0.35803487825934105,0.8532093753604368,10,4.495146652876528,7.810467810905321,0.00016571699512313022
195,0.9446229898457613,739,4,0.0071879171308083505,0.2851216492417035,0.7653611062410515,0.9291096127073836,0.8582587974617486,10,4.0665804206091885,1.583275693338666,0.000241293538254526
197,0.9441301119894883,811,4,0.009967635672433589,0.2894126446766667,0.7625692511779308,0.3622868841640112,0.8606693800116796,10,4.533426020271324,1.6981808651050951,0.00017058330597559382
199,0.9440865970139016,778,4,0.010012045373890117,0.2845463564435412,0.7571292327788719,0.3677576848230392,0.8476430330254315,4,4.510327221215869,2.859083150531666,0.05878092160631318
203,0.9439976655785209,739,4,0.012340166167737506,0.3949454115092586,0.7671265832828609,0.7684825103988823,0.8634985965997817,10,4.328244002086941,0.34229284309456864,0.0002440888059682792
200,0.9439634221647895,729,4,0.010006200935369186,0.28723848413498027,0.7638755402718321,0.7711151814878436,0.8773897208696416,4,4.352771602451663,0.21772233135179136,0.000244617998095801
201,0.9445489718073763,729,4,0.009925030729930426,0.38406316286487013,0.7614155211518207,0.7950617251717803,0.8971696898664039,9,4.498088684402837,2.693967344395679,0.0002532533003077
202,0.9444708011863007,801,4,0.013082334552291165,0.28469140185406405,0.7616940613023908,0.7872839071812386,0.8435884448098828,10,4.31140224799128,0.3333108748683699,0.00024114550678366805
198,0.9439225621704456,743,4,0.009880441786985189,0.28652376463248236,0.7136067356127604,0.9277870037693795,0.8566074200668267,1,4.511541417789586,1.7848853213806626,0.0002576152468717466
204,0.9440720885432905,723,4,0.011908829455914996,0.7254105902386516,0.6771086417726214,0.7249171712194655,0.8860366177957771,10,4.504277592090295,2.5792077529355497,0.0002342770139173356
205,0.9440648332643601,760,4,0.01205849306261952,0.3898323960276467,0.7689167449035674,0.7673709354972309,0.8803572698797301,8,4.317938434667309,0.339297743427516,0.0002471680639314634
206,0.9438418618030917,760,4,0.005863356645902151,0.2856060834754435,0.7701215189699366,0.7796331900532991,0.8941281003738469,10,4.35673513244184,2.6327044251949334,0.0002255845872754695
208,0.9442971743882058,756,4,0.01179272746271152,0.33666400119812545,0.3302919680842814,0.9252775282280014,0.8890445585021256,10,4.393635863109897,2.610595952756512,0.00024091898858110572
207,0.9442520741466964,777,4,0.006222251519651132,0.38905382132998434,0.7636981533048144,0.9264250942033716,0.8787428832379657,10,4.389875651106703,3.11663187447297,0.09008214117945976
210,0.9440526395533387,753,4,0.006472475726837023,0.33205631079979253,0.3219342714731698,0.971291182865787,0.8973947294835736,8,3.9074104114615498,0.921615084620341,0.00035571134861575403
209,0.9439550022006914,717,4,0.005845117015575485,0.3379389968686007,0.7364707494374321,0.5518949080008705,0.8976703897285745,10,4.350701357301035,2.687726368572657,0.000350477532867582
211,0.9445600717997097,761,4,0.00849659998144823,0.33399819711787065,0.7339679164664323,0.7923127729010015,0.9016960762281263,8,4.358662123696779,3.0118468647104475,0.002195605888270754
213,0.9449599533023866,698,4,0.007738855206243228,0.3342902976742562,0.739923986092679,0.7243802449551788,0.9085872946415064,8,4.642505201987279,2.763334251496346,0.00036489562122412505
212,0.944144029768518,754,4,0.006178000087390267,0.33396577924850623,0.7389397691218709,0.7994191422802333,0.9222713590825513,8,4.42035061326973,0.47630914054562223,0.0003285927478965228
214,0.9445726954841085,693,4,0.008082962309510059,0.3054579773279833,0.7372945085561052,0.7907093783149045,0.9276504642258978,8,3.895220875927765,2.7495213621628745,0.0003293803399948488
216,0.9443397010511994,703,4,0.008099308626545723,0.3376036485898633,0.7326197131393879,0.5640069317791153,0.759246271676373,9,3.69340183544136,3.086899709775825,0.0022638487349271644
215,0.9443603804746751,711,4,0.006279027074932187,0.33670467669094617,0.7319451346372308,0.6538668325651233,0.9118456790490443,9,3.8909921632592863,2.6274534605995425,0.00036522607760383527
220,0.944162514449245,691,4,0.013341203022864397,0.3142394599730397,0.7414494626603957,0.23790343546907217,0.757331141856438,9,4.600209744747295,1.2191614472781156,0.6946766502269321
218,0.9444716256498156,707,4,0.008047463866613633,0.3303137545222883,0.7350270261615445,0.6539273360075917,0.9158293744561016,8,4.631330852493803,0.4624175828776773,0.004200406114940133
217,0.9446184980850425,710,4,0.008130554737279106,0.3417883515243495,0.741778777948259,0.9827283296938469,0.9130336688443099,8,4.632340354590953,0.8485805748708707,0.0003554906930875287
219,0.9444487535708402,709,4,0.007421111347078041,0.3090708090536512,0.6668579968378284,0.900927896371221,0.8277698681189736,9,4.672414568100946,0.42531849104768216,0.00033667605277057084
223,0.944247377835536,697,4,0.007841774789416351,0.3116476208813753,0.6846011864764028,0.7259951031970591,0.9577287984853091,8,4.695781945870903,4.978730784444339,0.0021286745383031673
221,0.9439822982047797,698,4,0.008020997610930407,0.31250664433367514,0.7398330188665445,0.7942732546974035,0.941860280666264,8,4.679550203450306,5.084180838706449,0.002358862613483301
222,0.9442386667001461,709,4,0.00792436312972815,0.31330993986871114,0.7423623398156594,0.7872659792222014,0.9200116745996603,8,4.628074204391049,5.071547046005703,0.0001196213885466459
225,0.9441337302363311,685,4,0.007571304554244623,0.31134560015085716,0.7489661363291545,0.7335124434308518,0.9153873210727749,8,4.652284697283431,4.933254670068123,0.00012116988260667066
224,0.9446203640860104,696,4,0.007924527045934967,0.31023595206615157,0.7437628926813846,0.7303982869337644,0.947602474218825,8,4.180752036562526,5.001780139172526,1.1384138848370873
232,0.9402968043606315,239,4,0.006895613191693157,0.30618430783879413,0.7525837313737833,0.8710835761999536,0.9236087848878602,8,4.20073617966868,3.691214626681132,1.1597352310608355
227,0.9443760609358272,683,4,0.008021590287485397,0.30664023609348084,0.6624476566946866,0.7427565296378761,0.9699244237902169,8,4.156775269756999,4.521191358602011,0.004004927806903193
231,0.9429644479017643,347,4,0.00835309051070733,0.301891013111822,0.7506948040155299,0.9811588323071352,0.9392111092675653,8,4.164450876546033,5.1003271142219955,0.00011124223188643569
226,0.9442642052402359,678,4,0.007235590994915651,0.3109136494625722,0.6869250967291635,0.8931367249523616,0.951695813628829,8,4.6574478554857786,5.156894999491779,0.00011692494168724335
228,0.9440037916555234,685,4,0.007500923118578075,0.30527959300963253,0.6845893330250936,0.8290070683305166,0.9663072157272659,8,4.1758316201391645,5.056475921828492,0.00010238270973502297
229,0.9446126516994603,684,4,0.00813058986121581,0.3080129630295979,0.6845684479270115,0.9991336557188824,0.923557839383607,8,4.155257519853425,2.0164745478351493,0.00030641773743147224
230,0.9442912225965288,691,4,0.0077747753079961,0.3068623852761308,0.7197335450784094,0.9956987072052048,0.7794596784338284,8,4.195916597700649,4.991838095238637,0.00011301067395265691
233,0.9440218578427446,680,4,0.008484857343770942,0.2517018264708638,0.7234900868199491,0.968312454751177,0.9285711254469935,8,4.172420387005352,3.4634298310582885,0.00010008944104734968
234,0.9440345399701269,665,4,0.007146553477065118,0.29936145843989465,0.7162203093283052,0.8296880592488408,0.9362959747168611,8,4.203224633803318,3.729763433975285,0.0002856512132050731
236,0.9443102603983478,681,4,0.008313282288443434,0.25155432229112157,0.7212585629106169,0.9998826118383123,0.9767169151212103,8,4.143012352388165,3.433032356183382,0.7681369045617996
237,0.9448338604786066,657,4,0.008533719908381147,0.3231068555630291,0.7203808747142829,0.9725439118977662,0.9553759963793665,8,4.258542468333693,1.9268044541726288,1.0149103359196117
235,0.9444779447973879,657,4,0.007051754344668716,0.34763994031221446,0.7225731283065406,0.9882859171950842,0.9975205415809217,8,4.197303503647195,3.5418384667161296,0.007847514850911074
238,0.9442320480322841,655,4,0.00931658614176359,0.3518623940995623,0.7159924387104606,0.8127735436908267,0.9520975805996997,8,4.269607706509993,3.787815582964372,1.1557131129832094
239,0.9447060331505718,613,4,0.009417501570101638,0.34350691576108655,0.7225370023944476,0.8102246908557431,0.7742561881368468,8,4.287666046894602,2.0906097416456633,1.1766436528569868
240,0.9439046692249248,657,4,0.009165840547575925,0.3486920560618577,0.7186818373925039,0.9631100207924591,0.7852626051739885,8,4.4463989187065485,2.132601610477586,0.9724141112064811
241,0.9447369776666192,665,4,0.009355129031821386,0.3256276835127778,0.7209306019616156,0.9815536438861823,0.9314942102663564,8,4.2538699803456215,2.028305973355465,0.8478031736267888
242,0.9444936544800313,657,4,0.008633213010801926,0.35204273392081137,0.7174576988182539,0.9683225719867669,0.9289485627545713,8,4.477460626769308,3.379762482779721,0.8693646166463971
243,0.9444817832490429,651,4,0.009284203214144311,0.34526229744119324,0.6626632077655599,0.9863195157023112,0.9943431001657185,8,4.282820224206922,2.039050311777201,1.0302576325060526
249,0.943103347044266,370,3,0.00918117729659795,0.3254960307362381,0.6735772509958506,0.9789822365819423,0.6902343349201499,8,2.5511023047246013,2.0880207486797513,1.0365555910967974
244,0.9436801918132108,729,4,0.010767120265032576,0.35217189712594466,0.7784214934897448,0.9492805768498132,0.9023475279097607,8,4.289822568161203,0.00045266328236164856,0.0003040261448360872
245,0.9446790836298845,659,4,0.00920407967859136,0.35052262518569055,0.6727592264527068,0.9459471209970316,0.7370293293284036,8,4.4705856601628495,1.9035683883808363,0.9475411160579338
248,0.9449202037247257,722,3,0.010786128343136636,0.3272630372773417,0.7769365142841616,0.947883018048286,0.9017879346225817,8,4.438396156554721,2.1644738268685164,1.0896270570412507
250,0.9448812869595775,622,4,0.010993174371172882,0.3261853965382893,0.6609985930557034,0.980734314606801,0.9076687631747946,8,2.533534262729648,2.0183530969336885,0.871527555142579
246,0.9447700741368028,725,4,0.009365140846810251,0.345428195260445,0.6736253340085009,0.9730256678188117,0.9005183905737318,8,4.4831876970666515,2.061943904757683,1.2426525577408065
251,0.943513726367823,618,4,0.021119464028546853,0.3247758813043802,0.6735176488021596,0.9419864802480107,0.7336409103501338,8,4.328441418196217,2.1445752962213422,1.2773040415497852
247,0.9447759111297629,655,4,0.009565990054030067,0.3264950910761987,0.7829020221842776,0.948692214871027,0.9109892722392632,8,4.454018095571908,2.3337949850043196,0.9772085961385908
252,0.9444082630196406,724,3,0.010971293650107645,0.3264897319681926,0.6765245925791328,0.983822152889884,0.732457689348793,8,4.322529277087427,2.016703494725151,1.3459209381527164
253,0.9440760903222115,620,4,0.021466782459440375,0.3263333015232275,0.6717206610645526,0.9432051171035725,0.7483390573697422,8,2.559371038233851,1.830514579439369,0.6083233982815651
256,0.944318420499895,401,4,0.021396771021044887,0.3265421285943906,0.6516993320894137,0.9391758597873993,0.7706369672117478,8,4.3713241282159805,1.6216327363361993,0.5581613091677261
257,0.9438508328010325,624,3,0.01055523495936203,0.27689840961770756,0.681513918497203,0.9554987452289997,0.729156830271207,8,4.395975747792818,1.6222455950638213,0.6165769808218398
255,0.9436298337904514,610,4,0.018507525227631643,0.3254710155196463,0.6902536904529554,0.9432005406935506,0.7559393295806747,8,4.36985538963752,1.8251692433510631,1.4974407338771571
254,0.944618012799556,720,4,0.010784026881773302,0.3274655134666547,0.6913346727487898,0.9418604808782105,0.7430475821279559,8,4.330321459844309,1.7307026837502206,0.5834554723693385
258,0.9444291438626843,614,3,0.011399907674028186,0.32282667187374114,0.6876991705868175,0.9178041585731788,0.7433603724392935,8,0.04687223668806961,1.8571371134492194,1.46519608638547
259,0.9446317448133886,720,3,0.011228199155783866,0.3237142312805515,0.651702712950815,0.9393313034623232,0.756734820858502,8,2.441381555550576,1.6843670101064363,1.49315954965503
262,0.9443288682267896,619,3,0.009593799266190431,0.3267188473615279,0.6521054118635934,0.9396869442109371,0.9481457434296138,8,4.540623259994512,1.6343268994311844,0.6161104044485755
261,0.9442712215291091,612,3,0.011131262467078122,0.327247454836008,0.6499352348153188,0.9443867446204741,0.7628333835117788,8,0.3964733941244294,1.8619852765118416,1.6152390357230242
260,0.9450897008998738,631,4,0.011444325415507932,0.32225608005145717,0.6523619238143473,0.9371786196215014,0.7354437595875646,8,2.4218930035917285,1.4851526399315556,0.5371460652791881
264,0.9441917641187759,608,3,0.009888735450737964,0.2778082314451954,0.6553670769507705,0.9606943867065989,0.9073950518517762,8,2.411078799311411,1.4738719722203268,0.8516505759769826
263,0.9447295877601023,616,4,0.010087482985444485,0.32625756829453056,0.6527125948812978,0.9360147364813073,0.7598180698329648,8,2.4425281795000267,1.5018763629571183,0.6920584679804199
265,0.9441618131334449,642,3,0.009724604452164854,0.3413837866686882,0.6892400610974886,0.9111798648870421,0.9089116450844128,8,2.4241850793099733,1.4857133354941607,0.8338530426844499
266,0.9443057154127693,635,3,0.010050464052466825,0.3441888160759072,0.6532043273655048,0.909704476682364,0.912859081284993,8,0.4667489420023925,1.3974925487758867,0.8643665530501842
268,0.944310031844538,716,3,0.009847713978311856,0.349672482435037,0.6465546078424106,0.9698761689089876,0.7670348797669116,8,4.543139339219535,1.3650301744722526,0.8009001060658825
267,0.9440773327574196,746,3,0.00988300815096743,0.3479021408992735,0.6377706747158088,0.9315439493375189,0.7863424954558905,8,2.469346501777671,1.3974959065010972,0.8266058134704664
269,0.944387475059196,716,3,0.009739005757134203,0.3452556207841371,0.6517535680998978,0.9662687658319092,0.7643392262132305,8,4.556437776661474,1.3927478087031624,0.8025866063933252
270,0.9441449465928189,745,3,0.010170301356506026,0.3439899458555745,0.642663012953223,0.9082459579820323,0.76885832882754,8,2.455358349619475,1.3824362353507396,0.8409521756308502
271,0.9442872641280328,740,3,0.010002005372343387,0.3477453969968585,0.6609009886190433,0.9124176499514598,0.7792076124320804,8,2.421259183551334,1.3595724530395372,0.8205369968340748
273,0.9439144072870219,638,3,0.01243392151555081,0.34960302415781136,0.625705554687613,0.9096325474668862,0.6966989663140039,8,2.367589175848057,2.4090474408179197,0.4169058196241884
272,0.9444251853941884,641,4,0.010063232797098894,0.34661947889270217,0.634177541639695,0.9674923405826562,0.7838934888348549,8,2.375784100004008,1.386198986971161,0.984650024777571
274,0.944149642382167,640,3,0.011703311952887013,0.34920643916869143,0.6363486233312718,0.915383590109224,0.7692447245487394,8,2.286133893207333,1.34663046526811,0.8447309005957215
276,0.9442126073913301,641,3,0.012783920407854185,0.29198532809037053,0.6146416005888639,0.9285980945171595,0.702764636913117,8,2.52408814814881,2.4050811512201133,0.4517362574257217
275,0.9451600125051286,578,4,0.011788462856064379,0.3522072379087278,0.6331327961459028,0.9284692660367303,0.7813768904126793,8,2.245557602996585,2.4353706061590734,0.40153053775856656
277,0.9443633182782121,636,4,0.011875509207642482,0.2883172755819192,0.6630282294827607,0.9227702836427077,0.7855565021819787,8,2.3515226032726835,2.4543483636318477,0.4027637588420564
280,0.94410174627008,633,4,0.012933163784049422,0.3752899852615468,0.2934862964353625,0.8534744899829059,0.7038318835161608,8,2.3162819430452677,2.811888840697005,1.1238985670249515
279,0.9446426757385205,634,4,0.01172042404433809,0.28776005218431683,0.617718071744492,0.9238096031770936,0.7466586375201786,8,2.193545843486944,2.6359984037471205,0.38919609840828223
281,0.944583185999616,635,4,0.012631054460033365,0.3767107674016466,0.61691408259119,0.7046477306071219,0.7062306611744806,8,2.3030130164086464,2.6075876970156724,1.0769600129393913
283,0.9444979333413108,660,4,0.011657989175683005,0.2883728655534403,0.6125168188571142,0.9275464050751345,0.7094695354525767,8,2.229218390324775,2.3157446910201975,2.498458510299206
285,0.9441763028188115,577,4,0.011323032972826205,0.3733829159783842,0.7856159295317995,0.6933356881487376,0.7480715065120435,8,2.2448706320180425,2.368219107956904,1.957290011161695
278,0.9445066653491949,568,7,0.01215272215778504,0.37048547081320565,0.6221072836426117,0.91731478477623,0.7067142781912352,8,2.3345502976894736,2.592810573258012,0.9903047412349145
286,0.9442471294528569,568,4,0.011486603892989567,0.37553371908626537,0.7847597284816092,0.8873862873714252,0.8787703522848624,8,2.2317450319790533,2.427441367159511,0.213557935733566
287,0.9442975417441011,565,4,0.01158432518005803,0.370858449426955,0.6016539372418639,0.7004273850184332,0.8692711665094419,8,2.2589497137471026,2.560196214581812,0.30588374519087075
282,0.9439865666298122,665,7,0.011854579686316511,0.28889220068800714,0.6219861820031093,0.9250519024269883,0.7036496614480708,8,2.3070897291813797,2.4150942441942562,1.109606913087664
288,0.9448239721345526,591,4,0.01088986865257277,0.37130164616135475,0.6088042860745535,0.955635810584981,0.7284081124587445,8,2.240899825895258,2.4098097366058377,0.3263131358911269
284,0.9440060500593791,665,7,0.01142293216986377,0.28590059468664614,0.665404019107096,0.9277552406212436,0.7434760924896006,8,2.60321344478398,2.329852689173086,2.3929252936780943
291,0.9447621060622009,567,4,0.01129019584001346,0.36915099616432895,0.5669697891330593,0.8872237007156323,0.7358914099265567,8,2.137249379265918,2.2061329376053878,0.5363587814696141
290,0.9444318144982974,579,4,0.01132549360247477,0.3684707329323044,0.5991886332357927,0.9537894830240738,0.7368719436372917,8,2.108921757674299,2.1334985319682023,0.21482283112934752
292,0.9447139307805064,597,4,0.011447012510522072,0.36074179722838257,0.5640993672121075,0.8861733496847446,0.7373998115249986,8,2.0599132967332743,1.9327006233316748,0.5036710731720938
289,0.9447786088996182,575,7,0.010939717744678031,0.3730823985366171,0.6118163532604078,0.9623439476528911,0.7448257870215447,8,1.9395926886550352,2.199423319963832,0.2480249455924739
294,0.9445854631887164,613,4,0.01372727768125111,0.32913777283196344,0.6648517294255692,0.966701085688365,0.7367320832898041,8,2.5928559362646295,1.8951613982962843,0.37959187670261774
293,0.9444893818805002,610,4,0.013497547048284653,0.3232656479870352,0.8038456455747972,0.8877357481315139,0.736621623206111,6,2.0878887674639426,2.1451990387472075,0.19345813377916293
295,0.9441830571578848,606,4,0.013896577202728124,0.3211407347423969,0.6651668135100689,0.9627843501176498,0.7337322206931949,8,1.9560659240639797,2.0628729176771388,0.23802383191216556
296,0.9442194702673723,606,4,0.013536344151070837,0.32450732730478393,0.6715745378783337,0.9597138124261806,0.7366503725149001,7,2.070834205418283,2.0199975857786177,0.24156353406506498
297,0.9437899185144094,588,4,0.01373241318476326,0.3231079019268638,0.5856009191042215,0.957250797487123,0.7290164486619886,6,2.492329442984153,1.9115851534019164,0.2585288617914411
298,0.9441259802792918,592,4,0.013774916994668422,0.32069662367097374,0.5910680013305839,0.9540989514065835,0.724012005432115,8,2.126806341407499,1.9559030578144372,0.3240017168800264
299,0.94478868092162,581,4,0.01320284437899952,0.3659309215107646,0.5816710189073959,0.8634614331122384,0.7278507250875089,6,2.0006456863838276,3.181222963228966,0.33432124743974184
301,0.9448852235119546,602,4,0.013211191720338598,0.3608747410135656,0.5435232409729484,0.8713321643640485,0.7414053765750446,7,2.0003432503742395,3.0186354359597702,0.3566244788830046
300,0.9441700775974624,596,4,0.01344446883970815,0.365021430952008,0.5862854150557627,0.9538519270251427,0.7296810194763244,7,2.0155493705219354,3.064130353524282,0.30859115025533923
307,0.9445929585013282,548,7,0.010616252023755747,0.3944258012922807,0.5284988605116867,0.8749939744100723,0.7236986553415653,7,2.1321777757949074,3.198725787281109,0.3607501226187973
302,0.9439269459160075,599,8,0.010745353431229478,0.39591489319438533,0.5663108390737134,0.9566378448654315,0.7226548284693861,6,2.0044169914447325,3.1634574733546557,0.3604457388419237
306,0.9443806862805075,553,7,0.010698576664038098,0.3997169737666988,0.5548640556238434,0.9783775826998731,0.7220291404759092,7,1.9737695386942424,3.0168507262994977,0.30911339503876856
303,0.9441359187173317,558,8,0.010754143857283377,0.40717183609226637,0.5677390147827531,0.8727216585696757,0.7279163637720812,6,1.9643883441871983,3.0659972056716525,0.2793736819126005
305,0.9440245211729849,586,7,0.010549950517742357,0.4066668086283125,0.5771195642135851,0.9768746469361425,0.7250508000663737,8,1.9716400107070606,3.30829108688661,0.3171761598994249
304,0.9445052940263361,592,7,0.010457714120209278,0.40205338804327795,0.5562880188715678,0.9582271780305702,0.7229905100626509,7,1.9738383422592696,3.0683454670766848,0.3130807361293661
308,0.9445878943124603,597,7,0.010573551139200566,0.40189485539198005,0.5847694181441958,0.9817628433201877,0.6846611506274896,7,2.1588805582958526,3.1350538030427986,0.5296456017740949
312,0.9402774492969028,160,4,0.010563891746343139,0.40383912433579383,0.5381245401800616,0.862509471262027,0.7538666424930645,6,2.0115055888864006,3.799592764651706,0.49129026055370006
311,0.9440401244059089,585,4,0.010314226087070116,0.3799496076143245,0.5617257321886464,0.8411815828819746,0.8060190097889538,6,1.8678513361723226,3.3519429701784276,0.49970588106286284
309,0.9447158160885311,555,7,0.010724195614197716,0.4083397292159613,0.5545986160588031,0.8743470806108907,0.7546316527955378,6,1.9322290410258813,3.496378609330221,0.55240045989728
310,0.9445719837320615,549,8,0.010864093737717411,0.4011928273991854,0.5532632014908552,0.8783687366388544,0.7546540376363672,6,1.95871728611918,2.809126779733829,0.5335757627553472
313,0.9442938233092868,557,4,0.01058789320138493,0.38558332745831536,0.5535161891796537,0.8595850629154269,0.8014265824633121,7,1.8700238711790909,4.016397937527444,0.45961933310741937
316,0.9439654509712107,569,4,0.009183043059195,0.38564390913822244,0.5347177455523845,0.8558393001783129,0.6889814234546229,6,1.7765536072617403,3.8229082394022447,0.5056894149172106
315,0.9444114606857287,583,4,0.009362005292656248,0.3821337707148672,0.5659517365613344,0.8486742668594123,0.800487709940541,6,1.8955338040938916,3.383227362111094,0.5198927071808422
318,0.9440987093221963,568,4,0.009291383695253915,0.3804019111849595,0.4964464841719715,0.837733273266766,0.7782205368949345,6,1.877802021188225,3.6387533847775027,0.6799095957187798
319,0.9443284017265476,577,4,0.00926850874866185,0.35991056560455903,0.501531065820344,0.8589648975994619,0.7518959365692812,6,1.8058605556888334,4.423551935486868,0.48359367090156746
317,0.9439457076790928,560,4,0.0091601096848688,0.36295318699734114,0.5708614738951563,0.8636120704679895,0.7557806058826998,6,1.7670941009429508,3.7043593072848355,0.49182022098967354
320,0.9449144543962408,569,4,0.01256657401581309,0.3592951269360538,0.5043087396223448,0.8468040485708258,0.7532747860355411,7,1.8637964538062468,3.9924663571924075,0.6401940835985257
321,0.9441876052743373,570,4,0.009437750455022669,0.35675165745456455,0.5704209410588277,0.8978677460492144,0.7584762902148824,6,1.874703912656216,7.440659432961629,0.647001855062063
322,0.9441365052344144,573,4,0.009083165567016964,0.36015931048181105,0.5169277533067217,0.8556325262296477,0.7808492590792845,2,1.668779368369381,6.195583552355469,0.678571023205388
324,0.9441715271921739,566,4,0.009200528145666709,0.3571403820000313,0.6063265801253576,0.895474126510989,0.7530723533354571,6,1.730007895879638,7.099850351895572,0.6526783612350991
325,0.944396091224738,572,4,0.009138099346557836,0.3630130201658142,0.5167686429805474,0.8845942408001907,0.7796469124287579,6,1.78243051091353,7.405378511363654,0.6671009419297705
323,0.9440056733108616,614,4,0.00952569602991328,0.4272098388293146,0.5411701401062545,0.8968146526199291,0.7830572524660594,6,1.5517586275712683,4.274952337794724,0.5904456163617383
314,0.943860916302906,577,8,0.009344555055597593,0.36128630359496805,0.528320408165233,0.8558017290307817,0.7542333785111868,2,1.8839543568305108,3.5763390898100047,0.5309088529071185
326,0.9440017931142185,623,4,0.01253554019496322,0.3602229467401715,0.521343807759746,0.89118965051136,0.7535651090498456,7,1.6566074689734647,6.263274248426548,0.6422483283552117
327,0.9439678273046578,616,4,0.008926984613517569,0.3606352315341755,0.5369123417025591,0.8952323449620045,0.7557355990363713,7,2.0617698860076996,7.489209413654822,0.6526114707805855
328,0.9440471939196421,616,4,0.012721171586091097,0.3693608912898942,0.5318914601128628,0.9948293093021277,0.9397384591433751,7,2.1104119630749256,1.7857544991699863,0.6590809980330372
329,0.9438750469813749,618,4,0.01262073282772099,0.43179684558022985,0.5401105593310656,0.8894682356916629,0.7875217590625315,7,1.5415655857760258,5.871766571349378,0.6369354225284344
331,0.9444049870817004,622,4,0.012570702917353297,0.3620772198358489,0.4851846482898359,0.8921549489230439,0.9304789107508123,7,1.6906225249073792,2.4724720676886363,0.37495429112412343
330,0.9442368800146557,919,4,0.012540946180459865,0.416753925697014,0.5302917745224853,0.8859776857935404,0.9360328955499951,7,2.043981512534555,6.466760573148982,0.7041282176049766
332,0.9441553520529131,620,4,0.012469191726062163,0.36530044454550864,0.5378653125940046,0.8891000360443774,0.7780362214296421,7,2.1839141647769686,4.3941947087883415,0.629531312572692
334,0.9441359834220634,601,4,0.011947532669630887,0.43879384138456945,0.4595790792611417,0.9983603902148255,0.932769682516078,7,2.067416129784149,0.022295940344127553,0.5901404902907396
333,0.9447466176279942,606,4,0.012375089262991563,0.34149366557468797,0.5383106779488874,0.9987688800632533,0.8893270514303876,7,2.1669731933779595,3.9112336310061098,0.3881432192905826
335,0.9441451934100611,602,4,0.012669492001700531,0.42505123673515216,0.4766408211810046,0.9985961093640853,0.9399540841436307,7,2.0818315832190164,2.6429867799725337,0.7134161340532246
336,0.9439854749983734,603,4,0.01242807731296123,0.3386142840105147,0.54565249363933,0.9934677816604855,0.93039529208947,7,2.158270110417245,0.02115006237286445,0.3601286784815287
338,0.9434063660856371,601,4,0.012813406679098274,0.4348381782415589,0.628559986700016,0.9775829279341909,0.6515519234939182,7,2.2193888494613736,0.013584981811905095,0.4240796079171568
337,0.9436820661631762,603,7,0.012518148168183887,0.3376684081412444,0.48720908093118503,0.9763669958107036,0.93009268861086,7,1.4408726355527932,2.5418028866359452,0.39042867970467765
342,0.9442412413222867,598,4,0.011686518530163986,0.3405871145866983,0.4486719767142917,0.9739565176193843,0.8969738749441688,8,2.1348467966143523,2.5407481842745296,0.3583877273287701
343,0.9443897564227951,598,4,0.011479844930813315,0.3389248302013971,0.4285486384305822,0.9801198726530417,0.9572668853737076,8,2.231066793285191,2.6716164256204267,0.4067687128316542
340,0.944831468490789,598,7,0.011647343442046862,0.3340147379824498,0.4582615831074318,0.9786982203434709,0.9647939251458783,7,2.0827287066359608,2.642752530173752,0.39066727533680445
339,0.9445787902523699,598,7,0.012161935297571185,0.34172519259303014,0.5984603536358264,0.9910850857512569,0.9680027812979787,7,2.194849149195971,2.5070148738935325,0.4045967546094385
346,0.9445692661333368,549,7,0.011192416437137078,0.3354290166312077,0.4343105485060054,0.9754053858867,0.8955336967960262,7,2.211850397831781,4.295971261276768,0.37709376053747756
341,0.9439725048305734,546,7,0.011520342223556433,0.4659968511803563,0.5964143261317267,0.9757509297987239,0.905151901956016,7,2.2013828588787345,4.222211071662271,0.3926514506097984
345,0.9437625953760789,537,7,0.011571668988804025,0.33746410936574966,0.5969894434494162,0.9783376006749835,0.8945343831874148,7,2.1887417883573796,0.007756256879157901,0.39554110379967444
348,0.9446908891125168,540,4,0.011592288769456357,0.33497914758358205,0.6040179923060702,0.9685063868538305,0.8943828728264676,7,2.169179923732322,4.325268055131796,0.4032189889055246
347,0.9442670960806613,588,7,0.011262759414288434,0.33635594410239894,0.4245410556018827,0.9787964688875396,0.8908263886614476,7,1.3620995767709068,4.793523494675679,0.4071837670618437
344,0.9439372574498786,835,7,0.011492099793167964,0.3344428565277289,0.5937032361344219,0.9780107046232501,0.8970390521066086,7,2.202989638221066,4.403881213448673,0.38979909853620787
349,0.9447492715656122,542,7,0.010966831585233304,0.33824437279654807,0.595877964963506,0.9444735439769019,0.6758483977771296,7,2.2458667373327827,3.903440057339238,0.4180561298657955
350,0.9437797515225597,546,7,0.01508446328354957,0.37984538233948606,0.5984327745545844,0.9430862466682339,0.8816206438452211,7,1.9319684416732872,4.385122137210524,0.18985900035818992
351,0.9443479279447274,538,7,0.011230021549034968,0.38570114374114145,0.4244935146238857,0.9678780376648847,0.9821404442448386,7,1.9359193429759312,4.710773594835214,0.020124224731139763
352,0.9435239121449174,541,7,0.011172475048260891,0.38304400614632383,0.4238935366209233,0.9415194985085115,0.9827473547034723,7,1.9504117906086753,4.361025231997307,0.1733502623784877
354,0.9442963739280591,584,7,0.015153257660102734,0.3831243519797178,0.5763106189143137,0.9503138294397294,0.8863707320830506,8,1.9882525685000998,1.7064717252887018,0.273167413498859
355,0.9440478117454658,579,7,0.014953368981009553,0.38186607468875094,0.6397499607054217,0.9457929028823016,0.988458053628501,8,1.9509833582768654,4.323592741700504,0.43971268063974894
356,0.9441232960765575,580,7,0.014678860340513368,0.373809076184978,0.564833004281882,0.9434825302821804,0.9163971031865893,8,1.9772166064980459,1.8301241629146963,0.2542109549909421
358,0.9437182100174905,582,5,0.015336855519676394,0.3834452419391411,0.5786969501776521,0.9471466367241425,0.8656281170005556,8,0.8467464002692799,1.6227784982174562,0.1826823565617337
353,0.9443378590535998,836,7,0.015152392329036788,0.33161312502047735,0.5088919964413341,0.9528602880515018,0.9853564823514549,8,1.965971937868914,4.205015169532273,0.2623399957120076
362,0.9282218964443352,522,7,0.2704337706013029,0.31794079578723966,0.6344417599850891,0.9535763509461431,0.9584008616540441,6,2.300326580539288,3.2992323623612796,0.265809929009502
357,0.9439421249154899,579,7,0.010564766384137132,0.376267549369415,0.5788955543623602,0.9326471024878016,0.8719393489015718,8,1.9197395271970896,1.7833451352784835,0.2538215305016097
359,0.9428511540913334,581,7,0.014683753973134062,0.37962897332799206,0.6331525969545709,0.9487627714513395,0.9143671381946769,6,2.3231616837937894,3.2966248370503544,0.1747879570807973
361,0.9447529722588065,518,7,0.010394430998423135,0.3137648263898825,0.5108187322146021,0.9462822439327142,0.9620348951669248,6,2.338013802058452,3.1643460787184643,0.26103174281091424
367,0.9333297328281104,647,5,0.16346211414049222,0.3135009222715886,0.6315449370280577,0.9300377270461202,0.6794829461646177,6,2.339062465015108,3.2014337408900926,0.9217325285159621
360,0.9443089965688334,650,7,0.010068885575818974,0.3771199343463263,0.6299458002125118,0.94914300686988,0.9600975043196135,3,1.0254718053414826,5.561133355555008,0.27490144919971765
363,0.9446092922715437,648,7,0.01031662335623169,0.31745365214977217,0.6353716004152751,0.9522518338997277,0.9590814977959684,8,0.806290714365864,3.092777278852186,0.8824011166662011
365,0.9442433223099431,657,7,0.009991408458515533,0.31110413606444254,0.5142253964922038,0.9576637150420848,0.9599644306708708,6,2.359093359434314,3.1330266384827787,0.29200839132729717
371,0.9445222915418622,501,5,0.013323477268359885,0.31562641385233603,0.5020601114332285,0.9176382211909738,0.9685476585652889,7,2.3503229379922077,2.7272959523456795,0.3101154817814933
366,0.9447470329906256,651,7,0.010135538745960088,0.3158202146958069,0.5106596315664164,0.9287305830215712,0.9561122099129635,6,2.3784846833834243,3.1078549055771734,0.2745152301686888
364,0.9447988948765813,653,7,0.010303187619760597,0.31630328178499284,0.6129184292031697,0.9324970970069075,0.953765601975429,6,2.333576638324243,3.1678255374535524,0.2749720589617873
370,0.9444774052434168,655,4,0.010083880078474978,0.35112430410009854,0.612662715502901,0.9996547417020076,0.9631995032120917,7,2.411367310463024,2.964762586553163,0.7678450598394525
368,0.9449901683247672,649,5,0.010084145841434359,0.3520736419457047,0.6139686298627017,0.9111445322068605,0.910467648864598,7,4.91804713058542,3.007818753432605,1.340943964949797
369,0.944742818834078,652,5,0.01018840361300042,0.3511970468557543,0.615752649445633,0.9986788146932208,0.9127574942115573,6,2.435124403380968,3.0034792041510063,1.406975956186093
372,0.9440967400023832,653,4,0.013797833551496079,0.3513883566626542,0.5122570738779548,0.9584333746602066,0.9645817502902608,7,2.4221908095405924,2.282047811007268,1.413969278677628
373,0.9451019405303821,519,4,0.013410094873062934,0.3512841831990698,0.4768305452897258,0.9138177077699382,0.9474368505107401,7,2.455063808077295,2.973558221911984,0.31142906465819287
374,0.9443602729813309,500,4,0.013501037221072336,0.34981814401437566,0.5085211419507324,0.9989792993512207,0.94750698343419,7,2.4827957312235993,2.232403534472021,0.29658068746722493
375,0.9439839335646882,504,4,0.010216309276891223,0.3510285124200964,0.4053125190375577,0.9155977081896528,0.9105689770298727,7,2.401197019879873,2.370789103554001,0.1101123057947073
376,0.9441542395489805,632,4,0.013321960688586973,0.3515093843249435,0.6114785340028303,0.9989471029111775,0.9450212579427503,8,2.416989288097728,1.1568458583664865,0.11871845522171806
379,0.9444369522627067,515,7,0.00855726672062096,0.3533354986561938,0.4030866082061048,0.914171547199617,0.9786502420515406,6,4.750415180203164,2.3779994304506413,0.22267511948216923
377,0.9441180247281864,511,7,0.010237026591565312,0.3478265380671378,0.46946536754112844,0.9096797427879298,0.9725698892799411,6,2.455082543967929,2.320565666936949,0.21237544988425477
378,0.9425563979485428,671,7,0.013221073820212386,0.35126139371912274,0.5014621236013421,0.9217731717229067,0.9428873849553661,6,2.3999640525742825,2.2402634584089327,0.226705522824884
383,0.9447669244774513,503,7,0.013132008330421741,0.3535403859863737,0.4829813862810235,0.9094713693157817,0.945442980369799,6,4.748980345819873,2.268149168827982,0.22587397673376888
382,0.9447722761849248,680,5,0.008475148186270919,0.35344342219031294,0.4814522200894816,0.9106480373760062,0.9148675329863364,6,4.868662071581024,2.2435558317743376,0.1997398891141977
380,0.9436514629124064,634,7,0.013231257804375415,0.3523570048269848,0.5114296940157625,0.9130649586520186,0.9983902894747547,6,4.885173233083286,2.2309798104545076,0.13451202203813134
381,0.9446290042549205,679,5,0.00859971739355883,0.34949641824362554,0.61005534495083,0.9131535128945194,0.9480368952793153,6,4.795667109514189,2.2072676596652396,1.7220539829875618
385,0.9443173079959623,520,7,0.012859777976446916,0.3563496430720054,0.45493606550025534,0.9094558843027674,0.9536724754144079,6,4.858643027711957,3.63503711122588,0.22080430640421556
384,0.9442186687636009,674,7,0.013028350076656562,0.35585625980175467,0.46460012849752463,0.9087168967004363,0.9485244356557155,6,4.8974697192909975,3.656539490709637,0.18854955681497143
386,0.9442672004431314,520,7,0.00846148724461313,0.29763417996931824,0.472403386000892,0.9061130741145867,0.9472848338049262,6,4.919702932291422,3.8107619726926734,1.8591291528794853
388,0.9440549704891111,525,7,0.012197554082859045,0.3054837782950016,0.4765417821696952,0.9304482389379074,0.9456852264699332,6,4.940167865807894,3.586882364485225,0.22745822930007956
387,0.9438751231659783,672,7,0.012529072068139845,0.30353584533254147,0.4474373041443289,0.9112510937836479,0.9243327680682603,6,4.894757547424715,3.7226295715047697,0.24036036375265843
391,0.943725478863542,475,5,0.008297529827564628,0.3669111423418632,0.45534264074802483,0.9062662065129126,0.9228491916337686,6,4.74347046438324,1.6144367020031234,0.18541662707209033
392,0.9438970371974769,516,5,0.008388527375978047,0.36697742311390485,0.4772263897036012,0.901203949142347,0.9285853901595299,6,4.935236415264212,1.6954259920739538,0.1633969561069932
389,0.9443148398235414,524,9,0.01239197138184333,0.3019249201911286,0.48262414126839337,0.9069015872255989,0.9498130348668032,5,4.971498078090185,5.57432889435343,1.9389701003713595
393,0.9441285444651853,529,5,0.008503245385731722,0.36519667414447277,0.458620841035696,0.9050079104954876,0.9243517920431469,6,4.9740158848503055,1.6334160881938034,0.15972049022696846
390,0.9445838601811737,517,7,0.011137782995559195,0.36707392672413014,0.4818833303660498,0.9077474575141606,0.9997811455831018,6,4.916748112625838,2.9569745043736395,1.7824260509636753
396,0.9445862490381172,477,5,0.011210473506872676,0.37466665973130564,0.4834930583783546,0.9342543621557328,0.9206822208867687,6,4.705506781022268,1.6186880495507012,0.31597317076995285
394,0.9439754749864762,466,9,0.01094703092856883,0.3676666072496661,0.3676084737952815,0.9005651839432721,0.922505505362307,5,4.97476934008103,1.5353283395211308,0.15277983745735346
397,0.9446844447299801,483,5,0.010857826812720836,0.36882071321383136,0.490047997235856,0.9324768518042007,0.9174265512573981,6,4.811179905665724,1.6433210541933558,0.15936953792980815
399,0.9437897139639677,451,5,0.010971350408191317,0.20009396209563649,0.48390210463337385,0.9342556709126603,0.9200817395937805,6,4.97648336464817,2.8435118952669214,0.3311460405763485
398,0.9442307998571403,472,5,0.01097470808419065,0.36965078156229797,0.4858477663923026,0.9312763462427137,0.9276830831745649,5,4.771731446598143,1.6592450013462485,0.14807364548928853
395,0.9445452732014313,524,9,0.008657134603379447,0.3693591518685304,0.47563147667095024,0.926339561201733,0.9205851285857101,5,4.876042015015126,1.6852993238551561,0.16261345087561535
400,0.9439659905251819,446,5,0.010974952663678934,0.33106069339852123,0.4836342940835705,0.9320166585438823,0.9252830122441473,5,4.745091382919725,2.694402843774094,0.3554492742468984
403,0.9446559172487431,552,5,0.010986522647788773,0.3297508259995424,0.4983806403667162,0.590303458914321,0.9073629654161698,6,4.573592950992168,2.6463037384952677,0.33265425637635
401,0.9441842980276558,554,8,0.010772863240206047,0.3318609889664106,0.48431174523814974,0.5809016388855837,0.9099759582769731,5,4.796024250024157,1.9430981753836658,0.3106043654737889
404,0.9442842991902538,553,8,0.011034557119496,0.33225408482069096,0.6030048201660092,0.6038016771375521,0.9022587397144771,5,4.5599246162107745,2.6841540177957373,0.31679504688178567
402,0.9442263634085309,488,8,0.011191232183577348,0.32472045899717794,0.4990078669272582,0.9276569182676204,0.9033400801414755,5,4.792788497154117,0.00015302411292480905,0.3136431542042622
408,0.9440061805124669,555,4,0.009667634947664601,0.3327723609038954,0.5918932927726368,0.9580324517600448,0.8762938946230325,7,4.597718346463875,2.6058983426453706,1.3447151806254312
406,0.9437642870917212,558,8,0.013983170944868149,0.3327806194504609,0.49416124544441825,0.599647094838492,0.9366986774837278,7,4.5517402232817705,2.7448280177402546,0.33150518130808043
410,0.9440832772437237,558,4,0.009730988880190054,0.3341447313969608,0.4429416910559015,0.5898300652899601,0.9742283612487674,7,4.594403030463085,1.1509747161212565,0.48113976526401736
407,0.9455301966232771,557,8,0.009672207222957648,0.33066795024730433,0.4923448299276476,0.8721855379402744,0.9804648656730961,7,4.666234920709968,2.736992169585396,0.4942696167506491
405,0.9446008890054408,993,5,0.01081154395428333,0.333632949273488,0.5855312147688284,0.8722626254190603,0.971869119310422,7,4.803918654700469,2.6623747346228255,0.3274981712179449
409,0.9440496140853266,697,8,0.016529884423101302,0.3345612985470905,0.5844595793273722,0.8762363742612295,0.7084863763739863,7,4.630342487550657,2.6668253617484163,0.48526093245365665
412,0.9447731277826819,695,4,0.009772555981167226,0.3339022636985246,0.5852060780478655,0.9663976047422091,0.978068771977602,7,4.559421638933331,2.056624849178365,0.4897723317316841
413,0.9438909883487024,695,4,0.014070579105785339,0.3919314226568497,0.4465427287127707,0.9654705974945651,0.9704105008870434,7,4.6649947614189715,0.00017882395310429272,0.4966888612372423
415,0.943746876300813,780,4,0.01634849077789507,0.335707233583851,0.5785452699421298,0.8718146162505584,0.9754313246961139,7,2.2939308290268268,1.192932478897732,0.08046676981819686
414,0.9439359497881264,704,4,0.014061046995359752,0.3932321819463495,0.5864949577669315,0.9642732268146009,0.9729395237563689,7,4.640834767975051,2.0970586592084794,0.5036571652982321
416,0.9436534384939679,695,4,0.012251699194076501,0.39416519875431033,0.5772963710761768,0.8719417677180985,0.97586122704977,7,4.638366527670598,1.2300501703880409,0.5289972116526741
417,0.9433395140962701,698,4,0.016520906410336586,0.3977346591645116,0.5842779141699767,0.8671405256959149,0.7021433574099971,7,2.0718670651212707,2.059178312454539,0.46158906491459095
419,0.9442423214738535,700,4,0.007605429106370465,0.3968228227736519,0.44678062911340316,0.8737549418602625,0.9839235035665523,6,4.6903869539702265,1.9920668636439722,0.4991437220826021
411,0.9434561631601189,992,8,0.014057421186427646,0.33282630122908374,0.5863896172152219,0.9627171060563493,0.9725361131894933,7,4.660354399948733,2.061203818123908,0.4859014056407561
420,0.944815098193709,772,4,0.006746150730402628,0.3878108146233449,0.4614564924824296,0.8853358574020228,0.9786427291355039,6,4.472804119918884,1.256518448300485,1.0407455938748738
421,0.9440345493627491,694,4,0.007719933740432349,0.396473771227213,0.6146350275615252,0.8687789398251634,0.9830229186832202,7,2.074770226666536,2.0381304559793256,0.5134020109201605
422,0.9443373873352343,717,4,0.007541115673354332,0.35499824742703584,0.6223290275923143,0.8687368600550041,0.9792918279851237,7,4.4287080470190245,1.236373811557509,0.037228457368078345
424,0.9440512442271117,682,4,0.007756293825147776,0.39184305501572175,0.6152572812942737,0.8822816055099291,0.8246752224455133,8,4.48191612508008,2.022754101588013,1.1111987083031711
425,0.9446484762046158,730,4,0.00759970931078674,0.35375339968966013,0.6145812214964272,0.8383544122642068,0.985139379705841,8,4.719377007419993,2.0926449898542607,1.1495794077137047
427,0.9419823490501752,732,4,0.033490968096904,0.35599258983733295,0.46477111193310194,0.8436165535005917,0.8213897380840394,8,4.5340896875599075,2.004098507155864,1.1530946142954577
426,0.9443271472896555,725,4,0.007682829003725467,0.3556833383028176,0.6224805065424688,0.8370302625094408,0.8285384417904794,8,4.441514873496048,0.0010146922517526064,0.0352506671630803
418,0.9419743987171932,970,8,0.016378904145890594,0.3975654440191455,0.582790456788749,0.8746519210029223,0.9854224132486746,6,4.68609608855807,0.002464206215835627,1.1455904144227624
428,0.9448208642201891,673,4,0.008810367751441598,0.3558114804573176,0.6310175920376684,0.8909316838186516,0.9909672106967348,8,4.473806572826746,0.002502464804076175,1.0214507452371961
423,0.9442390069217991,707,10,0.00956445077942693,0.3929323795518614,0.46323665623884,0.8438625279776778,0.9801647399126772,7,4.704799693505039,2.0940163555972866,0.0391453474959003
429,0.9440073295432642,878,4,0.007101026460109111,0.354514091638359,0.46768758194730015,0.8497235362558099,0.9891361776384245,7,4.513008882686903,1.3414908379489667,1.0966258274157161
431,0.9437923021532294,729,4,0.00689229911812674,0.2615192870296451,0.6496709502603335,0.8371736862708784,0.8243480859832848,6,4.4296290027067045,1.3604242775321533,1.0453867793312903
433,0.9440502465218963,630,4,0.006406815633818065,0.3197221692035469,0.46583942223760266,0.8451714620431597,0.938664834049121,6,4.525537314207937,0.0005661354869690377,1.1450895292381573
432,0.9440047173506343,791,4,0.005530638201385659,0.26124770757818283,0.46238050276075443,0.8457949683246339,0.9976880766006437,6,4.55961152769702,0.8929062951053363,1.0255600408072445
434,0.9442275781876843,785,4,0.0055831969544560215,0.2719049623905446,0.4642905457305607,0.9656376126774917,0.9413856345673094,6,4.455729848509245,1.3791298533352847,0.8780191531323874
430,0.9441731729883294,800,9,0.0077368891949642655,0.2586908027559415,0.45570839238576505,0.8327703655813257,0.9945226066844922,6,4.490705533474846,1.3366971967145123,1.109880948663399
435,0.9442790424526283,627,9,0.006718812575147293,0.2698460592897312,0.4378080485846,0.5033269611789686,0.9963251554980231,6,4.482295957234519,1.4002330494030901,0.9166754541634603
440,0.9442013717277851,788,4,0.006792151990110339,0.6859716381535295,0.6451028798183118,0.9765525819458261,0.8658407000587608,8,4.567243940763313,5.804099296669236,0.8193047901701581
443,0.9400002677940986,672,9,0.09667771858553761,0.3051303240331529,0.6425805310755293,0.6655381325462286,0.864414909797089,8,4.44060111801757,5.67360297476173,1.4190506932698372
444,0.9437600885895439,675,3,0.00889166754160276,0.30216159205873305,0.6432543780473353,0.9772061948080484,0.9637770500811624,8,1.8171148951409526,5.7722328802127025,0.8031443834896519
438,0.9447523408658617,771,9,0.006680263302818995,0.26673461116795655,0.6449637053637316,0.9694356925619633,0.9601786203954359,8,4.451470007583538,5.210207547091499,1.4528372571339443
436,0.9447227321894329,765,10,0.006827750153590562,0.31106176645068867,0.6575183952217101,0.9680588331238441,0.9430941951963708,6,4.470509546891476,1.019396444829987,0.894267463664549
439,0.9444396291600681,789,9,0.006536781133327004,0.2664264991410381,0.6430299633137049,0.6758387938533271,0.9971745562859928,8,4.536834582037983,0.00027835277156688877,0.7701022797308672
445,0.9443773132854698,766,3,0.008893267695621172,0.3136457213322155,0.6427731094645706,0.9809922578290158,0.8713815678602068,8,1.8071690561251477,0.001773751613860974,1.4043987862025364
442,0.9443459127054273,802,4,0.009376240372175196,0.29544653530125775,0.6436499363822715,0.9695562391514096,0.995497551896819,8,4.441722719661146,5.351611569486575,1.5333266359943711
441,0.943573631469359,793,9,0.005839435501520995,0.3014995165783696,0.647683209846122,0.9692013491497065,0.8769146929612781,8,4.461005754507184,5.37604778544481,0.8177811968681415
437,0.9447685149614976,772,10,0.006974049618373036,0.3150533488846052,0.6490622692762493,0.9674459959184034,0.9938325427132584,8,4.531340713893789,0.0004939226274187569,0.9303182626528617
447,0.9443135770376518,760,3,0.008705931343829612,0.3170798147835153,0.6616418156351551,0.966830733234152,0.9639274009381202,8,1.8462171857449376,3.135544594381062,1.4792041805497516
446,0.9444606237582039,679,4,0.00891541379428892,0.3035678452411652,0.6888942058934414,0.9417756305329154,0.9602790770880482,8,1.7869139434491148,5.346617706740971,1.422512033142326
448,0.9449570969015764,756,4,0.008721516929647032,0.32145314125149027,0.6628795541294119,0.8933429645333885,0.8776688505116499,9,2.5769170015455742,0.000294408557048344,1.5119066622142419
449,0.9448505198597295,747,4,0.00851424414182408,0.3156561999732387,0.6829695006075868,0.9452801116184095,0.9561197095014525,8,4.581359313567883,0.012191913510164553,2.170964270040495
451,0.943818492958758,666,4,0.00883456386018815,0.4158038607552922,0.6930134233786072,0.8931918106186771,0.9622272871198583,9,2.5720504274906397,3.009799380683215,2.73910059009166
450,0.9438245678981503,749,4,0.008943746617257125,0.4182853390519751,0.6782936454275987,0.8915144293409707,0.8884468865809889,9,2.588993834858262,0.0030313647369433093,0.7471890967035264
454,0.9445950092238682,663,4,0.008600814497560375,0.37712826630774104,0.6718747739813243,0.897284780440887,0.8874336351665871,9,2.585591706734884,3.2441749107434026,2.046340155606723
455,0.944092327557142,667,4,0.00839716945828323,0.4181840049938893,0.6784152286602138,0.9422510318217386,0.891802840771901,9,2.55516979410492,2.9968637571275565,2.4730820075064663
452,0.9442220469767623,752,4,0.008397930246591747,0.4157824082070323,0.6678392494264068,0.8927147449408283,0.8877739604551698,7,2.5216451381512424,0.005115692859594074,2.107511550427562
453,0.9445201928125859,745,4,0.008702457281174369,0.375803164450341,0.6874732906166523,0.8918670045359376,0.9600677010498561,9,2.5834457152746575,0.0007779036724655361,2.6676015144187057
456,0.9445633174725339,745,4,0.009759435435553857,0.3775555142799831,0.6788613300521784,0.8888298630703736,0.8864064216033922,9,1.624682841959328,0.009901713334942632,2.2667528154832546
457,0.9439609049420076,665,4,0.009706295686267942,0.4161899008876541,0.6830297287256175,0.8937185671563752,0.8889421459284055,9,2.593529531226392,0.013587711211180652,0.6603039518773263
458,0.9447130212615782,664,4,0.008626426563969884,0.34230871072069624,0.6229036133013801,0.8941652497320942,0.8862650283551929,9,2.578641345475692,0.005134520615151863,2.5662156478568288
459,0.944766904648582,747,4,0.009860493503223412,0.284658763258605,0.6799034836558508,0.8859839649127039,0.9614630981851889,9,2.5954007134882238,3.6345051425363506,3.018086046291286
460,0.9446140856398013,631,4,0.008206623446210756,0.32157659975296654,0.6840289948886239,0.8926537664256835,0.8779822258765014,9,2.264953816053502,0.012502934924179615,2.751510060902918
461,0.9445935930251472,623,4,0.010099026779351788,0.2863020863533018,0.6786228404641663,0.925372997985113,0.849289259637656,9,2.668911407234737,0.00011193020711341874,1.9536596909778947
462,0.9442728975903811,746,4,0.01001391254159404,0.2906291806479657,0.6845830444297007,0.9224699595221132,0.8456924287435463,9,2.6670838056021258,0.0016364303356643274,2.67602714339862
463,0.944264902381537,740,4,0.00979233605995576,0.2862476880396869,0.6291784632447649,0.921371653111583,0.8402756184368957,9,2.662649405889708,0.002124883127647988,2.2125571615368416
465,0.94416516108149,625,4,0.009879056767627644,0.2819100839295871,0.6305696028695507,0.9213270001294375,0.9733976023065357,7,1.6576366275229093,0.00020038880460629733,3.0338498697618896
464,0.9439518650648363,750,4,0.009965293244465238,0.2846062951380962,0.6226226660734301,0.9236959211404635,0.9736224054784726,9,2.6781031909991553,0.0018438722152847818,2.0846504849765712
466,0.9446927050194989,627,4,0.009857749373685686,0.2909990496589747,0.6244798673330438,0.9228497194423678,0.8531958311470077,7,2.2779742964746634,0.000300233670525582,1.7779204819117105
467,0.944444011340193,626,4,0.009861482256397623,0.28747025350120525,0.626708593798196,0.9236895776029472,0.8444279056055561,7,2.274575344026706,0.006947880914240782,1.6903124024560512
468,0.9444623791349533,625,4,0.01001113112042793,0.29141204241411917,0.6270906901761782,0.9204589867749263,0.9477932708319965,7,2.2803394143909155,0.00012536827900066897,1.836957462593435
470,0.9444833069411083,617,4,0.011873134050022124,0.3214270863123643,0.6239693250545889,0.9221940417007164,0.8521931743401979,7,4.358547595736882,0.0018492402067830194,0.6545819665364851
469,0.9445169596632581,622,4,0.012041830280236266,0.3233885592958261,0.6069460430814593,0.9287160757383485,0.9767610707997422,7,2.2710912298559385,0.0006895691587553655,1.817891877836526
471,0.9444892190750467,618,4,0.011821252135653925,0.3301975971091933,0.6025573141829842,0.9207933372163148,0.9736319666655683,7,4.326566996907371,0.001932937245477386,0.617771103301207
472,0.9446045416918988,643,4,0.012170613518467358,0.3223670967376902,0.6243619680817383,0.9384345152510026,0.8076707276547312,7,4.330493858572103,3.7667058888286697,1.597813999255431
473,0.9449882657969348,643,4,0.01238803949330631,0.33056023195652534,0.6066429254889506,0.9544710013002367,0.9767483028000512,7,4.348965436998171,0.0032835719459161456,0.6133087912843411
474,0.9447629868814497,593,4,0.01200964561356637,0.3175968448947321,0.6076867354220928,0.9471806780669545,0.9368175281889937,10,4.352909002385342,0.0445114783600521,0.6138075241490778
475,0.9445011957121301,591,4,0.012053607746929628,0.32068202480815744,0.6030913518227532,0.9470630958051027,0.938437703593139,10,4.301286854436829,0.003341716362170932,0.6527342168840206
477,0.9444186502163026,589,4,0.012367996719253229,0.3378443331842927,0.6619003475867801,0.9476560852350068,0.944591928261689,8,4.34310116046852,0.03627583074013892,0.608301527635833
476,0.9440760031795488,647,4,0.011969531519534426,0.3198135550027702,0.8034257424579142,0.9407306081072122,0.8029382606805472,8,4.338831966328274,0.0005901782032782377,0.5914229600645471
478,0.9444275878182531,646,4,0.012711988067163393,0.32007404984509913,0.6061300382538166,0.9409104066891436,0.9805742870856775,8,2.0620542429631326,3.840061833594089,9.370333351285527
481,0.9422846119854494,647,3,0.026251858496486636,0.8171519797811416,0.8020800589191991,0.9470350292038073,0.8036625840323574,10,2.067560447152547,0.03459104643429352,0.5870514875957026
479,0.9447752212938345,647,4,0.011995171431747814,0.34205894040900015,0.7038716590588008,0.5451190265049511,0.9477457274074408,10,2.0422385170772555,0.0007026429026839365,0.5947424137767134
480,0.9440837108697876,645,4,0.012315966999838278,0.23700136916625908,0.6994706437932376,0.9485186938927397,0.804648405319983,10,2.059010381067382,0.00109640426847128,0.5973741699460344
482,0.9438389020834361,591,3,0.01310094559049634,0.34201817060648615,0.7112034338319716,0.9544419163659741,0.9341889401366592,10,4.616997816716719,4.2899579516149995,0.011646935739683055
483,0.9441896768693715,646,3,0.013172008922711939,0.24338619468775455,0.7033532536356737,0.9479853002458856,0.937145549298455,10,2.0829708682017722,0.039270876956793266,0.6164702166804693
486,0.9440876416822286,642,3,0.014391284245080606,0.3404615641566367,0.705276690281628,0.8173403622746125,0.793547874096021,8,2.050240020539089,0.008405679328912789,0.9655768478125829
487,0.9442042949205762,648,3,0.013172024547321273,0.34528784389888983,0.7001446639160682,0.8584831183475032,0.7447366139934543,8,2.070028292899386,0.006042017292817658,0.010046167382483215
488,0.9445001531310526,569,3,0.01332447626091038,0.34325208370626853,0.6985306435862567,0.860873403222885,0.7689929877000499,8,2.061229397343124,0.0008202149907058184,0.40753625799355914
484,0.9428346825626571,645,4,0.025758816837700965,0.34282926010963294,0.6635357133576073,0.9494517408672818,0.7139579036189363,8,2.071320304307341,0.004254279517405944,0.41953485561028614
490,0.9443849526182906,572,3,0.01346759715366987,0.24308262950075638,0.7000407215665267,0.8657123824367526,0.7177001843963778,8,2.468434482392534,0.0009791960068582393,0.009493444095424018
489,0.9447277875074909,572,6,0.01416896043746464,0.34561078093811726,0.6975460750429195,0.9562829342176837,0.7164830486018504,8,2.128156336205418,0.0011269900810619447,0.40079737550056205
485,0.9439366897180405,646,6,0.013097464708597784,0.3420461286144176,0.7033923879243389,0.9530690480738792,0.7971000655977805,8,2.150303304068505,0.0014918867267656635,0.4236130209510977
494,0.9439525872531304,573,4,0.014891371936517218,0.3601910381161203,0.6611555741608269,0.8637424047906853,0.7187090320080192,8,2.469921853531552,0.00030645427503728093,0.43161526270943384
491,0.9442445172602273,576,6,0.013694980774922596,0.3437945953623333,0.7078672173501132,0.8562276688294235,0.738104539982723,8,2.491424567985902,0.0068754097285979405,0.9798751303177461
495,0.9441772013796802,575,4,0.007836187588945385,0.3639802911895825,0.6536578665684565,0.8619433655051814,0.7188424178708949,8,2.5127097231789173,0.003349865936449304,0.4124083588615259
492,0.9444119240550964,604,6,0.01319461390457121,0.3640954972911,0.655731441132088,0.864271856221443,0.7422672746314369,8,2.4659626072855283,0.01763229728873093,0.4173446049487386
493,0.9425681209848236,609,6,0.014732274177830565,0.7498575756690968,0.6584394622628315,0.8608378366902917,0.7214959240307937,8,2.504246012696541,0.006713911170205687,0.427733523436689
496,0.9443015534374567,602,6,0.01446494834288226,0.3645207491197484,0.6572444778341272,0.6339994449081549,0.7170008054057215,8,2.4638233432247345,2.953223859324831,0.4223727514903343
497,0.9442468695903061,773,4,0.007447140654512645,0.36551766222229193,0.781727654345357,0.9845514193427268,0.7374431962832075,8,2.4635834093743396,0.009833198855649598,1.249117264629308
498,0.9435740301339953,607,6,0.015168402043773134,0.3660801421093997,0.6591981755883356,0.9866429923433956,0.9068031021224882,8,4.607488979851613,0.025241685595363276,0.7886288485233719
501,0.943873883339832,599,4,0.00783523994418338,0.36966131789391254,0.6609008328078644,0.9071970355571326,0.9018297946415741,7,0.5701969047732769,2.929767918997152,1.284143453530226
502,0.9430434440299793,603,4,0.007243677035619114,0.90462023029352,0.6360508985498683,0.7513931350523104,0.9084172951076349,7,4.626282470478916,2.5675093821512376,1.2468575898312355
503,0.9442064437438382,603,4,0.011149290002554126,0.6150616619863316,0.636760875871025,0.9871806879390613,0.9555083084015316,7,4.574448773446099,0.011032493550260664,1.352547802966705
499,0.9446018261804235,825,4,0.007529447295097314,0.3655634732023408,0.6567938057150805,0.9878588964062625,0.9062373077642382,8,4.5780067076349695,0.025971481438972807,1.2392463439858936
504,0.9442194295660089,770,4,0.010820733598359883,0.30053304562429467,0.6036641436377281,0.9024777175055463,0.9105033268459722,7,0.5959591231683792,0.00037277157542878187,1.2129885554450375
500,0.9450764823493947,819,4,0.007391959523004862,0.36439548637791497,0.6606139104751432,0.9026783089053467,0.9032807244483916,7,4.621973272295315,0.0013639846000400367,1.2720890470911221
506,0.9446670005430814,765,4,0.010597217010259159,0.3039203653686009,0.6359546251101329,0.7523701880809139,0.7658868550094298,7,4.642728505299419,0.0028130207365258545,1.3066505960851145
505,0.9439370894263014,769,4,0.010663418896346866,0.8569956492727457,0.7704583317516807,0.7558667534766685,0.9119582588905879,7,4.6269295006190765,4.290863545279683,1.3378152591226598
508,0.9448810698856394,716,4,0.010581301438912213,0.30633661107161353,0.6062389765745029,0.9048660317553479,0.9594036875579595,7,0.5857848834748287,4.294063322466756,0.7708240610114664
507,0.9445435720931664,717,4,0.010684545271606536,0.3027320615551573,0.6120086047991067,0.9010463415982339,0.9130349225361097,7,4.61096315711109,2.685801868665419,0.888997723216074
510,0.9442518497673855,771,4,0.010727379340274706,0.3057149416797318,0.29654019434183665,0.9017715642275809,0.9589916973977874,7,1.8638189538555536,0.0004142677695215253,0.791620113738876
509,0.944573159897101,717,4,0.010538165365323595,0.3060381008726498,0.5996284820150489,0.7529737369055245,0.9580316557497324,7,1.7339119523148137,0.0023810229745379213,0.7782584560633222
511,0.9434870554949315,714,4,0.00503505724504621,0.3200531799506235,0.6153075832871923,0.8823227903853187,0.9996559621918372,7,4.246179131465727,4.430396779206446,0.003119420281415981
513,0.9443492387373535,713,4,0.010484533943597062,0.3121501188402682,0.6148126060129753,0.9340517451163409,0.9560126272597064,7,1.86847892690049,0.0026231648326477865,0.8568417935242836
512,0.9443053845837387,717,4,0.010735160164137881,0.3042086706075613,0.7573897323892526,0.9001097946626041,0.9972408921756599,7,1.7295763432051563,0.002824092661501619,0.06474701727672663
516,0.9439693676947185,730,4,0.007270350110314019,0.386598837431098,0.3811278362204138,0.8765750971643766,0.9989052900287236,7,4.718472059476278,0.00039996744307957497,0.7749530623616337
514,0.9444504317193616,809,4,0.006228371786497501,0.38292285390581665,0.6397324693697773,0.8804426559963991,0.9994151867014055,7,0.16476310109071735,4.732925867296842,0.8240128858498987
515,0.9442149148455468,883,4,0.006153662297894899,0.38714931184554446,0.6134903278869254,0.8806029739798755,0.9967820507153635,7,4.736578759724819,0.0026328905395337472,0.022131305155629773
520,0.9438770643079245,731,4,0.006888254173092284,0.3205166684640336,0.23672750690093441,0.8780908286140144,0.9682651197850074,7,0.7347018798264592,0.0013403510224131903,0.9917640486988983
517,0.9443325000407535,809,4,0.006467141101638006,0.3084213660339188,0.43918886454707456,0.8806758205192479,0.9978784990767562,7,0.7821880336168291,0.002463720514994266,0.7955715220132347
521,0.9422911429888364,820,4,0.006148769706268182,0.3287163972090998,0.2208456562565842,0.8875784305375296,0.21850642679889687,7,3.7597427777980448,4.442986167231678,0.9815734607077016
518,0.9447469192355331,815,4,0.00598692805888798,0.3106157238268821,0.6777578525053339,0.8840181000911078,0.9994161040574344,7,1.1870138189421815,0.002846200349924955,0.7044298816475273
519,0.9440578555896006,858,4,0.007175073284507003,0.317583000438277,0.6372575956073934,0.8815317926762236,0.9981274764108332,7,3.4846884588200404,6.793101219638219,0.021955507046468828
522,0.9443172745999717,684,4,0.008115231889550831,0.38545092775458567,0.5609117506110237,0.8808098595697069,0.9710308714747583,7,0.8907859971735177,0.0012931629730903139,0.7798870924796009
524,0.9442614406783996,681,4,0.008025452383004244,0.32778444417769703,0.6729791657411025,0.8773127643374223,0.9820246873033083,7,2.7863353862699984,0.004174995063722179,1.0220775521646892
528,0.9431193405928285,418,4,0.008062202403965437,0.329520947810117,0.4978921563760719,0.9099680386992768,0.9323476697038052,7,0.9448372315838912,6.652222948921824,0.9820937262116596
523,0.9442924112850646,807,4,0.006975125600855664,0.38472498018445356,0.6726879310400481,0.8816801145578742,0.9694964731940255,7,4.720073687176182,3.7205536245053255,0.9771577561947254
529,0.9440317409686753,414,4,0.007845310110874618,0.33189831759582933,0.5234630478084594,0.897153803715134,0.9789902628213243,7,0.1890674042652467,0.0012923300448885943,0.3379641782926565
525,0.9441611827841248,689,4,0.008233635503460013,0.330213690840827,0.6717622828360676,0.8789444993859251,0.9684108938878494,7,0.7489738843617895,8.298688853965539,0.0006201431346848055
526,0.9451846978820242,847,4,0.008007049275318173,0.31845635277009393,0.6737996397296864,0.9037133841587244,0.9697141275952403,7,0.2750073580541361,3.48873031878646,1.598398329651823
531,0.9439718807430015,685,4,0.01796521727287726,0.33197866010207916,0.5191642763595116,0.9117712091347858,0.9348080160211656,7,2.817535076491943,0.004884713992467556,0.33518770083349986
530,0.9443159512838493,870,4,0.007937118576228166,0.3304347855582486,0.6655736657220924,0.9131126088523005,0.46290039117459836,7,1.0600467131712097,0.004592413499779567,1.633677695233764
534,0.9437299309665219,735,4,0.01798586071051206,0.35370359215473324,0.5236720646362005,0.9129247641108291,0.8731554232376476,7,0.17175188471756492,0.0001981726412032394,1.631554699965863
536,0.9448515243485053,703,4,0.008988645514232741,0.3489655745037932,0.5918383215846191,0.9129069177409906,0.9492589621828391,7,1.1092752203259961,3.350595721664226,1.554834426516568
532,0.9439318243396781,703,8,0.011705550974934933,0.3310392307008213,0.4135619275225446,0.9316432233554394,0.9380901732903265,7,0.23938431019393747,0.00476015793405457,1.6267456704092425
527,0.9439046473088061,849,8,0.00798627147623676,0.3310066674339437,0.6379940044434527,0.9093330136571224,0.972440997304734,7,1.1514211217222592,0.00022422814586138952,4.930687785575772
538,0.9437476569320904,858,4,0.008924649761065457,0.27434802979432116,0.688884137536505,0.9136720647403672,0.5060890540973897,7,0.3288078851791109,0.003625593056819223,1.6823080185702446
533,0.9442460273851714,751,8,0.009363940143024274,0.3529509871444672,0.4938471724740853,0.909962788641682,0.9344100056709321,7,2.3582810768992015,3.602947129867395,0.0066505148371106765
535,0.9439888427752878,688,8,0.0116075088867384,0.35098371906133785,0.520414737735012,0.9099663808849474,0.9438697418299374,7,0.16449296081551062,3.413422227383052,0.000637224999482281
537,0.9447442720814759,735,8,0.008976875918562515,0.3505378220953342,0.5930177676973856,0.9117040359160414,0.9463413316765639,7,1.4172466084015207,3.4888820301801666,1.6689906289471381
542,0.9444436450279226,894,4,0.008862340784985934,0.34903727866252393,0.6854989870594929,0.9010151590267274,0.9506338951162403,7,1.3163033110481925,4.082928734963113,1.6817564619604648
540,0.9441695015166267,858,5,0.009056698641639811,0.35022401158272803,0.6909723692553886,0.9304738684775761,0.9488421464882779,7,0.23654185644837747,0.1072333717193951,1.683735551994536
544,0.9447335785809639,901,4,0.009029219197009306,0.3483617580787348,0.6915655356611172,0.930319380389712,0.4221782149237355,7,0.35972560016030686,3.7279579101195406,1.7812606121977286
543,0.9446888102121098,849,4,0.009188210455548376,0.3472703534717796,0.6864316717982559,0.9032396121855022,0.9555632608936158,7,0.3084873446942731,3.7137302684453415,1.9376081452578306
541,0.944167978868186,702,8,0.009072563077163693,0.27464716225512154,0.6838504181447093,0.9361469461991104,0.9544495283402565,7,0.45523997386336834,3.5775121954864915,1.6187325907046939
545,0.9440938888196966,834,4,0.008960865352027413,0.3524966286167894,0.7195010076065603,0.900246498336183,0.9450353318230786,7,1.2650736673073455,3.7081946260311933,2.029780616450204
546,0.9384166257513602,835,4,0.05808840209957092,0.5751010991919075,0.6818294888192884,0.9359784057608236,0.9481468200870689,7,1.3041596582987647,0.14408258441988422,2.4034815938844067
547,0.9445174804319846,733,4,0.00884003805079363,0.34821332467573374,0.6906973596866444,0.9322643595107016,0.9565321597647378,7,0.4933335138865925,4.999146579593198,1.4157076463329707
539,0.9438654957280997,881,8,0.009198192516264924,0.27838886614025005,0.6919960771690823,0.9137295462786815,0.9569026596580402,1,4.8296103522044085,4.022377506205016,1.6416854424591547
549,0.9297102289393248,707,4,0.20458308262668748,0.3037367203237903,0.7280526305142435,0.9331799517800629,0.9820258596061875,7,0.46362671005153955,5.036994516065213,3.3672424211853786
548,0.9442084224562738,846,4,0.008628153120061249,0.2969872088635043,0.719580918994943,0.9283514707575465,0.9574400463492526,7,0.4841628659090684,4.147408473657782,2.0957791015546565
550,0.944477068152638,708,4,0.007191726076262313,0.30302648985284725,0.7268066607893465,0.9319079243063315,0.9602245202928018,7,0.5803973837821375,5.185421610403748,2.41336252716432
553,0.9448968849743778,782,4,0.007267083998271193,0.2948736587286995,0.6514319523573603,0.931269748553394,0.9833162843584178,7,4.437760055199353,4.9301354742036345,1.202694230788683
551,0.9386400918907375,840,4,0.06528575836957069,0.29500032343230687,0.7163302151613639,0.935404182073315,0.9821975098297655,7,0.5347523986637581,4.961004047440506,1.2596688197173371
552,0.9440735350071279,709,4,0.008279901183916997,0.6566372384427549,0.7311122529003277,0.9375269717294012,0.9832339964377328,7,0.4134583462051955,5.0717169640852955,2.2036686229610476
556,0.9323051177497748,842,4,0.17074863960191372,0.2899329904395369,0.6509356342642127,0.5683923419946422,0.9242998916315357,7,0.00038209989080345563,5.5129906745075195,1.205430462145231
555,0.9449805513231355,788,4,0.00826883498171825,0.31562830808805536,0.6518345945261126,0.9600921438916501,0.9210379487498528,7,0.7007439869813727,5.078049446028293,1.3264055579191132
559,0.9384082355305662,104,4,0.007181998280062872,0.2995391662628309,0.654688083073734,0.9554540939947588,0.92249617187895,8,0.1077228699487579,2.694705121512548,1.1866100458650752
554,0.944529761807481,846,4,0.007280620770417848,0.29543893731599147,0.6535563390750105,0.9295064890541983,0.9223728129339918,7,0.024545764915290924,5.255301073941836,1.2052519028012525
557,0.9440022491782134,786,4,0.0073646962637751905,0.2969555216161406,0.6494665595456206,0.9601172922576472,0.8643426121681392,7,0.5604610880205845,5.359231575551407,1.1804757332048847
558,0.9438098924475866,752,4,0.007356208560095163,0.29933714041801374,0.6612304131003705,0.9555679417374614,0.9247929902795144,8,0.5256806163485505,6.3551513780106434,1.1500282592315865
560,0.9449728869433219,755,4,0.007670288603242089,0.22146674528960436,0.6487996936027958,0.964577062448279,0.8676593420721478,8,4.458848316109644,2.7089782179128785,1.1802228885978445
566,0.9434376033384135,793,3,0.007836273958712699,0.255285219616069,0.6686198016673957,0.9629929501820691,0.8985986576789547,7,1.0558463512724265,9.24407099522599,1.3556631705414672
562,0.9439872272442488,818,4,0.007694605877136436,0.29105287853199435,0.6499988499002014,0.9622871787591948,0.8973756991083223,7,4.410085834693658,7.0780564444433915,1.218736374584531
563,0.944568830941836,813,4,0.011632201894825882,0.31472103711100863,0.6491902898445466,0.9581851589902357,0.8682651763792559,4,4.416879531205406,9.734765061448245,1.0080284279217642
561,0.9441318684098622,820,4,0.0073050489518472,0.2937779733711868,0.6456880256839241,0.9531736729110054,0.9300924962898365,7,0.07156866252964633,8.663460427112595,1.176202353413233
564,0.944842013274781,819,4,0.007921221305078949,0.31406900067285004,0.6605403569601049,0.961897466132941,0.8670875357465069,7,4.232849721189471,2.638422285289528,1.1692337793549137
565,0.9441636112988071,779,4,0.007256217281466983,0.31128581734849725,0.6657989249705215,0.9616040095763739,0.9212389034733613,7,0.9941168467143093,9.639660037946841,1.342294907643918
567,0.944052855583652,830,5,0.007429844208152595,0.3152525201201079,0.6665986174147749,0.9603350426604242,0.8761208909419725,7,0.7247574417185465,9.146617195984778,0.5518465550483397
568,0.9445366152909012,820,5,0.007996680196197986,0.258080251053639,0.6629565165554103,0.9615670748297229,0.902702799543512,7,0.654944358581,0.00010041401871951658,0.564258836566114
569,0.9441987313572884,811,5,0.012220184468038181,0.27277314526323265,0.6650914987054751,0.983348301880487,0.9077612001134739,7,0.976804316007917,6.865013895745412,0.5374390791614291
570,0.9436037181259014,788,5,0.007776804353692856,0.20093895495297476,0.6718083206160872,0.9840260791192779,0.8682610484429075,7,0.3132893200857215,6.705026631843029,1.466853587660011
574,0.9442524383717176,793,5,0.007972745390933799,0.23173945079148695,0.6688479682720839,0.9816410890899071,0.8722863078850287,7,4.227685739373982,6.507297282322735,1.4738060613299881
573,0.9439414413413099,790,5,0.006541638773658942,0.23242832886203887,0.6696207185584401,0.9781636164265205,0.8579156455605736,7,0.6638044143608777,7.149012686021889,0.6941598032103125
576,0.9450198417059272,798,5,0.007924720306077418,0.21738612743031338,0.6713201510298461,0.9892644124756086,0.8707671814408872,7,4.120635189195275,0.00014377224465345344,1.486350720014338
575,0.9435634613466352,795,5,0.006570968071400897,0.2512577702014125,0.667319623274832,0.9805024458126507,0.8689520011915175,7,0.6784891033425827,6.940924871839722,3.3251417529948313
571,0.9439142215218247,821,5,0.007939718076346228,0.21716093704416867,0.6620484025415811,0.9730713301438952,0.8647068485618947,7,0.27648597113869977,7.70902053818043,1.3763719611006533
572,0.9439230902445448,797,5,0.008287141661475667,0.22813815157237877,0.6671019325235407,0.9816704034266588,0.8798538649827643,3,0.8670529232033372,0.00014964389352799276,1.503468664629161
577,0.9441483075861727,800,4,0.0080171550503828,0.2188606687187703,0.6717938136293634,0.9756050368309646,0.856501469305388,7,0.6379622283949158,6.274841847062239,1.4388880165136129
578,0.9434649859633522,782,4,0.0064729139516505356,0.23282712520265464,0.675302242475638,0.9806381118139004,0.8635131736899551,7,0.6408330749259648,6.596547496862982,1.4637716732553836
579,0.9439828440204991,786,4,0.00816236432531495,0.2028024173687779,0.6343033566743089,0.6197830977624185,0.8537357079544815,7,4.099067521783909,3.0202206475365814,1.5433619106112033
586,0.943728850814955,759,3,0.008045660743355656,0.24169802752166122,0.6339075053090315,0.5268722605609513,0.832371418716278,7,4.05240218083024,0.00022750130125311175,0.0008268533855316861
580,0.943683528281384,763,4,0.006307523958849511,0.22722397226805988,0.6405168999828692,0.466101396270464,0.8630313793827867,7,3.965845631377464,2.8828640912248398,2.0943190738873336
581,0.944344301348887,754,4,0.006790290255745878,0.23625742196918176,0.6302112530269302,0.9413487590550969,0.8608500476143807,7,4.042692355515625,2.951771639657648,2.0217525419299034
582,0.944348799371354,752,4,0.00857905463439455,0.2537066362213902,0.6384026960114411,0.94227456293733,0.8322779952586553,7,4.114104065575477,0.05809336358380271,1.9159154477200122
588,0.9435640562127157,767,3,0.006750773314831005,0.21103715419379862,0.6431388314327576,0.9453514448743136,0.8301249577585634,7,3.941627945859602,0.00012681013333976348,2.137665931008399
583,0.9447612137630804,804,5,0.007859214297006239,0.2264569891042303,0.634755805062706,0.7153451215185935,0.8538583714857106,7,4.137382699008549,0.0001389418316236365,3.2589428434757264
584,0.9440333491943417,761,5,0.008251018128708675,0.2208310506162571,0.6343099576676552,0.9210928967533234,0.8834428887007546,7,4.09802004835421,0.00012777684583001819,2.3068950931068426
589,0.9439858580086392,765,3,0.006867200430921081,0.22182984747386728,0.6426562661634603,0.9461986956177506,0.8856613924436586,7,4.267299756575439,0.00048743179240950393,1.9122810121189144
585,0.9445281452328173,771,5,0.006880134546780361,0.21866710870600756,0.6402600297987747,0.9186339168511453,0.832972950475471,7,0.876144402554416,0.0001572904396145231,2.0710308836587417
587,0.9441454939739753,759,5,0.006691623012545419,0.21148617974548262,0.6354552904713617,0.9425935161312251,0.846058210198927,7,4.15348687380673,0.00011759194858741797,1.8704998504184582
596,0.9409295362760085,140,4,0.0072315405634310916,0.20803120541220604,0.6549455103369223,0.6497106723011923,0.884444940035551,7,4.243398023193445,0.0005495423645239355,0.9412511162299283
590,0.944589828670846,750,5,0.00720054316601929,0.22070924517968377,0.6489168666064234,0.45955254901834786,0.881837187994112,7,4.085953406038197,0.0005899846995194853,2.1575954497378285
592,0.9439533929314005,769,5,0.007145528096950767,0.24943538138954618,0.6434276871510652,0.6473526905235634,0.8908782743553596,7,4.1164327012300514,4.817968987108583,2.580088751962711
591,0.944849473104153,756,5,0.006810522111046464,0.21209198992072822,0.6484510316732353,0.9173849195757,0.8330905759589025,7,4.109341541222555,0.0003618338171933374,2.3058230223716594
593,0.9447680463740064,769,5,0.007112268506210625,0.20754566725177565,0.6493958233417955,0.9209342953684359,0.8893578151514104,7,4.345524734599547,0.00014313968189743432,0.004934832488144779
595,0.9445682778207438,777,4,0.007324008441734054,0.20432747795766737,0.6495482521877501,0.9123845006055409,0.889633092957991,7,4.375983981348967,0.0006018874988812845,0.7726781446075317
599,0.9421910645980105,737,4,0.023911794037664195,0.26848239246373734,0.6829620508065797,0.9207766521359058,0.889320202128468,7,1.4797453594791559,0.0003098395050266814,0.9056589341337404
594,0.9452464668972785,770,5,0.007456635451395024,0.27859258703686046,0.6503511381460669,0.9210523039824114,0.8841223759576794,7,4.299869102437939,0.00048807573201934323,0.9488417519586659
597,0.9441801965825757,822,4,0.007319807165047357,0.24580998471659643,0.6519937273954048,0.9188954914413402,0.8952002756151379,7,4.267494576988527,0.00015802156306156886,4.1818465261572255
598,0.944722525551742,736,4,0.009558788358021325,0.27533099392547894,0.6794738305454571,0.9182173080494438,0.8922544872397756,7,4.249018040765315,4.522873705600581,0.9198817595786438
600,0.9446192369713318,826,4,0.009441841349074642,0.27447746215945673,0.687320040940227,0.9153398142820787,0.8919151083266175,9,3.6512001095207802,4.685561839934094,0.7666333111563534
601,0.9442972171768187,733,4,0.007533695109547778,0.28061173623142543,0.6872077718776253,0.9974880833992728,0.8967495568049392,7,4.403525308632269,4.257065547874233,0.0005014221902842641
602,0.9431412076612155,831,4,0.015667711094352613,0.2720330916389561,0.6830406959884552,0.9245319800924173,0.8987583173818615,9,4.425073904615899,0.0003776350071492136,0.7504662526725999
604,0.9441704579986663,740,5,0.01587023244140877,0.2672927705706082,0.6811505970013861,0.9076302968778212,0.8194299954371231,9,3.884631939258552,0.00016290064397687744,2.7775214313544248
603,0.9443461402156125,740,5,0.009356671622696601,0.241946202168428,0.678570737927336,0.9222140221004841,0.8152889022146458,9,4.52133932330613,0.00032817739592216986,4.54017082350757
605,0.9440859437048381,738,5,0.005410211475490456,0.2443572768661199,0.6787455179209156,0.9201757941601034,0.8375732649776916,9,3.881271183881424,0.00024736537568778377,4.2208834982569226
606,0.9436624481060225,737,5,0.005421830379383152,0.24061620385872406,0.6845640729320128,0.8999623199832506,0.8227475154736549,9,4.769467491415554,4.180137094678647,2.993960865033675
608,0.9440400920535431,740,5,0.005429185175675397,0.21670242796034128,0.6211783454684554,0.8943063654121034,0.8192421344309703,7,1.1725467723300151,0.00035741769542613693,6.855314500802575
607,0.9436326369664018,796,5,0.006234021179032698,0.25456379571234405,0.6297656745738132,0.8995243308695804,0.8438062299162452,7,4.517780900345323,0.00022188863462475197,3.91796675647136
610,0.9441313695572546,731,5,0.005811507308710294,0.23894304743218822,0.6253460204660485,0.8976177806758272,0.9058072894374813,7,4.826701842875249,0.00023265952342284207,1.0659061503003737
609,0.9446382173737924,780,5,0.0066722698612845755,0.2553950785843539,0.6239185003677861,0.8986088349187211,0.845662708588093,7,4.534752909693008,0.0003071562544709696,2.62667796258179
611,0.9437156009557348,738,5,0.005752018229256375,0.23219939196005412,0.6188379871974672,0.9095084190585329,0.9104585998423718,7,4.8542965099921895,0.0003380421403078192,3.7313262749840206
612,0.9442129643109782,783,5,0.006031235876145867,0.20007183456493258,0.6138703075013733,0.899597577296838,0.9219274077489684,7,4.663648754446264,0.00030393096895857575,0.00035437420544373626
613,0.9440459645297429,783,5,0.005934121042610201,0.24752253072738167,0.6213417852881539,0.895021582665769,0.848648606499422,7,1.141856456500391,0.0002513431082634334,2.878211859632137
615,0.9441478483913037,781,5,0.00842888293258671,0.2570600468201437,0.6206482071167838,0.8956881885089429,0.9136298889056417,7,4.701980601280243,0.00025136226414514075,1.6710249104287673
614,0.9443427995729404,786,5,0.006733562431056374,0.24252456954677376,0.6199416295109579,0.8976518421387905,0.9141337815532022,7,4.847750171336432,0.00025886828511129275,1.082528232968027
619,0.9439143478004137,782,5,0.005932822189006098,0.20294269291381611,0.620305231860725,0.20225566747633095,0.9107054809902956,7,2.7421208148914396,0.00020087332898993673,1.6614955381951169
622,0.9418620076421298,220,5,0.008589129336611653,0.28560229181744456,0.6608635287584228,0.935935946693901,0.8777756614513883,7,2.711630307440734,0.00044270352250601753,1.0034061478165854
616,0.9444480386879193,781,5,0.00832931892232395,0.20083715479351089,0.6227749353265422,0.9045616220039637,0.8495285374710813,7,1.1851453557435319,0.0003619210188253105,1.0669977568626312
617,0.9447358046324539,781,5,0.006174523269525554,0.26417215633054386,0.6233357507540795,0.8950750216092387,0.8457108772161337,7,4.85861405836333,0.00026092187824697623,0.000385106287022759
618,0.9444657114286276,781,5,0.006214436949478081,0.22716409031829496,0.620900091052787,0.9001485740211487,0.9113026233518062,7,4.799873147235126,0.0002901399885945196,1.0088373752961426
620,0.9444957939106711,778,5,0.006069148185765402,0.318414547219264,0.614975140140684,0.9391612035359976,0.913759643729071,7,1.559282258313107,0.0004660861070087515,1.6187659300822212
621,0.944514187796049,784,5,0.008590309160329965,0.28171736671152764,0.6532210616003946,0.938101786697169,0.9192578437202827,7,4.710786098282413,0.00043084571354235553,1.6131441556971833
625,0.9293738921793333,754,5,0.15161949958652424,0.2826380938123665,0.6558783136771505,0.9363138151461499,0.873506305551102,7,4.562182834109865,0.00018935052062661525,1.4565241282891526
630,0.9417595299581134,759,3,0.038950129040645494,0.32613135610172495,0.595177951800613,0.9416597486082534,0.8739235830591937,7,4.619419821741229,0.0007501464810791129,1.3465492870960403
624,0.9446139812773311,718,5,0.008438235255136936,0.3209255350578498,0.5500177061352495,0.9374753440656028,0.8755391081271864,7,2.746281944131543,3.2599024693197904,0.9820966103644242
623,0.9446198328810368,758,5,0.00818939925329071,0.2880950103774347,0.6604773713838936,0.9400076936694632,0.8728800954022233,7,1.567886865048669,0.000783395010920831,1.4479370768259667
629,0.9443761037244398,721,4,0.00965897032866485,0.3195282801259937,0.6594213911619294,0.9395912630203996,0.8739588878040978,7,4.426825128640229,0.0008060383423483484,0.04854127801679063
627,0.9445777727182852,718,5,0.008561914748732892,0.3165162895432022,0.6536773448889991,0.9462701966454005,0.8728474013996091,7,4.583802335845426,0.0007286029448698283,0.7379612068076101
626,0.9447516092849453,756,5,0.008777060491190671,0.2821528314893995,0.5507518646617905,0.9440064086474618,0.8774411971377193,7,1.5885900993335718,0.0003782443703130376,1.3026933740529256
628,0.9442593586471183,756,5,0.007705963087099225,0.32315446855873037,0.5467393118058776,0.9374679705401002,0.8759630681501619,7,0.3857216929149523,0.0006159104845306499,1.4337304121027468
631,0.9407648429053651,724,3,0.041825136320559536,0.9488205080927948,0.6569658423981727,0.9403656119656514,0.8699936371215277,8,4.616796635890934,0.0007690177294078,1.3331292222914928
632,0.943823814401115,754,3,0.00773105851238432,0.3380629035512798,0.5969820981372554,0.6897888185685266,0.8659632594813721,8,4.424782315513421,0.0008511229477729371,1.335900249209891
633,0.9444939195607057,752,3,0.009650476583484325,0.3277496012334758,0.5943519191474631,0.9518697473175075,0.9344748852235453,8,4.46363178432374,0.0006439178473025686,0.7624039745134621
634,0.944859523210036,720,4,0.007476123690749057,0.3147022126959526,0.5986551485562882,0.9614155918556014,0.9359657271465143,8,0.3909814849366331,0.0007947975400632889,0.7875052683155723
637,0.9451355191551782,726,4,0.009981997218893512,0.3372380607751221,0.6432071030196129,0.9572325904926089,0.9295967362472702,8,0.3999624571254984,0.0005053374431563335,2.367627789663224
636,0.944638842504989,803,4,0.0075389767965296645,0.33070390675209776,0.7003904857244921,0.8232433807736751,0.9294885071998011,8,4.371452497294134,3.2562017718838856,0.7162415232515104
640,0.9442120542702378,718,4,0.010092350990806277,0.33825906228968244,0.7065971152733027,0.806903820997154,0.9349859517127058,8,4.353414258008688,0.0010214553202285107,0.6580817807054516
638,0.9449318359656574,799,4,0.009576433439673591,0.33440020209114896,0.6986196101625608,0.9594554228082465,0.934494426247055,8,0.41563989321056294,3.3509055717158316,0.6784156018969573
639,0.9441641404165312,807,4,0.0074477629685998,0.3381368909203812,0.7058697055690056,0.9646126207943021,0.9274666559905596,8,4.340083629057229,0.0005467159883703271,0.7158498750500938
642,0.9450424852310928,723,4,0.009897341766531039,0.30517426516035945,0.7051179103668417,0.9609966134518112,0.9243277830642718,8,3.3583684114505306,3.7015249722602097,0.7821492490959047
635,0.9448506690980617,924,4,0.007549250210803384,0.33355817739932986,0.7062900908823124,0.9532682971353212,0.9284161233746079,8,0.8013708359018522,3.4361162970846,0.7561169713108101
641,0.9443224269751271,803,4,0.00753613333907529,0.30091458265107396,0.702059109756099,0.9620589926818242,0.9260883225963096,8,4.321107446812042,3.4384263074822194,0.7079149937096234
644,0.9444401050529322,805,4,0.009854435349399044,0.31139704803867707,0.5854169683673616,0.965675823979439,0.935970745343859,8,0.6341867113999323,0.0009757842341998025,0.711507279921663
643,0.9447641964424797,802,4,0.010197417472502792,0.3029226715761919,0.699723330810484,0.921074550042474,0.9308878166718557,8,0.7773203219786001,2.9754260094725336,2.3501531006407714
645,0.9439179796143777,697,4,0.010335898459819514,0.3374644963821818,0.5726006493284396,0.8192991814030661,0.9237878408201041,8,0.41904577687199307,0.000514525650871875,0.6134126258097773
646,0.9447600282054186,704,4,0.010377811694501504,0.3014975529443409,0.5753560498632889,0.9978294817697337,0.926517062253395,8,0.349758958493007,0.0010992875315913838,0.699943222904583
647,0.9436855769166745,920,4,0.010140831784780804,0.29694662517252673,0.6014676464494518,0.9967513047505544,0.9247552969881253,8,0.42077423551832105,0.0004611942934312608,0.6733298699300571
648,0.9443578945606343,807,4,0.010137747994435849,0.3053170729061754,0.7021205648151363,0.9695073709822869,0.8967106641224787,8,0.46160538480696184,0.000991576613829145,0.5655697241402178
649,0.9448338260389916,873,4,0.010015110199762147,0.30328072090267477,0.504924460149559,0.9960581767343487,0.9006236847934265,8,0.4044451839394816,0.0004520605836716219,0.5754550659312186
650,0.9445544310081939,807,4,0.010347452693888422,0.3073339302201423,0.7123765908537871,0.9929715728373759,0.9003361897881685,8,3.2689294674994276,3.8316236256054608,0.5973886310500902
651,0.9444554233763125,869,4,0.010048119519563317,0.2994581208002241,0.6976679761377678,0.9852853640700582,0.9033345757694392,8,0.24142430913486668,2.455375839547761,0.5371614382790827
654,0.9425458375101803,439,4,0.011443731112019406,0.9994863206687754,0.735974627653832,0.975638256912306,0.912702123375052,8,0.3523353332928304,2.4223731671973616,0.5469367445657541
652,0.9445485501829965,871,4,0.010330204815033387,0.3098987100138417,0.7146160074926303,0.9942360427496624,0.8987969113903717,8,3.334871614332626,2.585696495438652,0.5002170916008055
658,0.9442750276283987,433,4,0.011290413717436748,0.3623555172929502,0.7308005188251367,0.9857975489090559,0.9005055263964243,8,3.274634871333877,2.4744064046016105,0.8899941997271302
653,0.9446843017533959,832,4,0.010203582660615716,0.30404746010472466,0.7507549842090744,0.9796577913386602,0.9073776187023117,8,0.3421800320075501,4.302221872423968,0.5219037009171608
655,0.9444759441688335,814,4,0.011479518305518622,0.2960392257719432,0.7564756695487537,0.9938034915849903,0.9029079817373626,8,3.3248047305693262,4.417004856339601,0.94397047631628
656,0.9443333547693846,865,4,0.01141191704655156,0.29883086227513533,0.7304331007090653,0.9835577101299429,0.899611863572353,8,0.22920221524283366,3.971118241238044,0.9533101416848221
660,0.9446062448874131,724,4,0.011565367043414567,0.3356983373046232,0.6760622373915938,0.9701571235640791,0.904192060871926,8,0.20469869991873396,4.451310206175451,1.0142168075821631
659,0.9446738655063731,817,4,0.011480723539386657,0.36385153671368753,0.6907162313806291,0.9776770983205096,0.8976335209894776,8,0.25065113356447644,4.0916902202451215,0.8934476787144539
657,0.9442029402957127,862,4,0.011280442963568773,0.3091198742458432,0.7457570437025991,0.9727690340865098,0.9148616788744377,8,0.25263065902928494,2.4706870694803205,0.532716155913785
661,0.9447698205360003,845,4,0.011802570254084531,0.3595176805896996,0.7293182969080871,0.9709849838259286,0.9065174099752533,8,0.290804163593126,4.716833550441785,0.9235153970381048
666,0.9448101639361166,543,4,0.012238658172311047,0.33653799147161306,0.6709411810993144,0.9669763884098262,0.6261730179851593,8,3.6251102122679164,4.9979030964637845,0.9495173097036517
665,0.9442303448367702,541,4,0.011552666549073946,0.33606894824796957,0.676314326860664,0.9691383870810064,0.9440426050662886,8,0.5653868456391694,5.4771763704303655,0.9234747941579683
662,0.9446160841811062,861,4,0.011508223891295178,0.34039071314204056,0.7480733114026605,0.9614419088498787,0.8918732512948605,8,3.607178644564252,4.550498092143371,0.0002871045753064178
663,0.9441349064013705,848,4,0.012117436345031915,0.3386355067878061,0.7461763486413175,0.9711927284227937,0.9044009267535907,8,0.2450013653841916,4.423186321044151,0.9291778428108837
664,0.9438923544534379,851,4,0.011682783182333775,0.5249533843959899,0.6716895162329733,0.9654788658680158,0.9109517422494783,8,0.2594292355991644,4.669469126754093,0.8802645573372705
667,0.9444336084891607,829,4,0.009335622388377545,0.34346688316104357,0.6763245825453432,0.9630102959429957,0.6138000425960093,8,3.063199679046802,5.577295750106315,1.1640761415400587
670,0.9445189602918124,544,10,0.012191624777111061,0.2732948872100413,0.6679614230969805,0.9578735302377012,0.6344894593315129,10,3.0791566595908977,5.8273130110797045,0.00020440491219094164
668,0.9445659797591495,827,4,0.012406173360416538,0.27048653439805576,0.6697505523988436,0.9565406861984671,0.6345924051209094,8,3.7083933030182408,5.084273358829564,0.0002580606316930908
671,0.9446247191318928,544,4,0.00931328891070216,0.2706340128112474,0.6723666531247364,0.9534260633695761,0.9401443194925836,8,3.6147046899226596,1.7932364651244164,1.1535090156488113
669,0.9442479424365,840,4,0.009454454235400546,0.3394721463949573,0.6728901236711832,0.9606908686317355,0.9412410908829688,8,3.065927239893951,0.07620040210386078,0.016177837790566033
672,0.9448841788436276,768,4,0.009129180757819308,0.2674907526593989,0.6757605698928589,0.9489874386919739,0.9404735910645668,8,4.991992173043371,1.7012720231548635,0.00030243691926974296
673,0.9449638908983882,764,4,0.009185129746726466,0.27183140634733927,0.9886264774783541,0.9567367989520988,0.9362308426415743,10,2.9487608380195582,1.79327950376477,1.1999490790201361
676,0.9445954903348561,767,4,0.009068251080199813,0.2772777546528161,0.6449799285711165,0.9543895680417722,0.6561604577328828,10,3.0208697756326313,1.8447792944823598,0.0004134835955633831
674,0.9448925549754881,732,4,0.009142775935586035,0.32432266261558707,0.6395538759800885,0.9559452592550485,0.9407528371613119,8,3.735768418190589,1.8147408454046152,1.1543851367179059
675,0.944324281496223,770,4,0.009279253334721954,0.2759210536266923,0.641491918719814,0.9537915941181807,0.9374738108928222,10,2.8534764623591644,1.8024098633341505,1.260372188845397
679,0.9439576154369458,727,3,0.009278168289582833,0.3259885990397971,0.6432879301573682,0.8515696639302845,0.9504818284018505,10,0.5442164026727114,1.8108473954323507,1.1648783028657737
678,0.9443414637333214,766,3,0.009340837359406684,0.31936855431096584,0.6405584054609453,0.8676803774592163,0.9329288170602872,8,2.886431130747714,1.7082498121341807,0.00041079531494174666
680,0.9441014404880423,727,3,0.00927146893774568,0.32147794457164924,0.6388015825552747,0.865730954984733,0.9378129672188504,7,2.6141258649387353,3.0868998204239517,0.0004847923771314997
677,0.944864567048222,766,4,0.009298983906446932,0.3229600572469652,0.6399799158819401,0.9531951415212668,0.9658740351507054,10,3.7500868057504473,1.6776710215708284,1.1791404657214877
681,0.9440071761304327,766,3,0.009381299547669019,0.7823060383794178,0.6387557156867301,0.8562999413847509,0.9238477723911764,7,2.8736901224378846,3.0684444406047797,0.00037563716184412074
682,0.9439912859007158,795,3,0.008913251668628447,0.2570106247277251,0.6969056433692516,0.9468076410589825,0.9272858910826167,8,4.996460668050256,1.6105775873720622,0.00031322924177123215
683,0.9443394620611425,768,3,0.009056580509165071,0.2598074692378041,0.8478488980603005,0.9311522980474572,0.9375480742699502,10,4.997274541052165,1.6084777199573288,0.00033257426895292566
684,0.944233542502858,770,3,0.009071839518682595,0.2549864775203014,0.6980035253293866,0.9277793886213646,0.935900856929101,10,3.1936847623058537,1.7876154956807992,0.0002724609160968905
685,0.9437504569771665,743,3,0.009212830894622487,0.25964533260282213,0.6424794962412965,0.9284737181348865,0.9269601193387587,10,3.3917740862822416,1.5801796001396025,1.1557453434266258
686,0.9443759816203496,742,3,0.008287427187021815,0.3601176134460923,0.9179530981685439,0.9262963501990467,0.9220550265353842,10,0.1200910545904017,0.8940314373092892,1.1791085832282993
688,0.9440188574217256,750,4,0.008076765557624594,0.257767607574894,0.5005682223386396,0.9357409141012324,0.967348633426806,10,3.755496261203358,2.2374804755707105,1.7476494072238495
689,0.9444436377225497,796,4,0.00847579076799581,0.3719752325085679,0.6929353384084349,0.9292563632266025,0.967338497979238,10,3.5385678743137827,2.1600065849976935,1.7882396634311923
687,0.9446856824688771,747,4,0.008702226990222965,0.37037444849332035,0.9697659068951843,0.9282938549426413,0.9221769773900402,10,2.918187449779463,2.3897986843604375,1.108486159528167
691,0.9445920745512053,795,4,0.008410220504007573,0.3726873795600096,0.9773808677361854,0.9281369513684538,0.5396107739219327,9,3.56583753100979,2.112960850704011,1.7477809460905849
690,0.9448398341864026,793,4,0.008481240816289539,0.3735670381669088,0.9640935170133683,0.9279887453801258,0.9216197725745228,10,2.893102670134387,2.8044416716145504,1.9139326596767736
692,0.9447749937836495,747,4,0.008486529880053887,0.3725372290689717,0.6566032052359946,0.9268701236716339,0.9746777751129841,10,3.794841223502117,2.3011697096721213,1.723302957624885
694,0.9447098528169822,744,4,0.00832556484087349,0.37257614046397375,0.5067639880040965,0.9241952786408676,0.972035453519341,10,3.1834027683736004,1.116976856854779,1.7529472536180895
693,0.9445470567560473,744,4,0.008474086912620585,0.3637359070162397,0.8927676877683359,0.9263646721651273,0.9685825500076268,10,0.10082774736123312,2.2551640285834798,1.7238683881668082
695,0.9443794245382426,744,4,0.008282628192666855,0.28821036266035227,0.9298246302695079,0.49928722391852626,0.9665529387750375,10,3.1782963905962416,2.3482997349837205,1.5614383343927352
697,0.9442817558768543,790,4,0.020306827315135376,0.2858408040243538,0.4929724941722959,0.9490917374421781,0.9790438479608277,10,3.5381473003091264,1.161683952232818,1.868038164321354
696,0.9437601960828882,797,4,0.0083361884022969,0.285680752839773,0.35759133167504054,0.9474204630270456,0.9650275902021413,10,3.7812531070366484,2.4816311443007995,1.6397744780369052
698,0.9356639862835989,792,4,0.10007190457159577,0.28716253529522784,0.6570064252760346,0.9487883396362974,0.5493814560422676,10,3.233719041626421,2.976893525640196,1.812992253803692
701,0.9444118426523698,735,4,0.013837595573753915,0.28646178081420726,0.6548884393710489,0.952819434894015,0.8806425699713584,4,4.685828807187662,3.1105552802327465,1.3942777150673693
699,0.943478254607817,795,4,0.014015737994263889,0.3522571392571606,0.9356461170010698,0.9433511603235955,0.9507195829220565,9,3.5189669558030263,2.6624594299033446,0.026983880696078336
702,0.944662305275546,727,4,0.014375199988628752,0.2898293977316458,0.713170765347898,0.9437669428952496,0.6912469468349645,10,4.726336941206765,1.2113015276023362,1.2658068630178743
700,0.9446805614024629,734,4,0.008242941612176506,0.3555308587078348,0.9411565021050814,0.952442934817462,0.9535992117363319,4,3.16261169826611,1.2345273451638046,1.4621432664988543
703,0.943857348150049,717,4,0.01973260952786625,0.28838758441208484,0.7104622632189189,0.9432912977295157,0.952099939842037,9,3.4579960130850114,3.132889679052119,1.4133690555221436
704,0.9438626330655413,724,4,0.014328109808562577,0.28120501033876705,0.7103675324028397,0.9494257551037655,0.8884439387437982,9,4.4855799784809856,3.162335031676183,1.2766363734023631
706,0.9442143168485924,727,4,0.013421492372577682,0.3512264669732928,0.6544199358242185,0.9486899853943199,0.8851908894307954,9,2.390368383612334,3.232815967267747,1.2913450879439883
705,0.9446363398929529,726,4,0.020054823275426674,0.2852226138076405,0.6576386472410019,0.9497943606199869,0.8874389815148737,9,2.359373554138883,3.173948449639184,1.2647803501446702
708,0.9443714397656453,711,4,0.013704350156051419,0.3480072013183712,0.6898215540450334,0.9715393441287936,0.588558160702802,4,2.390692908476382,3.3606999898822374,0.7177239801971718
707,0.9449064456202756,724,4,0.013574332986874806,0.3501589198575782,0.7154790232371877,0.9521343244357307,0.8842215532930303,9,2.351547801443283,3.4408090310897834,0.02690117668689915
709,0.9443381971880033,717,4,0.014427237909003097,0.3508082649489642,0.71436494310418,0.9712154005791004,0.8852193407195306,9,4.524456992096251,0.00010105194571365057,0.7914766794787405
711,0.9431374631357837,703,4,0.022711480703898272,0.3489501335199783,0.9981287407791847,0.9707504421413288,0.8853117311002592,9,3.4104286759336944,3.572818416583947,0.6866017356602727
714,0.9446217176672491,561,4,0.01053794693261031,0.323125022972399,0.5292730257032259,0.9822693347133435,0.8880252706981636,8,4.51284944735985,0.00019374685793245718,0.742653335388942
715,0.9385264797747725,813,4,0.07987664118141048,0.3148334366033635,0.6920768712189348,0.43958265965527005,0.3892736751430934,8,4.509034841899728,3.395749958709571,0.6887099981806385
717,0.9444191198474187,399,4,0.01048227024576113,0.32438109298874546,0.9839586226519977,0.8783889535680098,0.8574529311375956,8,3.4034607205243685,0.00018911713342932226,0.8313376670965448
710,0.9434842825840974,725,4,0.010577080677257312,0.71407426621592,0.9927308654446529,0.9769781370981652,0.8848098313635722,9,4.514661450356274,0.0013682870719203752,0.778976836370227
712,0.9439705824738718,823,4,0.012937061238236108,0.32030214796565404,0.9005585811290672,0.9730419944779916,0.8535492997103143,9,4.473902789615295,3.714043814426319,0.8962615021357868
713,0.9447389709898006,817,4,0.007603953944627447,0.3265187727254569,0.9892096904933296,0.9736098608361445,0.8912815507228689,8,2.347496341919503,3.7107893597652692,0.7127016468089293
718,0.9438840952075438,707,4,0.01664494010049177,0.3236274711763802,0.7238055176634002,0.974014206146665,0.8614148180311122,9,2.523076617447864,3.967502449026938,0.003270596986311574
720,0.9442568946491964,685,4,0.017218639968125733,0.33738250959229515,0.346141421680381,0.984044450528452,0.8642033257538126,8,2.5398821872594444,1.471280730086313,0.001661163158693885
716,0.9444076702408098,693,4,0.010508831093155296,0.3297383164512373,0.9943924250665764,0.980465060009594,0.8558791016124881,2,3.9622489014521776,3.8318295533823874,0.6995897096417925
719,0.9431498593099976,697,4,0.01636433712896914,0.32457059242552716,0.7212882709012507,0.9845700431613248,0.9100869097916265,2,2.7129715291935974,0.18391380156901407,0.0015207461017373986
724,0.9444551948225026,697,4,0.007790946396200172,0.33141461130104716,0.28117113376204567,0.7170536706571506,0.858483372470003,2,2.65900078144096,6.013030730831473,0.014244819311654154
721,0.9441787344643678,699,4,0.007653714552179938,0.3225528816839709,0.6928001761039746,0.9770288416305088,0.8579711602903526,8,2.5300313047598335,0.017157515296743933,0.00785023279848377
722,0.9433952749641132,691,4,0.016814360939985104,0.3276635197388963,0.7303236304490553,0.9863221596004956,0.9139905117704578,8,2.503822004177156,0.0013487218171732817,0.06818615071465772
723,0.9440961153929989,687,4,0.007518897089415136,0.33398617333110153,0.7246408830609661,0.9652673605798239,0.8655896605379665,8,2.5283794788554848,0.016733599989129898,0.09869074791427869
726,0.9443029216294413,498,4,0.01658797209743119,0.332520844322008,0.7129903304369049,0.9127086580759314,0.9138486166112355,8,2.6770860136981804,0.9280688257154597,0.0005291118251461197
725,0.9437574022995603,691,4,0.017686543612774785,0.33673769848271823,0.7199522705645754,0.9652911876872612,0.9135266460062216,2,2.641403204561985,5.562554156435481,0.09444658704625146
727,0.9320106152077867,762,4,0.2363166722163641,0.335438105516986,0.292365735173057,0.9160021820881912,0.9138626441933704,8,2.6500895734399332,5.940396769286501,1.0945000673434016
728,0.9288730890370711,764,4,0.24847464367145905,0.311306241626737,0.8678962977518653,0.9142113733811547,0.9090310027110201,8,2.6860532874787686,6.230957032506283,0.07423019755485198
732,0.9439640024201241,499,4,0.006840482384825949,0.308440632099763,0.7150700641932413,0.9601076776494424,0.9148963053666295,8,4.291511263653431,2.067515173264793,0.03158515957477614
730,0.9444596709288507,759,4,0.007705461838455633,0.3098918381991432,0.6911538722173257,0.7319605842360637,0.9148885597584634,8,2.4997544205924314,7.403141688220686,0.0009884841640870755
729,0.9445202856951844,756,6,0.009785784449419334,0.338613407728547,0.30104150678356145,0.9182017739377031,0.9115915179419617,8,2.795531937667084,6.154878573003303,0.0005960607941634197
735,0.944582442938828,757,4,0.009861580850616,0.23470216170272176,0.6897063762794989,0.9565890048854042,0.9139425122848275,8,4.299565525879893,1.9879051813758177,0.0006839846957297765
736,0.9444729082645746,763,4,0.009694700855881576,0.22821210541501868,0.8779466477881908,0.9136018463564018,0.44702078876262363,8,4.266601731973897,2.06012316734098,0.0002063949867288202
731,0.9448868213013737,759,6,0.009691223318265552,0.23581348395454144,0.954922836065861,0.9182936570662492,0.9135254677439648,8,4.265179779655526,2.5815984783471446,0.0006359657475090844
734,0.9444633705784204,758,6,0.009746940180956154,0.238258637577262,0.6921349678493965,0.9137405093417503,0.914863975478847,8,4.260883688778676,2.0259421233119865,0.0005492575889668044
737,0.9450606307337915,774,4,0.009755919450533923,0.23950446261338387,0.6924362081733605,0.9370753581637224,0.9447876751722397,8,2.9925886845687457,2.099815765007278,0.000994391617591213
733,0.9443470450382293,755,6,0.006994515607761358,0.30851966848918294,0.8781605192741567,0.9182466978046364,0.9181850379641104,8,4.280520339563539,1.9795520391356558,0.006203860922160951
738,0.9445419889144933,752,6,0.009796454438809762,0.2287507557563836,0.695266386404416,0.9365031301563093,0.945624190203379,9,4.308977816102585,2.529020307401426,0.0043609492424022955
741,0.9442256892269733,770,4,0.007029538252311982,0.23217027333401402,0.6817544883279497,0.9371486992003701,0.5176402567530113,7,4.680561554345257,2.6454089541780372,1.0091955525086365
739,0.9442947009976613,755,6,0.009686825360087416,0.2354208348644297,0.6903763719265826,0.9357127861681287,0.9446438185799396,8,4.641983267764976,2.5906248296112904,1.021987400703288
740,0.9443931210688353,464,6,0.009675388930009292,0.3472607397238195,0.6703797398257565,0.9328182942388394,0.9419419657442761,1,4.64168285617555,1.8703292595781136,0.00020655487464372386
743,0.9441118130739584,452,6,0.011119157326677044,0.3575473319505944,0.6673661211492177,0.935420995171575,0.9446228775949483,7,4.774016436485931,2.997251924924845,2.4171350001394223
745,0.9443078423199125,743,4,0.006925532870311265,0.35710728503962974,0.6681263988404164,0.9490956109592482,0.9447306439682309,7,4.778315751039073,2.736109385517771,2.526929603207645
742,0.9449006681139236,781,6,0.009794953268311821,0.3555372216411429,0.6678632036353147,0.7724767984315685,0.9439291083625293,7,4.694717889055233,2.59516613289665,2.6376636294612092
744,0.9442521795527913,773,5,0.012778845560454409,0.34929230281642915,0.6736584308798514,0.9364971312640696,0.9419730718186449,9,4.671494676289143,2.640200443572131,2.508170954179564
747,0.9437334865958824,778,5,0.01254532131344928,0.24955361945046273,0.70419806379701,0.7773705394299101,0.5169235121603718,7,3.059442866011783,2.776003513539596,0.00018616986533436978
746,0.9444297178562705,784,5,0.012897403390841132,0.24579595901698154,0.39055089819375577,0.9363734316725026,0.9470161111956437,7,2.816827899775241,2.966288868516398,0.0040577863377380214
748,0.9445224052969546,778,5,0.010895671856668917,0.24801620037997077,0.6766708472427598,0.9346076130808958,0.9435858990304511,7,2.948662282164391,2.690340647883665,0.0004465107357582515
751,0.9442161630206908,777,5,0.01110086961250239,0.24731716397551004,0.6707961957026102,0.7774790937646182,0.8838015405792791,7,3.0456636957712386,4.049343728584283,0.0008232313434795687
750,0.9446077038747468,804,5,0.012711286866829399,0.2431761106103032,0.7071617459346864,0.9354637736436814,0.9841691127369955,7,2.8269852870672194,4.2272533297451735,0.00025337969969175714
749,0.9441697958187927,782,5,0.012480516085319818,0.25605306801490973,0.8343611355799299,0.9362012111549382,0.9481364261400326,7,2.96993043298977,2.721377707851854,0.0004731423097423424
752,0.9443106768046039,778,5,0.012944719749510676,0.2596316883612818,0.707238019721728,0.9560026048600866,0.8932837402489321,7,2.3676010904453446,3.871806443641229,0.002813317236142319
753,0.9447872960316399,778,5,0.010909709108668822,0.2603101987082736,0.7037065146686711,0.7675362510472972,0.8940970184994071,9,2.8126901289164405,4.041536365204244,0.48886413167888076
755,0.944121355978236,808,5,0.010620627485125548,0.21560731343100964,0.7053003312497126,0.8879804451654278,0.8919824422839076,7,4.813879876177503,3.7350135195401255,3.350500197264997
754,0.9451224143597916,810,5,0.010763386023206397,0.2549006837772141,0.7008300837104471,0.9049275984922442,0.8946801323701039,7,3.041763829946896,2.634864155723972,3.3952018105765087
756,0.9439530161828829,785,5,0.010907990196974152,0.3836467031480533,0.7405275065401855,0.8083194268630473,0.8774286232183748,7,4.887334444321169,1.4356672338954766,3.55394659901946
757,0.9443121451845601,798,5,0.010369535061909414,0.3819517187642144,0.7048496249469335,0.8338135340322007,0.8917336097129267,5,2.2718423938640866,1.426533153681872,0.0009936099353748224
759,0.9447394207920473,810,5,0.010605249485132535,0.21526360445547943,0.7033497712125858,0.7977368172281282,0.8969773371791311,9,4.8291949764688,1.6055343286317842,4.092264084782141
758,0.9443691020463122,806,5,0.010656015474667008,0.37646027893395984,0.7411495272926435,0.7816945505349364,0.8989090309670423,7,2.3681616336756104,3.895316982037638,5.890255520421187
760,0.9382820096446368,808,5,0.049811943907402505,0.21539898456157006,0.7326559466029603,0.7592686371663828,0.9288031181085276,10,2.98602489601145,1.4624234810945471,2.57744647050723
762,0.9439047381041551,830,5,0.010707673141088003,0.38300820445325023,0.688723541849895,0.7913467903291588,0.8781667544620532,9,4.894497440004378,1.5346095832864632,0.0011992726179146955
761,0.9439506106279442,805,5,0.010874198675641215,0.38350286173652837,0.7401442905398392,0.7902608429235622,0.9013864063171523,9,4.848950028001963,1.4584070779055327,2.2918314033448444
764,0.9444731973486172,807,4,0.00892689528397552,0.35793889508584903,0.687852045417229,0.7022345602018885,0.8411323096234108,10,4.768131505061434,1.4812706200991064,0.0012847186899218078
765,0.944037932794034,825,5,0.010894195131093166,0.2652988162994616,0.7335965493187666,0.2302691559718608,0.8407337870400492,8,2.918919688601662,1.394083269449245,7.272712723888478
763,0.9445712980706322,810,10,0.010718806118677076,0.21547760393598636,0.7307660962174937,0.6979290081414902,0.9313097057989642,8,4.88242218137104,1.3963969530314293,0.05551029992792197
766,0.9436366319617621,829,5,0.015363033449645331,0.21075182958131375,0.7300128995898029,0.8934234195702072,0.8786462130401208,10,3.1152407903560473,0.0005417640134208347,3.096358778157551
774,0.9445164608106505,529,4,0.015187573948697028,0.22091746394379105,0.7275122178856669,0.8945291549051425,0.8733287348158404,8,2.931591709627217,0.0005458134691513276,0.043664485068734556
768,0.9442396570999886,817,5,0.011758492353056671,0.26238067304579493,0.7366268070036011,0.8990459285974554,0.8987881368157312,10,2.9326275262602874,0.0006226610669244937,0.49179000652217375
769,0.9435903148538498,823,5,0.011903042951921414,0.22158309207181232,0.7284057624696452,0.8872693080811772,0.8722542267830892,10,2.786754294074278,0.0005787079233149253,0.00014370486479028564
775,0.9438637132171083,531,4,0.011870035336693332,0.2234936082510378,0.712165960134117,0.9127633528545086,0.6659723977843912,8,3.164158117299525,2.1404378329547384,5.018004908767652
770,0.9440436946460153,849,5,0.011771730550347314,0.22312214966082233,0.724392849287829,0.8858196465033418,0.8754296785828299,8,2.979106536387311,2.2037886744401636,0.0012383004280110456
776,0.9445422341662981,528,4,0.011844700955733407,0.271572202768608,0.7156666601416215,0.9028399057484077,0.8561741973554514,8,2.9167986107285016,2.064010083365444,5.2404850187355265
773,0.9445257793356173,825,4,0.015158100132982083,0.2634015291111109,0.7158576519504488,0.8901208058747018,0.8402577538179793,8,3.026163488059891,0.0005329225738190186,6.477738405790781
767,0.9444311100516234,829,10,0.011719250409298488,0.27118185513836535,0.7473855341216789,0.8879926566298906,0.8758137555573731,10,2.9366765405240924,0.0005476764726386725,4.997801155605055
772,0.9444981671132441,826,4,0.01547847540389541,0.260706384018701,0.7153518331532933,0.8883969848362816,0.8416981091849823,8,2.967629929564761,2.181024109160978,6.218476822310082
780,0.942104035690462,290,4,0.008637033780675726,0.27454327354671326,0.6912203434513724,0.9070156921192594,0.9266129453096068,8,3.064473964863237,2.3347301428351543,3.3828126139557892
778,0.9444508543873658,364,4,0.012399533152905231,0.275634820815332,0.7150560213540745,0.9990509850440165,0.8706895307563468,8,3.117643922005695,2.2177021460029382,3.076343875174017
781,0.9437294686407789,354,4,0.029083272417639677,0.24897426119428778,0.6857918389884594,0.9604426583664979,0.925671349721167,8,3.117298558419061,0.00014917406055164187,4.927375911302047
777,0.9439333970821047,839,3,0.011959721942935386,0.2590199899011307,0.7148302341233518,0.9990924190241232,0.8644982109351785,8,0.15002184886453462,2.2114033999190004,0.0023683295740792505
779,0.94466109884539,711,4,0.008846923898220354,0.242378954456823,0.6869472815397129,0.9132345975343147,0.8599024675959845,8,3.2609289777755937,2.168100848369954,0.0003146226003603386
771,0.9435062060082184,842,10,0.01209344616512775,0.2958720384656377,0.6819538685963606,0.8941415731349722,0.8334324878311438,8,3.1569095418609168,0.0005251201973680811,0.4896890618669263
785,0.9440693719881903,735,3,0.00872637245426796,0.24968852155332208,0.6898882682093238,0.9053337844777617,0.35256929657464015,7,3.1121935004369705,0.00017249715971037993,0.00031241495809318775
783,0.9441229099354178,844,3,0.00889775164370007,0.24379430826681892,0.7641062636899536,0.9624104299326663,0.9270881919822994,7,0.4605457411580635,3.694720881736441,3.1709207308050806
784,0.9443092553877594,671,4,0.008820462381426624,0.2496020012212197,0.6894567401469565,0.5345663181763654,0.9276502952335027,7,2.30142002432518,0.00017931174420887186,0.00034253747105386607
786,0.9437802493315427,711,3,0.00885099980787698,0.29587799549330673,0.7602977778679245,0.5708480345156806,0.928278661063158,7,2.451180779343345,0.00012329274463417596,0.01927314756799015
787,0.9396564278943099,888,3,0.03511514774398024,0.24222881152649575,0.683232830051675,0.5446845707201835,0.9230347248629189,7,2.4407277321473364,0.00016030653197447175,0.5524999932353691
788,0.9438712607109551,735,3,0.009568968086545558,0.2398261262568466,0.6792420242228265,0.9198233691229384,0.7884152001714929,7,2.402828108078913,0.0004007365899730123,0.00032489917699900613
782,0.9444309858602837,842,4,0.008944487052199808,0.27598101638102707,0.6806950619271245,0.9988879232169443,0.9311715014383737,7,2.440868493337852,3.1770415769160496,0.457896008328198
789,0.9446103776412341,716,3,0.00959221770986021,0.24160705423127082,0.6828820772396496,0.5584058181060929,0.7904071824684706,7,2.4592390238222213,1.0127635464532985,0.4619282525145866
792,0.9443926190853535,668,4,0.01000345959752436,0.3417029607460815,0.6629056855551172,0.6680282482984854,0.8989478553287761,7,2.453322465332932,3.3047924264743713,0.6050356897400045
790,0.9450588221321825,740,4,0.009611609272128676,0.29669165857818436,0.7613656952054815,0.9582279329240148,0.9006417857286403,7,2.442381206996604,3.2388899192952856,0.4371042836750839
791,0.9446507513064668,739,4,0.009924769411168044,0.3494674440908258,0.769881050540427,0.9604333424833899,0.903845811928816,7,2.4072321874087956,0.0003103650107070511,0.5909156535207444
797,0.9443223591395216,559,4,0.009992849272840946,0.33922264923554435,0.6543830033003237,0.9561057415131206,0.900540329796696,7,2.64423573669272,0.0002714230581128037,0.00024148850582233637
796,0.9440979714795319,559,4,0.00974933410046255,0.6362530205568684,0.6595331202564486,0.9545428295527597,0.9011157569699383,7,0.34299102403097104,1.005076899384828,2.0582686514858084
799,0.9439757891175116,563,4,0.007830659228286735,0.34640610981997283,0.648280006365691,0.9543959656556517,0.8994856741663902,7,3.303101191513257,0.0002852557527652388,0.9194325661141693
793,0.9444441991926393,961,4,0.009978123449346519,0.34517019880615485,0.6568448824831573,0.5716880911402731,0.9007775969439586,7,2.2514633074930552,0.0015916868714864988,0.6307992256822286
794,0.9447321644694922,738,4,0.009727623823331614,0.3421069441807276,0.6569970807071809,0.9525001268389071,0.8999135149885976,7,2.4451700551446542,3.119797630297676,0.5855459045904596
798,0.9443584268092324,736,4,0.009656574791103162,0.3444149638977088,0.6608703264468394,0.9537079251554034,0.9024531722872917,7,2.2093376168158554,1.0367623099781607,0.6158993521702646
795,0.9447862936301135,894,4,0.009482038036197567,0.34050977224371315,0.655789188024915,0.9507706728310397,0.9013341752776831,7,2.5873128721691794,0.0016600559288395724,1.9986784238248023
800,0.9443260921850815,482,4,0.013426957491942892,0.3595996825051374,0.6516590083965456,0.9563009259449867,0.8980960018323292,9,2.2377772613606246,0.7619109864079712,1.0125290990662932
802,0.9438090126719624,485,4,0.00813063643659028,0.3070598511673688,0.7836300860603244,0.8737936577385912,0.9051009045710273,7,2.601307125419465,0.7543337603261189,0.3932477601245998
808,0.9420682894571593,259,5,0.007927938703284986,0.2938029036708939,0.6301409142701966,0.8732548726433376,0.9645859356043797,7,2.611822172120723,2.62618980545019,0.3658111692794521
801,0.9447194635568653,743,4,0.008022875013449091,0.2955694846126531,0.7716296719223488,0.5119612458468217,0.9081654044800523,7,2.787823680890973,0.0002580130138440684,0.5338554167130916
806,0.9313331264034274,796,4,0.13898310262706465,0.29446058468563047,0.7784066481896971,0.8683179787061017,0.9664756370944166,7,2.822102104239723,3.1190675992079937,0.39542828287930354
809,0.9442874947690921,483,5,0.007921943075647198,0.30328151853208196,0.6247808814957977,0.8734824085384902,0.9645941604541596,7,2.551006774856227,2.924065406834742,0.41289475421036337
804,0.9443690321234571,747,4,0.007992954692154884,0.30024682241956063,0.764773237855173,0.9251776070839111,0.9138357603997737,7,2.6027291824927525,3.0350155397469414,0.6045686677531811
803,0.9449150002119602,795,4,0.007997889436452634,0.29424253527185235,0.7539827803647529,0.9275761841247012,0.9614218916106693,7,2.583924827703408,2.9452682017262544,0.47762637409288583
805,0.9442330259086302,786,4,0.00794479286490219,0.29597886357389575,0.792064697487129,0.8704174205319626,0.962495713002509,7,2.8062438229409428,3.0469419251186003,0.45331251500212427
807,0.9444933935738558,789,4,0.007988483783492801,0.29862815825717454,0.7763019790225393,0.9241031967421957,0.9650429437006763,7,4.572308547907571,2.7140664499184437,0.47371385058148047
810,0.9445911592923414,786,5,0.0080405812069747,0.300868636015486,0.6296184344370679,0.9232144666317725,0.25654182500794526,7,4.410367094792907,2.872643622755708,0.367526124941516
811,0.9447037663977185,793,5,0.010430481240604845,0.2896809394880883,0.7911346586609566,0.2520761694703416,0.9573028090153345,3,2.797429365256146,2.8452585534092374,0.4388969953153524
812,0.9442638410152148,788,4,0.008094902469379354,0.2948391925376613,0.7770808646709431,0.9185275651737765,0.9564912299844455,7,2.761341292798833,1.8472565664465146,0.45554491386763607
814,0.9446947432185425,785,4,0.008277689762261387,0.30984276386945336,0.7913110235521413,0.614442925008036,0.5720532703439369,6,2.733390743609291,0.00010188805120300533,1.450440273118314
815,0.9442976523683194,783,4,0.010290168213456071,0.27822764153828194,0.4812105437149261,0.9228119599003239,0.922502906011113,6,2.7317626568434172,4.863797142477863,0.8532512695581698
816,0.9444708825890273,792,4,0.010360286497558565,0.31369905127892234,0.8010093825339686,0.9847047503401438,0.9242597528579004,6,4.5809981955356935,1.800423463890841,0.8204835638538139
813,0.9445959359626037,792,5,0.008282198057325297,0.2803414957493484,0.9142166090462538,0.9259849195322943,0.9579424686811724,6,4.579594486568309,2.9729809624251735,0.4137243526760619
817,0.9444222048020385,781,4,0.008578034272722822,0.31209559723009134,0.7938729094274399,0.9261918048219596,0.9593868070566695,7,2.7540344626767395,4.737551200847752,0.8865332266257802
818,0.9447903538520178,790,4,0.008513231920040821,0.3140555511510921,0.754479170964258,0.9194944956513218,0.9580622782544325,7,2.733978945508218,4.723035729446372,0.33096932766706993
822,0.9439713871085174,507,4,0.008977093444606156,0.31370143563769504,0.7541180033805581,0.9031056334182946,0.9778108059636319,7,2.7152433755016236,4.31297007816146,0.7624132731609449
819,0.9443948221771,797,4,0.008770971733087217,0.31528622310794746,0.7532870983192481,0.9217306290288925,0.9556751031720176,7,4.397355105571083,4.495427519563183,0.37975972696855737
821,0.9444695175279169,766,4,0.008674376241415158,0.314180406689012,0.7583536103914204,0.9117551592786728,0.9777236643046575,7,0.09385462742163908,4.425635654728374,0.7075397304221812
820,0.9445727320109732,769,4,0.008592820775258393,0.31642184529035033,0.7599928766367425,0.905540186700007,0.9550097876211646,7,2.7221343248083936,4.55809508383517,0.4594822670126693
823,0.9443087596660259,769,4,0.007303492874575359,0.3179671355961432,0.7471175539888514,0.9044633828013993,0.980778421323172,7,0.00621393460145947,4.618853345536013,0.8551056572825108
825,0.943535221905816,515,4,0.007178380623726213,0.3178956680493348,0.7530114721380827,0.9063367570126484,0.9847272506265429,7,0.4700459676908729,4.474463990344525,0.3161095997836475
824,0.9442390257070435,765,4,0.007288124951833236,0.3183911929172648,0.7646945554106774,0.9397988398084315,0.9777237779154866,7,4.600316196611127,4.029557504131962,0.3117237422389417
827,0.9443247072951015,766,4,0.007276931256808258,0.32009213883292,0.7530475871218147,0.907303625757668,0.7671215843267917,7,0.1024478387009263,4.06189291672347,0.3385307045491973
828,0.9442031646750237,766,4,0.007199251916175681,0.3148990912729885,0.7505210014944421,0.9080314226520829,0.7702675120448664,7,4.425334709257362,3.7226384936784376,0.5660472655922799
826,0.9444880136885155,760,4,0.007343058455990964,0.3146293279210127,0.7398669235171318,0.9361382870578296,0.9351945179729089,7,0.5325486076895292,3.9762117244902586,0.30805563176039386
829,0.9440881833234492,762,4,0.007197742714488293,0.32864110827685983,0.46867448933192046,0.9708631276201948,0.9351063744693769,7,0.08320607308413036,3.7657636821063614,0.6579268334259092
831,0.9444587702807328,767,4,0.007617024008786783,0.2764096474741834,0.471810134101207,0.9373969580047187,0.9357404223594128,7,0.4747919127814973,3.6809804789008647,0.5667640344300515
830,0.9445842337988172,760,4,0.006883192931720136,0.27755079886046075,0.7505298297304771,0.9403974993070212,0.7719594549314833,7,0.5055799299836415,3.7632094022597093,0.5819678277884799
834,0.9443895612649758,819,4,0.011071622652889069,0.2709690530492104,0.44206588201750774,0.9697728977749337,0.7737683491612655,7,4.382984180645505,3.829181577611379,0.5692582814646104
832,0.9442349994029422,817,4,0.007116548032539377,0.2784708298210427,0.7390487036882395,0.9720922070260312,0.9357945148622075,7,0.5108509447493366,3.699568351040242,0.5538107263761683
835,0.944056613676205,813,4,0.011047181610183006,0.27161361952537266,0.6329441093336475,0.9363155979850329,0.7678508339478525,7,0.3081881978116527,2.3765674707068065,0.5620484462256342
833,0.9438406710273064,822,4,0.00749962596562513,0.8007195019765534,0.6348576849165937,0.972424540569266,0.9363609889975291,7,0.4325205677043437,0.09949418464715071,2.1798569758837405
838,0.9442837387637886,812,4,0.011200710110744944,0.2746376293286197,0.4703450282096954,0.9732110819251658,0.9368507009658362,7,0.3995192785583028,2.3661761853127508,2.1644494813000215
836,0.9444042982893969,821,4,0.006507884692394743,0.2802805453538477,0.6395881828204749,0.9699596811434248,0.9326395576370515,7,4.3864608377400645,3.4192142999938713,0.5721063134934978
837,0.9441284766295798,817,4,0.006475201578584994,0.28491063360193086,0.6306116796409038,0.9669213116255543,0.9245833969728642,7,0.31617745350699644,0.00040113843326418727,1.080696074688404
839,0.94419211790755,809,4,0.0064962747315336754,0.27721591760224257,0.6332444898904322,0.9726714821367227,0.937652619827461,7,0.29843321441977044,0.00038180562461926775,2.073968686742927
840,0.9440792832919881,821,4,0.011109862120922806,0.3588587857925412,0.8178930645681706,0.9677123962628902,0.9177141677915179,7,4.70942327107906,2.2975525773573864,2.108938128070802
841,0.9441990193977062,824,4,0.011052265452510696,0.2801300727351917,0.8231171859903297,0.9791272638093544,0.9197213239749882,8,3.309853801375774,0.00041020312271228504,2.199989548375432
842,0.943965720226384,803,4,0.006511469535912541,0.5887095532188787,0.6349505952832122,0.9856460722798279,0.9164831421182801,8,2.553989924037121,2.313323160604646,1.4067588339714179
845,0.9445254391139644,864,4,0.009402735123620363,0.3655709119188364,0.41054677978557225,0.9894063022547391,0.8834529683470352,8,4.696177363196278,2.5158696119121005,1.0798274642158956
844,0.9446766154574636,864,4,0.009324264320966842,0.3634312406003244,0.6381116474645866,0.979939229657974,0.8827229104514613,8,4.705943581043821,0.0003861151858706474,2.2003711214901607
843,0.944198978696343,855,4,0.009601171948390243,0.36608555023541534,0.6316425050538381,0.9842600897314854,0.9158987425283498,8,0.3536218309410062,2.4484621451535054,2.009373647143559
848,0.944619482223137,710,4,0.009355949472612191,0.360857162133875,0.6716252110503004,0.8489456025300347,0.8905970427744366,8,4.717197673230577,0.0008777803117135588,1.3874879455583002
847,0.9445050112040416,721,4,0.00920810941972414,0.36993129883221315,0.8545837049297276,0.9443511148266496,0.8812624589414073,8,4.733910076393393,0.0003799247502669884,1.1100985746327845
849,0.9444074448178743,711,4,0.009502408310484461,0.3612966387637131,0.4076062111649372,0.9469250435909279,0.8816523092147243,8,4.506451302758818,7.900766599580188,1.2504194212633153
846,0.944515705226366,862,4,0.006406610295386232,0.36765234346293313,0.6396076560658784,0.9439197793080081,0.8838636896977268,8,4.728932005408569,0.21967749448596974,1.1560200979291038
850,0.9445159306493018,540,4,0.009333630917633068,0.3316236379273334,0.6650200890590795,0.9431141911253285,0.8831653100504383,8,2.5598960521654455,7.313623763599403,1.4299743393675193
854,0.9416179413947539,182,9,0.009067315053141395,0.3328391443216345,0.4939670709215057,0.8862201915156727,0.8833807788102568,8,4.574327440869949,0.002100087763836532,1.447570318023832
851,0.9444040885208317,744,4,0.009309340964337014,0.3314686855035093,0.4124536979090971,0.8516102316046131,0.9164313502892439,8,2.5809427369167413,7.373349436128906,1.433031113006846
856,0.928931488709974,748,3,0.29628001777234797,0.33301844619363324,0.666741385443104,0.941435211810478,0.8828046298312636,8,3.233834443539306,7.349163025429367,0.9493519540642059
858,0.943746588260395,537,3,0.010203410259174065,0.3336829488381025,0.6635594178383264,0.9452283425806656,0.7451285680173534,7,4.1711857786474695,1.8341877619094225,0.8275893670596179
853,0.9446084385865372,716,4,0.009840810467791394,0.3278306771471024,0.668446943198018,0.9427576329473301,0.8835976624876422,8,4.517458031433243,7.451167851531008,1.2895678396858479
852,0.9442545652788608,861,4,0.009252771708914358,0.36660197878754347,0.6662503063708148,0.9455490953644169,0.8863680894423757,8,4.522078764221729,1.8566901746949718,1.0279354797806812
859,0.9442125113778574,745,3,0.010025355033904667,0.33601058688074315,0.6666502985408571,0.8888097716516089,0.9483946922448804,7,3.229219728930114,6.316468392526,0.8261655016324716
857,0.9447025829273059,739,4,0.010070652181004091,0.3262644681936155,0.48917943041103557,0.9510142883008561,0.9473191802416896,8,4.4865669614717065,0.0020614518864476047,1.5173574416559192
860,0.9444806237819986,746,3,0.010567155256791777,0.3293160825046608,0.7757561975949072,0.8835277356217919,0.8620091444624138,7,4.51725297361527,5.756123783260251,0.8228821927684759
861,0.944208653097333,749,3,0.010121819970223196,0.3342664031558065,0.6672993186107278,0.9258826654199673,0.9479253604559553,7,4.478652142180572,5.4296279311747995,0.8326648056983865
862,0.9437720349615111,748,3,0.012924911098050216,0.29271292384399816,0.6981634523517749,0.9221887810677135,0.8618316236217249,7,2.9880103334537176,1.8009164150294874,0.8901781203451552
864,0.9445329813896878,672,4,0.010343786596404538,0.30282473011203614,0.6096078093626731,0.9258450962556324,0.9501946049759652,7,4.41937223653784,0.0002216676662273144,0.7554684294932368
855,0.9449469330406008,729,9,0.009143894291825263,0.33101027405573824,0.4995562565558327,0.944671867857687,0.8831848575435006,8,4.533751540891294,0.0002185646650543361,1.4000938095493336
863,0.9449990537454823,734,4,0.010538582243332744,0.3030109490248913,0.6978593778822342,0.9260064471333406,0.9483394197018462,7,2.992024316393303,5.839203845359747,0.7871416165020457
865,0.9449431707735491,681,4,0.012466729499024904,0.30706032185217796,0.6971614586379598,0.9239277710427232,0.9512226164630567,7,4.440414847635659,5.322673815357464,0.8148914614027333
868,0.9445222654512447,676,4,0.013047614965100192,0.29920447608043543,0.7033246959522164,0.9249166415228395,0.8498997243277375,7,3.4089142452416246,5.432045975908013,0.4544378893975536
867,0.9449965866166862,668,4,0.012518952678226053,0.29762977894435566,0.7795631725960368,0.9215712158378463,0.9443637095246356,7,3.0189909741269756,3.030490647259835,0.6988723894156125
866,0.9441247300168986,745,4,0.012759777033198917,0.29969271448032453,0.8106779985903761,0.922669289531321,0.9478159890320619,7,0.20228127838366383,3.167280068577253,0.7425564755517516
870,0.9444937943257414,682,4,0.012674742355661234,0.30055537265571913,0.37008019010884197,0.9140518722404121,0.9699508359848119,7,0.16409081567687067,3.1538213954358216,2.849933484317815
869,0.9446316571489138,729,4,0.012689115151722788,0.297262191722473,0.7048907644256031,0.9182739158297606,0.985033631398802,7,2.6539717643195275,3.0710691444601372,0.6848502750006895
871,0.9444035740138534,683,4,0.012554308027804972,0.29959048869058674,0.3803840983586694,0.8984052910581029,0.9759217079335845,7,2.8967656154102968,2.9443700481659842,0.4650285800543554
872,0.944977454888644,696,4,0.012362470554935659,0.3006314450662037,0.43162328426714325,0.903834651674848,0.9882777048717972,7,2.6485230994512436,3.115839884310677,2.78242060096032
877,0.9447202160102759,672,4,0.012220465573366543,0.29984619199126433,0.7006520013051754,0.9040169451596343,0.9809856649591234,7,2.9517365485008606,0.00017472487364231188,1.5612959675454188
874,0.9447713118756997,729,9,0.010987018701378713,0.3076487493413315,0.6995157209774082,0.9608027505376637,0.8479186158213271,8,3.022776270433609,5.7000875813363185,9.271089378069483
873,0.945194016406991,722,9,0.008327901183072134,0.2995066116873592,0.6489226211617358,0.9597252370040891,0.8653513942245776,8,4.366960135763135,0.00021273810200668266,1.6505839525874908
875,0.943694080370749,679,9,0.011396415663648792,0.29754648887418567,0.7013986572440211,0.9096989883397407,0.982575945771758,7,2.95818287027089,0.00013215605015119318,1.7393903052586475
876,0.9438905635934486,688,8,0.011303263544149404,0.3040191442130217,0.7035095071598126,0.9128834757854019,0.9695185021594879,7,3.0284433470377556,0.00013314188023359744,1.7053510573848207
879,0.9440280851513432,657,9,0.011873669872247198,0.2615643678619799,0.7012713389607382,0.90371510857681,0.9753009515786168,7,3.0320822660754314,0.0001431386235205247,1.86080447202214
878,0.9439524317530497,679,8,0.01184156906952097,0.2906315624741288,0.699517336910004,0.9040294240109586,0.9846133198352026,7,3.0219136115014975,0.00017087207131308987,1.6983944634487351
880,0.943631518200721,668,9,0.011613284584710197,0.2652064406779783,0.6952371201962685,0.9069433744171275,0.975617597854981,7,3.0592287745732984,0.0002191486059208184,4.025632162814593
882,0.9437093579927657,659,8,0.013969228111444163,0.26350652923124723,0.4299004270026083,0.8983530917776603,0.9878005928488163,7,2.870175612175211,0.0002833308965859866,2.7628873906407434
881,0.9440109196122399,667,10,0.011864981250816432,0.2889616246023428,0.6965094949809778,0.9040820666990143,0.9537046272463341,7,3.025514623326918,0.00018365760076187503,1.7242107250859746
884,0.9441987637096542,655,10,0.011361242093108865,0.2002727756430642,0.38817050276292714,0.8961721926091978,0.9884709366271885,7,3.0611737619392603,0.00021158490491684638,2.8130658583722794
888,0.9445541774073911,660,4,0.008531825671997664,0.28487605115156966,0.4040077870146697,0.8950047557641221,0.8127076713514345,7,3.146638272544057,0.0002512688538651664,3.45820394599809
883,0.9445011226584009,658,9,0.011114281205099798,0.27034036256676475,0.6507755603649683,0.9051767879645098,0.9861996290811965,7,3.1119366079415904,0.00022947132066059684,3.8113826981997927
885,0.9438741891218697,662,9,0.011240355128208687,0.26397118917189333,0.6483167342015285,0.8984180706769787,0.9806790462289304,7,2.993404745462218,8.65387869180616,3.9718280620198314
886,0.9443272172125106,693,9,0.013722567131501757,0.2685144294281193,0.3883368008714376,0.9041280248679914,0.9956687245998204,7,2.8525917617565226,0.0001339387901611428,2.8209425367428858
887,0.9441991874212834,711,10,0.013593145349083964,0.2622460391282162,0.3868494517592163,0.9014408741083354,0.9934984971357974,7,3.172298483760186,0.0001925195476123817,2.853545165628543
889,0.9445733592294193,696,9,0.008465933280707884,0.27140965968400665,0.41904819224991907,0.893856541864533,0.988028980496633,7,2.8524226516011146,0.00016260182170990632,3.2451234113390406
890,0.9446429596044394,707,9,0.00830166497456538,0.2806534956563968,0.44069961177443234,0.9995150225115328,0.9930383625779338,7,2.860612721779792,0.00020429796568085046,3.173976108330836
891,0.9446207992775111,697,10,0.008413805866530694,0.28293167483228837,0.6522306636543431,0.8851223313530927,0.8232608729132006,7,3.2343375184119982,0.0001989962426499887,3.829905756787344
892,0.9431371542228719,698,9,0.014133163984835561,0.28140888467995456,0.3322792685747577,0.8857153069635175,0.9862626168470905,7,3.1098530508576636,0.14064474335814725,3.1350284485483755
896,0.9446052096117084,712,4,0.013650480779369556,0.22900894771537614,0.608803168123547,0.9343097453191336,0.8609780566052907,7,2.8724570120969255,0.00029200770121150693,2.7257299668534194
897,0.9453459514656488,701,4,0.00836882640621353,0.23185562772683332,0.6131398817977862,0.9275102217604669,0.8242697750645546,7,3.1610355148783467,0.00029441320259628614,2.4768078390953128
898,0.9446034719765791,696,4,0.00842252856861873,0.232839961887576,0.6150474403931927,0.932721550335819,0.8205632461514638,7,4.171515719271132,0.0011632791427870328,3.1956036788270596
894,0.9437985952101842,704,9,0.013467957085577333,0.26358759577768265,0.6538108990488016,0.9319036383394009,0.9964333806413325,7,2.8838153443751096,0.05131976860451589,3.9281433035614874
899,0.9446336139452306,705,4,0.007772461520229499,0.28309023834663627,0.6485960069656344,0.9307569227356336,0.855721578612175,7,2.897370630977084,0.00012035749682998309,2.4551012114374346
895,0.9432054239763967,708,10,0.013795370071691149,0.28610595287341845,0.6473943790908732,0.9302412147041347,0.832594195797089,7,2.9392273625487775,0.00029408072532386364,2.8220334268964056
893,0.9442475375101157,701,10,0.008372891527212233,0.2818670284245917,0.6500905231081691,0.8823077769641656,0.9983409218512589,7,3.171905329283386,0.0002801744890865889,2.1567790154867805
901,0.9435517216123592,705,4,0.007685541211837674,0.2313348237636395,0.33836553545639214,0.9333874897806199,0.8582118520450596,10,3.3659588371066516,0.0003239433332850394,2.40610269360289
900,0.9438534559517218,707,4,0.00761544314746209,0.22796867148134836,0.6064547922078046,0.9273020169148735,0.8348712311549661,7,3.177521957608085,0.0002857681328938864,2.4473325191230906
902,0.9440496182598255,706,4,0.007735661360722914,0.22167531784982636,0.6151244356519048,0.93229902779723,0.8614752594598025,10,3.3574647343958977,0.00029782056602253404,2.40088453130013
904,0.9440174881861163,703,4,0.007899951398377757,0.232160347460737,0.42677014510789285,0.9588319105823838,0.8089566895315251,7,3.170622035688301,0.00011530356564483321,4.615269087191286
905,0.9437267447803057,700,4,0.007410944927013271,0.2244160892463543,0.6086978665537629,0.958170523250776,0.809411525083573,7,3.361419999336053,6.090729913688033,2.2907563955998276
903,0.943723017996494,696,4,0.007829804254351081,0.22744113811520913,0.6480319066445507,0.9323927810030062,0.8369299493349861,10,3.3572628536052043,0.0002895791102188337,2.1660939975016085
908,0.9410106770529867,636,4,0.06892159263721948,0.2138318515306933,0.4256212742246553,0.9661927284125125,0.8170309000797554,7,3.1807464486272012,6.270384768194518,2.0248513361729032
906,0.9440578743748453,690,4,0.007882935430998782,0.21687394019297523,0.6007835762170975,0.9592891461835222,0.8048956487733189,7,3.296461797144707,0.00011741362956947366,2.1104458784194167
910,0.9363664145874688,681,4,0.11374142545962684,0.2003599375647101,0.4320384727323392,0.959910235709417,0.8113575612631179,7,3.130639312214094,5.239575254425441,2.3018426404352894
907,0.9440868339167091,685,4,0.007725592704364829,0.2269498029924296,0.6149830897778236,0.9594330255397217,0.8625317818837243,7,3.2257879700070546,0.00010493645097679855,2.3128909450116137
909,0.9445824711166949,677,4,0.007550226500647798,0.23242165894021444,0.6015466722506637,0.962192523949197,0.8326384252251011,7,3.3303711520365056,0.028772258027878084,5.492349595657918
911,0.9439452380479768,630,4,0.01047156814674613,0.21139323458223938,0.6147266141458115,0.9576049643301496,0.8101581742935835,7,3.306331131835846,6.045857170251545,2.032543003798355
913,0.9442645026732759,685,4,0.01046018514474289,0.20257204019802452,0.6006808559046772,0.9576720765310015,0.8159006796207816,7,3.272419157915655,5.422072103953902,1.933657087858707
912,0.9443034298746713,682,4,0.010512035370294558,0.2505499648326983,0.4306311256775892,0.9570735238490464,0.8015000987222382,7,3.268928397556956,6.102913493419527,1.9058885090089683
916,0.9441324898883725,674,4,0.010426084106372144,0.2053304089677604,0.6208689255344086,0.954135111918389,0.8416219952205344,7,3.075782469002992,2.5554738221537896,0.0007264907558097109
914,0.9443664366288225,675,4,0.010585788826819818,0.248667428583503,0.619093172302267,0.9627267727323284,0.8348055793867449,7,3.0084057555246178,2.428258002109134,1.9158883904889745
917,0.9444960965618348,678,4,0.010408918408979811,0.20068671485123346,0.3605035651171292,0.9504729555937288,0.8298402833338624,6,3.1080663298765097,2.2370554220937002,4.319352898615737
915,0.9443704107516888,635,4,0.01041316817547346,0.2436988143424922,0.6226631279301984,0.960715026170091,0.8045351555647118,7,3.108678336600082,2.5633358499835674,1.8132710746427576
918,0.9448292643554179,731,4,0.010559672086893375,0.245061428879632,0.6218956196964186,0.9866225591700439,0.8479021025827137,7,4.009158891246578,2.4760546951251032,1.798739898895855
919,0.9441847144339119,724,4,0.010088815102447093,0.25237392669807923,0.6302276871543112,0.9892823654025319,0.8423886209277511,6,2.9928062887255438,0.008344210137593181,1.161032741003071
920,0.9442195234922319,720,4,0.010345728188193088,0.25346377761624234,0.6223328080007087,0.9860272242659373,0.8501657576739309,7,3.016356793813468,2.587037130128728,1.0922698596203537
921,0.9447616719143248,723,4,0.010476670794576266,0.25010299496349686,0.6726084413163135,0.9822081734523783,0.962576033475062,6,3.0775400998378295,0.008596873496242578,3.9180653618683867
922,0.9442583244150384,722,4,0.009003771713369305,0.308424948328614,0.629672963930916,0.9844794604791586,0.8420868313227939,6,3.0755851441471616,0.0006679892026573832,0.0007543771635523758
923,0.9445026286088464,727,4,0.0068543924366995515,0.24831170683016793,0.3540999169496911,0.9409929420220617,0.9623259168768691,6,3.064905203679644,2.4893922920945224,1.100681444196845
925,0.9444902585252501,719,4,0.008858704963382692,0.24813623320022513,0.6298363343809292,0.9186314449984628,0.8476966119836917,6,3.0692428927234543,0.06607826893673253,1.1082033166560392
924,0.9441503285654086,728,4,0.00675290560137642,0.24722121269515696,0.6295182681575284,0.9850007667907124,0.9663196795179005,7,3.034944593735405,0.0006751296593823656,4.074543958571399
926,0.9437589113808798,722,4,0.00679860036827596,0.2532062584410256,0.6239974934510453,0.9176628924399912,0.9659363462879901,6,2.9939879590055822,0.0006974971900108641,1.0950047473588578
929,0.9439369067919785,724,4,0.006828805422542772,0.24984508575631106,0.4462730368615712,0.7397462582423568,0.9682036102029316,7,4.240273435234083,3.6681621099393507,1.0635392089762339
927,0.943595838759399,721,4,0.0068055144449340865,0.25479967590040026,0.6326292984111409,0.9846359694497604,0.958738765763258,7,4.200934599226844,3.4588958215050143,1.152024337772771
928,0.9445243005194142,725,4,0.009033886552963815,0.2561070661449501,0.6779126685564443,0.9178751769681996,0.9563669724037953,6,3.0739152280242,3.615305245179288,1.09537407434009
930,0.943939352004656,728,4,0.009004721936303556,0.25793749833833435,0.5886753092530279,0.921125207110995,0.9627869106687801,7,4.189058919564022,3.5074276659343546,1.2410881941993197
931,0.9446247274808905,730,4,0.0088544483130572,0.308049303310253,0.678604253540607,0.9169379321206955,0.9629941770560105,7,4.21147491365913,3.5205192059004067,1.0711959748749778
933,0.9443474437028655,654,4,0.012061178696796567,0.3129565601196828,0.6782104432836495,0.9185891302077134,0.9336296123225546,7,4.326902198094514,0.06570174231700993,1.3727757404070842
932,0.943787084029718,725,4,0.006741940275953631,0.30637591331286285,0.6799084396142387,0.917266424461031,0.9656547006979211,7,4.342800659235036,3.36576405982868,1.2509408011296952
934,0.9446144822171882,647,4,0.012479417095372631,0.30971925362377567,0.6799536673518283,0.9222176181267686,0.9296422607431415,7,4.1883368070608435,3.3118843184575946,1.455715672558391
935,0.9450937105059799,653,4,0.011855197211861311,0.3101117657015409,0.6792467846922018,0.9147457173096109,0.9280515051586953,7,4.330124434834225,3.7382878525050107,1.4224728399254547
936,0.9443129821715713,659,4,0.0122500319877268,0.3093669597463355,0.6765255396445066,0.9396079696554601,0.9316725702809271,7,4.903918177387241,3.5232428073353415,1.4835942374794286
937,0.9446262396930841,658,4,0.012331069257816863,0.307028456845438,0.6805952784974031,0.9438474126710669,0.9369322491623745,7,4.327636047351864,3.60035025018846,1.5028124434653374
939,0.944386265498166,649,4,0.012345520349636714,0.3146441259464894,0.5858425591792682,0.9424691956557069,0.9325437844865002,7,4.640666079053598,9.891982591917202,1.5395165849403425
938,0.944357846553898,649,4,0.012182365190284402,0.3139984222571797,0.9042281821810341,0.9191279921957417,0.9290653784304311,7,4.365548148648538,1.9260750891596992,1.4382884592528724
940,0.9452210515049038,641,4,0.012026065828835817,0.31129913796495706,0.9505130169265845,0.9395779454599051,0.9283966120581503,7,4.329903239190641,2.05146430662205,2.8800102246222195
941,0.943995803752052,649,4,0.012895744151479427,0.2904103855812713,0.6423759555504474,0.9411500040417567,0.9241541982688665,7,4.373722579934519,0.00015331934524668182,3.0046725506340555
944,0.9438970330229782,623,4,0.011451588487318004,0.29069837473241356,0.24509445438684796,0.9415871982059367,0.9167018890423964,7,2.9178393549670814,1.7882763108525612,3.1274397007478068
943,0.9444477829998672,639,4,0.009483436598693015,0.3154193334158278,0.6410493860059183,0.9432834402293632,0.9418708678966004,7,2.8976932713135235,9.498742822472297,1.658868244844245
945,0.9443413171040508,653,4,0.012489333986882956,0.28294831742086446,0.6473304733901077,0.8741479990131111,0.9475961304299282,7,4.348185379133186,4.574107687293233,1.6123140026461078
946,0.9448571124369737,656,4,0.014755491893465825,0.2897576394120963,0.905615110606798,0.8642849156527816,0.9498018933025074,7,4.343301957586059,0.0037333788119606275,2.9148069957424134
942,0.9445683456563495,652,4,0.012579234570234772,0.29552557477018193,0.9475280870103484,0.9400862058299476,0.9262851254174125,7,4.369951408352827,2.0604464578237827,1.6363084971343504
947,0.9448331769044266,636,4,0.011578269322607235,0.2913509696347382,0.8422992033653727,0.8872261395245762,0.9460400705136511,7,4.387242672814739,4.6809993803598555,2.9920383135839788
948,0.944547949055168,621,4,0.011341365494822083,0.2815503737211582,0.8391079968545414,0.877338298108801,0.917540782019466,7,4.344610288040774,4.965939325822822,0.9182365583595951
949,0.9442121555018339,647,4,0.014527651769821456,0.2868987642228703,0.6498164185229129,0.8746615222075418,0.9463894607724642,7,4.0710041358166125,4.731425371009691,2.827372661473525
951,0.9443263656147535,627,5,0.013518627198810055,0.29205454677600023,0.6474862856016157,0.8844874653079585,0.9138781580897987,7,4.272782821866123,4.483597438513438,2.585816971194617
950,0.9447809716659442,634,5,0.01326296519637812,0.2860826705343568,0.864230093439096,0.9111305173493859,0.9150919686106782,7,4.2937137319834235,4.374500682944657,3.446442190425707
952,0.9429622542026402,631,4,0.014538126450657232,0.9711735041182848,0.8377277961013715,0.8693419617538614,0.9113045021931848,7,4.08588379334923,4.790092828303459,0.0020702022750257263
954,0.944269406665752,614,4,0.015084180647751846,0.2931940834445115,0.6551952734900212,0.8794904006977331,0.9102228454600978,7,4.071932162217804,0.003610347888459733,5.006046836433211
953,0.9443448148122405,631,8,0.014588711989428717,0.29708836299664815,0.6595759866636318,0.8807582972513067,0.9103089582032461,7,4.03305497614287,5.0234609707208495,2.6826743584607233
955,0.9447227749780458,622,5,0.011653190072975128,0.2957607131085295,0.8387159270837394,0.8869343616244663,0.9104907208221964,7,4.059791821699207,4.808892969212719,3.617440188248888
956,0.9443402437360445,614,5,0.014775307141115858,0.3215994010618403,0.6581774048767715,0.910469601207943,0.911697410946211,7,4.232403817245846,4.842120234434658,3.3511935900247263
957,0.9445743652836323,623,5,0.014353078211935443,0.3254289636104952,0.8639279405517697,0.9094890440314989,0.9085472168001425,7,4.081671368403163,0.00044831254755297326,4.634903978833388
958,0.9441870291935016,667,5,0.013812480218407744,0.4515156266513276,0.6540602520322545,0.9164231836708662,0.9100519840117512,7,4.042766100618637,4.955432949068728,0.001833906235316662
962,0.9447535692121363,612,4,0.011316100087268374,0.32217176337279474,0.663986700729811,0.9169031873265092,0.8705095802175636,7,3.972941399851202,0.00021918757707082155,4.159498013538291
960,0.944167744052628,620,5,0.013581112216774853,0.3208674681143703,0.6630247406585958,0.9109932441906344,0.9089452934283623,7,4.193129540272957,2.879054285145521,3.7858912109950253
961,0.944103404589732,628,5,0.014662955476656638,0.3206937750587419,0.66403067778938,0.9012095058560109,0.9025429050860364,7,4.118277460382831,0.00045029078832561795,3.9744848792486605
959,0.9447058755632416,623,8,0.013406058357521908,0.3211544493104708,0.6628357542759025,0.9058700725590696,0.9098483450145967,7,3.930580695158621,0.0004286733252474816,2.4091830981477216
964,0.9445014587055551,623,4,0.011247767405466248,0.4773618164013565,0.6664954746356285,0.9261014477064186,0.8700676473132374,7,4.472742366381004,7.9234243469807994,3.4020045636862863
965,0.9444030031511413,634,4,0.011329955610067598,0.32125762098624067,0.6685552700319228,0.898431896714817,0.896715340273121,7,4.211330842093082,6.639074231799829,3.680041917780775
966,0.9436680085384364,674,4,0.01116189643117178,0.3197671970595021,0.5699376337005868,0.908635371773792,0.8716622523832042,7,4.201775987295309,0.0009261255822905236,0.257783570694666
967,0.9443789872594923,661,4,0.011288773807843874,0.3186258964299828,0.6758352365343271,0.9037116729855091,0.8682930271053517,7,4.250318567019283,2.9050584721900647,2.1449720226728655
963,0.9442298063264237,613,8,0.011600758924344033,0.31730115645274765,0.6504940325320696,0.9033287182223841,0.8686504729600506,7,4.196116354341974,0.00042607640548925497,3.6766211242795026
968,0.9442999055540516,666,4,0.011316725726687876,0.31854893150475444,0.6632135133914538,0.9022010723671018,0.8703423483551282,7,4.205135449367578,3.0093626956550397,2.4114630375127404
969,0.9446399414418005,666,4,0.01140701202455598,0.3187841211454581,0.6391846774961144,0.8985732121365039,0.8692213663067909,7,4.439953042566129,2.60317658396315,2.6384112031813394
970,0.944892972425369,666,4,0.011379966549611636,0.31671454271350097,0.6407977407320303,0.9372516509428915,0.867686988618644,7,4.462003505142115,2.952972173948326,2.460587857382093
971,0.9445495948513235,672,4,0.01154751769274249,0.34425118726719867,0.6402932450267077,0.9282130887930642,0.8603479366406491,7,4.416953919868467,7.59343539130885,2.436272652840913
972,0.9443215117162632,662,4,0.011289876573574251,0.3434388463900974,0.6818783791468528,0.9297356786354286,0.7914202683859265,7,4.46177789625211,0.0010206739555734012,2.5083269257321072
973,0.9443455354350976,668,4,0.011529993313454882,0.3461953587375284,0.6394576743702832,0.9311703815356549,0.8702305533522725,7,4.233149534223184,2.837627565818327,1.9777810106592852
974,0.9442018935401364,675,4,0.011851520380722234,0.3424833209626503,0.6017468661799303,0.9315232275258709,0.8715940542400051,7,4.285328068253383,2.7812104636904853,1.988588744899011
978,0.9446092046070687,514,4,0.012568678543883643,0.34465211606391616,0.6360866498431901,0.9329853226711726,0.9465399319381399,7,4.490883054756701,2.080034294906369,0.01144584449074359
977,0.9443109126637868,668,4,0.012551408367687394,0.3460949692288551,0.634423331342966,0.9328329919490961,0.9482761790974008,7,4.41417339343281,0.00016456399668348816,5.927653010246075
976,0.9438013482921489,672,4,0.011890032387944609,0.3411749591868344,0.6381119044805871,0.9272729530713265,0.9448440507620951,7,4.439385896662339,2.603052211712464,0.6607962526522674
981,0.944386770612522,513,4,0.012874235999780279,0.3377923423095727,0.5972587251623998,0.932254880652648,0.9436235836215932,7,4.993650607503226,0.0001715171818800707,0.6549777889939196
975,0.9445056916473475,683,4,0.012369956378129134,0.342937945692566,0.6850207067738537,0.9325727714394909,0.9992682252456173,7,3.500361881685902,2.9393187188996563,2.305681888488327
979,0.944593976035413,698,4,0.012728145288624492,0.34577985667570366,0.6000163993377086,0.9318020620822612,0.9514544127686166,7,3.4651980265998836,3.873526639822231,1.8814752318866481
980,0.9446269869283711,681,4,0.012776053955113194,0.3416927620668268,0.6068732980309068,0.9405097373515398,0.9469947238257077,7,4.629937421426526,3.7826709016126188,8.009345772916642
982,0.9448713840047773,508,4,0.012591249429847495,0.2687300335762522,0.45220219034338266,0.9410023070603982,0.947566435946834,7,4.593567211817484,0.02063315482991109,7.762551167639494
983,0.9443765472649384,696,4,0.012880264343941855,0.2666792183513912,0.5967784003329922,0.9449014175812245,0.2387065355567986,7,3.452116878172183,0.00017962056373824103,6.181179461737622
985,0.9448813036575727,590,4,0.012665281100621928,0.30431889183981087,0.6058204323261269,0.947623937639896,0.9763644376478575,7,4.382629715242766,3.943642977163339,8.183236991269704
984,0.944123736486182,749,4,0.013213500296117772,0.3079557906363533,0.4503440331820858,0.9499105239324741,0.9481227990776883,7,3.4418967498371273,0.28368266164229033,0.7006429753159172
987,0.9444917843045649,691,4,0.009977847017578903,0.3038455509953519,0.6762974125571111,0.9470689522891297,0.9280206076873482,7,4.607319028801127,3.8916992009240543,0.6529399526991018
990,0.9443278172967144,644,4,0.00988961417669299,0.2688596599013001,0.45098192009074795,0.9700663812572572,0.9746165537732848,7,1.385763667911236,3.7680114981352903,0.4826586162173482
988,0.9444575294109617,693,4,0.009889894138377224,0.2679376803750633,0.6929541616187351,0.9514459615028743,0.9736807299690924,7,3.5193470130935984,3.87413722537144,0.8948726079013722
989,0.9445782110406601,591,4,0.009792720176117093,0.27110891728948167,0.686454558462016,0.9710332962787642,0.9693030641667105,6,4.634049116096684,3.6325924617444825,0.8877282630263834
991,0.9446840053639806,743,4,0.009901076016664373,0.2678870094600512,0.6890943734210908,0.9723524045404623,0.9777206462265763,7,4.610108425652238,0.2780397267171641,0.9303269446422686
986,0.9431496359743112,689,6,0.00982660025366858,0.8859274723511561,0.4503462186697291,0.9472071115872532,0.9698475056277404,7,4.547989689766782,0.0014174703780000899,0.6831935178122015
993,0.9441656265381072,647,4,0.00983672843476534,0.30267881083102716,0.6859902993801934,0.9699624539691987,0.9692443946773146,6,4.294017899604435,0.0014672082181706805,0.8921984140413418
992,0.94420971550728,647,4,0.009986176233114173,0.2218028500306242,0.6879341045893063,0.9695184162090663,0.9756450355175984,6,1.4441324941159384,2.091697998561278,0.49385233916068694
995,0.9441302685331937,641,4,0.009910469527829851,0.21633161004702015,0.6876017078931874,0.9997538322814453,0.926486928525631,6,3.2254123408314985,0.0014687588082283752,0.9049918381599608
994,0.9443879979151717,638,4,0.009937544043031973,0.22340530390490232,0.8867711386364573,0.9663414862945182,0.975040379012907,6,4.5770075916488,2.1185137916132986,0.908566732275483
997,0.9440183742234884,644,4,0.010119643528505851,0.21962435450685186,0.2589126488552067,0.9625389409427211,0.8949497583393231,6,4.31495280556587,2.1668789234331394,0.8623139442189666
998,0.944296272696463,639,4,0.010399539321676591,0.22739630478638645,0.6880008123865269,0.9703119677081571,0.8918800085605867,6,3.85982129531948,0.001363569438849551,0.36864862389444386
996,0.9446117427023447,740,6,0.010368807116915589,0.21783316649311069,0.6873750269249237,0.9695244954768821,0.9729629054029004,7,3.877281640394701,1.9618413277291062,0.8842792953580924
999,0.9441746131904185,747,5,0.010577043464393341,0.22318720290277622,0.7149494057831243,0.9672996303065435,0.8891836914294144,6,4.305066513576272,0.0016281149706690182,0.27277123259268926
