trial,score,n_estimators,max_depth,learning_rate,subsample,colsample_bytree,colsample_bylevel,colsample_bynode,min_child_weight,gamma,reg_alpha,reg_lambda
1,0.9427344194502589,124,4,0.06498832509990055,0.8507422535813113,0.8068211560838955,0.8506123115212061,0.5765463340644486,6,0.01954787737911523,0.005935750968497599,0.04087677594318801
8,0.9435333517303496,149,7,0.05765289218562495,0.971557347619565,0.5341082196869088,0.3162698888592601,0.5162281207298896,9,4.598663102412665,8.824711619419954,0.18856340767653396
0,0.9426768405881842,321,5,0.0638580460880483,0.5645879659830739,0.34786252646590476,0.21183769765228064,0.3362699028538413,10,3.049357677200513,1.7307067221828811,0.00017663484835410447
5,0.940268768426629,447,3,0.0681063146284811,0.2232893217486832,0.7901792311049765,0.3639073424660743,0.25322970393197136,3,4.931109932118675,0.43552938899781896,0.6291435320562038
4,0.9426385332998622,276,6,0.019861907479007544,0.2056247037396661,0.2516912817544554,0.4529610593522166,0.5089853593339574,2,0.31565145502029934,0.469537063638867,3.5175072726416556
3,0.941876536985235,302,7,0.03994819019219523,0.5186437935386998,0.2849239136368307,0.48522987880270574,0.6130558513721395,7,2.737837630423186,0.3038290536177452,0.0043713735702454
14,0.9411628542325754,210,4,0.21440752011832034,0.996264253507285,0.6300177809435179,0.28221339094440934,0.471340588418665,1,2.4087388801342406,9.024989769854963,0.004906563833593691
2,0.9398906788513608,565,6,0.052542888894711585,0.31920153413153207,0.5263019654615614,0.23331832530977634,0.959199063398142,8,4.775387418918291,0.09487256846225693,2.731602317993233
11,0.944055200608358,279,4,0.026959444153441956,0.762143456090379,0.6256327181719861,0.5372391744131503,0.5999354231053639,2,1.6845337377509895,0.02677747269586548,0.14847377146179358
9,0.9391815170809116,946,3,0.06684833112941958,0.6160749352873414,0.5294009845732275,0.552642868838281,0.470104101396223,6,4.984551720933956,0.585891973591197,0.0004189013902834525
12,0.9324255666511647,402,10,0.1319930160311653,0.26876329530951815,0.2902077809621263,0.7214115832264172,0.5309554481371409,5,1.0635276856515858,2.69356415191829,0.0004349253679795043
10,0.940327127919981,664,5,0.033328122799980146,0.86415907004099,0.6030537865628525,0.3958903562756295,0.5861411014281875,4,1.171816848362175,0.00020250601906255246,0.0076620551778329654
15,0.9437397253843528,457,5,0.013007750580041898,0.9712228235115822,0.26938107715483195,0.3651718636624736,0.7901500672901455,4,1.2756720654891058,0.0001276433432647136,3.3037187094664837
6,0.9437209338779635,968,4,0.01732146584738928,0.6659766071018234,0.8789591756044299,0.40446886561920325,0.7107878067040826,7,2.4134023055418448,0.07766980098170687,3.7633978954629783
16,0.9406012202936666,783,10,0.10329139036727873,0.7212794665561657,0.47936544908322487,0.2823560289077568,0.8962730672554765,5,4.853399998477189,0.1156791232737392,2.7723970507211115
13,0.9444554171145644,712,4,0.007648700805751591,0.9215193990875417,0.5909904983281259,0.8767457201959757,0.24255711149216197,6,3.091562535625447,0.0185973094506929,0.0018388494016460945
18,0.9353481958849337,224,9,0.09184934242444028,0.32159782313066904,0.5580951496328906,0.8982636825749223,0.3497154501588772,7,2.9802130640765867,0.005917829419970344,0.001568077047035546
20,0.9421975298530413,103,8,0.007610108680516418,0.79475401542765,0.6609997035672576,0.6324786932333021,0.7638402085331922,10,3.8259984119249433,0.00015702277738525162,0.14307741104648453
7,0.9415548751539946,529,8,0.01941484610186337,0.6327836498036012,0.5243122014802823,0.7269149845255359,0.976802569135173,8,1.5221337277767684,0.6318630670640231,0.022004409242308884
21,0.9406151005022068,107,9,0.00524875606736288,0.7618432505734981,0.9757507048216422,0.5950327438341313,0.7486195156766077,9,3.989617148690156,0.011243970977859835,0.18104603507693917
17,0.9416566922235745,555,7,0.03462997555162851,0.4927856852211254,0.27419797285897085,0.9091892268574638,0.8361473797943995,9,0.8201528327086804,0.05158863788813838,0.0059546812815081535
25,0.9438886652401152,828,3,0.00637112057766485,0.789038349074418,0.7151091152792117,0.9910104941200589,0.21510731761628477,1,3.6713311090180447,0.009354698371860053,0.034529514726027465
27,0.9426400225523123,762,3,0.005275229243652299,0.7684789934936438,0.7097380030093515,0.9917164642843612,0.21136665403735294,1,1.833335408100521,0.011329044720992658,0.022346991212277723
26,0.9424555702351805,763,3,0.0052350244116994024,0.7962540562252908,0.6897581525681673,0.6679207459737415,0.20685910886358827,1,3.936651345316344,0.011082044558890706,0.05809626063061458
28,0.9431080527480485,848,3,0.005087814361862883,0.45854614749702755,0.7197484462235375,0.950334257488375,0.21030629451672467,1,3.6082767629680577,0.009700067443953736,0.49678125945256574
29,0.9439300627011807,796,3,0.009146168224617168,0.8661408209992427,0.4323587605654474,0.9934030660160182,0.23055570331969802,1,1.8514676901683025,0.024101520058898356,0.6238897394869327
31,0.9441135454909642,857,3,0.009295276148449529,0.8828957568435507,0.6815079801356738,0.9993398602515426,0.2115454460429287,1,1.8962737406858234,0.0011817573636103893,0.026513656511265134
30,0.943195050346856,752,5,0.011357753709143359,0.9213101761521174,0.4098097246418796,0.7892744106938214,0.6704238823230698,3,1.8299264211203101,0.0012077167776687674,0.5787903563580175
35,0.9444627913667107,620,4,0.010365423006939704,0.9352996814033396,0.4003646624042335,0.8078423228461091,0.3663311744561575,3,1.984194308673325,0.0019268233197459119,0.8810355321171754
34,0.9442298731184046,632,4,0.009373284697456966,0.8958392137479594,0.4469139306798301,0.8033300858550111,0.3511614095749438,2,2.0135942632361297,0.0016392475952564602,0.7202575107195764
32,0.944654378945932,841,4,0.008168951213457797,0.8901841393241116,0.40975826324227627,0.9887838368386603,0.35642743487996026,2,3.778204448931853,0.0010929458309364062,0.45148419848878535
33,0.9439729661126919,877,4,0.009134203485554241,0.8831816573628946,0.7469128714011626,0.9927319038219761,0.35857395469227915,2,3.2727859020461114,0.0020395486818817615,0.57049589273232
36,0.9439217168344367,687,4,0.0114051156801468,0.9306365927565492,0.42261989368914465,0.8338814804897763,0.3434479851961161,3,2.1979709122903914,0.0016335465450895558,0.0017182690065856098
38,0.9439689742482056,647,4,0.012298219223802163,0.919782023536554,0.36131059951820005,0.8325947726818652,0.3411598824122828,3,2.2599726109262597,0.0013990292578640751,0.0012906677691165635
37,0.9422476749763614,640,4,0.02539150290486682,0.8988441971722392,0.780365267954155,0.7846956677530005,0.3339666336841114,2,2.1844803695005384,0.0011704161384163366,0.0018932274421946415
39,0.9442820272192767,658,5,0.012363971286251982,0.9298581897478327,0.3636866088897241,0.8154408680785061,0.3682159050789453,3,2.365671963225711,0.001762607006274878,8.390960333758132
24,0.9411727530128766,493,8,0.005545970085607303,0.809709237723355,0.9528872973803872,0.6050480552430126,0.7730332324508736,1,1.6399763491314658,0.00011744023432236568,0.49177172642233297
22,0.9427530638055653,656,8,0.006169099117946103,0.734257470442994,0.9619470159887442,0.6207739380813252,0.7771262148991008,3,1.6385281430958625,0.00028593060495135626,0.33900982263916085
40,0.9440086476412631,702,5,0.013031223255316608,0.9302544873087514,0.36454796313906873,0.7821019071717623,0.3430629461267326,3,3.1466051845582554,0.0013359659141222934,1.291833268173647
41,0.9441585726787445,674,4,0.013597204419239587,0.9361548925675687,0.3526720265593649,0.8287544777432844,0.3021193867789157,3,2.269609525143045,0.00037961356252981656,7.935907992412887
43,0.9434550704850558,591,5,0.007074836409351228,0.8212135978733774,0.2045842994592058,0.7728394997073921,0.41179000577553593,4,4.370419429710722,0.00040840653951070287,0.00016388010378788802
42,0.9437164316809978,642,5,0.014733708882079215,0.9280045947235528,0.35441712137344916,0.8293294181305709,0.4045674908958882,4,4.3401551368897415,0.0004454848882926191,8.594470180921764
44,0.9432194909937589,701,5,0.015169343308577552,0.8258122510667252,0.35235384989876467,0.8816887483261662,0.40118111515004556,4,4.3573425335179765,0.00035187415811710753,1.1292808838121224
23,0.9427332213691008,682,9,0.006580316265941646,0.7701177346308311,0.9754263388844555,0.6093250848457565,0.8220252533420642,3,1.5363071000648143,0.00010771491611980008,0.4859092900263312
46,0.943854915460868,714,5,0.015352796164309967,0.8304415335211374,0.2142416417410316,0.9067801485587456,0.41103668904649515,4,4.326437876123113,0.00050543004552612,9.794675145542824
48,0.9436521057852229,599,6,0.015779135446895073,0.8244276234806178,0.3270868083417302,0.889533280463714,0.2843511417309325,4,4.428071411585689,0.0004729111702018755,9.34028927421261
45,0.9434746645388412,713,6,0.014778303824091185,0.8328432821405944,0.21070512052191653,0.8935818596528016,0.4067411021940434,4,2.6368987127932986,0.0002914683617501681,6.210218298284394
47,0.943898379298844,588,6,0.016465546164332944,0.8341209083096133,0.3451424445004051,0.893463551518922,0.28772931938514557,4,2.6465220104711524,0.0036411338707292434,9.376771573061221
49,0.9433356025908859,604,6,0.017064530577747015,0.8337757468761742,0.20896252002400095,0.8874221709259598,0.4103233929616627,4,2.8110571348997406,0.003526307300067521,0.00010313238688063059
50,0.9429452029404418,597,6,0.015883539387181914,0.8510198117233241,0.48416505334701165,0.9003972424454401,0.27865704885857356,2,2.6002636083764514,0.0032654155809662393,1.4752025352686524
51,0.9428627769396428,598,6,0.01695159067725919,0.834374977402822,0.47553727854053945,0.8915058615739748,0.26831443588822546,2,2.716720677374125,0.0033058853222202424,1.3838590434240654
52,0.9434762445866405,603,6,0.008512027972904243,0.9788218879970244,0.48825326351461495,0.9237263869308036,0.2835681106938442,2,2.7207357782210524,0.0033172205745215636,0.0726539542016874
19,0.9422265321835177,890,10,0.00914544920556817,0.7414714187885092,0.9264916838203624,0.9838510133845304,0.7805577374730202,4,1.3508419288635936,0.00012890925933933472,0.02088936600094829
56,0.9417730250691385,909,6,0.0212161484272648,0.9963093500429828,0.4717632747773987,0.7232469620237019,0.2690482151337259,2,2.802179228679979,0.0031432525978940303,1.4004569177751163
55,0.9410748286634364,993,6,0.02290280510323422,0.9745824556520329,0.484771919252068,0.735371483789311,0.26175637099010285,2,2.7084890993339994,0.003494788556234983,1.6182846988781567
54,0.9440531644965638,609,6,0.008038822771713848,0.9737574809288384,0.49504406629197895,0.7277000443375955,0.2777762892003833,2,2.8213961205973543,0.004388728646528054,1.2430416263641804
57,0.9439830496145654,939,4,0.0081692347895287,0.9771388549629798,0.4795490927886977,0.7250416768464593,0.4593362272181652,2,2.9299834402175735,0.0038405279328024653,1.3192630105009229
53,0.9431956900887984,915,6,0.008840478095414968,0.9643974384273699,0.45905358742906377,0.7305871052977696,0.2808191890676984,2,2.8426196907147636,0.0032015100005444055,1.2694800017426249
58,0.9423265072554982,915,4,0.022141589725481314,0.9877625587558991,0.4708252963889825,0.7338958590879855,0.46138828612965843,2,3.352812683929958,0.0007376875957660625,1.5856489055933976
60,0.9439318786081629,917,4,0.008122694752224588,0.9828681111285593,0.3148147049864368,0.6909683171047818,0.30617498866502724,6,3.381009911186476,0.0007325257062843785,4.899213197586205
62,0.9434013248565126,529,4,0.021970994332503463,0.961729410809327,0.3957900087199839,0.7413376199499697,0.4593764645373116,5,3.441371147437444,0.20762814935409757,4.63617443251358
59,0.9439481215830293,917,4,0.008072121906223102,0.997187969833618,0.4763599749685344,0.740789380555833,0.4838481616790768,5,3.3189689809100593,0.0006967520486596974,0.05901894305082764
65,0.9439610291333471,497,4,0.010477581028347728,0.9416809262766437,0.3956059746451604,0.9490025977719658,0.32867090161827894,5,3.4376900546448335,0.0006627531161029516,4.646212420392026
63,0.9440109498773562,539,4,0.007875444872924728,0.9576731185032239,0.40001012744295356,0.6853350290142732,0.46608872769458176,5,3.3812913377941154,0.000752915216828055,5.225442494191863
64,0.9440104447630004,526,4,0.010542524377772007,0.942675071470824,0.31067969712333215,0.8510270972652314,0.457233919547348,5,2.0958999758628627,0.0007221859019212096,4.602635335147138
61,0.9430212607433075,932,4,0.021512115839718248,0.9547965440889263,0.40146642914548264,0.7273344257522126,0.3120215709708502,8,3.4097414283186165,0.0007089156086210302,4.566812227589249
66,0.9442654440227575,529,4,0.01010695534816522,0.9504748319677777,0.39246538699755906,0.6795389506922282,0.37651768485118886,6,3.334415503127964,0.0007707387557393281,5.477685125546589
67,0.9440292947123732,552,4,0.010799440926666796,0.6972841690086847,0.3948964400499403,0.8550643322071446,0.31934880693380613,5,2.3876445708558824,0.0008038174220730192,4.8015236306922136
68,0.9440072418787893,533,4,0.010341655734289374,0.8963719246931917,0.308910740832373,0.8553296734584032,0.3724501613448017,5,2.0133817150319806,0.0007697640871541248,4.734554290595231
69,0.9441015323270161,518,4,0.010274993577917647,0.9052672488911792,0.3973290036164939,0.9496994566244469,0.3851420661694873,5,0.706541163409264,0.1986677726147717,0.24515061377743788
76,0.9439642675007983,418,3,0.013132987921198045,0.9000779666830808,0.5807222127076102,0.8624456901848033,0.37105112401753093,7,2.406015092967625,0.02107406204160115,2.7531058866014195
77,0.9411563451453073,345,3,0.006252880784604313,0.8953549650000223,0.5688843100520927,0.9482127137332117,0.3748978885348334,7,0.858044109990959,0.006466638787158383,2.3192712893630465
71,0.9442788629491794,831,3,0.010469166362308798,0.8903755344733671,0.5916662443521991,0.9475882643734357,0.37553411961223165,3,2.135637407516024,0.0001904062632718935,0.3079065189403298
73,0.9443545883575775,818,3,0.011484167496172712,0.8941539338386544,0.6005383307874527,0.8571931806434585,0.37074354915263463,3,1.975496611310084,0.022464136664985354,0.010248959692474512
74,0.9440680559774408,810,3,0.010645779908219629,0.8992364331132332,0.5730855887145266,0.9519863464601733,0.3753608390919234,8,2.3855453969527667,0.0021490514083739682,0.013252426002049055
70,0.9442014677412578,818,3,0.010302222105089215,0.8880736324405313,0.575036987820357,0.9508840154776818,0.3727611214305701,8,1.9604487784915574,0.0008038660087406509,0.27600771383735817
75,0.9440911065162403,820,3,0.010265963199315978,0.8939638226085992,0.5763322818294987,0.9509710076539891,0.24400158304956893,3,2.426330020215109,0.002054206846818077,0.29564051491549026
72,0.9439854342970101,842,3,0.009885872297972867,0.8920191218765641,0.5862277921535392,0.8574819352921212,0.3744371533885904,8,2.0093702080594484,0.00202209817187441,0.28815937791828794
79,0.9438668461784644,380,3,0.013182041974148049,0.8679399816249816,0.44739408772017636,0.8119611125209474,0.5371124807146297,7,4.109856946653668,0.0022146543075944342,2.519880056666127
78,0.9416292099324769,455,3,0.006192643538001444,0.8726190384840755,0.568924544082761,0.8039760716899997,0.38324491624348755,7,3.1163570719797207,0.00019310057579191952,0.36656330227345985
80,0.9425962445833008,740,3,0.006737226373963067,0.8636362332824571,0.43915460724553934,0.8084423747563445,0.24012570180622472,6,1.9364108970217169,0.0019034749376414686,0.010507247688622427
81,0.9433772766124978,823,3,0.006982077402829368,0.8676010032338627,0.44705711321380404,0.7989879805132026,0.24461839997438878,3,3.055181274997847,0.0021138052665656735,0.8292654752590803
84,0.9433726877946818,746,3,0.006695216242714062,0.866070873702007,0.6277836171654255,0.8010482538883046,0.24769738985265372,3,4.051433809095581,0.05983009230250495,0.2768219265245587
83,0.94419914671992,814,3,0.006984263879466414,0.8786595476994298,0.618989918481658,0.8113238479414097,0.4372628153907356,6,3.7339609653619656,0.044489005218460956,0.0007403806579548185
82,0.9447605291452756,812,5,0.007074527219443184,0.866050809877498,0.5238837250234061,0.8186502150279658,0.23994842988844864,3,3.1023154699630604,0.00018316826978993035,0.013516826980754666
85,0.9440839921266448,746,5,0.0068396365955051995,0.8759552986232276,0.4435962414484532,0.803185402228259,0.2454532514524862,6,4.101635505722168,0.00020392455501197626,0.8887166023095168
86,0.944039184100052,752,5,0.007030963613122955,0.8632137582854815,0.6139624849569182,0.5651905406313935,0.5551295132624126,3,1.4732039210014956,0.037681497819031316,0.864244419103165
88,0.9442143262412147,740,5,0.005813004541955832,0.8646882383946436,0.5363688452419262,0.806803396097152,0.4256602951486176,3,1.4891755041250807,1.1860018068028428,0.8496161900940987
87,0.9440062880058111,755,5,0.006880916577998902,0.8639720133923551,0.6466417920658554,0.8196165856268138,0.5353890766769132,3,3.1391455100889334,0.0330397423756412,0.0028282096268394796
89,0.944381392814431,739,5,0.00687343348170879,0.8550907006136386,0.6354724970081354,0.5416987169130553,0.4336852149404942,6,1.343803614500493,0.05258681166737881,0.002976433777531687
90,0.9432529381218424,741,5,0.011780267307746718,0.9157743883776642,0.5974078844447126,0.92269761107871,0.4343290148641918,3,1.4777649403561246,0.051762015282771516,0.9006136696417403
91,0.9429974483584754,768,5,0.012276924671110452,0.9177395551866154,0.6306000627551597,0.9168126050569513,0.43596730755659563,9,1.5400030577869923,0.06207539118544605,0.11871088679870408
92,0.9432564300900964,863,5,0.011571043645224398,0.9172594827538274,0.5241142578636298,0.5348333705013899,0.427971176402524,10,1.7379550782461395,0.016238030973046633,0.0005434717307171672
93,0.9427475012859021,779,5,0.012042068126649295,0.9191332609495635,0.5324708854408563,0.9248337142717185,0.4412142857886102,9,1.432966027876041,0.016286328128001976,0.09754450421753834
94,0.9432379902852317,785,5,0.011961241868313254,0.9168572389800353,0.5142403385076274,0.760704055766871,0.4240944734282544,3,1.4501956939397282,0.0001517229920218264,0.003489503223138741
98,0.9440316084283381,636,5,0.011592749931346142,0.802527751161898,0.5175485747114944,0.9234292685942541,0.35419556095394106,10,3.559135650436663,0.006014116280812283,0.1032485977950564
96,0.9430545795055527,858,5,0.012012153343532733,0.9196833393121869,0.5398996914144025,0.4952947489459641,0.4208373056840581,10,1.7263456178470835,0.0002584684868825586,0.14101993937444018
97,0.9441231176167335,792,5,0.00933391283353939,0.9230108672689481,0.5188831949385285,0.7602650170593518,0.3570088896266729,10,1.7079419539651794,0.013817181338833829,0.14098355265305848
95,0.9441032198681597,779,5,0.005744126198977572,0.917691307650075,0.6586785340072832,0.5245846215639008,0.43575828012797324,3,1.4333752250973937,0.015406071883222693,0.0037342572612336644
99,0.943880848491095,777,5,0.01225628021671002,0.5587245105453691,0.5134676258855294,0.43603019710318874,0.5042343395748449,6,3.577976306187589,0.09788481655409402,0.00267178968185071
100,0.9444454264952892,784,5,0.009182292171972278,0.7927567896407184,0.516447476472915,0.4794612606867949,0.3553133221433953,6,3.5601229749190235,0.015280073348647734,0.0039230346161300425
103,0.9438099811556862,635,4,0.018448954608498935,0.7900236472736875,0.5078979495380922,0.45347903321752087,0.490438635451872,6,2.1183886239499436,0.0002588008710079281,0.0037967451994466057
101,0.9425232044212617,784,5,0.018745800688994677,0.8011015312436305,0.5051508363220354,0.4939559885290757,0.3518411834919819,6,1.7186335426424886,0.09797172523138743,0.003360359497058499
104,0.9442317944314815,630,4,0.018355749517785624,0.8016366466570635,0.37161323565500143,0.43249176772614023,0.34755792393650625,6,2.53210500526572,0.0002638307495389375,0.005593789258883253
105,0.927092953335386,880,4,0.29040125043238335,0.7818504704408799,0.3713522642894811,0.4626280510340418,0.5032526294294145,6,1.0867524142756686,0.09273458128414155,0.006746998206417321
102,0.9434297636296499,789,5,0.00913714784327645,0.8015603188088666,0.5059218582976133,0.7667237027437837,0.49225020701951755,6,3.5693536297861757,0.09259029679227286,0.005548421489431142
108,0.931736602149579,623,4,0.22872736459926027,0.8424773731689809,0.38118512932944254,0.6384093259141808,0.3921371950828324,6,1.251922790770796,0.0010571463058937599,0.0010890038126751074
107,0.943674803578873,624,4,0.008844561999004208,0.8430152178533941,0.3756229514511899,0.42762229725558853,0.49286115296720445,6,0.14867955049793258,0.00830374410909314,0.005709702162375047
106,0.9440493740516451,665,4,0.0092175160281058,0.8472610649510134,0.6618910964286234,0.9735589990108723,0.4858520294363813,6,1.1062302956121277,0.000989110745134845,0.006002595917888146
111,0.9442224164199068,663,4,0.00881683394818271,0.8490540172432947,0.3764442520215065,0.9744750022312243,0.3301002951187774,6,2.5369199731619276,0.02715427414035532,0.006938628545681219
109,0.9431046703603885,662,4,0.018267934669191348,0.9493457687574511,0.4180907963943085,0.9706455613631932,0.3299293309303567,1,2.504229779877784,0.007194934668707195,0.007530751375416639
113,0.9431286006748119,666,4,0.007647031069032379,0.7549426656380973,0.3734464882461885,0.3751493484368401,0.39192227802514806,6,3.8265453082771677,0.00010514915907855556,0.005895309416713111
112,0.9441850191723251,716,4,0.007468018823777767,0.8458814981444269,0.36856162672283727,0.9720222500963018,0.39540681743494455,6,3.8376291630709227,0.0010885417979150346,0.0009664106505077343
115,0.9408081105418974,671,4,0.04132930166715333,0.7504030217762656,0.3797833875935133,0.3938955473050115,0.32360683853433675,7,3.8020933211976056,0.026705010195258713,0.0010571174386306108
110,0.9447219880850202,889,4,0.007562134910891528,0.8433958239382555,0.41405501583020643,0.8730268747992151,0.3961486952918706,6,1.1802892468836081,0.007799728981840547,0.006099443774037418
114,0.9442158864601445,672,4,0.007574966673985872,0.8506878583873593,0.6875877121001632,0.39986282964250297,0.32691909040903266,6,3.22113728209513,0.026481721120845327,0.00969661743645578
116,0.943305641169308,572,4,0.029784210390235943,0.7243135928258493,0.5507884142455073,0.3626756687308896,0.3060631993712797,7,2.5636902800666292,0.00010100451155429012,0.013797536168572795
117,0.9443967737552933,663,4,0.014057258938618197,0.7248819297945177,0.5496315481927694,0.29367695776073,0.3279933910826444,7,3.2257599471083447,0.0003477009314751206,0.008757275953845532
118,0.9415470490123521,725,4,0.03170659454698583,0.8154022335775933,0.5511970643866473,0.3808917542722644,0.30211690389925433,7,2.539944003589773,0.0005282952750640772,0.009800487608208452
119,0.9441912506554224,717,4,0.0141854527741213,0.7469612671704275,0.5476829048822054,0.39880533220080455,0.2924526585273177,7,3.861941231674935,0.00011798069822336902,0.009109470833902419
122,0.944340596481194,565,4,0.013579765652063107,0.413231102274057,0.5500257297927295,0.8702816329965645,0.29634754349489917,2,3.256026833823772,0.0003330327252985797,0.01434259576237846
125,0.942343242821224,568,4,0.029555293169685345,0.8202957183665646,0.33519463808582367,0.8828765517636507,0.29661283938087823,7,0.893616298843289,0.018852547903736624,0.012797684862530202
121,0.9409173415213623,848,4,0.034248803735195996,0.8161025349835032,0.3396517496222123,0.32813567331403465,0.32367951568559933,2,2.173133115962214,0.0004912921438562782,0.010229171004966437
120,0.9445633153852844,695,4,0.007728675285520082,0.7540824404544689,0.5455852151096054,0.8717258655627332,0.2951194697301359,7,3.8659456555956053,0.0050751687559770315,0.011909035178488138
127,0.9423623902036369,840,3,0.014736166367224406,0.820945036519772,0.337473207571661,0.22184444203262194,0.29020824459777833,7,0.6964589642481288,0.0005906622138085874,0.002083612292690997
126,0.9439118817152423,691,3,0.014234073573836532,0.8139805345808734,0.33286935352513325,0.8727622855775247,0.29519197639273076,4,0.8778431593752731,0.0005152616977177818,0.00216422564400458
124,0.9422431790411439,843,4,0.005026070061005763,0.39692038424416154,0.5521748223606325,0.30752442887300535,0.29849624882666687,7,3.2604003676678857,0.0005463089152918475,0.009208827209348314
123,0.9436505591334141,697,7,0.014379581267581602,0.3958253709666848,0.33442952420027616,0.3122242511312214,0.3101645312202904,2,2.965842851065705,0.0015781416255458358,0.011092621159565937
129,0.9403450427816205,695,3,0.008304261924115305,0.6912614720728523,0.3390313504307429,0.23281324490164423,0.36121540926200135,4,2.924224036954827,0.00035071786864338,0.016256204826535624
131,0.9440280778459703,692,3,0.01428287461671983,0.29930587763235683,0.6013810804430932,0.33814435329003034,0.36139152768848887,2,2.9160250720840075,0.00037160095434358846,0.036523301181555
132,0.9437624064800078,895,3,0.013983211134977247,0.4352873085256794,0.5968804746364779,0.8788094430935651,0.2247359008505625,2,3.2584517527600765,0.004939928233385785,0.019387969901735743
128,0.9432472639343361,832,7,0.014638895315097288,0.6445163721911117,0.6005504279143774,0.7051037925007488,0.20021076364429638,4,3.508153474231384,0.00033186323788402265,0.01781202804849075
130,0.9429570287737559,691,7,0.0141651268215868,0.48779299946473575,0.6070233889527147,0.302168063352196,0.20242464877867888,2,2.9696256798587006,0.00021048593019436492,0.01622348124410316
135,0.9445796011487635,892,5,0.008147950880139181,0.3489809703730703,0.5932685774621705,0.8318009656525487,0.22068042645240687,3,3.238834470305716,0.004693601646699135,0.018365481487440567
137,0.9436395019296935,880,5,0.008579066088275456,0.7756849337058629,0.5912985944353809,0.8335159822638488,0.2637988370664933,2,4.208583311461301,0.004666962649655588,0.022451687167055135
139,0.9436209024502492,896,5,0.009794980353389467,0.21567245471345614,0.5896840398565625,0.26153019196107746,0.21883200209673812,3,4.221006140821767,0.011580089880009883,0.02019819405015495
138,0.9444500972376444,872,5,0.0059110368660733525,0.2134961064999015,0.6022473235505174,0.8357526127746082,0.34134933486289315,3,3.992425034868515,0.005114469651644849,0.026006812716296908
141,0.9444457406263247,496,5,0.00967572574355167,0.5743081891493242,0.42812038224115095,0.8364252261728707,0.2637403004312896,3,4.226436106871687,0.010545436127932323,0.028485667584566388
133,0.9444816731466368,693,7,0.008247416419847645,0.3360588634112233,0.5997334197564753,0.837324102990381,0.36128041223534146,4,0.645419060819169,0.01290284133917535,0.019991805532779367
134,0.9441244701543476,872,7,0.008497350260303927,0.3872733176517305,0.5975057789202423,0.8712428535577763,0.26918829228606606,4,2.934469495521015,0.009021895665506093,0.01775102330696279
136,0.9440510501129171,886,7,0.008352259643780004,0.3326099467135244,0.5988322516045751,0.8437343304566839,0.2589854705351427,2,3.6547910719352137,0.004663200437863421,0.029214044236964613
142,0.9434702437446022,966,5,0.009622704604261557,0.9447309162602587,0.6482791663833398,0.8372902856983198,0.26292459585276956,3,3.705267727931416,0.012096902123275263,0.0043525076182957464
140,0.94357816810594,805,5,0.009761305866025196,0.6228816874921252,0.5623550776577769,0.8348921616922252,0.93447187175887,3,3.7060051597076304,0.010436766351199942,0.026016304407164844
144,0.9444308345347018,811,5,0.005985010635026228,0.32181530835005634,0.6436947935554374,0.8460195135958039,0.2712334043728508,3,2.299175408476356,0.009725770331631306,0.023231607536060683
143,0.9443675825287456,872,5,0.009813654909453531,0.24516269740029906,0.6411677248936057,0.8414451876320732,0.2699737627568654,3,3.0943887834921187,0.011270722460266776,0.004525481434823895
145,0.9449072471240468,968,5,0.0058187841046712565,0.3077961262461861,0.5664152370591895,0.8502726427099306,0.26046796858470916,3,3.6762181730432375,0.002587540383977464,0.030576419047010698
147,0.9444581253206668,967,5,0.0057361162539323,0.27358870730205337,0.6465357863573378,0.8423817765475636,0.25901776608926036,3,4.617496941097065,0.008250976849499667,0.043780481315168374
146,0.9443769563658216,971,5,0.005635089240900813,0.3975192088327003,0.6393234050956671,0.8438446457444214,0.2691678696034344,3,3.678016047205984,0.00845356754404005,0.02696373418270226
149,0.9452652427492974,937,5,0.005549542810611122,0.3289927839550318,0.6419606660683025,0.8432676837019856,0.23009131285855167,3,4.750542774896807,0.011239764369670996,0.028900205047871847
150,0.9430055082720512,492,10,0.005950060146365846,0.2708695817928627,0.6341006548111194,0.8375403936859299,0.2337953455540378,3,0.44477791482765977,0.012595851419728146,0.03085666354456833
148,0.9432168735830055,805,8,0.005768836320622745,0.24598513872833233,0.6366591399671068,0.842165838429117,0.25913623437018957,3,0.4842206257549506,0.00976861029684936,0.02760016648860192
151,0.9441518997423979,805,9,0.005742820645492316,0.30752504499362565,0.561205062249615,0.8466762638818567,0.22503924560621955,3,4.655457731564613,0.0075825759994727245,0.04510345228481431
153,0.9447526748257664,806,8,0.0055515171503474695,0.35708394930545284,0.6345329592467245,0.8480844186364093,0.2272777556290025,3,3.9793755471639067,0.007238400270401394,0.04587399564338212
152,0.9442463832611949,938,10,0.005925389229983726,0.25901527242320854,0.6385510240798734,0.5873867008198356,0.40815681631129774,3,4.635400439069652,0.00869777083695279,0.03924648750095726
155,0.9443695695901788,954,8,0.005601967662966679,0.2778150142571215,0.6252433862435708,0.7829666970997426,0.2315888055005868,3,4.663146317403512,0.007520084652976231,0.04321834136937597
159,0.9445738288605353,944,6,0.005300870384897139,0.3457684313220031,0.669063234284328,0.7777013933843204,0.221702419933003,3,4.778573910258241,0.005706932728962837,0.04334817670552707
156,0.9449883993808967,989,8,0.006025934454373559,0.33739915737058895,0.6723081967169007,0.8187214581778138,0.22559983241219678,3,4.727594229853424,0.0025942034914535612,0.05162167787269357
154,0.9434388515135576,948,8,0.005903645284758454,0.24846377282735577,0.6376086015021296,0.7852814551855762,0.23195526246400977,3,0.5462700772154018,0.007921457393995943,0.05692055666455126
157,0.9442664490333458,961,8,0.006185038866180614,0.3039273544895419,0.4289751114327752,0.7896363185584694,0.2311691163286032,3,0.471025317653212,0.0026877280788257653,0.0350533185470804
161,0.9448815186442614,950,5,0.007432366910221945,0.34548052731548046,0.4285698615673645,0.819857751671688,0.2391814994612883,3,4.708824029909615,0.006202906269236744,0.023730911462065664
158,0.9441312151007984,1000,9,0.006304343796421635,0.35141988239976635,0.7047861348442412,0.7865574706232284,0.2354556058349237,3,4.650223547463048,0.007101497883645736,0.04624943891348125
160,0.944891840092567,943,6,0.0062870181139586725,0.35177495754115534,0.6653818163701759,0.9042709954562286,0.2341445125694165,3,4.698566294286086,0.005856363079196838,0.04359088967414195
164,0.944775314176433,985,6,0.006381382734708164,0.34894019222354433,0.422897114022949,0.8215402309490759,0.24817276373951935,4,4.931571280442035,0.0056086062630635435,0.05845930558995275
165,0.9446135993106901,991,6,0.006389981586769502,0.35923046335074743,0.6588281348882471,0.8226613611926727,0.24250953589546934,4,4.896454953769951,0.0025140738254818525,0.061908817876164667
163,0.944439896327992,995,8,0.005298337829551617,0.3518940842019636,0.6598394406105916,0.7817490018819544,0.23404840868514964,3,4.222457791941143,0.006181500254810641,0.05571666282798491
162,0.9442772641161354,954,9,0.005038924309867938,0.3426184020817198,0.6702173630331224,0.7861840153585061,0.24349606286776707,3,4.791394278448282,0.00557781781870704,0.0507179406628524
168,0.9448608392207856,1000,6,0.0052025616371302805,0.35216854726720515,0.6784579634014647,0.815241573739724,0.21253322679579706,4,4.805753519721166,0.005591317717156405,0.060604849364612905
169,0.9437641232426429,996,6,0.006411126017990629,0.3515451196494761,0.7065605282843342,0.821053687338762,0.2141412602983134,4,4.952244445676302,0.002746038171043618,0.06891059225210469
170,0.944769425002238,976,6,0.005231479124550887,0.3640819463458959,0.6640928538642484,0.8252524830477185,0.2128028438522367,3,4.903349371788875,0.005566822761724328,0.08363125159699027
166,0.9442358489134499,987,9,0.005234440199308554,0.3517361193570764,0.7020079793690557,0.7886722069618753,0.21600764113350615,4,4.821549787206747,0.0028221714445415204,0.06301612501190378
171,0.9442858521038107,985,6,0.0052275912448660426,0.3568888353047034,0.665591997990251,0.8201603453906189,0.21919490209490777,4,4.982400225123392,0.002659312394843901,0.0615488018164177
167,0.9440569298944897,994,8,0.00521688110858438,0.3525828218778936,0.66747497918473,0.8259280429128876,0.21386972530513504,4,4.887861897901733,0.002455594560340563,0.07789782905949211
172,0.9444899172599724,987,6,0.0050167317845181665,0.35846999343466335,0.7330387953807822,0.8229847562288534,0.21328763439247078,4,4.945412722768618,0.00576593930263068,0.08716821754962956
174,0.944585138621434,926,6,0.0074251745522094644,0.3626709882039731,0.6766061892790739,0.8124141085844365,0.2165522343603189,4,4.856158408405376,0.0025979723945934634,0.06886179100553845
173,0.9441005387962995,982,6,0.00512918692641654,0.3536376743973119,0.6731727264355419,0.7516784848680598,0.21661214387538633,4,4.908233781275431,0.00291736090606931,0.06349174131784373
175,0.9442566097396525,982,6,0.007531562442776037,0.3530113726031643,0.6803732740445507,0.8207598776793325,0.21203123481951308,4,4.926326821699411,0.0027633383357483178,0.08287411074163514
176,0.9446065454513273,983,6,0.007437903573818225,0.3746803596649169,0.6987506818345711,0.8224503274928054,0.21146594786772518,4,4.940637070437839,0.0025638041127683323,0.10269717105071245
177,0.9445047565596143,978,6,0.007415425968148519,0.37597894469863713,0.7407634737160871,0.822431757809143,0.21457858964412588,4,4.502726212088751,0.002549894538574063,0.08279573657948427
178,0.9449765970291386,982,6,0.007328708560741724,0.32844133344695464,0.679676761630085,0.9041030577056233,0.21291787854641697,4,4.4781048853169265,0.004370443492915016,0.07687039548186347
179,0.9439936924992793,924,6,0.007404609594834818,0.36148832639111456,0.7260926581785611,0.8221621915791975,0.20036000150086974,4,4.48630574617544,0.004002108260233051,0.033569830541887516
180,0.9452683141367961,933,6,0.007353758309895548,0.37269290477086253,0.7494341897341754,0.7563615124180888,0.20625145996942967,4,4.870762029017877,0.0043930977451127175,0.08986202633170988
181,0.9443089391694747,925,6,0.007452007735096896,0.3680063308299379,0.6850917132145287,0.7566998335878785,0.24957611142679384,4,4.505699186846519,0.003963866206823171,0.0766719572846134
182,0.9446629512792366,931,6,0.007130613284635254,0.37393128605846315,0.6817302492749295,0.8130817219310836,0.24782327560526224,4,4.507100966455963,0.003959627780463106,0.1040201471651857
184,0.9442386296514693,926,6,0.007338633403605456,0.3750249481020874,0.689982026156716,0.8644545499163229,0.20013390648512225,4,4.434484764121602,0.003671731810265873,0.08706237700553451
183,0.9444583580489752,924,6,0.007329936654660954,0.382938546768324,0.745755110207276,0.8630190177128865,0.20255772793846416,4,4.752558543371531,0.0037799207806225254,0.08228010890060795
185,0.9444481221778952,930,6,0.007275651086015042,0.37679409451076734,0.7249285593431327,0.8616443821659832,0.20372992181388402,4,4.744487443102934,0.00425606572609926,0.08941920734360796
186,0.9439752391272934,931,6,0.007218272608956756,0.37545647011949196,0.7474544273808171,0.9036520743416279,0.2478700115374509,4,4.507716209374899,0.004052106129229138,0.11397433578258546
187,0.9440239795317644,936,6,0.006801664840303594,0.3716399234076259,0.7243552275812829,0.8645838591522731,0.2003196831297119,4,4.74066675675337,0.00416510833804005,0.10685617263608235
188,0.9446457857401335,933,6,0.006667452883695344,0.36938875947216643,0.6882050031971455,0.8998604444563115,0.20200642802702437,4,4.7261325581425115,0.00405992943875884,0.16674231394137934
189,0.9439822522852929,937,6,0.006585166966509622,0.37474164451953884,0.6918692938803874,0.8610227739601374,0.2477875152200906,5,4.738473323457399,0.004078139883498987,0.1122494528365603
190,0.9446090418016151,926,6,0.006624799468499775,0.3214026613507662,0.77745623749656,0.9024555494856983,0.24822864477649956,4,4.746286986644683,0.00384302768599688,0.18698745331987843
191,0.9439617826303822,934,6,0.006697572143757197,0.31610095373777763,0.7556072369660376,0.9009657220765104,0.24222878347784174,4,4.770759242375083,0.0039213046999827545,0.11356994765908575
192,0.9446569942694358,908,6,0.006636343777029507,0.32196472604121334,0.7695176000606663,0.8973060390757993,0.2391563059938775,4,4.7314569067313474,0.0041225755027835854,0.10710521943964306
193,0.9440212014028069,907,6,0.006575021029341864,0.33005919044011905,0.7563361425949024,0.8022397534695614,0.24434318763421808,5,4.756839425120463,0.00420330645141183,0.17949272281243323
194,0.9442787658920822,906,6,0.006529947795702332,0.32307512390478865,0.7751267957458304,0.9065498618365934,0.2529081219217156,5,4.768264643399237,0.004415946225723664,0.19306556253917276
195,0.9447810113236829,909,6,0.006524627018520967,0.3209090163971887,0.7929618838935515,0.9022905075477023,0.24888233775682247,5,4.8328141389163815,0.0013755700731887953,0.13150601683802574
196,0.944749005441313,907,6,0.006550738878090296,0.3221009066997829,0.7001623263621745,0.8046193284499791,0.2440916116745797,5,4.847980615885229,0.0016687165934775546,0.1843562540094015
198,0.9445045540964221,957,6,0.00646453289884023,0.3244059093043094,0.6997706916765253,0.8021180664732391,0.24711889094825165,5,4.8451808148837365,0.0017677671478716099,0.19957577038806615
197,0.9447938447766469,954,6,0.006589502669682413,0.3254893156633864,0.8252403626436354,0.8074296137928629,0.2468375000528526,5,4.824892349806549,0.0017103219936537156,0.1372786957067099
200,0.9442736917887796,903,6,0.006532274246705902,0.323000177735302,0.7922363780798024,0.8846599754671065,0.24050506692056725,5,4.841001329828195,0.001588584203164509,0.1447692562091948
201,0.9438896587708318,962,6,0.0064717895075276114,0.32605157938988694,0.7994866463308425,0.8041910007518978,0.23499844297823033,5,4.840865720020674,0.0016049932009413242,0.17550351998371755
199,0.9446917313176517,957,6,0.006471901125935658,0.330766189085758,0.7717925368536237,0.8927091663149834,0.655929280437073,5,4.8261675980589915,0.0013430632273685216,0.16337959068666613
202,0.9445005121379502,904,6,0.006393308816763787,0.32604823103252073,0.8214362982116044,0.9355434820194752,0.24829279010305297,5,4.999224781366693,0.0064859913583623805,0.1674576534171686
203,0.944410004829269,962,6,0.0064223428257581434,0.29480577375498396,0.8166366723725759,0.9378101638812817,0.23235665629765898,4,4.608983732250932,0.00167508675746459,0.13161655300651096
204,0.9443800027063276,960,6,0.006340162596979291,0.29219964926407377,0.8160009330303915,0.8842521708092591,0.23150930954628873,4,4.555761019810477,0.0016806419948269219,0.16561331375933352
205,0.9445019940850272,959,6,0.006485289225542909,0.2957747827673329,0.8218461165514986,0.9229272487057486,0.23575880290539283,5,4.595697691862896,0.0013728676285374134,0.1967873618287878
206,0.9443319970136471,959,6,0.006177536749568024,0.2954508793228772,0.795246495257834,0.8802836552808612,0.2796717364898803,5,4.590154064974578,0.0018002844077664286,0.4093994732205158
207,0.9446102430136476,966,6,0.006176376549380494,0.2934011221443906,0.8503025247947451,0.9338055490559913,0.22817623253967553,5,4.5706025743297305,0.0014647426008744567,0.4175488469574325
208,0.9446816519902768,963,6,0.006160680786077769,0.29079578131662687,0.832280046695921,0.9269680564454986,0.22897639548583543,5,4.584494886296964,0.006404476758592567,0.14396973697606616
211,0.9447500104519013,953,6,0.00554339166496798,0.28394748046463375,0.84302897993732,0.9173599784323304,0.27974914098019504,5,4.576696261996854,0.0013755249500214063,0.2126034953248654
209,0.9449028931217889,958,6,0.005611984962388419,0.29230057723511865,0.8899855989681152,0.9327759322879924,0.28356971350130605,5,4.568493585984243,0.005744104028247081,0.22033370774895594
210,0.9445065484632282,954,6,0.005559713773871387,0.30358577984278523,0.850240884334716,0.9325268156632043,0.27653363773792683,5,4.575288489437095,0.0012782105322879532,0.2303511715027304
212,0.9448997079791976,953,6,0.005599758346805454,0.296023342424556,0.8109994369885628,0.9256017741115512,0.6802069349807791,5,4.551363925736043,0.005455384813726078,0.43543619531292505
216,0.9444271453213793,941,6,0.0056094172465826365,0.404010634067638,0.8366007952587582,0.8922054640866552,0.2785161582688719,5,4.707005954885411,0.0061871452779979335,0.24389464759921978
213,0.944751235667302,955,6,0.005637693600991063,0.2892942435299457,0.770113879537394,0.9155296140402648,0.8169558777043082,5,4.5738414889937165,0.005631368789009503,0.13993828569752947
215,0.9442602655569846,944,7,0.005519563159877623,0.42254610290665723,0.4146866803801982,0.9126229943132579,0.8565603934522226,5,4.360473667199029,0.0012482819186579604,0.41651662952504
218,0.9440321939017962,949,7,0.005543298603261763,0.41384161097532896,0.8697334589760244,0.8926762645401445,0.28281316597817124,5,4.320969612782412,0.001020414981750505,0.050298333940842516
214,0.9441976386822251,954,7,0.00553447261120261,0.28624614147973704,0.8570911241941154,0.9135674575865463,0.70360897316015,5,4.360616425942235,0.0011701096048636933,0.05117141445937517
217,0.9440069444457488,943,7,0.005583627508299291,0.4118432681522318,0.7657624486517932,0.8920418426075976,0.6900311683503599,5,4.670362389270862,0.0064867957109323,0.2433282300538313
220,0.9443451153761548,945,7,0.005685723503270893,0.3101508016921305,0.9071800655818172,0.9118483481985123,0.2810361403324114,5,4.372188998676921,0.006179387132373376,0.23146431507641718
219,0.9444224719699624,943,7,0.0054861486980412,0.28127134314228874,0.8500837959170275,0.8864720082403907,0.6406195733224304,5,4.351950184878969,0.0009500290470488843,0.13497980734730114
226,0.9350213232355546,975,6,0.07680281446169893,0.28741505929278804,0.8989228309505296,0.9168143106208029,0.6372585654335906,5,4.871700463981152,0.006448174137193412,0.14657602966469102
222,0.9442837272839167,974,6,0.005641190422901184,0.2837224512102581,0.8545692374161804,0.914160816241633,0.6453742900563326,5,4.419890209208969,0.006005895404805942,0.2672454589634172
228,0.9301514291094021,973,6,0.13555638731038858,0.27992327278886825,0.9127475104231277,0.958585105361878,0.7622750573988734,5,4.872940123909621,0.005814991167632824,0.12562077688767648
223,0.9445364535290721,975,6,0.005566294281448976,0.27906582799140983,0.9021766395237828,0.9063380416944221,0.723705681269333,5,4.363061193312956,0.00629306236828617,0.12897693701279866
221,0.9441615522272695,974,7,0.005552342557984061,0.3123454968502609,0.8901646670861565,0.9226595826978687,0.8779864585006623,5,4.64977793040915,0.006106370829620672,0.24571069189021352
225,0.9438274514332026,971,6,0.005511480258094609,0.2766425929251356,0.8973440417454389,0.9209370198355363,0.6366853961304969,5,4.420037101599155,0.006749026241936749,0.13945345208652132
227,0.9443929363472631,972,6,0.005989455436920262,0.27831464353507324,0.9019155049239455,0.9619469964690774,0.6023285416995545,5,4.65964197471688,0.005202955595529986,0.13641475702352449
224,0.9442495642292874,975,7,0.005532114129317854,0.28079597333882167,0.9238368469395493,0.9150877156348806,0.7005793328567081,5,4.382991186517587,0.006642223916546915,0.3369184215124619
229,0.9444288631276393,975,6,0.005943991216006656,0.2674337763556383,0.8396836350853981,0.9515696772519805,0.5637597708751168,5,4.858414008038034,0.005339382840555982,0.13339861562960495
230,0.9442547740038012,975,6,0.005888206227059111,0.33725874037167713,0.8313454262083418,0.9563606338293384,0.599404714845333,5,4.847647429897618,0.005265003813390831,0.03457041860213447
231,0.944628276848503,975,6,0.0058905713572186555,0.336708483084706,0.806855259873604,0.9527924289657299,0.8151425272676004,5,4.442804304557264,0.005617495280666213,0.31848126856704223
235,0.9445177966502694,917,6,0.0060197023331327836,0.3383134769357289,0.8312802521341904,0.8505649257796666,0.5764923536872187,5,4.4988380120796085,0.00323806762740085,0.09086293115668691
234,0.9441956839731578,979,6,0.0059238873653181595,0.3386266671180738,0.7929957636663169,0.8509650785076918,0.7385749541030964,5,4.494290075481465,5.220742172504172,0.03309449064940626
233,0.9444911257773778,999,6,0.005971778422665115,0.3392334937813137,0.8046888640806555,0.8530805306746087,0.8155770147886949,5,4.487874001763101,0.005126925558682098,0.037370679211521145
238,0.9443982014338861,915,6,0.0050638520279770805,0.3363050875120843,0.8300911179203841,0.9395279294129741,0.26181593521251234,3,4.991695944165355,0.009718265200924609,0.03424668948813586
232,0.9446660216231108,977,6,0.005998468146648944,0.33689154943985666,0.815250195693256,0.9608871858203183,0.8074509179238809,5,4.479452231621525,0.00759917998538432,0.03463906723226958
244,0.9421272730380832,164,6,0.006938340654383018,0.3109608793358613,0.7751709047799153,0.8710022166305563,0.2581879541725419,3,4.682128311953126,0.009127059166887464,0.1070276122217538
236,0.9445366758211339,914,6,0.005000503936063629,0.33358497297776185,0.7992866075575085,0.8581455767522028,0.7972826356592106,3,4.509225329078018,0.003179919232670916,0.03620083283577039
237,0.9444332933145005,996,6,0.006047383278885104,0.33841347871665406,0.8299826709151712,0.8558073871353075,0.7988194409471073,3,4.5454115567596505,0.008338145196293854,0.033675084799525606
239,0.944302239098886,997,6,0.007025606385502367,0.3411197761768874,0.9980268606389254,0.8587125651261911,0.26807494938230564,3,4.497404426953388,0.0032610650479170116,0.033381334981517366
241,0.944130975067117,999,6,0.006851223337822001,0.3104702556163206,0.7778172927453593,0.8518601450632954,0.2617692866140331,3,4.533001553900864,0.008355050220323913,0.11007092900569702
243,0.9444686575811622,911,6,0.007051424519776534,0.3116777459491861,0.7857535739781564,0.9372364594854072,0.2633548163818194,3,4.7074361855902715,0.0031712605895338458,0.0964145212838825
240,0.9441816054759238,998,6,0.007011395351202306,0.3394920868079596,0.7864249996850152,0.8553809540560499,0.7927605454361981,3,4.511647287858922,0.0032391879575163554,0.09852930599879597
242,0.9442365460547512,912,6,0.00500336399735977,0.3109402056437636,0.8027941479668135,0.9373840011023328,0.2591665527234496,3,4.692904660895362,0.008700757893879847,0.09966570759637174
245,0.9444113344071396,999,6,0.006925414746550737,0.30831697234579214,0.7775611183780264,0.8725330205183359,0.788581717830467,3,4.688708017210673,0.0078956353733614,0.07032410924958767
249,0.9439445242086805,999,6,0.00781998321864775,0.30901799030626104,0.9548544702983759,0.8073481456868911,0.22225013586448775,3,4.663856184845912,0.007733970555231012,0.053160594950031594
247,0.9437893069503339,950,6,0.007910236221130691,0.30838186164307446,0.7876436108283567,0.7680479979521534,0.7993888151979825,3,4.578687917790183,0.0074677738368758755,0.06772824543695943
250,0.9439724568238372,903,6,0.006982558850754992,0.3089080121878252,0.7812174397011256,0.8122991868777271,0.22631517891559572,3,4.70779577629838,0.008386461208683828,0.07092848787793998
246,0.9439154978748358,999,6,0.007018312257050193,0.31206161811181987,0.879485555012009,0.8060424943524198,0.8061738484183243,3,4.65396944106705,0.008314446818399625,0.06991538983014235
248,0.9436689446697943,999,6,0.008011322887735746,0.3120364196194863,0.8729453143423985,0.7730408032376096,0.8346434656010713,3,4.623038629640814,0.007752325127462765,0.0508467179093044
252,0.9436878791527679,893,6,0.007973989537053732,0.2596983598236127,0.7618237301979162,0.800468714985906,0.22621065970840085,5,4.7935538275050105,0.0020264625541064167,0.06327350566710967
254,0.9444968270991264,890,6,0.00804310931242896,0.2573309804963061,0.6523253763373169,0.8007123556411239,0.22605890416519964,5,4.794253850732267,0.0020500501894078764,0.07416440496535151
251,0.9437379282626155,887,6,0.007774751875980497,0.31341712373103076,0.7601698538210481,0.8045114729406718,0.964037727492471,3,4.693243271525072,0.004937587269789653,0.07145665123345632
253,0.9441405044042737,950,6,0.007817037072549975,0.31208645481183495,0.9470936069105081,0.7961463163880178,0.9947786429911101,5,4.795069705545651,0.0020935332597389676,0.0700391630059172
258,0.9444273811805621,950,6,0.006227583886422346,0.26213867558739773,0.8712857906487135,0.8953016509187525,0.22774559017712317,5,4.799008928418178,0.002109931410035246,0.048291885984366074
255,0.94380052069776,885,6,0.007901081531395533,0.3215197641735324,0.7138251588824274,0.7934496946264402,0.9119492178280214,5,4.784247180870049,0.004691914394286519,0.050088361660631076
256,0.9441426902762127,946,6,0.007754596892339796,0.32613496856554003,0.7568730600304416,0.7648848852230244,0.948189743712039,5,4.807519452268321,0.0021227427498807664,0.07107443354467216
260,0.9442570877197662,948,8,0.006470549298929953,0.3891085637107753,0.7157838351757173,0.7955635552212249,0.22881829945462978,5,4.796175423359979,0.002147057472741129,0.04777461103364998
257,0.9438247202673565,892,8,0.006311210261134177,0.2591930095505456,0.6509274467154585,0.8945659893542591,0.8348687267228199,5,4.822055166510764,0.004465809104617674,0.046104311940003154
259,0.9436993198885668,943,8,0.006197771243199609,0.3247551710680219,0.7102248818593042,0.7956492410360246,0.8384591050018716,4,4.792697125530943,0.0022861867136332943,0.044324164248318865
263,0.9447025641420612,950,8,0.0062352637855719595,0.32676542516161783,0.4506126575431917,0.8996885266940559,0.2459398223174051,4,4.972740009495096,0.00448226524288792,0.5944254187785862
261,0.944628615504719,950,8,0.006103162517640352,0.3272197378660046,0.6574403075194427,0.8989156896804111,0.9899411212087976,4,4.818772500275151,0.005313101994776647,0.16639167517843112
262,0.9439888062484233,949,8,0.006238857029326904,0.3255186112488213,0.6755414769554302,0.8951188081213319,0.8356701076253897,4,4.919241797981111,0.00518960498310233,0.20435059854143153
269,0.9441483107170466,927,6,0.006147315757178591,0.22915533641544672,0.8060382285007426,0.8801375522457726,0.2479096735801277,4,4.999117483163314,0.012115417821020139,0.19995500094374766
268,0.9443071159571199,930,8,0.006127179189673424,0.35753620791220025,0.4545825204334734,0.9790848308652785,0.2473573349312494,4,4.964858629054778,0.010719793953797461,0.20198594138080267
266,0.9442426971787464,935,8,0.006267338634346152,0.3615233397049363,0.4600068205273901,0.8288641456380138,0.8519580563430339,4,4.918041245316008,0.011441494970818554,0.20153039849413942
270,0.9443604629210267,925,6,0.00531207903167879,0.3614867636068665,0.6801990750617783,0.8298153169919688,0.2490017437946864,4,4.952894468747681,0.0034223776411712228,0.1616545571110182
271,0.944221917567299,928,8,0.0053175119481605705,0.3483947259183806,0.45321606707632583,0.9291901453715037,0.2466026974757731,4,4.9652022778036375,0.012941428625763113,0.18209277240495747
264,0.9438732206381459,940,8,0.0060322951777108886,0.36383885681102446,0.7147028671912996,0.8976807263225692,0.9040006557227727,4,4.999705007284761,0.005122409890147834,0.6509406342794386
267,0.943783666158818,929,8,0.006220762034065797,0.3864703408146681,0.6744767639871939,0.881512881791092,0.835800340206438,4,4.971654877706703,0.0035798227737002765,0.17688233652368548
274,0.9447822699350737,932,5,0.005296842891300192,0.35920424236891196,0.4313740730930332,0.9278170208963953,0.24412321815458282,4,4.93195917323825,0.014581162814956283,0.6260600142737093
275,0.9443469657227521,963,5,0.005377679930628574,0.3624305345589763,0.4349402611434786,0.8236976851431915,0.21700892405384503,5,4.996340021955216,0.00352898600211938,0.6368099294683565
265,0.9439585557428026,934,8,0.006308964997417032,0.3601135509020874,0.8108478439796777,0.9806206808834094,0.9339389321009683,4,4.999437404125859,0.004782938687712265,0.19216197946969377
272,0.9443793974040002,963,8,0.005224906297128823,0.35499194017555397,0.45148767299512244,0.8331793963444489,0.25122334150280407,4,4.974253732030535,0.013180594891910499,0.7126917470618684
273,0.9439171614126112,927,8,0.0052922130782502574,0.35849631245020863,0.4175315574015761,0.8343258896843546,0.24764271128153045,4,4.982979779679203,0.0128056784795514,0.6607079367191078
276,0.9448106820957813,965,5,0.005405645885532173,0.35116605690754443,0.4276542303746344,0.9258612747527482,0.2175525149917194,5,4.239019823002384,0.0032031378327214053,0.02461458590812343
277,0.9438747965114466,965,5,0.005293320014792531,0.29301334515268773,0.4104515279711695,0.9358075162892616,0.21757603303800227,5,4.5749868336780315,0.004517022531213813,0.5184270154581331
278,0.9442349785304482,968,5,0.0053210314042204535,0.5819480204074634,0.42184462457931304,0.9174646820626163,0.21488486955414296,5,4.039550208253216,0.0009136148042918822,0.5057085947504898
279,0.9439801926919429,974,5,0.00552097810156084,0.2937127122893303,0.41128484279143046,0.8793245890560182,0.21540640689574783,5,4.1464591032621225,0.006867917580474741,0.02601741639553045
281,0.9439998310997781,962,5,0.00504508106480394,0.5468150284165731,0.43356450951293246,0.9269955902039075,0.21609440781133882,5,4.863684634102132,0.001393931615295676,0.5806001424716732
284,0.9444788725797482,967,5,0.005448476470306522,0.2970014359342246,0.41906522324494927,0.9188267780690229,0.21425631020181501,5,4.049317186658806,0.0009103679146524085,0.4683522450006405
282,0.9450254021383412,968,5,0.005309809606751506,0.29425827814737016,0.6205798411305142,0.9180210584491598,0.21382350565589758,5,0.06732557873686895,0.015376563702864691,0.5281962172823069
283,0.9439993812975317,966,5,0.00531485365164245,0.297157984487447,0.4306570790211682,0.9282029872933122,0.2122366463278923,5,0.02641033927094405,0.0008773583535189269,1.041231005600171
286,0.9434995581188648,964,5,0.00509454835467801,0.2937547851053021,0.40896594086330246,0.9269281085940844,0.21243355728311578,5,4.602497266749248,0.016967738373849975,0.5306220700404003
285,0.9443184142381467,964,5,0.005080144928125211,0.30056880225262617,0.4021319442530884,0.9276279860594339,0.2145655671750051,5,4.080172267701081,0.0014227991973288564,0.5201839858259736
287,0.9444561215612384,962,5,0.0056567582483168935,0.2951271179609194,0.42224908946398615,0.9226467574312869,0.2004635977773317,3,4.889449061033684,0.0014795933805684287,0.023349788727860712
280,0.9436834510531561,961,5,0.0050148307993649974,0.5926172294718547,0.693071068370176,0.9235758061267799,0.6746078437811156,5,0.15206246824211167,0.007098920372359217,0.024234209146830707
288,0.9442508092735572,861,5,0.005692522219839554,0.34622335691678374,0.3969593235752391,0.9270618734294278,0.20182984046557512,3,4.881045587684139,0.0015396006277747874,0.028834857234645937
289,0.9445885126600965,860,5,0.005714749397389297,0.3403533492854393,0.39732661506400324,0.9211079670041391,0.20043432178515247,3,3.9473016340900866,0.0012345019658192501,0.023804410874641448
290,0.9449894670089671,975,5,0.005698069867594009,0.3427350399263199,0.3992885232814916,0.9159853477709536,0.2373949648471153,3,4.212986132383205,0.018970604285261622,0.02378154641777456
291,0.9440683106218681,957,5,0.005024351307868008,0.34482187573861206,0.3878069313837249,0.9098008461741977,0.23400560582162205,3,4.269035464895915,0.0029754772549746033,0.02306533198394053
293,0.9437057199170535,856,5,0.005683679525056862,0.3401348142919649,0.39310794850886965,0.7012873277972659,0.20086313471728964,3,0.3352147667403292,0.0028238199993287573,0.020495827770645438
292,0.9444503137897702,984,5,0.005058009027942374,0.3418201752037978,0.628942884220549,0.9043120025094105,0.2022908454162548,3,4.246758391566618,0.01631324363153295,1.0543401373021075
294,0.9447588572585026,982,5,0.005727518472559142,0.45817033536893204,0.6229458914284439,0.908179388477073,0.2007326032383936,3,4.266155720091512,0.01736744530435011,0.32116363216176097
295,0.944562482572772,981,5,0.005819604904622737,0.34639473141581767,0.4663633121981324,0.9104708522931912,0.2329501775908788,3,4.870062053220573,0.0028980202829028347,0.023448113515706966
296,0.9446903078135576,985,5,0.0068335438398809695,0.34361897001478386,0.6265411028159643,0.8798045620789995,0.274079804209487,3,4.278059353482154,0.0027663262935266435,0.022101652404604398
299,0.9441889797280701,911,5,0.006929270528922053,0.3298345605084958,0.6178897779969916,0.9045701340646802,0.23913880014501349,6,4.20917142403013,0.021247204069474397,0.3784490167504892
298,0.9444531931503237,982,5,0.006840064937235164,0.46452462574206466,0.6205251939606847,0.9074625840259558,0.27564967712969957,6,4.736970992476746,0.01601991730187014,0.3566760945398334
297,0.9446705154710788,983,5,0.006837428584373547,0.34377464239204253,0.6135154627392044,0.907362938571859,0.2755472900125874,3,0.3314439990985753,0.023253369153813833,0.7730711961958691
300,0.94439450700244,985,5,0.007015360098879478,0.4743523321771357,0.623236030028925,0.7037112986281084,0.231769881941972,3,4.23538074517518,0.027650594405778633,0.017483187632210746
301,0.9443666526591359,983,5,0.006838187664811988,0.6587066855462266,0.6216149941534265,0.9473476718453309,0.23532499659449965,3,4.16507484562172,0.01820949589812483,0.8945809253132101
303,0.9445418428070347,984,5,0.006824360367158686,0.5178330884344685,0.49369630204361514,0.9446396572554653,0.2737183397880391,3,4.706857513329712,0.019165488866365592,0.3467876060434239
302,0.9441482418378164,985,5,0.006930439877211617,0.6796694554571225,0.43562330092108575,0.9447550409946016,0.2787632499880823,3,4.162974533792175,0.023724900601504218,0.017234621586181647
310,0.9428905081352319,298,5,0.0057502701623304096,0.38492997805383267,0.6511000369008688,0.9458863512712994,0.2585813827530909,3,4.142472152423595,0.011898301499469646,0.01490843704881721
304,0.9441704272117377,983,5,0.0068176421615836974,0.3970852449931831,0.6108522792143225,0.9456693934545508,0.2707718181751253,3,4.151203926335774,0.01983594808980104,0.388695948097502
311,0.9419418637170993,245,5,0.005810922368472354,0.3966799620400896,0.6650096291266722,0.9476032618642399,0.26017515541720043,3,3.917042122153295,0.014594046503842661,0.3203904870527759
306,0.9448860678043387,982,5,0.0068398586480214844,0.4540094333870364,0.6216422345244195,0.8693292326560447,0.23431468484269935,3,4.279538264718576,0.01600381525122068,0.38418127614365527
307,0.9450322044841506,981,5,0.005781154901592983,0.38000466710701847,0.655436940857905,0.9488715869678365,0.231556897647793,3,4.313481430072555,0.03169403344729329,0.26303472410940343
305,0.9442966212671136,985,5,0.0068002655868660555,0.49349987757195546,0.6191851619841512,0.9460499741937469,0.27538244287237634,3,4.141433344199754,0.023748847411469907,0.3437735793109103
308,0.9445915558697283,986,5,0.005767750337278263,0.3864161811334594,0.667023492821486,0.9413644220496534,0.23006038197984643,3,4.153614922812516,0.03187378126791317,0.013511056325877895
309,0.9448493363893169,983,5,0.005809044384866076,0.3758635141769647,0.6452850272441627,0.8421847562342336,0.23673126801748512,3,4.166836678485096,0.025302200486807404,0.3129318713425972
316,0.9370918047220386,915,5,0.046310470894335036,0.3745944019584099,0.6527045925542284,0.8693653318544562,0.23004416845486017,2,4.419138380885204,0.04004247953338066,0.00026907409804404457
317,0.9377712346683442,945,5,0.04519109493945711,0.4270034269409256,0.6378716542445616,0.8154050479591031,0.22762423280536392,3,4.415028865615585,0.034225566504259446,0.2982277531663834
312,0.9449718057481304,908,5,0.005817379776177254,0.38872179752388014,0.6587820938152855,0.8722025133153481,0.2590929317008446,3,4.350896039508481,0.014968632929679732,0.2973438202610612
313,0.9446763138499247,913,5,0.005747528010697922,0.38567412084021857,0.6569669183860611,0.747332342731726,0.2597513308753908,3,4.402557400706479,0.010355576548250763,0.29489461243031523
314,0.9447633542373449,912,5,0.005822971196969899,0.4300257098259464,0.6624134079596834,0.8695135509922679,0.23269479477926316,3,4.369837372391453,0.02985445878881872,0.05601443592168036
315,0.944236921759644,914,5,0.005596437744810632,0.4304014815157853,0.6492309472936746,0.8714548063828994,0.23262584954868695,2,4.365725500487103,0.0344087821436967,0.05466833963029843
321,0.9394599885038477,999,5,0.04174080861010088,0.42805946173935744,0.6436665906077372,0.8408421953186799,0.22544061583317612,2,4.3357813533845775,0.036292368121844894,0.2659417775899352
318,0.94420969776566,946,5,0.005697744983249856,0.43049013962476246,0.6445008900012505,0.8428561763670491,0.23284882488090425,3,4.339587334622487,0.03060926123448714,0.29236439036986195
319,0.9445141262221914,945,5,0.0057062802433798495,0.38011376710023964,0.5708197019235659,0.8708491561309368,0.22389082721355286,2,4.357160731302863,0.015716823766050537,0.294896093317709
320,0.9441658488301687,1000,5,0.005582059533420642,0.4422413961048812,0.6412907864093603,0.8446841180598055,0.22762676246267696,3,4.302141133052779,0.03588676673101158,0.27006187048485186
322,0.9449729673024241,945,5,0.0056711317200924295,0.4212841272326602,0.647965883317355,0.8480395894680536,0.2260607577369562,3,4.293085525578013,0.03332326653296874,0.24646222386021976
323,0.944421478439246,996,5,0.005778520375541925,0.3708918761369401,0.5792790624092696,0.8420510718480769,0.22149230703637404,3,4.314708989048919,0.027632679497128512,0.25591810761615896
324,0.9446417103856708,942,5,0.005892268005689826,0.4324510731782332,0.6430815987840837,0.8475043948475729,0.2564988494140941,3,4.313657042081271,0.01906513975751934,0.4119800644245628
326,0.9442280029429382,1000,5,0.005993977052472756,0.4267103516821548,0.638386194423627,0.8612660466866746,0.23806616483157544,3,4.346664203637223,0.029906153351000893,0.434237821911994
325,0.9449026927458462,997,5,0.005961650689839428,0.37652319039927284,0.6482652763585279,0.8460470752700138,0.22468174472241287,3,4.320603219404047,0.016341173726919404,0.4123597138748804
328,0.9446189291020446,939,5,0.006073806620318931,0.41136834575962133,0.6716464861076138,0.8432785788158301,0.25115286158146827,3,4.272418433611218,0.01946199656158023,0.40566453236371663
327,0.9443932024715622,997,5,0.005923319127561459,0.43500279568116856,0.6711875788698987,0.8432210300598936,0.2531303635761142,3,4.303302185781938,0.02750213834469472,0.4567283788878131
329,0.9449424590215021,934,5,0.0061458397548835204,0.40840992202681387,0.6728893165450804,0.8707084352150251,0.24977084170711739,3,4.253926849188992,0.020092231486603575,0.41642336285006015
331,0.944477955233635,970,5,0.006368282956198887,0.4114506301877738,0.6703029832795032,0.8580871781972932,0.24842748899651776,3,4.23895405619548,0.046402240186431166,0.4341492833163836
330,0.94428466237165,970,5,0.006416994143610756,0.45761559192126916,0.6616182198663999,0.822964739358161,0.2497121941940422,3,4.229201138085904,0.02124199909127558,0.42513822032530774
332,0.9446913169986448,933,5,0.006350463572146772,0.4064787865374062,0.6698262845817228,0.8612116042647356,0.2522526189151697,3,4.263954757295654,0.048657797172025896,0.02940096697425668
333,0.9446217948954772,938,5,0.0062860968332654225,0.4043151875610248,0.677846174783809,0.8638513739141895,0.24992113898740276,3,4.26217883396058,0.04125824040660654,0.45038056869265736
334,0.9443225313375972,935,5,0.006344509882568439,0.448886085545882,0.6703236139044266,0.8242061154112436,0.2501522780550691,3,4.467185885571972,0.019502135197090573,0.04090052087042421
335,0.9445377257075844,932,5,0.008762178624539025,0.41157976674505176,0.6651849548103766,0.8245246238155706,0.25028339118629944,3,4.022284307683508,0.04949928922935373,0.043153177602183415
338,0.9445783467118714,968,5,0.0063671169837724705,0.3911601362077019,0.6814523080757128,0.8632004309316051,0.24722037526965268,3,4.633941416391275,0.054945869371884615,0.04280472456915905
337,0.944352019997185,961,5,0.0050056941404308785,0.4472336781515509,0.6819473601359298,0.8656238478098165,0.2502356152989753,3,4.045422237562755,0.05093388748187658,0.041742034306289644
336,0.9445018406721962,930,5,0.0050017308301650975,0.40249283241605005,0.6701382863324147,0.863228051312436,0.2535100720885042,3,4.237221135791742,0.047596192918007346,0.44746708781258066
339,0.9449967849053797,970,5,0.006351595876025938,0.4002752257774772,0.6824165801526957,0.8219896007350547,0.25354990705200925,3,4.033677201044502,0.050205334082401194,0.46885747200043654
341,0.9433199722237198,930,5,0.005052749771738424,0.40567382375476096,0.23573403205173388,0.87625433596787,0.2154242972897104,3,4.054988601689119,0.013892555818111978,0.6025372900459135
340,0.9448820404566124,965,5,0.005239591725834383,0.39741269123739775,0.6889561634668151,0.8250242729182293,0.21399507364349818,3,4.075308635061644,0.024586835318708603,0.5530820782327074
347,0.9300260130762418,959,5,0.15037121455420147,0.3716756879537871,0.687677239463347,0.6664054463044617,0.21522064113703573,3,4.439056806847094,0.014937647429528902,0.5752515623245607
342,0.944547377148831,957,5,0.005035474574778789,0.3971800064432955,0.6881877360734746,0.8858370376136088,0.21195932563299338,3,4.035807564284215,0.014373478924878334,0.5653550145225726
343,0.9441829214866735,959,5,0.00529336731736462,0.38917620703989064,0.7006050459384214,0.88815346776062,0.21631168036833925,3,4.085377750335904,0.01426995227914514,0.7136246652191945
344,0.9447418179979884,960,5,0.005287601620587257,0.39576504495561055,0.6937680081782174,0.8826585603527218,0.21459461780617728,3,4.627112119890801,1.1754867081578093,0.6450370985495922
345,0.9446358420839699,960,5,0.005000518960596458,0.3945809393946022,0.6871245722962169,0.8834395861778551,0.21582879766297175,3,4.654348832588395,0.014450570506897771,0.34473483874052324
349,0.9439498393892892,955,5,0.007515544669475471,0.37788193433777506,0.26904745431450977,0.8847352553680187,0.22041720080777338,3,4.080864883926824,0.01500088368641255,0.6907933080619879
348,0.9437584219208943,959,5,0.00538982619651872,0.37803427051566246,0.2768158136588863,0.9620990739668771,0.2944626776907377,3,4.453884255394038,0.01575576513832288,0.34244176097831375
346,0.9445739092196372,958,5,0.0050833509596842005,0.37566203828349476,0.6916812739323905,0.9963731637305123,0.21600324044314256,3,4.070041073315343,0.01650752762144085,0.5248336087372402
351,0.9447471133497277,951,5,0.00733457917093777,0.39084963685618,0.7347739603510635,0.9662362957954992,0.21375009151969795,3,4.077130344524965,0.01468199446793347,0.6637957074788392
350,0.9445725055444127,953,5,0.007304383087590212,0.3803217639369919,0.6859831420282118,0.9666288360910615,0.29878083131641836,3,4.438598415862376,0.07267252893597241,0.7369282274794222
352,0.9447084762759997,952,5,0.005411509175826655,0.3810345107693044,0.7079751715659046,0.8896274210968204,0.2917566796718757,3,4.0903288649675655,0.06592892355439094,0.748258589518919
353,0.9442998178895767,956,5,0.007302240294339487,0.38487451736695927,0.6507217263304498,0.9704146395235055,0.2900237075162753,3,4.134814413682119,0.02368859760562511,0.7261636782952546
355,0.9445846585540709,898,5,0.007087358013169391,0.3811995204484778,0.7334566447140654,0.9673139171710052,0.3004207196128408,3,3.9587524122649835,0.02434139779423639,0.34865853497329147
354,0.9441572493626218,954,5,0.007401044805819154,0.3733146628523078,0.7338356477403323,0.9688469318395166,0.29396964568532297,3,3.913552682025395,0.025125251520357193,0.3232127875221127
356,0.9448464455488915,977,5,0.005462624105180407,0.37126495407387833,0.6541589695329892,0.9638015458281692,0.29394665655835295,3,3.938107915359975,0.023217965779586403,0.8061318101140456
357,0.944584899631377,917,5,0.007359878730240668,0.37104645885893794,0.7324229799705713,0.9694273427340462,0.2880828874973165,3,4.503036080424546,0.07110652450849839,0.3531731683069093
359,0.9448734430763152,900,5,0.007359997129920787,0.36816604763835536,0.6549452593066607,0.9664474996564428,0.26638390767498205,3,4.162824421646485,0.021205575704494935,0.2380044862533415
358,0.9446277988683894,974,5,0.007334473035923213,0.3686786159026802,0.6543425368754465,0.8325921874256034,0.2358927367168185,3,3.9363614061088645,0.06815993296496564,0.24600039547109945
360,0.9443901206478162,899,5,0.0072377355850019075,0.366936971454698,0.6528526787165052,0.8374506197007284,0.26653291341907026,3,3.9247991939894398,0.07150611572226573,0.2583638291079994
361,0.9448201472500187,919,5,0.006079106805490127,0.35791667419828255,0.6440152951350594,0.7747784624797058,0.23727455989243543,2,3.961881719621719,0.022572723607755682,0.2540189294954282
362,0.9448753132517815,901,5,0.006085190149113663,0.3636897696691912,0.6548273243797111,0.8333324731647646,0.2653318882262275,2,3.936368627685501,0.020705844904683683,0.3593584839558197
363,0.9442953490886016,919,5,0.0060091367060131065,0.36457048531945874,0.7216122134954259,0.8345584366422444,0.23411128108455437,2,3.9472918526565777,0.024170586393879773,0.23632485632841457
365,0.9446833311824229,979,5,0.006055488781527717,0.35501077685661697,0.6539401395246107,0.8356249150080773,0.2666639115583509,2,4.530958177654345,0.021330442581644456,0.2309375050664442
364,0.9443988975315625,978,5,0.006197667488967996,0.35692557207528075,0.6542169994562549,0.8336758119959908,0.2675167401966911,2,3.870924295237704,0.022518437241817603,0.24955480353655168
366,0.9449880262850657,984,5,0.006068437082594245,0.3589898672209053,0.6527000047549888,0.831757699474079,0.26523860303454067,2,3.8933020012003983,0.019783833720878184,0.4992482700275648
367,0.944652650703425,976,5,0.005927062251326412,0.41800004216596987,0.6316210144966755,0.8125661911771921,0.26540553353356294,2,3.868044288513542,0.021857551039301537,0.24265823698910324
368,0.9448017909351301,976,5,0.008249760164237313,0.40565356437184713,0.6522279064458437,0.8342493585952554,0.5268026528394321,3,3.8582557026516957,0.022000005985748198,0.23362420694132033
370,0.9445684374953232,982,5,0.006176935642595007,0.40877986743204525,0.6315473232525448,0.8168723162195825,0.26666821421640047,2,4.227670595868452,0.021772061317265345,1.0544762791934135
369,0.9444140175662492,981,5,0.005984129798315609,0.3571896446996028,0.6354296239629423,0.9876121953045178,0.26763375170487014,2,0.9837667565176003,0.022246273186719918,0.2511812970354808
371,0.9444893683133792,981,5,0.008552560165196727,0.4152527523784949,0.6309317472784302,0.7423799201256674,0.2684572194986676,1,3.793399733776551,0.02313021951603811,0.237873998241548
372,0.944512669322107,882,5,0.0061712465543085175,0.4158909931068865,0.6306226964828172,0.7347782756097191,0.26544381179764237,2,3.753619903585376,0.023436020360331117,0.46538324080839183
373,0.9445421423273244,875,5,0.0060926438303869545,0.40951346366014574,0.6378353617284175,0.7730957548944046,0.31263065804064477,1,3.8739191988793977,0.02319075283404732,0.2773435348926383
375,0.9443233234487464,872,5,0.006658185427569423,0.40586367643475485,0.633729294678843,0.7798449321773105,0.2682298174347003,2,4.167183768986307,0.03650309844030797,0.47378891281751323
374,0.9448003705619105,890,5,0.006490615961254505,0.4155384451850861,0.6313382575405,0.985987412962553,0.26815800680339774,2,3.777663778865507,0.03379135297274189,0.46358676360121936
376,0.9444129541126776,878,5,0.00853702712953401,0.4167491908581026,0.6310763608585287,0.9821657136716839,0.26830104077831635,2,3.7501739127217606,0.030708577790183978,0.49667709621294875
377,0.94405443980595,1000,5,0.008172752818301895,0.41370605156062396,0.6299857627596913,0.9842804230602054,0.3139397024296014,2,3.8101626285754397,0.0319846955055364,0.4972947023123758
379,0.9448641913433292,1000,5,0.006602502444377349,0.4829942113914323,0.6307014340297228,0.8538648739294424,0.28612372390739055,1,4.156276731135351,0.03358694061023083,0.48021901309986503
380,0.9446240825208246,998,5,0.00659470623432404,0.42080165717871587,0.6271979233185914,0.8519411315251487,0.310868590937454,1,3.778759290750934,0.03225248539119988,0.5195592511703919
384,0.9444813845844067,990,5,0.006596079171874428,0.39163808448495124,0.6108611996632749,0.9995723924758217,0.28314542594334763,2,4.167912315869253,0.03122644276738694,0.3685756127239178
385,0.9447360060520215,997,5,0.005500553627001037,0.39172244899733405,0.6064941159363038,0.8507005666632513,0.31186890356948316,3,3.991866819192132,0.0298000825977626,0.40621571039777654
386,0.9443877411834951,997,5,0.005525162162375898,0.3962426860259265,0.6074752803298799,0.8545288352694516,0.20134324057791925,3,4.144436972900659,0.010559129975016932,0.3569598560050221
387,0.9443999693341316,994,5,0.00551569591353088,0.3934916819050254,0.6096686714430413,0.853567492319273,0.23389400306019448,3,4.18281331691981,0.029043265786473173,0.3990413016785629
378,0.9438743842796891,995,10,0.006610640171116266,0.42139860217967,0.6286346864820638,0.9921213803722331,0.28107384466949714,2,3.807091962766297,0.0313253667097067,0.49175131866776667
381,0.9440641705626742,999,10,0.00664617394291762,0.39663886051982766,0.613196323971237,0.999951120368596,0.2810324151601251,2,4.15272796177415,0.03206521282643656,0.46457066329357527
382,0.9442805202252067,994,10,0.006646672139697224,0.39621714883582326,0.6165406046528189,0.8494007563827367,0.3051885891327317,2,4.187433778726659,0.027429264738066884,0.4543971816973681
383,0.9438755594011038,992,10,0.0065549089008229405,0.3931303443652835,0.6060844899204267,0.8517879107574471,0.2845467637666368,2,4.169526741893288,0.033994120137206305,0.497839091596901
391,0.9443701237548957,938,5,0.006716016694013492,0.45790610155061295,0.7027597792365088,0.8543184484115748,0.20072350571409345,1,4.136459219017597,0.017910180545068346,0.38360556361265563
390,0.9450495077817145,999,5,0.005573457956351717,0.491462882891837,0.7070868239624126,0.8474049167609506,0.23312021544539493,3,4.198031677131376,0.010997720278263557,0.3728686703194425
388,0.944348960089558,1000,9,0.006503724179664974,0.48076399450542134,0.6098367249555925,0.8511818935635711,0.2367443838613523,3,4.1036648111728296,0.018618378287309653,0.35907615122619113
393,0.9446900604745032,932,5,0.006761948171053427,0.5124687425638941,0.7035506058011225,0.8139335985631257,0.23613476983805165,1,4.1320203968960705,0.04313462814043647,0.3368572540660423
394,0.9442102540176263,940,5,0.007693603190734389,0.4914730773881695,0.703903824163779,0.8090659066963667,0.20019934298430728,1,4.161029154594935,0.010990017406512821,0.3389372096318549
399,0.9433205415209949,351,5,0.007755600439966767,0.4720101990277485,0.7071967805912422,0.8110372955706175,0.23467799771048445,1,4.39527421042592,0.011597648964889977,0.31183485845207004
389,0.9442458364018508,999,9,0.006614994513581949,0.514956082878655,0.6103963617786481,0.8504559795750892,0.23471901332401301,1,4.181469708858323,0.011760433300138012,0.37821046883187354
395,0.94470581085851,933,5,0.007465743985153518,0.4893515664082848,0.6750650953774618,0.8136008200176734,0.23502777881800202,3,4.3291809849242995,0.04204582963419762,0.31601205270361404
396,0.944479413177344,943,5,0.007587415689851017,0.4427842402651573,0.6994119767427529,0.8171946485468198,0.23589474485788375,1,4.037884179660384,0.039966498405144664,0.3066564896830004
397,0.9445395791850556,940,5,0.007771429434598594,0.48551585261644825,0.6724258320090938,0.8133398796077435,0.20124484104778212,3,4.024303925323309,0.04127265891775749,0.325154974124376
392,0.9442536030568853,936,10,0.006804780225923577,0.45029560599424706,0.7056915547603484,0.8152404412940266,0.23901899535646287,1,4.1350922792329445,0.017570305028923983,0.35215827283451967
398,0.9445467655847555,935,5,0.00787261748364988,0.4646693967052583,0.6748313928208707,0.8162017345599317,0.23531242110371428,1,4.4122829106240316,0.042627337173354346,0.31401370268217427
400,0.9442926236626915,941,5,0.007673939014613323,0.4467704927085328,0.6995599757286655,0.8176613276411695,0.2269971354812437,3,4.390208642508469,0.011350358645669417,0.3200641325453035
402,0.943113302180301,972,5,0.005715638359891631,0.5112925261653009,0.6810595168412039,0.20046011780449263,0.22585210639747688,1,4.384644721736319,0.017410692758710686,0.03257121639240557
401,0.9445075357321967,903,5,0.007745556720825582,0.46796517875974397,0.6757631838367961,0.8726327898789861,0.22445411259936152,3,4.3953426350842815,0.010175853899394618,0.031281148846919175
403,0.9446109871180604,971,5,0.00563972345032279,0.517764085383368,0.6803202690759811,0.8755913858800354,0.2245683589044879,1,4.324922108282607,0.010416852003632874,0.5822802310995614
406,0.9447644406506599,970,5,0.005725657810630992,0.45101460320578085,0.6789206854105054,0.8288331682653799,0.22070405732973025,3,4.320693127650425,0.26927194911763497,0.03019974976163885
404,0.9449870865010214,972,5,0.005703605101650809,0.4945426219928126,0.6784948923597902,0.8724662964176768,0.22297168118600955,3,4.3175214476372075,0.01805012440697927,0.030964827567809633
407,0.9448380067995489,902,5,0.005666275748967917,0.5323532747152993,0.6869204631751361,0.8703476251344344,0.2198311069469761,3,4.288604469206976,0.009733148297789245,0.5545540531086844
405,0.944244781297277,900,5,0.0057718325872907796,0.445938542571766,0.676898830370084,0.8688811928318618,0.2173897475340445,3,4.299783257377099,0.017580096692226845,0.028344037366572126
408,0.9446815632821771,971,5,0.005754535594710439,0.34452401287912227,0.6609716897393333,0.8736619665519575,0.22040574926557255,3,4.419433683540782,0.332895414603442,0.032250401264907344
409,0.9447404863328683,903,5,0.005682630293182042,0.33016981852635513,0.6850302875125196,0.8803370245643922,0.21961287617560962,3,4.290571658610828,0.009092810311305962,0.028763142585433638
411,0.9445442535800972,909,5,0.005502396782455946,0.49530327765996446,0.683522948455681,0.8691837249131419,0.25592593324372476,3,4.534992715996867,0.009571713483587915,0.901884669847912
410,0.9442197645695384,971,5,0.005676686980609589,0.49735458560010254,0.6802378280195058,0.8725861046006272,0.2561863137612909,3,4.5500636484365895,0.009825991267283713,0.032177746283767024
412,0.9446041816413766,971,5,0.005812106199067965,0.3321738586102617,0.9334297296273389,0.8786595531540516,0.2570187647242241,3,4.2976524319288885,0.00922252008472408,0.5950696010067236
414,0.9441987783204,914,5,0.005936624813775734,0.33283146904005156,0.6589892365487882,0.8694094500179279,0.25916909304014046,3,4.550901761141628,0.017879890667253623,0.6392830666432573
413,0.9442099899805767,971,5,0.005906578611852681,0.5368835635952803,0.6612997972544112,0.8321802249256093,0.2562879248170955,3,4.560270436450555,0.01768241780892632,0.6175756185285419
416,0.9441863372703241,917,5,0.005990427195620371,0.5034623729411692,0.6647518692050537,0.8909962307758474,0.25279603264145123,3,4.482210638290219,0.017768364048972658,0.9375851485072988
415,0.9443047396236727,914,5,0.005999992880217926,0.4795404721096656,0.6619238784664326,0.8841754219928997,0.26008203023467785,3,4.264898000832286,0.1541829781919818,0.5936320182094637
417,0.9446243215108814,970,5,0.0060418145302163825,0.5386039111322891,0.6588013978113906,0.8900551362566995,0.24920072211809796,3,4.5067302456746585,0.013824148163393168,0.01941365999949968
418,0.9447086943935625,921,5,0.00616271128270474,0.5007480712581107,0.663613457204564,0.8943620231260314,0.25695516201469204,3,4.538874332341906,0.017645853258079335,0.5528179403199183
419,0.9447302264584201,918,5,0.006257245053407948,0.4819093687527895,0.659416255484025,0.8936858367850622,0.25359926245740333,3,4.5258646221504915,0.013124568319744062,0.6109842332108909
423,0.9438426278236232,435,5,0.006299248470914471,0.5279486600063774,0.6578474571723476,0.8391729908579322,0.255272959018396,3,4.04517083347879,0.01385786515600897,0.01639592086129545
421,0.9444067007134616,922,5,0.008926598576394044,0.4770282933775194,0.6663601613186023,0.8880368169695776,0.25869091666175653,3,3.6348577220615472,0.013333748698799582,0.5454458042505997
420,0.9444044746619713,967,5,0.00617722860082401,0.49127593468439285,0.6574597508899089,0.891371216092108,0.2570788513818765,3,3.6195376899296523,0.01763422204765036,0.019028916391681968
422,0.9442825928638655,921,5,0.006156944215264434,0.49931681438760867,0.6582985790258529,0.8970220805461382,0.25668464179852174,3,3.9967142276019763,0.018196138171660534,0.017611140849394843
424,0.9448704718767876,952,5,0.007128973071258551,0.5006807254020404,0.6561515857819545,0.8963222421101215,0.24779287787698456,3,4.004977751597055,0.012387027881162936,0.01676891221821546
425,0.9441434380333117,951,5,0.008788461582996421,0.4802788007651876,0.6476384855257931,0.8893964993864877,0.24655380187032336,3,3.989523663457238,0.01200630738343481,0.021788258347616628
426,0.944577717406176,949,5,0.006986730649480648,0.4731272182910755,0.7223647382146811,0.8977353646704472,0.24482459398360062,3,4.019773543309115,0.013051898203692876,0.41317649005130086
427,0.9439556701205009,949,5,0.008675561633015468,0.47926954141496864,0.7193490352246094,0.8382133512360339,0.2817624018734105,3,4.063425450235709,0.014359970933413046,0.038657443313585976
432,0.9344621793851852,951,5,0.09804483067768063,0.3113799882139579,0.5868803340312623,0.7190276575040484,0.2798396513494502,3,3.949518565942935,0.05860457323342241,0.039052849018690244
428,0.9439492643520783,950,5,0.0072643596266394215,0.3186865944301918,0.639739467875838,0.8334232550279083,0.27624560534315484,3,4.015520861525208,0.012807894759111801,0.020967181791859673
429,0.9399204190245019,952,5,0.024209741706891982,0.31693142784938044,0.7204980001401614,0.840030477336818,0.28896841568490533,3,3.978656994041727,0.014228992067850334,0.019901893021095917
430,0.9441048437481964,957,5,0.00895026246745811,0.3171232430243238,0.7199193383500306,0.7922330477397606,0.2836024629537615,3,4.030251154144717,0.013953511861929804,0.021227887611813805
437,0.9409367070213379,123,4,0.0071674670096476935,0.3163957719271011,0.6928552686937476,0.9134702989001626,0.2092698321176929,3,1.2473552357410522,0.02693910011253475,0.024715949910467806
431,0.9447894218951586,953,5,0.007057578313495306,0.35070789113757606,0.9890381974806373,0.8577977354603101,0.2864755805269991,3,4.007320846775592,0.02070763534418929,0.039092816069099375
433,0.9444699850717836,947,5,0.006853592575960626,0.3139020736469187,0.5871997045235055,0.8573349561007553,0.28259295646519134,3,4.220817330085214,0.024491419653907248,0.4090814940143072
434,0.9445000978189434,949,5,0.007118433453633822,0.3150744916251653,0.9781233733781354,0.9418405017769997,0.20067404123075328,3,4.001064368693025,0.012527899588907128,0.011843077541212015
440,0.9351705062558727,976,7,0.05928850488894847,0.2693071588711443,0.6918111928988636,0.9332298852876175,0.2079388295549893,3,4.244860300983446,0.019401908919866408,0.014635180601911938
438,0.94400306737998,953,5,0.0053250781082525905,0.3655514391291518,0.3596449314017734,0.9118023920509797,0.21029575875271372,3,4.6530537781895935,0.020154747755023118,0.01316700026295814
439,0.9444609086677478,961,4,0.005290101713220456,0.552828256352969,0.6920139290717775,0.912539058874744,0.21075669899282384,3,4.261510633437164,0.02564730579614333,0.024249436306298278
436,0.9445376756135987,948,5,0.0071706877007223615,0.3082331897408975,0.718716359027796,0.9148318881268942,0.20244489086332926,3,0.7737853275773685,0.01520754982781922,0.014954840849242364
435,0.9444374051958275,950,7,0.005046249662274707,0.5541851077428205,0.6911150427825856,0.9087462228145052,0.23294605688115544,3,4.006043909865435,0.013223822136362145,0.014687357295909668
442,0.944517559747462,979,5,0.006982065697860479,0.2666243093666039,0.6925832128440028,0.9345063284101162,0.23750115280376816,2,4.245594502341164,0.02027479681518796,0.20644955711086146
441,0.9445330126984288,890,7,0.005341820438515837,0.27147363719049805,0.6943049980350328,0.9363686679064115,0.20101904001884008,2,4.246305451899787,0.025856900387803274,0.014642295214962341
444,0.9426880532919857,978,7,0.0052914478560562505,0.2353285065236538,0.3067955057641245,0.9368301744238853,0.20149832005932533,3,4.655517805501989,0.006958800144491756,0.012457128515289594
443,0.9440385026131215,981,5,0.005347349309740844,0.5560278211888658,0.3581732353061599,0.9111213909933686,0.5492350655029039,2,4.436283225476215,0.0200556953752057,0.012205369509186192
445,0.9442930604196293,982,5,0.005015611057871688,0.35260153062807237,0.35185412426696117,0.9141780758948848,0.23551242303546271,2,4.64936059966754,0.007348893869236736,0.20182267018994027
447,0.9440490557461109,889,5,0.005227052686889102,0.3458445972638265,0.3097811047494629,0.907138741395586,0.23557875981824733,2,4.45874301629815,0.006905966144851741,0.20347057676548916
446,0.9445129991075131,978,5,0.005380659197908107,0.36300815902731753,0.6490971303387298,0.9049527722179291,0.23512226035229886,2,4.435897412804733,0.007688057130705415,0.026098353469277476
449,0.9428197441186686,892,5,0.0050260552688559616,0.3451856490385806,0.6410942991952433,0.7904487988406932,0.23363074501498995,2,4.454489232210466,9.707677062964084,0.215499624616868
448,0.9444245373032484,980,5,0.005000341649086713,0.3650169700446884,0.6451576436579443,0.9069407916234735,0.23599993278862705,2,4.414510769422409,0.007306768640121845,0.2081070245319205
450,0.944752651866023,887,5,0.00547106690556684,0.3474819399077089,0.6466804583926293,0.9550405481648024,0.2395417667241318,2,4.412673389462875,0.007187837654810164,0.26704099540349424
451,0.944295186283148,889,5,0.005290554828572902,0.24461632254049923,0.6433514203807441,0.9535947810573281,0.23722662605065445,2,4.471195010041422,0.007032693230781496,0.20518766288555845
452,0.9442329831200175,930,5,0.005427539651132626,0.23052717840492665,0.6454220779471506,0.8582476192580699,0.2282318633841818,3,4.671771810436014,0.007449271985020867,0.2748474809220862
453,0.9444971735825277,932,5,0.00500350348993067,0.3475316610130291,0.6460957297641279,0.7943496472224233,0.24027277215709153,3,4.416177423544498,0.01020716972375971,0.2707106999286292
454,0.9447061521237877,927,5,0.006328915395013436,0.3538328224396181,0.6448034532164619,0.860222603351559,0.23981536638511217,3,4.440011195034359,0.00819166976761043,0.27152527440132446
455,0.9442041018500064,930,5,0.0063250183079548,0.3691531057872242,0.6437176749159257,0.7927651550528345,0.22615106525874323,3,4.460065865199102,0.008496987260868345,1.9264413083403527
456,0.9444311695382313,929,5,0.006429328049802316,0.3728700367199727,0.6454344186001274,0.7953127084412053,0.22241767653030234,3,4.375685673720841,5.068366017127368,0.2734663506640939
457,0.9445800759980031,929,5,0.0063901535199957955,0.37833686082883333,0.6426634007815873,0.7903687266139715,0.22763992281301093,3,4.383641536682329,0.004649540855944617,0.264506285940357
459,0.9445336513967465,927,5,0.00641715027271703,0.3793020694822168,0.6478614737465596,0.8631519433238809,0.2253536481994938,3,3.865894192387975,0.003960461661219804,2.099385245323736
458,0.9442894202566678,930,5,0.006407600559130171,0.37521714171316445,0.6440644391821749,0.8690772472887406,0.2256266481957241,3,3.863542645577477,0.004355326758133071,0.27445400920205726
460,0.9445436180126535,931,5,0.0063939045900468835,0.36855031265496346,0.6703582730199362,0.8689772364551129,0.2227721473655149,3,4.329488061285476,0.004394889618495943,0.42190290082062515
465,0.9327407976669895,966,5,0.1677727635399015,0.38015733437756816,0.6735483087196434,0.832045357427232,0.2182926455591226,4,4.3248197513155064,0.004342375271896929,0.4457654774143328
462,0.944700065704524,928,5,0.0064556146878129335,0.3814108916915124,0.6718563212416779,0.8300969590992098,0.22130894517458555,3,3.86030309533921,0.004353081512687022,0.05205239358452526
461,0.9447243842473367,928,5,0.006385738956562769,0.38336013236225447,0.670013953539548,0.8604007482783335,0.2185896546841362,3,4.109750466134091,2.872751754266767,0.2740821261630799
463,0.9444264669653227,926,5,0.006273947251255652,0.38090493850495577,0.7441875215732101,0.8679528000668404,0.22046244261448372,3,3.8790962809383522,0.0038655531391829524,0.05540325563877295
467,0.9356216318186812,968,4,0.07799126955757131,0.43464835675615077,0.6750800754487035,0.829626421457398,0.21749350703506723,4,4.121390211102025,0.016288692262012325,0.44467604866110044
464,0.9450155910225149,965,5,0.00630498097753674,0.38071174708783595,0.6727008262120736,0.8333138015013081,0.220101662749246,3,3.8712941131758685,0.00410795741010263,0.3970812682157441
466,0.9442501810114866,968,5,0.00602895692175337,0.3325997522211841,0.6732399532147777,0.8265882498916477,0.27037369680353457,4,3.504223238414535,0.004509806542023331,0.4137552454938322
468,0.9440435078371937,967,4,0.00595814492477056,0.29709556533896037,0.6686949149616482,0.8347598794726304,0.2644450105095832,4,4.115395032672051,0.01628061399555452,0.40052248705074245
469,0.9444394788781111,965,4,0.00807236061452997,0.3009519215882171,0.6742940924352573,0.8444608280531865,0.26547221313737196,4,4.224218436101005,0.016404273071420145,0.05435801097019786
475,0.9188096341504728,964,5,0.2677107907096408,0.33009452322240707,0.7013799240597749,0.8481795712952138,0.2680330021126549,4,4.731814704310781,0.016321322459499032,0.8617080317097495
470,0.9436971945468604,967,5,0.008332327798625732,0.3289195293606198,0.6714108005295548,0.8289191961294952,0.2670609471611614,4,4.740847591209825,0.016780025329697086,0.00013849274487072046
471,0.9445567280261636,968,5,0.00832180812382733,0.29706420295329194,0.6703572759183397,0.8455026061196195,0.264356556407336,4,4.118818226720038,0.011400412560950793,0.04645185394197274
477,0.9147309004312529,985,5,0.25710847510763,0.2856732721139083,0.7095789134626114,0.8435912486919861,0.6204424986066926,3,4.737709582835934,0.003368585679350948,0.37626271517306437
474,0.9443448659498509,967,4,0.005898356096418217,0.43336824205076546,0.7015120942343263,0.8456146500628959,0.2687713881570454,4,4.6051565740763305,0.0164542472071478,0.38891531730452045
473,0.9445056822547253,965,4,0.005870268630982581,0.33409127307751957,0.7076181894332698,0.8437468296555324,0.2644057093751712,4,1.8747301481949679,0.01876380681802302,0.03668913161220904
479,0.9259484643928715,985,5,0.2537595201276672,0.3997047374645799,0.7044458765958569,0.8499890015384428,0.24784262116290748,3,3.699184627145646,0.0030570796739694374,0.8269973911087609
476,0.9450579945377935,983,5,0.005886511596295786,0.39970233058182925,0.710088806490601,0.8350153985846868,0.2708442762256055,4,4.753914071996611,0.0033202111069514507,0.7494032039575983
478,0.9452021566796688,1000,5,0.00571858759740964,0.40227218355051253,0.7077326698430124,0.8488791516534374,0.2457519734235625,3,3.735279505487183,0.0032198469563122054,0.38702952880900504
472,0.9437327080518546,966,9,0.00578097743972213,0.4321063864441066,0.6191033500735895,0.6610901517734803,0.26694607155217415,4,4.12477354951047,0.011269960433413535,0.7600421815208727
480,0.9433294853846934,1000,5,0.005745172223726048,0.3918732274583746,0.711628143471072,0.26320474246716263,0.20048630156355912,3,4.739316458152638,0.003458743722294115,0.764629431097903
485,0.9444024489864244,864,5,0.0056117171227502505,0.4009303675280549,0.617912872275915,0.8168939901728652,0.24629339789889226,3,3.709349072316608,0.002514027010762894,0.5190169042770381
483,0.9446026996942993,988,5,0.005640031814711499,0.42044753703670185,0.6203520435131725,0.8167951738582869,0.24283418750550603,3,3.706094079076462,0.0032610150067005914,0.4840023136956352
484,0.9445725138934102,864,5,0.005691567732390136,0.39519162486052084,0.6154288280003427,0.8093890444751606,0.7539048748394019,3,3.6993512502016777,0.005474145869422458,0.8081655591005511
487,0.9446290042549205,986,5,0.0055951965858595,0.4259864284246196,0.7214078237377048,0.8163451266719286,0.242311914484482,4,4.601857853271709,0.0026949005333913316,0.8139021555270622
486,0.9447101878205115,985,5,0.005655339202394494,0.3954010059109717,0.746784755733311,0.8224464409469102,0.20029465901330756,3,2.6888069576661175,0.027465695578923647,0.5328068556797708
481,0.9441082156996096,985,9,0.005680431105826202,0.40298829498100863,0.7039735795879072,0.8462465564642109,0.2007875871090626,3,3.7006749086760635,0.0028035471005575033,0.7256189506115719
488,0.94455419932351,995,5,0.005620355504260466,0.4228878359167647,0.7334812490075787,0.8172144720107504,0.20325609840248676,9,3.687659361895226,0.002494718630778463,1.1961672775524477
482,0.9443548857906177,985,9,0.005680211154481881,0.40462410355474376,0.7003790347482752,0.8434387626796096,0.20052803372686373,3,3.7247411161983806,0.027450547052364972,0.3648735672165882
489,0.9446921059789197,987,5,0.005569930923476703,0.41189590479566973,0.7362493407007873,0.8219980650663661,0.7702294006990662,3,3.7069542588627558,0.0025745740317123134,1.282498891209686
490,0.944382841365518,987,5,0.005489869404185995,0.4065959801999807,0.7475116485673108,0.8108641735704247,0.7475228757393666,3,4.553553831053273,0.002154828310981341,1.2940174845990158
492,0.9448646286220796,988,5,0.005502201721237304,0.415130669612072,0.740866078906646,0.8750853424400876,0.21290838486652214,3,4.593484379043914,0.0027520959408130342,1.1426598051664614
491,0.9445481233404933,999,5,0.005494839005188207,0.40511653985083185,0.7300417762038912,0.8753328852234119,0.21315769811655275,9,4.549224090040936,0.0023549272707134917,1.1851539585739292
493,0.9446487444161644,999,5,0.005419454977185207,0.41737064130937707,0.7569042576902971,0.8790197566153137,0.2098142091232004,3,3.50885720295787,0.002410681261745878,0.658588714502185
494,0.944875798537268,1000,5,0.005476589511048063,0.4149473184928115,0.7254796056379644,0.8770198767128957,0.21351406348570345,9,4.625376250352457,0.0025133276173584145,0.5204003150205037
495,0.9448122699707657,998,6,0.0068191958949399886,0.39312037014607165,0.7477942295160132,0.8785885268204042,0.2145934023097333,3,4.628804403478551,0.002591043399075351,0.6413031906239605
496,0.9445501844992801,998,6,0.006810992415625879,0.4281891306735649,0.7296342706598223,0.8777951504512781,0.21711383118505723,8,4.6043108359674605,0.002187119639719029,1.41439150009806
498,0.9450074006558513,996,6,0.0066940346879872355,0.4407948263125076,0.7503908485495777,0.8660490937734411,0.21851740598001262,3,4.597755026332564,0.0023036224003116024,0.629247612655689
497,0.9441467473672427,997,6,0.006954605172015733,0.4167242254327777,0.7464549811102186,0.8769309507982822,0.45188650922446016,3,4.524446859375261,0.002396568120282119,1.1265467840579815
500,0.9443609925605632,1000,6,0.006975735781736931,0.43510777555772406,0.6942710587158769,0.8780743055179802,0.22047833443175893,4,4.609027196113655,0.003509862293048378,0.6545166054685835
501,0.9447594990876945,946,6,0.006814500850001182,0.4501664527745406,0.6874922303426941,0.8804562408499325,0.2417001766193233,4,1.6236892412331816,0.0048301197400969905,0.6204260025407171
502,0.9445184082143451,947,6,0.006669796510437482,0.44205266909704544,0.6873683383187745,0.8744187495960521,0.24308817733785687,4,4.781425018880113,0.003611458807682059,0.6072127128241724
499,0.9441511618997336,946,6,0.0067334637839484525,0.4460629649275505,0.6902357497617955,0.8804998538644175,0.47504036976761854,4,4.634192729152728,0.0032873874859831237,0.6045539494213172
503,0.9442289651649137,954,6,0.007145274121426308,0.44383892185459056,0.6870875116358813,0.8601338570351191,0.24532986084904082,4,4.70244029380713,0.0054063628340863725,0.5217957180767264
504,0.9444674459328828,947,6,0.0068848041200922265,0.4445526891896584,0.6910994804416672,0.8612206952879946,0.24500854726796567,4,4.709464696991304,0.0035049760877241144,0.03052251404754972
506,0.9445319638556031,945,5,0.0061100854023907565,0.4404868356603977,0.5312076379409136,0.7545626439248618,0.24211090656667916,4,0.6046239204046746,0.0036751122975595706,0.029371363342374276
505,0.9439634910440198,946,6,0.006790120335039763,0.4409268263279511,0.6887892055586048,0.8584791671830181,0.24543856303848002,4,4.782606743479987,0.003615359740886341,0.03386829108550835
507,0.9441618726200531,975,6,0.006085253716255301,0.4530459389377713,0.6906279813957586,0.8548910279529282,0.2443480492756132,4,4.755383329854083,0.003357547111648312,0.9849801326506289
508,0.9447803246186288,975,6,0.006165675775069971,0.43817452903461357,0.6925238853120688,0.8599057469150052,0.2434804267783058,4,4.318479756791639,0.003860741975090401,0.63449953687601
509,0.9446712105251305,975,6,0.0062228792303719435,0.44819770411642784,0.6904407154452116,0.8567278218159656,0.24366177852973578,4,4.315804182690197,0.0037938413638665394,0.4963739344792336
510,0.9447660687051954,970,6,0.006127526041205992,0.46289004886210394,0.7175108878666685,0.8589094334258851,0.24053844974673516,3,4.319832915200471,0.003567995222147072,0.5065355959668636
514,0.9448729358747098,974,6,0.006084690888050068,0.46106783463112566,0.7138324322321842,0.6373262640155363,0.22809687327992212,3,4.318698696913555,0.055830423551879,0.39575839114652245
512,0.944770564640413,971,6,0.006045825389025086,0.4520761990975656,0.716114056063338,0.8598264546363419,0.22907664903919622,3,4.314431873120531,0.0035699200027666544,0.9366454266103266
513,0.94436223917027,975,6,0.006077247146632518,0.28485954832048094,0.7647249938723938,0.8553309850101404,0.22934358356301077,3,4.300665858895927,0.0035572399955932222,0.4126794903133146
511,0.9446420819160648,975,6,0.006033181632973577,0.45564420464274885,0.9364900239723595,0.858930664740795,0.23022141654067058,3,2.29341322209637,0.0033331849564830845,0.9343717697184708
515,0.9444350142516346,976,6,0.006108792634379395,0.46669472752043145,0.9305866350289653,0.8566335574384819,0.2252512812260238,3,4.31989830165115,0.005501087896914537,0.4359226513625707
517,0.9444351843624611,974,6,0.006082080973502964,0.4670791040857755,0.713899823967912,0.8968205538949526,0.2229156609470722,3,4.328650663806424,0.04977812809665564,0.431508959363987
518,0.9446726684688395,973,6,0.005021144532581629,0.2756322942583728,0.7141443909009544,0.8978529579789823,0.22727781315927068,3,4.309924419000855,0.0018035581074599516,0.4063931596499872
519,0.9443974114099865,975,5,0.006026751726665534,0.28031656289210716,0.7109328932156245,0.929842534758431,0.21981882307266282,3,4.240272393933875,0.04639879495869415,0.3788124853307902
516,0.9445758983683199,976,6,0.006155342609882311,0.4635981926003349,0.7137190516634879,0.8979239607424654,0.5804079397099107,3,4.328994333506027,0.0390886624072761,0.4442289259450447
527,0.942123624526124,179,5,0.005064336906334257,0.38732484944688506,0.5868048800996947,0.9283311669974004,0.2125477991388279,3,4.47400739599011,0.005598273583170585,0.3189818721648342
522,0.9448480829960495,962,5,0.005197967830092772,0.2857460649566749,0.886766382169014,0.8983789281872404,0.2242905238547174,3,4.242149077386252,0.005188256835527496,0.39108668252522305
523,0.9445293746227167,962,5,0.005189855311319238,0.27738161075234186,0.8702665686828959,0.8978249385592386,0.22418296508180233,3,4.21736650748954,0.09032635765064412,0.3198194890036024
520,0.9448182979470461,969,7,0.005184925426544106,0.2847519147840784,0.718682548295797,0.895959931130375,0.22596214148908172,3,4.231590475170599,0.0018762951922342394,0.35357855744058725
525,0.9442690654004744,961,5,0.005009812173548382,0.38684420222475735,0.660966745591538,0.8915157028999146,0.21798906225022666,3,4.4958465581515625,0.0017514665394513258,0.3542456289793798
521,0.9444605037413633,964,7,0.0050211516568647585,0.27987267234837504,0.5946812014098755,0.92052445772469,0.2249302942113649,3,3.382962353941074,0.09374655419896084,0.41409548609292557
526,0.9445848495373914,955,5,0.0051999799432928,0.38685157578004586,0.6630798496737634,0.5144904062913388,0.8765814506195889,3,4.229742814303857,0.001662022213741124,0.31220764462459166
530,0.9440378253006896,957,5,0.005400366568345382,0.38485254108959643,0.258179883984226,0.8365152067316735,0.25776647217491544,6,3.5797253926635424,0.08658462927525357,0.0634620438708245
524,0.9443501884358326,959,7,0.0050255660199641766,0.38439798655473967,0.9625351932656817,0.9265524282626675,0.22110723098816285,3,2.825141534283521,0.006199376134218195,0.32982992655289545
529,0.9436463418459923,956,5,0.005014781843313544,0.38002652530590375,0.23186756136417647,0.9299675958332143,0.29808996006428834,6,4.5200217388150445,0.0019431708026903568,0.3455213579077944
531,0.9449951078004831,957,5,0.005409696216783018,0.38335863991607005,0.6645645024851589,0.8341708289395106,0.25241928956011117,6,3.362185664236363,0.001956979087761691,0.040718375598377446
528,0.9445642400367706,957,5,0.005351828003342019,0.38746358573832057,0.5896442040384708,0.8350209809533217,0.5802916549772064,3,4.492841950514122,0.0048967942842990855,0.08644462338402747
535,0.9444461580762056,943,5,0.007474207080739627,0.36127806374755284,0.2543780967593689,0.8400372933406709,0.7229136338842747,3,4.522600182941894,0.0019283030450269597,0.04371001731991221
533,0.9442571806023647,1000,5,0.0065596722169328275,0.3874035072043912,0.6638368927177501,0.8326489575633482,0.25536629481357104,6,3.536240135239853,0.0021170763434378865,0.08715132976352158
534,0.944214083076659,1000,5,0.006613860854820505,0.3603047417779072,0.6606637547007884,0.8340341943814283,0.25616948288117486,6,2.813093798095098,0.03707079431341951,0.040452040434373775
536,0.944828478506017,942,5,0.006545081736960354,0.35862489783448975,0.6782398583209931,0.8339350080389129,0.2556510132164139,6,2.0745876584940084,0.035832636065095,0.08445994191776507
537,0.9446620871579832,998,5,0.00662007577202351,0.35885482735800867,0.6799920565360337,0.8349237811663762,0.2004016504728168,3,0.1937180444469405,0.03888506352426641,0.08599715013649192
539,0.9443184121508974,987,5,0.007575175739941285,0.30325190198826596,0.677078389121601,0.8395208940718937,0.2533230143443866,3,4.854613131337921,0.009656925945067804,0.07617258374893249
538,0.9441526761991763,1000,5,0.006505234523680991,0.35991710526880205,0.5619682221634646,0.8381849735198067,0.30300468297603883,3,3.8336550914892205,0.025984306470862285,0.07641083681029602
540,0.9444710203474882,1000,5,0.006565856651131358,0.35800361704666667,0.6303507630898161,0.8439791419373571,0.2768919352586223,6,3.81518882454561,0.0026995213637222393,0.041104047666162574
532,0.944086825045899,954,7,0.005383074737783292,0.3942865681186447,0.663303990658836,0.8330469748049325,0.8781551227007245,3,4.497044632402414,0.0017373852810054762,0.04598595776459473
544,0.9435090561472805,986,5,0.0058016548331483765,0.3342840879513773,0.2894539075363108,0.7215617176585982,0.2792876940524516,6,3.852565274270693,0.0030199036777092425,0.0569140816136542
541,0.9442040715848901,998,5,0.006519895753557987,0.35937233379784217,0.6615691474960743,0.6810454601854513,0.5154452141177523,6,3.4516592955765315,0.0020962575434726903,0.04495064471702569
542,0.9448090597811815,986,5,0.006569271559201809,0.3355642984518538,0.6649247563493429,0.5961802056988958,0.27812513417775986,6,3.5164815774103695,0.0023031601553702413,0.04747482454191118
543,0.94419281922335,1000,5,0.006581498651355526,0.3581864118627951,0.6233733225531823,0.8406447739850559,0.27994646366352965,6,4.825980708169024,0.002999761649538499,0.04785979139386999
545,0.9448320570951212,986,5,0.005856686571664478,0.3306815221559677,0.6266531509182439,0.8415197350259678,0.2795781250180765,3,1.3329617378497316,0.002802065865749039,0.0537073446576358
546,0.9445794059909443,982,5,0.0057729632338109306,0.34133276183551114,0.6280440449720879,0.6073908620866624,0.27947917723678445,6,1.005050772605256,0.0028271583019325534,0.05526218654925932
549,0.9445868908673092,940,5,0.0058141783903859785,0.33076955922745427,0.6282145840345841,0.8672626096436197,0.2746626131653438,7,3.574707971298377,0.002635538207398946,0.027582789911338508
553,0.9440568964984992,936,4,0.005718041592338067,0.25234025471634164,0.6267334425083003,0.9496272581957891,0.25286929911053874,7,4.69561790530147,0.01008232478155646,0.0380393153981452
548,0.9444703419914318,941,5,0.005889449826853886,0.33773271894622997,0.6372921563898574,0.9428499963906389,0.2801819593308174,7,4.700356682572867,0.002387725448882531,0.05222389746289769
547,0.9446458191361238,981,5,0.0057700065310615795,0.33603240712619054,0.6240116299270257,0.952100506239764,0.28615681767744716,7,3.7820718144222405,0.0028419279839575168,0.05959358910701984
550,0.9446421539261693,939,5,0.0058089298772936475,0.3246459245114987,0.6324372096151761,0.9470779577558266,0.2806480712944614,6,3.418171441351707,0.0025991725586618493,0.05799243374031503
551,0.9446400218009025,985,5,0.005779036137539688,0.3397757192526496,0.634070726544925,0.8017956726976084,0.2750851703636092,7,4.679240968857689,0.0028668355351317886,0.03730762066047395
552,0.9448297485972799,940,5,0.005776037496315395,0.32615255248754055,0.6540882674668422,0.9502552546104327,0.2771025352200327,4,4.697844196458622,0.00444216517718462,0.029489982763047536
557,0.9433835728003267,397,4,0.007413407145682431,0.3032903658890182,0.6477190781346233,0.947345446144283,0.3321279419731796,8,0.015540823529895054,0.01029541972666559,0.03632615699312392
556,0.9251435124854981,936,4,0.1912675521541413,0.42277272877463634,0.4848287005812539,0.9462252780012173,0.25631062555057565,4,4.647007831881892,0.00471269943304375,0.0267713511130985
554,0.9443131856783884,944,5,0.005757434339916209,0.4259178213403466,0.7704215786014303,0.8013431106504039,0.6675285471071513,4,4.713020796632186,0.12023903565136368,0.026564127163114428
555,0.9444477422985036,938,4,0.005768794863369866,0.4207991124691818,0.7674636047726848,0.8032644519002433,0.2543000308999798,4,4.601407700203966,0.011670864440583276,0.03553551839839521
562,0.9450985320521046,908,4,0.007353658110730237,0.41934102662337414,0.6536224659000354,0.9164070142267607,0.24033766569972867,4,4.411034236789172,0.00454337477199801,0.1846023310211466
558,0.9445953755361387,924,5,0.007337993117376212,0.4258709250107564,0.6479511756399243,0.7811275809852593,0.3298682163612339,4,4.399333566690219,0.8130479878318553,0.02843971608215228
561,0.944908813604725,913,5,0.007349454051628806,0.42137091723387504,0.6788817028178807,0.8057327048853729,0.239177569371782,4,4.649607929940957,0.005462939631438286,0.17333159985051202
559,0.9446671205599222,910,5,0.007480161819202404,0.4201304800600999,0.7725157957657943,0.8023649897229105,0.23984668305397708,4,3.1549200442929743,0.004603587341294405,0.03651828110201492
560,0.9444813960642783,913,5,0.0071734439056621085,0.4249772502692433,0.7704364975309538,0.882725059752353,0.24198376677562544,4,4.3898864543036025,0.004593858947534327,0.02902148054149417
563,0.9445172289184315,917,5,0.007426401077204848,0.4178036208256591,0.772113003328883,0.9187917834203146,0.2433464997831888,3,3.1377085148519654,0.005901343851523503,0.1506164904471008
564,0.9442689652125029,909,6,0.007312739370917821,0.4204887590252854,0.9121825520857663,0.886709035882508,0.24070087977852878,4,4.403752995208115,0.006070838303436262,0.16402600553307017
566,0.9439157462575147,913,6,0.007338566123686429,0.41372877439875944,0.6816696957953157,0.7673253673700091,0.23565548458454338,3,4.426255516797707,0.006401858398424311,0.17263652728292836
568,0.9445450216878781,911,4,0.007373039178883688,0.4019172456600912,0.6714004153690054,0.9226240962288866,0.23893006948141932,4,4.463891214082567,0.005847160370777222,0.1669081211677167
565,0.944285805140699,916,6,0.007308598863984829,0.4135522426244509,0.9150002932673467,0.7725723929903425,0.23813425669550675,3,2.434192244717239,0.0061062431824929035,0.1601762424457075
569,0.9445300300190297,899,4,0.007194972850030509,0.4035053198065992,0.6820188308373033,0.9176712534011966,0.23824624800569738,4,4.413671698811671,0.006059141439566698,0.18582335365927485
570,0.9445895615029223,912,4,0.008237568452470128,0.4007195573940669,0.6971697520071114,0.8180914565870326,0.24346692139078002,4,4.4572148160558,0.005943825944012223,0.16080355405504299
573,0.9438759778946094,906,3,0.008386353085035637,0.40850960877211423,0.6793838213032866,0.8142683211236007,0.25591909104770805,4,4.5654987281535275,0.005839344066391193,0.17297789132403943
571,0.9438584157781194,913,3,0.0077699401124764035,0.41319154263966523,0.6984087183715738,0.7800399573690981,0.24039981802659424,4,4.433263402788855,0.005730676718398194,0.16326289895167412
567,0.9442393252273332,918,6,0.007310019996115734,0.4005184614920195,0.6794373088309236,0.9119847379966471,0.23814612590694775,3,1.8033224200110511,0.006161923657761238,0.22639426579683947
572,0.9438656783624225,907,5,0.007990907572522219,0.4101818872283265,0.678117052904679,0.7826556041366302,0.2588904497273448,4,3.3121494023658844,0.005645376758912486,0.1558750927276476
574,0.943423996559545,907,3,0.007976179128491804,0.3958935726093493,0.6766309871033757,0.5563744025238069,0.2604165161362764,4,4.5310927748367265,0.004152243538723933,0.162023302037046
575,0.9438798549603785,901,3,0.008091967641585218,0.40089059008738337,0.7006148595715863,0.7830164035702909,0.25856927374075805,4,4.567319812859065,0.004161031813125491,0.1505484668587081
577,0.9441784391185772,884,3,0.008528844313362819,0.40148082632038773,0.6966083999875005,0.8231333747317782,0.30127611413512373,4,1.78787225757016,0.004211993195294745,0.2049716204579306
580,0.9432117869562064,880,3,0.006277155713382388,0.37631210997008135,0.7297080186043271,0.7842698604680023,0.21275967294694503,4,3.6352171896509176,0.0041660884285514505,0.13010516887299012
576,0.9445914718579399,899,4,0.007787117390477859,0.4031427692006841,0.7027318350036261,0.7808689758308042,0.26211070496344213,4,4.544232672187672,0.00479991680090105,0.13032283825027732
579,0.9438032925649692,872,4,0.0063430171632324235,0.3758636485745485,0.7006247507066722,0.3485938644631737,0.2632364272384305,4,4.566314250813729,0.004551762828124798,0.11183674502012547
578,0.9448488730199491,960,4,0.008416136915601178,0.40207742987264544,0.700158661655194,0.8224370666120618,0.25587589346327605,4,4.530824633284944,0.004411118065844016,0.11997928062882782
582,0.9444958283502863,956,4,0.006288456466425421,0.375400345541387,0.7313674793337008,0.7601321225704519,0.2135141976442364,4,4.852824046301433,0.004191681270898031,0.10629082568706007
581,0.9443284090319206,961,5,0.006398099988160296,0.37157947720562434,0.6707007009988055,0.7522186895730226,0.3005302338764298,4,4.803410539692836,0.004024123786116808,0.2299665272635818
584,0.9444214721774978,882,4,0.006311819771205146,0.3769639428056169,0.6574598284167037,0.8261463183416713,0.2968208262737524,4,3.9244537732144438,0.004152624862944491,0.6922855887122271
586,0.9324749739318203,960,4,0.10943249600111551,0.37588908711901614,0.8569336269452492,0.7474890372047731,0.20143355665296864,5,3.602618806608944,0.009036922166817436,0.11475372652162817
585,0.9442117641425705,879,4,0.0053931091641083815,0.374912265180794,0.7307290833307205,0.753307671196823,0.2989623864668971,5,3.6164370500828875,0.05696078720015145,0.12746194363312513
583,0.9442735456813214,963,4,0.009188750557886484,0.37363923911884667,0.7382818159401403,0.8506289974690084,0.21110202822602486,4,4.821978423511012,0.004152039062557866,0.21491103580509252
587,0.9438225213501088,964,4,0.005481429128316167,0.30395724648704864,0.7423551409453728,0.7549189678489816,0.21193755194511799,5,4.831625744761863,0.008102808638360472,0.2366648144452949
588,0.9446788978646875,964,5,0.00544328908740539,0.2977857649778358,0.6570904453123998,0.8027733214960865,0.21223842901550702,5,4.827458826741617,0.008432666336457662,0.10353665665078819
589,0.944706739684495,961,5,0.005521852071186773,0.30050658269129327,0.7372637698790176,0.854103659355417,0.21089593991201339,5,4.192625504452324,0.00871990133944619,0.22627489973154047
590,0.9447648236609256,962,5,0.005349369242006532,0.3099403846725123,0.6571134440861433,0.8586997623714363,0.20096230353478578,5,3.924415074462153,0.008905030163782824,0.22649696991910434
591,0.9446438143330708,960,5,0.005435390647925439,0.6009716982454355,0.658691293456654,0.8505580715415015,0.2129022948414596,5,3.9405504323433522,0.008828288601047703,0.24015829726026944
593,0.9442814782726835,978,5,0.00541855530214593,0.3071104159373727,0.749577324787895,0.851191375188132,0.20100689071083472,5,4.087217098217784,0.0020882586649048893,0.0004486315755351307
594,0.9442151715772236,980,5,0.0054534033107557925,0.30537094850635704,0.6548373886324125,0.8537939860629802,0.212572424077922,5,4.213976563099948,0.0020076114404454985,0.23361409627953295
592,0.9444851019755962,983,5,0.005440332347802522,0.520297411775237,0.6580793599003378,0.8509137271428687,0.21083654467989227,5,3.9054458433944044,0.00880046852916748,0.24984458602287513
595,0.9450007277195048,970,5,0.005395771678449456,0.2992709284180375,0.6518869227139319,0.8506030172049188,0.22214836056106796,5,3.9132316947647343,0.008430368869774378,0.2849345712136447
597,0.9401587088091505,977,5,0.03653020045073393,0.31786431303712137,0.6613238088415094,0.8533550796120526,0.22623735256361205,5,4.186886177950373,0.0020037094468044517,0.2714388647847943
596,0.9442188597469215,981,5,0.005457265881854616,0.3001972625487855,0.655583092362792,0.799744095691703,0.20085438298982888,5,4.1938275929281055,0.0019645575163505374,0.28099074768192583
598,0.9444106372658385,978,5,0.005421578226645176,0.3146733342831324,0.6650282772835383,0.8493375122737763,0.22719613049698378,5,4.640589586440561,0.0014650214072684767,0.2890108493717361
599,0.9445527987791594,981,5,0.006658437493681255,0.5255918020626176,0.6562679752176368,0.8695480650517623,0.2257963005926576,3,4.1011172651510766,0.001981708932293804,0.2740147996205623
600,0.9448146807438281,977,5,0.006808799590047391,0.3164708197084945,0.6513910315354164,0.8457306432801796,0.2256276391251866,3,3.7836056428733866,0.002154073407207538,0.3061683275684095
601,0.9442427149203663,983,5,0.006747318959650946,0.43198319727697376,0.6506683721163614,0.8701105996725764,0.22847373651203945,10,4.160318413401482,0.001295995737075942,0.27539473368849626
610,0.9424456025756491,248,5,0.0061097476938303495,0.3473537445411071,0.6372104054705777,0.8180062122553015,0.31675294929830083,3,3.8794285396808617,0.01490949427392628,0.4952092695183782
602,0.9447155384843601,983,5,0.006827800662067377,0.43811754582504925,0.6439310350608988,0.8026953919823425,0.22345395915495792,3,3.7739506554794713,0.001639384140259002,0.300243718930244
603,0.9446351146775525,930,5,0.006865594965647953,0.5275013840337702,0.6785906778747871,0.8718739744182962,0.2318372742612389,3,3.7860771587634594,0.01978301215819266,0.4837611073335152
604,0.9447447933720147,938,5,0.0067961441766684495,0.43183732881864284,0.6801244885406796,0.8724486225194904,0.2296007988944158,3,4.631005059571399,0.0011789989113870991,0.28127965263352184
605,0.9446419660737229,1000,5,0.0068154835517680225,0.42932335476448874,0.6409810168796269,0.8258686132859075,0.23032778753704952,3,4.09722821689784,0.012712777120732127,0.300759941408006
606,0.9449615917931691,938,5,0.006811595635950098,0.39207926201515325,0.6408519951579531,0.8241338872895556,0.31684747716455774,3,4.0501891878164535,0.013343636633576966,0.3034573303874326
607,0.9448298633959971,942,5,0.0060400305784613,0.4357539148026992,0.6382924325925311,0.8694110526968576,0.23158679101894478,3,3.7334500195957374,0.0011786906556593324,0.31107348806598106
608,0.9443492763078428,938,5,0.0067897179839497895,0.4358985357878951,0.6423373574545325,0.826082667436754,0.228213494447683,3,3.755096860985966,0.012652149653540072,3.3546737084109504
609,0.9443481074481763,930,5,0.0068003189124640935,0.26731790509589537,0.6421555016052407,0.8191656261723668,0.3203219115475962,3,3.9320363090396215,0.012482817854041879,0.3297094115160222
611,0.9448057567089988,1000,5,0.006373702835476645,0.3882701756103374,0.5010178237896007,0.8273390602597975,0.2683562250419769,3,3.7789899129463334,0.014734459869749762,0.5107690860677004
612,0.9447629816633262,844,5,0.006083621788056753,0.3924571311163631,0.6034962568436364,0.8314715190688019,0.26561844758804065,3,4.062928312302651,0.020342586009590748,0.7853021189577308
613,0.9445760977006381,932,5,0.005008479039294355,0.3890949509417302,0.6820444635382779,0.8210991803927491,0.2662581152267972,3,4.023901781856214,0.011363533405600276,0.5289900250747444
614,0.9445143307726331,944,5,0.005995099428821678,0.3838817191961435,0.6704238444674016,0.8350543685539075,0.2659255920982945,3,3.9814492070564853,0.011518113202439992,0.7785196722543452
617,0.940340809839828,944,5,0.02817278503666691,0.3914311889954902,0.5691630577460024,0.8252787141470109,0.3464028142491106,4,4.059384584729165,0.012287062972838622,0.19182771122209483
616,0.9445314295197555,945,5,0.006114997089211803,0.3847485157318419,0.6036508752558566,0.826527242546313,0.26856557334855236,4,3.9155651524909274,0.013531236456200685,0.7500257026053301
615,0.944579768128716,1000,5,0.005006029758889687,0.38913824974192335,0.5723285200558095,0.8280971997326441,0.265826611508057,4,3.9883243870601293,0.00330309300186229,0.19269048358280416
618,0.9434992074609649,928,5,0.009620148304733898,0.3916005024872687,0.5025334523420333,0.8280188893323024,0.29052874026231074,4,3.9443409987697513,0.01043325690076139,0.19355200600305725
619,0.9447304852773464,926,5,0.005015163185896762,0.265626410879985,0.5954478813241258,0.8237622763325668,0.3095718944726929,2,3.9562231478057157,0.014701806563862184,0.18218467907101446
620,0.9447429169347998,926,5,0.005022798853477149,0.3902765004983613,0.6853487108196388,0.8286570268858388,0.3340883128713908,4,3.9878017310389713,0.012044544376908604,0.18921878629345112
621,0.9445071328930614,927,5,0.006042139770094247,0.3917202519714433,0.599360353979982,0.8023145204147207,0.3011748378607805,2,4.021209207533281,0.010759397932217992,0.2063557928678558
622,0.9443284789547757,924,5,0.005969556025920658,0.40844112491167295,0.6075060189309403,0.7930583902745101,0.3105273507677771,4,4.064698001428406,0.011008936462638395,6.318486225370117
629,0.9444664101353659,469,5,0.005956599165932693,0.35483342444939453,0.7136098488046809,0.8073497288146896,0.2523892736249372,2,3.8420059278338274,0.0029327253038417644,0.379912331715284
623,0.9445264409936784,949,5,0.009187912009920734,0.3946692017159381,0.5772169993977171,0.7997157771009812,0.2511065976707524,4,3.9713344791198897,0.003394268413356421,0.21305010504811056
625,0.9449358100885238,923,5,0.006065824848708134,0.35066036820835,0.605076084159736,0.8026658581899986,0.3112960394988392,2,3.862449878265327,0.003261316819008589,0.19835131045591614
624,0.9447434763176403,927,5,0.0059939298417353805,0.34846052503460284,0.6097721217478886,0.882997517548348,0.30499131134070434,4,1.1179971397533193,0.002891486909042169,0.18617375464722327
626,0.9442012016169586,951,5,0.005955981950639264,0.40809762419179,0.7129480404342519,0.8065777422981089,0.30948806463448436,2,3.0095645552559307,0.0032788445176723155,0.19585250221004047
627,0.9447727238999221,925,5,0.009546372894843726,0.4105348749332251,0.5424112428277738,0.882326907309517,0.2927872932619253,2,3.9479357394164603,0.003134912948344649,0.21778887163618393
628,0.944590403708057,955,5,0.005918832048154822,0.3512680639546109,0.7056741866044153,0.8007075442966832,0.3092147607720591,2,3.811795070882213,0.025055075785247946,0.21433023156932215
630,0.9448671614992319,952,5,0.005949670411229331,0.41022075074716624,0.7115683952616164,0.8056460702750419,0.31549686024624873,2,3.847553834129131,0.003151225260368836,0.37286522778984194
631,0.94468022118081,954,5,0.005861379969008961,0.3504683598694883,0.7117148919393596,0.8910915738640914,0.25012193040792624,3,1.6302206525415215,0.007353718407218471,0.020716084601504155
632,0.9448150157473576,955,5,0.005815220835769345,0.3504301716322546,0.7081783664374893,0.8025302796431151,0.25038255482205557,3,3.631892973912294,0.003222122799090008,0.37276648148784786
635,0.9437039160117557,890,5,0.007800802390375824,0.34710813833896953,0.614938940467677,0.8099787520684539,0.24892332159846225,2,3.681168527986923,0.0030040733378466156,0.022598812941356905
633,0.944974965843729,955,5,0.007883622745675561,0.3477844104275766,0.7029068252343402,0.8913462229122906,0.24654023975054895,3,1.542242381427308,0.007517180270570769,0.0718864643253877
636,0.9444423916346552,899,5,0.0076642325483285475,0.36729190391527516,0.6143696080319914,0.8056406570483526,0.34047791071836764,2,3.8305973368350976,0.003043259503462507,0.01961532912909857
637,0.94355750329321,892,5,0.007598926533399958,0.3671154575807074,0.6299183697850044,0.7912274130817109,0.339832814677787,2,3.643814474136206,0.0292715634007441,0.023176647194577876
634,0.9445451020469801,959,7,0.00771531952372992,0.34879055819321836,0.5382437653838651,0.8888335687004818,0.293576458161494,3,4.747731032317341,0.02830011715835968,0.07125281171843009
639,0.94374707980763,966,5,0.007829436159058914,0.34274923434598575,0.20254740668488766,0.7070721251487325,0.3385487336079527,2,3.8638215983208273,0.029376787490339708,0.09734123649099322
638,0.9447015278227319,898,5,0.006470607705023333,0.36602272359624893,0.6248999204890893,0.794220588238131,0.33946377707905345,2,3.6300114110101007,0.02924706750735087,0.0640759526534419
640,0.94398886990953,968,5,0.00783782791643949,0.3587535106552352,0.20198641207983287,0.8440648833892501,0.32471784007895704,2,3.852241857274323,0.028166348079315985,0.10083960182445122
641,0.9442606454363762,895,5,0.007608446395798183,0.3692454974145707,0.6177111843223004,0.7730755679972916,0.24659499613151853,2,3.8805231018079325,0.0303610534825189,0.09619689714890653
642,0.9442771159214278,896,5,0.00802014970562717,0.7124875761891805,0.6706261952150118,0.7307765282996943,0.24287777683298378,2,3.8291345403630994,0.002431956046261965,0.07400983284376877
643,0.9447481110549433,898,5,0.007073895091028122,0.36580053560515663,0.6265487058081076,0.7871733263704671,0.34803929247271265,2,3.876233597431068,0.030554967335435466,0.5503721645856852
644,0.9441443647720474,898,5,0.008771783207722664,0.3658959863345239,0.6908293654113196,0.8989580141257625,0.3378588452387734,2,0.7704675983687982,0.00732057274224938,0.07544315738150789
645,0.9446172676515185,892,5,0.00888098618224646,0.3633037851668014,0.7511218111709813,0.900773838484696,0.24384926336503968,2,2.2473454686331475,0.007445642110228839,0.0654565192346593
646,0.9441272618504264,913,5,0.00910802687900833,0.3379812393618786,0.6939528108352018,0.7152728900549834,0.3263485857614268,2,0.8025953180304959,0.008387517483875312,0.0738795077315801
647,0.9439033813920421,916,5,0.008582265749663314,0.3657514957285196,0.6908755578580718,0.8667272204988007,0.3267237403301062,2,1.4991456950187814,0.008390434499121063,0.06828448645511177
649,0.9439900011987072,911,5,0.008593361028963954,0.3727812139580166,0.7584802751101125,0.7689423392136288,0.24182767349608747,3,0.4915593025303542,0.007848337253389766,0.0776109445069674
648,0.9442296967458301,918,5,0.007135216220181156,0.36499259617825924,0.7575569539852599,0.8990020942573107,0.32442031224993123,2,0.2878119926297091,0.008370811950543374,0.07644245046482054
650,0.9444840625253927,916,5,0.007088577682286456,0.3367776981481924,0.7518542345482395,0.8986811580941898,0.24332814369152272,3,0.16918068391044533,0.008042859140342697,0.12908050840629365
651,0.944963187495339,860,5,0.008871457718513193,0.3323433553690052,0.6951941157073134,0.9008817503534235,0.23919088623254092,3,0.28358026990162655,0.007512019945202705,0.11493907632742341
652,0.9443416014917823,920,5,0.008843788737430146,0.3257602213486358,0.6900932782657699,0.862982455298929,0.20088095240409784,3,1.504988285223372,0.00684759271088856,0.13459930049565316
654,0.9441167598550472,942,5,0.010828543290481147,0.32275309680200415,0.7488927308172396,0.8667379597056647,0.22226818359611988,3,4.080151343623526,0.04854937360541338,0.2845741112766482
653,0.9437970287295061,920,5,0.008393895006982751,0.5723666216721475,0.7525036595044667,0.903994315526296,0.23742280798512108,3,1.9094971311898414,0.019930426965707317,0.0738489924265166
656,0.9447609267662873,921,5,0.007093398097406725,0.32522672625548615,0.6692718108566561,0.8672590365955106,0.21677331700917468,3,2.142113775483187,0.048347163959388526,0.13583634875033299
657,0.944138651970427,856,5,0.006914551855734403,0.32789475410253993,0.6696982401521027,0.8680623614136812,0.21843012863093578,3,0.4249733216913296,0.05750449660862726,0.13650831222012885
658,0.9443244776976669,868,5,0.006809134679025479,0.32875342172582317,0.7244748095914627,0.8702820448859693,0.21803309680774405,3,0.5825760222637337,0.021197875941708976,0.14930785891133724
659,0.9440086017217763,862,5,0.007128468188229257,0.42186122717087815,0.6709331565706919,0.8656764595500974,0.2209176442685297,3,4.183330504876828,0.018143936216903928,0.0006682194800176844
655,0.9443675846159951,916,9,0.007095938687436337,0.32778466402699,0.6899652764001702,0.8656119311481312,0.21854575131110682,3,4.188458089046399,0.058124385248773634,0.13432552170159381
660,0.9443991855719804,942,5,0.006399276460996552,0.42531645160671794,0.673612024025631,0.8693794885556425,0.21802865073510647,3,1.9890710680880062,0.051897941170112656,0.12807480828031753
662,0.9440647930848092,840,5,0.011317329910710746,0.3351438746202768,0.7328605022179447,0.9138692557950555,0.21403228309035066,3,0.05982479851643191,0.020008474733217072,0.09939516149545051
661,0.9444793411672396,982,5,0.010889903935383796,0.3310523557478709,0.7263884912384274,0.9095040496142573,0.21755441994253258,3,0.050917057543963695,0.06537811725217244,0.13662952385352398
663,0.9444233491365248,861,5,0.006359249769693212,0.346619330422278,0.7311173715076618,0.9138378418208203,0.21903676964874388,3,0.04926749270243189,0.020913997704735596,0.6046094817265086
665,0.944851302578256,841,5,0.006434068867059701,0.328284299370285,0.7243667924096264,0.9081272937988587,0.20007445950515643,3,0.1832378989494225,0.016928075363211476,0.10830548599014972
666,0.9442696832262982,845,5,0.006427473705016983,0.34234423378603585,0.7263415003297493,0.9116889842046173,0.2181639219361544,3,0.007032035522265313,0.01709835329054252,0.09755960170363423
664,0.943871727211197,869,9,0.0065389244336097295,0.32607186141768835,0.7258277526094397,0.8850594385559818,0.22346715675158976,3,4.189380763257678,0.0171525664785798,0.09204623119313377
668,0.9450367056374915,847,5,0.00637669751850644,0.3442487489777362,0.7306841690240671,0.8895822297967736,0.25663265493495985,3,0.16448428235759757,0.015334394208707329,0.09153762297916178
669,0.9449001593468813,983,5,0.006519233900033286,0.35070777633928896,0.724567278506808,0.9158250423414723,0.2562219117877175,3,4.114904145796875,0.016111216580920247,0.0980698236181429
670,0.9446037297518804,982,5,0.006335223102509912,0.5018500619358857,0.7066205927415574,0.8882037964697186,0.20011006574925416,3,1.3203034544416217,0.014889381112224683,0.09207987636847105
667,0.9442773298644918,983,5,0.009860631602404725,0.3480841584120439,0.6999367072473706,0.8834462862236353,0.35852555434780364,3,0.3438176048162877,0.015528969808036806,0.08951104620949756
671,0.9437930128616516,982,5,0.009485339306143651,0.5075505789947584,0.7226865493600148,0.8864626444214504,0.2595919064686999,3,0.25907744891844997,0.013840275169101923,0.6036533332277069
672,0.9442640706126492,981,5,0.006359066673232253,0.34903239734076497,0.7044832310655673,0.8884739920476158,0.25571730639023227,3,4.229623058474629,0.010520730585404198,0.0952883283791559
673,0.9443329477557508,978,5,0.005394319301954232,0.3465449506323792,0.6997193369933122,0.8849449505379752,0.25782916407020506,3,0.11129231313086585,0.015486390571147155,0.09231185836812329
674,0.9443064814333008,982,5,0.009516609236568349,0.3503314220391898,0.7049023593692164,0.8867000503193226,0.2561925730584839,3,2.591448392133649,0.009836644584870477,0.09184943661996565
675,0.9445231379214958,978,5,0.005589853326975435,0.5050299895362547,0.6984407143060438,0.8811896491026799,0.2602116871812975,3,0.25806907150803393,0.01144901022115289,0.0002668830838608006
682,0.9437603505393442,823,4,0.00541933856869183,0.3824613318812654,0.7410334530468453,0.9290212994336756,0.27313093723789333,3,0.04046850026291954,0.009160294979547916,0.40135534752258156
676,0.9438871425916744,982,5,0.00943878287602739,0.3821427194444111,0.7018683103908957,0.884153570650162,0.25830231203790727,3,4.077099378470556,0.014567708493180027,0.4202084946824219
677,0.9441982450281771,817,5,0.00975025803068764,0.5006388033637781,0.7052636192262951,0.8830956332449065,0.2541837573877852,3,0.13321893824682884,0.01007673677952404,0.00023629914803128586
681,0.9447906366743121,966,5,0.005423497164387867,0.3745175588909799,0.7438747531591681,0.8892470710531635,0.27389578114231977,3,0.108243626254648,0.010096286080751537,0.06577604642458909
678,0.9433193690086419,826,7,0.010079415753185982,0.40582542590489107,0.7098884574604218,0.888932387335832,0.2565025177608795,8,0.35345821476908273,0.010342602105495887,0.05976120106492507
683,0.9445518950001672,828,5,0.005424538796226384,0.3760803628615874,0.7086232421413686,0.926168873678906,0.2751121392993576,8,0.3107613094859049,0.01252411651273673,0.4894826088260232
679,0.9447147714202039,851,7,0.005439632527007659,0.37909869792049955,0.7014558774317101,0.8930342674225604,0.2552415467904396,3,0.23070500580825984,0.01007251018908626,0.4623527515474019
684,0.9448219788113711,859,5,0.00546328007770187,0.3807233955947972,0.7417455840576204,0.9234069882743069,0.2736326296517555,3,0.18840210436818805,0.01048374825993318,0.9784952810041144
680,0.9436002668590108,846,7,0.009541377772901377,0.37753008387965425,0.7109865904976709,0.8887508120117299,0.25612719574020215,3,0.05960372119506295,0.010502039078372181,0.927254277894536
686,0.944081674236181,825,7,0.008146073906259254,0.38046989063782977,0.683820617171901,0.8459240763304838,0.23800058820150946,3,4.286512731423648,0.02331535032547589,0.06504741279514911
685,0.9440236674879785,817,7,0.008201148149683812,0.3808324293977856,0.7407456824184244,0.8482704453752559,0.2773560766078048,3,0.2483819070753469,0.010189569910849997,0.057119495825655446
690,0.9446477227075807,800,5,0.00818472567110582,0.40248736833220483,0.6786592499351594,0.8488742885142456,0.23671369283729174,3,0.148134204573468,0.020807117966030683,0.056926928354094054
687,0.9435104723460013,817,7,0.00811320047256363,0.4054256516379451,0.6789829795505492,0.8470894863148136,0.2403107836297959,3,1.2383694056357197,0.022767123339784916,0.058433107591286906
691,0.944576876244666,793,5,0.007728691071497042,0.39709503090557235,0.6864152494020346,0.8485488033005077,0.23383430930870694,3,0.38924219394788373,0.02273759552200307,0.05473969804379909
694,0.9445691408983727,827,4,0.008021314965970906,0.40732990288039417,0.6833560618675522,0.8446916534250126,0.23520963491234922,3,0.11429643821830764,0.022857056535275106,0.05873495000200709
693,0.9447936360517064,963,4,0.008071962855574884,0.31584892058007874,0.6827353546289173,0.8480295938818356,0.23653069920842135,3,1.220443696797659,0.037325137789932086,0.7091522180265751
692,0.9447438248882909,794,5,0.007953804243012164,0.6396966002163089,0.6818233702782055,0.8468546585464317,0.2363172025065272,3,0.3448305477923033,0.020571699052510523,0.0016081146995019196
688,0.9438711031236251,812,7,0.005430118444337001,0.4073092518361918,0.6838194069615935,0.9029923400223961,0.23878338263123308,3,0.14206863842760964,0.03855097640558722,0.06318296890335925
696,0.9440633168776678,962,5,0.007085235402137129,0.40342539835958824,0.6631758736998339,0.8499826553795099,0.23337817531251537,3,0.15936771438495753,0.021756719143758742,0.32807467599021456
697,0.9448587018773953,963,5,0.007055766137591723,0.31448103015534773,0.6587784331448028,0.8579361016108153,0.23426009002615134,3,0.24279552703835755,0.03841747100029895,0.71241493272621
695,0.9446060351188479,962,5,0.0050027069625015515,0.40394641273168874,0.6637954418740118,0.8479005411815491,0.2353283472481859,3,0.21969751680372118,0.040980417254451146,0.04586748106152416
689,0.9437649727531505,957,10,0.007989310573782995,0.40468048000982687,0.682828489690854,0.8463480609653246,0.2314309468627816,3,0.3572277129897615,0.03716576738667735,0.050238872781257445
701,0.9444770618908898,1000,5,0.007004991235973976,0.3137085238491256,0.6539053784911082,0.9078853165853481,0.23163379029144984,3,4.3526181686397205,0.014498274533738267,0.33018537049691865
699,0.9446446502764573,1000,5,0.0050003348573582,0.31522142353951,0.6590647812203864,0.9017228897299676,0.2325883109597472,3,0.10632319761882836,0.04301794547968948,0.3273337290200991
702,0.9447775339661749,961,5,0.005793176312491732,0.36324619370552097,0.6600002886383429,0.9002413112597024,0.20031842758794433,3,0.18430782547088745,0.012855703713858413,0.3179270816673455
700,0.9444720806701857,999,5,0.005775090663243606,0.3127868758371784,0.6593018366035029,0.5790720500339324,0.23177679449583347,3,0.17979534809559397,0.04084059517221464,0.7056111324172895
703,0.9444867853422411,963,5,0.005864850688396755,0.35856566592303946,0.6571314677272643,0.9042518335692818,0.20102096398962743,3,0.9135853947466448,0.014991842739838977,0.2969119857053894
698,0.9438598037989735,961,10,0.007104616449053928,0.6335767151368578,0.6554267785005617,0.9088045774326212,0.23575651859602478,3,4.386895994372729,0.03721047639087575,0.33742503488997955
706,0.9447572020697248,992,5,0.005808952714173196,0.36492222573416466,0.6420746803898522,0.9085856585597872,0.20034210517586257,3,1.0018659806258805,0.013892932448946257,0.31779723226886175
704,0.9448213432439274,944,5,0.005814095318626461,0.36399788132010785,0.6478541550565429,0.9325662455310376,0.2869537811421871,3,0.47451456887906923,0.013932982980617327,1.6871926163735154
705,0.9448964257795088,998,5,0.005818686328036878,0.31612009503700145,0.6456688185590538,0.9063834212710993,0.2883668596446935,3,4.374544377428634,0.48057688906915785,0.34965578740614245
707,0.9443418864013259,1000,5,0.005823524882660732,0.36595087813035826,0.6392065415388873,0.42723141407229714,0.20101491752183268,3,1.0157525392666633,0.013170320484911154,0.5271825361326695
709,0.9446303213092948,943,5,0.0057585022222582626,0.3561580354057615,0.6402021402593336,0.869248289391564,0.20089073231910587,3,0.6846549312799547,0.0069646941069303175,0.5165531747903874
710,0.944341510696433,942,5,0.006246147340633774,0.3598546587882797,0.6454936205785258,0.9316745380857907,0.2125036805068128,3,0.9626997287217344,0.013751213195781436,0.4815579907384664
708,0.944849844634547,999,5,0.005905679183027055,0.3644659165256898,0.6414834992380714,0.9301616403112968,0.20305645941229014,3,0.5273734312490221,0.013777452616018707,0.5347016619290668
711,0.9447114777406436,941,5,0.006073534750661951,0.3592103839916074,0.7859584769518543,0.8633266361783997,0.2906222634900843,6,4.899550891029696,0.014062851716008556,0.5249592003971625
712,0.9443376602430942,943,5,0.006289887389980096,0.47160796047210524,0.6436561311943946,0.8693474295201302,0.28693812325051715,4,4.363638852289222,0.006716892144724468,0.45295728924363904
713,0.9445678259312477,937,5,0.0063828846113791905,0.42752120900415574,0.640816043606128,0.8681716531456725,0.24931798649618558,4,0.010077488360747823,0.007064441308013248,0.5245081325928641
718,0.9442239004542335,759,4,0.0064269469038624434,0.47300093789833353,0.7181963762585309,0.8643737994956548,0.26830367696127244,4,4.912291365398337,0.0052424933956868505,0.5058706891469008
717,0.9443884800697843,945,4,0.006793454250363463,0.339480189062967,0.719048186338094,0.8662990191496959,0.24777268406359362,4,4.897871340908964,0.007474133818232366,0.45417407088051004
719,0.9444082244055269,771,4,0.006497150177845058,0.47382593877056134,0.7224174314851848,0.8689998633650287,0.252285511081895,4,4.931439661167478,0.00684272852187011,0.11790300590778832
716,0.9415451673570139,943,5,0.020029422237633265,0.4263720861914936,0.7229892538440851,0.8683400324400338,0.2512921204057362,4,4.247725149133398,0.00513446850721313,0.5378522711627415
715,0.9447031626608281,943,5,0.0063975880739735105,0.47107165530892037,0.7233040528462295,0.8652601036506459,0.252088435890061,6,4.254627285101396,0.00492207705839742,0.5055287545945946
720,0.9445163063541946,874,4,0.006330584223408122,0.42930998143884563,0.7231936196884978,0.8738312575357617,0.24970104047474811,4,4.247394034382874,0.006739233319218254,0.038886220022237655
714,0.9450088690358074,942,5,0.006307753641282514,0.4781516614471782,0.7858139707538913,0.8712437332338833,0.2881847975544531,4,0.6434791887879014,0.007224357414275001,0.5170553540670045
721,0.944562931331394,972,4,0.006541901306236061,0.4368963449140345,0.7598696957758675,0.6586190411010281,0.26902546940541494,4,4.232537006937596,0.006538252506483379,0.04218358008443621
725,0.9430432509594094,327,5,0.006655135760825877,0.4438533379166467,0.7275023771372109,0.8371867511884011,0.2692214497104432,3,4.279958260119765,0.019593532491058233,0.11953008697380414
722,0.9446843080151442,966,4,0.0065882993890116984,0.42914560800888446,0.7159749072481867,0.8785847013487678,0.2667659058701492,4,4.266228568520898,0.01754729474390848,0.03863795997818849
723,0.9307291473922229,972,4,0.11371762592395322,0.33517603713689925,0.7276396222774426,0.8332925955204592,0.24735824512661977,4,4.252189359974814,0.01838742154052131,0.115175058312238
728,0.9409516078948371,970,3,0.005332259723512323,0.2912566556955233,0.32388160010957334,0.624269488012673,0.22377588742139515,3,4.1987929308631315,0.018152442644672116,0.03634557460183558
726,0.9434499546367651,346,8,0.0053823400978586814,0.4344864359369865,0.6691045580389433,0.8342618190823825,0.22599061270099777,3,1.4076891277266064,0.017890324913052705,0.26444791299456905
724,0.9449194836236812,973,5,0.00661778141280044,0.34056936538315663,0.7623737796981915,0.8337448798375106,0.24952412422500758,4,4.225274743174395,0.019080237573841686,0.03965437747962879
727,0.944521748857017,971,5,0.005000938753403171,0.3918632266995256,0.7541477902235925,0.826891069754289,0.2239480740896448,3,4.103308663809952,0.018329671743772223,0.26099237367941636
729,0.9445082245245,972,5,0.005379319560159233,0.33854763697924256,0.765957905022451,0.8308280551434655,0.38768529939581986,3,4.0874749117295535,0.01947308442582254,0.26136602078735616
730,0.9447036975184879,976,5,0.007284199426466751,0.5115435770280754,0.7723753276330205,0.924380618016619,0.27765291883109366,4,0.4387317882917464,0.008766522923811535,0.9661705257829345
732,0.9441701756981844,978,5,0.0073789919859017705,0.49678419979234284,0.7641027122004551,0.830796206996421,0.2911464407359735,4,0.8406874814612394,0.008484863762031348,0.822167825067951
734,0.9360266458676438,982,5,0.07521408254901245,0.5160860976286374,0.796958614045275,0.8305723297545214,0.2868980586234692,4,0.4454388959274317,0.008174199669928012,0.714278262722667
731,0.9442794348555162,972,5,0.005000610243937436,0.5031005921062754,0.7898833514610636,0.8321394973691304,0.28526787981658186,4,4.095514318833802,0.007898846386627426,0.8399871315115232
735,0.9443094985523152,980,5,0.007535289482949614,0.4878462852994378,0.7652911376613368,0.47366865068892483,0.2849361754838819,4,0.3737095168896352,0.00922883179664622,0.0772293198496205
733,0.9445467405377628,976,5,0.007448901359157753,0.4897530142077694,0.7594627682104638,0.8324560750695842,0.28987409784508006,4,0.0059570085941725165,0.00871702594058702,0.6628633808996658
736,0.9440360500950712,982,5,0.007455095887587786,0.4900021368936827,0.7715699270672627,0.9206623716544153,0.2966946015351585,4,1.1157121593518944,0.009285387204594776,0.7932226937668512
740,0.9382960516150062,986,5,0.05010095615892529,0.5133022349809434,0.7983145633709204,0.940650445726901,0.2879297220218717,4,4.809881779536155,0.0015537721935740246,0.8315392322063433
737,0.9443958052715697,984,5,0.007346799000045432,0.45171157361661435,0.7765179849456662,0.9210562201218376,0.28633168121866515,4,0.6675588017178731,0.009155277672817173,0.08113939739052575
738,0.9443640853423683,981,5,0.007362574437944467,0.4565413991560176,0.8005752524448817,0.917664389976891,0.2856044396972089,4,0.3280922641458765,0.00856565858560631,0.964588585568706
739,0.9444467153717966,977,5,0.0072387323408365555,0.4886076430454507,0.7952519581145179,0.938220279135545,0.294536516911806,4,0.0077066280934917075,0.00486705423117729,0.8914172873852433
741,0.9448008683708933,985,5,0.007297589698008067,0.4465360407097988,0.7935701280430489,0.687206224305261,0.28628977614531215,7,0.280586021361639,0.004854186014585123,0.08712987667138485
742,0.9444873749901979,953,5,0.007274020003187505,0.48741059835258327,0.7805654242052671,0.8936617148062872,0.21661597500150384,4,0.25162801507580923,1.711232175245582,0.6325105503047992
746,0.9432491706366672,952,5,0.00570286485340803,0.48130344097960087,0.22698256869314368,0.8938224256579769,0.21483100320479587,7,2.381902533625725,0.005585125859223846,0.3838749666500707
744,0.9445000665102021,953,5,0.00548731430894186,0.4595870730009574,0.695627433246305,0.8948639706897294,0.21866921505238548,4,0.5527734339034056,0.005120006164205218,0.6475703165734765
743,0.9444107958967931,958,5,0.0055748928103792,0.47575751233149727,0.7850960071596478,0.9406622570823941,0.21988128783823152,4,0.09480525460202643,0.005263255606729455,0.08004232011778081
745,0.9439286778112009,952,5,0.005530797891573231,0.46674831351214663,0.8181743356236032,0.6919799324220994,0.21915579341895453,4,0.5709096660979023,0.005085970785986511,0.37202031034427296
747,0.9442029079433469,952,5,0.005616254889922906,0.20071927102031306,0.7820524537810656,0.8970177944128329,0.21470915544731792,7,4.761318327588553,0.005284209677659651,0.36198420910861967
748,0.944657853172566,952,5,0.005536735629296274,0.303275228738941,0.6935509918386766,0.8892496196310792,0.21691408782140925,7,0.23573554486183534,0.004606337792065039,0.39067830592942066
749,0.9446490345438315,954,5,0.005416565360220851,0.5409173408948532,0.6936092359949749,0.6869129005373391,0.21622656966973708,7,4.7376437092909045,0.005989246644518564,0.3952007426656923
750,0.9446130503640967,950,5,0.005646563427529199,0.46122960033846594,0.6964250351583512,0.8901761483533255,0.21960508574348106,3,0.6599421089858026,0.0038986796414728878,0.3722366755048237
751,0.944306967762412,952,5,0.0057055519258459,0.2980279984587756,0.6907234624393747,0.895779421161237,0.21636328987565057,3,4.4383663763980765,0.0037324823565016234,0.6452711891164812
754,0.9441526448904354,850,5,0.006189208328192256,0.3298209440899897,0.7412951125753299,0.8577913850318714,0.26956641371935697,3,4.459200739943119,0.003812773356458857,0.4141555268966832
752,0.9442653594891566,951,5,0.005521495197093648,0.46252572048683643,0.6936158283905103,0.885179101056389,0.26792705119857596,6,4.757848740466283,0.0037559415418477954,0.3844066022112665
755,0.944191682716049,842,5,0.008756336820045538,0.2940499609799263,0.6948072541506013,0.8520894508571156,0.27122529070138246,3,4.7683630914261315,0.12395267188158572,0.25138146884227175
753,0.9443097761564859,951,5,0.005368983021428565,0.2033992135723247,0.697494856873132,0.8836864552751467,0.2701725032818668,3,0.6596314961061482,0.0038175957829286672,0.4032116911998266
756,0.9444096395606231,874,5,0.008660276348424754,0.5369542109917976,0.6944466005804175,0.8528868076762995,0.2697160188529632,3,4.418289917964115,0.002423935902200299,0.030956831616641204
757,0.9443053532749976,874,5,0.006219253052253133,0.542972867359718,0.7418977212672974,0.8539965308868716,0.26905200485921904,3,4.445052063829111,0.003750051653804009,0.4153344057595353
758,0.9447832185899282,873,5,0.006168423223799277,0.3281974763304021,0.6699839248843015,0.8553600979282611,0.2663802480250327,3,3.226803823638531,0.12657518243337768,0.024747327722194595
759,0.9444315535921218,932,5,0.0062439735533156675,0.3220084250922132,0.7432774912878941,0.8550617120093961,0.2683662288305501,3,4.449488273211488,0.0024119708265901126,0.02859097158987011
761,0.9443320147552671,878,5,0.0061817706578622,0.3334764349674262,0.7380318106602994,0.8565690900925672,0.25925261234559294,3,3.9983086039051368,0.0023557990622992695,0.029270597284898434
762,0.944687635090695,932,5,0.008737989813862253,0.3882103333412429,0.6279410328424366,0.8570464446130726,0.24428323057225682,3,3.9572966029785936,0.002420759938651203,0.027015475351141155
760,0.9445805550217414,999,5,0.0060488816759107205,0.3228624041380263,0.7462866461988393,0.9600077537620322,0.2681098343802031,3,4.442769049028369,0.011916537012948711,0.030888699305449616
763,0.9447026507629115,927,5,0.006141161888072077,0.39025659219040426,0.6746373498452684,0.8128876066578357,0.2442986803564549,3,4.013865670758775,0.0023508673411087922,0.032300017260382584
765,0.9446120453535084,999,5,0.0062466442314333594,0.3892421978587915,0.6702194397986675,0.8137871488919406,0.23914448034083047,3,4.026197066157391,0.0024040351855504536,0.02690399749961179
764,0.9452296854120658,936,5,0.0062003491840556075,0.3873195109894588,0.6706143012592201,0.816089874751551,0.24077007563534372,3,4.0152476370519805,0.011775618181248369,0.04706245505834371
775,0.9425247427240728,188,6,0.006650589159010356,0.34814367249600486,0.6700412177489651,0.8748280658024131,0.23323515504386194,6,4.358686812446852,0.00014554282974019414,0.04678078504743308
766,0.9447380390329414,931,6,0.0061027830147054995,0.3885109081784462,0.6760371275315389,0.9610803872163316,0.24583635341689028,3,4.01696245616342,0.002206494973668287,0.047979834068233494
768,0.9447507994321762,932,6,0.0067588032296477234,0.393612693892186,0.6714584458569288,0.9689699896071028,0.24197488083138588,6,4.092782650598334,0.0016747023878870195,0.04654955389801317
767,0.9442948231017514,932,9,0.006784155642652519,0.3844792815003746,0.6692908979978808,0.8147163187677181,0.24374905466173652,3,3.2539670502381055,0.011056933040545764,0.15881054025237004
771,0.944289374337181,993,6,0.006852671996922403,0.34725659648698187,0.6688429674193749,0.9591206765543,0.24088863668012817,6,4.104495152882853,0.011550449016652904,0.2612923724632577
773,0.9448830162457093,999,6,0.006755986937074811,0.37497144956614376,0.6683427940919794,0.8772871077727098,0.24297722124851548,6,4.607688638845454,0.011733720974056835,0.11209642759138722
774,0.9442450129819608,933,6,0.006783240708407775,0.3554534608289402,0.662094900492187,0.8189805226888018,0.23527890077598776,3,4.608361073812077,0.07848517084281045,0.048232347030192135
769,0.9445077267155171,998,9,0.006796503748159888,0.38373711297929924,0.6656772641215805,0.9609380486880252,0.24483472841613313,3,3.994182799796916,0.0017021907431732197,0.2669713571405989
770,0.9444257374716558,931,9,0.006756753004334972,0.39077237176752416,0.6246512260852695,0.8156990622942107,0.23866053907903528,3,4.620306443046172,0.011517574838155038,0.15433070529718862
772,0.9446901909275909,935,9,0.006803516632935806,0.34594087265933465,0.6730025546993543,0.81495963744287,0.23492841873089745,3,4.615932110311524,0.011047641737977787,0.16491298563492263
778,0.9444987400632057,968,5,0.005180438399651941,0.3464800813211419,0.704852991774268,0.812490878767782,0.22619769465986056,10,4.570033160524647,0.011664966025158725,0.05232623252837713
786,0.9413306127289693,106,8,0.0050004950914401165,0.41478628882857305,0.7132703410250676,0.8416781961047278,0.21114123256955322,4,4.881210479267544,0.0064155045958867035,0.036418874166738155
776,0.9447413734138653,985,6,0.005045536391897072,0.37228435156972767,0.7121275249926827,0.8159250062177392,0.24697828882405923,3,1.5912250042817027,0.011345943207134501,0.04078423701264062
779,0.9446827050076015,966,5,0.005298617607350573,0.3456061302894473,0.7124500413317438,0.8425435252656558,0.23145201818245212,10,4.544272659586455,0.006551432648032897,0.05893641585009076
777,0.9446470391334009,984,8,0.005083118279171137,0.3717884702925946,0.6688344825126584,0.8142732115003807,0.2305838082096478,3,4.628798626898307,0.007151573859985709,0.06010356212523553
785,0.943275718361844,579,5,0.0050913955433250155,0.37265953373407684,0.6858881986454539,0.9182175483532071,0.20031010641918215,4,4.322899323692996,0.006297539511852506,0.07136010096540656
780,0.944760526536214,966,5,0.005130305834458385,0.37234307472183475,0.7092401116797982,0.8762403881870182,0.22835016715438572,4,4.611966043733575,0.02655418153645559,0.07587708124416709
782,0.9449316168044699,962,5,0.0050667255795002865,0.41574607950870757,0.6832764617511687,0.912456618106756,0.2282658761756781,4,3.05892667526616,0.006756628123456594,0.06767020020662785
783,0.9445511435903817,967,5,0.005217031818341802,0.4189674367596981,0.7128253213404065,0.9122099217188631,0.2250485301354488,4,4.146646418088521,0.00673195746232809,0.05688709297917257
787,0.9444421985640851,974,5,0.0052934195689345875,0.31017821428537884,0.7094663648760705,0.9206024375364793,0.20020128231228118,4,4.364914055949169,0.02644566143246411,0.06515653387750318
789,0.9436569200259746,970,3,0.005867730796360572,0.417360854840978,0.687337011260646,0.9169038222677184,0.2283506794900343,4,4.152193983540597,0.0069179844177555405,0.07623416650420582
781,0.944538505295237,965,8,0.005019342769718328,0.36787310793817707,0.70784242399257,0.916382741574582,0.22913778838481857,4,2.9297959683399455,0.010865017249231524,0.07623579981005374
791,0.9434258385571447,962,3,0.00586438764584383,0.3036109177806416,0.650485254687955,0.9088217462908842,0.25992911108868727,4,0.1381566674919933,0.026671060791296622,0.07505317679483982
784,0.9441520427189822,963,8,0.005129182883003515,0.340139506102033,0.7092944928766429,0.9128695752815041,0.23055195520504243,4,4.878152669389101,0.006938968490598644,0.07625829310656183
790,0.9439419777644069,966,3,0.005722958501487961,0.41614107353030916,0.6888469044301619,0.905043673192203,0.25872594741552946,4,1.6827507933195813,0.028726938236107287,0.06792826806141897
793,0.9435319438806262,966,3,0.005744200710723469,0.30596409467352736,0.6552812263040614,0.9054647438682605,0.2567672795898009,3,4.170916181375398,0.026904496853535777,0.08480933156758651
788,0.9449839785866578,967,5,0.005800631554516936,0.41491435420905476,0.6856622727742959,0.9098770729093338,0.2245752524289347,4,2.464940278521336,0.006898212692331986,0.06788783697786166
792,0.9443991532196145,964,5,0.0058554263320397155,0.3157890110646074,0.6514885311748978,0.9087834392578883,0.2576346832230189,4,4.153468380284247,0.007331277592063652,0.11023000744547623
794,0.9443689225428633,986,5,0.005865253544865407,0.30778060868695606,0.6497854728063979,0.8768180106688642,0.24720317341231982,3,0.10385507817538858,0.003122449065823205,0.0961635939699734
795,0.9442245203673065,1000,3,0.006060097032548784,0.29588296918529877,0.649839717385914,0.8788804655043342,0.257539153884402,3,3.388541143326692,0.0028237904693536315,0.01758846560725482
797,0.9450905258852009,985,5,0.005793652257887995,0.28294377130984616,0.6534595839481234,0.8780677625618941,0.257541786436012,3,4.999611583234922,0.003062608422636921,0.019158059670930355
796,0.9441341779513284,989,5,0.005827215374748714,0.29179164719787465,0.6514467022635706,0.8390613339109481,0.25177189721488474,3,0.11753197056346877,0.0028676707504398944,0.09816915062769639
799,0.9443796322195583,999,5,0.005955492919443728,0.28956075931033975,0.6307898773859317,0.7352580166845032,0.256540097669385,3,2.747695926685628,0.0030579784128827114,0.09938215127612693
798,0.9443622047306548,999,5,0.00594991426187578,0.3328160966570229,0.7355428798617817,0.8400268795384075,0.2575580191445893,3,4.732308797468627,0.002991866521374342,0.0192257794826568
801,0.9446094571642467,905,5,0.006503174467189972,0.3328008675391678,0.7323456513760936,0.8400215386578516,0.21309197765938862,3,3.3622986427712545,0.003554321639763995,0.1251682665859535
800,0.9444611330470588,999,5,0.005902919372951766,0.2891632382608332,0.6529788680744975,0.8778182282420669,0.2532826013839598,3,4.7388436288286,0.003254614683592012,0.1163087000067054
802,0.9443243764660709,1000,5,0.0060434236830869785,0.43861195725610597,0.641779072428211,0.9382568453717989,0.21285378597645122,4,2.6841568444210986,0.0697640772862127,0.04328509392464975
803,0.9448060499675401,985,5,0.0059402295669857275,0.44987268612797043,0.7363553275067044,0.9352796402501086,0.21071145694676396,4,1.8579209079849648,0.00322596586858017,0.043009147616672884
805,0.9445168041631776,986,5,0.006260201057757195,0.43631244336002395,0.6316777708987682,0.2805428174458074,0.2184207489858889,4,2.091466963276364,0.004089243993891406,0.0413377356482005
804,0.9445729574339088,990,5,0.00618349866896251,0.4291290050030645,0.6350284053148378,0.8405231780631452,0.21515457635515578,4,2.0201683430249577,0.004205159866541209,0.04824957587677162
806,0.9445691054151327,990,5,0.0062643430857016,0.2839167337153805,0.6247184089603269,0.9412279189539049,0.2107401824635604,4,2.0204249653103163,0.004071799621916787,0.024860476817062552
807,0.9446056009709716,986,5,0.006284897455020782,0.2789678479503772,0.7342910761164915,0.9363137299926603,0.20120139375808002,4,2.2989510271835774,0.004349424185238159,0.01845409294888514
808,0.9448747841340575,982,5,0.006318825860242259,0.27271047712751745,0.7348829153539302,0.9356719796757321,0.21360133727643135,4,4.949957260466663,0.0016954975392582982,0.019554674333287673
809,0.944514036470467,984,5,0.006499975285695814,0.2746282176194942,0.6341733064239006,0.9329959970037419,0.2131806892105233,4,2.498063865000245,0.004537844616243892,0.018040326872731403
811,0.9442462131503684,983,4,0.006295749287730103,0.25227537737699546,0.6329710625233087,0.9359120578569895,0.2106272751016576,4,2.06229803519963,0.004385026573878788,0.015492789762417736
810,0.9443001194971157,984,5,0.006308290416152975,0.2844333797613435,0.6269656681220774,0.9354483544029664,0.214469120945974,4,2.6669500457257977,0.0043047466883872985,0.015868807651410483
812,0.9427256331738905,982,4,0.00636924347254899,0.23698681902039467,0.6817406235057109,0.28279597737712053,0.21317216206733489,5,2.2929358443555024,0.0036728352100333186,0.00862288329026554
813,0.9437710142965521,983,4,0.006337564475014367,0.2522129805631985,0.6294860251344492,0.8604051848729783,0.21322333308039962,5,4.884477912862294,0.0041035841049512295,0.010597077686713386
814,0.9443245262262158,978,4,0.005453976787315086,0.272093824274368,0.6845250980396591,0.859004382485171,0.20069816056030637,5,4.875871012507328,0.0017925409005171075,0.02154104395053358
815,0.9439881529393596,949,4,0.005456299471640785,0.2799308761585297,0.6881729068361431,0.8617293743657564,0.2025176459953118,5,4.959311506918609,0.001946846540870115,0.02058599273107123
818,0.9440004009188657,947,4,0.005548834594667121,0.23095703326023753,0.6841825185681275,0.8566160097798977,0.22800295468589402,4,4.902061353320059,0.0021557993554594188,0.03352126712681015
817,0.9443563687813196,949,4,0.005546122382685715,0.4053966931779601,0.6847341703605345,0.8571843727795243,0.22886105129569304,5,4.945693838673789,0.0022128739063347258,0.022482456781455534
819,0.9436997639508775,948,4,0.005395680274609162,0.27035956638679176,0.6802275838486639,0.8721419798375085,0.2346054298941478,5,4.896703894662492,0.001994152975309923,0.013609915377449721
821,0.9435804463386651,954,4,0.005516069743703837,0.26669317200614145,0.6729352135722021,0.8599624941896445,0.22724183609782223,5,4.927835517427407,5.512472828515726,0.024154087245545512
816,0.9442707205892523,947,5,0.005596828937268577,0.4053575282214213,0.6871711655831421,0.8590991355958069,0.226594687676241,5,4.921539967343525,0.0016852627014637643,0.016964008802452506
820,0.9444118035164435,950,4,0.005431861966307175,0.23231386505456816,0.6873762236879485,0.855929544818298,0.2302508133065467,5,4.91002714615955,0.001339550105760565,0.012210125728396345
823,0.9444939425204492,951,5,0.005345806413648258,0.4033058125004382,0.6836250932556676,0.8625601331077902,0.22919205149273206,5,4.997806767630056,0.0022182689192035885,0.026198974382093742
822,0.944537723620335,952,5,0.005459447567490696,0.4076670555470521,0.6845958953415688,0.8607480232030303,0.23060742837395742,5,4.988349233056823,0.0053878704132013806,0.023871893165471888
824,0.9436349924273548,952,5,0.005493577078500154,0.405876821709073,0.6755407454372554,0.8652243567001755,0.23028124843233175,5,4.910927982943128,7.309305818724206,0.02376206280234725
825,0.9437875599225822,948,5,0.005657819056944896,0.2560628465056798,0.667657189400006,0.7846411920895456,0.2302886481177329,4,4.901411007950354,0.002359516782921151,0.031306022006248116
835,0.9415801507006594,138,5,0.007184206010798202,0.4836020372429284,0.6548397560695577,0.8937015881826871,0.24928397378852069,3,1.1623587772159545,0.005203435979632733,0.03680794621097321
827,0.9439845075582746,734,5,0.0054838213566667255,0.44983498643744446,0.47710958900373207,0.7867680923931527,0.24184982504167904,3,4.827534104946474,0.001259988471893218,0.034823893008506114
829,0.9443810875542056,965,5,0.007064398146960712,0.45883097647083965,0.47516534890413364,0.7933939894847664,0.24703034218501838,3,4.982342373368646,0.005573511353046997,0.03514612517753668
828,0.9444707615285621,963,5,0.0070214084325953535,0.4453741751835341,0.6630168107186335,0.7875147654943229,0.24471655942550896,3,4.978010336731877,0.005554473962293209,0.03309979034965088
826,0.9449253373146362,944,5,0.005591439454486557,0.407034706004811,0.6679054799360155,0.8799650434734949,0.23147856184066365,3,4.95045281300421,0.005582657129134767,0.025197226507514523
830,0.9443540221911764,964,5,0.007091240764594778,0.45210473406484836,0.7590187649071246,0.7906951272638685,0.2436560353996292,3,4.825282155341383,0.005415263747775068,0.03339316190908186
831,0.9448480704725529,967,5,0.007024036772028491,0.4619037113215169,0.6602725197132099,0.8848953690292395,0.27476568296786286,3,4.79724403988305,0.005175227274547788,0.03185478643012197
832,0.944910159880591,969,5,0.00703040796551036,0.4615206161065611,0.46562678877680513,0.8319159487902924,0.2741683311940481,3,3.4747112373076963,0.0049130110111667395,0.03735274989260106
834,0.9446317542060111,967,5,0.006911867477367853,0.4520774243884698,0.6609708766815988,0.7831810417749266,0.27146469446660804,3,1.3702021755057228,0.00536087889086613,0.03251934067741763
833,0.9447135879497915,968,5,0.006988511379234632,0.4397669847890342,0.6617089987227693,0.8260832916128739,0.24664463791872024,1,0.771837672497973,0.005287656665509477,0.03738359811598566
836,0.9445203044804291,970,5,0.00708286017137204,0.45247132782371446,0.4674038439227073,0.8304118999186687,0.2760018767012251,3,4.806698891732718,0.05316943139148554,0.055202848325114885
837,0.9437304152083839,971,6,0.006887011977036015,0.5124552231029792,0.6630838318258223,0.8841661539508457,0.27469494404451106,3,3.9019666109103612,0.05607748991358597,0.04769252370665421
845,0.9247463955446577,1000,6,0.2990306783881712,0.4228701246679152,0.702671425890552,0.8418290624242164,0.2632881866082233,4,2.918468873961534,0.05071234350003921,0.6171457223500774
840,0.944496943985093,1000,6,0.006731200686466873,0.4224510804258954,0.7213666987474985,0.8252886034798995,0.2758936202464457,4,2.459214161943966,0.0028068340234313123,0.6591607376986088
838,0.9441126239703521,969,6,0.006829096558469315,0.43370266835294413,0.7583425024740356,0.8316190801207005,0.27441085158101414,1,3.7574014653184338,0.05780006096344964,0.05583857760082774
839,0.9441314175639908,971,6,0.006834443184157744,0.5268407441125575,0.7023999790113685,0.8366341343557808,0.2747355405891558,2,1.4002618724802416,0.0467714682419893,0.05073051510235439
843,0.9441510940641278,975,6,0.006691460649878822,0.42603815554263424,0.7032370818441306,0.8240797989650271,0.27582211364273207,2,2.8528783230749375,0.0030460256162565614,0.05220297003927911
841,0.9441379840506177,978,6,0.006720460238983262,0.5233347550716004,0.8141436830400733,0.8264079640407047,0.2773276648560123,2,0.791915753636901,0.0026929105468714533,1.0920768155724323
844,0.9434420700521393,974,6,0.007829669467901288,0.5248302916384724,0.7179012025756386,0.8227028884935764,0.26062867998671835,2,3.7616613920634605,0.009074133200955183,0.05091236019101472
842,0.9440545306012993,972,6,0.007607318649045729,0.3623371964509182,0.8176853298782257,0.8203250099627902,0.2733376302698484,2,0.8621822672468793,0.04675190830082536,0.6331839633098001
846,0.9444607636039141,1000,6,0.005963628616209044,0.42272901555417536,0.7073897952456892,0.840308692583923,0.2603951740794635,4,3.7367823573987398,0.008360383515526842,0.05187836979417806
848,0.9429513660661213,933,5,0.016955194380528373,0.35594815763016074,0.7165288214881563,0.8975226116067708,0.2589214169711936,2,3.769388894681436,0.008797682892351975,0.6156545266846091
847,0.9422754374806918,999,6,0.00778868199750938,0.9989721133024598,0.8103872829178196,0.8424032220551794,0.2512826847454929,2,3.7851917395808123,0.0027708139328555233,0.6011036551093961
849,0.9447435587639917,922,5,0.005005350884729348,0.36216021644682866,0.7018051843961592,0.8952841798911303,0.2518213889147385,2,1.754682598162218,0.008820085681735118,0.05412743249077917
850,0.9448707849641984,931,5,0.006010932862221287,0.3618174112555636,0.7000688175657261,0.8906204396708802,0.2512551950177936,2,3.9265335356646864,0.009075173294645964,1.3201061317548424
851,0.9449874830784083,928,5,0.006010204302419797,0.36200962305660456,0.8212460325021924,0.8929380745519063,0.2006406974916205,4,1.735251061647367,0.009119720979899805,0.6067338710241069
853,0.9440487937963107,932,5,0.007708733027631068,0.3594788673655947,0.29088618416469203,0.8975603428775942,0.2542029026270326,4,2.191942779780624,0.008331940491993746,0.567127480215877
852,0.9442981355665566,930,5,0.005841405751422296,0.363560208115037,0.7511224879371895,0.8975167362870331,0.25633974194269143,4,4.707456075466273,0.009149488770496067,0.560347961200857
854,0.9446587423408122,927,5,0.0060258955264782515,0.3592762833016524,0.6446981732532767,0.8999748559392847,0.24990579246715094,4,3.8810732823281215,0.008800941062442474,0.002498790256352528
855,0.9444087430870038,932,5,0.006043480670971614,0.36107004743890053,0.750939274612872,0.8987789458880051,0.20194546270048036,4,4.675960615966175,0.008182825240393314,0.554279586418605
862,0.942055004114699,277,5,0.00625400255186342,0.31981189082663297,0.7800532966829701,0.9231523735807118,0.20832167432866192,4,1.9381145430111715,0.007557831388259305,0.942605968468594
856,0.9445329135540821,936,5,0.005941754209464452,0.3602547913600066,0.7483299416402914,0.8941516882931846,0.20014682604033496,4,4.75078188055835,0.03545000047353972,0.5202920526413107
858,0.9441450608697238,925,5,0.005000337938165538,0.38076819583374105,0.6159216762502701,0.8992158523544438,0.20114213689975857,4,3.1377259975905605,0.03402103993613509,0.4983323651247683
860,0.944249801132095,935,5,0.005889772399740274,0.3941131007973887,0.6138971023671942,0.8748556469189901,0.20061299054818066,4,4.729737473396036,0.03295144686388101,0.5506015453303474
859,0.9446388884244759,936,5,0.005902416449655767,0.39419629990600397,0.7520845888180726,0.8777619902483932,0.20027206701396805,4,4.703821425288722,0.003278201879631932,0.4857331031572256
857,0.9447288833134284,931,5,0.0059631826635660225,0.38092677210056947,0.6116999666070291,0.8965147262956903,0.24816268354439905,4,4.7030670173028435,0.0035839622515732895,1.6354058564461058
861,0.9445457031748086,930,5,0.00619088876610374,0.3484220087887234,0.7560989976525323,0.9197155189593186,0.2058930476061028,4,1.8207915746872931,0.007158099529154275,0.810271132581238
864,0.9448866824992883,938,5,0.006292896585062499,0.31534629633351924,0.7501991912986595,0.9224463290737195,0.20177946661514132,4,1.678015808012976,0.006790826820963998,1.0557559527866027
866,0.9449933826888502,985,5,0.006456357137364722,0.3812689087071444,0.8655043472126009,0.5086018084396596,0.20104563358785033,4,1.4551355360847429,0.013090804548956754,0.7040171431752243
865,0.9446694770644999,1000,5,0.006347399037773582,0.32008081453727055,0.7868714556645061,0.9226667986216266,0.2131287569007809,4,1.6344573130492828,0.012976020745086919,0.44798829533167234
870,0.9429719870466137,380,7,0.006382881725642685,0.3221182111638759,0.8310566960197394,0.9230206275051167,0.21792826941167304,4,1.2762313054612344,0.012409792659832228,0.6961288075622614
863,0.9443992575820849,1000,7,0.006239768131179299,0.3799040754635667,0.7237354040702796,0.9111224516327503,0.20387230016894187,4,1.5120748486615574,0.007247499272140196,0.7714973797323231
867,0.943725955800031,985,7,0.006449894067994335,0.38398572952204757,0.8440170308456624,0.8777280889490936,0.20034232869607996,4,1.4657694723919246,0.011331896972244751,0.8163028307175625
871,0.9444852125998147,1000,5,0.006458184802211109,0.3419751718795677,0.8491300119258416,0.923917967327066,0.22115761712763404,4,3.9151562809589007,0.01240398733429729,0.8357872634805523
869,0.9441443146780617,983,7,0.006455446143637334,0.3175525608377203,0.8543315499886908,0.9197289452349158,0.2224648331096163,4,2.524757766777044,0.012022310072662468,0.7896002726009816
868,0.9438170266660514,985,7,0.006284005040500015,0.34377434216145375,0.8652649495469685,0.919287013970174,0.21794977415763794,4,3.0110884464611862,0.012781928356595546,1.0691198588863517
877,0.9336929851909863,984,5,0.0881288091708679,0.3796758342989696,0.8656428622045457,0.3422275306029782,0.21800973265239648,4,3.9512978020370744,0.012976396765431964,1.0693279162143818
872,0.9442042698735834,987,7,0.00647270861368221,0.3378694448962212,0.8400602686353782,0.8788727068992457,0.23115446537448683,4,1.1150238097121972,0.0127605957144765,0.7710936258620498
874,0.9449378555929403,985,5,0.006265044936703075,0.3763615998934,0.8983477375780275,0.9695609562682861,0.21947851114916914,4,2.5242650726202744,0.014868738398863136,0.9896717104549895
876,0.9445167551128165,985,5,0.005505747127794308,0.4984621481921234,0.8416769397201999,0.43695648185920877,0.21942733752239632,4,2.4097271720429356,0.015389608695407848,0.7268733619772907
878,0.936328106255522,980,5,0.08685829415180868,0.37925861039340797,0.8196065971668385,0.5746663684050852,0.22232362886175772,4,2.594431753724532,0.015444915583141131,1.0839413509896472
873,0.9443571755032144,987,7,0.0065237674251410385,0.34229548334172955,0.8326059656172108,0.8734674362279604,0.22236029906613775,4,1.1182449494660367,0.012219538475830544,0.8499669836773558
875,0.9440444804954161,986,7,0.006468868087299026,0.37960762305541973,0.8706732557496858,0.6577314493144157,0.2226350564442401,4,3.8807742651786867,0.015483641342661753,0.7734695420087784
879,0.9445819117338544,981,5,0.005433068003977528,0.39432958973912,0.8438916490423664,0.8052461622605387,0.2238934256031228,4,3.982428146368031,0.015948416369544725,0.6180238881665484
880,0.943600490194697,982,5,0.005524241470357885,0.37884194342859356,0.8274170762656075,0.22288700696581382,0.22184971456586852,4,1.032611062719909,0.015638017073856533,1.1134799546176846
882,0.9436427658659499,961,5,0.005449555049378669,0.5027770160852264,0.8727146385361751,0.20180181016107068,0.22679334116237812,4,1.0378487783905224,0.01423902349929356,0.686761956996733
881,0.9447410196250912,983,5,0.005567255638326116,0.3780935202210096,0.895142055362837,0.3873121312298622,0.22093396241814456,4,2.623435786549085,0.014860191550318107,1.2667279167183974
884,0.9443417799516063,959,5,0.005606233424671079,0.5003318551478889,0.8146093779116199,0.3676214582857895,0.22276064361709652,4,2.7684204395753964,0.016983328243456577,0.7409883330381837
885,0.94425016848799,961,5,0.005570984136045788,0.3936561211828887,0.8212907561735396,0.41885791121352206,0.2247614601987774,4,2.2031712959519756,0.017774457352200537,1.3824812690824906
883,0.9446888248228558,962,5,0.005418539840729269,0.5037497808796324,0.9009283478853547,0.5082466214700407,0.22381981261549178,4,4.020903543405746,0.016536016557652335,0.6658304856604624
886,0.9447550250685959,959,5,0.005001720363513666,0.3984513159827488,0.862123571091601,0.5246668200912155,0.2324372318534182,6,0.9470733778466025,0.015121890011599602,1.3622058590595634
887,0.9444692127895038,961,5,0.005571868383371493,0.40251327989009267,0.8686853605816197,0.5454416290523579,0.22715974295449498,4,4.810005895439913,0.0010012714738754191,0.44864431134603355
890,0.9446597160426593,961,5,0.005692792334077158,0.3987296637321288,0.8117246392604207,0.5035926415139379,0.20052379332141693,6,0.9023435748688702,0.003465802514774649,0.4765606600147723
895,0.9386501618254901,910,5,0.06537688180776764,0.40026877109078346,0.800912375132201,0.953279879643671,0.20054289829420924,4,4.796581668525523,0.003676465344495707,0.4228405327766249
888,0.9448522209679941,961,5,0.005515085307322903,0.39965426555973393,0.8851742616640267,0.9477570274892685,0.23894625886981968,4,0.8892687917166406,0.017519169206593917,0.6516035352378814
891,0.9444450560085199,960,5,0.005756516658971697,0.39334188518147345,0.8095064691702454,0.5926512800685771,0.23781134116964983,6,0.9068550580788116,0.0036337016750605943,0.47112751629411975
893,0.9444071515593329,957,5,0.00741525521857488,0.39635017133910616,0.8133938105344298,0.49418677129194655,0.20096886245695167,4,4.825822827032843,0.010572166116726126,0.4505385907676578
889,0.9445238183648016,969,5,0.005644335698512588,0.4814694382024453,0.8127733605358524,0.9515436312429087,0.20001688233823087,6,4.770824444513923,0.009961068243558009,0.42717496761812107
894,0.9446489301813614,959,5,0.005808655004679053,0.48590424279424377,0.8084646783324535,0.8492581317680659,0.23813308685027212,4,4.808950653647762,0.009880141890536633,0.46760891462476656
896,0.9440227021351287,913,5,0.0075174528964859245,0.2949697260614895,0.8031214960101248,0.244925186231725,0.24198667145230332,6,4.789569412223452,0.0035321393588303523,0.43906335346570874
897,0.938426199964379,1000,5,0.03128940868695013,0.29964703598270015,0.7817246055466616,0.5634806411676241,0.3044787295326181,4,3.5642532315124855,0.010111998164896925,0.5194279728401374
892,0.9440495786020868,958,10,0.005712935008695885,0.39550918787033035,0.8015981600263927,0.4944458236272198,0.20016118300752525,4,2.1537590665615043,0.010087942210421304,0.46545452012563376
901,0.9441372733421953,999,5,0.0074720359254857455,0.2998659038261471,0.6511268826971349,0.32517684390041357,0.23978164365522925,4,4.526104538178327,0.001622213820444479,0.5798173954414912
899,0.9441329683902984,999,5,0.00730851756140991,0.47450488659859846,0.7879647903084094,0.5641648638098915,0.2415822431756066,4,3.563742446615727,0.010241556670296484,0.559625469927516
903,0.943243517321655,999,5,0.007432917389137234,0.30037291572966074,0.3401373428337703,0.32667211717830175,0.30152407249321467,4,3.573700045964153,0.002580458604535397,0.5947451049085278
906,0.9248950661452466,1000,5,0.20618952583381814,0.3687424090858731,0.6443468069594275,0.8051145697639165,0.29960666573624156,4,4.508302470505357,0.0017709154040760602,0.5973110310847621
902,0.945098225226442,944,5,0.007444582495653848,0.36360317049827795,0.6467236635600988,0.845997907865712,0.2982746135236685,4,3.6109518279977424,0.0014045562359408124,0.5807018094863889
904,0.9443908929300958,945,5,0.007263622944026798,0.29021942198941897,0.7807338225494109,0.25162149438712,0.30501315429118,5,4.552342647625939,0.002550339845784679,0.5892837712969845
900,0.9447482049811665,999,5,0.007330501832887845,0.2944118984388233,0.7972324296668043,0.8446259182478844,0.30396686111051097,4,3.609906877217643,0.0014589506343698838,0.41093260255110825
905,0.9448369663057207,944,5,0.006579292722126632,0.3627410829420601,0.7858584998114017,0.9842891841800363,0.23952873659904506,5,3.576557149466779,0.0014917887552293849,0.5633955937828723
898,0.9439009685317303,909,10,0.007204412870735487,0.48021917291527244,0.7874606455460438,0.6375937202970843,0.2992558282667647,4,4.518180867826028,0.010203514098542973,0.4608493292931041
911,0.94388300461973,506,5,0.006932582989742902,0.36666487347230114,0.7714463450675737,0.8481321709161384,0.21376157149822092,5,4.105157663537579,0.0025695313036878213,0.020621740430580505
908,0.9439847277630866,975,5,0.006802700563534901,0.7634303823497949,0.6658970254822167,0.480885678043497,0.2991940249826302,5,3.652955626110382,0.002704759107899007,0.6233264821283524
907,0.9445757199084959,1000,5,0.006967683035257978,0.36790191436859265,0.6496351231243495,0.9739647784179951,0.2972766016607733,5,4.559721966917617,0.002474221545816041,0.3479973639276003
909,0.9443320324968869,943,5,0.005007468495527737,0.36876730692110765,0.6749176425307074,0.8064078100334682,0.2997641374793928,5,4.128351613902529,0.002534377217692347,0.01945264459616668
913,0.9444069657941359,916,5,0.005005215192037912,0.371850665128459,0.634967612999456,0.5305727464639562,0.26366943781433827,3,3.6956294193518335,0.0007327983211052022,0.3467933085986122
912,0.9445887005125428,910,5,0.005035288432975616,0.3686530154505633,0.6444451795074649,0.6455137507056063,0.29057798387841355,3,3.48575444832331,0.0235221100814343,0.7232270615857331
910,0.9444358428896482,943,5,0.005016558932061235,0.36612863606982665,0.9204593481129706,0.8067628270085254,0.21330800979897338,5,3.3110526300839482,0.002733051345714096,0.340894322128791
914,0.9446837277598096,917,5,0.006749590866585482,0.36883450677350105,0.6367042497531443,0.9762765890407433,0.2898143600241371,3,3.6838728311949427,0.0008993654419344099,0.7813194700921217
921,0.9417800549251332,224,5,0.006070160040751194,0.41793250383989394,0.6356339459168616,0.8432032186685465,0.2648513348314878,3,3.776977750512712,0.00105818816498601,0.8735636988317897
915,0.9448276488243786,912,5,0.005034632481953467,0.3590664586006792,0.6343106376653914,0.8442529927519106,0.2957822627426316,3,3.772943363379367,0.0016008969098936876,0.971362425142219
916,0.94467221136122,906,5,0.005012756747203983,0.37052386318542774,0.643034655148716,0.8387783433419452,0.2955626392997197,3,3.676545539934174,0.001987925446829328,0.0009096524314476244
917,0.9447269552167908,911,5,0.005037317580031162,0.37200709338751853,0.6356760673536033,0.8065026907672135,0.2914854623218629,3,3.45218816536726,0.0007819997766145419,2.6187399105853313
918,0.9443179362580331,895,5,0.006045735021664894,0.3723989770215143,0.6345438181814892,0.4430073342849351,0.28804217655853925,3,3.846576427554379,0.0012905984856734292,0.956456992107722
922,0.941012200745052,940,5,0.02521989010403124,0.4124405803404769,0.37801877961775565,0.4075322426028025,0.28403248909295115,3,3.70367192057773,0.001448599170489928,0.6213975129719714
919,0.944879465834472,898,5,0.006008466370247052,0.41787520919874455,0.6352924543621176,0.8106046631855334,0.2841248168603965,3,3.7551245743384714,0.00161842263758325,0.8787656690834468
920,0.9442270104558463,909,5,0.006234975609425786,0.4162761674694229,0.8840320404963449,0.5389639235078721,0.28903377881779607,3,3.3941117462733894,0.001810238192946855,0.9464457602345833
923,0.9450214708040876,917,5,0.006022323230527803,0.34898124083516174,0.8809738463506506,0.8402120703606633,0.26370901651766127,3,3.758481638108284,0.0012136719699379845,0.9171152911852377
924,0.9447550673353964,898,5,0.006012005265606527,0.25778455759577606,0.6177089246405845,0.8406896875498792,0.31525610969218143,3,3.417127342475874,0.0011176022784197483,0.9538077606417521
925,0.9447273794502322,947,5,0.006057067828777496,0.25590406837480045,0.6599110724533577,0.8389101538395022,0.31510208376135573,3,3.756742205938374,0.19485147691491925,0.9909281421854856
926,0.9448584461893432,946,5,0.0060422038729535475,0.4146390708075351,0.6556984987909457,0.8163381513568089,0.27886647479370436,1,3.7054913857272678,0.0013493872310034946,0.707633323299348
928,0.9448229472950949,944,5,0.005988981731110987,0.41861211350470157,0.9525081414325938,0.4580198790997172,0.2618797244698557,3,3.8272475144156006,0.1788907144961728,0.7205029354681006
930,0.9447137747586132,946,4,0.005995538136842579,0.38814644922291985,0.660229627579592,0.8660405785095986,0.26021744242532563,3,3.822348674045472,0.0012486329681176207,0.014491970030962913
927,0.9447643592479332,944,5,0.005940671378534419,0.3862906737022355,0.8810251239815217,0.8209055291612726,0.2617664922953465,3,3.8226658257893136,0.0011973059609282299,0.33954236874369287
929,0.9442978710076947,944,4,0.006210478386824787,0.4147674174557733,0.6615061708783568,0.82036251751486,0.9197025621666204,3,3.840529454476708,0.0011342616773258752,0.6583871646466946
932,0.9446309819237314,942,5,0.0059924155939141644,0.3436727354464677,0.5228383241318255,0.8642863382795233,0.2628113907108952,8,3.8792670642181153,0.00131508441226251,0.7134908537166532
931,0.9451256151567536,942,5,0.005946500570980702,0.3503400671007059,0.6617975253029157,0.8584238773113954,0.32079361660100636,3,3.906249259255489,0.0010655551009671326,0.3503187066876099
934,0.9444609441509876,779,4,0.0065583909583548095,0.3478341912334164,0.8545885426115858,0.6157446184846739,0.26770209941395656,3,3.871785301184659,0.0011579469084566666,1.3204507978482158
935,0.9447395241108929,890,4,0.006571503351382627,0.34950397537593253,0.8867919807272154,0.8178397437369174,0.2655247092615818,3,3.8024445327520433,0.0010756965412592177,1.4382292296019972
933,0.9443959200702867,886,4,0.00647783576576123,0.3481548647185838,0.9048931310300966,0.82167894568577,0.32246859000465067,3,3.800302879439518,0.0008322657125781067,0.7532788353706056
936,0.9446509308099156,921,5,0.0065692531212009,0.34763026585459644,0.7329324026919106,0.8249865162683652,0.2610506819481971,3,3.884406284368675,0.0008787113585993462,1.8341265829529259
937,0.9444563021083118,922,4,0.0067368660681362234,0.3394571164505635,0.8881166889012747,0.8226541158206262,0.26344017640371853,3,3.9271960765460574,0.0009959777151449236,0.5332869628822304
939,0.9449457328721932,917,4,0.006632701137619563,0.34628059073181905,0.8955823167051571,0.8570815244241411,0.2691816522747324,3,3.9588881445541086,0.0019166582549912405,1.3255841391401877
938,0.9443274342864486,922,5,0.006675922316861203,0.3496330168576339,0.8713734871487008,0.8276655598004536,0.2675548934065718,3,3.6648188267666266,0.0013264418469774734,0.7071433487542128
940,0.9444671552834032,883,5,0.006633797458359011,0.3382568390002155,0.8622835885397697,0.8601658315951378,0.27103614804646303,3,3.952666268638495,0.0009241514388037731,1.1881832316471492
941,0.9445517301074643,915,5,0.006537811416267097,0.3525717940138108,0.8838814952568619,0.6044576613520559,0.27152790304387786,3,3.942101074876086,0.001156023473202738,1.4990463990101957
942,0.9443441009729442,924,5,0.006566518579500917,0.3523259120980065,0.8354806378126847,0.8333309768366545,0.32629042673638176,3,3.635679736786927,0.0007468545449741884,0.41416131786403526
944,0.9443147448536935,916,5,0.006647607284706788,0.33553960651561276,0.8545729958040106,0.8489539417019066,0.3063809230765444,3,3.634324216202344,0.0006557825667344297,0.29986410913659844
943,0.944631183343299,918,5,0.0066643586927960345,0.34713268274630993,0.9000071444361291,0.8310254840738077,0.37221292380049203,3,3.6435084078836693,0.0011210126836924165,0.2958450887005707
945,0.9441778369471239,922,5,0.008157284281665183,0.3300927992916633,0.9220962686214175,0.8506022130020804,0.33313628039643434,3,3.940948159903787,0.000717168737308705,0.3241566310730201
948,0.9442986125030455,928,5,0.007885778161196259,0.3258415002250634,0.6187125481916961,0.8462359036418535,0.31502756352550265,3,3.544067413556184,0.0010618939984645775,0.35695351911551615
946,0.9445182694122595,922,5,0.0066417406751198135,0.3324105111539355,0.8951541855845639,0.8459280119675326,0.3242034990787059,3,3.928001060909728,0.0008535222712344618,0.00011695224973844556
951,0.9440580611836669,539,5,0.007985229726698241,0.32992220338590383,0.8553762291636573,0.8407464883880174,0.35775055444540765,3,3.6219451559319333,0.0009561478128116619,0.3158310235939265
947,0.9444840437401482,915,5,0.005468052205789891,0.3292732923693885,0.8842327159858856,0.8520327448678928,0.36379699770607277,3,3.6129195660727027,0.0012292599508471845,0.3705825132109591
949,0.9440332521372442,928,5,0.007747953626022288,0.32823528014534736,0.8479360712115699,0.8422483344846903,0.33864093032148856,3,3.9870532385838615,0.0014639920122604584,0.30770508776753475
950,0.9444790030328362,925,5,0.00794361665913822,0.3227046876056935,0.9320905358139514,0.8443097528524125,0.37353762521213696,3,3.6001698115615755,0.0007057314373017662,0.31772913087474525
952,0.9441639630003318,896,5,0.007921037626381027,0.3314339759889607,0.8556653052640466,0.8453646442310594,0.3163047967431996,3,3.6368747835683166,0.0007889000170900706,0.460563326555745
957,0.9386342141964142,539,5,0.05838172262820159,0.3251690640654663,0.6151986550155147,0.8648243988602319,0.3128479469982397,3,3.5103287409374815,0.0004810829914773051,0.46268140494038157
953,0.9434672600215783,934,5,0.008044923415455953,0.32418821786636687,0.6143249488585658,0.8518294064093292,0.3425308780327436,3,3.556469979165544,0.0007225621833524489,0.3575651199126362
959,0.9440971094455278,618,5,0.005444273880889675,0.38286107223800964,0.6534379761331174,0.7987592646410133,0.3194540535174858,3,3.7271744074993194,0.00182768830434864,0.5101123870290654
955,0.9437752253222259,972,5,0.007773865981500732,0.3269707688309662,0.24117385037657296,0.768420979838164,0.3254873170068118,3,4.021293060474201,0.0005897625867554083,0.3960700789330727
954,0.9442400275867581,932,5,0.008093953496853571,0.3242845080491447,0.9156013053339003,0.840957270731826,0.31685149036734966,3,4.001202940184741,0.0008984703226463309,0.3936597056494708
961,0.9292423098896194,886,5,0.14967501453471263,0.3558236072767127,0.5862925408245664,0.2995023987567941,0.24573251231760923,2,3.747950948435692,0.001848733237395915,0.5062294116489278
958,0.9444012999556272,898,5,0.005462915368744775,0.35684837207944325,0.7691101379455074,0.767276938566922,0.31146247345905487,3,4.0584836216753555,0.0021113133619187776,0.4840449682331803
956,0.9445746126226867,972,5,0.005396567168296546,0.3258688417388379,0.9146633049521741,0.8502493188288986,0.2834097998269661,3,4.050449908246979,0.0015478717427525588,0.47552565471231695
963,0.9448077604684272,972,5,0.005466523002546308,0.3591062468778786,0.6024997419588907,0.7975671922375291,0.2809829979486434,2,4.035350671799049,0.0019803077532492847,0.5515615348406779
962,0.944807890921515,973,5,0.0054366901343352834,0.3583066449289585,0.6038378094429361,0.8665864321098592,0.30941836694398916,2,4.021542396312214,0.0019515384576867304,0.5242596514115091
964,0.9444215702782197,971,5,0.005565943217520023,0.3561875878464933,0.24591415874101796,0.8755561797834472,0.28415696908714616,2,4.049666630125483,0.0019087451114054132,0.44437101938168355
967,0.9421620017373012,969,5,0.037516219370420316,0.7352882054250632,0.6490779751526338,0.8024572164034611,0.2809897355843614,2,3.823044154090627,2.901492680061422,0.5359780389309351
965,0.9449507840157523,973,5,0.0054223970433071025,0.3817508370147715,0.7365670998039386,0.765266314370888,0.28169661736450835,2,4.054050179445686,0.0005936637025368865,0.5304700723775277
960,0.944359292495923,897,5,0.005443646781050996,0.35941672511823414,0.9299573705858122,0.7919903311945521,0.9623836354921198,2,4.056830109466405,0.0017546099037189064,0.4642435504613325
970,0.9443751268917187,954,5,0.005757144698051453,0.37501720938499644,0.2699515097397832,0.7991201205849087,0.28301179402008736,3,0.4720538650310856,0.0015974245853109742,0.5818848180287612
966,0.945000341578365,969,5,0.005450180363672178,0.35533025765773346,0.6492394743153875,0.8727152812057724,0.28415579619656384,2,4.049741650179792,0.0015195311065658002,0.5593179338192944
968,0.944215944903128,972,5,0.005402514768951622,0.35748337753933535,0.5987310928531182,0.8722801011431005,0.2826937186072207,6,0.5450203608303797,0.0019682967607325247,0.2518849441565967
969,0.9448424849931465,970,5,0.005825097852694417,0.37064699996760636,0.5932244304736757,0.8700201641839638,0.2887517304424324,2,0.5326450057439382,0.0017347814776796516,0.2465495807645213
973,0.9444378883940647,954,5,0.005838033926368434,0.3785516382206392,0.6508138068178325,0.8126269307478079,0.2459399206215865,4,3.8579771351967125,0.0014213125551651633,0.23553898190534087
971,0.9445986379069581,952,5,0.005761250175604459,0.3841133103877896,0.6512549678483206,0.8765538161043035,0.24198882717906037,2,3.8588976171714937,0.0014030313336069777,0.8199403616899887
976,0.944168659311492,952,5,0.007165806026308941,0.3798544763878423,0.30037230365606915,0.8242150850464077,0.24547271160060694,7,3.8548048710874743,0.001454481778254106,1.0378995214902804
975,0.9448887113057095,950,5,0.005936513475289164,0.3825833754607407,0.8320114389668118,0.8165571687515415,0.2474295279137457,3,3.743883706952748,0.0015561749228302534,0.9282259540719943
972,0.9442448188677661,954,8,0.0058520019327969125,0.3759340766673517,0.6492276397636213,0.8686254344745319,0.243162642382806,6,0.5751190411132797,0.001389013636675455,0.8976726607292489
980,0.9446929492276791,984,5,0.005956740212487068,0.38514036862543605,0.623369331479908,0.8348098979191696,0.2984398147929496,2,3.786539179220319,0.0014555430496054264,0.8997148391708687
982,0.9324747151128943,983,3,0.12296957015476782,0.38789104348832465,0.6260666513959771,0.8570868240915215,0.2950172265052469,2,3.899698316653294,0.0010279447650793487,0.7210193506606825
978,0.9449179359282477,955,5,0.005890355200882302,0.3843485006560607,0.9580692012434888,0.8633409504234588,0.293044915194013,2,3.9063342075554823,0.0013537161501176245,0.8908213110181379
974,0.9436939353069154,944,8,0.007153834722638272,0.380610874894252,0.7367865010507482,0.8255401962670011,0.23974860441068319,6,0.6020437319310277,0.0004251815691266885,0.219466261181429
977,0.944206658730527,945,8,0.006116741244972481,0.38946894955930467,0.6638736899194824,0.8280786256595445,0.2477346810207309,6,0.7435515206221971,0.003088642801559389,0.2440380482745148
981,0.9441164039790237,953,5,0.007293408025556227,0.3848436104353075,0.6674595372794875,0.8220344426716001,0.3011183808269478,2,3.905190861231346,0.0013717678446954912,0.8554637609008062
979,0.9442154690102637,955,8,0.005869162305394006,0.3857630742736902,0.652284421069081,0.8285380306484148,0.2940787506897755,2,3.951716054888315,0.001506003457381063,0.2490661882873958
983,0.9449232072766189,978,5,0.006136872333550044,0.3112898703334516,0.6307937671802205,0.8310685243679303,0.29995345614558655,2,3.9327963196255875,0.001190750645028705,0.2765541336829892
986,0.9444784864386083,986,3,0.007035177089400509,0.3454796461093134,0.6694840504290396,0.8566347619356861,0.29374832430243913,2,3.9654800081489103,0.0011651480300869884,0.3582894970740908
984,0.944447145345174,984,5,0.007210465849240247,0.3074333487385606,0.6263689333862302,0.8607594803401464,0.2901515231329437,2,3.7526626030155117,0.001086984476211183,0.3792021570863502
985,0.9447231559010622,985,5,0.007180029236129028,0.3154522896789705,0.6253866339177584,0.8607993910262703,0.3023769228371389,2,3.936205526902335,0.0024136488731415057,0.6977840188087523
987,0.9448058662895926,983,5,0.006267490283916656,0.30798672992193243,0.6737059456095389,0.8265402787524365,0.30542377360867445,2,4.141012747439796,0.0011826440484797999,0.38938791166867137
989,0.9449201129293767,983,5,0.005016027570744261,0.31018243764481834,0.667763537182585,0.8390110668428122,0.2578159457581638,1,4.120912279183077,0.0010096596715003408,0.31032901083991304
988,0.9442430989742568,984,5,0.007144851347385506,0.34371421301947996,0.9894451245087029,0.822840214546691,0.3055617688327275,1,4.114978417845662,0.002177591015813374,0.2778238670304382
990,0.9452984608017589,982,5,0.005433869661532806,0.34694257032597997,0.6714562039791117,0.8559497782942815,0.2595372996230904,2,4.127451175655289,0.002248204398047447,0.36048130399388817
991,0.944479065650318,984,5,0.005311681217951056,0.3117376499715978,0.6743162879978283,0.85708765072828,0.2734930611122789,2,4.159803673610906,0.002047305803484209,0.3403731181723541
992,0.9443193587185024,981,5,0.005193133622514834,0.30954108124392277,0.6705745002750774,0.8530638009526246,0.2598099052642453,3,4.990871540692115,0.0010612119131682024,0.39472212570840864
993,0.944585918730899,984,5,0.005321051534456135,0.30799108900718264,0.6707490151207228,0.8588981932910563,0.26173115396511865,2,4.071186681600632,0.0010364474317062053,0.36310220112267033
994,0.9445149632092027,1000,5,0.005300189060940792,0.3062523752774587,0.6725547297902572,0.857617723061705,0.2639930386155627,1,4.087330895061772,0.0022532867177207576,0.3784560102767023
995,0.9443513249431333,983,5,0.005390093498029319,0.309693019590136,0.673865855678886,0.8377958686172795,0.2687935635826567,1,4.199290169906765,0.0028460971874052854,0.7079362873113699
997,0.9447557702166334,968,5,0.005012698664337534,0.2724329166887304,0.6702585259838023,0.8455420614017507,0.25798003325293234,1,4.162565687381692,0.0027239511679544317,0.6361333036178347
996,0.943516668867671,1000,5,0.005324696852568276,0.965204156899891,0.9938439319198495,0.8383296613338563,0.2596006152013058,1,4.123061007636389,0.0020799016723289827,0.40432679857377135
998,0.9447195084327277,965,5,0.005316787531770311,0.3405369887910322,0.6372096800157478,0.8801624648952475,0.26988576630908456,3,4.167174791358957,0.0022602225429063597,0.5577810935981633
999,0.9442909251634886,966,5,0.005379833679314669,0.2789349692402978,0.6442754456465556,0.8763624171540321,0.2747022989803937,3,4.1624762352641,0.28712997768912074,0.6270915360848525
