trial,score,n_estimators,max_depth,learning_rate,subsample,colsample_bytree,colsample_bylevel,colsample_bynode,min_child_weight,gamma,reg_alpha,reg_lambda
5,0.9242807093300028,744,4,0.27995800495749407,0.6691585355234883,0.4656685834434538,0.728815144573614,0.7515398735888983,8,1.9572335751227354,0.007445065203320166,0.0011193864044971018
1,0.9381885342673023,478,4,0.04108326164164215,0.7619150965701986,0.7202004087926686,0.770791194524679,0.7238225481747159,4,1.1446642489721393,0.6729125206717144,0.0023814361548898577
7,0.9296093380866681,392,6,0.23602823654479205,0.968614163867998,0.4947816853888043,0.8478730128947536,0.9390028330857008,2,0.1405280720099561,0.0018442370891329526,0.007760355937203566
4,0.9304265807621604,701,9,0.2847127479003049,0.4583754898364556,0.421540874538221,0.46575432453176735,0.9345245835342361,2,0.6342981164848027,0.02112167520676392,2.515516853661474
3,0.940102871756704,716,8,0.04157954930180428,0.4925765700424399,0.3196712401257699,0.38810465606912276,0.5636800694267423,7,4.472559450574792,0.0007502125989907605,0.3204805640959183
9,0.9377423951433214,544,6,0.03265550199767101,0.7514355971070394,0.9632011206573073,0.43620135215369404,0.8053592467584114,5,4.436319215730124,0.003383154331594221,0.0001427991164768727
10,0.9388449314164286,110,7,0.005069290544673675,0.20116056170211394,0.9137368218937634,0.5010158497520641,0.22549838307858067,10,4.0120214825534575,0.014412483841625034,0.014817632657701682
0,0.9416940440734818,643,5,0.00930403188673217,0.5592686938547391,0.8166539613868534,0.7624849332304524,0.474294888009902,7,2.685618546084822,0.0019895838302876074,0.08793981944872871
11,0.9254844751119826,542,3,0.17186051678631956,0.3194103713229227,0.20947484092718513,0.45467755968777573,0.31905019501163584,3,0.7780552214459052,0.15167364958616508,0.0005012128295861064
14,0.9405925790811315,123,7,0.01760968113144946,0.6146843451750081,0.6265384827262594,0.6253268779648252,0.4042982373456312,9,0.30881405328831213,0.021937750404113734,0.04187476380997976
2,0.9373925794484874,787,9,0.04209922611655954,0.42210449104774544,0.5238432471732857,0.9572501777118541,0.49891875892251597,4,2.2999457102463965,0.007203544758697237,0.012711535211779767
17,0.9403339772289021,181,5,0.05708723553744245,0.5586428649421764,0.21287304052561318,0.9158588496867801,0.5321299487075595,10,1.1248055537622852,0.001881388857604483,4.6835468942450245
13,0.9288908275261358,769,3,0.2518061733308917,0.728324417777422,0.744822593894213,0.635167246426821,0.4471881592879003,9,1.6588291741168837,0.6716953376484461,0.20306510653902204
16,0.9241536365426274,481,8,0.2044697826784249,0.2952819699294911,0.9815906438463671,0.4738839721785956,0.6354143267761625,7,3.0644954755863782,0.00022346381220796676,0.03354863704731384
18,0.9394020328932555,370,3,0.008199443725332519,0.7837806211731193,0.7423220581677294,0.818456435239691,0.40237744964757205,9,3.061880492220105,0.4227766615541314,1.5557669152730464
8,0.9415163090467462,798,4,0.007713879440941041,0.7967953218564174,0.7283961977188873,0.8496693860781556,0.8834208850950467,1,0.6104058949671504,0.013894206689770953,0.08267812727417805
12,0.9402372186082543,959,3,0.024800103196232815,0.6067010899613221,0.856491666811507,0.9914692911744245,0.32514706703606366,2,1.5262158529875385,0.7475039445320367,4.462415951234161
23,0.9390743044716208,282,6,0.009941853497006013,0.6206026574878261,0.6906978346383253,0.20137165159587977,0.39203294469530864,7,3.0068596562912244,6.696991966773226,0.12763116470514338
6,0.941341400677517,589,9,0.011011759208293928,0.23907678623566328,0.9538799071195307,0.7063540908008119,0.8790123141194697,1,4.672387170089115,0.0071874136894909185,1.8332649225027409
24,0.9405837990665111,984,6,0.013985682177206067,0.6016795079378445,0.622856238818649,0.20431818047632777,0.3516395258276644,6,2.881046814833623,0.05289262989319369,0.09605311020966703
25,0.941389106849908,937,5,0.011156714492653685,0.8834770490260585,0.8493741356401605,0.22629046108374795,0.6543083927766823,1,3.02789248319555,8.59373107668635,0.19510834747248998
20,0.9403972918523407,985,6,0.008417313757340778,0.6240968124345063,0.7138089559306031,0.6401273183466274,0.45134711324047483,8,3.11379942522633,0.0002976616906994178,0.15136362614554494
21,0.9407822296929054,916,7,0.009922907128539802,0.6325975146408522,0.728080782650415,0.6715137687704971,0.38523718552570907,7,3.1958964743659495,0.00020106257237422726,0.13616063006291038
26,0.9402393048140342,932,5,0.010924264482297354,0.8884779375676735,0.6351329291305694,0.25150400741665296,0.8604792734660405,1,2.73982669913191,0.0726852483180277,0.27260833008609947
22,0.9409872236750522,970,7,0.009465157006982717,0.5906821747802862,0.6865566387870163,0.6386063786894871,0.3669040054924732,7,3.1666094912543574,0.0001106253560992969,0.11389524919527225
15,0.9358377508401544,999,9,0.050328359811604995,0.7874367684689632,0.8883386765000745,0.7276216338192641,0.79712789736331,6,0.22497165556916832,0.02864822997577165,0.0026102047295334363
19,0.9409499683604299,996,10,0.005043834588690476,0.9047866219458021,0.7962686928599345,0.23541378158548454,0.5228743128635668,6,2.9393524060575427,0.00011632479523130593,6.973769405077499
27,0.9386030912205428,996,5,0.01400239914757952,0.889342929207925,0.825676442181754,0.683412548089104,0.8383363881587153,1,3.5726585244299693,0.07555446385217802,0.6012964552818593
28,0.9407123924150775,969,5,0.005863988651564968,0.9751930634826352,0.8361995407491095,0.8757687088966168,0.6513889573568097,5,3.6557742112123526,0.0750292409355162,0.4762869714401933
30,0.9414565396164216,874,5,0.00602127007176354,0.9149989384609521,0.8308988434178166,0.30467679494286143,0.6109974425654701,1,3.626189967526672,9.189608703522971,0.5904023047507321
31,0.9413787394821155,861,5,0.005123649450065858,0.9077372468517539,0.8315004566331254,0.3154797137449835,0.6504690379580554,1,3.666431352828826,9.520956535685272,0.5452282848161977
36,0.9411895543269587,837,4,0.018368306768280555,0.8580664348278209,0.8174907525753107,0.33547132587952916,0.6305797340272687,3,3.676952196615915,6.431623333284817,0.651030732401493
34,0.94130568679658,833,4,0.005036750645496685,0.8693331440884288,0.8388780066659646,0.5521052420937849,0.6430870369624656,3,3.7793621871462677,2.206389694813183,0.5359054393448919
33,0.9407247718912961,833,4,0.005048696081806189,0.8795963383929212,0.8516034586618485,0.5559909844279747,0.6585807205741294,3,3.5443572398155103,8.708750542543214,0.5518666132253598
35,0.9410026818441424,878,4,0.005043983681747658,0.8768678551679359,0.814691928723972,0.5605069245210333,0.6520296430930888,3,3.7529245233521182,8.121710089017917,0.6045767687779672
32,0.9414034786056831,869,5,0.005967551396762799,0.8901793037836491,0.8488273036235746,0.3394035557796151,0.6299792631548409,1,2.304643664103269,5.789520727477867,0.42117205137438923
29,0.9408741114553194,846,5,0.0050964665121433885,0.8783028275144147,0.8347111950615775,0.875521933277516,0.6417775894991182,5,3.636803642514713,0.00013963740821152924,0.6293889296238163
37,0.9417855141259508,850,4,0.007054846697271373,0.8339486063589703,0.8310924458664539,0.5274753295942979,0.6383005589721563,4,2.520279978706326,9.830499629937474,0.8470990047316117
42,0.9415903636119959,680,4,0.006803710236209783,0.7184388056547761,0.7769440012960634,0.31556343645134904,0.5762027220050455,2,2.5401748881035635,2.6649077476894223,0.039296192997284055
41,0.9414237604081475,654,4,0.0066640598410686695,0.8263642204629525,0.7673241280993243,0.5498890083843078,0.5893196759742831,3,2.254847557074953,2.7437873530116645,0.056326433132044704
40,0.9422222679329841,850,4,0.007521580903546239,0.8350896699687902,0.7860138612251452,0.31771855182127123,0.6959525227273504,3,2.439655098756485,3.3460674413677127,0.05592428296098894
44,0.9412106000627052,648,5,0.00714151885555065,0.8274563725627171,0.5602001391518765,0.3032728162517222,0.5750078992705214,2,2.5408114360925556,2.858900687092072,0.05212560184704815
38,0.9397452727088405,850,4,0.021254390632096814,0.8468340267321941,0.8045860920517072,0.5457727170039606,0.9927531735860018,3,2.4790106077616842,4.721956756531502,0.04436695281131989
43,0.9415564708561645,673,5,0.00682998787743815,0.8154322416412764,0.7707661539044998,0.28329205229909815,0.9964328811691222,2,2.3541505511534915,2.5810435722134826,0.06047280740780321
46,0.9413457338072808,693,4,0.00746779645740361,0.8236509374544576,0.9136507799772698,0.795138913395986,0.5827428512164836,2,2.4640521828768067,2.910016375966947,0.05318214970371531
39,0.9413032614127719,819,4,0.006894967643011314,0.8397726970878816,0.7816828865049243,0.7706739592875225,0.9914462259013843,3,2.5771581481544446,3.7175775321820757,0.04522211530930913
47,0.9412345095046346,652,4,0.00714547695370133,0.7006870153713416,0.9134969167143511,0.8037598148256528,0.719191132043863,4,2.519061936994264,2.419311010251492,0.0529966680567568
45,0.9412293289516125,697,5,0.007296318474135047,0.8133296094914737,0.7723981633049364,0.7876237000410314,0.7245494697209346,2,2.3486123654426154,2.289187132459854,0.04893609266086519
50,0.9411701314276245,700,3,0.007538058166147916,0.7027351831570507,0.9048869247075044,0.39653264673740757,0.9882768247469265,4,2.257152726527821,2.2527083022353733,0.02232398354910015
49,0.9409942848397879,687,3,0.007277347325654639,0.7178517712478221,0.9211267157004311,0.7785126347177556,0.9936723712763986,4,2.497137333603137,0.0006532074662490807,0.014781550495934928
51,0.94145610651217,710,4,0.007625849443364071,0.7065419788477036,0.7758410541299013,0.375655684215422,0.7176644989386644,4,1.914380454920516,0.0006727367728760006,0.017390945352023585
48,0.9415289703016345,665,4,0.0073061215969668835,0.7046625062201545,0.5697236178698863,0.7842114519050936,0.9897045462681491,4,2.511849155992131,3.1263687440947043,0.03253326598716312
54,0.9418987682786432,608,3,0.013822613778070258,0.706025549802542,0.7730454656749489,0.4081806830455126,0.7350840849777165,4,1.9857309411790616,1.8259474341792172,0.018685645366871385
52,0.9414141120977748,727,3,0.013342594787490662,0.6940788877000075,0.9398206724257444,0.7739216349288034,0.7261723117468193,4,2.0160471026392113,1.405465161494467,0.018701062762164468
53,0.941598797143215,681,3,0.01437676056206758,0.7057832239340469,0.9348088491989892,0.3975222561855898,0.719775499871,4,1.9740705446304283,1.3815652123593163,0.018500063636067415
55,0.9415774017931936,728,3,0.0128862252025453,0.7206510699512383,0.9020161717727452,0.40152371976125145,0.7290567527662406,4,1.9907639593071151,1.3968707098472266,0.019782342946845246
57,0.9419146292868685,749,3,0.013951435959143017,0.46980305624350527,0.6833864801763295,0.4432701747776148,0.4890519947585285,4,1.8642973447001396,1.3932979975392128,0.016583585007950805
56,0.9420146554964592,739,3,0.01276645586085626,0.5044570545267626,0.6672376070248598,0.4001509644632496,0.6950868834711543,4,1.9066673159660628,1.3590939349410731,0.015526918247941956
58,0.9416742240749482,775,3,0.015104627448465139,0.759581515374522,0.6549249997014193,0.3893602573747394,0.4549260773418837,2,1.8220778339968828,1.0209187362656384,0.006574818252582838
62,0.9416023767759439,595,3,0.014582385007715349,0.40327427868891186,0.6624237546346561,0.2734801011028978,0.490560461147027,2,2.0198267882863488,1.2686909945561766,0.008336083046895454
63,0.9412128344631927,595,3,0.012830616612804576,0.5032566990993114,0.6855441802087968,0.27184567142047444,0.46547523597020096,5,1.5647752608706689,0.3721429338275984,0.007652818284633041
60,0.941506350779837,755,3,0.013918203584514273,0.49791681316662095,0.7017349841790755,0.28001355109890996,0.9302561410484972,2,1.9897014579798962,1.1781674258015329,0.006952526711757445
61,0.9415689745237226,764,3,0.013099750070671523,0.5042653676318168,0.664827949524047,0.2812336147653729,0.9222708519179234,5,1.9575336075012213,0.874843035230045,0.006457177342120424
64,0.9405871282293115,564,3,0.028101070520956423,0.4987019941117211,0.991311769151936,0.4063153702679345,0.79624003881384,5,1.5266915491276778,1.2089058901134506,0.008417800086815903
67,0.9415891603127143,606,3,0.01630749299530588,0.48017386537218215,0.6852917750632617,0.4993157939316454,0.4791553101156976,5,1.520973133173602,0.3142311532698913,0.005608200929126954
66,0.9406321616788398,611,3,0.027832204991937143,0.49744185000672425,0.999554190914054,0.43593856256990243,0.7753157843499515,5,1.4330655060664492,0.32111576046846635,0.0068354977662862405
68,0.9416229549678237,585,3,0.02663004364782025,0.45587282492241316,0.6851818868654185,0.49997074608610403,0.7809378715451595,5,1.298620128911318,0.4622312694045419,0.007266879422319619
59,0.940907902979555,589,6,0.014600776845356826,0.5004587960381897,0.9525736771730732,0.3986722567021177,0.48061167682876293,2,1.8519178432212273,1.1922327626635378,0.009059919512486948
65,0.941747636811006,577,3,0.016153647520465077,0.4791586373893576,0.9877085364244654,0.43154736753441636,0.7817878337315908,5,1.5960759854028506,0.2845548044879291,0.00539177810539849
69,0.9397941832241379,609,3,0.032714927737598765,0.5134755622350253,0.7049545351186792,0.4328170278895608,0.7781641775740398,5,1.356158120142604,0.32466712059439906,0.0023786414874993893
70,0.9400816214705161,769,3,0.024238405166505026,0.4384638176802315,0.653072352761261,0.4920273495668906,0.7782256592257523,5,1.2599516083408124,0.7364257425396382,0.0038119040667306185
72,0.939709339666716,794,3,0.030109888211018208,0.4548611974369204,0.3982144840899614,0.4290135450957826,0.7695906792179856,5,1.321495424269803,0.4177859236505673,0.003059721730220466
71,0.9414092592429091,790,3,0.016564447299544934,0.45575890693342025,0.6621523899993664,0.4366527987917818,0.7919993576639504,5,1.2945151524402139,0.42187619780630387,0.0031169678336335875
77,0.9407350943832264,498,3,0.009404724447848335,0.7514803489191348,0.8742988637968622,0.36422024502270933,0.5432854461938675,6,1.777349980310705,0.006130687674411379,0.003439976083500078
73,0.9413179942626941,795,3,0.009215630989698645,0.758405377488971,0.7360236155715043,0.43643551777971545,0.28256707979296813,6,1.230658574498304,0.38991189479406607,0.003314261288434119
74,0.9414343573733743,793,3,0.00903894000431327,0.39988389368358923,0.4201592305442059,0.44131964252903166,0.5340548557169826,6,1.7307984625906103,0.5415469582221907,0.002456263562740163
76,0.9415065688973998,784,3,0.009305412179373173,0.5460690874390788,0.42465863634241274,0.36446969966827203,0.5325156888244496,6,1.7196830665683545,0.1646512368842312,0.0027911706293698045
75,0.9415266357131754,786,3,0.009061345703990229,0.7626348106878945,0.6051431550006849,0.3503486500081622,0.5331183558690518,6,1.1015646316266623,0.17604783184447656,0.0031400381426591605
78,0.9411774086226735,520,4,0.021010690418567783,0.5492255905668323,0.5982076792277463,0.4393618939462098,0.6827167037229478,6,0.8585857916794313,0.1777813492852716,0.0029603915957178355
79,0.9417781127395622,523,4,0.008952257986111467,0.3754174172873471,0.7426428684981403,0.5966668382078509,0.6834712299673286,6,1.1338637979897954,0.009101929996582476,0.003761902682251172
80,0.9409868312721642,518,4,0.009091341896669594,0.3846098370354806,0.5967526242203147,0.3621793483162214,0.5376894332737104,6,1.7771251629121234,4.281527182114599,0.0013311239360820856
81,0.9408969490946795,507,4,0.00921342607961677,0.5476504809876714,0.600146922254693,0.36484583593623265,0.5340941773763155,8,1.0258362379772659,0.1620107252874091,0.0018216786823794279
83,0.9408358406938617,464,4,0.011450783661781833,0.39973180961982857,0.5865302405640171,0.46564441793893513,0.23050365160647102,8,2.140833612276573,0.2096190112401885,0.0012478183531164505
82,0.9414462682621016,499,4,0.009017969405259925,0.7646125652199567,0.8843833579567851,0.3634859633111515,0.6803937600850911,6,1.7145758694891553,0.14494005300235768,0.0007949733150888893
84,0.941989900718521,521,4,0.011148390487191677,0.3904415822778189,0.6048603439349359,0.46301251249618597,0.43041272979133954,3,1.0668842171254402,0.19215916834732036,0.0017819466544288782
89,0.9420327827357257,457,4,0.01128299257622424,0.3279322168593642,0.7560535246891626,0.5869551655754415,0.8213991264550105,8,2.8211598956202204,0.0018884364023891123,0.001611608573871063
85,0.9409377652567861,897,4,0.0112830687420393,0.5502279718577643,0.5918897678253066,0.4698735760128964,0.687451319627635,3,2.1072668788608415,0.19726363723150395,0.0010804624678109138
86,0.9415964562930078,899,4,0.011082166016946077,0.9314993240196613,0.5802569676227636,0.4676912762007207,0.6820001571780336,8,1.0194476127978551,4.983056416351997,0.0010848013401820434
87,0.9399334862493992,915,4,0.02130883568915214,0.5407721142719246,0.5949038631928505,0.46868445228437733,0.6765226778426335,3,0.9507093050586031,4.063459613274734,0.0013180322808412938
90,0.9415836291017919,895,4,0.010924015190297306,0.3347348755277209,0.7414399643085435,0.5981303661150666,0.6958321049056987,8,2.152590592423336,0.0012815575827953246,0.012196892033816655
95,0.9409666037381843,438,4,0.011232297882557222,0.32744267842609676,0.7523245339138743,0.5838038951231478,0.8158447875733182,3,2.7154777129231724,0.0014625048682544947,0.00024761562286540847
88,0.9411584710088258,452,10,0.011270327925843496,0.326642338145162,0.8734529884599035,0.46845267951269043,0.8252584338428722,3,3.341639887586804,4.275994202433271,0.0012132089948550854
91,0.9421049008553402,421,10,0.011348994710849217,0.3543977518464984,0.7486302299352198,0.606533188167172,0.436716943484979,3,2.7683835501095833,0.003302956473544926,0.011972309316249595
92,0.9416886730589514,900,4,0.011204024976979842,0.3444392278967197,0.7574447029713766,0.5895471612402154,0.6762395849249822,3,2.7164311527806095,0.002531505758670682,0.011563073570412275
97,0.9411229877689482,457,4,0.01876864614924601,0.32369135038164254,0.5357167151402294,0.6089913897743053,0.8237766656963994,4,2.8238178552094144,0.002575152340182062,0.011547241400241342
98,0.9343829327870417,447,4,0.09586281224818051,0.3292377405661027,0.5462094656381078,0.5894306790921742,0.8329891930022414,10,0.5322613403476545,0.0015606222781157904,0.0006797732238567964
96,0.9288813785480814,437,10,0.12370425567523571,0.352185131552929,0.7198504554263581,0.5987944991933629,0.8183902315915251,4,0.5353722912957055,0.0025159121660326177,0.011079007212173224
100,0.9411695574340383,399,5,0.018963076299024103,0.3576217321023263,0.7254580883238559,0.5392853409343921,0.42160978585880576,7,2.77983286830401,0.0040317722532086505,0.026294573261033266
94,0.9412890514188256,437,10,0.01103605361542335,0.3515515068036026,0.7258131636814811,0.5998635322516718,0.4246655677829635,3,0.49654572706981004,0.003253972352733975,0.9574112624887431
101,0.9404948164935198,412,5,0.008282539925231466,0.35577700242112453,0.7891120651890101,0.5170898410089517,0.42067286447459884,7,0.4376752730531849,0.0032523495134349763,0.02746826522940249
102,0.9338769710078763,399,8,0.0775473101597211,0.3550934548941248,0.7249420489154544,0.512430535775639,0.6044720860328828,9,2.886922523478923,0.010614363781804179,0.012389783829204842
103,0.9304759400360798,402,8,0.10410903967710225,0.2680183865471415,0.7995865079632942,0.5277634298154792,0.7440288724333951,4,2.8989887323650656,0.005607864908991712,0.0045168144776730436
99,0.941480199632047,442,10,0.018550278223846917,0.3451573790021614,0.7959999689495335,0.5324492465274603,0.834005423230169,10,3.336882341231017,1.7323176743121778,0.00018785818088291995
104,0.9267232148449853,390,7,0.12284515997678953,0.2418207622353199,0.7960989115923564,0.5370857385338114,0.42402118055516375,4,2.236227576881862,0.005009618615929958,0.004807842679669694
93,0.9415276574217589,901,10,0.011195034577314307,0.3478652283889897,0.7547086171851338,0.5352090937107506,0.43246802986932004,7,2.746330027068735,0.002841096349542689,0.027470063389950186
105,0.9401951678381251,388,8,0.008170927311735,0.2683180104816504,0.7168655465818061,0.5217571606724738,0.42178339936774917,9,0.7205859215388741,0.0054899528485530345,0.02662129629395517
109,0.941476291257537,348,8,0.016211053016684095,0.27659925888733033,0.8042498036420225,0.520063904111662,0.6144771495327094,4,2.9297886393600168,0.011259116560137847,0.004682879607843617
106,0.9416266201777781,544,8,0.008296838342193599,0.2673571234524177,0.7940340821000397,0.5341482082742375,0.7502119115217926,9,2.8680085313067334,0.009405349248552778,0.004991658986717481
111,0.9407318236634096,372,9,0.01220022273419996,0.29515212109834915,0.6369597922075337,0.6612298470133817,0.750160479792026,4,3.2693472738238505,1.6725690359083591,0.18001406540169074
110,0.9405383659087218,313,8,0.010135719564877826,0.28700518046841345,0.8130006766833658,0.6518824699122184,0.7496704952316506,4,0.6991646764317012,0.0009226404445993268,0.08064044315062698
108,0.9407697813374565,377,8,0.008401205642073405,0.28898450249011176,0.8010725528614099,0.6445441173212949,0.7491124885173094,4,2.3983992615442133,1.836805690790656,0.004201788428563563
107,0.9409706540456539,544,8,0.0082288893503369,0.2624258032434983,0.7917862945488734,0.6832773759896087,0.748474336661855,4,2.614811837032036,0.03419629381609359,0.957502396246615
112,0.9399261735711104,328,9,0.006248122052458428,0.29215286582871625,0.8127345065645563,0.74094638514085,0.8650832486679111,4,0.7773841285985112,0.03463905061208581,0.07533649733617478
115,0.9406711066218552,338,9,0.012363058035425253,0.5767750435332138,0.6444745677945862,0.7393253381107944,0.5050919051723672,4,2.606480532976249,0.0009876055213323186,0.001949970794810338
114,0.9411484031613229,564,7,0.006274449974700852,0.3047643201749299,0.6311221043129083,0.652553842448494,0.8636435851221527,4,1.616317782215189,0.031248390917726247,0.0017941755967609983
113,0.9415052320141563,633,9,0.012435077644607547,0.29968300110804436,0.7557752235041846,0.5697160595981382,0.8891310512364545,4,2.672156214916863,0.00044183214958426167,0.09900777173331451
123,0.9414078973126726,566,4,0.010411125968041777,0.37977563521901014,0.7566821552079065,0.6157776567539309,0.3708657120501968,3,4.8595696989748225,0.0020465919930434317,0.277060170212004
122,0.9412764381706736,632,4,0.010039869824086388,0.37855444451561904,0.7593692015252168,0.6253376277661288,0.5049207326189035,3,3.0295422003206434,0.002114029721394263,2.578934069178237
121,0.9412462236701054,633,4,0.0063909868205694305,0.430024839878976,0.7580395880664238,0.7299291209268983,0.7039328372187028,3,3.069353292589646,0.002217723186030312,0.2840824592886036
124,0.9412125965167606,633,4,0.005549062413334199,0.38594158428134334,0.7556083747440315,0.5656691859370993,0.7023709337017529,3,4.920354867790342,0.0990832220934249,0.016463468513219448
117,0.9409509733710182,568,9,0.006337838573409746,0.5801115521853331,0.6374945816309537,0.5684353556259321,0.5046333726082851,4,2.650615842728129,0.027103880908462014,0.07646557810991295
125,0.9417811434256975,821,4,0.009981428200204983,0.6591118787111586,0.764842294020057,0.6190969409023367,0.3649848621950396,3,2.4131919009575924,0.0020228965996626686,0.015552730429017256
126,0.9415657392871454,479,5,0.015169548485898595,0.6672856278951754,0.6152772704542037,0.9969673338233415,0.34409676328067845,3,3.1044895251857882,0.017288569340678163,4.992012967362397
118,0.9399898576376933,633,9,0.010168874400483658,0.6419513417277593,0.8165174826696022,0.7287092804762438,0.38556355731853825,3,2.5874647050903925,0.0009250500841478986,0.08015669472285186
119,0.9414474986956257,632,6,0.006460217280648781,0.6422104661459681,0.9712728919886663,0.6900258098398445,0.8566439248539576,3,1.634531315566396,0.09232104531019099,5.7069699519050054
116,0.9412180818081959,556,9,0.012317198599912873,0.5741564577678981,0.7043871345346759,0.683007374622406,0.8582571454388987,4,1.5941470356763618,1.8374662752227493,0.08711172199908147
120,0.9412626090997437,631,9,0.0065099299700188094,0.43142531899622427,0.7513892550214752,0.5728477605545448,0.512566414514248,3,2.668605982777285,0.0020778587115359184,0.0018747318083386316
128,0.9412796170515169,479,6,0.015216566746665827,0.6568032137735428,0.5051121707793049,0.41596292654138295,0.6613569373121057,3,0.014518718144054699,0.5887226701884273,0.015396984979447961
130,0.9415216889320865,822,3,0.015197737919367285,0.6432811570143294,0.6996383442978868,0.4093811094825762,0.40267271777304425,2,1.8962149229281913,0.609623980886249,0.010183587753945851
129,0.9400248535048352,487,5,0.015722030040214385,0.6586969580892017,0.7000994870490707,0.9283704486747654,0.6635413403372725,7,2.438582922575311,0.6036417337360079,0.03838182426363188
127,0.9405692895522753,816,5,0.015872205205860315,0.4244344131268722,0.8573832222589002,0.5649039675262151,0.6679443380454015,3,4.146877866689931,0.6252018978303402,0.016180022234060086
133,0.9418290437122833,741,3,0.013660912745766807,0.5210520530164097,0.6978411812027219,0.41157368108402065,0.6625693759433547,3,2.377526266888452,6.906250537689462,0.009541818084555034
134,0.9421079049290458,818,3,0.013648223115194274,0.4755747601067183,0.701050506319987,0.9136701158650846,0.46189010288041327,2,2.3814854062776476,0.004061741920230647,0.00966501733602627
137,0.9412704258487639,855,3,0.013138218715071292,0.47766925549867345,0.6755960382592883,0.4901261642993042,0.3221886591951811,2,2.361885305614744,0.0011546526878090544,0.009724709226568855
135,0.9414818078577134,810,3,0.013314585400222505,0.469184867896593,0.7784638560356685,0.48551673459518163,0.30670921223152,7,2.401695118806174,0.0041239234487922705,0.009759200874600313
136,0.9414315281068066,819,3,0.013644080678339074,0.5250509544580404,0.6744667848786283,0.4128044140628245,0.6705434354836945,2,2.416121462650514,0.6037511538267939,0.03878060620308838
131,0.940960975470165,858,5,0.013472281382016813,0.47591486710144487,0.7758334822559277,0.41532376074508237,0.6627073499486936,3,2.3689517497136023,0.0043135240286572025,0.009971297423532368
140,0.9422546776981138,739,3,0.013677875371214891,0.47486851649501866,0.6697798810774679,0.4845685083019803,0.45817149322086637,2,2.106392922175511,0.919074634343604,0.009053729121982232
139,0.9414123066270399,745,4,0.013509950230985734,0.5313565728024089,0.6706478714981274,0.4887497375347668,0.4465398595766004,5,2.3086324237670426,0.00409351743382267,0.009750502157583371
132,0.9404440587624995,811,6,0.01355183079371867,0.48197623184233856,0.7011432057336096,0.9449513477392092,0.3112490395544267,3,2.4628427694359947,0.004149192070469809,0.009141509098720583
138,0.9414904595064953,854,4,0.013397003384068844,0.5265152232512501,0.673922424754986,0.842968002642184,0.2863346638901755,7,2.4284760550025943,0.953777292277196,0.021557607560936835
143,0.9417434779665674,731,3,0.013600673736231623,0.479642080394571,0.7405106620139411,0.3852405041862703,0.46247252167523717,5,2.2459548949665495,6.573779621927438,0.02127387060645765
141,0.9422022105098309,937,3,0.017425704012439314,0.5177783010444347,0.6691557149232892,0.4530165384516553,0.4756826354008842,3,2.096340607383147,6.411001756594713,0.00955723034496875
142,0.9421903580640871,859,3,0.01365909024213744,0.5181366094798301,0.6757150051413203,0.875995133210039,0.4503298128654524,2,2.338588061090825,6.535810363614227,0.00874753193597676
148,0.9419997066162237,523,3,0.017389511924901367,0.8039142684907493,0.7407668345595819,0.38490950957488274,0.46476713175233964,2,2.096562745209492,6.056842152392266,0.021683768053733118
144,0.941363944014711,746,3,0.01783399036410748,0.7788693475537739,0.6740262006801774,0.8772242042594582,0.4653174896163133,5,2.2111334741422275,7.465444267968455,0.006062058130063549
146,0.9418045289680265,744,3,0.017507324105916253,0.9961511034485105,0.833377745756671,0.32495811777487915,0.46167241234778117,5,2.1956897252956007,3.3542102044030306,0.005862228419482523
145,0.9413534451502061,741,3,0.017367600071737106,0.9947271035594458,0.73897321980563,0.45199006257213453,0.46023982607861313,8,2.1256781472507966,5.965110234894969,0.020642430594352584
149,0.9417062539606862,728,3,0.017310356828295362,0.8046240521464983,0.7375414219881135,0.3238447721788095,0.4394751915684358,1,2.2170892177005586,0.9393614068495221,0.020902028361665624
147,0.9418082056578527,759,3,0.012030491615033763,0.5236009823892317,0.7373997006733436,0.45508224647375667,0.4464584457788786,1,2.180165760419623,6.476352931908523,0.006406200754019537
150,0.9414556295756812,716,3,0.01787275716178889,0.7897154164861638,0.7344006425234074,0.4471682927322869,0.466292194163436,2,2.1150490435133067,0.007797808583584746,0.006454533049331704
152,0.9412385128489926,524,3,0.017949995718715007,0.447860497658421,0.28056794027068144,0.4505464863146059,0.5582768096243416,2,2.1363458111933116,5.760681882963092,0.005932077448970693
151,0.9412041520274821,760,3,0.01192957889623826,0.44621325834943065,0.7417868636901206,0.31844687451512665,0.45553008549175195,1,2.1818410031646165,7.86532352453587,0.00556985086853054
154,0.9414399553762776,876,3,0.016905834956501744,0.7974967684252735,0.2433618756285813,0.34304815368297853,0.4783518300041336,1,2.097904284309018,7.598709199962381,0.013950177414148541
153,0.9414614039511588,959,3,0.01726104310015077,0.7865604633902121,0.6873867345858242,0.33945035115157296,0.47092915316747025,2,2.0890778875967126,8.130800590107965,0.013932242055132342
156,0.9406560011979141,933,3,0.020386585567176346,0.9939309171137825,0.6932623584387154,0.33150747416859355,0.48594716677477534,1,2.0835741217471337,3.36194877880687,0.00745257481982938
155,0.9410347993943553,941,3,0.0198147054472352,0.7357427716385241,0.6573240020486434,0.3399914565907696,0.48567721943294384,1,2.090122525986235,3.512055123246376,9.331089715783756
158,0.9407402723271868,708,3,0.020907310104240608,0.9282554452465503,0.6472293809023318,0.973522439855484,0.4819938408934834,2,2.099583374911525,3.3515501902611677,0.0003733372305754936
161,0.9410440260803483,763,3,0.022961140856453652,0.9492296232031605,0.6532393730993683,0.34374844689111533,0.47995382990687946,1,1.9352720950636408,9.8484452816054,0.01311122363363173
159,0.9414289858370317,710,3,0.02075547294371748,0.512192422835319,0.6536690719870946,0.9031313455560592,0.5610429159768515,1,2.0599698266791706,3.1272648036329977,0.006872553534405998
157,0.9408033902273688,946,3,0.017174275099005255,0.9604448727444079,0.8290155503202572,0.9036267898697263,0.4774734673467663,2,1.8753560742176898,9.379252474620486,0.013542757869640806
160,0.9402110841584597,940,3,0.020919361794708467,0.9395943164097175,0.6531563840935283,0.8950425713274245,0.4864679770267221,1,2.0259419835897323,3.1762686926640162,0.013306827082041823
163,0.9406202017397515,709,3,0.021819954805817655,0.9334118798922943,0.6509365239016511,0.8951290576458175,0.4903794252720274,2,2.013249515285112,3.3612174359616622,0.00040014615657527926
162,0.9414577523083256,881,3,0.014581025526131022,0.8508369222923396,0.7165796225258975,0.9762138407506825,0.48640604551384115,1,2.027431691088057,9.594424492311195,0.012695040445259804
164,0.9418246010019257,770,3,0.021849216678247234,0.5175384086521584,0.7108176365360256,0.38771274778439535,0.4897438072630335,2,1.9050658263299791,3.1520312936642005,0.007612874607954271
165,0.9415288200196773,709,3,0.024339315671577197,0.5139967327292421,0.654833383970684,0.9754252809223131,0.4394610392462538,2,1.861194568751438,5.223406256365365,0.00740860603295584
166,0.9414818579516989,706,3,0.014576190349909013,0.8478955852569777,0.7141755225253966,0.3819383561256515,0.40604260959016797,2,1.95020627175407,9.382216704709382,0.03182230894013566
169,0.9418452626837814,841,3,0.012132834492664099,0.8439208607113983,0.6237049567787986,0.3825578256384663,0.4422650081959122,2,1.8982501389054103,5.012550580800964,0.03265067467290656
167,0.9416166149477572,767,3,0.014701667844845579,0.5130522238531608,0.8404950479618459,0.8975340609085942,0.4466308336714724,2,1.9747981001872037,5.476550678744278,0.030788839454070814
168,0.9415407476063997,843,3,0.014525998952916196,0.8527633127506518,0.840685662470884,0.9058615923482883,0.4431979772041326,2,1.8110556790204804,4.796237822666841,0.008121521493867991
171,0.9419783196151996,837,3,0.014629475401765589,0.8406028577607968,0.6185086822028625,0.4251243928383371,0.4414075376334125,2,2.308868249099536,5.088273868260451,0.029703150818400043
170,0.9416252248515512,834,3,0.014539771731585069,0.8525821400459441,0.7147726010948937,0.3031231599514733,0.4099426516134858,2,2.279352955236392,4.980278366256042,0.03263645939551841
172,0.9414330737149907,831,3,0.014791306533846253,0.8502477192030091,0.7213262943022961,0.3757252087787609,0.408951169457792,2,2.30257911246283,5.905264698278989,0.008310976235379285
174,0.9413270727539793,771,3,0.011969183900845849,0.5158561116670765,0.7116272895657891,0.2988841286082321,0.44194280180325024,2,1.8241530184047337,5.14701330157625,0.008376640140751401
173,0.9416460576878581,839,3,0.011994721920076532,0.5949858985154823,0.7140331440450994,0.30453348241279665,0.4017823927711223,2,2.2917660846972105,5.45077472017272,0.02894895193970743
175,0.941767524123333,770,3,0.011847148029265316,0.5583742296506755,0.7149089158865243,0.3841445121148687,0.4096638219806817,2,2.2800449685524216,4.749371451369069,0.03145950560898492
177,0.9417978330719367,779,3,0.011968501234920095,0.5644706067089231,0.6866510790732014,0.37775863342454186,0.4443808002985216,2,1.7816892237348994,4.668912612345391,0.01769425259813315
181,0.9407267547782304,421,3,0.01206026928634396,0.5629768676300283,0.6155877398937543,0.3774799182599425,0.43493671206846213,2,2.288541671402656,2.507747153005696,0.023274649830024436
178,0.9421587998967145,794,3,0.011990643554180325,0.53715601858424,0.6881895167414064,0.2947934278354999,0.41690954173388906,2,2.296360007963238,2.151672482218649,0.008220908990797105
176,0.9419331369273388,771,3,0.012124948637709125,0.5990686984597224,0.62027384846532,0.45952470310164795,0.5186427284223245,2,2.2394780509114027,4.556159718598356,0.007931126946910578
179,0.9414967056003384,784,3,0.012057246185874745,0.5964987296898598,0.6129860997367493,0.3020006892930146,0.40656564713666815,2,2.2890796780165363,2.460477687364218,0.017896939474066544
180,0.9411933416410034,787,3,0.011953111374356475,0.5625407939455755,0.5686463422488546,0.30318777677837255,0.4088802354052784,2,2.275311330885497,2.271321697760956,0.024433469612794943
182,0.9420220631445961,788,3,0.012259030209577079,0.5594698998253532,0.6186242517219817,0.39470925943398155,0.4313676139612029,2,2.21607872135757,2.254040038202527,0.02541895212626142
183,0.9418783434995947,785,3,0.012173925420652829,0.822548477271812,0.631256088766604,0.4271270979184784,0.3894668743594478,2,2.2191256577418095,2.299485632384587,0.02423780239245297
184,0.9417995727943154,784,3,0.012001811592681952,0.8291942461787862,0.6284004229126933,0.4251380105618723,0.4245530080562993,3,1.7209541924606688,1.5816495017372978,0.02210135660571275
185,0.9419408493138887,794,3,0.012721137079009372,0.8699821304632458,0.6181244390885478,0.4285307915994715,0.43265158895935235,3,1.760570615795459,2.069878495000813,0.023297138974471353
186,0.942179263289877,751,3,0.012616432240412123,0.9013209668337596,0.6201589002770861,0.4157574302227362,0.42830041604347985,3,1.4450445346850729,2.165891928539826,0.055655918029083616
188,0.9417348670191489,803,3,0.010681195503704069,0.8275960340837472,0.6280309418512986,0.42711551425911976,0.386513734825129,3,2.5338951757996773,1.7813253975089312,0.01754488816824605
190,0.9417792555086113,806,3,0.010445055560061483,0.532368497531393,0.6217378428301126,0.4190137490638765,0.5124160390960101,2,1.459088088230585,1.6793587932911591,0.060723116318103565
187,0.941367614442789,797,3,0.01600065327423643,0.4910528035851449,0.6204730051785532,0.42090311424721716,0.4577548182355605,3,2.561875171712035,2.112284865677322,0.0416825874825429
191,0.9417795988611383,792,3,0.010547490894914338,0.828647449243928,0.6160354038891748,0.42048059426816514,0.3827608343051904,3,2.5317421328513987,1.9229585508783331,0.047649183394299625
189,0.941058805893382,804,3,0.01055974382780236,0.4956907888021798,0.6223307373692677,0.2447420656339694,0.5089401668438168,2,2.564470088172763,2.1777398077740555,0.053182001996292055
192,0.9413177510981384,802,3,0.01094372520848933,0.5405643448383013,0.6365530672499481,0.24889719059300902,0.3798198756699123,2,2.5149423370753072,1.5849167334806258,0.0433708237814949
193,0.9416624989514182,810,3,0.010926565157405555,0.8269981453616879,0.6261354361807288,0.24060190779345644,0.5172049392642744,3,1.4569397136512172,1.7213916332099126,0.046200677157277784
194,0.9418526880735383,810,3,0.010373247423972632,0.5396847137355576,0.6375126699273999,0.42297797603835613,0.5113112092881328,2,2.4943075779856287,1.8407417335304948,0.04750521545547964
195,0.9420192568377717,808,3,0.010339907522305977,0.8750447401363448,0.6302447250255112,0.42850673252036175,0.5206194628018712,2,2.553918548225717,1.8929853474663656,0.0632359419811357
196,0.9420038091049283,804,3,0.010568174124768204,0.9021301998890869,0.6069582216130721,0.4253219034987757,0.38065218486640384,3,1.4282117538022086,2.086854207127643,0.04652556542548549
197,0.9422035505239487,803,3,0.010711563228808476,0.8978110173722689,0.5809289005815024,0.4725337111110776,0.36565998188787546,3,1.4403962138371635,1.233258058581912,0.06010292837060235
198,0.9418574772672971,811,3,0.015826789582743694,0.9055986550865355,0.5822717364733062,0.24608423193606183,0.3754461997580197,3,2.5246453944108733,1.2180028011037656,0.00010134610011190721
205,0.9393929157878563,215,3,0.012882771993538109,0.8883638476747339,0.58141273011272,0.45985082063619004,0.9511726404114563,2,2.7833147819539548,1.188339032676528,0.011859075677024145
200,0.9416820898743294,868,3,0.01291754215535026,0.9053554057745025,0.590716439161277,0.2486521900485843,0.42795395652663065,2,1.697168709626165,1.3786155999348322,0.05684501933917482
199,0.9413794439287895,867,3,0.010606181259507082,0.4960848629951698,0.578716407192454,0.4007556154709348,0.384381629147516,3,2.4915778843827217,1.277281714254481,0.052825206229426956
201,0.9419009014475346,869,3,0.01386577991297305,0.8975258659303968,0.5880195074958715,0.40278355478904865,0.42582506909464773,2,1.9615465384383188,1.222490709635935,0.036531820966023476
202,0.94172152427733,867,3,0.012629721367335379,0.8130619474965042,0.5807429600758558,0.3977829792196518,0.43059534997507604,2,1.675916571309323,0.8295227359309514,0.027549101124832456
203,0.9416553167262169,871,3,0.012959222492964686,0.6183994984926978,0.5778434557724921,0.45701698287487835,0.4280055191102949,2,1.9548908860743774,2.6946674586327,0.0255643471957614
204,0.9418401671861727,877,3,0.01335442208894469,0.8885114510859247,0.5874011761927498,0.4558522490096326,0.4253994388869323,2,2.768255651131766,1.2716650404637764,0.02510159310582096
206,0.941701620267008,861,3,0.009550009825676732,0.8927391693649133,0.5738227799471638,0.45633844804902596,0.3594081415501632,3,1.6618122771997375,1.194420661048207,0.06602651884982794
207,0.9416707936805517,824,3,0.0127396555620644,0.8955334656844095,0.5537732636727267,0.4691642351317519,0.3366863500904451,3,1.353635733349667,0.8160416730886261,0.11930295116358149
208,0.9414127251205453,830,3,0.009557331306375823,0.8771557615252968,0.5526421980651854,0.45782077401049587,0.33820190102049386,3,1.4207987658829908,0.9968790292123613,0.057877832273901156
209,0.9417054503696655,826,3,0.009265638064291364,0.8783586250691435,0.5693425730245982,0.4768912109749554,0.3625233091534282,3,1.6614590499806654,1.2975684576015865,0.06330435576470116
210,0.9414185642007548,830,3,0.009650201877344297,0.8694415881078081,0.6084882294952509,0.402548972549553,0.3651016794776742,3,1.1196143528681337,1.031610546716367,0.06419024794612495
211,0.9416931554270478,825,3,0.009509919295485017,0.8668747828532749,0.6021605712649968,0.44279038661291753,0.4290955217638655,3,1.073095479159317,0.7963628844198982,0.11543202504081919
212,0.9415624205605923,839,3,0.01380647536856559,0.8693056542599077,0.5509612972406912,0.4792530750699151,0.4254486083180337,3,1.2095072879957773,0.8232145325878479,0.11083866973302607
213,0.9414505606905023,830,3,0.009708534635633074,0.8737266898107698,0.5530819129760149,0.4436985498281528,0.3490193799729565,3,1.2843308108702578,2.621153506055722,0.1360003685306388
214,0.9415258905651379,829,3,0.009957010232441709,0.8738141849580433,0.549761836059533,0.475954040240712,0.45799012277334966,3,1.17595911423753,1.0510217514332707,0.08240568556184721
220,0.9418142263287601,423,3,0.014641161121095684,0.8704403305490022,0.6714225776165615,0.438708284101304,0.4598203160121046,3,1.2708276625220356,3.9828451852533107,0.03734011581956834
215,0.9417666349550865,915,3,0.009658370901761783,0.9159758353000033,0.6022843654601449,0.4817470813575596,0.46137304027470294,3,2.3677655970662843,1.0305905929761288,0.06833284986759251
216,0.9420965466395984,833,3,0.009689579365634889,0.8732708916468822,0.6058703901258443,0.46833395869065136,0.458721051985374,3,1.1943106502082417,0.9779344138451128,0.13143107728933734
218,0.9418258950965566,745,3,0.014169777037797968,0.8671712650706499,0.6079070291051782,0.48051778054586947,0.4587680786792248,3,1.5204334963860204,4.087812246494836,0.038420848173507355
217,0.9419841900041501,912,3,0.00935880334755431,0.8743063048528166,0.5993445672268428,0.5004720570118378,0.45650039253846497,3,1.1543784155426158,0.932096342951526,0.10821109097873956
223,0.9414909505319178,420,3,0.014313758904452864,0.8988521113000076,0.6683698843473524,0.43764697577471784,0.4651036975304502,2,1.519783949868766,2.103157350427471,0.017304713972756812
219,0.941679745893248,915,3,0.014227400475338306,0.8704357064832834,0.5990148138252547,0.43930540147192143,0.4609500940744293,3,1.546464730790417,3.951029449104778,0.10441070924830997
222,0.9426215441333337,737,3,0.014426401199919293,0.46013708527828795,0.6680253416940133,0.4420541254372844,0.4612669237273527,3,2.0247169128228055,3.85060963905349,0.03508230993929818
225,0.9416463342484043,750,3,0.011254103572886347,0.9141351308681649,0.6025821992853915,0.4051293569969232,0.45409699440621604,2,2.1945143152295694,3.918856210151758,0.037433344785946635
226,0.9418254400761862,756,3,0.015658463635357552,0.9202380365552718,0.6648544796470534,0.39782853693741804,0.47269318295215446,2,1.5071673733770383,2.083475719870345,0.01730398760465357
224,0.9414919143193303,918,3,0.014105504027484162,0.9112054999948817,0.6664042012731181,0.4374224734827981,0.4701289350901684,2,2.175559581761705,3.577108605071319,0.01624930396754588
221,0.9412795408669137,915,3,0.01405511839028085,0.31217385446242185,0.6675104849524126,0.5045879077849419,0.46796653798972154,3,1.2303066604604875,4.067680415569159,0.000853168094167774
228,0.9414442634590486,759,3,0.01116897204556858,0.9186007482490826,0.6735199632020991,0.22079303209600498,0.39899164991142455,2,1.4241734867371025,1.4897977024350033,0.1790440013467799
229,0.9417630928928469,759,3,0.008642690146011121,0.9182306656474483,0.6656427995268422,0.4985868953818314,0.47473038895190517,3,0.8704453066017837,2.5142117971541795,0.19796283366309617
230,0.9421136474739701,895,3,0.008616468818559627,0.9125790693928043,0.5978825059733616,0.5076965511096766,0.4473553307470765,3,1.0735921253639962,1.6527408025316566,0.17297190796708978
231,0.9418761362333493,894,3,0.008619103617378531,0.4566332117444097,0.6417467083599776,0.4089355088946114,0.4474930735560771,2,0.8606448351452001,1.4999993523084127,0.0102686734171854
227,0.9413118149608319,979,3,0.011243304758662509,0.9181394181424798,0.6032239657348666,0.9346470819326154,0.9051796984812516,2,0.8977342303118188,4.070367167944624,0.015289941927407801
233,0.9415719853809886,756,3,0.008552130335057933,0.4517171631747306,0.6831396556777585,0.4961212924103958,0.4709045798379289,3,1.378716754028293,2.6269673995703755,0.17877629553981828
234,0.9422167315039385,725,3,0.011209324412332574,0.4093828741903667,0.6513872401601993,0.5017864864008217,0.4457976552523029,3,1.0063069809081877,0.04810123556346797,0.011156993967049058
232,0.9421683730661087,752,3,0.011475476694298124,0.4099956677989782,0.685444766381175,0.49649874091595936,0.4462783371629561,3,0.8928699582068798,2.7773272571533485,0.09141631500365267
235,0.9415810544796516,776,3,0.008802471285102954,0.4101805222281868,0.6819054945204822,0.5140936122140043,0.49889954118653995,3,0.8985224224559571,1.567569301947605,0.15719510727757785
237,0.9417658449311869,733,3,0.008785810712809827,0.45368859899006697,0.6403051905773898,0.49432179613651,0.4985926128301358,3,0.9717878388097376,2.6319275619956874,0.011526438005329017
236,0.9420184104581381,982,3,0.011391048891834043,0.4578782564215414,0.6458638150486794,0.5020921467955424,0.49751980677421587,3,0.8777602561814333,2.7008662473672786,0.010646734647704287
240,0.9413648811896937,778,3,0.007986313450532889,0.46570400944525775,0.642085155158004,0.5034515349785369,0.49478131425746763,3,1.1751388190301466,1.9230664360945342,0.08569003204739405
238,0.941584499484794,971,3,0.011269756127510277,0.46563093160508784,0.6377328147367124,0.9317715012411003,0.44309340112261963,3,0.9650584970993071,2.8576196710297634,0.011140436415797345
246,0.9410100717506593,468,3,0.01049494163235034,0.40643981449705496,0.6416286675174802,0.501895405502294,0.4421395327883034,3,1.0533688145724196,0.0004602592823957103,0.08967492122858549
239,0.9415278369252078,963,3,0.007691313701377,0.41948420864551134,0.6431444521494123,0.4982296146638345,0.4456382118620652,3,0.9994854324985982,2.8106920498196515,0.22455864820864846
241,0.9414379850128396,731,3,0.007873140590069605,0.4664395283101031,0.6387665701054291,0.5025631867090378,0.5009097276336921,3,1.1575188812350736,2.876355324058935,0.01139458851182911
242,0.9423416001559426,728,3,0.011192256130982129,0.4096649786156806,0.6368159302651737,0.5127653547181918,0.4940339865106957,3,1.105370411496641,0.0016165623608294483,0.2431894839874413
243,0.9416635884956074,781,3,0.011449515404351242,0.41397360687201773,0.6286814972568736,0.5132383473898336,0.44758461414516204,3,0.988827282365357,0.053840754442189546,0.08937202889126868
245,0.9412366045812245,686,3,0.007360345676950059,0.41225524627600296,0.6410606719354891,0.5103429915153002,0.44241661715723146,3,0.9973817089546626,0.11883028978449309,0.09737281121401482
244,0.9412574869897048,725,3,0.0076972356286696035,0.42038980385861585,0.6427066377122295,0.5011180801359665,0.4436857154025414,3,1.063723368692119,2.720579102256059,0.13202431780245577
254,0.9408406486728653,685,3,0.010451955197662911,0.3922989523282454,0.6911136179535667,0.2688208662912063,0.4152841090100137,3,0.6647338349653826,7.128851904241545,0.24884725589950754
248,0.9418949720937885,891,3,0.007878993439394433,0.4271961600773982,0.6923987036150322,0.5163273506044096,0.4444891226113452,3,1.0357722205706925,3.0153250762700474,0.14245801379201822
247,0.9419344978139506,983,3,0.008095835558212854,0.40586270611878456,0.6493251004874094,0.5101586886391659,0.44345369390903394,3,1.0603035847538913,2.9012436741049483,0.09778472733180289
252,0.9419042927060047,853,3,0.011327898470387465,0.3870670317211545,0.6974948752004063,0.46926733336052096,0.4175876020018033,3,0.8193368796581011,2.0149097519297476,0.0015042437239059644
253,0.9415636666484867,894,3,0.010402545402146215,0.39280957619845447,0.6547024703280945,0.5218897956131484,0.40889947046682196,3,1.0781929949441171,0.04588029687628246,0.3157147694397328
250,0.942111036324965,995,3,0.011492846264120941,0.4091484651516824,0.6909851842342997,0.4750009705388163,0.4181130289725757,3,1.046098479605148,2.0999803458149513,0.23702199604266935
251,0.941760656029167,991,3,0.011281763337431742,0.39616380872245605,0.6541567367279639,0.8211288641659971,0.4216686823064597,3,1.0792961479963228,0.05321182518421634,0.07739573997798223
255,0.9418513407540476,847,3,0.010223732666100575,0.3678986763406137,0.6927178584313126,0.5295278575105872,0.42148309033165093,3,0.7277082907927951,6.924908940715019,0.1335801145756358
249,0.9418734708158596,892,4,0.007353894142096074,0.4084863773726483,0.6502273225799976,0.512447799887982,0.44539918662421446,3,0.7784328528332223,3.013134636586203,0.14872645428460116
256,0.941406683577144,947,4,0.010979717034340487,0.3683868465702099,0.6884536909473475,0.5488673048242668,0.41768034046534563,3,0.6359096576498091,0.001662221994035486,0.3405313115302777
257,0.9415829559638592,846,4,0.011204178948447741,0.43583044033845514,0.6895554567682293,0.5224180071786007,0.4790059587270711,3,0.8098213175638888,0.001561349899965254,0.13297678592885945
261,0.9421912837591979,843,4,0.00976173424560102,0.5039581062386246,0.6107011651508155,0.5402545045219164,0.4785333344417865,3,1.1657876638501214,0.0016314758930751144,0.0465810458989592
265,0.9410449434264617,938,3,0.012732136120371365,0.3715222825929533,0.6859372541725984,0.4832581937302106,0.39379030760369593,3,1.1879986272564458,0.0012731930954104206,0.2115544021814621
258,0.9420814078196671,999,4,0.009992844720370294,0.36724683985482454,0.6123291818985512,0.5408725934496589,0.4800033012407647,3,0.7914098316586582,0.248033529208399,0.36800831987815014
260,0.9418768083276576,847,4,0.010089222508341862,0.5000547935818703,0.6604356576907541,0.8233917426455185,0.473787984272201,3,1.1397197734192546,0.00321264833304351,0.06539525966992285
262,0.94192273042362,986,4,0.009806687884835663,0.4370710878808103,0.6804214769284717,0.5381446162075932,0.39542144759353315,3,0.7454575720290813,0.001757543324045173,0.31658298208889984
259,0.9420667918557115,997,4,0.010023924043801175,0.4876423940352436,0.6103408366374264,0.47138368357322674,0.3967172309159039,3,0.7420456789131487,0.001625039383271316,0.0015159886893827365
264,0.941778691951272,954,4,0.010040899907989431,0.20402267480724112,0.6802731520480829,0.4825639552459586,0.39477237784622193,3,1.2027904082850052,0.0013863965495704632,0.2279636734443182
263,0.9417409659619089,952,4,0.00987331704671536,0.3667634291922852,0.6912651512991337,0.47735556022198566,0.46879129653336543,3,1.2957295027849893,0.4880016715735761,0.06841914523034044
266,0.941385583572913,1000,3,0.012595331167424166,0.4365954459127641,0.6746149723376428,0.4839154074362013,0.39631048096999477,3,1.192439506519186,0.0012514146971664619,0.19272000549737522
267,0.9419710126768466,957,3,0.012463735706059027,0.44087742933591917,0.6709971052002592,0.48130330852912173,0.6023108138430716,3,1.1644303492782035,1.6467199293799117,0.1802424952251514
269,0.9421127572620989,723,4,0.010031689234157553,0.48276453509635897,0.6635910680148919,0.5420424705453188,0.4807108805891318,3,1.3030945652164925,0.001807805351366238,0.049081059423355694
271,0.9271989177695327,998,4,0.26371672935335716,0.4851419711599223,0.674889262716153,0.5460536419354456,0.49071834702149336,3,1.3080386203531889,0.26499690578433327,0.4085531230772097
274,0.9278676850022551,1000,4,0.1834303966940309,0.4878032298895996,0.6156643314304356,0.5486361392088319,0.4940384245157245,3,0.9272852076264115,0.0009718889792597416,0.4584623273952837
270,0.941818138877769,994,4,0.00997022862205327,0.4862021806211583,0.6649311054355768,0.5491622484174754,0.47788713029141616,3,0.9256178722124049,0.003149344101427516,0.4296651272749687
272,0.9412244437443811,999,4,0.012512700331049655,0.33806601795945446,0.6165704648800658,0.560293203247506,0.4795902169776832,3,0.9415152487170552,0.014738137680186112,0.48886521469491634
268,0.9410528968903178,664,7,0.00996941397356984,0.496270307982904,0.6762396331913413,0.48372937121389664,0.39653213567151546,3,1.3112882118816862,0.23770481401732224,0.24097299550425907
275,0.9408481846868405,992,4,0.012510038125149862,0.4851776288080586,0.6213675994480188,0.5779549010506374,0.5990916579444201,3,0.9069713943374671,0.000763133614007462,0.047480147928677705
273,0.9410637318019768,999,4,0.012744236023586883,0.48195275955871236,0.6185876268089082,0.5510692925601863,0.47725612539466666,3,0.9106543918286678,0.0013757565852273263,0.4129651855978219
284,0.9398063059686796,245,4,0.011598783198594455,0.5010296033239556,0.6569215769199633,0.8588410125103918,0.5214925542076783,4,2.6754697300832015,0.0024002504723206653,0.009418007283196991
276,0.941485086926528,998,4,0.012084474686558613,0.4761290845179552,0.6156624691618373,0.5624411007958834,0.5473528667585509,3,0.9107711508102113,1.666880701311855,0.046974232655496516
279,0.9415640705312465,977,4,0.011653395728596827,0.4848495328924089,0.6175215184546058,0.5746477823999167,0.20772960761406617,3,0.9289654496175874,0.00204566967710601,0.04882078493499533
277,0.941206242929573,998,4,0.011672718205726145,0.48541130577580166,0.6177466416767761,0.5378686453739008,0.5511659376383535,3,0.9686801144147819,0.0011211827196871676,0.3857518981458575
280,0.9417975669476375,721,4,0.01166509174159464,0.3385615290061098,0.6533669618869647,0.5604084795391798,0.5450323570883452,3,0.9054786046701658,0.002620207070059191,0.41176805483468437
278,0.9353969644672715,997,4,0.04603060751427022,0.47884178915347486,0.6227772536096211,0.5478601266310569,0.49062226702645645,3,0.9227365071232068,0.0024376658303095046,0.05099462460692535
281,0.9417062111720733,972,4,0.008881947128198602,0.49895032212603113,0.6245901263434128,0.5736966695232772,0.5277420178381308,4,2.934255485827914,0.002704851146763343,0.05232887123580564
282,0.9359442840497639,976,4,0.046823956119517916,0.5019386997898859,0.6577885033023715,0.5340747920046126,0.5485062593961467,4,0.40425667793062164,0.0017572006868426212,0.05005744563411084
283,0.9348261414128587,969,4,0.05618358602915712,0.5075404065971335,0.6278517203236075,0.5299055543595722,0.523470616877993,4,0.5889361445673269,0.0026696930227376394,0.009761980925949813
285,0.9413574495381887,970,4,0.011539715650423067,0.5080823524632767,0.6576662563370541,0.5307157660151859,0.5241607028358998,4,2.6592119547503033,0.0020803540410141144,0.008897399099559932
289,0.9371950390339642,718,4,0.04738471448298403,0.514785506231878,0.7793792154122696,0.4620015267520584,0.5007595315890717,4,0.34208560727877213,0.002659779016642954,0.007979634771141967
291,0.9413797872813167,730,3,0.00889291115270042,0.5117763283872903,0.7061830714132067,0.4641399337009107,0.9482648816147743,4,2.8945423237130306,0.0017199206194904793,0.008366482039728144
297,0.9386328825312942,124,3,0.00924197490057412,0.5330380642772056,0.5679066778481987,0.71171507050448,0.8028004944097681,3,2.4341241208953424,0.00014098182856603985,0.0024646692733181746
286,0.9410856427026013,972,4,0.009406857445771287,0.508060879082181,0.5948982369483341,0.5330621495455622,0.9576285341974098,4,0.8042293082965658,0.0019208728442670726,0.054672940527556634
294,0.9416615158569485,734,3,0.009058096925647938,0.5370248073760656,0.5909899526649895,0.45000470262112,0.8042095415793387,9,2.4016531822425207,0.0016284920927000543,0.00732621481586457
287,0.9417301101777559,971,4,0.009048294903761269,0.509463747041704,0.5942996452773017,0.5282346779730143,0.8066956603282709,4,2.9425250000795193,0.002617008687463817,0.05270509168608909
290,0.9422718568043381,738,6,0.009381740280250121,0.5162162493248181,0.5877361157861415,0.4671018913996863,0.49235843731049167,4,0.773166802102229,0.0019588039530047227,0.00797869276975639
292,0.9418049015420452,703,6,0.00933857527841323,0.45867001100166344,0.3766429286419417,0.4679180076202444,0.45723348253136314,9,0.6461953016937333,0.0018821811164954055,0.0022214518047750423
295,0.9419133205814918,704,3,0.009079305717398622,0.5321772938970959,0.5910689761797984,0.4568259780665963,0.6338024478257676,3,2.843118383233522,0.001708573682125513,0.012702908188822762
296,0.9409829187231551,733,3,0.009379967867406365,0.5347966555364373,0.5297770136005785,0.2755986326662303,0.4563255034285351,3,0.7720027004283002,0.0016393326586666022,0.012615990024997036
293,0.9419776809168819,696,6,0.009335835715777384,0.5371612188253825,0.5901338227137395,0.45009196361160375,0.4984649001807674,9,2.4092215941936685,0.001858919034098279,0.008856036237706129
288,0.9414237958913875,732,6,0.008703822810105805,0.510167105271649,0.5903206023656323,0.5297827619030784,0.9522979201068469,4,0.6518939415914703,0.00251390859848996,0.008830904969638015
298,0.9413700460883454,741,3,0.010817812028900654,0.46260980011721087,0.5869133027423553,0.2867275848323403,0.45643092113702394,3,0.7488174679312011,1.9907191018280335,0.0008777723915057246
299,0.9418363929174369,747,5,0.010822676991292163,0.4651995460524753,0.5934081775503929,0.49183802252130304,0.4544810901962093,3,0.7002687716258864,0.000772659148188597,0.28028807467797867
302,0.9418751218301388,744,5,0.010634784163570936,0.317501471848986,0.5765180279308632,0.4729509909415036,0.4551278253006784,3,0.6933699492367795,0.0013871071526156988,0.00466277650277649
303,0.9422638375921256,744,5,0.010642167068198493,0.4685432088533951,0.5688808520028448,0.4908484372995056,0.4992291899103105,3,0.75320959626311,0.020193117174690932,0.005057422625902446
304,0.9415188278349653,748,5,0.010658316792233044,0.31239707633274316,0.5126888822976324,0.2877045255311962,0.4580967661431573,10,0.705660710503078,0.0010701645921705873,0.005839535848685044
305,0.9414459917015556,797,5,0.01095913754927341,0.4646986194035206,0.5695271834772699,0.4838184681882994,0.4867334559676044,10,0.7371062898253596,0.006282951999330355,0.0050136996640577376
300,0.9416452447042152,745,7,0.010846544895021834,0.4640541556735881,0.6470591631413304,0.28173444545994236,0.45621556929532164,3,0.6931970883172743,0.02084144776829707,0.013159086306257582
306,0.9422927773051202,800,5,0.010892748875421281,0.3160066895746193,0.5673880900851135,0.487769974678437,0.43103155000640536,2,0.7172029037633381,0.006271677626337962,0.004434959907342327
307,0.9417126972995981,751,5,0.010788204456978558,0.32040742231393093,0.6363244340137476,0.49324143942396265,0.43099053554628336,2,0.8325260215827557,0.0009860020813475614,0.004962107996518694
308,0.9420913431268328,760,5,0.010435033711638536,0.35415818919148295,0.5629938583930821,0.4858476030364256,0.4340528792445628,10,0.8104799659948556,0.0034317444222122405,0.0764818084815336
301,0.9413736622479387,696,7,0.010658264617049712,0.4655091147310889,0.6358844059479996,0.4892241833276256,0.45876872883146563,3,0.7297406662860283,0.0007768231107144686,0.013273227272085538
309,0.9421134022221651,801,3,0.01040670653404713,0.4237345132083615,0.6350734409677664,0.9514910614948857,0.4854355283179966,10,0.8246726385891809,0.0011109669358956042,0.06666520943536312
310,0.9419999257774112,794,3,0.010448826952444024,0.9540285284847398,0.6344308857331462,0.4878074506796811,0.4340717545905609,2,1.085373340260834,0.0010048809717390585,0.005793052478382986
311,0.941094327747374,767,5,0.010446153626952316,0.4440317771184227,0.5638204221547352,0.4884019847031413,0.42762816769849604,2,1.104850924133898,0.018549744563525764,0.006407240183133198
317,0.9420347838860923,773,5,0.008424686374191392,0.36158207411209947,0.5600004305230608,0.5124352265590408,0.4143523691104344,10,0.5204179009605794,0.004086852928230188,0.0037397807338688744
312,0.9414564884788111,792,5,0.010549538901480662,0.42812855335758687,0.5722708168225749,0.49075535219645927,0.4319912642923549,2,1.0691885984079694,0.02298818623764055,0.00470666594962036
316,0.9411579951159617,769,5,0.00818634918939884,0.9395161097251554,0.5716737858515955,0.47013608711237026,0.4138652571094172,2,0.5117638984264885,0.004954687085225018,0.003617818315955121
318,0.9426632953831733,765,5,0.010030960014307585,0.3555317429744216,0.5391625802965067,0.5107492619590444,0.40944329074015057,8,0.4557140189059071,0.003928146096821541,0.0014239482353136123
315,0.9418528237447497,767,6,0.010066052810290105,0.3237599399225211,0.5611793857340466,0.6311828110814846,0.4319338765546529,2,0.5495053769963802,0.007533742585915605,0.0031994508039622834
319,0.9419526777562645,775,5,0.008261171458162736,0.381984890695493,0.5349323157152988,0.47065429203248815,0.41298842281737935,10,0.8340014558677205,0.005045950155846528,0.07527422272903135
320,0.9418554829004909,767,5,0.008427690222743528,0.4439658289119271,0.550039805626002,0.46651067997512313,0.4100293415077223,10,0.8187904455294368,0.005203228445491696,0.1005307322422845
313,0.9413478669761723,769,7,0.010293601620426912,0.35983593113926904,0.5669951837692024,0.49172787096588094,0.4734574856004996,2,1.0819020391919478,0.017924210258986613,0.0015349814687547739
322,0.9384421152410889,718,5,0.035379397020872505,0.4266035697821491,0.5402639478098883,0.47003003180411895,0.4749888691819994,10,0.5696200867916951,0.005537047354789434,0.08007613961004559
321,0.9416474514486481,771,5,0.008222453413918326,0.42553845640825816,0.5441908322912881,0.9459448158675784,0.41535936984450605,3,0.5308901468425222,0.0043104272776241055,0.07226294021956386
325,0.9429613045041612,718,5,0.013311033277893913,0.35392776252323027,0.5391953675206417,0.5121029288232919,0.48586718491163666,8,0.29383745998155175,0.007316579105979335,0.07574019720183361
327,0.9413597862138972,816,5,0.013377296132152747,0.3497433394133365,0.5319287792596054,0.514774827254396,0.4754810028451991,10,0.12358802324688584,0.003869569537590627,0.0817254691469082
323,0.9412206026836643,767,5,0.009730700447975709,0.3932030420680765,0.5505744952623818,0.9155319517508894,0.48044189397984743,3,0.5605117964147057,0.012025863553150539,0.07221887827113178
324,0.9388698521306944,716,10,0.03587656266451553,0.3494200536411145,0.5318135157281618,0.46824296960447426,0.4778067192265022,10,0.5952192734233981,0.003629144762247167,0.07926623833411524
326,0.9409861894429723,718,5,0.013555283952206785,0.3797250589838125,0.5313409697376364,0.9630416078686903,0.4744291385667238,3,1.3414139502415483,0.003919588146161519,0.07565074039335525
329,0.9416177431060605,722,5,0.01323471213424738,0.35012868673274833,0.7092178450138864,0.9194448931138529,0.4817687147662703,10,1.3726743334969829,0.07875203305352443,0.08262895407750297
328,0.9415044232050119,717,5,0.009857893130080526,0.3569179825624271,0.6987767628470636,0.9523920459793053,0.475044481409704,10,0.29863609111997524,0.003556372530889231,0.07327427853405839
314,0.941227781256179,770,10,0.01012620789317795,0.3575751300451676,0.7271489320129793,0.9519743588648658,0.4756207011688752,2,1.0946140951196621,0.025224579666255183,0.003910775877112073
330,0.9414593939299823,821,5,0.01323959065018891,0.3492096430872052,0.5423211066949503,0.9154882573714682,0.2630331472317239,10,4.426107687043615,0.003938312463214106,0.07321467402492804
331,0.9410412865655047,810,5,0.013399415732917022,0.356884092832623,0.5234789246951598,0.9237406260531315,0.4859649317381576,9,0.18888978417862967,0.003439577023653705,0.17041096075308712
333,0.9417242387451807,716,5,0.015640528657985948,0.3958256143833777,0.5359662947731146,0.8805367745431066,0.2914982966179998,9,0.3334609793206717,0.011766491254847201,0.12129424030936124
337,0.9416033170818008,672,5,0.015691173651424136,0.6886907735545982,0.5245103522614476,0.5175351013439865,0.4996379540995351,8,0.14781341589514418,0.00783786075799351,0.0005279899253829055
334,0.9416454795197732,719,5,0.016167171097548033,0.4043353954775198,0.5257204884389721,0.5145866306205904,0.5072119990925568,8,1.3636515771093887,0.009023326294173505,0.11405667893550522
336,0.9409476755169589,806,5,0.015546112659373303,0.40469050253106137,0.707766185479551,0.511581480765279,0.508441159074619,8,0.22247569713523682,0.007153982024086963,0.12328357627119615
335,0.9408447730776887,717,5,0.013155163242998261,0.3771148455311085,0.7033009100601447,0.949390451208132,0.5092316018352371,8,0.16259284996250206,0.007025929188890669,0.0005679752389683708
332,0.9410250665503819,858,5,0.013409768233310325,0.34776562884651113,0.4962328549406544,0.5126476368477487,0.5062368080121019,8,0.2606346288496636,0.011686140246427426,0.1096838229364651
338,0.9408948868922679,813,5,0.015861116618145182,0.6867209869886214,0.5116231234962477,0.5080066906146813,0.5083332257658472,8,0.25181371811910136,0.00811066351805733,0.0005728927619662521
339,0.9407957717670422,857,5,0.01540477639946258,0.4039479341995831,0.4880484107627958,0.5132669797325347,0.5041693294749195,9,1.1999752635590992,0.0005597462215626883,0.11545519603628494
340,0.9407753104611292,856,5,0.0165380411870071,0.40262366829652013,0.5084209548900924,0.8777581010541105,0.4406632961421431,7,0.23619984915398576,0.011443372486953632,0.1038425214116806
341,0.9414162285686711,673,5,0.01608206358074052,0.4040835903959868,0.513908231461064,0.5083457956553736,0.49994367516135896,8,0.4120805939086455,0.0047792959273376,0.12269903525701102
348,0.9420545094365902,751,3,0.011835097537660016,0.38398854411572053,0.6681326661611635,0.445536589885882,0.44284769552812825,7,0.45147216689518577,0.00322332138142959,0.03873559947315864
342,0.9411377487967372,674,6,0.006999338431196209,0.40932057722343096,0.5152134394708232,0.5109831844177004,0.5103046833722558,7,0.2276515004747494,0.0025629940791817764,0.0067281518326951055
351,0.9413273451400265,303,6,0.012111219309743534,0.33185339063513297,0.5591399630347773,0.4523653477172284,0.4414661000395168,3,0.4254878480880657,0.0030705476460768364,0.05897747780524347
347,0.9420733687785852,743,6,0.011641764866741977,0.33369007330277295,0.5126276998076833,0.5011626422564944,0.44066622448439313,7,1.2358425550861545,0.03977889809242674,0.006808681612118198
346,0.9412830349224169,853,6,0.01197496036046144,0.33322118480377644,0.6706728590293447,0.5021208095065618,0.44410641145509405,6,1.2500537774847507,0.006381479982241796,0.007208875753269356
344,0.9416738264539367,868,6,0.01191761222629649,0.3325487988091017,0.4865804704107142,0.44919298036476685,0.4371849513428957,3,0.4339489224564952,0.007569150904488801,0.007306902402021113
343,0.941016890794464,863,6,0.011911245550932746,0.40758429760438825,0.6684170831438888,0.9911590393268227,0.4418067616893653,8,1.2195995447425039,0.008001996616171278,0.1086794686876289
349,0.9421159403174411,749,6,0.012016905006112898,0.25402558882073495,0.6669460830558497,0.49394778191138766,0.4444594921740313,7,0.3983283237504526,0.006118718041071459,0.006717518245327152
353,0.9422409300299105,787,3,0.0118295451216951,0.29934102383824257,0.5607849367895504,0.4954561683625846,0.4528186787366788,6,1.2533015010667548,0.006419900835290237,0.006970378086991525
345,0.9410579511647509,857,6,0.012436866363295157,0.41911078836095966,0.6707862276686841,0.9833333465530413,0.44076186982793586,3,0.4292363188197948,0.00665526227348719,0.006826099232393167
350,0.9421187215772726,750,6,0.007058596300051173,0.28838031335848335,0.6696181769577133,0.45574229318516346,0.4426196326237014,3,0.43776635724243296,0.005195163694803986,0.15219916175009823
354,0.9424178171115754,877,3,0.011629000009496515,0.30096643222599234,0.5786410628500384,0.49486822462667684,0.462444720713304,3,1.2412588610480824,0.03442690651948136,0.006488638128282734
352,0.9401340385648131,880,6,0.011638834583588687,0.9719281933516436,0.5588923031348784,0.5010227587917416,0.44943509901307743,6,3.2073582009971746,0.006430528110728127,0.006649057964033295
356,0.9412197630875913,880,3,0.009083123231198188,0.30176015887638713,0.480826682516507,0.4914205781462959,0.46272449265632276,3,1.0276363313108408,0.001232228368044461,0.060340279969907214
355,0.9425025928333917,790,3,0.01171978801669802,0.30448837190536976,0.5784799671719945,0.9908425659514013,0.45983164729843984,3,0.99472231284915,0.0012581479152339032,0.16278614861474386
358,0.9415823673595269,796,3,0.009284591295599182,0.43529955949687427,0.6809202832471095,0.48265829037469804,0.46119079955374387,3,0.9817726661893015,0.0013034534715980423,0.03687191381800496
359,0.942078095354862,788,3,0.014257887519923497,0.2721251327286249,0.6569901098837109,0.47871914689140366,0.4616086917504879,3,3.1809878697655876,0.001292928887573776,0.010363664701382053
357,0.9413864591740383,883,3,0.009279993576721457,0.4388463118377862,0.5734996073372578,0.4828715923268841,0.4624416709369645,3,1.0235562030742393,0.005352061579047546,0.06274426300776183
361,0.9428884198422027,736,3,0.013809823181800513,0.25396981613957154,0.6880542666723012,0.49508800743791076,0.4646732306434775,6,0.005349991992957159,0.00544224215457878,0.005574419248143411
360,0.9417679196570949,786,7,0.014280281266893664,0.27618256341657665,0.6848609751933032,0.49117599352348024,0.4631142209748598,7,1.0084331468452519,0.005007766778940708,0.005524617558430728
362,0.9419381212789169,690,6,0.006671942035850032,0.2832378439693939,0.6820081269883067,0.4943291927284708,0.4644359805549311,3,0.997157838887886,0.00977778558870897,0.005288723973102098
363,0.9419479115222492,697,6,0.0057853369682643,0.2765331766148364,0.5699517112211584,0.488084256686735,0.462300598424877,6,0.3396116446017967,0.004967116489732984,0.005347101381776847
364,0.9417862237907485,734,6,0.006471800813381657,0.29342667727050775,0.6547977310444224,0.26172876855030647,0.46166520397301936,6,1.3406293613090803,0.02996890522879033,0.0050345568160891545
367,0.9415129642295754,736,6,0.014298344870678773,0.23181233588211697,0.5817389400741463,0.5280066335467831,0.4649178695678367,6,0.31622275606874434,0.031210115378944737,0.005507720058394169
365,0.9421373920231965,692,6,0.007141524622006016,0.283260719984502,0.5790187985053977,0.47654770908862054,0.46343419192659535,3,0.3351277732561484,0.030155673645571274,0.005286412282128952
369,0.9415953667488187,739,6,0.012720850592176272,0.27808652606074696,0.5799486185421183,0.5202778574821623,0.49039822507071096,7,0.327851433486108,0.0008168796710750386,0.0052454880917131
366,0.9416717736441473,786,6,0.0055026127886347,0.2822501590778214,0.5868966002058638,0.5263258854894761,0.46465876376948595,6,1.0132076425420429,0.005515027435978242,0.004992331716139867
368,0.942247087415654,736,6,0.006375687805597374,0.2801462645723647,0.5783411957537439,0.7570071361314973,0.48970076139756513,7,0.3415373929877884,0.009173131299563472,0.18595407594658672
370,0.9423702601775169,743,6,0.007504687410306276,0.28417966159250946,0.5691069609654889,0.973027323711929,0.48993481970084063,6,0.5821937139069322,0.032406268824994505,0.005000316665718054
372,0.9412855490143247,747,3,0.007187588158538133,0.21054149382409768,0.5804579259202032,0.969769106346172,0.4243197347120023,6,0.04744864251784059,0.010623047571146245,0.004428758369405937
375,0.9421253412887591,735,3,0.006877475598403993,0.22677357894541056,0.5823794058772555,0.9943685784752879,0.49026488154098746,6,0.06484200618640246,0.014086075223405478,0.00452841945099591
371,0.9416000056606204,739,6,0.007422819040859268,0.28537809579153667,0.5784349593239972,0.5266856253536406,0.48691312612928217,5,0.10896143447129858,0.037923203620492105,0.004341597338952065
376,0.9415591894985139,753,6,0.007307410551788639,0.2427992999758936,0.5796619483396213,0.21821757447419038,0.42514160762366676,8,0.03926356499045769,0.038222764758524895,0.0029221246380396
374,0.9425334632520853,753,6,0.007307961764975941,0.2601166684748568,0.5776927340836004,0.9752553696837825,0.4915680065433497,6,0.39778954972783975,0.07047419468316446,0.004022044142847246
373,0.941890128109733,738,6,0.00726554684963171,0.29298763222456375,0.5790730711972305,0.9939549461356711,0.578459698205063,5,0.033963856852674584,0.03143627161370879,0.004158524728449265
378,0.9418066997074073,750,6,0.0067024372473886385,0.2324146464675776,0.5454765647141131,0.20870412619558532,0.4217736954971288,8,0.033435072254427205,0.043034230793039634,0.003925693917359743
377,0.9412109736803487,752,6,0.013365969339329844,0.25573998493225036,0.5549281247200305,0.45737486666494354,0.419341681478674,5,0.10495719565266867,0.04586201851074292,0.004095406949127803
379,0.9416021670073789,698,6,0.006071298419222824,0.2602144235675842,0.5486569533942433,0.8559561577855757,0.42195052880364925,8,0.4141607459713883,0.03705131021131458,0.004061244649477227
380,0.9421387612588059,700,6,0.007186345286435748,0.2501588638302617,0.5492614458292105,0.7515097093156242,0.4924577788536364,6,0.4811173299713228,0.03856183941912855,0.0027486264509166787
384,0.9410885846806372,697,3,0.0058670634316569355,0.2560379392380597,0.542836891619326,0.9816835542423836,0.5228245559950467,6,0.1323498749768017,0.013891760565846524,0.0033600794020561963
381,0.942649306637664,755,6,0.005813546390783984,0.25037466599131997,0.5509593927705975,0.9990246019985128,0.527479832242621,6,0.6145745073891173,0.04235380991883937,0.0038299967219895025
382,0.941909313062635,684,6,0.006103060681291903,0.2337906390256668,0.5492515284062051,0.9923766774573629,0.533639668673072,6,0.10152145114690006,0.03350081123347604,0.00393567768493926
383,0.9417855214313239,687,6,0.00608645383145307,0.24368850238745213,0.5514337158383318,0.9859275882997229,0.5336367880005425,6,0.1993258223236986,0.024166781930479588,0.00299413508296837
385,0.9428933447071728,758,6,0.006277547544163288,0.2519068679287823,0.5648991855467044,0.7702086264519836,0.4893855539743993,6,0.33124928122736363,0.025596809045092983,0.003258413610757229
386,0.9418427256321301,758,6,0.0055225262767003925,0.25461857056827886,0.5448494895652224,0.7712956407559746,0.4927967405975616,6,0.5226908167466411,0.028737231562106412,0.003472855493757727
389,0.9418420785848148,698,6,0.005545336531200164,0.30406000346046536,0.5601877171566269,0.8074492968218414,0.4956929077452277,6,0.6222680176278439,0.07390373056992519,0.00239754380483423
387,0.9415600384872093,688,6,0.0065603207589045275,0.24644522129915047,0.5493574304234267,0.9739200480748967,0.5249208786612583,6,0.598696612914394,0.05759918574947545,0.0026679476662747528
388,0.941540276931659,690,6,0.006243058193546203,0.2559383785174955,0.5560347451059595,0.8484242804980842,0.5220151467300191,6,0.5901583622484342,0.07110853173073735,0.002989437031444542
390,0.9421378679160608,702,6,0.006388186485828029,0.2403939642592197,0.5562667349626764,0.9788121476425956,0.4948584527773383,6,0.6132211845771758,0.027463886584013827,0.0023906497332729813
394,0.9413594334687477,782,3,0.005247611163676155,0.3067306599672768,0.5645076011710022,0.7885856761505945,0.4948387602266369,6,0.6253999856771373,0.05180001191011336,0.0021875280617307687
391,0.9421531925011891,712,6,0.006601279674319835,0.30712161272091715,0.5589297903176367,0.999318047000221,0.4944703806718633,6,0.6008748680395076,0.049802129297000744,0.0027475729412061007
392,0.9414477982159152,779,6,0.005032943503648918,0.306008631379717,0.5542850430147349,0.8035407176020379,0.5364828899413506,6,0.6229471010572687,0.06751728428398264,0.0022149020641495155
393,0.9417518854071691,761,6,0.005383490306227615,0.307594175638548,0.5685234199868251,0.9605862795490001,0.5256807773273315,6,0.5551598132009901,0.016276366778717848,0.002850951058709773
395,0.9419691117144513,723,6,0.005020283168752487,0.31105460570192717,0.5581176571237988,0.7912384764824709,0.5162012583936904,6,0.5932169735226643,0.020424339670225316,0.0032141929029377886
396,0.9420800855471692,722,6,0.005224283710561996,0.30178968064173967,0.564342140583968,0.7067502055168847,0.507799379352668,6,0.6755865180673333,0.023434892999761654,0.007707815900439031
397,0.9412543675954698,724,6,0.01893352978098363,0.3086236042391796,0.5632130422277875,0.8406535692629123,0.5187223523461892,6,0.5689811791946587,0.02200797752983338,0.00655087464789735
399,0.941834330715025,723,6,0.007560502614332363,0.26467449167761864,0.6035632699192988,0.9628385492297328,0.49060111696051606,6,0.6342107642982948,0.027739784429469304,0.002071521290833365
398,0.9424949357589509,777,6,0.006391800894171402,0.3149692164643896,0.6034169066008603,0.6997010538415415,0.5163531625465333,6,0.5980668228738044,0.058930400112842514,0.002233193153490237
404,0.9415871617714092,759,3,0.005778818862178929,0.2608817260869028,0.6059164057849257,0.977966748262792,0.5124937851502869,6,0.29844100519940564,0.02128263606354808,0.005987872478476181
402,0.9401622978345017,730,6,0.01883834114851916,0.2733675052816129,0.5970870715282781,0.9598438839571944,0.48047024504266983,6,0.5110068346081453,0.02117288101069168,0.006085612446926935
400,0.9419295959087239,727,6,0.005682470715720667,0.2953482365000563,0.5973504912548604,0.9620076865019479,0.5167826029282148,6,0.3012134773261947,0.023315129034291573,0.007983839513541407
403,0.9407670157319954,762,6,0.018614859482719365,0.26814788188295946,0.5992199134598251,0.662997445243967,0.32707081448125325,6,0.44459942823953624,0.016904671441849112,0.006393053505840087
401,0.9419329250715244,763,6,0.0059329385280398415,0.30802749439750315,0.5916480977280287,0.9916775282529683,0.5146520166178199,6,0.4985691588113428,0.017515390619430096,0.006242852848871594
405,0.9417393660852404,729,3,0.01469914173976021,0.27525329893934014,0.5995666406289611,0.9629896058475922,0.4791573701091251,5,0.48957964536879756,0.021960097869939816,0.007995074303871428
407,0.9192923731927628,760,3,0.2239063931988539,0.26585267692335257,0.5980261454283143,0.973384029977634,0.48075044050500676,6,0.47119053104181663,0.008713050315076977,0.006035714309024474
406,0.9423416596425506,761,3,0.012919636008482057,0.22468108347995935,0.6007978047472792,0.9606936438411334,0.4807806958849701,5,0.25245891958164024,0.009525289319715349,0.006418206393653114
408,0.9418902481265736,768,3,0.00789831930492232,0.28693495746255665,0.5988260827730534,0.9360143128369592,0.47566436880206403,7,0.30292343601474275,0.050124278482329976,0.006222051769730143
410,0.9414926365076243,776,6,0.0065980592014833785,0.2736029513635722,0.5947316681140975,0.3543699412116557,0.4811679148280682,6,0.4647702241786208,0.055344219622272164,0.0016667765531589236
409,0.9420127143545131,763,6,0.006168057071239068,0.21388060798920397,0.5939993304875447,0.6857966284269471,0.4782262333809644,6,0.48422690590720785,0.050970572688006886,0.0018276634827346294
416,0.913849972645553,781,7,0.29665351810290075,0.2891754522988531,0.5240625774002843,0.7502409779895545,0.47724308670069576,5,0.38082735205364415,0.05668942352284634,0.0036918435498986997
412,0.9428781620550039,778,6,0.0060147302053157985,0.21964938387428484,0.6017569416999423,0.6956858738235407,0.47293705300595795,5,0.48630972128281785,0.05716034910815484,0.0018226802053101056
411,0.9426426754463056,779,6,0.0059513206114722925,0.21827919767940518,0.5966188313314579,0.7658243347604581,0.5610461848925463,7,0.36681831369070567,0.12562847142614872,0.0010766261832679215
413,0.9421643926814942,766,6,0.006100688577665633,0.3251641247345602,0.5849045557344423,0.6758933930917677,0.5593384567782109,7,1.5472684623254631,0.11958219739114186,0.0017582630009009
417,0.9424827347425566,783,6,0.007778950645012077,0.32580014077428776,0.5272258100754094,0.7689686955221685,0.47442123431427513,5,0.37288417483999503,0.059732132466700755,0.0009909194916109354
414,0.9419118511579111,781,6,0.007679209143952013,0.3254711515417351,0.8923481338760426,0.7250442812131825,0.4722156173981129,5,1.4411178329162984,0.09751408703405937,2.9942583765931445
415,0.9420854769123812,786,7,0.006796385290892284,0.320626509784366,0.536375989512269,0.830855990002857,0.4755890751165098,7,1.4281457183360338,0.06266068665472685,0.0010710565069056422
418,0.9421691359557661,789,6,0.006667959028442651,0.21821628476459046,0.5312370524229524,0.7287225895185868,0.4926249952092793,5,0.22066880006472706,0.10433857177835223,0.0010933703276240264
420,0.9308946892297494,791,6,0.08083564402530666,0.20025269404076523,0.5323565767434838,0.7487841148214913,0.5652481642157322,5,0.34853049808006076,0.060763968499721925,0.0009469188396960138
419,0.9417280792840851,798,7,0.007651034273000209,0.23406987729442516,0.5279158460944836,0.7659641371482341,0.4900567470106069,6,0.22417494689696177,0.09388673405123958,0.003585245233920933
422,0.9423787897222088,790,6,0.006670890062443893,0.22125887961054766,0.5752290523841499,0.7124518128306565,0.5000017409645663,5,0.21514086237855493,0.0658252486865971,0.0039365272467496385
421,0.9421880547843691,819,6,0.007956529347272513,0.32660607504751754,0.5345144977137858,0.7690866127329379,0.49549947966176905,5,0.20195960997784285,0.1024077848027103,0.004623352555041695
423,0.9418799819903771,795,6,0.00570592353198085,0.24108962103569134,0.5767902063494724,0.7611750697691668,0.5369064625824186,7,0.22582537997932528,0.0790911251450261,0.001041033551992123
424,0.9427119136835541,789,6,0.006767612352210455,0.20295487183016495,0.5737272529045861,0.7557622148133388,0.5447584043395403,5,0.19589649777013401,0.0666623750678989,0.0021220790801754884
425,0.9419562198185041,793,6,0.006812331723480374,0.20139706411026098,0.5736009386359918,0.7273596938818909,0.5446734337665412,5,0.14552810883057263,0.099752077423937,0.0012706774900313749
426,0.9425935363771984,797,6,0.006957981273830374,0.21793384700434063,0.5307819894251635,0.7797462898176442,0.5046044341979857,5,0.22826305662672464,0.06797033155084274,0.0011015622465480016
427,0.9425413374004641,806,6,0.006013616601529416,0.22151472116330218,0.573101467376961,0.7589087220502174,0.5456244057861794,7,0.21578780493123076,0.08294303777232723,0.0013187850627480997
428,0.9418797231714511,805,6,0.005706110844013522,0.2227846736269134,0.5775372656525122,0.7523449705709181,0.5441413452524521,5,0.3847601955518766,0.071607927143375,0.001495269496971341
430,0.9423893689458158,743,6,0.005641460032785529,0.22314427433595888,0.5731645565862646,0.715454644060824,0.5056806692619495,5,0.38597258668861023,0.045878883749389,0.0012850776555700513
431,0.941653013446499,742,6,0.005882922997999939,0.20953531875282405,0.5705470579109906,0.7164739337422285,0.5415352782469387,5,0.3458780415863699,0.07765980655698833,0.0011402436403619006
429,0.9420687611755246,810,6,0.005737671919893233,0.22298863809350794,0.4689662737892273,0.7595674493337176,0.5438417973658978,5,0.2418034320851985,0.07535214962662025,0.0018318110186509571
432,0.9420629732329259,747,6,0.005847041802816397,0.2166158226077911,0.579443409244497,0.7774641451975282,0.5460070435414968,5,0.35825263431012005,0.08462938290300887,0.0007317166033134101
433,0.9423789066081752,742,6,0.0062136408148239725,0.2200786970163782,0.5716734096928279,0.7037246077407945,0.5108122365866143,5,0.35118051192061595,0.0697659958205971,0.0011813111759246865
434,0.9428502951882034,776,6,0.006252664109768768,0.2212199262040285,0.570380994022757,0.715478901858156,0.5465911921535994,5,0.18930229709092763,0.14925019825542812,0.001464534775680307
435,0.942457318306557,744,6,0.0064348623202518255,0.21278050466995718,0.5034604077034301,0.6956864059977379,0.575401560056248,5,0.35649559932352815,0.14231180895489956,0.001229591212053705
436,0.9425799369037028,778,6,0.006102504135159472,0.22624964645809018,0.5101516227095745,0.6972471091413093,0.5538916988942394,5,0.002116581887925628,0.06620303806756374,0.000760464994843037
437,0.9418454526234774,743,6,0.006125921671281585,0.2191733828151946,0.49874279607680017,0.7779819074818367,0.573137010968995,5,0.32609189353101503,0.06975024464962112,0.000719608692702876
438,0.9425375553045431,773,6,0.006238375018872771,0.22133742587140012,0.49739188834413933,0.7399242884058613,0.5633364215828166,5,0.2552533992269922,0.079184087270284,0.0007097400572357778
439,0.9423919988800655,752,6,0.006093128150025952,0.2154557320525588,0.49661513908969496,0.6958402495450934,0.5752126650510405,5,0.2698232571149287,0.07954016463409704,0.0006947906935898498
440,0.9422897685351035,776,6,0.006262806827239164,0.22493348085474704,0.4662063776413601,0.776914702917533,0.5326905697604046,5,0.2607239825209247,0.1556369834228458,0.0008421311172627393
442,0.9425644536876197,776,6,0.006323804177547703,0.22079594799667204,0.4943334252386749,0.6994103422944091,0.5565328680961061,5,0.14753100112731854,0.0642717173861587,0.0013548556596025781
443,0.941745516165611,776,6,0.006384231055169318,0.22519692473639796,0.4982373024273845,0.6955682216743436,0.5695138650496234,5,0.20279101386619408,0.05868588573460821,0.001314756164228431
444,0.9422337206704672,775,6,0.006321324113381216,0.22992529681035762,0.5065085034473317,0.707681822156603,0.5516976171298827,5,0.16470938896244153,0.13417626196206628,0.0007406943856552015
441,0.9420826351223169,775,6,0.0062052112993115265,0.2073153994621242,0.5198281228198859,0.7839080202555089,0.590187014842679,5,0.25247772661744894,0.04062806426684434,0.0008114059195366001
445,0.9423720865207457,774,6,0.006337269163843325,0.22449532767435387,0.44040117815972346,0.7034744822109266,0.5777507518492793,5,0.1681067064799877,0.1986543343306515,0.0007670920475411559
447,0.9417589538772777,774,6,0.0053532285697301145,0.20111971787062363,0.47032968076381315,0.6961671068733962,0.5664684520772646,5,0.006882432404561402,0.20248787434665225,0.0013958693971036645
446,0.9413902684042016,774,6,0.006275468245150154,0.22182910968905745,0.5006545250087794,0.7046830381785087,0.5643717443284106,5,0.02614564795435914,0.14113445840374278,0.001226440632067932
449,0.9415872807446254,777,6,0.005383864016407177,0.20351553738187705,0.5137497021077819,0.7016645141870687,0.5971531583950528,5,0.13177759960596575,0.14119714092929173,0.0008294650779392353
450,0.9424125760283205,777,6,0.0052779160258285135,0.20271717838121744,0.44288325912077375,0.69537250618745,0.5816601594268157,5,0.026547858713931588,0.1073509933960574,0.001360688707672129
448,0.9419506082484798,774,6,0.00536932945684462,0.22563654738434497,0.49574888361392266,0.6895627441778308,0.5879296439296522,5,0.021826590055833317,0.18126758610123198,0.0013096687386562433
452,0.9416921671144547,773,6,0.005383424246691724,0.205815904332823,0.4562011619109872,0.6926154604336231,0.5781127535343005,5,0.02299479022104539,0.12696296424915204,0.0004317614559280676
451,0.9417879958654929,782,6,0.005220566942424164,0.20484251538905207,0.4900007076791211,0.6995700177733866,0.5837363003610926,5,0.12963490484679946,0.12338217012993764,0.001353857736751756
453,0.9422819935310713,780,6,0.005359727549805301,0.2027849699751349,0.491043329629937,0.7383285504584027,0.5786792709605599,5,0.009665993288789282,0.11337458874146655,0.001227549443302734
455,0.9415925729654907,806,6,0.005504449635064036,0.2030753474176801,0.4822914765184555,0.6931178963648134,0.5873148753658858,5,0.017452486210329077,0.12631888257181767,0.0013293145838285927
454,0.9417991282101921,809,6,0.00529109691667635,0.20026041828501479,0.4626109842022393,0.6984860873417497,0.5845062837088718,5,0.04850886815287131,0.14450115858687884,0.0013102024775660836
456,0.9420236630212647,807,6,0.005466242987377673,0.20029005261253863,0.4897811621864561,0.7323723398997923,0.5591739754813967,5,0.08856267088192966,0.1342556652144536,0.0003594788274059475
457,0.9417862561431141,811,6,0.0052675848288145245,0.24171083551626832,0.4860995242317406,0.7358742112174904,0.5839661664590189,5,0.11273639963020464,0.11087373124036916,0.0004171713766900268
458,0.941465613933208,812,6,0.00686946949585054,0.20084808501296883,0.4867958898860605,0.6766374162032296,0.6176790884401787,5,0.11631187965800463,0.0989209938668043,0.0009697438461404307
459,0.9417751446709091,811,6,0.005100701776033228,0.24424817967105106,0.45120681361259146,0.673717870773428,0.619668530439968,5,0.13495786466119628,0.12383332909012024,0.0012751868664376202
461,0.94189932244336,809,6,0.005012651695473967,0.24099651709541145,0.4050586771442515,0.7366187162331013,0.6066733415421486,5,0.10912918182589665,0.10232494236599711,0.0009957783115030609
462,0.941493573682607,804,6,0.0050135987953707365,0.23976366185400402,0.42558582683266716,0.7386963322071773,0.5590475093787727,5,0.09658759838693208,0.09049047408644582,0.0011064097335872958
460,0.942186484129192,811,6,0.00509863797348342,0.24175194292523483,0.4401859637857255,0.6637921166626497,0.5816137421312864,5,0.11148336999433921,0.08367673440165924,0.0004177794165526067
463,0.9418826734984844,808,6,0.006943749584303217,0.24075063376885805,0.39185014521551187,0.6698209912111021,0.6132257305900998,5,0.13827112263086405,0.08291915629021557,0.0010181391670859
464,0.9421237831570787,814,6,0.005005749778339429,0.2421789487257865,0.42922582697944767,0.661791582602604,0.5543331306802698,5,0.1292017079530785,0.00031620148864154303,0.000986927000542245
465,0.9421033479417831,757,6,0.006797014567797296,0.24192748798393668,0.4444403907166959,0.6616590891275596,0.6239668578178984,5,0.1254402166243463,0.07784853089163192,0.0009743192772807951
466,0.9425268748493396,754,6,0.006814650612932308,0.24275464607018335,0.5159618017918834,0.6747712493487432,0.6236955730742741,5,0.37177679770266125,0.08295495690412025,0.0005870970529536962
467,0.9417561079127145,761,6,0.006877296347101548,0.24274810941903416,0.4141712309268474,0.6614688685716462,0.6189998742137721,5,0.30531742230292597,0.087992447587878,0.0009746619692427576
468,0.9421454926381356,755,6,0.006874417895498167,0.2420138571873386,0.42023928604972666,0.6635129253005279,0.6072982910590391,5,0.3696465371165309,0.08189596702609063,0.0009776092399887291
469,0.9422015050195321,757,6,0.005903312676673136,0.2366818400744864,0.3944804344178514,0.6490858364115053,0.5648461472081152,5,0.36862044826182677,0.0795522486090897,0.0006214173920542106
470,0.9419351845190047,758,6,0.005922014982315022,0.23801192985145747,0.3463509308659466,0.6481300271244114,0.5495591742776647,5,0.37253235640620647,0.06842851260659198,0.0006354677275552277
471,0.941353049616444,754,6,0.005856123480652099,0.23680951479978266,0.5161166243569616,0.7248120291314905,0.5523631413519554,5,0.3836542540298936,0.08220912731577887,0.0005478750889559498
472,0.9423804136022454,758,6,0.005920796859548119,0.2323416596733095,0.37929517581712757,0.6570188243193532,0.5592056834179467,5,0.3505990721486363,0.06836721921229058,0.0018514805917946209
473,0.9423295932537428,756,6,0.0058824297989414345,0.2191311679890486,0.5301431489778003,0.7176201245663055,0.556178487883868,5,0.35879838715793433,0.06299708795473936,0.0018252644534721607
474,0.9423959239525708,756,6,0.005898458058619181,0.22250164816152493,0.5159719343948748,0.7192832124707293,0.5607887872337572,5,0.3758604865835353,0.06482482811409424,0.0020214876418082617
476,0.9420883552293102,760,6,0.005859740252301238,0.2244534071830362,0.3345901805101225,0.7197593729282598,0.6466154935808243,5,0.2696386612363534,0.0461883866536119,0.0005651979525019766
477,0.9415073088273138,756,6,0.005847536096758349,0.22276997703376966,0.516395366700702,0.7195707921299366,0.5619514884008068,5,0.4169901192555276,0.06293950942408362,0.0006024785664219874
475,0.9415831511216786,755,6,0.005821092384396175,0.21664794933672915,0.5151469090797078,0.7229676834418007,0.5577205501138284,5,0.3793473792591589,0.044765811238803584,0.0005979268112201418
478,0.9418242101644747,757,6,0.006044630279700216,0.2168335883901589,0.5070470256109653,0.7157161082741047,0.5691561961953939,5,0.27354537645667704,0.048163470384464634,0.0006484773033067209
479,0.9417706492575038,763,6,0.005924821206756396,0.22101317349643235,0.5091831408830477,0.7247184299013314,0.5501534804596654,5,0.2403888605350013,0.05809569647300022,0.0005630700483647663
481,0.9424155827110876,786,7,0.006452642962029125,0.2191660728419329,0.5106658322420018,0.7230747317029615,0.5338270727231896,5,3.448126428844138,0.05718577025553599,0.0016604397110975724
480,0.9423796214910963,791,7,0.00581712996589346,0.2199201837506247,0.5155460015603358,0.7195969120215694,0.5606385820082452,5,0.2525734699440203,0.05006421935457912,0.0017741482231421425
482,0.9422747914770009,791,6,0.006495321841391793,0.25756774957605905,0.5058512987306092,0.71921813624961,0.5343650159608421,5,0.2657416519616044,0.051542008064616666,0.0017580060804694468
485,0.9419820829258763,789,6,0.007113990644121159,0.25927152926716057,0.5110739741340267,0.7467861827102388,0.53678687938391,5,0.26903606026121557,0.05625565920534052,0.001718733035040374
484,0.942242172986931,788,6,0.007094404501637127,0.2581268491776816,0.5047092544025046,0.800534327187935,0.6401171564374878,5,0.27251878775261373,0.04908932490951971,0.0002861332646695405
483,0.9422177125111586,795,7,0.00721837301194584,0.25847475749633414,0.5049757877465474,0.8033313542090912,0.5333179987466541,5,0.258051460493799,0.04668819636213573,0.0002793367610505647
486,0.9419446334970593,794,7,0.007322639379310033,0.261442303937334,0.5043797572147114,0.7514554753874031,0.5370650326291007,5,0.25191157406046144,0.05008790170331532,0.001614289312093404
487,0.9419223093210526,791,7,0.007223651555202352,0.25840495282485904,0.5073766296700645,0.7467629992170691,0.5408266048190192,8,0.2363081659983689,0.05405179665743552,0.002058352881787047
488,0.941860783470354,792,7,0.006594201599445461,0.26094098052081766,0.5055167141353,0.7545625641266096,0.5967469505921158,5,0.22918071065236922,0.05856023455888378,0.0015968344575868442
489,0.9417778278300185,792,7,0.006976738751574726,0.2620206572676105,0.49920884233975643,0.7551076206530462,0.5701729505007666,5,0.22108289490532385,0.057911902497233554,0.0016771656282464954
490,0.9420424482659058,789,7,0.007257091037966966,0.2548933531331274,0.5300471784176375,0.7457798014826758,0.5371950656790907,5,0.46940217400190437,0.05875733802261255,0.0020739725164217473
492,0.9421892841742684,786,7,0.00724289440764955,0.24809320346833022,0.5363227483760039,0.8013035808444986,0.5305522392906652,8,3.7883105222582207,0.056900576644936814,0.002257778954875773
491,0.9413048414605711,828,7,0.0072928275852183165,0.2588663856301743,0.5318096004009071,0.7522334844108829,0.5365757052118271,5,0.4880539273970522,0.05836413468054376,0.0016848279815801473
493,0.9418526609392961,833,7,0.007081799213186895,0.2569554056158469,0.526773802357403,0.8044382032462418,0.5264613447688015,8,0.48150249447212906,0.038474583786341776,0.0021637333741143937
494,0.9416577629825191,829,7,0.007255619817856104,0.2527695230628745,0.5397633709916928,0.7624428385984602,0.5296610166945953,7,0.4578763181268044,0.03824218777098497,0.0022674836637819108
495,0.9414863841520329,822,8,0.006598565643624356,0.24982042009360145,0.4677837246463778,0.7455254320151669,0.5309453718646321,7,0.4804455955172072,0.10062112623952303,0.002161122229088934
496,0.9418890646561613,832,7,0.006660600160143708,0.23265803970676965,0.536823683555633,0.761708569090625,0.5279785004351821,8,0.005585962805403744,0.09931651562077219,0.002214776384155946
497,0.9422611419095197,779,7,0.006568165571245191,0.2320579456477563,0.5254378854474427,0.7632797966617381,0.5333021384587977,5,3.7558729009347402,0.09878679368608023,0.0022388328291908783
498,0.9419902597254186,831,6,0.006587239353414452,0.23159941929755315,0.4713606255151854,0.7678057149536793,0.5337456552448301,7,0.49066344327039013,0.10388688781756361,0.0022383472869292693
499,0.9418175617533088,834,6,0.0065429439897136945,0.21242707153873636,0.4741466228375379,0.6789111547341556,0.5227509926934707,8,0.47314304791632683,0.09536253985335574,0.0024110819622972053
500,0.9421673325722806,780,6,0.006498023658817309,0.21327588252808807,0.5343682311488072,0.6830391487264464,0.5237738371204302,8,3.7194058055241426,0.0969936927691789,0.0023509098552988096
502,0.9422680814919776,774,6,0.006506678790682364,0.23025933199157533,0.5317278296765653,0.6799853692091612,0.5934878435609278,7,4.549131387357491,0.09939548143737545,0.0015287746165817283
503,0.9419771017051721,772,6,0.006450108053687767,0.21609994887730377,0.4675982127009448,0.6818289626416787,0.5937064697904243,7,4.529700154859329,0.3313433759406526,0.0024153410154478024
504,0.9423374214826346,775,6,0.0063885748623939455,0.2166770018655788,0.47047133948087283,0.6794827490366063,0.588826547604181,7,0.165839783530619,0.10116258171392739,0.0014512623105335499
501,0.9419023166026308,832,8,0.006663342798975031,0.21223651207692917,0.46726975170924745,0.6792626940805229,0.5285791844223189,7,4.141525920078021,0.09950973951021123,0.0021542852383451953
505,0.9422338427745572,773,6,0.006365154967789778,0.21396917289362602,0.48002836635255225,0.6827366550407823,0.5932005650499307,6,0.18953883422228865,0.09576211722403845,0.0015111830262850338
506,0.9421320559700936,772,6,0.006380112416960394,0.216397059191135,0.5439749905541352,0.6877124462054555,0.5956881449500757,6,0.16672668410828867,0.09538897623701524,0.0008135063416871398
507,0.9425128610568374,773,6,0.006488953462592835,0.21434894831544915,0.4752968804179046,0.6875581488333811,0.5956052865365666,6,0.18271132235317328,0.15424714394805197,0.0014588644826065335
509,0.9420886453569773,773,6,0.006419151790590301,0.21219764286851503,0.5425771328646656,0.6929776639256642,0.5937514807792261,6,3.9731925412279865,0.0722628521971554,0.0008174031888449981
510,0.942497564649576,771,6,0.007880442421248553,0.21278637204228715,0.4825129220448735,0.6833858138371821,0.5963975610926998,6,3.5652514641762045,0.1675593417564681,0.0014397006199994605
508,0.941851966928869,772,8,0.006300394358512091,0.2142032732084764,0.4820926416274342,0.6866430933856453,0.5732410266634038,6,4.220687423188556,0.17574436026003593,0.0014508984686392602
513,0.941224247542937,740,6,0.008044971328186875,0.21055837794422913,0.48262011576016656,0.7051657667583149,0.5714476443278603,6,4.212338383498512,0.06681377197419532,0.0008301022565728184
515,0.9420943550277237,732,6,0.007790516549034649,0.20323234940139834,0.5473854011929615,0.7878844847143843,0.5714884222231409,6,3.549061888729052,0.06814352286162195,0.0008798724107060907
512,0.9416885050353743,770,8,0.005640504889424368,0.20445175255720346,0.5456248221581939,0.7039106887649998,0.5732867639228425,6,3.5636793228223977,0.15293389435699992,0.0008745097924011813
514,0.9424912851597422,737,6,0.007850828479395137,0.20228291731384757,0.5445512540998485,0.7851947252424489,0.5685516630228219,6,3.516784108781435,0.06835060653580168,0.0008813412759482902
511,0.941712487531033,727,8,0.007991332894059597,0.2009187206019643,0.5487161360222533,0.7839279718233433,0.5709907228616512,6,0.1947211555055287,0.07279054384089086,0.000875245860247958
516,0.942555236394249,734,6,0.007977965060585561,0.20003461491631142,0.5502238249777194,0.7817113803365108,0.5754555629562047,5,0.0019204722482185077,0.1643761485492508,0.0008261218902573637
517,0.9424185173837506,734,6,0.007569144141417941,0.23045332416097666,0.48543072477243576,0.6378667674907252,0.575137216837544,6,0.0010540002101332435,0.1725751495203717,0.0008260774894521324
518,0.9421274045347955,730,6,0.007682414138091709,0.23461633629857254,0.4549425493904097,0.7320094346487402,0.5648647471946073,6,0.08268476281147585,0.2740290387154054,0.0011335231137692711
519,0.9417176795639268,738,6,0.007619512520518577,0.23366369841257728,0.48812926985854105,0.7854215848750176,0.6259513929055737,6,0.32233999609985914,0.2836735577296714,0.001023421654013275
520,0.9420120933978151,738,6,0.007848505014711562,0.24163993885478202,0.4843581866714799,0.6316664859639386,0.641853883062479,6,0.3245201590143072,0.14874457653342482,0.0008033935271563466
521,0.9418651646068541,733,6,0.00782762265654285,0.24174238496106004,0.49122533678081143,0.6324646940695839,0.6159569583084663,6,3.8614502937992192,0.1681712176033376,0.0011219561394945545
522,0.9419889249294243,720,6,0.007728132886485781,0.23500145736519065,0.22423279782123556,0.7763375909774837,0.6349085900301465,6,3.542063799418691,0.23567843622874554,0.7330852023732831
523,0.9426010995254158,736,6,0.008106265917573546,0.23183314931118634,0.48232923405054323,0.7812262187382535,0.6075850928823808,6,3.367770722142985,0.13579293168743495,0.0011267869224317302
525,0.9424805212145628,736,6,0.007802956793961087,0.233892021342535,0.5213107536122721,0.6354731476370132,0.6146410548501008,6,3.3718160171818976,0.2359935299047306,0.0010795044255200491
524,0.9427376379888408,719,6,0.007577362783118354,0.23294421711246407,0.5533297012692274,0.7839274170256773,0.5537857948301645,6,3.351078553722618,0.15158920629007164,1.4071276771575454
526,0.9417602625826543,728,6,0.007836836914111585,0.23474234995320728,0.5545728830014818,0.7904567607613007,0.5992611407461781,6,3.3831486181734283,0.18594742934782532,0.0010717403792574814
527,0.9422688271618274,708,6,0.00803015407451008,0.23851159877167627,0.5244046335338994,0.7752884141800138,0.6172661064217946,6,0.12316643450087952,0.19537608964747263,0.0011482747311276497
528,0.9426254932092071,706,6,0.007685052422590779,0.23466916541851776,0.5229151530265684,0.7787950376284729,0.6138477606152044,6,3.4748653023105787,0.18730282539607365,0.001171107245495612
529,0.9418559483571084,716,6,0.007743834797571196,0.20057822501401948,0.5274993332239754,0.7914726971220314,0.605070545572001,6,4.845886706128757,0.1711885275178082,0.00046096662928798266
530,0.9431022408020816,711,6,0.008483238647660988,0.23445949478292002,0.5238458777152565,0.7754589933870281,0.6080448991140484,6,3.44050621307265,0.22313512426737842,0.00048558897407618854
531,0.9423432396903498,704,6,0.008321780657698627,0.22938914632859958,0.5199029956363922,0.7733158513252335,0.6032057340044431,6,3.634232673878774,0.18512447116340874,0.0006930963969002646
532,0.9422809666043644,711,6,0.008160399500205555,0.20152495873792034,0.5296715836294141,0.8113322720976517,0.6085541144372106,6,3.6593527599938236,0.181048947706566,0.00047272656736078024
533,0.9427778749392376,719,6,0.008631391719039478,0.23007080168608487,0.5192991686925083,0.821455980268408,0.6077965622041643,6,3.640201062135134,0.22935185052793952,0.0005018557148162236
534,0.9418209441409688,799,6,0.008444825874332125,0.27019435988372886,0.5535416481520253,0.7775873983420748,0.6133844558010024,6,3.4453406085685225,0.18336145643000681,0.0012101591285674706
535,0.9424724216432485,716,6,0.008313244575292283,0.2010378530881158,0.5569160773433116,0.8124230744957833,0.6110525136982685,6,3.2013243957257687,0.1875379125486535,0.0004775909620348534
536,0.9428035053183011,706,6,0.008674835024398529,0.25002673585937346,0.5576160913452001,0.8120970443901172,0.6177431829123401,6,3.2429322447445488,0.19710218628421441,1.9006594383717499
541,0.9281448644178099,677,6,0.1461113160257674,0.26983398079216875,0.4525900817187951,0.8240156647360812,0.6283711552772577,6,3.3986008105281,0.22099224712016893,0.00021476914393781855
537,0.9424460993410074,661,6,0.008325890104624655,0.2500019374257959,0.5591920089605763,0.8232014733929803,0.545679689712836,6,3.5062712481270886,0.12807135028158373,0.0006996189294491643
538,0.9416215001549887,661,6,0.008697032192221538,0.26824839484962903,0.5504453185527074,0.8082136968880275,0.6560294704921585,6,3.314938899634231,0.1414363287692629,0.00044314383308354476
539,0.9422097600909274,670,6,0.008455914534768426,0.24863817270811145,0.5518151088040345,0.7714803819343607,0.6544090265350362,6,3.337550052556639,0.2310155291452903,1.0180786650483329
540,0.942490883364232,680,6,0.008294059260949995,0.24700969444364088,0.4559584894082038,0.8235941369827585,0.6478751820955955,6,3.645848618705686,0.1341092072856497,2.1590231444729047
542,0.9416012997552512,661,6,0.00865516544381198,0.2709521483760577,0.45537410449667776,0.8177243728408482,0.6328603080815101,6,3.31791666386228,0.3513831295647768,0.00046631000458081045
543,0.941720027719507,645,6,0.008690774592395709,0.25089476201202704,0.5594908416965705,0.8181905645586571,0.650641237736153,6,3.3062151972361797,0.22339739074173434,0.00035620845859095173
546,0.9285109575271255,657,6,0.13707165249104467,0.25395596507504536,0.541023208879591,0.8292077498442892,0.6371053215018536,6,3.4281842881532865,0.3705599236728029,3.5554221524584353
544,0.9425526628157332,665,6,0.008455407780349582,0.251388032350887,0.5431903951078094,0.8008383783888531,0.6382304773008514,6,3.49634799734215,0.13302281020291018,0.0005066893297471542
545,0.9422297298496055,686,6,0.00869736083732779,0.24893532525125592,0.5439869660596365,0.8304049379060985,0.6484625053685489,6,3.6396878040405074,0.3550719703125606,0.0003510359726973559
547,0.9418468907383172,682,6,0.00856710586915645,0.24946917043659736,0.5417251031561707,0.8042637990016164,0.6343053026888275,6,3.316625161173555,0.2431066940937916,0.9962424249121843
549,0.9418282495138849,680,6,0.00873560224432834,0.25099895790357574,0.5398973533068342,0.7960075076048213,0.6279018447210379,6,3.234267999724074,0.34992484638598964,1.6977102610990706
550,0.9417498701678688,644,6,0.007003217094538394,0.25238701048849865,0.5184866795878864,0.7928801089477939,0.6272957258716341,6,3.274872030031842,0.34888456056451683,1.8943630063020962
548,0.941949193615196,702,6,0.00879981026576692,0.24514828058066668,0.5189390933054686,0.832808515103732,0.6339115607445678,6,3.2528986612136115,0.35274547855361693,2.3064916192864815
551,0.9420887977261838,700,6,0.006928397626901934,0.2502203517427752,0.5165504785442818,0.7974201542764127,0.6380747637570197,6,3.464339424602968,0.38628301900397943,1.6580546773029887
552,0.9423787093631064,703,6,0.007063485639024204,0.2484012393092176,0.5414034804520644,0.7985788289020112,0.6334904216530195,6,3.2260443326533608,0.27587320319672903,1.883169355120547
553,0.9422074244588435,702,6,0.0070946291535667885,0.22771206103085678,0.5355220949420482,0.7960267045644942,0.6365830832877807,6,3.140467534818989,0.2559438759815224,1.7771261948349215
555,0.9414495650725362,615,6,0.007152496865622243,0.23008625763907165,0.538991247142969,0.7948182501710128,0.6253075750469211,6,3.0491100989481827,0.12220235907539019,7.706465890938953
554,0.9417616871303729,706,6,0.007184965694643876,0.2271161440047769,0.51986576196867,0.7901334752410755,0.6279415876676614,6,3.25052657257101,0.23396405071347146,7.464244538919874
556,0.9418734457688668,699,6,0.0072982664908409906,0.23275067714110048,0.5261636084926232,0.7949941284191556,0.6303586104001128,6,3.2015959402603498,0.2630422688199654,2.2188063634667405
557,0.9416759888443199,706,6,0.007350716244010832,0.2339946429246002,0.5283962910638066,0.7977871922499487,0.6253539955133487,6,3.46111782102719,0.12364859607738005,0.0005220205781298379
558,0.9414873839444977,606,6,0.006864780139743158,0.23126620344818455,0.5218487500259739,0.7945208103521442,0.6174970505274696,7,3.0489137988871327,0.2777910618233803,0.00033215428895643146
559,0.94183373480532,702,6,0.007114452047884808,0.22946542587994914,0.5167847766828603,0.7649334770513763,0.6695095571028906,7,3.429871798568859,0.26327619312768374,6.3675517740845775
561,0.941806623522804,623,6,0.007370957347364242,0.2263938689058583,0.5345657190411041,0.7684519898207014,0.6162537035220209,7,3.5366262580621894,0.11493595050609744,0.0005324888320918957
560,0.9423148082225854,709,6,0.007122964044023114,0.22958185162909242,0.5237645091458946,0.7890693891086944,0.6104650521945739,7,3.4114885439549485,0.1358094821347959,0.00033346703258291705
562,0.9422640139647005,713,6,0.007227626099154112,0.22861120670482118,0.5234198106415335,0.7806410630439431,0.607849835413323,7,3.042147004483267,0.1200288172274141,1.3789221417819733
563,0.9419079657431443,703,6,0.007682967998583228,0.2280189747704015,0.5625775396559791,0.7721081134554768,0.6745487008983454,7,3.465807947688002,0.12027960315916232,0.00032404267559110923
564,0.9420946889876284,722,6,0.007454299589680013,0.22855670296349515,0.5642588424804929,0.7651375518660809,0.6073315275348737,7,3.4601975501778193,0.1245886634229383,1.2871187981874683
565,0.94211333229931,714,6,0.0072745195149049036,0.271962355314356,0.5037529831995542,0.763060188650022,0.6715825880050434,7,3.472804942971318,0.1355644363486502,0.0003169074092436409
567,0.9422496015075618,714,6,0.0075615585363189575,0.2673159074451432,0.5626695387632588,0.7673856156513618,0.6092100499047557,7,3.8491238459757016,0.1285786922485991,0.000619037634886272
566,0.9415905545953164,715,6,0.0075302542810075385,0.27186288542711357,0.5605908186123714,0.7660580968672549,0.5515420971277127,7,3.4041080323998094,0.1549470351278733,0.0003445374811073925
568,0.9418752512396018,718,6,0.007430199664682795,0.26669623307175305,0.5619790139591502,0.7619155563518856,0.6694218936992038,7,3.8959692444623637,0.12583649200606714,0.0005410354881636579
570,0.9420325640963505,713,6,0.005721726981498263,0.2716955848165945,0.5638718216762013,0.7602261107786565,0.550195646401975,8,3.8719680144276776,0.15216657643259968,1.2644504494559157
569,0.9423089180047658,715,6,0.0077867831510952615,0.27095187272116644,0.5630205481902915,0.7665725249519362,0.6048042275191892,7,3.5663135635355654,0.1451778588190717,0.0006597854204872608
572,0.9415160752748131,721,6,0.005814014480816683,0.27654183326252385,0.4956630086831926,0.743106152288979,0.5581378105869571,8,3.774593184212222,0.15328667227678722,0.0006839488121272391
571,0.9421569391138703,720,6,0.005642422658954223,0.2737408435794137,0.5611237187931598,0.745222896276697,0.5520996470661401,9,3.6662539986963916,0.14320675951423859,1.168627770995482
573,0.9418579886434012,717,6,0.0057710318928391865,0.21795400192340295,0.4965979032010542,0.7389607481726451,0.5501979551569669,8,3.9235809706781737,0.15722343362506808,0.0006076968295699294
575,0.9421759518686967,723,6,0.005686678599123041,0.27483421839355493,0.5615153399510566,0.7460056578156609,0.587233815519478,8,3.5915605499791092,0.1560869964642528,0.0006524180361543615
574,0.9419691471976913,723,6,0.0057312408493828786,0.2696884577550508,0.4966439280905369,0.7423759128756293,0.5844136357924647,4,0.012956853477709751,0.17029832241771078,0.0007470434173345395
578,0.9417496207415651,679,6,0.005778751653994914,0.21735385395740464,0.49807746148707976,0.7501931886963963,0.5870918727836524,9,3.7671720062016165,0.1896971488360037,0.0006333117016686125
576,0.9414505325126352,676,6,0.005640078163510216,0.27066970344081187,0.5004771978844242,0.7470751750519989,0.5534849417360348,8,3.7525520871125595,0.169322081788825,0.0006588424051736556
579,0.9420014839090916,672,6,0.008374587485300792,0.216732961930617,0.49362777212216014,0.7389829437496361,0.5920502459324962,9,3.6586070867899267,0.08181518039093756,0.0006454093456793012
580,0.9419533362834518,746,6,0.006023331387167088,0.21963927415093415,0.4945104465389802,0.8095399782949988,0.5484186204605098,6,3.733645110834882,0.08544994666787571,0.0006784226202800983
577,0.9419508701982802,744,6,0.005637654648393498,0.26401945792711645,0.4932634344917688,0.8574188733900399,0.5828077933351868,8,3.6100920336181597,0.08327725872733768,0.0006259710805188238
581,0.9416013007988759,745,6,0.008849931566995591,0.21715520710876912,0.4976151251247374,0.8667196688022847,0.5906157655084626,9,0.010133190120657208,0.08568309271751988,0.0004842597792598167
582,0.9416423736926591,681,6,0.00868732611741999,0.21711151310158233,0.503231482068573,0.7402738674519962,0.5958416251585817,6,3.6434370289076625,0.48657965126890135,3.164265032931658
583,0.941694844011816,675,6,0.009144583282072967,0.24889651834560383,0.5461305746661134,0.7376904479763216,0.5871184696693178,6,0.0006636897706848285,0.21431197388664494,3.8515145757847407
584,0.941777030500746,747,6,0.009011887558961778,0.24507028689034865,0.5051519441241445,0.8139825532213066,0.548774045173702,6,0.010431654349041197,0.08964284818695398,0.00022799846560187174
585,0.9418097283062934,681,6,0.008443589636717477,0.2459576815908066,0.5432331682173693,0.849719621760229,0.5870930226725107,6,0.11308642150501744,0.08729501445039195,0.0004320384856662103
595,0.9399512090840935,152,6,0.006133671630988419,0.240358651979943,0.5429756849693207,0.780674844752256,0.5652410176816698,6,0.16955434345700762,0.2268317012496105,0.00016669115130338197
586,0.9422185693270393,742,6,0.00887156699816942,0.2436960250943832,0.5456392378217426,0.8645756048953814,0.5137385346795796,6,0.1722575970944332,0.07678328840061296,4.748527716661967
587,0.9424802926607532,745,6,0.008806147885458018,0.24528276377354513,0.5477783735895921,0.849150340045147,0.5152278962279336,6,0.09797751881470677,0.08007393990751441,0.003157727430420025
588,0.9425701466603706,747,6,0.008994144941482474,0.24974864023366317,0.5434788238544969,0.8093582362130282,0.5726455871227863,6,0.003058258414540907,0.47813651836747045,2.9264520294029137
589,0.9423630633415698,740,6,0.009245745814061238,0.24727186590586822,0.5417016098244818,0.7811144155558596,0.5722864996666381,6,0.09413897973863489,0.08666604741816901,0.002809810787706315
590,0.9422922408820232,749,6,0.008990349831443274,0.24578225064381826,0.543850306463708,0.8406467617314525,0.5746183067606021,6,0.1039269150609526,0.20210443844808978,0.00023134659773269182
591,0.9422650252370369,752,6,0.009260585694339591,0.2458371341436019,0.5352752755965209,0.7810435103332289,0.5102882073350912,6,0.17149248536366887,0.4826503142525025,0.000971231798023224
592,0.9419969232691427,650,6,0.009084439688163736,0.2483971552070564,0.543480935526848,0.8487142963613111,0.6558931707510541,6,0.16540570897973517,0.20108399690834683,4.065926159977005
593,0.942098570227896,746,6,0.008285760691695161,0.24431190574893408,0.5442850600017424,0.7848159868201595,0.5166852728260262,6,0.1202591784196708,0.21294775544161684,0.0009223946541472839
594,0.9417471327402748,645,6,0.006755835959510234,0.24407128214103113,0.5435440804314203,0.8446466135421263,0.5241142591875769,6,0.14328718576428914,0.04208307031821705,0.00040135914319972546
596,0.9418511565542877,648,6,0.006779811880308915,0.24054272137628313,0.5789467169581864,0.7806094228634449,0.5225838014014428,5,3.344829142359325,0.04067433120383797,0.003219214506976895
598,0.941618263874787,652,6,0.006697799949910323,0.20099572505933413,0.5730486636140893,0.8144104833037425,0.5667913537148461,5,3.370417232302783,0.20042754518836609,0.0009471856197807753
597,0.9416963739656297,746,6,0.006598928943120268,0.20140350617922603,0.5850013496916059,0.7784716818586994,0.5180289763877393,5,0.1784991071288362,0.03945413872031294,0.0009259421751306644
599,0.9422574036458361,735,6,0.008303991086508661,0.23609810189484037,0.5732406076656914,0.7844527410831434,0.5597379377002896,6,0.09567324142158463,0.212245249376638,2.733642781195029
600,0.9419472112500739,759,6,0.007984562443053466,0.20301220186415675,0.5768155936805024,0.8180780283104818,0.5457944234023875,6,3.357473922031758,0.4627744379665442,0.0012748064796961722
602,0.942282391152083,731,6,0.008224381632981453,0.2034950050947163,0.5866706303644639,0.8161524336369578,0.5455697836140702,6,3.33776733871295,0.04041514444751348,2.5654253272551992
601,0.942059799570206,657,6,0.008034630171770338,0.203922530909675,0.5860100795728753,0.8078266263325315,0.5617585424025856,6,0.1975610734777597,0.19620579617473047,2.9711661650456973
604,0.9417870430361397,693,6,0.00805390282831043,0.20043428999725577,0.5852572628966795,0.8109711001366955,0.559062894397383,6,0.26297759215225447,0.30875782908846955,0.0011982852715837094
603,0.9421988093369261,734,6,0.00807677916728759,0.2039754453238922,0.5765012981367214,0.8129086851631118,0.5553644269134345,6,3.3436590624912754,0.27910287857881544,0.0013948346150625482
605,0.9419796324950752,691,6,0.008273827654793063,0.21515785171119395,0.5840628934482673,0.8173436073558618,0.5567361472698923,6,3.3518358017526713,0.19761188355805437,2.8316684709249307
606,0.941792710961898,691,6,0.008039709995693175,0.20081402490517786,0.5832892048134322,0.8154190844626005,0.5552119620195134,6,0.0026836913384734244,0.11401015421137355,2.3452524167721776
607,0.9419291221031092,696,6,0.008259403521433523,0.20021191531694718,0.5732569536288784,0.798867438196013,0.5485490938306911,6,0.010529337682727652,0.11356136018391139,2.781430076720024
609,0.9417181992890284,697,6,0.00799032736198756,0.22208144886276898,0.5859216512057192,0.8135059649565519,0.5441676988165728,6,0.2668978268778543,0.11188223948861659,0.7230736872342541
608,0.942002860450074,731,6,0.008107261843257782,0.22328611904409765,0.5798163786289171,0.8160126152702833,0.542741766056422,6,0.27184210668384245,0.11122200109147916,0.0017602683301663723
610,0.9420762784042553,689,6,0.008100209588867712,0.2192032877332855,0.9426963561889957,0.8044898463980102,0.5446425364980086,6,0.23209874476641323,0.11984504673365531,2.5451870172114965
611,0.9419245186745474,694,6,0.006285039021859977,0.21783492103007,0.5287297139933428,0.810957676091625,0.5664953432413478,6,0.2851883319568191,0.6021466882308655,0.0014144600919144994
613,0.9417679707947053,693,6,0.006205303492918548,0.2237690558439189,0.5225814631267819,0.6080107836400072,0.5765336740697637,6,3.5235142828278123,0.11604891299260083,0.0017099153754072754
612,0.941563031081043,730,6,0.006166502335293812,0.22372013921532766,0.5236157628208512,0.8316259687523024,0.5384843769303667,4,0.27782270943630755,0.2915067327984769,0.0015423093158887652
614,0.9414700503818174,761,6,0.006149021706541939,0.2213338945174038,0.5224691378435168,0.7631877746925946,0.573826430331929,6,0.2760822838273081,0.11771872163946125,0.0016832133908020628
615,0.9422816366114233,761,6,0.006183281653084108,0.28565087101646786,0.5257638401459618,0.7626889269274993,0.5430613007631915,6,0.013990620700008935,0.11603268876614399,0.7737454907002302
616,0.9422875289164923,764,6,0.006380379086379088,0.2225193405438645,0.5206998987173312,0.7577172302322017,0.5782623749913202,4,3.5240726355158554,0.11126088189764126,0.0016215857257306967
617,0.942444961790082,762,6,0.0061267629550961255,0.2257583998402266,0.5205881003669083,0.756719347840681,0.5839141677572063,4,3.551357758576398,0.11026351317796056,0.0014587711011028954
619,0.9426482880599545,761,6,0.006768087998666279,0.28781904793129637,0.5253344190633328,0.7744061486292749,0.5722896943557167,5,3.5421129290218003,0.6661959823702212,0.001570905172243645
618,0.9416097938167033,761,6,0.00649962488186886,0.285832454189517,0.5220486464651863,0.758734051694136,0.5798576767276533,4,0.3105366293630499,0.10852099219567021,0.0015958913120497245
620,0.9423421167501702,767,6,0.00616475912229273,0.2292380890300642,0.5262850165681069,0.7593798429005317,0.5772295974603119,4,3.484527754252348,0.06864765051047125,0.0015066477801576005
621,0.9423064853155847,763,6,0.006187942578915546,0.2606110674938287,0.5204387910423498,0.6032576098285551,0.6017141649404051,4,3.514165330076393,0.30046837579004027,0.001623908273964505
622,0.9423186957246015,761,6,0.006056505568969742,0.26125041286765005,0.5556672230866261,0.7571881050097836,0.6034849969797688,4,3.114778950059157,0.06998804224975906,0.0030401793255928275
625,0.9423347967665083,760,6,0.006906257317911266,0.2319858353478571,0.556877891126469,0.7556141096439423,0.6031099621321835,5,3.570014461618954,0.07145459096824808,0.0027750906338805076
623,0.9416837398449838,756,6,0.0068432398609235175,0.25950977662908886,0.5521157181203423,0.7608102104468616,0.6026873129979496,5,0.42547162772821046,0.06835102922473667,0.0012270158042754782
627,0.9297852900805997,800,6,0.07141824262313265,0.2576093484977356,0.5586158778928101,0.7814187775590924,0.5973307916442969,5,3.1244751096581256,0.06806384754312479,0.001080400075080865
624,0.9416276377118628,766,6,0.006835625735375397,0.2540304214898167,0.5530059030518166,0.7551463478585336,0.6027892440826396,5,0.4322433406571057,0.06762379983137562,4.993357232695474
626,0.9422904354112882,760,6,0.006853116689154075,0.2626076665196283,0.5533846247725612,0.7819995749375447,0.6028054163765129,5,0.4409472910601406,0.0676317778088179,0.001039147249231535
629,0.94174974388928,726,6,0.005402230703552105,0.2600371635837069,0.560724380709348,0.7830327140556883,0.5962166375888518,5,3.466476669037183,0.4480561902222545,0.0010778955748740415
628,0.9419235700196931,804,6,0.005423928104607874,0.26415119546914834,0.5540377262881764,0.7770343145558486,0.6033254824213471,5,3.119041803633605,0.7093763523275768,0.0011234396956828051
630,0.9418175507952494,802,6,0.00548957475156117,0.2599354983925143,0.5595458066523881,0.7806370288620101,0.6011280827673062,5,3.612842434661618,0.41339763828794013,0.001106623292157349
631,0.9425812007332173,800,6,0.005417673836706198,0.26182578094851094,0.5466516068492799,0.7818205317976837,0.590428459452661,5,3.1559113024351086,0.15836720526173315,0.0011488307747723678
632,0.9425473591149963,801,6,0.006888760715805711,0.2586912654015801,0.5610227165360769,0.776350633476977,0.5973429587494911,5,3.6670610838255167,0.7067217142122652,0.0011118229978435562
635,0.9421026163608668,801,6,0.005425558149889439,0.28878374826720166,0.2702352645719321,0.7791742462811782,0.5696583870347672,5,3.650370590110972,0.41167351923762413,0.0007689359526010836
633,0.9418535824599081,800,6,0.006890455209132651,0.2549534469240532,0.5538680938727017,0.7764464789489176,0.5884765228330648,5,0.08274293884731171,0.16356186905375666,0.001086184696752561
634,0.9415551517145408,801,6,0.005355602571936712,0.23569535915668843,0.5075026141732135,0.7759046209161683,0.5921038763976744,5,3.6300897541802164,0.7198179550179871,0.001159712790726052
636,0.9417155411769118,802,6,0.005414867465760881,0.23191020792206993,0.5081820308068704,0.729158822619901,0.5615537913986087,5,3.6709743448711145,0.6538357513588915,0.0008494274635181768
637,0.941946811541813,806,6,0.005367473581078766,0.23436458932775103,0.5343743982092178,0.8910023819870179,0.5719396342819728,5,3.6282930088858625,0.6188341515616418,0.0008407683945285619
639,0.9421225600289276,817,5,0.009582167301193366,0.23618084385880184,0.5122253485529185,0.7960363343013652,0.5656840062892662,5,3.6591091214538665,0.714205007137573,0.0009225664052233768
640,0.9424138231598397,729,5,0.009544511724370769,0.28581166690797943,0.3016374090836615,0.7316539751402856,0.5642285769650357,5,3.6982845669003375,0.16631518602103068,0.5432142494233516
638,0.9428207720890004,807,6,0.007480459814697638,0.23641008870033797,0.5089596734784777,0.7880455882493641,0.567072407473255,5,3.6457083411781714,0.7136111556856881,0.0007962556683205962
641,0.9423301129788445,818,5,0.00928380669910443,0.2373150656025698,0.29162828950031827,0.7962602435595825,0.6227817402871,5,3.3072942477488727,0.17156382581151694,0.0007972273683457146
642,0.9421022072599836,794,5,0.007405284907845278,0.2894055899341781,0.5376912689551112,0.7853667260761712,0.6243764342037981,5,3.71830752986582,0.7276180337983934,0.0009958031506188713
648,0.9411286285604639,356,5,0.009641015652189175,0.28827876965165683,0.5368953727996004,0.7965940814280092,0.6162625543016953,5,3.4473188104109447,0.26402447140730634,0.0019789759706118236
643,0.9417480417373906,822,5,0.009416767295823707,0.27656083759979916,0.5438800978438864,0.7960701178280901,0.6192417435267017,5,3.255298828902678,0.5137482822194981,0.0008680807497624879
644,0.9419805968043,823,5,0.009758332054436752,0.2892531176444006,0.5355413766458206,0.798334859410568,0.6134220544226376,5,3.2205094725673638,0.23587150561746506,0.0008049357987357217
652,0.9399395413599219,270,6,0.007456555265113007,0.2784955432695014,0.5361357687792615,0.8335559671391319,0.251752241506357,5,3.42172595767804,0.23710902773125073,0.001923911013779779
645,0.9418399735937903,819,5,0.00953934609169516,0.2760101570389592,0.5382811768868149,0.7953249486981405,0.6216199398342057,5,3.2198672332743707,0.7759624479377191,0.0008825619432926843
646,0.9425177994889287,726,5,0.009748940996747283,0.2977958398026944,0.5338618854439758,0.8881754252528045,0.6211344222411251,5,3.2557874133715994,0.5078373976783553,1.5274240956526777
647,0.9421535108067234,818,5,0.009358043698166733,0.29217153198168505,0.5342291979320736,0.7958496467732031,0.6210178210012802,5,3.202143001012137,0.7998243105849008,0.0018952066560923996
655,0.9401617029684214,255,6,0.0075151429652042375,0.24194104968400718,0.4770869657474106,0.8297810602599451,0.6469058628256753,5,3.4023942429907548,0.999053670934041,0.0004718447444229309
649,0.9422345106943668,713,6,0.007463058423808031,0.29595200527222587,0.5327172311043695,0.7976782050678237,0.6151293069265844,5,3.2366989963282515,0.5916683877146023,0.0018980216860900031
650,0.9416095976152592,712,6,0.007551066755240371,0.2909130939478743,0.5350765123769908,0.7922769120634271,0.6188095090917426,5,3.2404985556062016,0.5412986927084875,0.0020265836870653185
651,0.9423598907224748,713,6,0.007471118104399564,0.27654419611564346,0.5371903644126909,0.8015433232399642,0.581030609977093,5,4.061789746514445,0.5643568831632048,0.00045881738064088603
662,0.9387947622897401,198,6,0.008723718983150669,0.2492190286632206,0.506566173185118,0.7746457519486092,0.5884785344785352,6,3.505123885003341,0.3182484945399922,3.709748667107732
653,0.942721277084383,718,6,0.0077438691755717295,0.2791949613129755,0.5339403358746759,0.8328345085719265,0.646221555716938,5,3.465554033946666,0.2253273889000245,0.0004813881733683697
654,0.9418475482218795,729,6,0.007668230598716055,0.23864548672022184,0.5119020330996925,0.7995121871915809,0.650414574417449,5,3.39062235624171,0.23060479601163283,0.00046595295179687255
656,0.9422364586198736,713,6,0.007543542076105216,0.23881046377122742,0.5107807399077139,0.8338168684745606,0.5752875175247684,5,3.80436910782285,0.30412160343581135,0.0004953592759116124
659,0.9417617800129714,583,6,0.007459630545165083,0.24349051677442543,0.47763347081183366,0.7725811507928908,0.650595698642521,6,3.4169457358455118,0.3058014843490021,0.0004829240945637192
657,0.9425500297506094,718,6,0.007718726304053818,0.2489226447616653,0.5114920222690253,0.7899489271244282,0.5814064826604809,5,3.3496651576143734,0.308561835639926,0.0005222069216670192
658,0.9418890458709166,738,6,0.007589594053668124,0.2420175999201948,0.47868058187022317,0.8375796603117094,0.652190892321413,6,3.818080123148589,0.1605971697096108,0.002721104558411759
660,0.9422523775492699,713,6,0.007465576624257397,0.25217656469352373,0.5124147154922885,0.799645007982854,0.5810707863830692,6,3.5332728503180952,0.3246852388207281,0.00048801746407388743
661,0.942046668684202,739,6,0.00872347120626223,0.2531654700336501,0.5079365020490855,0.8294059016460088,0.574643542823427,6,3.5561330915451945,0.21840096462750802,0.0004973800881692002
663,0.9417571504937922,734,6,0.008224192794362657,0.2504988237778546,0.5061506082919789,0.7694378892376849,0.583325859362645,6,2.9952445405398347,0.29287238374544705,0.001324063180008222
664,0.942054327845892,739,6,0.005073621042283004,0.23370070598556403,0.5102496156732267,0.8219158254831238,0.6886504544841037,6,3.4928317526784927,0.21502123876520948,0.0013056642709950346
667,0.9409802793962833,736,6,0.016959547412091786,0.2151314263253333,0.5095349356591828,0.8456594229663558,0.5127058347329025,5,3.0002015083291913,0.2106424193536081,0.0012998199871655169
665,0.942204793480969,738,7,0.006872381982449658,0.23449097197690494,0.5183599042047743,0.82576624732447,0.6982701366667483,5,3.5402005426939316,0.297981473780767,0.0013105675329795536
666,0.9423186644158603,741,7,0.005035198984020318,0.23142569500742266,0.5161615527710766,0.836921705806522,0.5094393554617287,5,0.004143883093277909,0.35444562835036353,0.0026451243586382107
670,0.9419741847741292,736,6,0.006759243683952963,0.21574141452270634,0.5111229791386082,0.8227321613418914,0.5273287892376003,5,3.538430543167181,0.39027361709225294,0.0014402129918274814
669,0.9421601430417063,740,6,0.00500993000745133,0.21509797401457564,0.5125047341575696,0.8082265427742575,0.5076100771345969,5,0.008870565887432607,0.19378304860150714,0.0014034510844470752
668,0.9412696243449924,737,6,0.006884263411008873,0.6218589031805567,0.5137392582927517,0.8250773250771378,0.7014516838036001,5,3.53848754903885,0.234830999406221,0.00283546093439672
671,0.942270027330235,786,6,0.006838358600160173,0.21493326015471292,0.5172678520553685,0.8235659723154326,0.5261117410391869,5,0.08694325015234296,0.1768761658513399,0.0013286557812340089
672,0.9414335172554891,740,7,0.006803625813460989,0.21882390441696042,0.490805568724023,0.8256955579000447,0.506954499448355,5,0.08379641750412707,0.4103494186943961,0.00010531085110966622
673,0.939404351827344,783,7,0.017133798180308628,0.7390165602063611,0.5249476565328972,0.822237298278212,0.51225149157624,5,0.08910654161797958,0.2089898982741247,2.063923590752251
675,0.939087729659791,783,7,0.028286249557698737,0.21560355989520363,0.5660060085108475,0.8233060521150994,0.5378518899120868,5,0.08546091750891821,0.20088733146055318,0.0002690142771114675
676,0.9417161892678519,784,6,0.006801356963561278,0.21592236097226514,0.5655927318664095,0.8630956218382075,0.5282458131062827,5,0.08773176144015617,0.3893872221159997,0.002488608867722696
674,0.9417698555809177,785,7,0.005001889592752602,0.21661677164617094,0.5668537648450404,0.8276010708976655,0.7126372764314681,5,0.09828651832951618,0.4038893851282107,0.0027498283804710546
677,0.9421324118461172,777,6,0.006805859341901849,0.2703490067757722,0.5641659818745046,0.7756887594139429,0.5305316581867308,4,0.0028378444677872763,0.17904298518816333,0.0007404272667213758
680,0.9418917436407719,782,6,0.005914792984227446,0.26502627028044434,0.5590583901936478,0.7759223834581874,0.5323341259927723,8,4.322032277737987,0.17022500948973782,0.0008086977330148349
678,0.9421938844719561,778,6,0.006834674702466072,0.27162111614432605,0.5653627426420835,0.7747023102730412,0.5423781758738654,4,0.08607587884651167,0.17712171046491318,0.0007411246551993212
679,0.9424864490028719,781,6,0.005905158239212878,0.2656307296156068,0.5670076859974712,0.8653625504357254,0.5371679378976523,8,0.11042635184603491,0.004417674334852718,0.0007148481345344723
681,0.9420284344734036,777,6,0.005976670937228804,0.26862116691581867,0.48557085778436115,0.7724466481367755,0.5426755293500433,5,0.11208483363204234,0.16110255001740328,0.00011624461056954191
682,0.9426005777130648,786,6,0.006012372799151869,0.2670501391288855,0.5653747027286243,0.7673494542193504,0.5418689764350705,8,3.1239882287828724,0.02978556422951898,0.000738482115495235
683,0.9419895850220484,782,6,0.005865407739849011,0.2755941268479411,0.553948825127778,0.7762173285018243,0.5333890186168566,8,0.14526947046245253,0.031508364580197734,0.0006947928403440521
686,0.9367312000350324,701,6,0.04023649410785375,0.26672151945005035,0.5486913634781885,0.7376927838166338,0.5524242116770323,8,3.352268475016278,0.15184196669290265,0.0007390246869862409
687,0.942103588497277,700,6,0.00595760756185904,0.2663936039498561,0.48405014485299963,0.743706311399045,0.5596950561307893,8,3.116998452472914,0.1561267545647087,0.000829367371484654
685,0.941517197171368,706,6,0.0058002062498726924,0.2705224132313309,0.5510818084415976,0.7724556176384979,0.5512925221484833,4,3.3372404191216103,0.029697461943776794,0.0007097798670644018
684,0.942260113939188,779,6,0.0058278125776162525,0.26757873285806016,0.5604178746022084,0.7712584288920554,0.5566992663853281,5,0.16845902068294638,0.14705005099684576,0.0008274371608071902
688,0.9417177734901501,707,6,0.005892559049482369,0.2618038460643671,0.5467387256566689,0.7391981512428265,0.556063847204167,5,3.143904786918017,0.15061975799138858,0.0017710631875030647
691,0.942125528097581,710,6,0.015322626011216837,0.23077852616416147,0.5426095907043381,0.7513939621353954,0.5576215239398329,5,3.365561853901097,0.15173675608660372,0.001057331938581526
690,0.9413884222321034,706,6,0.015022666500425823,0.22735507095698754,0.5478851546180838,0.7484059769722752,0.5620227718729615,8,3.329391437943037,0.029536756111359593,0.001936256886959218
692,0.9422496025511865,757,6,0.01524334262634188,0.28105124725660013,0.5507509095785287,0.7412323888597532,0.552940758396833,8,2.9139682569886727,0.03116936738926015,0.001962698568744884
689,0.9416777786606844,699,6,0.006060017079952281,0.23265461023133405,0.547835809495131,0.748763334211119,0.5579786671067458,5,3.123367262964244,0.14974117192494157,0.0018366665295741784
694,0.9415548532378759,756,6,0.0055827704446030175,0.2903725614276029,0.5943306079219407,0.7353144428374632,0.5650435246030803,8,3.136207259852789,0.028091163514554762,0.0003924817445602539
695,0.9416628339549475,760,6,0.014842348967124113,0.2914498522761524,0.5310309624086449,0.7346265642651044,0.5555024828877237,8,2.9846213812481914,0.03272125144556222,0.0018608193437648014
696,0.9409788715465597,759,6,0.015112356173588654,0.2855074520487135,0.6018141409737319,0.58348516369167,0.5614515471990948,8,3.131730519091996,0.03570279245646089,0.00036318216713976663
697,0.9416574164991178,843,6,0.014940084218266382,0.2863425492939563,0.5316647722380369,0.7495889193903682,0.5000478759211967,8,3.151810710548429,0.03184636502697022,0.0016671869164118591
693,0.9414933367797996,841,9,0.005478152730630603,0.28445906542319105,0.6121161453782417,0.7480079898903156,0.5607832250676394,8,2.9476289008999434,0.03386510768022477,0.0003651201037914245
698,0.9411629439842999,838,6,0.015431191444705889,0.2865029253468094,0.6059564384921581,0.7140359550723339,0.4997942557519121,8,2.8227948259374007,0.02643784323196397,0.0003608715297188969
702,0.9269115327480144,757,6,0.10651856256687924,0.25485598676603655,0.6027429683747797,0.5890914500503552,0.5995665321820862,6,3.145718389228001,0.045022074255730536,0.0003487918854501244
701,0.941799353633128,760,6,0.0063607069366797405,0.2937557457300514,0.608381064047903,0.7130051790139069,0.5049446083752359,8,3.1821829339170495,0.04481555451325657,0.0003500337902068315
699,0.9423426041229062,844,6,0.006332523778719619,0.29855923011687685,0.6058984783693346,0.7493269405399438,0.499461649587777,8,2.966481007544559,0.026977712050377495,0.0018642499253945129
700,0.9423277961320053,759,6,0.006233899230027659,0.2848702368446068,0.6004941841067946,0.7146008503644179,0.503223444155968,8,3.2614501860173903,0.03514041714470747,0.001077141863307483
703,0.9413220904896505,755,6,0.005445018073184103,0.25569678470445395,0.6043455442142158,0.7903083889322129,0.5101330222282014,8,3.2658333554125605,0.039863182674912734,9.178846856541544
705,0.9415378661585967,846,6,0.005496751089658036,0.2534017843489913,0.6105360557198737,0.8086792361494767,0.5174746413970908,8,3.2666635527288315,0.04568499950508928,3.457966403016116
704,0.9424762590512789,822,6,0.0063436139440304715,0.25326818141071655,0.9746756815681287,0.7144068634732191,0.5171514855477473,6,3.453823225610595,0.0370887905415386,0.0011128649908830625
709,0.9419759338891304,817,6,0.006336886275426332,0.2516205933392855,0.49486770055741786,0.7881605662958894,0.526323745560597,6,3.266173479630522,0.04794701567332861,9.49334759934535
707,0.9416704545025236,800,6,0.006403951245082099,0.2510172637795327,0.4954049366708099,0.7138968949481803,0.9755742137066673,6,3.436257505864352,0.05009155330979966,0.0010605458098417292
708,0.9414122293988119,797,6,0.0063733368136604605,0.5797738597309694,0.490538352099705,0.808297830890862,0.5236961791451062,6,3.2487894458396824,0.05223136327740634,0.00108126952975978
711,0.9420841807305009,813,6,0.006450137406396035,0.25459687673966547,0.4933205464298777,0.8071146263494506,0.5203645468861718,6,3.7527658762604275,0.003636928829574062,1.6076476681558407
710,0.9429136557311286,799,6,0.006284498229034982,0.24475663889126015,0.4967962899022855,0.8082853446219164,0.5874040514008829,6,3.2746319386689238,0.004522239316169608,0.0011476478551077872
712,0.9422880340308483,813,6,0.005466159655634506,0.2516145680437522,0.4940192260966516,0.7977341364078745,0.5229213399830023,6,3.406754051552074,0.0037510215558732934,0.003586733504114188
706,0.9412394197588589,816,9,0.006404882015119033,0.5874145804220909,0.6044287238402163,0.7202598281455992,0.5211903290171938,6,3.2780069089588295,0.0455024363006468,0.0010754592035360883
713,0.9417507081985048,814,6,0.006486975793840359,0.2466432470989651,0.5251868233122171,0.8096650283945453,0.5895563321243266,7,3.382048640603342,0.9120270195523292,0.0011553887054740533
714,0.9418920609026815,798,6,0.006401758153608268,0.24087951581769723,0.5279616473477423,0.7906459124416217,0.5942161074022608,6,3.4358953090738495,0.24271537746349464,0.0033197769296796895
715,0.9425526659466075,793,6,0.00862715725209494,0.2384841620685666,0.4958599211156589,0.7891048555045035,0.5906713501763897,6,4.010308479016319,0.005615357433975392,0.0005918179990191086
719,0.9419119826546236,722,6,0.008642505719982896,0.23758209169328834,0.4657475015634332,0.7880422690483028,0.34699161853523114,7,3.7296048436446654,0.013214383767135622,0.0036225962785456094
718,0.9424894609037627,793,6,0.00875147927585153,0.23189844524641404,0.46871771247405947,0.7673102742322386,0.5934992892599935,7,4.014686438561464,1.0254934796661497,1.688864541105675
717,0.9419813555194587,800,6,0.007250528183955193,0.23535665383959944,0.46890241196960897,0.7630816660612724,0.5877532587662516,7,4.022472929597657,0.2591679085710991,0.0013805556562696965
716,0.9424888295108177,796,6,0.006853333479934535,0.24035682977648182,0.522551682246562,0.7630128198183493,0.5853247676543736,7,4.9817453604363795,0.00018090339674254826,0.0035435373247967
720,0.9423460345173027,794,6,0.007105964970032709,0.24117402955016046,0.5243997194153632,0.7935507391361062,0.6010322400051415,7,3.4057577213829666,0.005104224167198165,0.003338353469579431
721,0.9417531815890493,797,6,0.008526993530223483,0.3106073687044923,0.5270164767034082,0.8089584131717862,0.6385550193319192,7,3.0491943158096086,0.004017356484147746,0.0005896295495092461
722,0.9427628571797717,798,6,0.008712524539032816,0.2359213114252076,0.5289087823025853,0.7902944905986355,0.5903770641055849,7,3.4173147527916496,0.003153139262987991,0.0005502531240166338
723,0.9426671547073224,789,6,0.008668670498195532,0.23706125278665513,0.46791898980502056,0.7909560130394553,0.35319708493975865,6,4.019146400948028,0.00498660723375977,0.0005805594912543453
724,0.9417740833045867,726,6,0.0071682415885759646,0.23139472360821997,0.46299482691434346,0.7635014414803999,0.642107337253515,6,3.95835062574145,0.005589846003902671,4.996538967709327
725,0.9423395421280295,724,6,0.007287100093649012,0.3163010034345039,0.5751055472870732,0.8469552690571752,0.6094835751756741,7,3.572461128416745,0.004450914693003005,2.0312272398910602
726,0.9415961880814594,722,6,0.007066992424019584,0.313627169190461,0.5308784309118088,0.7600963275863739,0.61032506805131,7,3.587701791228056,0.004212762508740078,4.955030949901897
727,0.9420420642120154,727,6,0.007149893741589795,0.3093015656306358,0.5775408583801286,0.7628167650603835,0.639358797949325,6,3.0523423727821286,0.004588713075915832,5.460248553900286
728,0.9425243190124439,727,6,0.007271145399030221,0.26471856603433225,0.5743048063340213,0.8053080620399079,0.6635127246847647,6,3.623050166486626,0.006737991595892109,5.625723252491162
729,0.9421278699914127,723,6,0.007187977427028556,0.3140447094809634,0.7195124226937997,0.36004835110697087,0.634983257101667,6,3.5783623931409116,0.004241583262146221,0.0006003887802130246
730,0.942831493245567,722,6,0.007745775210917007,0.26584737673513537,0.575762322242317,0.853355837247583,0.6113561678904472,6,3.056436687743204,0.003079117355756318,0.0005759579247890098
734,0.9419560507513023,679,6,0.007892380450388469,0.2652143461573003,0.4336194934019777,0.3639094351044697,0.6664430729917744,9,3.5456099259891953,0.0026253117124667032,0.0004960782610085896
732,0.9424518225788747,773,6,0.007861831565440978,0.22618179781034042,0.5770001955188733,0.7646953131681411,0.6376469899664334,6,3.636052823937295,0.00339739295763878,0.0005786927024795407
731,0.9421925601122089,722,6,0.007500286955231919,0.26446813406777747,0.5740905385954616,0.8560472143387852,0.6598817533862839,6,3.5673849175848016,0.0030062936304174324,0.0025660295088276884
733,0.942297682341221,828,6,0.00819830339962155,0.2664893828361979,0.7199023156938112,0.7657173266778919,0.37036896429489674,6,3.594960791773522,0.0029868348274992725,0.0005457371291977553
735,0.9418417414940361,826,6,0.0077222415288598556,0.2626996736469947,0.5754233063245415,0.364491226887909,0.3061811580061068,6,4.22109255872554,0.0035655527904395567,0.0005577935807928772
738,0.9412957984525259,818,6,0.008375045328745561,0.2631544778384165,0.44169995123736294,0.7911799982126291,0.3795312588617815,6,4.387662698150709,0.00266190267587568,0.0005039778037913214
740,0.94209433206798,678,6,0.007923727626936805,0.268998692128893,0.5703198381503759,0.8423122855397086,0.3216072504352531,6,3.886917467847538,0.003893235482055338,0.00042426456431564824
736,0.9425328767350025,829,6,0.00850169770693225,0.26496826253794775,0.5801300100716048,0.7913156690427446,0.657377562415203,6,3.3369874082457835,0.0034538057430704805,0.00026851911573154733
737,0.9415886750272277,829,6,0.00822893847732455,0.2642613552508181,0.4795843447913947,0.7769917068034687,0.6176259698647886,6,4.420303980520067,0.002598663286361889,0.0005602211000211177
739,0.9416912852515813,819,6,0.008073722983522692,0.26478789680701326,0.4781714023514937,0.7843121059732172,0.6186867472087529,9,4.236235456009303,0.0033039322424016316,0.000531898231837281
742,0.9414994075446927,674,5,0.008183324612161995,0.2776729244602465,0.4428754519029804,0.8775431257471594,0.30808686771222904,6,3.8580697417035235,0.002868676932790103,0.0004135552279551235
744,0.9421698560568107,682,5,0.008645375193414934,0.2162283156679167,0.4486955876518941,0.8339898503197288,0.3263430592341108,6,3.852534187223315,0.00321075879755155,0.0002705228947118956
743,0.9428673574084613,692,5,0.008434922659497723,0.21498692051800156,0.45012116324803436,0.8355933078590982,0.34392838199845244,6,4.354023098303356,0.002594167324321983,0.00045720752466260904
741,0.9421776174937214,827,5,0.008240587567403177,0.22641491365095814,0.5925197269078213,0.8478144269833221,0.34354341392686144,6,3.9131440102514956,0.0031778410787994854,0.0005738673109959175
745,0.9418813282662433,749,5,0.008840836273358054,0.2166435891473309,0.5842202525744313,0.845978649619528,0.3136252239092733,6,4.422670634755507,0.002365263960074885,0.0002914308152448503
746,0.9425661537522597,678,5,0.009153957803510486,0.21353666757942988,0.47535358196728433,0.8408240289721465,0.32854823164360825,6,3.3081031630284854,0.0021847742785126396,0.00039641642639233775
749,0.943204469059794,689,5,0.009295913585400238,0.22008455020854428,0.4754234567268939,0.901417208599502,0.2610596001888143,6,4.77176065997316,0.006970195068154891,0.0002913568926315052
748,0.9422222251443714,696,5,0.009396973875044467,0.21472995844932677,0.47823585150121073,0.9047432019612092,0.345972772741647,6,3.469175059147679,0.002338270965065851,0.0006394025527863654
747,0.942430476279214,688,5,0.0090668160028678,0.21976133521650104,0.47334892295030356,0.8796380055822441,0.6164201141208207,6,4.127472644487684,0.007486710138153657,0.0006228882293912484
750,0.9416303219145972,699,5,0.009638731237438284,0.2195291886451831,0.45965899638807134,0.878601613874324,0.6113607212453951,6,4.13066841886132,0.007416094395384508,0.0004122139204242286
754,0.9416908876305696,687,5,0.009353765846056353,0.23675279749419353,0.47090850186128713,0.8489070069386127,0.39651805784779065,6,4.40428835305679,0.002108231465257267,0.000429435034366788
753,0.9428609693816584,697,5,0.009478335830061845,0.23185426284342858,0.47192218487327614,0.8482814820340964,0.30265235804702467,6,4.114830347732482,0.005735515595905756,0.0003050931704737055
751,0.9420817981353057,687,7,0.009273026041585745,0.3369111109296485,0.456268030623671,0.8153190898060477,0.3438305836330011,6,4.74485977660288,0.00706659560550278,0.0003017175299000552
752,0.9423848646616007,694,6,0.009292071981114201,0.3412491365900935,0.5959531966222824,0.811704217767144,0.3553010118003059,6,4.1340444072954305,0.008182985659325561,0.00041424071261877244
755,0.9417304691846535,685,5,0.009096101249198922,0.23789127284973383,0.42468094237341103,0.8408572278123343,0.3323032399999859,6,3.313948244119099,0.002181540978008279,0.0001950166273592853
756,0.9424377597360113,692,5,0.009607124431547074,0.23678763701185404,0.5881067128458186,0.8687777993459319,0.3990125062789489,6,3.4558741875242616,0.004512475572252538,0.0004287387093254074
757,0.942755616511587,663,5,0.009180315712907866,0.227455063683498,0.4439749640948663,0.8721645636734228,0.34305290849976605,6,4.53495783735632,0.005090679826138393,0.00015425845759629994
758,0.9422829860181633,687,5,0.009671397993283301,0.23233882742930573,0.40793553297849056,0.8756721936099232,0.3237851233887924,6,4.674479832814684,0.007854476301194147,0.0004516618254781321
759,0.9418058001029139,691,5,0.009505280588936373,0.23371339431574709,0.4545606189994574,0.8639224795136445,0.21030188535518007,6,3.783622042569843,0.00872792066398772,0.0002784097458449257
761,0.9416830792305472,663,5,0.009803683949981372,0.2354204588825733,0.4170172622760631,0.8592039374800499,0.35779708804274485,6,4.597399577754074,0.008591938839023441,0.00031657564928334046
760,0.9421367481067552,663,5,0.010190874565888871,0.23160330100828222,0.4510047000700412,0.8625160892179585,0.22920024178366022,6,4.579016204298556,0.0035679324537942468,0.00029288594604512695
764,0.9419940397340902,661,5,0.010092581505129332,0.23396557463401685,0.43512829698875455,0.9370296876674762,0.2725619225099734,6,4.216034844552979,0.008990519941011986,0.00023822843324757277
763,0.9415125060783313,693,5,0.010173717067702974,0.20129549417221235,0.43312669186327735,0.8657084321598199,0.28268836162720234,6,4.593380904293907,0.006007252616317911,0.00018390244582101916
762,0.9421708788090187,677,5,0.0097706439551385,0.2013034601782999,0.42566480625861425,0.9269422672299354,0.2334627407762273,6,4.647163100706662,0.005793303490843745,0.00018721919885756897
765,0.9424962402898288,700,5,0.00936189709431191,0.23142112046225766,0.4103010180227589,0.8600733315703951,0.3628345925652951,6,4.619522083872575,0.005748446425926555,0.0002988964760802008
767,0.9417698033996826,659,5,0.009875107513003432,0.20370578251391855,0.4080695079801101,0.8921354976123365,0.24003571925302747,6,4.6542697899425916,0.005260396973089082,0.00011765337627999088
769,0.9424895934440999,654,5,0.0105091783597935,0.3662321383956288,0.41260008586486135,0.8618476771184501,0.2666400019061266,6,4.542470821127459,0.005885002913810547,0.0001359615156910818
768,0.9420944802626879,662,5,0.01039148349726376,0.2160098721327155,0.43460798609030904,0.8597861091809902,0.3521878324378082,6,4.835692780510225,0.005905372294486607,0.0001831885351461465
766,0.9415700859840305,702,5,0.010388469821191222,0.21361741179290733,0.44653592584140983,0.8934537125713183,0.31049157300190044,6,4.047402196482414,0.006000644747040779,0.00025596055577966763
770,0.9418460965399186,656,5,0.010387265712888656,0.20142378772304742,0.4333079526781765,0.8550208895952266,0.28375390903634407,6,4.76192057769186,0.0054686036808733515,0.00014269665138683406
772,0.9421604008170078,633,5,0.010088662001284266,0.2013389370423576,0.4192415887327271,0.878292731139894,0.36384053390615245,6,4.308313934371129,0.00640775315179459,0.0001486501099191689
773,0.9420189009617482,637,5,0.010384171044681787,0.37593501321271383,0.4431142611287092,0.8784586740654239,0.24492804889404365,6,4.6768917570551105,0.005402927687739014,0.0002248840933846994
771,0.9423121949863308,630,5,0.010157512489661024,0.20092182374227927,0.43378545733592655,0.896875213252244,0.27268159397068953,6,4.6991760402429685,0.004485965452078274,0.00020742183389527461
775,0.9418704422169736,666,5,0.010600186033327894,0.21449842590130358,0.4636740955946904,0.8971750683448697,0.28936552718532665,6,4.369500844554825,0.004865821825214555,0.0001698646049220206
774,0.9420114964444855,670,5,0.010941237589583189,0.21162515217215497,0.44699733364600075,0.8778401879857451,0.2567968638444777,6,4.261213788403978,0.006028433035991362,0.00024178253624716875
776,0.9421382050068396,652,5,0.010740147856295006,0.21289833342763845,0.4519496186823329,0.885683140311386,0.3013383555002616,6,4.34607444108047,0.005253128910632559,0.00017203638225818006
779,0.9416883161393033,643,5,0.008846763846315607,0.24794660003385946,0.45359148416288864,0.8364590248518385,0.3013947004392657,6,4.787251992509934,0.004581079123954679,0.00015284569562191294
777,0.9418848786774804,658,5,0.008753546323331111,0.3776744652133654,0.44592045072863096,0.9182287892598077,0.2984159528744118,6,4.843067458971145,0.005787450956430941,0.00035306272199712096
778,0.9424239838899412,666,5,0.008698875559546803,0.3709896398530204,0.4485329773495609,0.9037883065270677,0.2901937792024342,6,4.869221559817766,0.004647569649321139,0.00028317065869808903
780,0.9411895908538235,640,5,0.008591118413739924,0.24960063861700338,0.47903630594269003,0.8828859376411031,0.29000391619514,6,4.526129869258305,0.004560612503957382,0.0003606778029333712
781,0.9419519242592294,640,5,0.008715388005871344,0.24574900494005122,0.4474961956110004,0.836213342756193,0.2978449088077851,7,4.323020986814371,0.004421702195892292,0.0002827340537114321
782,0.9416243482068012,626,5,0.008685574117859488,0.24761792153844003,0.4610228505537749,0.8404996937233525,0.28746565807540503,7,4.7613003843055095,0.004448105020087239,0.00033113405009286694
783,0.9422060593977329,671,5,0.008823400710950457,0.24540497407900658,0.46584858554314557,0.9090337419251883,0.25815093435740477,7,4.880371198240793,0.004526077224819762,0.0003480727449503467
784,0.9420421539637399,674,5,0.008730924619380322,0.244445445740477,0.44253886027275935,0.8300387281978686,0.2603052225171572,7,4.98998922501075,0.004311569176922916,0.00025049361470170286
785,0.9417288348683697,713,5,0.008734469297632653,0.24803850746062844,0.4655153007293361,0.8389768224377785,0.3381572433280412,7,4.777714158307278,0.004366917349821413,0.0003357707197606559
788,0.9420707847638224,709,5,0.008774660430676753,0.24731972770855537,0.4669412779090681,0.8456500093841576,0.3351019976079482,7,4.4893412409674545,0.0037864953054271657,0.00036320415230567876
786,0.9420661354157737,708,5,0.008833222067685024,0.2472371146968792,0.8718998092319858,0.8370921549518724,0.2934415147544827,6,4.450605356348153,0.004154755025442596,0.00033179819796817794
787,0.9419666498037786,710,5,0.008721850931021981,0.24895758957175873,0.8690556657230607,0.8379489173568895,0.3713577039019651,7,4.145983288397709,0.004146755267595711,0.00036146685598902896
789,0.9429237475819999,702,5,0.008662441299594977,0.2480120647136051,0.8577500795989159,0.8344384012366848,0.3721376028768882,7,4.500266880099458,0.003861215489285889,0.00035743414225025244
790,0.942708871517547,714,5,0.007988789444483942,0.2413170867727423,0.46882176910984746,0.8333571329743631,0.320837417268056,7,4.914635923930289,0.011967339134629494,0.0004213235271965293
791,0.9397688116640005,709,5,0.023596851222815945,0.22824513505381377,0.4617865565472819,0.844644588607563,0.38328565787525104,7,4.117767673231416,0.009527949691263379,0.00039399702837727345
792,0.9424531187607549,701,5,0.007866401418767674,0.22719028178100287,0.4700199142146648,0.8425493809578818,0.37542079025521746,7,4.976984453214472,0.012133571232378597,0.00040695979404139403
794,0.9421246462347075,716,5,0.007834384533007773,0.2243217912219963,0.4684080128357509,0.8416202511927101,0.38500909983362597,6,4.544231893187285,0.0029648798906157835,0.0004128617729115968
793,0.9421836966076123,713,5,0.00787608204554358,0.2292375337827716,0.4636894561060607,0.8335873795819865,0.3171132431237387,6,4.016544705795734,0.003097193600414272,0.00043414686316040546
795,0.9416605651148447,706,5,0.007819664715072757,0.2247932739428416,0.4846140732114135,0.8545644567196908,0.3240797331599613,6,4.039177104763202,0.011634212704006792,0.00013007096108371704
797,0.9419445020003467,708,5,0.007732437275468841,0.22546996639220254,0.49125268731735106,0.8214903546434891,0.32180903054630156,6,4.284723415669262,0.0027850039493724403,0.00044719059293764113
796,0.942033294633642,718,5,0.007869137039707817,0.34747826806557014,0.49901940151801133,0.8252196533524331,0.3183444876633004,6,4.485469631323949,0.012680836552161658,0.00040989962358788876
801,0.935089012733745,681,5,0.05713195146243668,0.27807477617262516,0.472091125000543,0.8542434241976928,0.31964589788990727,7,4.950310070524177,0.013469582769053728,0.00021630055447437985
798,0.9416014500372084,713,5,0.008226985673173136,0.22293234473101142,0.48297664096719023,0.8599384389826809,0.3805164219521603,6,4.5211440851540114,0.0028033277510966406,0.0002272392571716418
799,0.9418004108249513,690,5,0.00794336461294071,0.22323509482232434,0.8192669035839327,0.8534271422068976,0.3681455473041847,7,4.548420338710517,0.002845289466778677,0.00021176494901263475
803,0.9204009363985259,684,5,0.2001209823679614,0.279259006862183,0.48390205536726877,0.8598945173888788,0.33224531218758063,7,4.511188579908812,0.010305767434051132,0.0002323569395325901
800,0.9417415681333623,685,5,0.007886500220126994,0.27978532594362904,0.9416713239563025,0.8546743370514458,0.2774456392386618,7,4.457537006239205,0.011167870970770724,0.00020006891864657897
802,0.9418359452024395,681,5,0.007933650438066306,0.3438529439921051,0.9174804662396361,0.8541464695402612,0.31992218792612037,7,4.885666487120395,0.015154971819910901,0.000428312093578928
804,0.9424025227915633,685,5,0.008202231362989757,0.2782302790387708,0.9018076263036429,0.8575441943866945,0.3360992692080067,7,4.445159130171582,0.014546127385227375,0.00021588195111775708
809,0.9420519108110815,686,5,0.009382951644232626,0.27880505509091896,0.43118509333216565,0.8235122514415956,0.38117936164618266,7,4.677315994748602,0.007294006010048924,0.0002877282443462582
808,0.9419803588578681,674,5,0.009469202457996841,0.27897179216450857,0.4856211743682912,0.8682750237376011,0.3712269229231723,7,4.484155556570465,0.010159918502409545,0.0002652274808753926
807,0.9427029729507297,668,5,0.009769613649978802,0.27988278243897946,0.9181874397134804,0.8512060834839825,0.346894861973476,7,4.445157523929163,0.008933942476932516,0.0002198284123981202
806,0.9421240096236391,677,5,0.009429335547662577,0.34013119529588215,0.9190714848650389,0.8224786517109304,0.34973570060116554,7,4.887374944943361,0.009921656175617816,0.0005593819680323865
805,0.9421718848632319,683,5,0.009408328932983925,0.2804672671102878,0.9261892333993232,0.8663630366205034,0.35814493791816027,7,4.428510950826753,0.007178141693387254,0.0004860632243304967
810,0.9422758351017032,688,5,0.009452017864592604,0.27841621159268837,0.4817399573814572,0.8196000012781084,0.3486391363243507,7,4.864554407555345,0.0038404971793502916,0.0005226895228201987
812,0.9421069776684977,676,5,0.009480637635283902,0.24916817129903307,0.4949996838458461,0.8226308343444299,0.3531010739894175,7,4.37363550106079,0.007583565943975997,0.00010051642691721935
811,0.9419828207685408,677,5,0.009498045241189518,0.25141371804014484,0.9958193557511954,0.8217518749289988,0.34735305469876154,7,4.906791470939721,0.007849608386689817,0.0005008209239612403
813,0.9427739576939175,725,5,0.009340644905495944,0.2565143747530405,0.7921740065385752,0.8221105523384825,0.3518447684452304,7,4.7802760861007165,0.008193747650780084,0.0001015799592622081
814,0.9411950552727646,724,5,0.009490661209053978,0.26055043060022354,0.4288304315058399,0.8234068122616646,0.3402743614425178,6,4.660516911831688,0.007762082324152609,0.00029646292121822355
817,0.9427277840844018,666,5,0.009811962090147458,0.2528976786113751,0.4550139780444855,0.8243688366262825,0.34719802006994516,7,4.580970642034303,0.008672772288173114,0.00015720338912599628
815,0.9419404339512573,725,5,0.009568349498217478,0.25791525299316803,0.38045652152656095,0.8216036626719428,0.3546906550166057,6,4.338952879657886,0.006489025648401635,0.0005119462460196919
818,0.9415122368231581,660,5,0.009712335998371721,0.2547188415031948,0.46510395673152327,0.8759730592994501,0.3492058771914801,7,4.340958255821229,0.00692898978855658,0.00022187302672169317
816,0.9422006440291527,727,5,0.009428871674443342,0.25537447131298485,0.7756708882712525,0.8260491437813093,0.33241211650545976,6,4.770040532348965,0.007283810859915912,0.0006044702371890268
820,0.9419941472274347,658,5,0.010008331902508955,0.24706276859780654,0.8842094184213323,0.8842401814658195,0.34471227764175366,7,4.313412376668407,0.007698534529128371,0.0002789725021911176
819,0.9414665552826895,612,5,0.0097082767835721,0.25991232673332154,0.9933590852402454,0.82004191254781,0.3494387716439932,7,4.673689439064596,0.009379619166249298,0.0001495569522041606
821,0.9419551114890702,620,5,0.010765159488623841,0.2560703244251846,0.9262406078287698,0.8776870778713118,0.33676898889732026,7,4.667607409705461,0.0068187731728827665,0.00028364976985873006
822,0.9415245348966497,648,5,0.011081978787758412,0.25682219074849716,0.9679456975286252,0.840506902044835,0.3484627394032098,7,4.2860687557623,0.006709061526373553,0.00014690974382539827
823,0.9419744519420531,654,5,0.010904187999113548,0.2594647581732162,0.8627338465188169,0.8392111307819525,0.3412765587849546,7,4.703220966353332,0.009077885836730287,0.0001412443219603898
825,0.9427656290469809,610,5,0.010218959364369219,0.2519865258134843,0.7622590760359486,0.8371492958790454,0.35890789514897625,7,4.759471160834499,0.008668607860358325,0.0001407303595452658
826,0.9419866675691934,619,5,0.011114974601488218,0.2536593075541096,0.7643338251427818,0.8765219252222736,0.34323224851771933,7,4.751036332525035,0.008890095375138215,0.00010093558438971072
827,0.9423558205861358,646,5,0.010858094993147518,0.23712317173468617,0.9573787180865293,0.8420806540644729,0.34059053642841075,7,4.772477607229832,0.009596867742131374,0.00016234939700190748
824,0.9422220821677871,652,5,0.011263523774555846,0.2596706717881704,0.8625305078840347,0.8774549573017209,0.3682364025069311,7,4.777434337942085,0.010424728421865734,0.00011616699423101303
828,0.9415870083585782,650,5,0.010576584459092087,0.23760914348063653,0.9626798437744442,0.842735582775922,0.33659967392273504,7,4.5702811834571255,0.009726035673216284,0.00011252583510870285
829,0.9416797876382361,623,5,0.010553810090180027,0.23884124533014936,0.8650307651669505,0.839709243828702,0.36413498221166113,7,4.7479222646516135,0.009354715955892476,0.00010642571402019766
831,0.9424833316958863,647,5,0.01100015470996098,0.2372842796534582,0.8377017925703513,0.8424306464072603,0.31263059867708404,7,4.735903519535407,0.010189898753219179,0.00015041044503495728
832,0.9417275553844846,593,5,0.008627084965097547,0.2988399552385846,0.8389518990639289,0.9032534198579656,0.3097105076083741,7,4.807114435592097,0.017788902144250184,0.0001387502094517827
830,0.9424528056733443,643,5,0.010916967668887891,0.2375514608573168,0.8534168750296436,0.8431296155298589,0.33266424686185514,7,4.595044017940755,0.01675566285071345,0.00010479279246893678
833,0.942186351588855,668,5,0.008498594324500603,0.23848945500506877,0.8374869518844223,0.836071188362336,0.3635672366797955,7,4.724797984628654,0.010227061646279897,0.00010024181733760197
835,0.941971124866502,562,5,0.008777310158479145,0.23622971411579807,0.7886703430343258,0.8441851986308871,0.3154943944621861,7,4.7880745305420005,0.017762650709138763,0.00012162668681171592
834,0.9422053935651729,668,5,0.011430633237799453,0.29512390054103227,0.73847159927593,0.8479081712773012,0.30833469578881584,7,4.723330349711071,0.008037916743641982,0.000161220465017588
836,0.9420473929597453,641,5,0.010400586201130983,0.23659820504052329,0.7994516555590382,0.8515118453862481,0.3668277543822117,7,4.609280639159077,0.016977001853752633,0.00011810449627376002
838,0.9423718694468077,585,5,0.008953171983361286,0.30304801462797104,0.7898643651484246,0.8530366541010368,0.3096748082328863,7,4.624123053706423,0.012128264874805743,0.0001361596524121699
837,0.9421618170157288,628,5,0.008826141769794868,0.3035040978354516,0.8654068363776569,0.8451502193076735,0.32334909490685365,7,4.648879785879176,0.011344804745272998,0.00011503902788086302
840,0.9416387439659447,610,5,0.008695721266807703,0.2169423826626475,0.911341549801527,0.8973025412247797,0.32011515735572865,7,4.617359187547342,0.014793942311132088,0.0001273650732558469
841,0.9425716630470632,592,5,0.008854241486253593,0.2742333955933917,0.8097013939706865,0.8620431377852824,0.3631662260975411,7,4.63817334816767,0.012441100910674468,0.0001825583364832619
839,0.9422773577501438,698,5,0.008831693024527744,0.22564475428575675,0.8338439813390938,0.8984632808001507,0.3035704818912446,7,4.593980432273805,0.017342649158190275,0.00013095222254329067
843,0.9421415138189582,511,5,0.008805190051655924,0.2747884813834951,0.8474713344293324,0.8626719663476583,0.361362741435712,7,4.595963221801524,0.01383466270874323,0.00017662915574233844
842,0.9415431651630225,615,5,0.008949341076502691,0.2744962653925913,0.8826417059641085,0.8655429492267512,0.3640776901797359,7,4.842444088229582,0.014679045925643449,0.00021201987572231162
844,0.9421442068925024,575,5,0.010131073462154146,0.2992709881559432,0.8165981273442723,0.8666908357041865,0.3671799764055602,7,4.615087420502415,0.011992312264611619,0.0001584164601876137
845,0.9418822967499668,593,5,0.00997292325316654,0.2698699391585003,0.8194797807535104,0.8663501669370508,0.3701912678271882,7,4.581566703524596,0.01180672484568204,0.00016744499103000057
850,0.9419734845019541,511,4,0.008314392854479012,0.21437758783432112,0.8894464545686432,0.8154939505813393,0.38800206808267795,7,4.982080459688,0.006946101166541088,0.00016746722162474547
846,0.9413403612273136,605,5,0.008994021061287433,0.27268339051927903,0.8126198488630944,0.864995386027415,0.3849456072265298,7,4.943508133784002,0.014456921551274175,0.0001938679885605812
847,0.9419132297861428,616,5,0.008519306857178185,0.21579120083270256,0.8832035748688242,0.8085509884742915,0.3283118663312933,7,4.980198350595044,0.006201403018300039,0.00018499086739053646
849,0.9419965079065111,699,4,0.009952463848667421,0.2698803758174986,0.8098026192185064,0.8105327971083177,0.3907565594808049,7,4.964932700347069,0.006369642528942952,0.000305268715045417
852,0.9407043930317345,551,5,0.009837672173609192,0.2005134540714005,0.4221774958781196,0.8257935436910239,0.201949424738041,7,4.970009814507481,0.006437867794183129,0.00017401799180160053
851,0.9412126497416203,701,4,0.010057466344255446,0.21498874570717788,0.7513629668364771,0.8116931141151781,0.332353997368531,7,4.986293097890352,0.006254741704549432,0.0002283787993958405
848,0.9413183470078434,601,5,0.010192653266694794,0.27573707871487435,0.775087051134002,0.8101696181955226,0.3776261743900422,7,4.9819633342250755,0.00629651505876548,0.00019572874258819584
853,0.9416770909120056,697,5,0.009834680046678078,0.21016328864969444,0.44757752512931187,0.8119693225204414,0.8940060209434196,7,4.989761863303358,0.005982638347882299,0.00018099713930695826
854,0.9417242001310667,696,5,0.009892646248673437,0.2135182138154661,0.8047239084021512,0.8102367821513287,0.20306391436228066,7,4.430166424070138,0.006398284468382412,0.00017805221940188633
855,0.9421236965362285,696,4,0.008177821733610034,0.21293789307983096,0.9015305734017027,0.8114675917691055,0.3292851519303955,7,4.992443130984622,0.00684604572499247,0.00014353912215037476
858,0.9424483900972289,694,4,0.012661861617867838,0.25174677851187016,0.7786175172356109,0.8126700064110918,0.32914808325492706,7,4.435974512717641,0.006825008011504785,0.00023130118808842157
856,0.9420483353528514,696,5,0.00811510625981223,0.21516652605053332,0.7538933495475926,0.8101609878497495,0.32581722299770627,7,4.894458485138125,0.006007822641188953,0.00015653137197842632
857,0.9415785716964848,692,5,0.01271954362984885,0.21470397877250424,0.7635820677704643,0.8086449756020089,0.33541856981534707,7,4.859670435915963,0.005722035743695926,0.00019733179760997327
861,0.9419341930755376,699,5,0.012264404364874843,0.25372808716955414,0.7359318145375149,0.8301879345835933,0.276906281749546,7,4.721912241625263,0.005324477378866388,0.00023651053415792665
860,0.9425878788876872,703,5,0.01251106297510365,0.25486633632617145,0.7690367357393386,0.8286439651033561,0.3307482586880462,7,4.467759257795859,0.008724076383984826,0.00022409959226876776
859,0.9414288188570794,686,5,0.012278617662804393,0.20024106173559056,0.7693566481974102,0.8292407688942284,0.9082279230755363,7,4.534313013001699,0.008200641877434457,0.00021570956671248411
862,0.9414677502329736,694,5,0.007636276230606182,0.7720948370035926,0.762974497510381,0.8284725377845791,0.26809048153657233,7,4.4715907978304585,0.008154463742987396,0.0002620309961810471
864,0.9426913073138075,667,5,0.012349253438363695,0.25490180072252683,0.7533445402406183,0.8325959701779503,0.2782207115687474,7,4.491015664331184,0.008549719314058367,0.00024552909099208504
865,0.9418236982665581,712,5,0.012360820290097788,0.25238714248057126,0.45004367364164355,0.8358238883640206,0.35486942559842677,7,4.368641191315997,0.0035558320370329727,0.00028189423765851194
863,0.9419539040152897,667,5,0.01245892362618165,0.25318656330894773,0.7605158825044944,0.8275814121519873,0.3357620025885453,7,4.514517301813112,0.00932794066165949,0.0002472867024657897
867,0.9418444423947655,666,5,0.007854235679008132,0.25127877104400564,0.7334432006783167,0.830779314363064,0.21701948069817117,7,4.483190570564623,0.003557802998452052,0.0003524402343691084
866,0.9417948796140292,716,5,0.007530586226758597,0.2513866501437173,0.7510630329551884,0.8263013145081617,0.2995800182158613,7,4.826671298283193,0.008876517766670047,0.0002668576634450158
868,0.942214871764719,711,5,0.007472464244822128,0.2546965903683458,0.7958946756158887,0.8304408005283616,0.27110344660885877,6,4.524387881463824,0.008682874266323956,0.00026364606919982944
869,0.9424641039543712,668,5,0.007458491129506861,0.24077777223641622,0.7865553507364625,0.8316433215899426,0.22494077803187115,6,4.482760521259021,0.008761271694260872,0.0002533771387744351
870,0.942458912965102,718,5,0.007428891401694796,0.22806204142279315,0.7929450003927399,0.8306743854217102,0.3479378960839787,6,4.49261920132956,0.00916196017215149,0.0003252583250642112
871,0.942260946229888,667,5,0.007532601114035189,0.23451526452408683,0.9487083824528625,0.9187809268744885,0.22092775816471238,6,4.4680891281858965,0.003457320617750487,0.0003179560307107149
872,0.9405360761961248,719,5,0.008196628575049117,0.23032846159337614,0.20312758608116666,0.9227808262760924,0.2997913542083094,6,4.818567419702148,0.00352977515234715,0.00033442682872255437
874,0.9417689142314363,667,5,0.00762179611650138,0.23408379676792432,0.43823442652768824,0.8921397616628903,0.2396917021240858,6,4.511216467040259,0.0030198059447962243,0.00037206532893982377
873,0.9415610763719757,717,5,0.007487446119241304,0.22769279220196037,0.45856910556820035,0.9141746214035718,0.30239986243207817,6,4.8256040022306586,0.003915790813762972,0.0003563016902484858
876,0.942782075006852,719,5,0.007425705743691308,0.2294294749034247,0.8539004943348751,0.8727439993960089,0.2988789081695411,6,4.830380880583933,0.0032622477044250047,0.00012774487509948393
875,0.9423610877600084,729,5,0.007751365710123431,0.23368189087099211,0.8996291899385689,0.8875890237736088,0.3037551682775225,6,4.821977816533253,0.003326187006420289,0.00012651795812551096
880,0.9156145458156775,726,5,0.25066218176325394,0.2261520528194164,0.43244724899675213,0.8865701702886668,0.35492311972558505,6,4.835555291340747,0.002091456921183175,0.9289859885353691
877,0.9423628389622587,719,5,0.009322049288203703,0.23045432341106267,0.9093005587560764,0.9174243536578167,0.35882915407921756,6,4.710533658727176,0.0021417853262774324,0.9449511124001753
879,0.9421651420040303,724,5,0.009002487072438786,0.23186772234346692,0.43462487106926667,0.872233427713244,0.34801450340811285,6,4.809124907875615,0.0023849621448721954,0.00012078672686599437
878,0.9430845524070024,725,5,0.008357386229500276,0.2300287461861936,0.9459838721493095,0.85677822375129,0.23505480216466143,6,4.724039562870189,0.002269960790871169,0.0001347198231390738
881,0.9109871556307215,721,5,0.25463556670992243,0.22869024878214408,0.4587020727541224,0.8753049306844434,0.356155727041312,6,4.7951917089177885,0.0022235755620747056,0.00012396991047328558
884,0.9416063999491714,729,5,0.009020781029231676,0.28518472685996993,0.8489679339534139,0.8564898646646562,0.3590627842596109,6,4.6876300145051655,0.0024793913455551384,0.00014566092662364084
889,0.9206873633725674,738,5,0.16421045393253034,0.2111215716928846,0.4636777705428671,0.8790035336307747,0.24699977559226258,6,4.724285573367793,0.00010267970900404642,0.00013296029193123526
890,0.9418242357332798,542,5,0.008132802940197663,0.21583158190854823,0.8202658241279697,0.881208617207873,0.2297938690350309,6,4.65413055082092,0.0018862967015785032,0.00016400076615071422
885,0.9431462567175253,738,5,0.008237809183653041,0.22720676454062882,0.8494665131847841,0.868629566299321,0.2808387002975354,6,4.747104671743532,0.0020937108267883838,0.00010708848349008753
883,0.9417199651020249,734,5,0.009268325018503684,0.291964807855701,0.9087812091126466,0.8562752338335806,0.8488907027050704,6,4.228722303064864,0.002271487698193406,0.0001295978232313854
887,0.942229549302532,736,5,0.008144137714927328,0.22279390002842736,0.8842326142060823,0.8734081033915579,0.29119664236607506,6,4.799512533320161,0.0024941157899879387,0.00012098613169686195
888,0.9421053036944752,736,5,0.00831484896510028,0.22002775002390912,0.8384689359718048,0.8737606397404858,0.25279043549118385,6,4.728777421623806,0.002508263799280874,0.00012251067428225795
882,0.9414232083306799,731,10,0.00911307941702634,0.2279909132302982,0.8993597491015085,0.8862187299978511,0.3522386404656991,6,4.702042151825664,0.002269924271607582,0.00013409877786114353
886,0.9425834570498235,731,5,0.008144842952076395,0.22508931040308763,0.8596386315922759,0.8846958875038126,0.2596141537493484,6,4.7666550757215,0.004931269302290574,0.00012426754537636056
891,0.9421694720029201,530,10,0.008359142167900173,0.20168747817351723,0.8654422211884065,0.8771625208711236,0.24211303254247352,6,4.61720431627359,0.001981174779974518,0.00011090308990235343
893,0.9418750268602908,745,5,0.008425458455167349,0.2004468729422583,0.843518325629663,0.89359596326254,0.24574540492629698,6,4.215687517001994,0.0015879111061829747,0.00011487733029441704
894,0.9424189781440566,742,4,0.008362622676056112,0.20193855870888125,0.9504940720452544,0.8554479013368431,0.6832409030472543,6,4.694184716552819,0.0027352520345784253,0.00011619878308962033
900,0.9422185828941604,704,4,0.008491551829227593,0.2442822034907527,0.8273398097503735,0.6189582572646923,0.27006241964719063,6,4.6048302847654226,0.002907239540379317,0.00011595917738896706
895,0.9419511592823226,737,5,0.008329863228626952,0.24382903251729196,0.8075103960824095,0.8648122022761117,0.261943470583327,6,4.689929388900916,0.0016804242092340687,0.00010753528830386341
901,0.9418449109822568,705,4,0.008396751128130323,0.26182653952714885,0.8734926753617939,0.9013313182886016,0.25555763666574993,6,4.670148453017781,0.001364783939746107,0.00014204528244913584
896,0.942388746945493,738,5,0.008462115864776108,0.24597497639287688,0.8577684699219539,0.8995922179284367,0.2570001146894104,6,4.715662221359927,0.0018088294818183665,0.00011342037377677052
898,0.9422513485353134,741,5,0.008206594487334826,0.2387075981947768,0.8077991820278737,0.9046418082173657,0.25402873562569095,6,4.664395968118402,0.002733553177521718,0.00010024139027566201
897,0.9423282073201381,741,5,0.00845431938530646,0.24227799959503032,0.8770209990199838,0.8704904394304955,0.2501706674166576,6,4.749847315781757,0.0018756101206723762,0.00012554542818918
892,0.9420827248740412,731,10,0.008264008697575612,0.20063697126736102,0.8292357549144408,0.8587411539364178,0.25849916282559504,6,4.652863921307242,0.0027084298669808266,0.00010139471770999327
899,0.9425789298058651,708,5,0.0083298085532853,0.24338737196464308,0.8577108457030237,0.9076714385806641,0.26966163470389376,6,4.66785760048901,0.003148667784025119,0.00010727228406618308
902,0.9422646244851511,706,4,0.009112960978970469,0.24360550406928755,0.8238146477007215,0.9100868709920934,0.2698550754373607,6,4.893256633166519,0.002776869851067819,0.00015943117553489497
903,0.9417595758776003,713,5,0.009333220031449003,0.24583042182091036,0.8258383886516449,0.8545551474924454,0.2638285757707237,6,4.638582057327419,0.001685408076171035,0.00010344082050727677
906,0.9421920069911167,711,5,0.009274619227359043,0.23919542597309404,0.8562317084869682,0.8508120465234058,0.28032659438176977,6,4.838444831499038,0.0017397230902850866,0.0001046393888284596
905,0.9417188922558308,709,5,0.009186661930181571,0.2436347236316518,0.9384908925693963,0.9065390284060308,0.2729834328836383,6,4.8659057791672415,0.0015188644931255723,0.0001482260762323831
907,0.9420969828747239,712,5,0.009221100080660323,0.24371719988429888,0.8517584017419789,0.8630293485390316,0.22890177446305904,6,4.8731697547276775,0.0032873218573567058,0.00010494604437895522
904,0.9425529529434005,706,5,0.009438387758620785,0.24333987374967725,0.8232003546817653,0.897121106943087,0.2665402748884929,6,4.873004858883734,0.0029731228160961524,0.00016576602508003172
908,0.9422335161200254,707,5,0.009249868986885597,0.2606413689561683,0.9344784096593952,0.858785172488853,0.24817962013913855,6,4.909702556791803,0.002979613474272417,0.00014939371719865414
909,0.9428231160700818,705,5,0.0092246028413583,0.26356309264176747,0.8487310299164859,0.8495394358149594,0.29184905568423813,6,4.619894731376423,0.0035897820962209207,0.00010196115012522231
910,0.9423280726925516,711,5,0.009265045360274969,0.2614093295442738,0.9795187021872989,0.850335924137575,0.27139007567692536,6,4.8673153311468935,0.003320583545685898,0.0001005667492429925
911,0.9417924051798601,709,5,0.009224373167310881,0.2605696577532069,0.985077592201709,0.8506552536523534,0.2305718162372508,6,4.831939313109253,0.0035535317422033235,0.00015885322866736952
912,0.9419732966495076,684,5,0.009292579425332884,0.26030432260427566,0.9777412076069262,0.8475855397838691,0.28756612732034914,6,4.770081750797628,0.0036382477043459117,0.00015882433354958876
914,0.9417374802554033,686,5,0.007208610300694263,0.26280820170395625,0.9406652879544048,0.8496887855346763,0.23046112728079277,6,4.788659078935185,0.003742852116512994,0.00015308647837991685
913,0.9420319024382893,698,5,0.007124065435097546,0.2611165339040836,0.9738678750143818,0.8507172518610818,0.275930764957597,6,4.835545015642652,0.004570770102987292,0.00015008221873469494
915,0.9423046193146171,693,5,0.007196853908018822,0.22563018209235866,0.8432610998348654,0.8412855951880625,0.28860302691939577,6,4.855847784759356,0.003546081528070263,0.0001632190295299927
916,0.9424085705967131,690,5,0.01016777335402704,0.26269929984840656,0.8797386261003168,0.8521917430606142,0.28469915069829355,6,4.584707833122972,0.004720594075125344,0.00015889968198118222
919,0.9423944127840018,682,5,0.010101486090093145,0.26184151497075864,0.8823467731330656,0.8475016804227639,0.2871388476024072,6,4.618651581968227,0.00393528788128993,0.00015335454598476285
918,0.9418322152877534,682,5,0.007257970405096688,0.2671504258061348,0.8474016455679274,0.8470637629211548,0.29060111343036005,6,4.351373302868676,0.004008259302332021,0.00014621188151158084
920,0.9423627596467814,684,5,0.010193215719568625,0.22305794199833578,0.8381512017500102,0.8467772635977417,0.2861325159206246,6,4.387954820858294,0.004158568378069124,0.00015630625549927594
917,0.9420055811796729,685,5,0.007343786836671985,0.2637268403596975,0.846721904010773,0.8448768371033248,0.22645824990372848,6,4.8275409211017095,0.004559212103803307,0.00019001322194967234
924,0.9388709980306176,119,5,0.010641507332244185,0.22379123615879612,0.8844836929523756,0.8663083649448426,0.28207897587657016,6,4.593127827263617,0.005118225934851211,0.00018567135644771598
921,0.942284217495312,686,5,0.010936593937329266,0.2274937132883129,0.8407153896564723,0.8693364294265439,0.3011889242804193,6,4.364667838413301,0.004367362305109117,0.00015424355712979866
922,0.9421615300189359,679,5,0.010458044212061058,0.22188000498546634,0.8441520605541477,0.8876084143861513,0.28810544371086766,6,4.578573024115435,0.004161632056976253,0.00014166346910653748
925,0.9418630397869603,568,5,0.01035489654085424,0.22277900866210754,0.8737851462048455,0.8699088208589344,0.298209907312811,6,4.561692747148358,0.004992239382514965,1.302172842544951
923,0.9422835756661201,682,5,0.010644119170501256,0.22328523787502857,0.8491843937586051,0.8060764791504537,0.3051646140334822,6,4.745276764117623,0.004972580240627435,0.00018568678229835742
926,0.942306873543974,683,5,0.011277093095804113,0.22212887085816757,0.8486081588462382,0.8652351810289653,0.29346508510295405,6,4.545584326321738,0.002494774741034566,1.1548357507894687
927,0.9424588753946127,744,5,0.010651276591017118,0.21543160582830034,0.8485925442450842,0.8877921645850059,0.29819380950651264,6,4.567416762183651,0.004378502972575203,0.6196073017791345
928,0.9421398967224819,746,5,0.010588353203705042,0.2233904457047979,0.8548823856614902,0.8835232169732303,0.29734013316959185,6,4.5559261522271886,0.004951570894399493,0.00013131968604630423
929,0.9422318713674948,746,5,0.011215162008130686,0.22251262763515334,0.8379809140135057,0.8831289346249505,0.31093736404686406,6,4.564824738284638,0.004821729136260719,1.3494888925295119
931,0.9416788473323795,742,5,0.011677374546883753,0.22213997339894587,0.8284785875404883,0.8900733318559578,0.2963427975331722,6,4.387412660910449,0.002359753589578621,0.00010156261852625665
930,0.9429683614943979,749,5,0.011011159322372305,0.22408317516826864,0.8766514964034542,0.8869455959752324,0.2859176090200488,6,4.536345306915345,0.005186216082323745,0.00013982239228237746
932,0.9421921687529455,749,5,0.013871148423497555,0.21411485193974658,0.8595353777256531,0.8911181469153032,0.3111825595341084,6,4.560610800730794,0.0023562328990407518,0.00013275387890032157
933,0.9427523228320267,752,5,0.01130905099692269,0.22276501045027483,0.8738929974398646,0.8035122794963757,0.30529690548061383,6,4.546208198877346,0.002243877782819999,0.00020752034636401304
934,0.9423299282572721,747,5,0.011055391600961778,0.21551424125634827,0.85786555380343,0.8055630032629036,0.40187592775256825,6,4.747179415122849,0.0022251244378016515,0.00010622248592665957
935,0.9426978602333131,752,5,0.011151729520857455,0.21532605432456778,0.776589798319614,0.8012263077190521,0.313986940803625,6,4.573747841902207,0.0020859873937555777,0.00012588257211139782
936,0.9416344588429171,747,5,0.009630112309429707,0.21409874546498045,0.7295219653288859,0.9370852033290364,0.3107971013223737,6,4.690238340721079,0.002276216683172647,0.00010162373525899609
937,0.9392752679751675,749,5,0.031426004222958624,0.2338625750867064,0.82343460465077,0.8000218767086669,0.3969505968973404,6,4.6990610795168175,0.0022771849384472325,0.0001417132641800171
938,0.9422855314188121,728,5,0.009712524815669376,0.2395391909913715,0.8174473087827862,0.8009000198090657,0.31331624405656744,6,4.762405906173636,0.0024579389342492502,0.000100827815472792
940,0.9422898280217116,717,5,0.007698816266162006,0.24034692849140085,0.405142815335641,0.8096537425717328,0.40257401912232144,6,4.674619813621294,0.00226622022488346,0.00012941723858560824
939,0.9419822102480898,723,5,0.009612046370462524,0.23854153924610286,0.8697272080581181,0.8173418005848927,0.40706562615903974,6,4.688688831439197,0.0029560104503641325,0.00013124666877522745
943,0.9425253323720298,757,5,0.01256686169676137,0.20067312686284447,0.89055757076675,0.871904430710255,0.2744280927910195,6,4.4295971955934155,0.002025595760534461,0.00019496112652523455
941,0.9412805448338772,748,8,0.01355011352316438,0.2119006141404486,0.9002286037852235,0.9246150841059658,0.2698985109205846,6,4.717210701164845,0.002043781872150837,0.00010539028483603748
944,0.9417954703056107,756,5,0.013664388655750176,0.2364364061390341,0.8091387265807031,0.9372571646428675,0.3154980762548639,6,4.436247263988981,0.0019416725197278497,0.00019668069231383126
945,0.9421941109385165,762,5,0.011854721413283817,0.20310719291227297,0.8772814488733957,0.87241185604433,0.2454678717890815,6,4.2877663141423294,0.0013525947472820404,0.00010145177566439383
946,0.9413978451195402,763,5,0.013821873789119183,0.23606164656587297,0.9013489154317291,0.8734537102655818,0.27903718867105903,6,4.268869994468424,0.001774182172564635,0.000212981065597699
942,0.9413019641872669,728,8,0.011684329187745946,0.23853305877005487,0.8934516016250106,0.9242175107687184,0.31312419380279227,6,4.7113024440437625,0.001984361241660312,0.000123475070421831
947,0.9415003603740459,763,5,0.013825133191909287,0.20000889562575688,0.8990055884616834,0.8731204100957255,0.2839939534993553,6,4.484711593185041,0.003130847870745617,0.00017592390649101078
948,0.9419789802296362,756,5,0.011070249594757277,0.20181413940125154,0.8977836507797475,0.8728526527615434,0.24356998765801657,6,4.403400778187185,0.0011291283899637586,0.0002026944299812981
949,0.9418747816084856,765,5,0.014051949058542547,0.20771617893307973,0.8744161887625401,0.9315320845362464,0.264109479570983,6,4.27011995856929,0.001764973958852326,0.00023960246421834855
952,0.9392803827798334,228,5,0.01313161395424114,0.2009369166102436,0.8778256880257348,0.9002266927016123,0.2901923074443905,9,4.419632401124051,0.003595122968013881,0.00021944193836016395
950,0.9419072936488362,755,5,0.011427537413788392,0.20762274130543049,0.8754932024235162,0.8733471103557526,0.2658055666011677,6,4.419367650575151,0.0014723682162815488,0.00019628702873868717
951,0.942019101337691,765,5,0.013767939311013846,0.20788024063819113,0.8863370877179645,0.9190805679974849,0.24617094074474719,6,4.408230084930912,0.0016070945522140868,0.0002142994969929987
953,0.9419663805486056,767,5,0.011750990671218034,0.2028086863842008,0.8768178496974293,0.8747340055250449,0.2445019509681502,6,4.267438090633142,0.001192182629644586,0.00022431107520187884
958,0.9426696406213633,725,4,0.012930694890907186,0.23035594102480128,0.8766345797085076,0.9052699879312797,0.25677826870176285,6,4.509210956916635,0.0030043590103214575,0.00021149326450566064
954,0.9419635794599046,727,5,0.011769686218392424,0.22830876778684756,0.8947444011747322,0.9032990063004581,0.27688807537996374,6,4.508354629006459,0.0030503157691073204,0.00019287297222976408
955,0.9427373228141807,729,5,0.013048257044723326,0.22623563799845162,0.891671389617962,0.9088444543276881,0.2588021511281396,9,4.483345965916633,0.003164892110667823,0.0001978011450746742
956,0.942430485150024,728,4,0.011512434525165613,0.2013079952287936,0.8781412563613564,0.8986644005293041,0.27667730456137196,6,4.473189076176223,0.0029697795244128977,0.00018928899761991343
957,0.9425094932799232,731,5,0.011760490267834618,0.22699954311059714,0.8676271577791627,0.905593888807156,0.25969997322813404,9,4.376303282909654,0.0010890385736942471,0.00020292259862009037
960,0.9422252495687585,727,4,0.011614697494511607,0.22918779066057623,0.8562690619440255,0.907335652804259,0.27534740987805245,6,4.180323398032873,0.0030917559950568107,0.00018394867412762568
959,0.9425441468381626,727,5,0.010050150232789825,0.2321099251017263,0.8708685944342636,0.8930556399782664,0.2929493642863579,6,4.520145860711293,0.003429502288896146,0.00020296673523802832
961,0.9427387671907688,725,5,0.011698202032215626,0.22928936197150085,0.9185055946301974,0.8901758580721368,0.30088504888678536,6,4.186649840702678,0.0030835072414723886,0.00020071383959657877
962,0.9427198358386691,721,4,0.01206109307574879,0.23112183783393894,0.8630069430517724,0.8322819559473409,0.2954514799493506,6,4.497323593491151,0.0032666660850842154,0.00012815467724500314
963,0.9421591797761062,724,4,0.011644647975910041,0.22779744544504013,0.8424754142689611,0.899101865596451,0.2856002638137948,6,4.519389486632821,0.0030865605100028727,0.00013780288189916626
965,0.9431467263486413,733,4,0.010123833124014738,0.2507194163075916,0.8598696956390619,0.8264550255042395,0.3048532646124893,6,4.1319265387867015,0.0036621868577769935,0.00030603253065560537
966,0.9428807345898951,722,4,0.010264266588164884,0.24899950609436225,0.925035613937849,0.8330804618985638,0.2933281767862239,6,4.591040224980876,0.004973605141318974,0.00014802731215775357
964,0.9429098235412219,729,5,0.010172953773790053,0.2475164140138263,0.8618688137250556,0.8338460620452588,0.2796327268489678,6,4.668103718945252,0.003281115147379838,0.00031468571860594476
968,0.9418668156211332,726,5,0.009957544234449953,0.2497983279297145,0.8631250002347836,0.8340632164416943,0.29020414037843034,6,4.606612619861316,0.005627686302147759,0.00013053828013055377
967,0.9419376328625564,724,5,0.010113741888872697,0.25085960924014206,0.8663768718647581,0.8287467899615594,0.300502055045663,6,4.617737156295128,0.005303434591370308,0.00012986166274883077
970,0.9421062523493298,709,5,0.010241725555166128,0.24934244874692688,0.8594230482598233,0.8278418981048093,0.3057075196538233,6,4.636745314046719,0.005615383530089239,0.00012766054866219105
969,0.9415408822339865,702,5,0.00999375622415141,0.24604843644735203,0.9242917253535398,0.8317482048173535,0.3188768411372167,6,4.625848391820256,0.004932727359749209,0.00013266398685087992
971,0.9418959035288352,705,5,0.010228800113152633,0.25185159849447847,0.794136985615865,0.8328108247767566,0.324477858708298,6,4.667839943910841,0.00545302589444736,0.00029407174449027425
977,0.9392424094514158,146,4,0.010361771749848266,0.27647332881548536,0.9242876778365561,0.8434127052114873,0.27871934065669096,6,4.148019435099508,0.0054530346072519985,0.0003061499029208081
972,0.942488187681626,744,5,0.010066418010121968,0.25178516941476337,0.8420895896800012,0.8225071958723916,0.30392139404995977,6,4.588368160302659,0.004055941515147609,0.0001352677818026035
973,0.9419556186906755,701,5,0.010013591130944143,0.2533232001098133,0.8338238590807073,0.8184222042541228,0.3162154261419503,6,4.633410941615931,0.005598771172231422,0.0004269868061365515
976,0.9275931762223136,737,4,0.0932404117294786,0.27401617221096725,0.9286352296105113,0.8317751618148828,0.28810362102030307,6,4.104622399268575,0.005722915596359037,0.0003368981078573453
975,0.9422651880424905,740,4,0.010151208751854764,0.27777532668444865,0.9619213916844473,0.8260224037167938,0.28575480825640087,6,3.90596756029629,0.005280137743619215,0.00043860292763771205
974,0.9416423496892911,708,5,0.010053265892763234,0.27353186328479406,0.83599538094916,0.8331800169079746,0.3209376917361372,6,4.149526989071315,0.005456883259031397,0.00041762759100286536
979,0.9424168256681081,744,4,0.009544372797295383,0.27447282523386307,0.9244747194085067,0.8376654042351785,0.2786224930973703,6,4.781516674018827,0.00446428866140176,0.00030143581953631497
978,0.9425453230032022,704,4,0.010549385499424467,0.27655663500837063,0.9461394735576792,0.84080924562211,0.2762026656479325,6,3.935154830547215,0.0041529252973690626,0.0002896235947263761
981,0.9424614291442592,743,4,0.010563796847163002,0.2775775172000735,0.8300694130750916,0.821199300282924,0.26979429046412673,6,4.112072974802524,0.00438695256300473,0.0003278798468944833
982,0.9423285287565465,734,4,0.01030246418669804,0.2751992128988449,0.9288270048546163,0.818330802171269,0.2129902870272785,6,4.741439315774319,0.003887396166025559,0.0003616263628914337
980,0.9425667371384682,743,4,0.010545971132333036,0.2729620111160042,0.9326903735949988,0.8551901039771127,0.2772673787347652,6,3.947530439792813,0.0038378138332474665,0.0002879072302606885
983,0.9429295845749597,742,4,0.01062264134478009,0.2754521077242453,0.9515098789978882,0.8456852424505383,0.2918545290894807,6,3.9192439551168463,0.004132553978794724,0.000391664460740691
987,0.9415506035980881,460,5,0.008959887139721952,0.28887591943150764,0.9298053182398643,0.8541893418663715,0.2727374998394564,6,4.774835527750752,0.0041903751892599745,0.00028467955393575553
984,0.9425829143649785,737,4,0.009007143636142734,0.27600561240637633,0.9445827966704733,0.8487907898859082,0.21491009890904067,6,3.9029824873870433,0.003826392109537792,0.00036052916880472866
985,0.9419481098109426,743,4,0.009041045913618186,0.26602577600316596,0.828085628099891,0.8533043343169715,0.23354466967970444,6,4.0748347331036125,0.003973913267171953,0.0002829260197650217
986,0.9424221126708499,745,4,0.009333009481557861,0.2713931407832968,0.951213901781259,0.8563127047560717,0.21642256623535683,6,4.795402536097633,0.00389400062314598,0.0002798411398072522
988,0.9420775109250286,496,4,0.011026063135191505,0.29656690052823437,0.959676508422979,0.8563348928215678,0.23607206936931846,6,4.062201684305075,0.0039060561841468785,0.00037567451685139154
990,0.9423983827323694,719,4,0.008997501638212646,0.26692270940445795,0.8572950384092243,0.8187013240651462,0.2438748232680125,6,4.889370177437736,0.003996706302287694,0.00037172559191609177
991,0.9422109132962232,720,4,0.009036741286928095,0.30067067583091645,0.9578617622288382,0.8594148234309684,0.24512926567365137,6,4.869910955801935,0.004035131541353892,0.3363231035166237
998,0.941170652196351,306,4,0.0088406585814854,0.29834090259324075,0.9747644085242497,0.8634963764881879,0.25290591300687554,6,3.787053679931472,0.0027869314188555348,0.0005342481586362479
989,0.9422227834835871,744,4,0.008975650813687114,0.294486554855225,0.954168401824799,0.8555807497337407,0.23937872260563184,6,4.904597076416535,0.00400889019266869,0.3312491344287644
992,0.9425975073691906,710,4,0.008991565762767753,0.2916694461831202,0.8292707294375803,0.8560295142587908,0.23773137737386657,6,4.806447561459334,0.007092157259728264,0.0004125176700443376
993,0.942481316456586,722,4,0.00903615644151805,0.2997962390941816,0.964087466363936,0.8602111390342492,0.23530945539059783,6,3.827186258518125,0.0041282680262349734,0.000527278334056656
997,0.9415853876094153,718,4,0.008730231666884622,0.30138518098347555,0.9162734449228611,0.31464210418113703,0.2517450309925188,6,4.011747275168089,0.0036830542536829087,0.00043413711435773267
994,0.9420328750965119,712,4,0.008816526574220284,0.2647539446328457,0.9540427443719316,0.8618257406232125,0.2620799300228016,6,3.8268178537159003,0.003940614535499368,0.0003970892864292191
995,0.9420893435419032,717,4,0.009022405554352181,0.30252261441646777,0.9777240852805217,0.8524130859965042,0.23330874957156877,6,3.9636957112221127,0.0025858693092479647,0.000591854105646278
996,0.9428047232283288,716,4,0.011224300305346397,0.26642633774625774,0.9536521877024222,0.8631665546972173,0.26065276911491686,6,4.026730584298287,0.0026867834578254875,0.00047950725158787906
999,0.9425573580832689,716,4,0.011030244834545571,0.29717023024317707,0.9615939432782741,0.8628368930954248,0.2977724029131136,6,4.085654791743935,0.0025874899179902803,0.0004739237039894091
