trial,score,n_estimators,max_depth,learning_rate,subsample,colsample_bytree,colsample_bylevel,colsample_bynode,min_child_weight,gamma,reg_alpha,reg_lambda
8,0.9294562425173414,469,4,0.2620040067596976,0.7739935934259395,0.9274826725691683,0.2782519450869841,0.28462767958676666,8,2.3799697533843958,0.006961652380129329,6.3052882063419435
9,0.9269115431842613,679,3,0.1575797529219991,0.7043233473674317,0.8364486142620929,0.47774694959674124,0.44991189593794934,2,2.888751740893106,0.0163147148505871,0.12812413763860314
2,0.9329102593588976,672,6,0.0789009387760394,0.8753977287904393,0.5390445383936152,0.47837507377279104,0.33313643887606414,1,0.7618589660775199,0.0012346519731438878,0.19364724784111084
5,0.9303992419694593,942,4,0.22111933153782187,0.513199416498803,0.8156422535988379,0.7089128749267782,0.38793438310809764,2,4.148551345497743,4.872911706027332,0.38494389814518026
7,0.9369160186644347,534,10,0.03078515217117439,0.4565079042684909,0.42631201159884163,0.29863237151482985,0.3573268764053422,10,2.197823799998791,0.0002495015659344181,0.05809825675598049
6,0.927565998669629,781,6,0.17206922201161115,0.6183568306241842,0.794858290762916,0.8512612587787505,0.24514898582864478,9,1.1488240966514014,0.009606762309141008,0.0005315736460044163
1,0.9363041842900961,615,6,0.02582351128268431,0.6684695881982545,0.7420535483621026,0.4916066542058447,0.6024158997728852,8,0.8027780083990993,0.02275469681917712,0.27086564871406466
13,0.9381317485600015,207,5,0.014312099432768241,0.3924738188851083,0.4168819210628389,0.48953178017111826,0.6728726065359254,6,3.0714678827365693,0.871255056916546,0.02248438951296987
0,0.9365987442314427,878,8,0.03558625365178323,0.8161062428932755,0.591351237190692,0.8216995747041909,0.9788441950153803,9,4.618227752020463,0.004354470984603905,0.09549898400570377
11,0.9321709900594122,695,9,0.2354536180337117,0.669391897185875,0.8640791169119386,0.4290067876536117,0.32722048069467624,3,1.8722253868978933,7.762707453550659,3.988397968125404
3,0.9354725917749475,885,7,0.021607529747205357,0.941275418536081,0.7676077980096655,0.59812793873224,0.9610625381964604,4,4.591532051790747,0.046607941572681624,0.40925993413927014
4,0.9380729079556618,980,4,0.013111314582852618,0.8057733709667164,0.39935066621765164,0.7162069844136132,0.9703019713077903,8,2.12586676788706,7.921078246497704,0.0015303581524695837
14,0.9399782441820064,231,6,0.027085124221945894,0.5160334704958578,0.42355871894126224,0.249283509425974,0.6978913944750438,4,1.562062806789517,0.005680364076660234,0.8514524737965664
21,0.936821554974507,145,4,0.0060437256067141475,0.21958611205040296,0.20290623351552284,0.9635371122150072,0.7757866688412621,6,3.391048992576097,0.7182968129778073,0.003969598302545548
19,0.9373753867751418,140,8,0.0051081839171782314,0.2783905659537346,0.21438212993120326,0.6496222079892302,0.8293053832670554,5,3.4647534559811795,0.5903557671247601,0.00010907012835196785
20,0.9361228905031259,116,10,0.006648945124001746,0.20888297250856847,0.26253861072171364,0.24929013786036666,0.6326353051788075,6,3.483189999697693,0.00011614985762451348,0.006180022762906967
10,0.939805428280305,893,3,0.007347911694373022,0.7841035190822664,0.8203406991598519,0.33682448662790554,0.8873748311521096,3,1.795825789682175,0.00021194325899233994,0.0005933829240135392
17,0.9342953528456505,268,8,0.0633716249942887,0.28651578624019214,0.33641763756957305,0.6930612337575822,0.49499101787342825,7,4.904737687592011,0.0003583535632159878,3.8184298791668105
22,0.935641942842637,173,5,0.0051908590723316345,0.34994448316816845,0.24907449433155765,0.21071639882040416,0.7303819139425094,5,3.4377065580140522,0.21054092769776941,0.008798186629349062
12,0.9389894003839663,580,4,0.015436654222744449,0.5834507225817708,0.8356941055940158,0.516772927245504,0.7535781517927009,2,2.631308410585897,0.6144298429242755,0.00012391752526212115
23,0.9371079506398077,183,5,0.010006560337179926,0.31975070154098323,0.2829671621089602,0.20268925239668634,0.6713114145822954,5,0.062591145567229,0.175430479545826,0.013548306560496121
18,0.9298256491350866,648,5,0.09766372194933538,0.4272132176261638,0.674080527718715,0.34103789855539085,0.6371883632247698,6,4.816082674108376,0.026614753914066747,0.005076514054388136
16,0.9389323088946275,549,5,0.011305529820141113,0.21889770486331728,0.6598447979478433,0.3009829098036293,0.9053668313955386,4,3.1341641869103958,0.0005113387515641776,1.2044353501416372
24,0.9379997049881691,306,5,0.010275289116365367,0.37767026260138603,0.35713049590909435,0.20112419524789,0.6284296263495526,6,0.16058693318854167,0.10052334535657645,0.01286505348552548
15,0.9389955963838238,806,4,0.006740755122573883,0.26407503193889337,0.5564398506375104,0.3840413353655202,0.4490521265119887,9,2.784183657702228,8.649050744410298,0.1908583056603462
29,0.9368286338808627,326,3,0.05710858391569624,0.9967040257868567,0.6566637535482391,0.35811379930659215,0.850350759451533,4,1.5909456466587042,0.0014269377067943232,1.7152130295597527
25,0.9389448407400527,288,5,0.011753253224397688,0.3593534894392708,0.37548465458402525,0.3726600988985902,0.6060460170075719,6,0.28023867001919456,0.1594172324972473,0.020649113640923374
27,0.9382599776835467,378,3,0.010169537621016573,0.9973110696311973,0.6558510800639068,0.3741587818197583,0.8522909135088387,4,0.052634722910860354,0.001414725387014754,1.240559476209533
26,0.9360499207857542,355,3,0.06148617160258633,0.990889191954192,0.6651750709450324,0.3659053333563981,0.8445615187803692,4,1.4032917303217016,0.0007917266770129268,1.1926947104725714
28,0.9384050999601481,411,3,0.009595979306256813,0.9994881410019365,0.6358132996409803,0.38097655629171767,0.874815814388185,3,1.470975683178875,0.0015412112227336059,1.1802579633705328
30,0.9394188091603448,397,3,0.00998652532865333,0.5777652506345857,0.654381147671193,0.3590913756719346,0.8676312841446641,3,1.520268337834787,0.0015563142398012562,0.00017168343535289404
31,0.9386790900586126,378,3,0.009074065828293449,0.5602479925153043,0.9751148932119098,0.3702749802350866,0.8457121776513377,3,1.6256452971098172,0.0016946003934784847,0.0001247827980608102
32,0.9396936164169514,371,3,0.01824264448523329,0.5295879663500649,0.9867241344566346,0.37227874548380385,0.8855265855664561,3,1.2183953032042398,0.002886625879244389,0.0001395192246176612
33,0.9396086037923276,386,3,0.01838439008296015,0.5506928292564017,0.9634189661675102,0.3823667672783759,0.8441199060862993,3,1.5965792930337075,0.0015443236570791348,0.00010324178951180284
34,0.9381866776589568,411,3,0.042441151740377825,0.990337684921087,0.5142160961452336,0.391326246766214,0.5331627891220436,3,1.659905178233909,0.002358464002226018,1.4258684625609301
36,0.9399419604819819,791,3,0.007257935574860302,0.5221913057304214,0.5136987224617838,0.40142656810923405,0.5260541460439282,1,1.5509255448703763,0.0019808448198693237,1.2973635178063339
37,0.9407320115158558,735,3,0.007816125386774985,0.5095589590068236,0.4948645029860992,0.5594256519068174,0.5363028764797413,1,1.513583677471071,0.0029940444004231547,0.00041115576476807603
35,0.9396155480710966,782,3,0.007745040458749861,0.5409017689066006,0.9993950708084287,0.3969652702599459,0.5315736331549092,1,1.5015116403577407,0.002720893031972704,1.0862231927125048
43,0.9380174549571058,238,6,0.02075493966864789,0.476922077737578,0.9901108308872002,0.4310654522939976,0.9319021767924726,1,0.9003314998377747,0.003172469438115183,0.00037008097432246695
39,0.9355483286632171,801,7,0.04202896544090937,0.4713627260019138,0.4950808528899779,0.5886953034776182,0.5265862872342673,10,1.8308838442994615,2.399669157946279,0.0505662693211878
42,0.9372672954338519,454,7,0.017373392669815968,0.48667845260617904,0.5021978662310093,0.42977931438678946,0.9203868678667825,1,0.882499676310764,0.004379149602825616,0.0007316843298795179
44,0.9379317733690478,233,7,0.019781949319661162,0.5080933676380308,0.994257044475207,0.5600093618994596,0.9396328166611281,1,0.8835838982713543,0.005177998984125835,0.0003902830611484765
38,0.9362482762711698,783,7,0.019952343357267432,0.5657365191211345,0.5150818527747241,0.42218585005570586,0.5161588423559687,1,1.7549525600883613,0.00409745123264591,0.049221824280256836
41,0.9365363991353528,795,7,0.019092634015068072,0.4918140164948146,0.5278225222429014,0.4283479832263893,0.5335787561059038,1,0.9656395998941175,0.00010581305964802519,0.0003939795876429135
40,0.9388203989305518,775,7,0.007046927639342688,0.532766894437672,0.5256136607514331,0.4238925205978923,0.5222466472102101,1,1.779451041937623,0.0027483303139016965,0.0003301551337010744
48,0.9345881626283715,870,7,0.03135907726749375,0.8702595960481019,0.47748568947928327,0.5601132302332081,0.5632811171505177,2,1.9715475263614304,0.005419140354002009,0.0013422881200401246
47,0.9361544721520542,847,7,0.02874834279423178,0.49362541079359096,0.47968757971205406,0.5666863492517411,0.5653134304097366,1,0.7819590627342006,0.006829916557740867,0.0005404379957711582
51,0.9349872520198991,882,4,0.030493787443348637,0.8737913808921443,0.46307117470015624,0.31916292272640095,0.989000748944931,2,1.1843277998719999,0.009100965013673393,0.002169512299328309
50,0.9342879587646348,903,4,0.02452895258293634,0.8693893210369149,0.7343526151145524,0.5265618126601963,0.7918626573375269,2,1.17363996239364,0.0057515934476576325,0.0011937557070333458
45,0.9355129863126741,859,7,0.023132068299868237,0.5063992990954317,0.4670302955248024,0.4416983490678576,0.996029129173027,1,0.9388226454672927,0.003639452463129664,0.00041465803793365235
46,0.9390136312623039,860,7,0.007534791556212472,0.48376784634470044,0.464564761553013,0.5457893107237148,0.5404649409175746,1,0.7779080076968345,0.004475329930524431,0.0007041801396179377
52,0.9351525527801192,887,4,0.02686161368008696,0.6295008797831765,0.7333640302826547,0.29919900478302924,0.9995828731680905,2,1.2000455736065492,0.010750898915354423,0.0020753806864572157
53,0.9353539775657842,902,4,0.026498894741555916,0.6339957533331904,0.7367285799736418,0.31367906953631486,0.9908022605001484,2,0.5959700056950697,0.014715370075644054,0.0026856243925734162
54,0.9360872042782435,917,4,0.024185565150211582,0.6380693147654476,0.8898456514040926,0.26842073382059983,0.9795839755107933,2,0.4746788574460763,0.011444336600361397,0.001678992413769136
49,0.9335777366714881,912,7,0.028819463803419695,0.8842567241120267,0.46657923473245944,0.5415264331491864,0.9999963094233283,2,0.5923650988581981,0.006378941102340071,0.0011797623994573285
55,0.9353377460707895,934,4,0.02506458140765493,0.6172940099485109,0.715195050811761,0.3143725794140647,0.7901663211952704,2,0.5515153608702537,0.010848375061298305,0.0025063224230470536
56,0.9363757685956754,733,4,0.02452433038071886,0.7457509544966994,0.729210700585428,0.31603806929678774,0.9983870651399632,2,1.2577422337028623,0.009790991786868588,0.5676497033729426
58,0.9397823714797573,725,4,0.013142568937190374,0.6196146250615252,0.8910270260922055,0.24536077633251036,0.40319677388014696,2,0.47997150424628354,0.015205212068797104,9.195860578856726
60,0.9400516454381922,712,4,0.008228304444329038,0.6245386113907486,0.8878781536899283,0.2669593659463999,0.4569878996618045,2,2.38164435497909,0.017080764520622498,0.4731111917431662
62,0.9392789217052503,729,3,0.013574380218313021,0.7339963320181137,0.891664853566962,0.2558816192495806,0.4457663926836841,2,2.3601347387756615,0.00021516241033008648,0.6494484717281461
57,0.9377559351302089,975,4,0.023889104627742276,0.6446958763053949,0.8946816682220866,0.2574709727560062,0.4414328301812329,2,2.4018377095172267,0.01378378602675179,0.5501624638326629
63,0.9393048891750926,723,3,0.008277715945922163,0.739938231844975,0.9334514574816084,0.8160717350373861,0.4472456902767987,4,2.3469189251696854,0.000752653191656733,0.5282242363371624
64,0.9396616032292087,997,3,0.008223225017868792,0.7475736459459448,0.934368368660595,0.23760879702504906,0.44468152258611776,4,2.3158608503664437,0.0007910781852615525,0.6201396522821433
66,0.9395255531821443,722,3,0.008278084047417408,0.6795348595454533,0.9320306978565094,0.24413992044188157,0.4661295898187665,4,2.3946238125262322,0.0007046286536976058,6.899569124076619
71,0.9391135927671632,630,6,0.015122114893471124,0.6844657032939875,0.5925238623760694,0.2462841314165703,0.3805277264897877,3,1.9613455477080766,0.03803489884585949,8.439896303927314
70,0.9398269947847778,647,6,0.008525761758389854,0.431603599990448,0.9297207073898571,0.22996833826103882,0.39231857617272975,4,2.1805797198146597,0.02640454649278598,7.607781504830889
69,0.9394312131617438,626,6,0.005638993148608797,0.6758507971257393,0.5769521878000562,0.7687748839477734,0.39599074042286364,4,2.173387118720587,0.03592064155128455,9.542477778685551
65,0.9383483987864482,726,9,0.0079347910651286,0.7113073570211453,0.5666728404453653,0.24519643449282796,0.44796593131094925,4,2.256098995118666,0.0007690410424644954,0.508433549651555
68,0.9391225460234841,993,6,0.013579496347154633,0.7022826729546352,0.8033806919611939,0.24951698725924848,0.4174945783760202,4,2.3348490909444735,0.03270097960301323,9.014170490586178
72,0.9398677086716634,631,6,0.005803005424067135,0.43988147303610237,0.7748120815551647,0.47177202630939413,0.38034587207760706,3,2.053177493150257,0.02971238711015056,3.602992119003625
59,0.9353586498735764,973,9,0.013965070577750198,0.622800372845016,0.8940873883863377,0.2626682230437458,0.46929452383877757,2,0.503632531315878,0.0007933422097898557,0.00020372034802220161
61,0.9367339468552489,980,9,0.013515105080581815,0.7451916637681082,0.8958150452970973,0.2618836317309108,0.4352437655553949,2,0.4646614787953911,0.0006493576068210004,0.46684535629184515
67,0.937803735228823,978,6,0.012959975151857801,0.4185460250545209,0.9210599489374409,0.7808293650761297,0.42157710732552045,3,2.2624794661267478,0.024186932445917367,7.7579433832749585
73,0.9392953087003255,630,9,0.006087625643426896,0.4396579212980601,0.5690301480577857,0.470118841393498,0.3439869059508662,3,2.0277963643299493,0.03051003448009055,3.0550670947971508
74,0.939811857008471,603,6,0.012001591397281314,0.5912664047307371,0.803992852460095,0.28309417515201357,0.30995591908262654,3,2.016216734915181,0.02654557072052688,3.873317499306536
76,0.939192438613421,666,6,0.011609999365538134,0.4482096862211662,0.7836902971981541,0.222683558130628,0.3132476775779851,5,2.83387194174011,0.06761469294998028,3.439166148797838
75,0.9394169765553677,581,6,0.006081922260301403,0.4491206778834798,0.787785636060465,0.2796694068224635,0.31685700129203376,5,2.6091759653026094,0.024437604636641776,3.8319503300847484
80,0.9390953408147448,566,5,0.006118903429224733,0.4217572743653113,0.7735188695659216,0.2199196496553314,0.31392850137864015,5,2.565421629382103,0.0680609385488938,3.3787146836585227
78,0.9390846290508007,675,5,0.012172469899964036,0.4346710686042737,0.8341272342979121,0.6396851092101832,0.29733559119044783,5,2.007262051699192,0.05607506409549722,3.70453525736878
79,0.939701848528603,559,6,0.006005599370380706,0.43881101431804015,0.8231951200245331,0.48805274398653187,0.30706172910061436,3,2.6394469778715623,0.06807817449554199,3.3226662962322284
77,0.93910990564109,830,6,0.01169640939294262,0.44185787969084556,0.8018168286095778,0.28362063490433165,0.34951198311079684,5,2.6998249589153134,0.08478720570356137,2.348741823111346
83,0.9391465702641307,592,5,0.006486278898477592,0.39940675646863427,0.8625366932535655,0.332375775308225,0.2646539102954856,5,2.560314642498589,0.10652545676729662,2.6200670017627066
82,0.9391745279262803,585,5,0.006296618464572051,0.44619602256760615,0.8294669775289594,0.473603782497309,0.3274897977651826,5,2.5671304342696093,0.06250400924208498,4.147893725808554
81,0.9392091658301492,589,5,0.0060481124309472705,0.4379921461060489,0.8355246408586607,0.6324114552673089,0.3675361094225642,5,2.822465570051498,0.061248907475053044,3.5762992784905268
85,0.9389105649739553,584,5,0.005970820194733861,0.5906462955147674,0.8515814330937975,0.33527671579975327,0.2417091760561425,5,1.3999450736625716,0.06290455221158181,2.2595254016210813
84,0.9394203683356501,554,6,0.0061631630760315,0.4115809628882155,0.8396486049350474,0.28539195803679934,0.3034974250907063,5,2.6701638161866077,0.07029217992007694,2.5925422270068657
88,0.9388050806071717,507,5,0.0052488807767633525,0.5928579168748509,0.8611890592615323,0.3386174632099285,0.25501744792087755,3,1.3454100528447595,0.0001895280899066475,2.14638421518183
86,0.9392611675618149,587,5,0.006838677920495627,0.59079084124093,0.8286893446970738,0.34154586621371263,0.26227840866896035,3,1.3557132933096998,0.07486789170774256,2.162593062111826
89,0.9384408874166267,511,5,0.0050087188499497014,0.3911087247177756,0.4152150220549898,0.34438012847731403,0.3642816258968239,3,1.3541601172578601,0.13688777571677624,2.366542181145868
87,0.9403823721935967,827,5,0.006974770135808843,0.3877275075388325,0.8321163133738625,0.3411947499336661,0.25497823220561594,3,1.3738277305823112,0.05154944075532401,0.2110186041066938
92,0.9385892089247528,755,3,0.009214408820463574,0.595109033947809,0.42775540435047427,0.28977619662221094,0.2345719392119062,3,1.378767155157393,0.01754872033048145,0.28786099604766824
90,0.9389125520353886,521,5,0.009017722883413772,0.597491964298561,0.858574378611922,0.34676178411442243,0.703414986910101,3,3.011614852847777,0.018441938037896666,5.34385486231337
91,0.9390309105564997,519,5,0.008907430612232562,0.5714292670805842,0.8568419443923778,0.34223317517926827,0.22457165534464202,3,1.3785547408382721,0.018735346231431377,0.23388128661969904
95,0.9392461414533513,513,3,0.009228987787327284,0.6046663735274331,0.42346527166099096,0.34775674438672605,0.4896421555783351,3,1.7643914317196472,0.018690092308619597,0.2628719100275218
93,0.9383651249595518,756,3,0.009156503037419123,0.5884412027457092,0.4262014638419813,0.3390465056723055,0.21532314300007727,3,1.4059111044738235,0.016963710931074006,0.8976350340675726
96,0.9393306447891202,698,3,0.008950903964508929,0.5279924770268707,0.4052907747566383,0.2007230014079765,0.6713630669898093,3,1.74304102631024,0.019020939195969675,0.22802187605037055
99,0.9380251193369192,759,3,0.009117386412306002,0.32971683035707855,0.322423227532981,0.44864968935790717,0.218739519903617,4,1.7312045935277882,0.04216668304318063,0.16319485844822929
101,0.9398148709966113,690,4,0.010720445880239113,0.3346344975357213,0.9538077457687469,0.4055753387239543,0.20317281564131678,1,1.7238290813313581,0.04679368629155748,0.8631659663648729
100,0.9393843225820578,702,4,0.010552615077440753,0.33383388365673405,0.9639180714422875,0.39835821159948503,0.4904309603868264,4,1.7397755773988788,0.017866183495010287,0.8625111861546085
94,0.9387665061509256,765,8,0.005056033368394482,0.8157431497566021,0.41099530463521927,0.28996142174179124,0.2165536563972605,3,2.1159026720826057,0.015857698184405657,5.3307820719487164
102,0.9404036976207631,704,4,0.010769179340222888,0.32358477817963305,0.9611063813753711,0.5083517264479114,0.39595346244395946,1,1.712740549259771,0.2529657153994231,0.8175076735912029
104,0.9403132153590749,824,4,0.007272303515239892,0.3663756850790204,0.3206020089240039,0.3961765447224007,0.39730673310903386,1,2.1156586682493987,0.046378016827613264,0.13662113158765432
103,0.9402283832815247,692,6,0.007278380312693539,0.3539211885610307,0.9190043982926949,0.20266658440165672,0.3950783395660756,1,1.0290924248173452,0.002108448570437096,0.136917047422808
105,0.9396169559208201,821,4,0.007321081027365722,0.327459124406533,0.3655182283270066,0.40526688432226965,0.5805923307179176,1,1.046402123304425,0.28281016023440864,5.54326926299331
97,0.9390312580835255,701,8,0.00930614751317287,0.5232755607688202,0.4361430673200942,0.4082099807733925,0.6966983465346985,3,1.7560317340711467,0.015925416620488932,0.3039144353651318
106,0.9396921866511091,834,4,0.007353683029751722,0.5184723070756919,0.8736492829474407,0.3938858350244863,0.4061398250225444,1,1.0815510353573923,0.3236506811907741,0.09112887576248058
110,0.940105212085099,820,4,0.00723309049646914,0.36984900905156354,0.7573050320566435,0.507121513196746,0.2802899008626462,1,1.0682405055299675,0.3383832010118086,1.6171346415177124
109,0.9399798033573115,653,6,0.007184494145211325,0.29963101737212733,0.7597402208576249,0.514981938765703,0.2888051861448044,1,1.062568006925445,0.23217709835528216,1.531745285785284
113,0.9399056381678434,648,4,0.007308330809814266,0.365958680298177,0.9444405630182551,0.4625442008764461,0.4061419731230691,1,1.9027062372982133,0.31500960489253815,0.07932884562045836
107,0.9397859323272415,820,6,0.007495279941798721,0.3681907160354168,0.9582020925323063,0.39081753008217773,0.204600407132679,1,1.8744888240823703,0.29194621999302545,0.3529991831266768
112,0.9288833228209017,831,4,0.08255855621056449,0.35895109389075197,0.952411661583659,0.5066188219565723,0.20033490895847278,1,1.5506704986116167,0.002093649990789353,0.07300274422460773
108,0.9390607321323676,819,6,0.010543449650951183,0.3767672351063922,0.6874143411596207,0.4098801050479441,0.28079786441808297,1,2.1070420393927916,0.00036867202644968636,0.09600637064933776
114,0.9393954632757546,657,4,0.010532110752843157,0.2921970151620654,0.31831033488933363,0.45196859858393257,0.4694110748836844,1,1.8932503321544325,0.3694557193436036,0.07760576766658535
98,0.9380959501454635,761,8,0.009142337828023253,0.5259650497897488,0.9650949116922815,0.40498800869004414,0.6742344318184419,1,2.107018238127611,0.01831017395512523,5.158873173687976
115,0.9268941407423507,654,4,0.10621482808085192,0.3700227381246125,0.9181068348254688,0.50415229622395,0.3873068426312208,1,1.9135126511856693,0.0011331880499603378,0.08908278375621931
111,0.9404015519283753,814,4,0.007141656045270086,0.2922131054319601,0.95230818356509,0.5195063364618494,0.5791060191465419,1,1.07909326406238,0.04700409624815826,0.11059562727531676
116,0.9226752513564878,653,4,0.12399127999763693,0.2976183752836103,0.3865033594960399,0.5090527830264736,0.3743614195508229,1,1.8878785316175755,0.4921645324601094,0.09771921711912926
117,0.9394074513927098,654,4,0.0070059689488523634,0.2884257788005674,0.6899030033848338,0.4968629383454821,0.2816958539950778,1,1.5509028142525505,0.0021538490883386417,1.6400874778129222
120,0.9399377087549446,653,4,0.0069040803417473465,0.29428594198573704,0.29747055589982524,0.5083116032517586,0.4714798845209047,1,1.8955277409513178,1.0219130048718086,0.12270647196002926
119,0.9401156665955541,657,4,0.006952314231776639,0.2879778214434964,0.7559162481339191,0.5061972225183332,0.2871894245435207,1,1.5204679853606577,1.0312173478161883,0.09917447281442641
118,0.9213709427706895,811,4,0.15402868560916116,0.2687732090547211,0.30526535406809574,0.5052704052664359,0.28093541301543395,1,1.561036767713373,0.4407381969652202,0.3665239202743389
121,0.9399902469097073,660,4,0.005527803584537731,0.2979688963657859,0.9120886128992657,0.4562560135322136,0.46648333192442515,1,1.9013766805816312,0.43097068163643276,1.5891016277462402
123,0.9403009945138111,651,4,0.006982283104028938,0.27930943751167525,0.7643342600320536,0.508749936692302,0.37916442336478107,1,1.6412541422820084,0.0010998462186307726,0.14614162360198044
124,0.9400643390454462,710,4,0.007023867213989896,0.3064225561301008,0.6059868677197667,0.46043797565887895,0.42733228777726956,1,0.9878489027533431,1.3834803643013152,1.5798746645823256
122,0.9393751084195612,801,4,0.006806555524923873,0.24684896770051004,0.2863009743204659,0.5075521199844469,0.3807191584422811,1,4.101696968625876,1.0051517664571845,0.14867009173809512
125,0.9400868740336425,743,4,0.006878389856166194,0.25561567680783215,0.27126038447848777,0.5922494231067441,0.6083196520243479,1,1.1060409652677108,1.1017046465572369,0.03826029437349898
126,0.9397000858464807,793,4,0.006785616134945182,0.28049672773123635,0.23652829029726394,0.5920062766934024,0.5132365918126927,1,1.0305491449915924,0.9058113133967076,0.13113385589314025
128,0.9400497804808492,789,4,0.005539804291632252,0.2615299529584696,0.26113735723456694,0.5987073522653766,0.6029314835348928,1,1.0958988459486039,1.386204534969932,0.03099083042070453
130,0.9400209190397074,796,4,0.007997883138419976,0.2537143342589532,0.3437431260724557,0.5838747889798593,0.5034463171546479,1,1.095331739634792,1.318947339188535,0.14197470858142888
127,0.9401773343792122,806,4,0.005517214996009812,0.31154163645894606,0.6320946938649681,0.5929868323584773,0.505752263887089,1,1.099568980580296,1.8192458712782993,0.15435552914178885
129,0.9406328473402692,802,4,0.0054263895274409765,0.2574767054667938,0.749746753743107,0.5331350432484415,0.5102610668554127,2,1.039536588847238,1.4207800828234285,0.15685583392023716
132,0.9405965641620572,742,4,0.008009155512291241,0.2466278224825766,0.7480730352532198,0.5312998676876868,0.3384805072823165,2,4.177257497931457,1.1946193271952958,0.03162975188314789
131,0.9403539772526969,786,4,0.005436974488131555,0.24229719512636613,0.7574350628974028,0.5840669162031749,0.5102960399979776,1,0.688166421449836,1.811643979354674,1.430288868653765
133,0.9400623916417518,713,4,0.005483978905172255,0.2575598805474757,0.7580499592583514,0.5281874519738395,0.5070138202117624,1,1.0375995114552217,1.2176674175774969,0.03138167650022795
134,0.9403146534739146,680,4,0.00796146058152907,0.2421374812197206,0.7490573989211531,0.5322763394179241,0.3333218634672861,2,0.9908383604962069,1.6989331913412864,0.19049800091050603
135,0.9396860292653656,677,4,0.005473323386099589,0.24879724930851946,0.2474793589152292,0.5270202292893842,0.6209485799013912,2,1.2703169067023528,1.5467101218801191,0.044315838738423964
136,0.9396952528204844,687,4,0.005560252977089932,0.24298721752393201,0.6103599403054635,0.5350757916186148,0.42555017225656666,2,1.2756743036546063,1.6185025770187067,0.056443982931636466
138,0.9393340063042863,684,4,0.005515733936309178,0.3447951009709007,0.2650732594798153,0.5378942390478371,0.617330132149286,2,1.255798587015608,1.628241012224584,0.037299764889998345
137,0.940826715239465,735,4,0.008019292320579356,0.2454040834765568,0.6372531090444844,0.6132364146978364,0.5969069245957531,2,0.7286838126292063,1.7428759148567021,0.036954719284487715
139,0.9399027024515558,746,4,0.00797810165478721,0.22519963326845094,0.5435955083048986,0.5361125913726569,0.42535818656742064,2,0.6637059080326131,2.7135459456763256,0.18322394905536976
141,0.940096495209773,742,4,0.0065188265604695,0.22952999647701383,0.6083610337706878,0.5358435353138964,0.5623331674660988,2,0.7088215905757056,2.7865455009753446,0.04325684838081762
140,0.9402185377260833,852,4,0.007863408169541019,0.23603045046092977,0.7556145798554348,0.5371301957578556,0.5841689326477808,2,0.6569554408710702,1.8373400388986767,0.039561378693326724
143,0.9402467448145367,742,4,0.007920705186324867,0.22757189658393637,0.7130744989665503,0.5502971698008636,0.5830064475392998,2,0.688063096871911,3.2412947863758026,0.18610419636958345
142,0.9401605059308877,854,4,0.0054674599700954415,0.22814792837156775,0.7481196603164703,0.5441658283186199,0.5552686672482311,2,0.7463540097922612,3.22161081909562,0.03216396028321789
146,0.9399668874579958,851,4,0.007756771961027364,0.2252414877290776,0.7144534864162652,0.61462627182221,0.34171089205050625,2,0.6986029778179028,3.5540376559570173,0.1961361307370141
144,0.9398182252064045,851,4,0.0063782116737292754,0.2295829994305621,0.7183977233316264,0.5443387813150522,0.33786945830566834,2,0.6385026094802518,2.493162025963272,0.18367609269755295
145,0.9401245405363976,738,4,0.007866993982242769,0.23162536195197653,0.7040613584885493,0.6162646638775962,0.5564021739126873,2,0.6669520760289123,3.7930801874598474,0.19266630083585803
147,0.9403199091679154,852,4,0.0077962245837555665,0.3166567511662297,0.7024314422842446,0.561274933925423,0.5566617343796081,2,0.6912873638897251,3.4544237347105473,0.20608628209187996
149,0.9399758647176849,774,5,0.008013844930889094,0.2181742654880225,0.7126694516883473,0.6097293300153537,0.3417408150084945,2,0.7141162517521298,4.436598686792739,0.016428924799056086
150,0.9398819927629637,846,4,0.007820066939377193,0.20077723394130784,0.7122527659538828,0.6149017427073741,0.5514784030487789,2,0.2746968972355897,4.5757844642486,0.013294777210838792
148,0.9404520090954815,863,5,0.006385898658222472,0.20048156825030203,0.7121275884518381,0.6139871765640619,0.5561348801745352,2,0.7285793209443858,2.781543273619668,0.21000623389737222
151,0.9402482142381177,846,4,0.008221579865930612,0.20094151435404212,0.7014102338274024,0.5703075365301576,0.5786996057228182,2,0.8688805791641978,2.1049627458587707,0.020659850776207127
153,0.9399010169976616,779,4,0.008322275612343834,0.20234066680539162,0.7145986661867187,0.6086708106033315,0.5800506829517502,2,0.3756572243775981,6.220258976890231,0.01625278074704534
152,0.9399702917617748,783,5,0.008232261466217531,0.3142974991698556,0.6937473860087507,0.6214751422784982,0.5858054530393805,2,0.8149234737066052,3.561881918602524,0.016246198297762034
154,0.9396435615671678,773,5,0.009866847092015059,0.2090262628308683,0.7005294050353754,0.5699946716636198,0.5858124418711401,2,0.8328715382789744,5.855437818224483,0.21911170141973038
155,0.9398113748538586,778,5,0.008491666389909985,0.21446096732609354,0.6984071198493212,0.6661192406385072,0.642569454152036,2,0.277803117812669,5.943813330721279,0.023827874270382673
156,0.9393274366867853,773,5,0.008558975225899615,0.2052053257475507,0.7791960551588799,0.6632572797097253,0.5787920699657468,2,0.2607358967976957,5.734921861147593,0.017935966910001905
159,0.9397142144377003,871,3,0.009858138036075836,0.2743636634804601,0.7805054769254216,0.6711709554300522,0.5846322622219025,2,0.8510424376988718,6.910675371432872,0.00756651420170824
157,0.9401149068367708,881,5,0.008320816227764784,0.20512279176380926,0.7762568568242704,0.5736000207216022,0.5909595753453073,2,0.3200288879025374,0.6653914357222449,0.020056753364763907
158,0.9398309866492639,873,5,0.009698404618154471,0.2755971777849935,0.6788557680246922,0.569689588902383,0.5779482137052645,2,0.324847670220126,0.7378750206924332,0.00960463765368655
163,0.939665871654241,879,3,0.009585554049880757,0.2692825372184121,0.672534570338441,0.5703954197164821,0.6437460405715991,8,0.8951762369139784,0.7581911843560871,0.24374474401023832
162,0.9394499874483258,772,5,0.010093349008903608,0.2772465736605905,0.737318433334133,0.5624324707389778,0.5911016487418351,8,0.865384258164331,2.1465375278231025,0.00818409399011999
164,0.9400227474701858,871,3,0.006488060360856088,0.2759242637822833,0.7384128380676943,0.6665533868794926,0.541411949733637,2,4.21390721960379,2.22439675050937,0.11122198025930105
161,0.9391683611479145,886,5,0.009864075173595221,0.20644935069041925,0.6692763370198082,0.5748248211206038,0.5844503714870503,2,0.8424520933873281,9.65368649858751,0.007288616532324899
160,0.9400940593897179,875,5,0.00844506275143176,0.2698143832315587,0.738330379890196,0.6617898972721287,0.580242539641277,2,0.8593307801156264,2.2127777118052285,0.0659590660445874
165,0.9403133844262767,876,3,0.009865002112641599,0.27244158865428125,0.6705248916772327,0.5584583105365967,0.5435133476643891,2,3.84111153921269,0.7301973981025041,0.06348467365259652
166,0.9403139260674971,879,3,0.006333146544036833,0.2748780436936153,0.6735016518289523,0.5719504595796702,0.5407595365942073,2,0.9210860088511674,0.7979336035010359,0.0052828426724864765
167,0.9400342701305238,885,3,0.006444415089377836,0.2766028421753569,0.6777283401153578,0.5717871775896495,0.5402948289404965,2,0.9340405315198382,2.0233895534058877,0.12073996965402847
168,0.9402454131494166,889,3,0.006379433470909405,0.2703811816351042,0.6711453182061983,0.5560268379525972,0.5386718800137905,8,4.013988808590653,1.985841410763872,0.11881972101876412
169,0.9393157251303764,895,3,0.006241019602061455,0.3494821609472142,0.7289194599187345,0.5631393311809141,0.5445274691052099,1,3.943364356751907,9.57690558227043,0.11668303329259976
171,0.9396085213459762,838,4,0.006353502531058994,0.2448721176049703,0.7265725131010825,0.5577374638063793,0.35853612471715174,2,3.683528714134183,2.024499399744864,0.11603658875159302
170,0.9401211184909988,933,4,0.005987465262995074,0.24380123648727473,0.7341708838444878,0.5540273026527069,0.5410972062274984,2,4.497699176631774,2.3991345156452706,0.11901595644063581
173,0.9404402714484549,836,4,0.006313202886762563,0.23709301458069929,0.6373848738666839,0.5537901371771388,0.532846012379382,2,0.5359457859748827,2.0280944836225223,0.056984043285655775
172,0.9402744916644965,906,4,0.0063788799219259874,0.24204752716051306,0.6458426922311685,0.582191407052763,0.5293856312519929,2,0.5103032698267387,1.9858916396191817,0.07093789277805429
175,0.9398340194226489,839,3,0.0065317667542577045,0.35227115223383665,0.6419718915390116,0.5581086223622247,0.5368920420080965,1,3.946595168996022,2.9774070438686806,0.12470856131653424
177,0.9391248221689598,922,3,0.011016767091111719,0.24200775477831374,0.6433666265377708,0.49024953434349966,0.5259089002396884,2,3.9202125183576895,0.13062162858936424,0.317228035312836
174,0.9413489356478675,845,4,0.006402050986229156,0.23615758426327854,0.9787364247579997,0.55220989316305,0.5479132448315714,1,3.3210625348862597,0.0010250370801140416,0.3913378265469877
176,0.9400893933436741,925,3,0.006387863571817211,0.32374744344072526,0.6437253181284531,0.5628168958334097,0.5343873119056097,2,4.2452809578204205,3.01006072896657,0.30495113264169194
178,0.9404744146742148,951,3,0.010980355036999286,0.2514636440574741,0.6464687587593927,0.485139443452864,0.5194417191624959,2,4.552716690168264,0.11118270426639214,0.00432443269888396
179,0.9398404001440787,836,3,0.01150798038507696,0.24434583862418655,0.6337626941589242,0.9819505663750488,0.5223208666502042,2,4.620340609379554,2.5737651986460026,0.05724024263962635
180,0.9394145543024337,906,3,0.005866766408070364,0.3196378398191583,0.6400979402277361,0.48714251619890936,0.5272949936638147,10,4.1219672958806735,0.5670136581013531,0.05909591847780673
181,0.939855794652062,833,3,0.005018181740597412,0.2542921239090842,0.6394562110820639,0.48240828726375645,0.5648589442460579,2,3.976316429256778,0.5375567509600404,0.004956171708526147
182,0.939593347042805,924,3,0.007492092874356125,0.31326964579993277,0.629146313798656,0.6370564126627947,0.5199173905746217,9,0.4541476411320836,3.1346149143182465,0.31869379202130205
183,0.9404906252967156,918,3,0.005060389527318034,0.3231482876667399,0.6317823514667068,0.6376250193915496,0.524325179296623,2,0.4162070752623488,0.12334330329845765,0.05597619016651287
184,0.9399710901346721,943,3,0.00502686384354363,0.3190053780797172,0.6460140467470772,0.4823090135777683,0.5111325372476122,2,0.5499208187359758,1.2169636834645359,0.06643757891759167
188,0.9388141152662193,948,3,0.01660494140538874,0.31116445229727496,0.6250924791513224,0.48628825639092277,0.4977374652428973,1,4.675572103191476,0.17523296735458532,0.0034588958301382043
185,0.9392872800954908,808,4,0.005131767032912258,0.31322335763952264,0.6543873485825747,0.5880951325825955,0.4870585956859648,9,0.5507323050282207,0.5692976147990513,0.0625127145610086
189,0.9399996562300231,814,3,0.005041159512806593,0.25763428762167473,0.99438782737376,0.5179026171737776,0.49051332611435106,1,3.2949379825562595,0.0009792704012264682,0.004161915297900096
187,0.9409672622653715,815,4,0.005068730405220513,0.2578549118706607,0.9791994295637302,0.5247494173516057,0.4933266683169714,1,0.5340016961187583,1.251248374380107,0.06260716416904995
186,0.9406778703535504,962,4,0.0051213734840933655,0.25564388707208374,0.986215329579458,0.6354355463355359,0.5181239912984085,1,4.326404708367629,0.0009387581613850675,0.05735325026686392
191,0.9405963037776939,807,4,0.007459279663922998,0.3041049124375959,0.9803123867551665,0.5239432993351351,0.48947671198817266,1,4.946942001320026,0.17906360647031538,0.25668241027891125
193,0.9397948782781895,811,3,0.005061068373956937,0.3000451184611689,0.972493179003234,0.5226102093218262,0.4873789503044529,1,4.447300150450919,0.001248650293564837,0.41131953962940415
190,0.9403776090904554,947,4,0.007273052508214962,0.25593254338688887,0.9861379612199503,0.5222905469746372,0.49089890021885507,1,0.5349825035056098,0.1871374098830056,0.40663094240202663
192,0.9405562400689977,947,4,0.007258927224791918,0.259623842622824,0.9794298841558374,0.5232142439458739,0.4957816703057039,1,3.1779070879049867,0.001087323713876293,0.7293714684080675
194,0.9396947529242521,812,3,0.005821619409165476,0.2932073328812952,0.977182362469009,0.5267455852575345,0.5539931925951999,1,4.373385687598546,0.09918593865286339,0.003157693498637375
196,0.9397366575869229,815,4,0.012333719005191247,0.2602937095705422,0.8149722620979595,0.5260018892046691,0.5505712778834357,1,3.823074890839916,0.0011350217638410327,0.7343944153171343
195,0.9399453428696418,963,4,0.007291011591640451,0.2601052414965704,0.6624588649679227,0.5211755005015949,0.5569881324643369,1,1.6403424678943734,0.13145500859242296,0.41318391854477404
197,0.9410576526880859,948,4,0.005787334326599932,0.2894623420639036,0.9743531283005974,0.5205763863006044,0.5653127021719464,1,4.845443717597296,0.10852606328857359,0.00019519122709374533
198,0.9401679292333952,860,4,0.005830043977351224,0.29018083470937583,0.9825708696570843,0.5221231862048563,0.5606219417031879,1,4.901094349662074,0.05079991757855242,0.048735275957537
199,0.9406225707678258,956,4,0.005816898555971763,0.2936045553833981,0.9969441965652409,0.7249976096164047,0.5555166460686457,1,4.39583250385933,0.11565779479349263,0.4264643150357394
200,0.940206427505038,955,4,0.005717727004081296,0.2933166756429748,0.9802634516415619,0.6352185506240705,0.5626669035863155,1,4.433432159534942,0.09693174040202401,0.047188226654603545
201,0.9407703355021733,973,4,0.005789400581809526,0.25879627768693264,0.9804014382098861,0.6321858346199486,0.5568629786699814,1,4.386164820694665,0.1387205318503952,0.7018048571756866
202,0.9406079036662598,952,4,0.005847642151417447,0.25787984902362104,0.9758495993569263,0.6326820279396678,0.48006646429645705,1,4.751931699162757,0.21651322014174423,0.7038528494669364
203,0.9399305724492304,953,4,0.005794687034703797,0.2219402515034107,0.9879191829239397,0.6446100749144785,0.47825006303267736,1,4.815548717952509,0.09280208329912824,0.7077410755931934
205,0.9406056264771594,962,4,0.00578438756435203,0.22521673062043923,0.980762046406417,0.6481308064356763,0.5097381051298779,1,4.78113836442665,0.1282702254722812,0.430171614128645
204,0.9404829483934055,959,4,0.005900586776603387,0.2536696347052643,0.982980966539076,0.630565207095772,0.5002102420000129,1,4.715733567253691,0.14968860597174888,0.7851084712018159
206,0.9407800297320328,964,4,0.005833266867739749,0.22802592616805353,0.9855886697362537,0.6297400136768043,0.4808891130801892,1,4.736904866211427,0.09467577143205075,0.5688884947512227
207,0.9405344554469621,954,4,0.005553466104973428,0.2225982973100325,0.9816573799592367,0.6227718137670472,0.47622924028791547,1,4.723657632414826,0.16335959597868313,0.00020444052132982882
208,0.9403691338142481,960,4,0.005793708794253892,0.22231581549893922,0.9970190033571443,0.6831364869089743,0.5060305836710384,1,4.953654676907231,0.099978844942838,0.00014519527147958147
209,0.9401276181856447,952,4,0.005747112309098201,0.22105576755085832,0.9994115967531583,0.6896146069384982,0.48338716815790506,1,4.765873871808044,0.21158040174576995,0.00018270919689152443
211,0.9401591179100338,967,4,0.005775208286642698,0.2296930606800757,0.9903894481972676,0.7024132171672599,0.4763762990568342,1,4.735607999912867,0.22045893529688088,0.6610285448928043
210,0.9410333779775109,991,4,0.005769187755692107,0.3399458507222878,0.9959199497757278,0.7006029158391698,0.5115680611516901,1,4.745724763502932,0.21411770964429566,0.6955176424060808
212,0.9404668160427576,968,4,0.005812884360461058,0.25353308483218534,0.9990076261659948,0.688731829553904,0.47029476590762215,1,4.7730653431078025,0.1968502058837782,0.5393847130083635
213,0.9402559840240261,995,4,0.005823183382985077,0.2591590652497474,0.9991402565898229,0.7226351562096838,0.5004231002202901,1,4.666815622509354,0.2442573128634985,0.00016892955729242332
216,0.9407683160883744,992,4,0.005405202971494558,0.2176145687519609,0.998629423376166,0.6273200220328,0.458560771356474,1,4.699784343762359,0.23076213094992784,0.0002754830843509231
214,0.9404515832966028,996,4,0.005439413401384928,0.23141675735886227,0.9999479268207666,0.7145157395169696,0.509340560481275,1,4.939508903416862,0.1471810083153653,0.00020836090707784533
215,0.9400309054844836,996,4,0.005390060478710723,0.22292158035829593,0.9613296291846649,0.7345892313826428,0.5033343649469659,1,4.773242880506254,0.2188200216162358,1.092724961428358
217,0.940299273576677,997,4,0.00533058331705412,0.21953488528945028,0.9432295727244348,0.710273211915675,0.5025047993871433,1,4.786735824677471,0.15873678066320487,0.00016418135605534903
219,0.9404248863330938,988,4,0.00535605953558782,0.2339021055534509,0.9422877547151582,0.7282349303537203,0.4597963136781942,1,4.706359115383303,0.15509146066854806,0.00021626771705119017
218,0.9403443832108087,1000,4,0.005378052580575539,0.21979128380875643,0.9380722707929734,0.7427175577139935,0.46188659663376125,1,4.739450921658019,0.1517582020663508,0.00017962306924512419
220,0.9405092258197844,986,4,0.005346204614399133,0.25871467574900275,0.9648445840960622,0.7264458961944749,0.5042215830408104,1,4.552342014040985,0.13303248180092064,0.000266449410181479
221,0.9407697834247057,994,4,0.005379552128655778,0.25822281041739636,0.9436225263381028,0.7125511566564695,0.4608860878324477,1,4.621439494423111,0.14546936846644043,1.082701667220693
222,0.9406989140020474,984,4,0.0052781494154198975,0.25395562621222145,0.9647702159948012,0.6521371405471238,0.512207668097958,1,4.553771611271716,0.14379114660550188,0.5399936512937358
223,0.9405831582809439,985,4,0.00528972260584385,0.25591228051749615,0.9691445244409603,0.7203373223214855,0.46544527680053605,1,4.551322212625053,0.1548552133025038,0.5060385879183733
224,0.940446496669804,978,4,0.00547137757174799,0.25598685984005887,0.9607619818417579,0.754510893061695,0.4586274161525488,1,4.550228879502929,0.1274725554520667,0.0002307060026897694
225,0.9404974401660215,981,4,0.0051958741124720365,0.25759559321205616,0.9696505778571605,0.7401060362850345,0.46478026916463855,1,4.5573757394176395,0.1270318902499942,0.0002973001376562993
226,0.9404576885011113,978,4,0.005295863270823188,0.25295452075790786,0.9428951690789797,0.6510745405505464,0.46405127788595446,1,4.543384180441015,0.1304069202153696,0.00030820896322028503
227,0.9405703665729679,978,4,0.005365266124807816,0.25645438377842006,0.9699405036873731,0.6295187160594907,0.44910914756877685,1,4.600690419164431,0.13967416286762338,0.502367993111982
228,0.9402722520458854,974,4,0.005010025125647727,0.2593289586335934,0.9732639392094736,0.6518154462325374,0.46768480440935245,1,4.5501300771934305,0.12362143108965513,0.5662507287692375
229,0.9407716473384241,975,4,0.006038896512026401,0.25872150875052496,0.9712945331503718,0.6539096513584193,0.4498230352975419,1,4.555607180864031,0.12307324878676361,0.0002891875266231443
230,0.9402583175688605,971,4,0.005987898187866838,0.25705946697252247,0.9708255127515829,0.6494210933320361,0.44829211806580477,1,4.549537018366694,0.1924748387925615,0.5242375929278692
232,0.9406686801944224,977,4,0.005003715489944679,0.260755288319732,0.9726359114334457,0.7494348855471666,0.4434855751544218,1,4.3523009323131046,0.0005714403711452921,0.00032739698591595855
231,0.9406525916760117,976,4,0.005018180828548576,0.2559819507654259,0.9710557372179787,0.755137046624411,0.48186151041508446,1,4.604315553827195,0.12600176229125123,1.0233452671746746
233,0.9408435687347823,977,4,0.005045247251431808,0.2650503564258427,0.9706722121111132,0.7548313781495665,0.4489735435477716,1,4.547593069540326,0.11242796699914286,0.00032019408926712504
234,0.9401983707223363,977,4,0.005149994125514024,0.2652858369752452,0.9706523079033738,0.6573728175790665,0.4407582220936092,1,4.348522787834607,0.000539155763855138,0.0002721107687337041
235,0.940296482924223,977,4,0.005008937281832168,0.2833361827026068,0.9705392011581473,0.6550377026350429,0.4504675028422412,1,4.299560773437647,0.08547478010577282,0.00031219085689972485
237,0.940409751687661,977,4,0.006076857278315817,0.2804767209418314,0.9718330070000454,0.7801829455279203,0.4426608236771544,1,4.329195152659942,0.19615746874308954,0.5953089081788607
236,0.9409395279389082,984,4,0.005048279987171307,0.2694892209472161,0.9701794560943892,0.7857621659706312,0.4472318299768186,1,4.330658544398536,0.08474027165288851,0.0003152591429609354
238,0.940560491796035,972,4,0.006046498156145238,0.27864098819187544,0.9715917588183738,0.7942107394259826,0.4409323727725761,1,4.32696207380689,0.18861226653744234,0.9886115871343747
239,0.9404991172709181,938,4,0.005930062594992602,0.2755837662753078,0.9768834211855403,0.6518846087677034,0.4463428534634826,1,4.398564300433271,0.0005268199737812466,0.48351153325774215
240,0.9402456667502193,943,4,0.006006253009477497,0.2829183381669712,0.958291473705856,0.6810090600778551,0.48191301395345676,1,4.294480401547535,0.16737594149325666,0.00026180924693037887
241,0.9413086496471097,935,4,0.006063464728596521,0.23903997581485426,0.9779701799946479,0.6792119738340526,0.4424120487061359,1,4.327308361809251,0.0008927491329954111,0.0004516206538946123
242,0.9405895191735043,940,4,0.006565540672447067,0.27536294998295724,0.9705620206951866,0.7616607182518765,0.451785710614859,1,4.399667572944874,0.0003234442511159894,0.00044026405901060245
244,0.9402547306307586,936,4,0.005011015607449925,0.28113534162209963,0.9522409528282855,0.754128007909631,0.4416245168087617,1,4.342610969139851,0.1035765279197854,0.00043977880833011784
243,0.9401354140621707,979,4,0.005046740036440289,0.28116385858423953,0.9577474054583737,0.7955499076380927,0.4440447063087197,1,4.298214694707026,0.0004181789293664392,1.044709050986387
245,0.9404074337971974,969,4,0.00605279953060045,0.28283971490646787,0.952835253656884,0.7746170945868681,0.4406102961125769,1,4.8591530644763195,0.08190010147555764,0.000647760343825112
246,0.9404291985903634,937,4,0.006095452921412856,0.2387027777494588,0.9536591050402101,0.7698855371858818,0.41494911243328203,1,4.885774613482711,0.00036693410129166355,0.0005127114786940582
247,0.940227866687297,935,4,0.006038396699188594,0.2833232623560261,0.9537087662784451,0.6975625496210995,0.414609830564849,1,4.881693686584489,0.00041953605378248647,0.0004087065822936074
248,0.9407948872951071,932,4,0.006711379199227429,0.23789826891089616,0.9533376153852867,0.7542048344551192,0.4305872954530978,1,4.997516290173749,0.08513287947874909,0.0006162194251412943
251,0.9407473893258441,926,4,0.005005815808919667,0.23867533065632002,0.9503769029458087,0.702164819897149,0.42080684308070326,1,4.889075118087952,0.0785061059224205,0.0004169398768315919
250,0.9404025934658282,1000,4,0.005008043370632532,0.23685313330698468,0.9491986008320625,0.7589906523097627,0.41149220924542057,1,4.99424054413241,0.00040598851287215233,0.00046076077788192283
252,0.9405447194959093,931,4,0.006748315851028569,0.29618592509533914,0.949948000684941,0.7569703755833505,0.4193353763457373,1,4.884071902208981,0.0003096861671190056,0.0004330385948328531
249,0.9409109597563077,1000,4,0.005002216777202454,0.23866624326533115,0.9559362658724194,0.761840179668541,0.4298840490194688,1,4.908958742066141,0.08896449587740622,0.0005362382794417681
254,0.9400990656574146,926,4,0.006718621104979882,0.24146852332753274,0.9461558037006349,0.7669884258616539,0.4124738861965243,1,4.891477863834606,0.0002741832192367625,0.00045985966251986077
253,0.9406930352640996,1000,4,0.006758250828897793,0.23566627668508738,0.9264995883018307,0.7658613150514331,0.4126789627995941,1,4.449059427001524,0.00039612087423807513,0.0005136544360567885
255,0.9404915948240639,934,4,0.006660174088439002,0.2390289203256252,0.932528740685832,0.757327585096614,0.4235772132588887,1,4.99697157986422,0.0001458133762294769,0.0009157063759540066
256,0.9404893479000801,999,4,0.006764142379476454,0.23928497808730478,0.9273120385128214,0.8407250294424433,0.4274831271849775,1,4.4576770665583805,0.0003130604152881793,0.0003464375892237994
257,0.940303883266987,958,4,0.006801731233985638,0.23987410717330854,0.9222548733802248,0.7500992176336939,0.5213497635565049,1,4.157450167114102,0.00021076912971443695,0.0004790923632354794
258,0.940957624391246,999,4,0.0065354278482894,0.23839473099094893,0.9905375098107182,0.6941166787153119,0.4848863426489852,1,4.979406269845453,0.000881903505219312,0.0003532290066366422
259,0.9406948480402075,960,4,0.005416286563884037,0.23883004559464482,0.9218528676658139,0.7479663469712258,0.42723688595732934,1,4.653807661152443,0.0794369724225938,0.0009021883098640844
261,0.9407790915134255,958,4,0.00561371494375591,0.2383599632570786,0.9250689116625833,0.6732354969209964,0.43230899138863454,1,4.180623230237212,0.07923094825683989,0.0006044207291096827
260,0.9411070975392309,917,4,0.005567692214865289,0.23414487939208362,0.9071642383903387,0.9061929448217001,0.4221526060704002,1,4.174498778845551,0.07829303964274997,0.0008289417587430847
262,0.9406238721678296,961,4,0.005613501457320662,0.23986754524195603,0.9239441691800795,0.8157499632900751,0.4330393095248887,1,4.644410312037863,0.07030758945984641,0.0010387773647972359
263,0.9402396805189269,958,4,0.005603456186848452,0.2375558855039884,0.9276426476878825,0.8542513771339935,0.43320491955348633,1,4.62076900604916,0.0758048779230676,0.0003514373615346072
264,0.9408565211609623,1000,4,0.00564144374020848,0.23856346421547112,0.922394590936308,0.8333981214342845,0.4257763295869098,1,4.6294731910119165,0.0005880319203019808,0.00035871106826980593
265,0.9403814997233455,1000,4,0.005516130155814832,0.24262189911851,0.9124515281006265,0.8252524917867461,0.43315396360616853,1,4.647561480027097,0.08519258502907127,0.0006082993021323059
268,0.9011329360170602,990,10,0.26809275255797904,0.21986293979067248,0.9095757202912232,0.8023734637760447,0.42945449501794986,1,4.654514014698631,0.0686370117111376,0.0007279749303443562
267,0.9402959037125133,1000,4,0.0054355781636579135,0.2390568855451512,0.9896073941761049,0.7980745160192918,0.43614440782662145,1,4.634469543911495,0.0006370931789788844,0.0009112821166134432
269,0.9403975412786444,997,4,0.005518462822072998,0.20906891617553286,0.9036818253321126,0.7890308640413761,0.4021394357641891,1,4.656192311505599,0.0008604455837569701,0.0007955412312446278
271,0.9409159221917672,907,4,0.005531842775699784,0.21880303645955218,0.9104864717458483,0.9220683965235983,0.43162390075582663,1,4.662636602307492,0.07435861834574414,0.0007767530853366628
270,0.9398280895470904,999,4,0.005451652352543963,0.2089973973772931,0.897587921001555,0.8060749946033485,0.43118989707550487,1,4.622951495246476,0.07420469896058046,0.0009323194543953142
274,0.8975303665045061,911,4,0.2700062497572574,0.2174301103499846,0.9157216326514827,0.8777220599817751,0.41023267336090685,1,4.639151970627773,0.0008289378656013516,0.000754900203652955
272,0.9406571377052149,913,4,0.005452564257487201,0.2109716801492571,0.9346200221924329,0.919527328403203,0.42997381696834586,1,4.225957007361556,0.0006328723114219683,0.0015646587596845692
273,0.9407849472916301,1000,4,0.00544320204382273,0.2185538498799236,0.9009668258247808,0.6991434719263874,0.4005543454938513,1,4.214995372452941,0.0007500232894426646,0.0008136473675638538
275,0.9402833228167271,910,4,0.006312624287428791,0.21293496872514475,0.9127520168938792,0.9460158361327002,0.397498189162953,1,4.457360137113574,0.0009166012931569642,0.000914990779639198
276,0.9404196932565752,914,4,0.006341311347376852,0.21053804345758764,0.9054715300833043,0.9160416443867453,0.4216220587623932,1,4.465580652273244,0.0007256702486667779,0.0005955018772870228
266,0.9407024539770378,960,10,0.005533812977279829,0.23780315147685213,0.9090708861717847,0.7073373653071962,0.4301486153369603,1,4.6221971835564775,0.0006222706725302835,0.0006120407272506351
277,0.9407077555905253,918,4,0.006364528377452206,0.2118706009565695,0.8963333425906563,0.9014197611063948,0.4034878363997228,1,4.502256436892916,0.0009527353687435976,0.0005776718090367144
280,0.9396500085587661,919,4,0.006435274203297111,0.21274107530466754,0.8832663598689684,0.9345386218239695,0.39747790296938357,7,4.836630012531788,0.08902749847547235,0.001613662378540085
278,0.9405154646082547,965,4,0.006298229396898553,0.21325728371042946,0.936026037770414,0.8917683024255987,0.4144839691579174,1,4.800663894308146,0.06000905333882992,0.0006898004488680589
279,0.938948793990425,912,4,0.006265699469962714,0.7876413153881484,0.8883795206262238,0.8998966719749653,0.3936729164371802,1,4.464883220217125,0.05782486765354476,0.0006372752666101833
281,0.9381285258469207,908,4,0.006088224985387306,0.8420379493805188,0.9360873047264979,0.9138676786875239,0.3954871347282674,1,4.860998893049479,0.059626211986074235,0.0006151547295865978
283,0.9407619280615716,902,4,0.006300293582464448,0.20061785641360066,0.9387302288970284,0.9283370236633502,0.3955456499008131,1,4.847453329255447,0.057560622057231725,0.0006187366108084666
282,0.9405172163323176,907,4,0.006254170243522368,0.22532184156204216,0.8829755764939837,0.9118932657829498,0.4021046026443366,1,4.4727267492244875,0.056518063446705936,0.0012396948765635756
284,0.94057351414507,966,4,0.0062518507852052105,0.22420585621752684,0.8859367825983223,0.8900340952400577,0.3974117813127259,1,4.821579254699576,0.09564594657965336,0.000644684755335564
285,0.9398070980798285,967,4,0.006152442512185234,0.2246767861923086,0.8806869340307678,0.703962474599562,0.4027537796919212,1,4.872118148230019,0.05203432218622016,0.0012980225653813516
291,0.9346936062937917,940,10,0.05199692172892036,0.6558696165406674,0.8719867385278739,0.7073652313087861,0.373731626932145,1,4.940842368143123,0.0016588460459256477,0.001282922123166978
288,0.9404264413339002,943,4,0.006103312927401178,0.20168650988357184,0.8756364793895338,0.7029507779891921,0.46049635015342605,1,3.6093733638629972,0.059077541533570525,0.0006059260756680975
289,0.9384121068563992,894,4,0.005928917588576273,0.7934110771389651,0.9401824834004701,0.7051571869219968,0.45378776935042675,1,4.083118606509073,0.0016792984965355007,0.0005880862262807162
292,0.9406208863575563,938,4,0.005937867832114423,0.22441881990111284,0.9431739924938494,0.6828727936104013,0.38398495635134255,1,4.9769579853190775,0.09957302457631148,0.00036905828642626505
294,0.9395629086847379,893,4,0.005816096800176084,0.4629357731962725,0.9503002302127646,0.9348025585291126,0.377960639535198,1,3.585387619231775,0.0015751656923722965,0.0003808092801322207
293,0.9397079015518761,895,4,0.005830441398540331,0.47027555247385233,0.9456691754595248,0.9579744602082584,0.3703741051910381,1,4.958568461752886,0.08969964575044923,0.00035734016499828635
287,0.9397309270436827,932,10,0.006261487240259721,0.2245618293107817,0.8953333621979338,0.8876190501145322,0.38828370681194624,7,4.832796282670531,0.0013391390969437545,0.0005415967782976035
295,0.9402204642572837,936,4,0.006982827994317171,0.2082804824279237,0.9995890298207664,0.9561615920620522,0.45648831619844465,1,4.998649304886973,0.0017643494144485273,0.000359359102605984
298,0.9082572144784227,983,4,0.19611258125661615,0.22806801127679083,0.9498076867933911,0.6781491674691108,0.45898624228581875,1,4.220191161477883,0.10095277699155034,0.00033464330624985867
297,0.9407088023461018,925,4,0.006914992324029089,0.2264374167725794,0.9434813958347116,0.6887236633059939,0.38038435022788686,1,4.120028118498884,0.10289460035381483,0.00033765716594160735
296,0.9406513935948535,892,4,0.005767431569352983,0.20603389920942863,0.9429741442338818,0.9588152900873242,0.45647879338373004,1,4.14748389245543,0.00149518311443967,0.0003973056699264295
290,0.9403553694480496,898,9,0.0058598359621548374,0.2011846098122201,0.8781483882673916,0.6768547370268111,0.4570558814457609,1,4.068765556203458,0.0015284518128400525,0.0005635450501941961
286,0.9403378141151201,982,10,0.0062118365679774525,0.22414448430236877,0.9404948120596393,0.6783324194825018,0.45785534203032,1,4.858789344986423,0.001401725022466095,0.0005635383723123622
300,0.94052568169409,979,4,0.006859400329006161,0.20600217294962758,0.9976181108268178,0.6712777100173519,0.4569453617384386,1,4.172319239046642,0.03700354155121814,0.00032214455868506665
299,0.9381392156947463,987,4,0.006916407926733329,0.9207816776185338,0.9895628365404032,0.9487187553451081,0.4617319756093442,1,4.9997158047545405,0.0012354132095190645,0.0002599795225739154
302,0.9034131954613261,977,4,0.23272380832167872,0.20167361355714875,0.9919825862156793,0.8662838687534208,0.45051553148893586,1,2.9400102415521094,0.10713529272294559,0.00027786011355490165
301,0.9400736033019284,983,4,0.006941660986402166,0.2003162456352623,0.9885961886588767,0.6680967691440686,0.455722346421725,1,4.203896196052209,0.03918692467203528,0.00011074889512383777
303,0.9393569284772474,983,4,0.007117556823980956,0.23122858565199425,0.9879165748829618,0.677980072760309,0.4642768148571002,1,4.223935047806512,0.03967612914164027,0.00023003832470331026
304,0.9407564657298799,983,4,0.006872025586844681,0.2338547853008443,0.9892816598535701,0.6772866186966222,0.4186257269392453,1,4.730645814133452,0.07802225917144469,0.0004601589332260046
306,0.9399052551575776,982,4,0.007078346782350077,0.2426509992926842,0.9872082986722418,0.6786711960854942,0.35756791605289256,1,4.77599147058089,0.04351724781671967,0.00010175204353237308
305,0.9404074348408221,983,4,0.006966765700248726,0.24250318554062664,0.9847884458421802,0.6747264194844816,0.6097652374468948,1,4.0319120238936605,0.07813300310087848,0.00024727030985994224
307,0.9410260548629749,985,4,0.006892681714510391,0.24437663774368726,0.986529855907458,0.6781592511157498,0.6043280426149444,1,4.750488760834027,0.07310900937899051,0.00025180241448399994
308,0.9381609001288105,984,4,0.0070356160686743585,0.9238846479026049,0.9888787312602063,0.6918838684444704,0.4786862971791728,1,4.729679597693257,0.07836066087994248,0.0002553957261265699
310,0.940678650984828,951,4,0.005022583866114508,0.2444185143423438,0.9585501507810875,0.9774592282209575,0.3620372465200411,1,4.756736524666787,0.07728897536927805,0.00025713351959181125
311,0.9403673982663682,949,4,0.007348451388000956,0.2674320655055839,0.9623742480247226,0.9954105470370214,0.3598369126283921,1,4.732292012953794,0.07442522937092179,0.00021467088832337404
312,0.9400326420759881,948,4,0.00502162380444761,0.24216974881815734,0.9608866818603545,0.6891297091237545,0.47728442964739853,1,4.748050992462766,0.07842104328199989,0.00024364853707806335
309,0.9401643318590465,980,4,0.007173172110789891,0.24371086576767173,0.986578393492496,0.9922312343511804,0.6074647173830245,1,4.762842051595511,0.07578695449873053,0.0004566813079946521
313,0.9405860365978729,951,4,0.0054482606630717545,0.26800091346800314,0.9608908032660399,0.6942053862600321,0.6109338305191112,1,4.729839299730625,0.07691369414466863,0.00024804451104796165
314,0.9406872676721824,948,4,0.005464886120634093,0.27001841237800095,0.9591771564992011,0.9946726834791491,0.42448209845680496,1,4.7864134809867735,0.07781185866274404,0.00024253206187213128
315,0.939474657692663,950,4,0.005040868128959181,0.5523252478741892,0.9606086133822663,0.7293168365907954,0.419370982227598,1,4.755668383158252,0.07156116024263888,0.0004445446764659612
316,0.9406356588652173,957,4,0.005014149832528877,0.26764307117654174,0.9602475063623723,0.987788414331944,0.4199604155821358,1,4.712465248219983,0.06916786152084693,0.0004450354449918884
317,0.9399002781113724,1000,4,0.005010130260521981,0.27012698056378115,0.9619481735646982,0.7325690765011291,0.4228533011243199,1,4.730400748825064,0.06818530549178349,0.0004829716948855877
318,0.9410454548025659,1000,4,0.005407611646120827,0.2712881225571787,0.9634183045533395,0.728771605154176,0.6208419714808392,1,4.721833420290002,0.06531671881193846,0.00014370269514610607
319,0.9410699142347132,951,4,0.00543785503031005,0.27084302049072345,0.9606792251824341,0.7138659660279569,0.4209393682689461,1,4.712643136094849,0.06983672152981656,0.00015713577347588486
322,0.9405755873055412,965,4,0.005476379884562642,0.26644357311275557,0.9622004478331432,0.7302147291154385,0.4173935307544282,1,4.8707884511467014,0.1088487464133646,0.00015005264582788682
323,0.9413162399295695,997,4,0.00557662419231772,0.2703038646735374,0.9738377842470891,0.7265274615371864,0.4135157177438808,1,4.8781160670865376,0.1101335230433831,0.00013729616327576695
324,0.9409145414762861,964,4,0.005653710973411447,0.2696973214810727,0.999929564840268,0.7194453976055928,0.4144313575851944,1,4.886122142232968,0.05105800692098094,0.000461542314683572
320,0.9403386985870554,963,4,0.005474452757964495,0.2671047177183001,0.9627769800312644,0.7315517725273654,0.6281172825725069,1,4.8235011417483316,0.11483921059613063,0.00013695972745553713
321,0.9403640294458292,1000,4,0.00548914789345683,0.26726153091601124,0.9670217825486183,0.6609082967164616,0.6037374524359781,1,0.11305442525343617,0.10922425109900576,0.0004677239737498118
325,0.9401403827593784,967,4,0.0055861812638355575,0.26737712887794585,0.9762964324382037,0.7168541072989258,0.6248557029577776,1,0.1253319032985476,0.2805049191018438,0.0007735245416895904
326,0.9406660763507901,995,4,0.005666832510543542,0.24770556033349092,0.9766401151717536,0.6053420301148144,0.44089375717037316,1,4.8634307074370575,0.11412098271337667,0.0008254188670751402
327,0.9405750409680096,999,4,0.005575721421369303,0.24955723567637064,0.9792244230307544,0.6628866315873986,0.6238566522492208,1,4.878301805132532,0.09950100314701793,0.0007510750140227168
328,0.9409266746570749,998,4,0.0056147986459589875,0.26684419255067654,0.9996235478804559,0.7200516168016207,0.6386366025009587,1,4.539310361896038,0.11363201571242024,0.0001793248436055104
329,0.9409514774417496,965,4,0.00558459406839393,0.26555260486602517,0.9735216384243787,0.7358523590982712,0.6386911707058099,1,4.523479254188403,0.11953148737648284,0.0001281919593590045
330,0.9401680356831148,996,4,0.005635992132124739,0.25463304362208206,0.9237113743215326,0.7156085416717595,0.6275292125088677,1,4.529655340729117,0.04812056477660154,0.00011646620559714278
335,0.9403763212575728,964,4,0.005761464103421816,0.2998274644540301,0.9249617036767015,0.7168498695654851,0.43991600998654073,1,4.493443208073935,0.04968800951758036,0.00014899943984774915
332,0.9399349807199728,965,4,0.005682273036551112,0.3000847894867273,0.9803883917837485,0.7192345703405547,0.6465124989864874,1,4.900370205927731,0.11264879723446643,0.00012607414359177343
340,0.935792650598645,105,4,0.006501184638608327,0.28313063651263976,0.9972428968729168,0.7406236111000366,0.652100516343946,1,4.5260344849664955,0.060276593396797175,0.0001413764368377154
331,0.9400966820185948,999,4,0.005643973748692796,0.29013354301449684,0.9744643693627597,0.7183789766524716,0.6391197876997555,1,4.5207676891452175,0.10622179137726737,0.0001258137732441532
333,0.940758238848249,968,4,0.005709211595072116,0.29189935453980903,0.9778727435699955,0.7117704702176274,0.642619754552101,1,4.528299793391836,0.007890901162330212,0.00013884663208354661
334,0.9404738772074932,967,4,0.00581844817471147,0.30304949652733165,0.9744350753069635,0.7083615534848622,0.6347400655314872,1,4.518179447482055,0.047798364694553105,0.00015059524242227204
336,0.9405169382063343,968,4,0.0058238668175947935,0.3006249879835658,0.9789531948981466,0.7200306119054757,0.5988170872915921,1,4.524460674082505,0.050791400481926915,0.0001857253102647175
337,0.9404060353400963,969,4,0.005860050054642261,0.29406203385174523,0.9215427079672437,0.7172723406471394,0.6391278036097541,1,4.527667006886695,0.04693762906632996,0.0001639167999513371
338,0.9408470513104138,968,4,0.00587166628060193,0.27243087926705534,0.9794247288287257,0.7412439843305456,0.6614075666887662,1,4.4884072991681885,0.052774972963111635,0.0001688975630110824
339,0.940578863765294,967,4,0.005949206901808284,0.30152152372337054,0.9248464420313176,0.7372733460621587,0.6481558101116903,1,4.511760745873165,0.052340101161063614,0.00013149908708541156
342,0.9406434213457529,966,4,0.006453577247390502,0.2923971296686569,0.9979051011125918,0.7393742597033938,0.669522307554506,1,4.5461673440349655,0.05873637462074408,0.0001705493161568908
344,0.9402130012970377,969,4,0.006398899513682512,0.28786000348904467,0.9993237455946203,0.7786444070852236,0.5980818274696847,1,4.612694468413446,0.04895873182867756,0.00019384362771402892
341,0.9402335126969363,971,4,0.006426741924831359,0.28910907357820964,0.9994784001773542,0.7428201466592533,0.6661195188090255,1,4.626992582796857,0.05820216809670498,0.00016981445162361525
343,0.940413359498257,970,4,0.006360527464796321,0.29284123376334426,0.9793189494802437,0.7840570051474316,0.6931702347950411,1,4.986651658838839,0.09885648984904251,0.00017914756879083135
345,0.9401306206939133,932,4,0.006247236639063531,0.27904387420264953,0.9791685702902239,0.744772497459072,0.6688043788417382,1,4.987301749008098,0.0007122299305991394,0.0001856500063127973
347,0.9406497791074392,941,4,0.006428259614924869,0.2747159438151147,0.9962339344161432,0.7373634051602314,0.6660577327807176,1,4.977147056825284,0.0007213683903088936,0.00020229009075141343
346,0.9409337253855634,943,4,0.006303562143512721,0.2776412754899597,0.9959001666324162,0.781705240439515,0.6010570863663158,1,4.9764132714227856,0.0007511485795908866,0.000181508712951043
348,0.9407479309670645,942,4,0.006226930919349758,0.27776441085447,0.9948425293506153,0.7424532673155614,0.5948804643462378,1,4.989207320817097,0.0007695594904610152,0.00018799270131946146
352,0.9391561893530117,450,4,0.006498090081031828,0.3372583968897525,0.9990251226050403,0.7461804816919116,0.6586873382016858,1,4.999587525334305,0.035938918259340286,0.0001789814564952911
349,0.9407745726184646,939,4,0.006550136471082148,0.33358193068646796,0.9939966435940074,0.7794727638346877,0.6736019552662532,1,4.944812082125071,0.029854470261606703,0.00019499010179450883
350,0.9405376718982946,932,4,0.006491337835502036,0.2698770525546663,0.9968974505250296,0.7684693529318423,0.6178194410147455,1,4.390747816384133,0.0005084705775762244,0.00018476796037372
353,0.9404177009770185,934,4,0.005295197892112826,0.2744158807406434,0.4471928429717321,0.7734055483146348,0.7037139399786597,1,4.997476899302593,0.0007390553786113798,0.0001128059465246194
356,0.9403142798562711,1000,4,0.00528580640133223,0.33352205356560116,0.4457328885104882,0.7653681028481508,0.6134355161286605,1,4.693707497324091,0.02934035404066879,0.00012891063436040113
351,0.939822703400002,932,4,0.0065292890258558745,0.3387297238610244,0.9966824917122362,0.7422390221110218,0.6658136788614346,1,4.998226572133146,0.03330792951724041,0.00018537654868230327
354,0.9402521820992357,930,4,0.005263900660338568,0.2691969105005657,0.9487342722917895,0.7438763562852174,0.6538451381216414,1,4.365300815990814,0.03049483670427938,0.00019091868130174746
355,0.9406207162467298,940,4,0.005394349180398766,0.2727988461785648,0.9508062879352727,0.7698102626878809,0.6516696691503672,1,4.295015041240791,0.08696461022854794,0.00011220779371689615
357,0.9405548781387614,945,4,0.005278183198744109,0.27095167561359473,0.9581297401775148,0.8336216432537331,0.6199091751459306,1,4.8812830251401245,0.0005844588306217983,0.00020652773070988016
358,0.9398500348873302,928,4,0.0053069056579660824,0.3382756547315026,0.9627883507866857,0.7746653015685635,0.6257323858160172,1,4.8655972688984095,0.033932683498782715,0.002052578700580675
359,0.9402391482703288,925,4,0.005333101052184019,0.26735474518947244,0.9561284341320279,0.8318669892476864,0.6873217164367598,1,4.395206361272405,0.0004949601357981269,0.00011354524347097426
368,0.9391612311039484,275,4,0.007645894038600033,0.2505762144617793,0.9734808232862027,0.8155732016366865,0.6089109172155625,1,4.799820436709954,0.0010045728811526552,0.00010328783793314713
360,0.9404248101484904,999,4,0.005377807687314126,0.2503402120877228,0.9564078900957582,0.8340820882422209,0.6247850276731219,1,4.830610642152485,0.0009167397215333689,0.00010328883001245839
361,0.9406557215064939,1000,4,0.005302610783398118,0.252839142535782,0.9637251957066292,0.8324428198293893,0.6090014321981103,1,4.8168444099049,0.09017655985133635,0.00010350245591528934
362,0.9403975517148915,997,4,0.0076497703466422975,0.25435948005381587,0.9544413529647887,0.6993607440439791,0.6001982805885632,1,4.825572301392262,0.0008793864015372957,0.00010882134264353114
363,0.9404454697430971,1000,4,0.007721178059599082,0.2509087787232134,0.956012805408999,0.692608824925283,0.6245256518956984,1,3.2797398819175956,0.0010821942706307687,0.00010099525017915967
370,0.9387389544587853,329,4,0.005994934226152792,0.24833514724169062,0.9800081342868703,0.7288304876727658,0.40781213719684944,1,3.2702386906789735,0.0009507178668688684,0.00029419330433804575
365,0.93918388923986,985,4,0.007491000700090463,0.244224654503341,0.9623751858202236,0.8342033602922375,0.6244972096304632,1,4.825648871763966,0.0005037531760508526,0.00010770091084151591
364,0.9400109221586842,985,4,0.0053648187478785485,0.2516332279030624,0.9579708662492059,0.845894183242888,0.6185874555119952,1,4.831343547328258,0.0882316559011278,0.00012054298261959752
366,0.9326424329079248,983,4,0.036493927547862556,0.2498683708100421,0.9670154362999509,0.8255851540108173,0.6239828880572577,1,4.831064336113975,0.0010666706007565834,0.00010792392565330039
376,0.9374988893224107,200,4,0.03857700773994494,0.22212593740433811,0.9825763626308551,0.6979030222930439,0.5871631328955992,1,4.6656077271102925,0.06301108683499437,0.00035256751894118514
367,0.9403000542079543,1000,4,0.007673253868112055,0.25277722187070306,0.9660208388631976,0.8092074654033524,0.5988563481656783,1,4.831975053372898,0.0004896993711963075,0.011239845105119693
369,0.9403544714089934,986,4,0.0073589455296630395,0.2494439777001031,0.9785234548513836,0.6993157416567661,0.6019041487077438,1,4.7996160080906405,0.0010160304778242411,0.0002788684085339115
371,0.9397972765277555,985,4,0.0075066856037954155,0.24932605502755595,0.9791522284722394,0.6993702442684425,0.723461282946833,1,3.29287905997658,0.09281710754794037,0.0003491613645792614
372,0.9401978854368498,983,4,0.0059231630259739204,0.2304581759497122,0.9767412469228284,0.698821278697721,0.5749130792152789,1,4.676994357654194,0.06273276368436023,0.0002946862548602646
373,0.9401019564978401,981,4,0.005014044179373668,0.2254960562063679,0.9762753732742364,0.6942721770363253,0.5688992912837826,1,4.670548388276576,0.10558494060839425,0.00032598192351685276
374,0.9328386009559644,983,4,0.03574776018956281,0.3100656970864251,0.9793382500776252,0.7231280602143302,0.577629713827085,1,4.673066869431748,0.0942489734730846,0.00028738338975721765
375,0.9404942581543041,982,4,0.0057790160850933235,0.23014328096905493,0.9816030782096065,0.7592429170625683,0.5778283667906944,1,4.690835823968353,0.06307550990868128,0.0002975992627693557
377,0.9404978534414037,952,4,0.005838233115050843,0.22931867408874043,0.980130895577757,0.7596624872717472,0.7236314219713289,1,4.670010507716873,0.003645754493095913,0.00035011758802660207
379,0.940701825714967,950,4,0.005795675712954323,0.23007207566679838,0.9357226971913448,0.7591023001235672,0.5684119979618906,1,4.668042605198455,0.3858666291614023,0.001072729103171117
380,0.9401876339113991,952,4,0.005913293988527576,0.23364099734039262,0.5516904256760301,0.7575557714730221,0.5674440316751146,1,4.676471700759118,0.09400762665481353,0.00029102338135738497
378,0.9399687607643366,959,4,0.005984638286369646,0.2295188338364364,0.9809997579102469,0.7555281811588005,0.7230256425923668,1,4.690695963562292,0.06217857620230216,0.010057317107206242
381,0.940327558936983,954,4,0.005910934083691932,0.2297919754935384,0.9378559514607964,0.7589369952850784,0.5686209436370276,1,4.651896405713663,0.09672778456946583,0.001039137550910016
384,0.9404723832587318,955,4,0.005851999514419954,0.3154490916330275,0.9384620222849609,0.789816810045174,0.4117493517032857,1,4.665905586575811,0.16266914148395387,0.0010446029101165168
383,0.940145803346082,957,4,0.00590181998819185,0.3127155323382575,0.9316402579541581,0.7253622667214678,0.5726346253481831,1,4.6343848887783095,0.10913428574777329,0.00023277662389653103
382,0.9405820228172678,952,4,0.0050141188623361085,0.314169043221147,0.9354210877466436,0.7559400207696975,0.5649630107248791,1,4.670953315418781,0.39136573333429125,0.0001475645341943219
385,0.9405750837566224,954,4,0.005902602404893045,0.2286469640909734,0.9392637604601166,0.7562465255232871,0.4870659924960948,1,4.42107397656368,0.15711307719583523,0.0001522787479997826
386,0.940631677436978,951,4,0.0059755929444779525,0.23270760179221886,0.9343959937592106,0.7299541827984205,0.4391153990016761,1,4.428719214047326,0.1432263865234546,0.00014444279995280316
388,0.9401638789259256,917,4,0.005004774930285958,0.3867733972943686,0.9993711340944902,0.7249817858807462,0.43774163155224133,1,4.416270703458479,0.15747627494323094,0.00024122138713869555
389,0.9403049769856751,916,4,0.006749601888204536,0.31649886539016536,0.9361444147446258,0.8695033194398609,0.4340381523155113,1,4.451112655988371,0.15171285814146337,0.00024861334196496
387,0.9399375819545434,955,4,0.006054384452110601,0.3112166688465271,0.9365988452246707,0.7875449780233361,0.9554453125592194,1,4.279591421033698,0.16373971249871125,0.00014703958785192956
390,0.9398080999595427,955,4,0.005043602203511004,0.4036355286857364,0.9368537925046437,0.7200461442016876,0.4355946259463259,1,2.5005592939960617,0.1563229026094572,0.00016277640164912282
391,0.9404958580309728,907,4,0.005022945032562734,0.3120718500236716,0.9022774195149889,0.8689745750867195,0.40731554095602696,1,2.4566732426795816,0.1392329624079354,0.00023127938862355294
395,0.9281354697082399,916,5,0.07295684379634863,0.2837677592624773,0.99933978421133,0.7340231536926747,0.43855565066596175,1,3.751048780822248,0.0001019917317979392,0.00023394272833063257
394,0.9401016496721777,972,4,0.0066702009189640215,0.28390062509556463,0.906315119950124,0.7219656095082223,0.43564601879587495,1,4.427189631536878,0.0006572092756655221,0.00015022797763505845
392,0.9402340939958955,970,4,0.005017614511821772,0.283073424654674,0.9970953505596303,0.7193542395636472,0.43718624874022005,1,4.285688741013381,0.13255352041462728,0.0001485327127606474
393,0.9406172555872171,910,4,0.006538601068173711,0.28131569287711555,0.9898709284366495,0.8593239958215888,0.43081189891124816,1,4.4273712902241025,0.1312040084572748,0.0001453967827283917
396,0.9406472389249136,909,4,0.006752539692894355,0.27849817730393517,0.9873727905144034,0.7281324434147308,0.4338000276578342,1,4.910346789644268,0.0025202641040253408,0.00022131969441428786
397,0.9402988039455609,916,4,0.006700604695870304,0.28087612947761287,0.9070825187251476,0.7332732736989621,0.4063853362260948,1,4.9100310716919395,0.0006566767963544675,0.00021736948971056122
405,0.9399007122592486,974,4,0.0069154871264058655,0.264265515774677,0.20586927692575946,0.7815483028853308,0.47189470053224436,2,4.89110669144539,0.06933694521795832,0.0007355238670397768
402,0.9410119215754442,976,4,0.006943316773168617,0.26520751278104004,0.9684014310743961,0.714591471804593,0.4760827562852287,2,3.491673167691777,0.06773141047934801,0.0007334629155300539
404,0.9404504707926703,1000,4,0.0068845070776652395,0.266013623223618,0.9683399084096236,0.7056330087847762,0.38583300474602544,2,0.0003203273046099575,0.06591885571444983,0.0007567344589808082
399,0.9403947401899435,977,5,0.006767256555610967,0.2752610664124264,0.999949980480872,0.7298946845555566,0.40279360875700726,1,4.9104048155026545,0.0006063283918122695,0.00021324732948992554
400,0.9399084601290385,980,5,0.006789569303820323,0.26803738089317686,0.9016141047342919,0.710686003239172,0.40399043231623566,2,4.906460886756963,0.04253635074582504,0.0007786611674266046
403,0.9406676783147081,976,4,0.006753668775863572,0.2663505824332582,0.9684750071271674,0.7086057683863903,0.48630250707344613,2,2.7648285245845736,0.06986773866256965,0.0004001468464139696
398,0.9396278565808354,974,5,0.006656657432203986,0.2826262435784487,0.9088851529809494,0.7907705434736724,0.47562380206539323,1,2.503037642542095,0.0006716374622381986,0.0001519344397547001
401,0.9402327967703906,975,5,0.006755228833091966,0.2777668489984749,0.9099125015439969,0.732562312161283,0.4815218752709927,2,3.8121441207275715,0.0006296379470399104,0.00042111149882420894
406,0.9414002538053531,976,4,0.0054926772293079715,0.26084120998252563,0.963828385229271,0.7098864078754895,0.3930917886560199,2,4.90802764201617,0.06726802033003121,0.000418263570469071
407,0.9404874119762573,980,4,0.0055665536593612645,0.26633175515973323,0.9590471525006276,0.7888227843512816,0.38371159357349305,2,3.039038308348801,0.044952073720676486,0.000403542612402773
411,0.940134568726162,614,4,0.005490166896308812,0.26296877124727613,0.9662715231171086,0.7085411360808322,0.6373117172887214,2,3.4812593323812857,0.04039823886144251,0.0004683032675376571
408,0.940845893930619,1000,4,0.005499372182440754,0.2644484819305399,0.8517798521472585,0.7979653578974144,0.48343238381362447,2,4.754502128547117,0.04248382583072935,0.0003820484594092846
416,0.9399079101388204,874,4,0.008414083499475443,0.2619895180283463,0.9522730452896809,0.6855335456960991,0.3862549257045189,2,4.765870133969684,0.012382330048264415,0.0005258009849595999
415,0.9398324425057238,997,4,0.008448860936380975,0.25951020918488704,0.8445906883113851,0.7993963236909768,0.4176777523493729,2,4.262398527571455,0.04665974493526042,0.0005344133497537857
409,0.9408575230406765,988,4,0.008567957830784404,0.2671438220086268,0.9664476463336098,0.7072904161791113,0.6385224853650566,2,3.4338403221609837,0.044858335600701744,0.0007803637049887336
414,0.9399526576351803,987,4,0.008847319456350323,0.2570424636330305,0.9500262088181585,0.6864387497772491,0.41613170617408773,1,3.887165807027966,0.04124080350440647,0.026373263390524242
412,0.9400917968113633,985,4,0.008519033197368719,0.26142534182370497,0.9659044503160995,0.7944072096493313,0.49251694036814686,2,2.8482880349203836,0.04770595821673551,0.0004965988110366169
410,0.9407272275402206,982,4,0.005506623191633591,0.2673955725025361,0.9654278958612811,0.7974236449873151,0.6388027792379044,2,3.419513340726033,0.05343028877157532,0.0005416719624398929
413,0.9404983909081253,1000,4,0.005468432579402716,0.25678240817686443,0.9570463813171313,0.7390049881298987,0.683986616650882,2,4.5811306874796776,0.04395626579435699,0.0004940611158100231
417,0.9410122852786529,934,4,0.005529967314194962,0.30002680927945363,0.9524242109605847,0.6858789473180181,0.41921388534883014,2,3.460470844078524,0.04695197615432366,0.0005435787150359962
418,0.9402122123167628,934,4,0.008626667509875596,0.24905328492318254,0.9533766164066061,0.7425701605827593,0.42135626947661536,2,4.77366480330438,0.012934718200958525,0.0003765176208756193
419,0.9400369157191442,999,4,0.008711023924691693,0.29690096058695087,0.5738469656265215,0.8072617771971783,0.4962545880958964,2,4.765192037594635,0.04338479837455447,0.0005135876762054052
420,0.940371777315619,998,4,0.00545524062363941,0.28903268859233844,0.9711372240656732,0.7766273861977214,0.5001670299611886,2,4.554931510999701,0.04918981279488847,0.00038044197277637944
421,0.9403169546663832,987,4,0.0053765354053729245,0.2966457273555584,0.9692532489258533,0.8018481838538272,0.4959277612828261,2,4.575079085540304,0.05426092876981418,0.0003637967197320259
422,0.9405628013375011,1000,4,0.005526784557918799,0.2923420720275537,0.9721403608334929,0.6889614637297956,0.6542760468098523,2,3.5804424297605704,0.05542869626523432,0.00038434297514847155
423,0.9406168130903432,985,4,0.005432791139828429,0.29762097029192586,0.8077558626729063,0.8023960290043113,0.5074571114362754,2,3.3950723459423244,0.04866188597750754,0.0003554094588147084
426,0.9401186544930766,958,4,0.006167148727197444,0.29760494550850336,0.9810567481435141,0.7756554984690397,0.651673468414193,2,3.616014315757289,0.06334141192730841,0.0002868541302882773
425,0.9405542592693129,967,4,0.005388502416622075,0.2968111159505057,0.980931810980366,0.7695749174466485,0.6803188544297545,2,3.617331201574543,0.05319271150924993,0.00034761872792911315
424,0.9406183294770356,999,4,0.00546364789461288,0.2970341052857093,0.8057675477066498,0.7404268600519114,0.6837283420795724,2,3.4590895949145835,0.06103720236579485,0.000374185345457324
427,0.9404916344818026,940,4,0.006185731830604743,0.3043292557334729,0.985374918305242,0.8124363435280929,0.6465009237423678,2,3.637992531882021,0.03550613972619103,0.0003855892965260027
428,0.9406097915833463,963,4,0.006227417355888789,0.29309367021575305,0.9843851840521098,0.6909861598078768,0.655552397890068,2,3.6142685657006792,0.0206786520707542,0.000397975745257854
429,0.9405292769811895,963,4,0.006177494041657017,0.2916678880199962,0.9849628322067558,0.6914584340028999,0.6464644308722216,2,3.3506885839569174,0.027867642886355945,0.0006563046661056665
430,0.9401558544955897,961,4,0.006126720366446492,0.2970616329359321,0.8066716843824878,0.6863778606905604,0.6500446979034589,2,4.791964900760402,0.03129970127065625,0.0007241094290291505
431,0.9401099788409265,964,4,0.006241213607591076,0.29884491712970807,0.9836435389989904,0.6875682693916639,0.6545886593284608,2,3.6466284894671523,0.06009167273154018,0.0006938343696508823
432,0.9403704247780048,960,4,0.006089024577244802,0.30074409081276177,0.984176110812635,0.7081289449935112,0.6527112205857497,2,3.3989632802240877,0.023824514954056394,0.0009242147295073351
435,0.9401799423973433,939,4,0.006105525419225087,0.35505747181978575,0.9995167377950736,0.7122529415053572,0.4691315427948127,2,3.5003457874043025,0.027871141948844907,0.0007318359371255094
433,0.9397770990877614,963,4,0.005995281985194828,0.2975392631236507,0.9854408615483773,0.709613114044362,0.530095189381824,3,3.389100293632188,0.06567678547470558,0.0006322369895187971
434,0.9402358869431341,965,4,0.006106168535646804,0.32566498855375725,0.985188514372007,0.7083403874716309,0.6362938822990678,3,3.4967071435477055,0.024029870494285753,0.0006115210770664284
436,0.9399310045098572,940,4,0.006245304286102759,0.2816277121707708,0.9478942522509357,0.700138979322472,0.8286334004184736,6,3.5466139086739794,0.024189762536153164,0.0006404359801164234
437,0.940341921300136,963,4,0.006276794192382736,0.2803203424300505,0.9514810680508086,0.7032090864560642,0.4713712684310459,2,3.48090886848341,0.02480971244084084,0.0007510238975339077
439,0.9406117076782998,935,4,0.006177681713178508,0.3565612947865439,0.9495398464665585,0.7091005150807886,0.5274736328960774,2,3.7352953097823427,0.07680195260196888,0.0010042893140408558
438,0.9403902369493531,938,4,0.006130294752505009,0.355441291958368,0.948018832682611,0.9311433896632173,0.8059043047729256,3,3.3716198825551578,0.034959274979256445,0.0009865617856600626
444,0.9065572891622935,925,4,0.2981305374137909,0.2743959153829095,0.9475192426990926,0.6658955894583677,0.4705267908722616,3,3.252519301986812,0.07859062973155975,0.0013712314550653874
442,0.9398768351696848,940,4,0.005026254181344381,0.2777900755201076,0.9484910094900895,0.7109224384307389,0.45228078152170276,2,3.5368064052419,0.07655788591555991,0.00018366185786308127
441,0.9406816879327117,945,4,0.005002862252865348,0.2759891381927323,0.9481235844905499,0.9298744656970047,0.5293385764014121,2,3.403573967518371,0.02486454866924486,0.0009142088109009512
447,0.9393869754760509,888,4,0.005041946523179763,0.24574569154047726,0.9279432281330261,0.6668880487747958,0.4516423679791948,10,4.911533931432897,0.07770960189333631,0.00021218747258075336
443,0.940271773022147,933,4,0.005020857614359266,0.2755136179178549,0.8584923353875723,0.9285487508137247,0.5317947847867341,3,4.922349511797391,0.08310371378729815,0.00019858697106342097
445,0.9406672013782191,927,4,0.005646805471564695,0.2755571102597212,0.865728999131862,0.9387900623931295,0.4676351764289104,2,3.2568422030854167,0.0737442340520962,0.0013398461764940004
440,0.9397757371575249,944,8,0.005754800440009247,0.24324039870185174,0.856346580943593,0.7098842201510264,0.46830738184673837,3,4.927694054810194,0.023242191375957302,0.00020957003820285666
449,0.9014732761214097,982,8,0.29708757577679346,0.24043947432001173,0.9229988565688981,0.9015447621324919,0.4494636247642879,2,3.183347646727231,0.08362806591846124,0.00019619091738561163
448,0.9406883629563074,890,4,0.005062530338587015,0.2452090400960105,0.9304108370639662,0.9281511237602637,0.4496207272168991,2,3.218457042967297,0.08240640545289872,0.00019515315128136167
451,0.9353938513347846,982,4,0.022134686559324563,0.24537187235305533,0.9265348221024907,0.9042263549355908,0.3923646687754498,1,4.923708943294298,0.005453402915514647,0.00017623562112394607
454,0.9405793626179018,984,4,0.005704967852711804,0.24163901833321247,0.923599486407512,0.49506091914264205,0.3954371313956273,1,4.757080678628987,0.03993185167485479,0.00013675422018987808
446,0.9407854524059859,923,8,0.005657494342980519,0.24023245878308946,0.9216154476401949,0.6717493883041127,0.4468042399703,2,4.9033851421526755,0.08479816781872926,0.0012744400219852686
453,0.9403345512224884,982,4,0.005592570649737936,0.24405986549681555,0.8554766078896586,0.7244808792461799,0.3951427196842212,1,4.769478717741671,0.0390200351454544,0.0002548719153423493
452,0.9388106253852151,892,4,0.005648479067879429,0.7625849027930245,0.9238916962413871,0.9025026783677486,0.39577609494955845,1,4.8409276512373065,0.09243477200858942,0.00023970063496559586
455,0.9399133985611297,980,4,0.0074430010425188585,0.2393362860639566,0.9177556347651968,0.9033373753275113,0.38499726656764205,1,4.774214661343532,0.03934482873364555,0.00027379257032948733
450,0.939183737914278,984,8,0.005077393910894339,0.24463946607763595,0.8586348065998588,0.7217589930088781,0.44950505308889027,10,4.915539791711409,0.005104760191545379,0.00019257698073874398
456,0.9401389571680351,982,4,0.0055639041987662246,0.24686754227095054,0.9244484867524494,0.7441208496098015,0.3908840615736588,1,4.755824817729091,0.0001375790857094912,0.0002817516092689175
458,0.9404389763101992,981,4,0.007549861110833178,0.25890850123251974,0.9694597673680377,0.5024933561961031,0.4170382852199328,1,3.0664421730959095,0.0001397617644684065,0.0002744255995978615
457,0.940428496230939,978,4,0.005577397778258737,0.2504586334284321,0.9650545224485659,0.7270464637474849,0.4123264927104941,1,3.068536001770181,0.04001515272205371,0.00013103945733895336
460,0.9411792245296556,856,4,0.007297015750135163,0.32157137251573126,0.9678808234891827,0.7254473798328297,0.37043934844134174,1,3.146142126615117,0.10918040707344624,0.00028217856860690056
459,0.9405814321256862,980,4,0.007175305280769619,0.25977192212615496,0.9678485448933926,0.7308378644658594,0.4156595417443169,1,4.784759220180989,0.05638660369945979,0.00027222151866721585
461,0.9414693208881506,863,4,0.007390932946181011,0.26198870341365016,0.973401665151807,0.742732184675461,0.42385442126647777,1,4.827554421424475,0.11371613569539797,0.0002611118863777304
463,0.9405763173210204,999,4,0.007359735446757378,0.26391192154678933,0.9670840686762846,0.7410183130369759,0.41569023799937016,1,3.0607811312541395,0.057830027588178574,0.0004904453945870752
464,0.9401171370627596,998,4,0.007313200301731328,0.26154118416398814,0.9675062470511605,0.748931020977792,0.4200327893105744,1,3.07249022961074,0.05938029332354197,0.00013156267955329205
462,0.9401276025312741,1000,4,0.0073503128796907295,0.3260222636750797,0.9678388848651286,0.7285104126940045,0.6120635302800287,1,3.107449537364465,0.06106477168445707,0.00030243733506647827
466,0.9408701415069519,1000,4,0.007436124297619671,0.2611830647582266,0.9640072093413837,0.746499277705445,0.42120444281546615,1,4.593780517466691,0.11558934589089509,1.9482067383828772
465,0.9404634096517294,1000,4,0.005490185382594852,0.2663448824461293,0.9677399918358487,0.7440432381251887,0.4192873107506142,1,3.1099895654793115,0.060373879840534675,1.910733052123497
470,0.9227124555334996,859,4,0.13105794355134973,0.3278563364828486,0.9737773590593912,0.7469625102310958,0.3707120059613072,1,3.3164454100873066,0.11524066005046579,0.0023461724792895665
467,0.9402466707171829,999,4,0.007007280533780681,0.26744587401929526,0.9667508711041108,0.7442873855967168,0.6304023727711825,1,4.606553422192238,0.06266865768743035,1.8982767466220296
468,0.9402344227376768,953,4,0.006917899486988126,0.2648632233291152,0.9698563254074859,0.8796383813495481,0.6071417824647751,1,4.539953323363896,0.11661081006982975,0.0004902998267637686
469,0.9403087361218526,857,4,0.006814136665852279,0.3332948454547911,0.9989100164114735,0.7425889364424524,0.37281677388691853,1,4.595477432930931,0.11609615446702691,0.0005119626160785591
471,0.9404580506388831,817,4,0.007820775416128857,0.3260947000981537,0.9680895906019863,0.6811592665314792,0.4272491779498864,1,3.31724633500835,0.11671198406321368,1.8448699418528856
472,0.9404649030786782,849,4,0.007897449692229067,0.329132286114882,0.9977671218529292,0.6793325581152219,0.4249090816417383,1,4.5981511158355,0.10754882326941873,1.9805145656533771
473,0.9403471655142649,827,4,0.007764164615549139,0.3145012605439652,0.9970176526487444,0.6823035534784795,0.40695627285299957,1,3.132609805218143,0.11998913505872055,0.0004565965499997601
474,0.9383503482773919,863,4,0.007199195605685673,0.9719509698005089,0.9991348922095853,0.6891073359123632,0.3754019197515418,1,4.990559694673606,0.12222062424494008,0.0004785314239788994
475,0.9407151225372987,866,4,0.008307476457042481,0.32098149233216267,0.9984724217419748,0.43581406443985016,0.3800382166265061,1,4.995914356483897,0.10704003230281023,0.0004904104651753688
477,0.9394525391107228,847,4,0.008031307492595141,0.31500752843220203,0.9952221467740867,0.6781955855417133,0.3850491154851604,1,4.989572349751483,0.11541321911025623,1.3208134242233012
479,0.9402478458385977,863,4,0.007913031936002183,0.3156020617934325,0.9973995761673857,0.6779089343092687,0.34892756443513356,1,4.9935447179592645,0.11685878744632495,1.2596476993125532
476,0.9402116237124305,859,4,0.008216000191762577,0.31204727645323427,0.9968562288797592,0.6890078468877918,0.5966394020256128,1,3.3114905976882083,0.12475245505458464,0.0005051728126852887
480,0.9402826006284333,836,4,0.008184449448654405,0.31947298470308116,0.9847115771857874,0.6841344629282254,0.3703931158087692,1,4.990660445268694,0.11841925813673845,0.00017209879435710042
478,0.9399548408980575,824,4,0.008062874257522439,0.3192965392559768,0.9974006593237527,0.6856355912413943,0.591158343943316,1,2.2606484620824814,0.1244013449054255,1.4026510510971064
481,0.940568384207846,884,4,0.008302346401047107,0.34524820563519787,0.9992702651178543,0.6925495871214353,0.40670949097530806,1,2.2596910854416747,0.21537373870890822,2.719164328323789
482,0.9403270037286415,868,5,0.007355269547431702,0.31070067989248484,0.9981643106396156,0.5429351381271995,0.36705186886876634,1,4.986534660945228,0.17295997286891066,2.7022747472801525
485,0.940577289979243,847,4,0.0065779783999241415,0.3110419108159047,0.9516635038592328,0.7123271312019767,0.36592573353537605,1,4.856654379211335,0.09613542601136431,0.0001521368749611246
484,0.9398445391596478,881,4,0.009232685726566455,0.30624633649513044,0.9838755032602345,0.9699673632846378,0.3548032615521175,1,4.860475286700526,0.2764136393605199,0.005751605848226506
483,0.9401466852089555,894,5,0.00878942013543726,0.30655328947868354,0.9995975777209744,0.7168754296828743,0.3528033962423214,1,2.273825304540515,0.2124037994355438,1.2274027739489792
486,0.9403173272404018,830,4,0.00907497511989879,0.28686030408352603,0.9494063772165814,0.7225970338952543,0.35284865826298834,1,4.847058425981493,0.17909476921049472,0.00015824148766665352
489,0.9404663829385062,830,4,0.008959117276006566,0.2836641025209281,0.9492589196891043,0.5426094162645482,0.402858848596063,1,4.8509726412695295,0.25560115920862725,2.348358304575399
490,0.9409869836413707,793,4,0.006519627268361031,0.2186835610759384,0.9476279334798876,0.7241882444182899,0.36135354545117593,1,4.824829530056088,0.09194621427589664,0.00023420022974660333
488,0.9404729160291424,836,4,0.00651626342031414,0.349156013946778,0.9495008011472983,0.7151569308019731,0.35182740827835646,1,4.822308028304543,0.30209926865445547,2.4939631674732974
487,0.9398744483999909,845,5,0.009167341279188794,0.2161083796218703,0.9497554871574883,0.7228485007905258,0.5873002512979858,1,4.849441069948003,0.18675059575520436,0.00015407956052468705
493,0.940658385880359,885,4,0.00968035593961586,0.2857018777407093,0.9476452472916205,0.7136953377168368,0.3216050118889485,1,4.850135363931783,0.2946185493696876,0.0002220479424925019
492,0.9404494428223386,901,4,0.009324889357042097,0.2820929331184765,0.9491889869929709,0.7174114553438592,0.3526173692709114,1,4.8240856174175635,0.2688849846607251,3.976405107307412
491,0.9400562008600177,904,4,0.006534700154844621,0.28581043448988747,0.9490183719687908,0.7175828259009241,0.3468878586348313,1,4.847412123959565,0.18794598340799964,0.00013691951056652452
494,0.9401930983303404,792,4,0.006471237902382228,0.284297655922764,0.948152532829567,0.7223685177016239,0.5500354603986574,1,4.829795032027108,0.1881040129199407,0.00023304697071329286
495,0.9403433484569164,836,4,0.006440156007073959,0.2203434846175616,0.9495244191778669,0.7224554898157469,0.4379218616674939,1,4.715009840958199,0.08980762681108775,0.00022382904147320358
496,0.9398344692248954,925,4,0.006457026651717273,0.22294307715172967,0.9500119038202569,0.7226048877942461,0.4340130276884287,1,4.7003329522603545,0.08002590641093975,6.28046450838927
498,0.9403445000967754,793,4,0.006311826072134867,0.2156072329454345,0.9405787633014995,0.7690982887302464,0.5503598999338701,1,4.712202280873042,0.0907195301562655,0.00024026087924053
497,0.940283200712637,910,4,0.006418170910153216,0.2123062619218179,0.9578770897519162,0.7256441656207715,0.4387800225295566,1,3.735423825747341,0.09273258795828451,3.8777735899723473
499,0.9402910738173912,800,4,0.006534032344852236,0.21564664363226935,0.939188422276596,0.7284334455528948,0.5439253341598262,1,4.69997839313089,0.09863878888423282,0.0002247064184252297
500,0.9404040545404113,797,4,0.006646857572194673,0.2166879780852067,0.981264759606714,0.7688702249050385,0.43590476385623644,1,4.731611221424714,0.09083873632584011,0.0002143351043298107
501,0.9401446918857742,773,4,0.006543723441904328,0.21823405847091418,0.9787699605120879,0.7616104991747206,0.43113925125194147,1,4.727552962170823,0.08483675358251248,0.00024441667447227546
505,0.9405005981743706,786,3,0.007089280302268237,0.21478025006281828,0.9782419820409216,0.771201407788991,0.5162729823151117,1,4.726123484286481,0.09010267272995812,0.00032672430444882766
503,0.9402498255946579,799,4,0.006445406399687787,0.2149503885251937,0.9683458742259453,0.7693267431894688,0.3359194511574397,1,4.705472495528737,0.08651599757276639,0.0003203752302417966
502,0.9405886185253862,904,4,0.006542334993896816,0.21554620815075268,0.9807010273464141,0.769295918233266,0.43552324606258314,1,4.739873335066253,0.08747287626831465,0.00024336096296226264
504,0.9390021315617094,914,4,0.006910809026931126,0.2184633913566606,0.9774178005570511,0.7627108944744282,0.43648056261455986,1,4.705875419211829,0.0979320578898709,0.0003083569509534691
507,0.9402514181659536,819,3,0.00707737376300342,0.2239052585796576,0.9788323233012547,0.7626302612432785,0.33212830824678785,1,4.6985260847267725,0.09132979161644525,0.00031054723361825744
506,0.939769222852133,817,3,0.007341106797116738,0.21631377526514012,0.9829341176620714,0.7639384069680308,0.5163060314982947,1,4.702509015421581,0.09488862865438177,4.9619587693112885
508,0.9403905583857612,786,3,0.007452743154888973,0.23124294531745346,0.9790912357350052,0.7491343213375861,0.7523734310069641,1,4.011087458509951,0.0705845156472357,0.00032137304206830973
515,0.9381607112327393,136,4,0.05151567149097372,0.25342491528596295,0.9703947638983543,0.7012928335044124,0.4039200182955528,1,4.374405782333986,0.1354985266331506,4.688777729194061
510,0.9402123051993613,947,3,0.007142138673855114,0.2337126407499885,0.9782399154325396,0.7576090537785604,0.514903600850095,1,2.931158523681788,0.07325082101281866,0.00031127910755734343
511,0.9399827150702308,803,4,0.005931423727663289,0.36969338607565355,0.9748408198320282,0.7003978352564484,0.5146432288568585,1,4.381452991544688,0.07106818298046406,0.00029936760312087256
512,0.9401303540478019,953,4,0.007359624556046253,0.23237468614411616,0.9763977154665285,0.6613852774956419,0.4059434194128356,1,2.6904491916567403,0.14686134283967428,0.00031657561322279696
518,0.940958160814343,759,4,0.005835526547488647,0.2550019360103531,0.9642246840017284,0.47385991439612274,0.4017956795009767,1,4.340724108803043,0.1502166928699572,0.8926841382790693
514,0.9412969412215748,948,4,0.005832592890163184,0.23554307688675535,0.9740065514390257,0.748441887218366,0.4035808207970179,1,4.455563354979805,0.06882491536906321,0.000317351258999438
513,0.9405027021217703,950,4,0.007270461008961935,0.22964326435704824,0.9782519671531728,0.7417450361626915,0.39456440899431044,1,4.582033916396803,0.15753697477619402,0.00031727971212016384
516,0.9408549202406691,951,4,0.0058917395531545855,0.23469875897004452,0.9623359120792734,0.7011271674805541,0.40440587035461456,1,4.605360890650206,0.07012867778618478,0.00013263069528453024
517,0.9406752978186596,947,4,0.005836772735159918,0.25322465672474165,0.9650019194925777,0.6614505845275955,0.3902731292720271,1,4.590759103411089,0.07023865450807026,0.00017109201074383155
509,0.9397568026745512,762,9,0.0072993904859276725,0.23043399951399135,0.9799816202791297,0.4645208806368827,0.40408258025910515,1,4.355041170945326,0.0727489478384348,0.00034574139299981194
519,0.9403197672349558,956,4,0.005838016528683662,0.36778876907187336,0.966603805542372,0.6583869856392411,0.393799752901724,1,4.5900398942582505,0.15110713738195322,0.8829264589056217
521,0.9393340783143909,478,4,0.005798787431344138,0.25317375766691536,0.9618612640624071,0.6654684699303094,0.3841490939383565,9,4.590633541265499,0.13786525381384537,0.00017252410184230693
520,0.9405393542213147,952,4,0.005881481125392652,0.3770661083086583,0.9618696530055202,0.7003081890762418,0.3818696511170802,1,4.565760701148339,0.1384850248327354,0.00016923282866704995
524,0.9402749049398785,766,4,0.005994797132096822,0.25546662152309696,0.9623373831326955,0.4612385854092685,0.4015336062272499,1,4.301605300970541,0.9077975546071676,0.936851128338928
526,0.9396296432663258,770,4,0.0058824944826190075,0.25324882407965943,0.9616053529876137,0.4920756516878709,0.37070186640249286,6,4.288327871593,0.49899697765807205,0.00016997414850841087
527,0.9406743481201805,755,4,0.005840816695137852,0.2004670296427405,0.9857349188703292,0.4963045616212107,0.3760319532313006,1,4.269829283484157,0.5265686699687673,0.9223875055390875
523,0.940758207539508,922,4,0.005726322217437841,0.2554879458425644,0.9598936312876928,0.494218125161868,0.387613611663339,1,4.243804682534543,0.13328630667124886,0.7337514460097908
525,0.9401540083234915,762,4,0.005847052755326005,0.25066378147275425,0.9606375621258587,0.5145418720535612,0.37937605850351575,1,4.2738711575579975,0.5129047458141913,0.7351561156638065
530,0.9401693318649951,772,4,0.0054575030264539595,0.20014434603087855,0.9398605335536633,0.48001991525317217,0.3689599138249334,1,4.286110011493746,0.13870274287939982,0.8457895949473593
528,0.9403437340762439,920,4,0.005750280253875307,0.2512135333683341,0.934680676327304,0.4216258105254904,0.3741158740045729,1,4.144615832220456,0.0012926988567171231,0.8206389651672351
529,0.9412959967412192,917,4,0.005536237106253137,0.25090458342096444,0.9365404211001753,0.700269378764795,0.37323493516939554,1,4.0956878515124195,0.13782670728652296,0.8052619969665858
531,0.9397068756687939,753,4,0.005379677159355713,0.20009408231058093,0.9302754509584256,0.43294473908845654,0.3689400142690289,1,4.34348592054644,0.4659796711057167,0.9962622315685691
532,0.940363076616476,872,4,0.00538662129755559,0.27148795810433085,0.931427539150489,0.44182224495364386,0.3768141845695295,1,4.14398982310621,0.063290870889094,0.00012344749439606727
533,0.9407559689645216,929,4,0.005333069346015574,0.27227997283907746,0.9870034877762796,0.4349580088199484,0.3689112224324844,1,4.124255452587621,0.06532018067007787,0.674573588296574
535,0.9407558875617947,875,4,0.005381143831846667,0.2733603057294631,0.9318059883603642,0.4411467992827902,0.41633773827028675,1,4.098868458655738,0.064590283054221,0.00010449457461204092
534,0.940916494098104,925,4,0.005356220597929632,0.27442368187515354,0.9351946056994644,0.43973919825470065,0.4147019749162245,1,4.1252739896449535,0.009814661235516869,0.00010108652873993088
537,0.9404846557634186,749,4,0.005470603264795967,0.2732678930234262,0.938808055567596,0.44422994307089936,0.41425422908462645,1,4.120886576710532,0.001132882592444127,0.00011936762339505915
536,0.9404582614510728,919,4,0.005362436010417769,0.2711098831343848,0.939495387214594,0.44184053097101705,0.4731933109569686,1,4.443842925147213,0.0021385162253,0.0001018150833623923
540,0.9392713225519804,727,4,0.005237634616219563,0.27237455616613016,0.9185246163121489,0.3794171679400159,0.3416660627372902,1,3.95486378366855,4.769531900474737,0.5898119804024682
522,0.9403581350535107,949,9,0.005738519003726348,0.25393619563156816,0.9597501726728224,0.7357968074998695,0.3907892126559524,1,4.490047495593787,0.14870351975713808,0.00017685709882995457
539,0.94023399067705,896,4,0.0053030319319058924,0.27562964710106536,0.9071362524571758,0.45435896122771324,0.3434802894435236,1,4.082028610922683,0.22145447150928285,0.3934279942287386
538,0.9406412866114243,873,4,0.005295467689694167,0.27402439372101306,0.9363899398845102,0.7356136227947242,0.4912133429013029,1,4.448214386357903,0.05907167821566946,0.00013172631969316049
541,0.9402123302463542,718,4,0.005275304341935138,0.23901250351799744,0.9090146356538141,0.6972745413038984,0.4959109231747443,1,3.9953516885496168,0.2025464268938822,0.39300397584246544
545,0.940582046820636,900,4,0.005044199732195306,0.28789813875571385,0.9115471026583062,0.47861374409058416,0.3353499188684535,1,4.492558170045459,0.17176326740246703,0.00013078100299218916
543,0.9405098238167389,909,4,0.0050142255705412945,0.23767612612301586,0.91166669886561,0.7380005177027307,0.3365134424060161,1,3.997187105110195,0.2088011481854704,0.36544914747013046
544,0.940274899721755,925,4,0.006135923069198093,0.29109475954741854,0.9404005576318482,0.6469843253358096,0.4955783787738857,1,3.8501232595198167,0.006819973828099679,0.6008130386194563
547,0.9408701989063106,913,4,0.006138304699610717,0.2924836746489333,0.9534277381338316,0.4599673210739524,0.49753616827096386,1,3.9073366259623654,0.009141399389903469,0.330662306275021
546,0.9406961682254558,896,4,0.006246865158158975,0.2928681019689104,0.9215679578935736,0.6423572585383261,0.49340436701174967,1,3.877652890569759,0.1085735881133413,1.1490494423395123
548,0.9405321824323607,892,4,0.006207378710173515,0.2886785406549174,0.9456061450081994,0.4025825674684882,0.6159040494458572,1,4.015035815409209,0.0027741481852139823,0.00013130683204212455
542,0.9407841301334882,889,5,0.005291593586572812,0.23864075122672324,0.8933999977489322,0.6977556413602148,0.48851791112363685,1,4.041829131091748,0.1908963514767201,1.2006640246827525
550,0.9406080654280886,923,4,0.006301103065390537,0.2886813748957011,0.9534026774750654,0.4662258789741089,0.31207046619472156,1,3.999747147388504,0.002668197004769669,0.00012427099288177593
549,0.9403641818150357,926,4,0.006246193737407273,0.2999534730171397,0.940833604608481,0.7016969336421864,0.8795001769680023,1,3.8076630768099946,0.009330337774578337,0.00012618755811918354
551,0.9404822606447267,926,5,0.006254350397905364,0.2931266307059487,0.9435226190419972,0.42418305480102514,0.32435565957404244,1,4.181543971989923,0.0041274994149713765,0.0002053307306071799
553,0.9396705742271495,936,4,0.006239545841000626,0.6967651269500277,0.9449735884056969,0.41453738916925925,0.5995773703515817,1,3.886563876988543,0.0028466957758686634,0.00020057667406674637
560,0.9391367706281762,400,4,0.006878230976202161,0.25758888274634606,0.9850150506567692,0.6733723342726382,0.5953620570267163,2,4.3586019447913795,0.004476069642392458,0.0001008617985959912
555,0.9400359775005368,940,4,0.006404517482567292,0.2990463367940222,0.9884936155369962,0.4163089775334765,0.8835726239632848,7,4.244514100646461,0.118103089967911,0.0001286893557246261
558,0.9401333455980108,938,4,0.006692683019512382,0.26084076156516006,0.9843843009968974,0.42139797911455656,0.5888931300320052,2,4.194912326341764,0.0008682847507157298,0.0001023566126275753
556,0.9400238328398764,929,4,0.006849711996184706,0.303857246103096,0.9837752486789689,0.6748643386878267,0.3144136919418073,1,4.251282712201223,0.0036524600931078888,0.00010080404003022769
552,0.9397257120510455,915,5,0.006294693928008605,0.29766647440693456,0.942615195527001,0.46297872781616434,0.8892639363431947,1,3.8733331815926313,0.010656572385495389,1.0753381782942952
554,0.9406271460185206,933,4,0.0062029702190450385,0.34231348851777527,0.9818671857966356,0.707648830636749,0.8943176614996812,1,4.185196305556446,0.008959774890339297,0.00020972486835853243
557,0.9395928450593232,930,5,0.006829588107927251,0.341663580544417,0.9847512172105499,0.47727518241639777,0.5925180182953377,2,4.238339887153374,0.11375669035468551,0.00020390273466978486
561,0.9405022471014002,807,4,0.0069079213007393996,0.2568986530221131,0.9858807266621519,0.6787840587919591,0.6046135227310672,2,4.167578757988205,0.10654450328490848,0.00010171337738952644
559,0.9403603266653855,939,4,0.006683251542183098,0.33726461241203376,0.9819411806856768,0.700286883291511,0.8805264154908723,2,4.160797602096634,0.10823976404414072,0.00010122806557385048
564,0.940676518859561,815,4,0.006889318854611458,0.33551707770682365,0.9717812715090699,0.510742929671325,0.3943781270748935,2,4.215306702274696,0.10735768262966962,0.0002532189964493819
562,0.9404670936469284,965,4,0.006793000599685835,0.2592704360432923,0.9837309252525536,0.6749096736304058,0.5899648790906186,2,4.19368814474273,0.0008175390938079226,0.00010012164551075052
563,0.9384204798573859,815,4,0.005000904820626157,0.8440312433464096,0.9726315699138248,0.7031951776611581,0.3961432678027247,2,4.371044459155485,0.0007889788887862042,0.003197350749864672
565,0.9403643717547316,968,4,0.006748247711310948,0.3399744377444535,0.9721908254527406,0.6919604747119308,0.35802218342028147,2,4.212450750834707,0.11411964521169596,0.00024781102703489875
568,0.9398466389325488,818,4,0.005717694544962066,0.24487240259911636,0.9684864339560072,0.6919450005254458,0.36018032805720507,2,4.4227221297945185,0.10799090832841891,0.00026939272464280526
566,0.9407735331682611,966,4,0.005762908678050938,0.33567475522407,0.9663015512837888,0.5105640498330195,0.3567550719148498,2,4.160970420543085,0.11058840679930612,0.00017109210876316514
567,0.9399579550741691,952,4,0.005762195209388857,0.2459732700232635,0.9695021930246112,0.7073401021885988,0.35958337468941953,2,4.372587484037893,0.1042747013030953,0.00023602639245700132
569,0.9405535391682683,968,4,0.005620401675723598,0.24467518626172766,0.9640419241756254,0.7313767017557297,0.35843814595287826,1,4.373061239004937,0.10775542678494564,0.00025040903305246186
570,0.9408877672845488,968,4,0.005689973944716427,0.24172713219017872,0.9653677608075575,0.5167923039423629,0.38806733961523476,1,4.424526188549456,0.15769330636249285,0.00025141699675354355
572,0.9255315916364169,840,4,0.08817040562628731,0.24395205928481153,0.9642041381323591,0.734872274892124,0.36248984503200443,1,4.391732879394587,0.14604476803556524,0.00016128319635073645
571,0.9401735183654883,967,4,0.005747383460597723,0.24181278070214612,0.9616345398554592,0.5080577798393162,0.3928498006279545,1,4.402255492264164,0.1273243696502746,0.0030622792218518657
573,0.9401158502735016,850,4,0.005023717751580592,0.2415164109170407,0.9605131788484879,0.7355921378391934,0.3560243549786819,1,4.368942985955813,0.14620483936700424,0.0002704156041661866
581,0.9390431115728942,244,4,0.005998709729075783,0.2672966603224548,0.95528893377759,0.5879791118915751,0.4612314179290271,1,4.496561341475527,0.001142108285642893,0.0003800525009794263
574,0.9399941552842173,969,4,0.005716491748297939,0.2419014462637693,0.9611794156996412,0.7305985332735702,0.3592595950128603,4,4.46317790355218,0.1604714897215887,0.00016435673340572664
575,0.9400411048286992,966,4,0.005654755866848526,0.24151389141206006,0.958782019804308,0.7246156429910509,0.4560248193830898,1,4.469321529893128,0.0011984741473856897,0.0001684248570460763
576,0.9405943887263651,968,4,0.005687872852256955,0.2373669033049457,0.958522862173503,0.7329446473548838,0.5388713596777478,1,4.350332944934727,0.0012159738332060876,0.00017712854339121476
579,0.9402202210927282,837,4,0.005400426426302422,0.2698581338284881,0.9584043102041867,0.7293922761090251,0.46562883148906287,1,4.905221299935974,0.16614786972041282,0.00015867737659555007
577,0.9401456102755121,969,4,0.005728106205885241,0.23809060512298982,0.9572139851041814,0.7279488658065062,0.465564439584744,1,4.3524275060390405,0.015396281919824327,0.00016745853104983813
580,0.9407066232577233,843,4,0.0054244025306515445,0.2684336037977893,0.9545515953103445,0.7304575257754575,0.4593798795565802,1,4.90835875285861,0.1598217567368453,0.00018089134293393163
582,0.9403972532382265,859,4,0.005388057412101243,0.2677303558131389,0.9287397119423016,0.5497213413716892,0.45748611572937187,4,4.901643301821735,0.0844986751440212,0.0001496114166210917
578,0.9404288124492238,850,7,0.0050155777201730005,0.23746319729714432,0.9600179752040003,0.5366851124895984,0.45465763502777584,1,4.473469655894062,0.15965348385632658,0.0001639717550634266
584,0.9399371076271162,786,4,0.005322808898572195,0.2794707414119179,0.9293578870053264,0.7196174989464798,0.41473791653882763,1,4.813491288631634,0.08040591665092818,0.00016369502977126317
583,0.9398071309540066,787,4,0.005032852086179204,0.2693074406880555,0.9986267786527677,0.7280107717277465,0.6281319117461676,1,4.486648330418495,0.0773370620440906,0.00017070970831478577
585,0.9397954220066594,948,4,0.00536521504826912,0.27970621972387355,0.9267634847233789,0.7132816581995305,0.6259513369779091,8,4.833257270752938,0.00023463582522767175,0.00018397800933140078
586,0.9400438652160368,789,4,0.005363229295890818,0.2770486265568357,0.937154234601,0.553113048440691,0.6276208663935311,1,4.903727918749204,0.075705333160257,0.0001775790209973288
587,0.9405829078110154,783,4,0.00523452972026946,0.28030274490089385,0.9265004868431455,0.7139430342693759,0.405881842762543,1,4.917830977851372,0.07928308101526396,0.0003938130347660537
590,0.940574994004898,783,4,0.0050410348208982944,0.2786127997294821,0.929646786842016,0.5549316317199553,0.41937291160644646,1,4.81118834668566,0.08132944388838344,0.013226492223341563
589,0.9395670852707966,875,4,0.007714127456707403,0.279207412139255,0.9999692744914714,0.541913104985788,0.4151108331431369,1,4.912249281194164,8.099851729039045,1.5052378303734193
588,0.9406552497881286,950,4,0.007651061593181876,0.2787313955560543,0.9977344945258357,0.7154705000409282,0.6213939929391158,1,4.892325799368151,0.01554983276113759,0.00014257537810100716
595,0.9178122665476767,877,4,0.19736929212481327,0.310295145289689,0.999493126881998,0.7507649666593669,0.4188375832719351,1,3.503113833849334,0.22315218744089418,0.00039795077394522046
592,0.9406052058964043,791,4,0.00758978916949974,0.28137506879248775,0.998663914548998,0.7112704453397951,0.6287217501969651,1,4.810592945016951,0.07892088393693888,0.00040823525054857967
594,0.9396169141758319,949,4,0.007740231284976633,0.2822190927101391,0.9861161883391506,0.7472046272648979,0.4218072314948308,1,4.793206904743691,0.2467550589895408,0.00041692014856788693
591,0.9396069882612885,944,4,0.007725756465029453,0.2840972331594807,0.998465646989058,0.750198949130644,0.6245492352939446,1,4.797249827122707,0.0850586343024849,1.4953099380817498
593,0.9408277901729084,948,4,0.005000599484666427,0.28084209011884,0.9876246339734687,0.7505689528622544,0.6261243684671352,1,4.79993819976829,0.0810591012334773,0.49828164228574445
600,0.9162457592571128,736,4,0.20066004118308314,0.3115892630665184,0.9858241458844963,0.7481198601559107,0.47803872435902806,1,4.067377604594906,0.052596477578510416,0.0004002362861746661
596,0.9403669442896228,880,4,0.007510242204434533,0.30930087890301217,0.9992836085641833,0.6959185626693758,0.5618850449069988,1,4.630429335766535,0.0004655488531862778,0.00039082803340684686
597,0.9403574003417203,944,4,0.006290711323016859,0.3129710835704479,0.9873556080657448,0.7512157266848926,0.4215325844978046,1,3.218807040447502,0.0004348391834879556,0.6178244793330168
598,0.9402222279830307,879,4,0.007508694792902335,0.25878155929578384,0.9988544579842635,0.7499410022790908,0.5714991396702568,1,3.529506793841758,0.0546870393691314,0.6895895867178181
604,0.9400581033878499,541,3,0.006228791567039975,0.22431293220859816,0.975475172325331,0.6568091637366197,0.4795734084617715,1,3.187309283065031,0.04937189155362136,0.00029591238598607715
599,0.9411752963262762,950,4,0.006208739695331325,0.31164502463243265,0.9841738820668011,0.6921830239539554,0.5557627022791826,1,3.195667505571222,0.0018458356807612684,0.48408061899908067
605,0.9401335898061912,980,3,0.006238112867153578,0.25752434375655986,0.9761296508173329,0.37030781614623376,0.5555959253560482,1,3.71345622870595,0.000464180112992149,0.7839027061110432
603,0.9404545482343822,980,3,0.006171832284041311,0.2566097743016209,0.9787007799522474,0.6578165246629307,0.48062520661953007,1,4.658478220050998,0.00046387816054141564,0.006675779783509004
602,0.9406786739445714,981,4,0.006184810392583674,0.25862065919385596,0.9782639531035414,0.6584331264082275,0.5491842806440794,1,0.21156806683822182,0.0576822080973478,0.4655688967391441
601,0.9396586894290397,979,4,0.006172722477677345,0.25616316583362403,0.9837765221689078,0.6573515777641469,0.5707145102133493,1,3.2375189977186274,0.050447017421602,0.6785773852014093
607,0.9401131024096605,982,3,0.0062579484268873485,0.2591152932195914,0.9742480934408775,0.6682599071105172,0.3846090346136652,1,3.721931239665839,0.0531958239524774,0.7397229529887784
608,0.9407130759892576,982,3,0.006161556834478111,0.25843652319937666,0.8926264958657301,0.6587829741187136,0.5389779897314959,1,4.610810168564824,0.37236278637297576,0.00028652650315220285
609,0.9393012688410003,980,4,0.006161388182030038,0.7246403160942942,0.9730776211545169,0.6692316094224111,0.3827727010103922,1,2.773292938404467,0.0018422652784695662,0.00028817016470886924
606,0.9398770605926206,982,4,0.006171058344200258,0.2572825955919981,0.9731372589896848,0.6901806449914847,0.9262512563075225,1,4.603828787817932,0.051091538138412676,0.8694067338761199
613,0.9401489415255618,964,4,0.006710282711290878,0.304414678513742,0.23089252842999058,0.6830868421318919,0.5400508788106486,1,3.2514444341287834,0.0007642815011920476,0.5947469147866539
610,0.9405161690549289,979,4,0.006077335171573674,0.2582263763355734,0.8916926277241612,0.694703168824647,0.4461438150882871,1,3.7084810865616062,0.6399859491556658,0.00023301414486245076
611,0.9400207645832517,984,4,0.006710681993522255,0.3275882688832733,0.974920209149976,0.6711413931444268,0.5488266986646296,1,3.184253256014279,0.001535391721501229,0.5352378207793625
612,0.9399712466783774,981,4,0.00684998746098495,0.3241789851508685,0.9751515789516453,0.668195152996672,0.5511158437937973,1,4.545535650020835,0.0015300576031302567,0.5792631638633338
614,0.9404568139436108,983,4,0.006854807199813949,0.2262459278486945,0.9774004204649616,0.688567720252505,0.5299879010607137,1,2.9210334489805825,0.0008617588908670985,0.5663042472084868
615,0.9403183854758501,963,4,0.006901275752776287,0.31908791446512813,0.9711739949658497,0.6887711969807934,0.5761041699134267,1,3.3888494786533845,0.0018703185033753147,0.8359639937348445
616,0.9404317398165137,960,4,0.007091562472573641,0.323014933690951,0.9494206814161416,0.6862173891464874,0.5394959806784433,1,2.9361423627711094,0.000808655117050654,0.903821056747464
617,0.9401799319610962,959,4,0.0069226002343095935,0.32350649933407966,0.9463566774245492,0.6908515596187174,0.5202985777312839,1,3.393000192011082,0.001415154560183863,0.42898206401835376
618,0.9404644626690539,958,4,0.006895932406985132,0.3558579078270524,0.9484312354788873,0.7041428191865033,0.5113153341401827,1,3.2769570826047336,0.0009820371631030897,0.5764427343926398
620,0.940178863289401,904,4,0.0069620406772998465,0.3245926587869044,0.9481588309434822,0.689833965700636,0.5092539461023083,2,4.983618713589907,0.0019384386742729543,0.5468640070141768
619,0.9404633658194917,961,4,0.00707091474694157,0.32298719333997095,0.944301847686398,0.6949891640874467,0.5278376639245462,1,3.1905929179073476,0.0010013808200247996,0.5471832103928749
621,0.940422491214402,908,4,0.006920527544672459,0.3618761818337209,0.9517729481791026,0.6964878353630041,0.5157273062713861,1,3.3380686093450818,0.0008981725077466847,0.31444786108480927
623,0.9400206111704204,911,4,0.007034140473602686,0.22673414174500123,0.948067724578535,0.7022119201539053,0.51443310142016,2,3.3338178922725836,0.09299382133150734,0.3819064442760951
624,0.9401876349550238,956,4,0.007174157872530912,0.23073784396468147,0.9471874412998945,0.7037296173904575,0.5155399566078673,2,3.353461421554668,0.000978067562652513,0.30127798721890486
626,0.9405113459433672,903,4,0.005629784036522097,0.22784502113348232,0.9462720350648651,0.706714233537322,0.5781492441249575,2,2.055673144794907,0.12393354810806204,0.448840946231562
627,0.9405224109742731,906,4,0.005814459136237469,0.22945850417949484,0.9499623209782833,0.7037452190334448,0.5056828274072007,2,3.1547356280468803,0.0009717817562406944,0.00023713777208336654
622,0.9403932071052559,955,5,0.0072098544475842664,0.23091583970326637,0.9490060032149318,0.6988283925297758,0.5168450879555371,1,3.450328699319229,0.0008586830148212531,0.24144985438839525
625,0.939550828728809,954,5,0.005781240277194874,0.36249635440756967,0.9478970385848756,0.7112165589038769,0.5665880322349726,2,3.330797361250804,0.0009710844227055216,0.2783597982364616
630,0.9406929371633777,914,4,0.005824324854934462,0.22458830051053197,0.4892648122775778,0.7110416776255466,0.6084707518409355,2,4.719914963026798,0.12535360979007584,0.00021903937019098255
629,0.9332188644014876,919,5,0.029416750039902535,0.22334751393340646,0.9548428014167534,0.7100894952771825,0.5787255196783443,2,3.1370843227679677,0.1343963306971142,0.0002167217573733975
628,0.9403606199239268,925,5,0.005797981028501004,0.22543385820176648,0.9520752089432719,0.70901635897842,0.6075603181710918,2,4.974709023802833,0.13165664619788867,0.00022032353880740402
631,0.9404577719910876,931,4,0.005780205178714137,0.22487595260731394,0.9856400989014326,0.7114000793436813,0.608119627319714,2,2.991671988166715,0.0005888526353706264,0.0002181443258203003
635,0.9401598734943184,938,4,0.005859946049787374,0.301317002795393,0.38836869053150413,0.716033183008584,0.6135200672004772,1,4.704241370104178,0.19119491676721953,0.0019123671115935088
632,0.9405668819100871,938,4,0.005780831660418067,0.3019325938468876,0.9853567701755096,0.7133959947378143,0.6051336045744967,1,4.7495668976854954,0.12925773980583236,0.00031315902105316434
633,0.9353238888219926,935,4,0.031077752559832448,0.3011725501629171,0.9871069369326829,0.7800227654162609,0.5692166600600814,1,4.721522200386818,0.10107580375616243,0.2522748446222509
634,0.9404237310405483,936,4,0.005715117891900853,0.29610936991999004,0.981954244408473,0.642135345032339,0.6120856074604615,1,2.9768354971965465,0.000589038911681883,0.0019523946088134886
636,0.940308686027867,928,4,0.005863894999540524,0.29675494323235263,0.9861260399864284,0.7170497881497337,0.5599892901561464,1,4.729418792919069,0.13215704882686344,0.0017387147515177132
637,0.940759010086904,928,4,0.005766753054787815,0.2957399496677605,0.9848068784735579,0.7218251467977027,0.6066911245745729,1,4.719388064796856,0.13573786916572242,0.00021982347433864392
638,0.9404298153725626,999,4,0.006439442560746424,0.2945900433699871,0.9878116468983078,0.8481224045613818,0.40123078616237334,1,3.0329895924917682,0.18783257419669255,0.00030380215169768565
640,0.9403151930278856,935,4,0.006399380697786784,0.30255795423558124,0.9805562613236787,0.6044788653670853,0.39516231747525976,1,3.0174596133764995,0.0979412128428141,0.00031177117082099366
639,0.9406001077897337,941,4,0.006416774440750483,0.297013696989568,0.9854633613433681,0.6406551873105545,0.6089334145433879,1,4.7658117026308595,0.06664701800254504,0.00031779785234056405
641,0.9407136322412238,809,4,0.006471159584177366,0.30194355307052123,0.9865779100919037,0.7825355412376187,0.4440767816678626,1,4.731952550691611,0.07002613672846932,0.0003385309007036427
642,0.9401402324774212,942,4,0.006461517222776279,0.28674474741422123,0.9875737585740116,0.782436421753853,0.4396705081326616,1,4.734548419711312,0.06640643888105018,1.0754046821733172
644,0.9403631997641909,1000,4,0.006513108901970187,0.29099963403537304,0.9695834916977268,0.7342885308958692,0.40520961866110117,1,4.999917911298675,0.06741497029176112,0.0005675470599493654
643,0.9401350686223943,999,4,0.006272434872440656,0.2952974625739663,0.9878744923771,0.7850750946820767,0.3984169414547448,1,4.522130789956126,0.8081385484524075,1.0894383488047163
645,0.94041159577251,1000,4,0.006432402349850356,0.2452105387050786,0.9678280947722988,0.7344904234470563,0.39614310107492473,1,4.510655337879465,0.06924648643904362,0.0005709975552598027
647,0.9405407286750478,826,4,0.006506624610256075,0.24285192280487608,0.9675925436562405,0.527767186772805,0.44680717528841646,1,4.517020636370582,0.09432614385339351,0.00030097313556704013
646,0.9401463836014164,824,4,0.006516782170487472,0.24866264484602515,0.9640177978361212,0.6050043356571919,0.4455071429310297,1,4.997225055014216,0.0666137733251843,0.0005627359031864045
650,0.9241663687639955,826,4,0.11116743177775157,0.2451950217568587,0.5290452407368944,0.5271487227161666,0.4428350764618621,3,4.997537334122671,0.07030556512426075,0.0004840870749889968
648,0.9405705533817896,1000,4,0.006338454538103048,0.2468785879574909,0.9664045235994824,0.7295407953422379,0.44446338116138284,1,4.570152067278646,0.06685582621172072,0.0005073528830083649
649,0.9406790099917256,805,4,0.005337449544840426,0.24584123834086063,0.9658699467933222,0.735279971425643,0.4481757977095695,3,4.605269340445829,0.06929576216964684,0.0005757600977800235
652,0.9403156063032678,830,4,0.005327615473791854,0.24975502018596457,0.9659672421058785,0.7364847466931393,0.37637095972349166,3,4.615507672852142,0.0946542851242165,0.08152904646958603
651,0.9404548597563558,825,4,0.005359650642621898,0.2526733019902597,0.9673416732218317,0.7396204977443378,0.37616177103822246,3,4.578112678766546,0.06305869374367655,1.0853478947558033
653,0.9384582757696037,863,4,0.014774028231731044,0.24770094552196859,0.9667886347868465,0.7411757020593078,0.4298641959306932,3,4.899353069948649,0.08976869129429799,0.000441096555240018
654,0.9408149807233125,859,4,0.005312870777705509,0.24741668110069903,0.9641700861380803,0.7374973278189284,0.37869016671029804,1,4.551080672688336,0.099674370460584,0.0004332538075476831
655,0.940017842434085,971,4,0.005410528404747333,0.25024388688643945,0.9157528217890936,0.5331485271451288,0.3790664637989961,1,4.590958776741015,0.09059722389487705,0.00043117586948366536
659,0.9400418103189979,856,4,0.005318088176768381,0.2659428196527626,0.917546273105191,0.30567994042333435,0.37949564625782223,1,4.888116927649326,0.09878060946284528,0.00013429825869511652
656,0.940818515480179,974,4,0.005028802895542468,0.261472876806371,0.9992884433039537,0.7399016336753533,0.3780503596274072,1,4.6115110410432605,0.09617811844020283,0.0005013851365866214
658,0.9412656095207627,968,4,0.005354558481265038,0.20889675345896475,0.9118615578408245,0.7402457895817893,0.3792736613634593,1,4.890072815382579,0.09959660518900328,0.0004222331548055253
657,0.9405204917484455,969,4,0.005396065764292132,0.2603048585582023,0.9990998868220189,0.7408992785624858,0.6403164330903945,1,4.614240776600226,0.09300433754597147,0.00046442730408938025
660,0.9406132908569731,858,4,0.005019240557001374,0.26870694448675086,0.9998495053706388,0.6735761318612412,0.6410581676391,1,1.475003041940269,0.09660001532860864,0.07919316311890146
661,0.93799007963754,970,4,0.015304349989492212,0.2630826862602747,0.926639197863317,0.6841460508151079,0.4709621323573121,1,4.857108014304541,0.09348574842838156,0.0003969408148420977
663,0.9406495088086413,977,4,0.0053731144840475815,0.2659583096002761,0.9186578556508995,0.7588426733881483,0.4906208896308388,1,4.867337744672217,0.09423563455948321,0.00025969835807307384
662,0.9407375823845168,859,4,0.005049455700600003,0.26597260861719363,0.9996543587381085,0.6782535218372482,0.6405760463046768,1,4.308739994392333,0.10349552962973606,0.00014284902747649153
664,0.9398767579414569,966,4,0.008019878203575796,0.26677533528005415,0.917517195979124,0.763807186688719,0.4778621897902299,1,4.846213248123332,0.22772260236391548,0.00013968957808826353
669,0.9393667667273158,335,4,0.008087942796696774,0.20606410268678824,0.8970293035641703,0.6733383473596792,0.3456023457332196,1,2.6001415037885014,0.24389994802832307,0.00033573930533592385
665,0.9406672592993901,970,4,0.008033137278786783,0.2678766330217541,0.9995422146717486,0.6756254433157582,0.6376733933850062,1,4.859272904690482,0.23251364103951175,0.00013560620994860259
668,0.9263645659106711,956,4,0.06889515070545421,0.20258195337519502,0.8977583550846233,0.7560093424892641,0.477390245344506,1,4.887747164978133,0.21289930993761452,0.0003715553060635906
667,0.9403135388827325,969,4,0.007999678457048574,0.2678165420462906,0.9297692603716865,0.6739789191082225,0.4803674713465964,1,4.849664017587293,0.2519786812369491,0.023435549906726187
666,0.940036425215534,974,4,0.00794902130543561,0.20194998403976516,0.999358100638554,0.6746304386600327,0.6432451642014952,1,4.850615927428043,0.1947293893293651,0.00026363099862725776
670,0.9407218372186332,755,4,0.005875237306741415,0.22404852908424833,0.9001383304425474,0.7582270361497508,0.34633956072359834,1,4.8338413464130525,1.365679842251238,0.00037538648192419685
671,0.9404002672263667,954,4,0.00793012010174242,0.20186970782373997,0.9113935160829048,0.7644329949849547,0.40600645531777435,1,2.5996606488156733,0.24999966116543335,0.0003573863215525515
672,0.9405990297254163,952,4,0.007795567868646599,0.20420485063383656,0.9024336235192846,0.8213002577597555,0.34486026391722446,1,4.907555906583283,0.16839611009730343,0.0003550015249776734
675,0.9392875697013456,743,4,0.005970531257295956,0.20533259271482504,0.8868876956582957,0.7589586499692128,0.41184374874825724,1,1.2179250546771416,1.1334365451974502,0.00036502481700190713
673,0.9406283722775457,952,4,0.005958885608303862,0.22354801803158353,0.9328127331551168,0.7585977622405642,0.34663174796621765,1,4.81987443694075,0.24727776392973466,0.00034583400616812726
674,0.9404710949040369,951,4,0.006010172889309963,0.20558092408169204,0.8786585260397204,0.8145973711735608,0.4121391076074169,1,4.897844078125243,1.2294292769901838,0.022456930705945576
680,0.9192005462206456,890,4,0.16014065452145754,0.21078244195676402,0.9353167392082553,0.8194560167737205,0.41536623760434815,6,3.547479393809383,0.0006610999751158634,0.0006105289535619465
679,0.9396494742229186,760,4,0.005931920282930582,0.21456654516142992,0.935802100910873,0.8160527260627066,0.40729836990717727,1,4.998722112787665,0.0013286247067793632,0.0006948870231785023
677,0.9407571827000505,950,4,0.006028414608899982,0.20752637619809838,0.927619967317578,0.758640393809806,0.40642749904949294,1,3.5328616500293455,0.16413266778404023,0.028193207597697837
678,0.940916385561135,951,4,0.0059592304040304595,0.20676954263785607,0.9348897398976709,0.7587347482758364,0.4086595094523756,1,4.92528109988665,0.0012614397542595175,0.00028000812718080093
676,0.9404461303575335,745,7,0.0059883599776134324,0.20211149598417227,0.8822422521006461,0.4933446202756363,0.4075762781959732,1,4.934620473264633,0.33808903432770043,0.0006834663495929065
681,0.9407445882371432,891,4,0.005957193301242516,0.2199309110000503,0.9336666246616748,0.7199977920946152,0.4294100233008316,1,4.930560353395731,0.3450826647428939,0.0006614083459879797
683,0.940231526679128,887,4,0.005928545510741006,0.2223078525984726,0.9373658204624312,0.5732401357782713,0.4276188284863538,2,4.931257020632662,0.0012765149600871854,0.0006516269150685732
682,0.9402104746816334,946,4,0.0059979758161711255,0.22029116630984233,0.9336172990953279,0.7170146874239686,0.4218511759270736,2,3.539249929121265,3.8800267953422205,0.00025438566000070837
684,0.9365787817781375,895,4,0.019021302887148123,0.3486338910642406,0.9378049204701602,0.4969434440581053,0.4286560879495189,2,2.381541178669455,0.04519254482401892,0.0006905391251710921
685,0.9402556448459979,894,4,0.005486012747598416,0.3468123206383428,0.931422678721034,0.6239069705592515,0.423476101296615,2,3.4709075006612053,0.0007257640523788925,0.0006935982569385582
687,0.9402022905767181,915,4,0.00554855486377082,0.23330849960181244,0.9364976317004456,0.49466352193914304,0.38880955261298294,2,4.766053180193662,0.043031411936758884,0.00025126226898145585
686,0.9389802154429614,917,4,0.0055141638541617,0.8939560322612958,0.9364032810515818,0.4940072605979881,0.4241436716979784,2,4.990522247107032,0.0012486794857989524,0.7739696217673709
689,0.9394087277457208,917,4,0.00723340364147595,0.23473842648483587,0.952466681038225,0.49352916860103824,0.3657246560819618,9,4.7862118036031065,0.0372334190213332,0.00020423102570507436
688,0.9402647995218864,918,4,0.005499248807350332,0.22992399182708678,0.9552529976951102,0.47773451865793,0.4250716414050363,1,4.7793762750087305,0.043113408816906715,0.7998297861934285
690,0.9403485441424968,919,4,0.005020529210837689,0.3460398815053472,0.9546852798613992,0.714779492467978,0.3661146554275241,2,4.767338496116938,0.00018346360612203034,0.6763213575957931
699,0.937280826028117,180,4,0.00667017289034739,0.27827301072708044,0.9645410696039647,0.6922538318639896,0.5835122425451659,1,4.308893939705429,0.00032584687356721284,0.00021164886551140882
691,0.9398727911239636,913,4,0.007228158062077255,0.23585673910185986,0.955148784723486,0.6190669463840113,0.36472024882786236,2,4.790333991371465,0.04579054427530675,0.9220883885553058
692,0.9404833011385548,909,4,0.007240662451644115,0.2367666066643584,0.9614745806795987,0.4753562769641613,0.38887963677381077,2,4.754854789726939,0.04231911757970689,0.7661626122571469
693,0.940628922267764,918,4,0.005022868873933909,0.23047855878162318,0.9537722542889099,0.7190261332521091,0.3623425515873301,2,4.762460115466615,0.04477503453998212,0.00020082527755453092
695,0.9404152077576049,917,4,0.007442211844959171,0.23366177187241,0.9593113171203661,0.7245271677882901,0.36541923370175705,1,4.727824137082306,0.1237577158919547,0.00021436186151750343
694,0.9400796938956908,912,4,0.007284544373479661,0.23371035952445166,0.959255950699799,0.7260321205875746,0.391978369016495,1,4.305962999601692,0.1334524573458166,0.004420947589946605
696,0.9406947676811053,920,4,0.007228028537426372,0.23622534598264117,0.9572059626894807,0.7235675102155061,0.36456828229441435,1,4.302844985810867,0.12409004426293858,0.00018825231142710996
697,0.9401878749887054,986,4,0.00730690750067561,0.23412753589438046,0.9581363028683193,0.6927122604047417,0.5825855132061493,1,4.674321797634651,0.14107299266819454,0.00019059608713241323
701,0.9404296536107338,978,3,0.006680151135332907,0.23569109186054613,0.9642625393696727,0.7234897142984746,0.5493111165005099,1,4.693849248840945,0.1289418144894173,0.0001930637954434402
700,0.9404715457499083,983,4,0.006640553121259968,0.28488813119590367,0.9691359850459784,0.6924409697247126,0.326752022083716,1,4.673082703708478,0.0003077606357994364,0.0002001881552892789
698,0.9399230364352553,983,4,0.005038704170876,0.23517612740192761,0.9581891535544383,0.725073856750921,0.5584988589341484,1,4.278741176977786,0.0003584764417788787,9.923797433918086
702,0.9405045973442299,985,3,0.006530427717554802,0.234115357537873,0.9743165989604884,0.6492769150891284,0.392454922838695,1,4.727091055007214,0.1300484781114638,0.00890481089606482
704,0.9400768322767572,987,3,0.006617531934670518,0.2845818274427413,0.9741930486833569,0.6442201999722466,0.4592594933416845,1,4.671131051151552,0.12400953617160522,0.0009073505838851783
705,0.9405623390117579,980,3,0.006638652624164412,0.3315028661258108,0.9769188796150974,0.6957708968508237,0.5006574889966143,1,4.258771266116692,0.13208039380064038,0.00041120147264987647
706,0.9403470945477851,981,3,0.0067000610093281175,0.28393217755719546,0.9771319615845272,0.6488373594582391,0.4626564169883952,1,4.651408002523874,0.05662637733496385,0.000433398101282089
703,0.9406382773195953,987,4,0.005032930138968027,0.2827399802531054,0.9689732848341799,0.7265084409907977,0.3216042044348419,1,4.672424443627755,0.13054219602180164,0.45307764457322774
707,0.9404771270548162,981,3,0.006600276711849755,0.28424025150096116,0.9752084980301049,0.7832508926136759,0.5009062162367951,1,4.4349843423705755,0.05697361242891181,0.00044014099539090555
708,0.9403143623026227,982,3,0.006388440542237957,0.2834288401540712,0.9754323279530073,0.7869951807696106,0.5391375339350107,1,4.446808950497832,0.057368130526224734,0.0004225263501442501
709,0.9397317003695871,801,5,0.006582475424904782,0.2830327709529403,0.976374546061648,0.7000127998993255,0.498619676923051,1,4.466225641571677,0.08028147783474542,0.46332647878071526
711,0.9403515607396986,940,5,0.005569590718853461,0.27758254478577604,0.975685467005047,0.781696046348064,0.4973193843090996,1,4.450217165693708,0.07631759384835116,0.0004616063065295045
710,0.9403286891825356,940,5,0.005005248615710481,0.31316218546951186,0.9750152180908852,0.7801723183322841,0.4909959687175087,1,3.4295203318014638,0.05743148546270164,0.44980434487581966
712,0.939907475990944,946,5,0.005430936583570401,0.3882056904610021,0.9767443219865172,0.7448978975205146,0.5327422324944354,1,4.476725341411133,0.07625808907994372,0.00044591692160217335
715,0.9407243638340376,938,5,0.005505624292880343,0.3150818481066934,0.3572272522786538,0.7745051904462625,0.5327880284371739,1,2.1678148453808266,0.0704628516379077,0.01674062771910391
717,0.9402124993135559,802,5,0.005519640244005383,0.3103251235963947,0.9121939752789923,0.7467789791497805,0.39709013029506185,1,3.1404842814577063,0.07636678791015743,0.00012662130126012052
713,0.9403796817291141,938,5,0.005488386611308183,0.31193163288701686,0.9114686848559854,0.7797480285917273,0.4953879830961757,1,4.452012730941408,0.07630757401901332,0.42569069792606096
716,0.9396912286036324,800,5,0.005575894153513905,0.31801600288719983,0.915834384468752,0.7919888594734087,0.4943300195515794,8,4.435863577286621,0.0768665451560908,0.0002821932499416057
714,0.9399608020823568,943,5,0.005495959600954795,0.3071492186427635,0.979747712025933,0.7425941687458502,0.5409429977441881,1,2.8279285059284507,0.059383847444395677,0.42347740015097257
718,0.9407152018527762,804,5,0.005428505832859987,0.31110531507439243,0.9101630033847209,0.7457278962899261,0.3940483632359861,1,3.117067544830932,0.07255048604815895,0.00028082384826623837
719,0.940757085642953,960,4,0.005544463569494791,0.3174520447650064,0.9113781828043247,0.7469088079073143,0.5276471653331136,1,3.182328716885151,0.07674776848053773,0.00027703805112165537
721,0.9401848171683277,841,4,0.0055475491945869175,0.31380330771344234,0.9151397450525561,0.7444701994575497,0.40004259848542645,1,2.806691508224659,0.07527544797767595,0.0002841580829741976
722,0.9403073679298679,843,4,0.0057232608863539,0.25708133573990954,0.9467468201051685,0.7466477782108247,0.38698464169516783,1,3.116273487979349,0.0785641222097334,0.01598491129034672
723,0.9404102526275182,839,4,0.0056109999756540786,0.25341460997984594,0.9110638762061569,0.5201672323697644,0.3988436645998345,1,3.1489901957283477,0.1832558401848411,1.336704232208198
724,0.9399460410545677,960,4,0.006011518008595,0.25472081305446415,0.920149013740886,0.58828692186963,0.3892044160140984,5,4.870116536247332,0.18368056467655997,0.0002766422042821846
720,0.9401631546503824,959,4,0.005590718233304209,0.38412973827066976,0.9131465676869311,0.8551956579382658,0.5880054289606823,1,4.99814758537047,0.07604689506007592,0.00026360745296289485
725,0.9396997821516925,964,4,0.006048505297518372,0.255122479075273,0.9178741864896033,0.5208012881727372,0.38211324386136564,1,4.909770029800386,6.132154563927289,0.0002934892783465163
726,0.9402807607180831,960,4,0.0059760096248824765,0.25717110492415135,0.9408889803554782,0.5850428198139399,0.38371001341469313,1,4.997723595629725,0.10833664840124609,1.3386455293057065
727,0.9400369345043889,961,4,0.006114627079438286,0.2534180140390172,0.9423635444382057,0.5163212552768358,0.38291821409904947,1,4.896278049314265,0.17702680883472463,1.4289649158580744
728,0.9401727977426313,844,4,0.0060580914089445855,0.2544809196419569,0.9440113924359793,0.7031853613307653,0.5944334141385879,1,4.987194334381449,0.17180388178655626,0.00030390351053698574
729,0.9401442817412662,962,4,0.006096415044841139,0.2568512655279996,0.9451128146766706,0.5178202475829766,0.4518603769159891,1,4.90142756231549,0.17521503090851342,0.0003071755184627197
736,0.9390223987534277,365,4,0.006217223883874239,0.27101272476321603,0.9868611869323525,0.7021672823709696,0.4708470752028415,1,1.6623172158507846,0.0007063865858504767,0.0005163585139033033
737,0.9399983610917676,439,4,0.006186031921499571,0.21719529371410556,0.9865699086714204,0.705590686621355,0.45621190279556245,1,4.08062242664891,0.0006880313901506822,0.035622576708872616
731,0.9405722012651946,961,4,0.0062950833651047675,0.25266586784811734,0.9844318591789082,0.5194276051704324,0.4721505033001592,1,4.990226520686431,0.16223077258305818,1.205386264972861
730,0.9402483259059607,964,4,0.005998804434662273,0.2556730009354388,0.9481110258611061,0.8630462580545812,0.5893812464904635,1,4.994513925923845,6.496156354088357,1.4293703806064542
735,0.9402410142712965,961,4,0.006160539287830233,0.21746562745880668,0.9875743488984823,0.7054983296447284,0.4680700221094755,1,4.843139155685281,0.0006923622164213114,0.00014191868235331843
733,0.9404731633681969,964,4,0.006133455980047353,0.26502789646141184,0.987591111012016,0.7030064567023249,0.46180461809281736,1,4.085760012862918,0.000735413129977787,0.00014113224478007414
734,0.9396137999997203,770,4,0.006216368553750673,0.21760073111784906,0.9868260272296262,0.6825435514132734,0.9683909518065219,1,4.816385823025858,6.628973867455674,0.00014580447928489633
732,0.9406714144911422,961,4,0.006234029552779201,0.2549260460740773,0.9864239351192712,0.5867666498405244,0.5846707067237567,1,4.89661962125086,0.0007139849208311456,0.0001361161280454967
738,0.9405973943655077,771,4,0.005019810244397406,0.2158487385309375,0.9864370528206398,0.7070478455341226,0.46743683759940435,1,4.05543733010215,0.000724455479080426,0.00013898342970063181
740,0.9400466621302389,707,4,0.005002556201381357,0.2160760401361048,0.9854985371695509,0.6805977529587361,0.436376344398878,2,4.788201879040507,0.10293463229418306,0.00014282256533752378
741,0.940403505593818,776,4,0.005047509861881013,0.2694401915598275,0.987051810403472,0.6833052493983707,0.4347895423671789,2,3.654638963266999,0.10073595291553887,1.0145585998287112
739,0.9404575893567648,872,4,0.005021714155122397,0.21319024290460395,0.9828559408267469,0.6828471275992564,0.5609176516384141,1,4.052786483724933,0.1044646796842444,0.0001410349524979247
743,0.940418477433797,717,4,0.006838714654034176,0.21834640943237812,0.9894349894971449,0.6792960166678993,0.4405631849686342,2,3.662124456095605,0.10494259619664087,0.0001658528215098402
742,0.9407702029618361,994,4,0.007086797693142631,0.21748786387116517,0.999064605353103,0.6771934685247543,0.4278691782136797,2,3.6042075189442837,0.0005545920379189678,0.0011160907987106167
744,0.9410510914195829,778,4,0.007261052173727867,0.27317035536408385,0.9649465696085178,0.6826990226956022,0.5589257488437248,2,3.296099941914046,0.10592724221771174,0.00013679899231396381
745,0.9403604383332287,872,4,0.005017308156962875,0.33572150761139774,0.9601266237727362,0.6799258709090596,0.5629317508332643,2,3.260355479660981,0.10315030956177694,0.0011480471073137674
748,0.9402341874003064,871,4,0.005020971977804073,0.2732372814550967,0.960211834044135,0.6691346510225062,0.4361821726836452,2,3.309907998044237,0.11287854429134253,0.00022439978398064903
746,0.9406901350310519,1000,4,0.007046585996427418,0.2704897901734362,0.9618883390008942,0.6669425864493042,0.4372748366160691,2,4.805177973617744,0.1050910397471566,0.9417116029995742
747,0.939970522402834,1000,4,0.005058778082378959,0.3400265152683541,0.9678322148447058,0.6746102763530116,0.5592876716108678,2,3.2719250986184076,0.10176639775033824,0.0005561074700922748
757,0.940405380987408,305,4,0.008724427241530382,0.24240242229097161,0.9481217779953279,0.7186837830784956,0.5461166360489472,2,3.376649765203913,0.13505589485769126,0.0005260277233089458
750,0.9404777845383785,873,4,0.007031270225936069,0.2743636206928788,0.9622880423701956,0.7261943192216265,0.554331129880302,2,3.288769400311434,0.1092624259784693,0.0002293408028164438
751,0.938223498825703,999,4,0.007099810602826922,0.970692375861873,0.964418121369715,0.7274559617026084,0.43144476033692286,2,3.4366889154331135,0.0005579824952563688,0.6693197799086796
754,0.9396672200173564,756,4,0.007708598208907972,0.24264048954188056,0.95746431875381,0.6599596494760623,0.5592900717348628,7,3.262267051559959,0.09657568805940385,0.0005332924934594753
749,0.9402508713066096,1000,4,0.0075019356717487915,0.2703535618700075,0.9617409949619499,0.7265704959078657,0.5649012634885173,2,3.6551553458021635,0.10760283558706966,0.16303808103957196
752,0.9379605502765888,1000,4,0.007188261833016119,0.974683310335982,0.960347410753864,0.6628984889819792,0.42672568710429265,1,3.3353141226354377,0.03183228599419075,0.0005520428406549831
755,0.9406693178491153,760,4,0.00858777179514551,0.2424783351999043,0.9576690417205825,0.6657937482978673,0.5517530186541719,2,3.3390368725775184,0.1467502357664733,0.6653194555063885
753,0.9409163730376384,928,4,0.007322004255316897,0.29102548653687194,0.9610230106137168,0.7335506443829451,0.5647595331605408,1,4.639870649912801,0.05526537522122773,0.0005614013641574177
756,0.940325448727835,745,4,0.007786810265807308,0.23982599724774908,0.9573837011591725,0.6625354124998675,0.5421917103527757,2,3.271822600114228,0.14856320759467093,0.15069629435206564
758,0.9405227678939212,755,4,0.008785534901133167,0.2402742254117019,0.9417746316662101,0.6341570614049383,0.5297039821870186,2,3.4364973451963245,0.05318745324103369,0.00036545178141106946
760,0.9409911873616714,754,4,0.008290772216530814,0.2958271109579145,0.9417535596205895,0.65496775273326,0.5217403879655266,2,3.3269519594291475,0.03332423115078999,0.6709753237207818
759,0.9404699636148596,751,4,0.008315141419523414,0.28711975666616807,0.9338327866315134,0.6955875999585592,0.5566860773796554,2,3.3528030369495045,0.054698188665439476,0.7048021181087168
762,0.9397209228572866,783,4,0.008459465419885698,0.2939959266498321,0.941918658560915,0.6627183212538954,0.4062619185723325,4,4.256437262127387,0.03510021720786745,0.0003553911248599383
761,0.9404630266414635,743,4,0.008408383793025732,0.2924525342735179,0.9346787747630748,0.6880983206722545,0.8540354127730372,2,3.2276662953817516,0.055862798741164545,0.0008863600121964357
764,0.9397813727309172,784,4,0.008560162827267317,0.2927551102644824,0.934596304642908,0.691982878693603,0.5330953084580191,2,1.8248393671780767,0.055858351273240923,0.00011881044036077074
765,0.9403600427994665,781,4,0.008100053690246306,0.2887976143677316,0.9349404738735384,0.6323925355280184,0.2965053153674179,2,1.9801104522791704,0.05740049681257272,0.00032805373203889963
763,0.9404188625313121,775,4,0.008210102623905327,0.2941071613398188,0.936690788875929,0.6930104367676637,0.5274009784938942,2,3.4544863857791874,0.059535433227340374,0.00035710183886613803
766,0.940586565715597,729,4,0.008363878174942763,0.29280161339465943,0.9328356197577085,0.6385174130760984,0.5192059988593517,2,3.446083690380905,0.06118082056059133,0.00036390905291835285
767,0.9396867942422723,790,4,0.00859913745247319,0.28901163851825706,0.9338957721142939,0.6920853432837195,0.5274233464402855,2,3.439738108253653,0.0892007077988318,7.313682017915902
770,0.9402172916381888,730,4,0.009095099034329228,0.3282905409222694,0.8903408886507368,0.6458382076483427,0.5216632849546357,2,3.4381475191497257,0.04138120911016925,0.33932120865351556
768,0.9399332587392142,779,4,0.005571935817856863,0.29713467663457693,0.9420572121286478,0.5409285085962393,0.5238040237920351,2,4.339292477929747,0.7116345542537471,0.0001229127735106794
769,0.9393472592943807,725,4,0.009395111404695419,0.5673664694085488,0.9327466521028943,0.6474117011226087,0.5393463450432081,2,3.2055619188661377,0.053691146435049075,0.471243446691634
771,0.9401436482610718,738,4,0.008121384351254675,0.33682056701415225,0.9235500240685098,0.6337297863320913,0.5230878503680995,2,3.1927881451094646,0.047569287455594744,0.6318261395316549
774,0.9402090689191593,736,4,0.007756721102958832,0.351199369902433,0.893992040449352,0.5473714457368473,0.5138997327771294,2,3.4819584460694313,0.04282448708533043,0.5079680038844466
773,0.9402355978590915,721,4,0.007765933153859043,0.3050294915531341,0.9227438544635387,0.6429295096473863,0.514710413028421,2,3.4141783109771207,0.061671203705665215,0.5583863920302251
772,0.9402414139795574,796,4,0.00795291009524938,0.30641082742352516,0.9328981969560642,0.6329405997675156,0.5263039541854067,2,3.449975016730436,0.03066684749621017,0.9587147391577303
775,0.9400096405875498,719,4,0.009690566446730872,0.32855401143167845,0.8730254317294294,0.710331224830682,0.5171211140601768,2,3.474353826594095,0.04107965697526296,0.5050780139510184
776,0.9402732069624878,814,4,0.009853295705622555,0.33190775080772994,0.8976596211425018,0.7037757846236785,0.5060015044471887,2,3.537016159765986,0.03352815056970795,0.8749124816356826
777,0.9404056690278259,811,4,0.009180152329243638,0.3351575274060422,0.9734760317589294,0.5477084017621814,0.515169053626303,2,3.1348121527086046,0.029078269040040895,0.5385445185328143
778,0.9334668922482333,807,4,0.0438309301508649,0.346446798784925,0.8963618557568074,0.5477255186840154,0.5120025351265258,3,3.2320205295063538,0.08066564505980273,0.5428568726114701
779,0.9379899105703382,822,4,0.016886086877967145,0.34569273744884293,0.8966584234420174,0.5648246394031448,0.5016759582243433,3,3.067460725512797,0.04063626405745757,0.5557896315810439
780,0.9401238214789777,820,4,0.007461334178869942,0.3331920156817009,0.9209894771715128,0.7123831576783153,0.511290227399468,3,3.1905602193990945,0.028713564448740483,0.5579530662090331
781,0.9400538620970599,824,4,0.007639171764442776,0.35636838938458515,0.9713299420268054,0.7083966476712359,0.5121047097912299,3,3.1248285708092003,0.03705719796416871,0.9148087435918801
784,0.9394762878344481,810,4,0.010731855047501042,0.3289740089794129,0.8730204484947266,0.7088977458295159,0.3707413006854877,3,0.37583286416211514,0.08459587159681813,0.9307087279828294
783,0.9399084736961594,826,4,0.007336884293162408,0.3255734611337222,0.9717766846457024,0.7080011491867688,0.3708582795575616,2,3.087637159386882,0.14651691638838657,0.8671605972646249
782,0.9398532388151661,811,4,0.010380492789429574,0.32415317212427136,0.9508886959999299,0.7067110341922357,0.5059443280877477,2,3.559784828534749,0.033393771524184594,0.8892756364239011
787,0.9397923881896499,761,4,0.00685563234822135,0.6545940936931657,0.33200561925373656,0.7125623901735012,0.34716962188248013,1,3.1008442431623444,0.16302100629722605,0.8294901120061396
786,0.9369847663980732,758,4,0.0267692858192063,0.23053616437734162,0.9716889518656056,0.6843950245642942,0.3507398192368088,1,3.0255542716454356,0.07931422686286548,0.779864183477545
785,0.9399292428713597,810,4,0.010427520405590737,0.2713983705057718,0.9736299402403518,0.7073118001221282,0.36645535999381673,3,4.644844999768598,0.08513730159474509,0.8141923304115765
788,0.9406157318951516,818,4,0.006583542198882756,0.27007210579238483,0.9706976916301359,0.6580542054813119,0.3525666263420989,3,3.097971024588963,0.15524255378614168,0.8170662082665782
790,0.9405704302340748,766,4,0.006786832903395615,0.22840843794667492,0.9722229970996888,0.6829162509916907,0.33627006085806055,1,3.7714714468278654,0.16339370779620507,0.7723642508090798
789,0.9406408331564912,758,4,0.006521884190474435,0.22976893548550345,0.950089621745855,0.7112993397746489,0.37469212097059595,1,3.7819846766544405,0.14591766110713142,0.7688314859407814
791,0.9395596504884175,765,4,0.00694545116545278,0.26496517145209353,0.950784754292417,0.6581296986606889,0.3405080155119442,1,3.3280734065532442,0.002240487323841101,0.36769821276957754
795,0.9405264331038758,759,4,0.006808588299816059,0.26778116205094604,0.9482166134999667,0.6873244965636284,0.4039842753316598,1,3.810697962814333,0.08602811064445277,0.0008697218053832107
792,0.9401257000034418,766,4,0.006653875522406375,0.26909801035653697,0.9499929692203332,0.6851983879455941,0.5441401882657309,1,4.640903101770945,0.14892066851492639,0.3584762403175577
794,0.9401569784793942,765,4,0.006614446814774868,0.26866166283401777,0.9499480368296079,0.6576913369140818,0.5415419993704003,1,3.0042382596326767,0.12375150176439363,0.37024588276308706
796,0.9406888847686584,899,4,0.006766907620200541,0.2673739305375905,0.9519124432205084,0.6125182943639806,0.40672347761780175,1,4.6663907960661275,0.119014855157607,0.00017334760118466386
793,0.9404565426011884,898,4,0.006754621452220663,0.22861125041963037,0.9505227990626953,0.682114845054279,0.5419737016482935,1,4.686671590161587,0.13404395191767626,0.3518049328544834
797,0.940110478737159,771,4,0.006724631742508601,0.2436280276069453,0.9501788702940833,0.65992833389975,0.5733687145085056,1,3.3316029166593926,0.125714106743306,0.0001819850356799786
798,0.9409161277858334,764,4,0.006588315425651174,0.24711446579816027,0.9535970140697374,0.607663140302546,0.33266327773382554,1,3.334761803401494,0.12063625469167207,0.00017195821244449014
799,0.9406453823165684,770,4,0.0065485387331573,0.247721184761205,0.9485365112255653,0.6686608179139816,0.7751495473368828,1,3.352916504995307,0.12324315510087262,0.3441993770430214
800,0.9401131232821547,901,4,0.006636910689828223,0.24667244182117187,0.9507030712025202,0.6662381533759266,0.4072550893894283,1,1.3675968558866314,0.005956373335817949,0.33076213616417577
802,0.9402845762099947,935,4,0.0057934354732466255,0.24746881778726582,0.593060820223279,0.6008051678281305,0.5455951505226987,1,4.5625571804420355,0.125176245162612,0.00017911993768780947
801,0.9408816401639216,895,4,0.005711976208331089,0.24740121015688604,0.9997348494645479,0.6933609674185843,0.5454027335543751,1,4.667896977051227,0.11869775906683948,0.04556809494367492
803,0.9406232647782529,896,4,0.005789035711778021,0.246877657948731,0.9986666003788335,0.666361221699054,0.4122541005088636,1,4.772724279078239,0.12000480210131949,0.00018442987364100213
804,0.9409788986808021,899,4,0.005946308066454436,0.24875977437386657,0.9715670394827586,0.6104321618344135,0.48505048779168947,1,4.7631257085682375,0.0651301489633874,0.00017058170225646291
805,0.9406079203642552,941,4,0.0057154723393757385,0.24602721130214722,0.9977800419829923,0.6718282263410352,0.48712530160505585,1,4.7650927940573755,0.006176184842716816,0.00019638607537927167
806,0.9408953262582674,939,4,0.005646926971988972,0.25202544422328277,0.9989405193461672,0.7271592600046022,0.4872832287632373,1,4.795013171744614,0.020179534359202566,0.00019780650238835026
808,0.9394766238816021,849,4,0.005733551757943447,0.5391685912947979,0.9749806111730573,0.7225134433993315,0.48362553362397165,2,4.783474667264812,0.07023650793079597,0.00010152710746375767
807,0.9408840645041051,931,4,0.0057496946746063505,0.24117561035463675,0.9747336809906744,0.7283278186754925,0.489929272682593,2,4.545957384256965,0.00599583728994611,0.00011547409190149003
809,0.9403002629328949,938,4,0.00575181914444095,0.3073134452413543,0.9978730178480055,0.5694677522132106,0.4808910847250814,2,4.787840530697717,0.06462188160319532,0.00022733144614435412
812,0.9400514147971331,792,4,0.005764704423779439,0.3080410705421219,0.9998639743035357,0.7302729823731835,0.4847205948067193,2,4.833351686419415,0.07105731406492848,0.00012677654682281725
813,0.9405750493170071,794,4,0.005475803814562433,0.3051599009178503,0.9714694317577863,0.7302672672705014,0.48946111760690425,2,4.800084692216544,0.06887415422985435,0.00010193411644947099
814,0.941281494010544,878,4,0.007554084070454285,0.21780249705717178,0.9735239090477937,0.5759745519545766,0.47861904052621557,2,3.934259974359883,0.07146266985434255,0.00023300989945161224
810,0.9407866817958853,945,4,0.005701697048071914,0.3042511560457003,0.9745030032651032,0.7293473366261909,0.38803842682358186,2,4.790397852657253,0.06550732171895231,0.00011003875608097924
811,0.9396446537204188,945,4,0.0057769484149647644,0.5395857968352821,0.9707764308220409,0.7230142416881896,0.4800935929409858,2,4.791769933307352,0.06710069841235124,0.00011605714605310451
815,0.9404772543770299,858,4,0.007344320187713925,0.2224411445981746,0.9215078100827766,0.5777252801426263,0.48980027597606957,2,4.803886500231688,0.06856803969378314,0.00025179260934820804
816,0.9416166660853676,855,4,0.007487660348552566,0.21777421859319684,0.9206345857667732,0.5936850513210534,0.3871064772036472,2,3.9307272117642573,0.06537066122581836,0.00024270892528975306
817,0.9406877660029777,882,4,0.007610950726886768,0.20212550926301368,0.9765211353855613,0.6152392443447431,0.48549570643743234,2,4.872745671127129,0.06567313633740834,0.0002534117207456224
818,0.9405018327823933,864,4,0.0073626531853627,0.20053281370928955,0.9198999961759408,0.6105748202519141,0.38395791523686645,2,4.841150882121856,0.06322191581956618,0.0002411574660400882
819,0.9403403767355766,877,4,0.007335025682123546,0.20031107013128413,0.9172614057798766,0.6187394295948124,0.3867933449841538,1,3.9404388568573,0.06550976300846628,0.00024587497086631663
820,0.9405501390389881,874,4,0.007589411961236427,0.22028279802673972,0.9712436469735838,0.6237674635467725,0.3922960921771221,1,4.870260875798443,0.04891161401234681,0.20464132514558553
822,0.9405508445292871,878,4,0.007624351474001505,0.20020437816533268,0.920487894845322,0.5705383590498981,0.38677374068839593,2,4.072300262369577,0.05055229491827332,0.10056338214566755
821,0.940585822654809,871,4,0.007447476937630293,0.20165420731373396,0.9163852028541397,0.5818998001161957,0.38804648935698727,1,4.859225892300037,0.048318874760481564,0.0002470034114909793
825,0.941142994054491,879,4,0.007694004213807715,0.21113257135704766,0.9226302979033445,0.5950722357820193,0.3833703464599585,2,3.9693347678293343,0.0480709729220797,0.00023360283390373902
824,0.9405419914609375,876,4,0.0074957580030072584,0.20117873801808547,0.92447330219053,0.5719235044482663,0.45429451416174754,2,3.9910816634098514,0.04880670985611975,0.0002481813852841505
826,0.9413186068703944,875,4,0.0090637443537171,0.20226850267786214,0.9199818749814942,0.598164153379292,0.3749574472975683,2,3.5995936025973267,0.04714862086853432,0.00021786612947584887
823,0.9391262895052911,878,4,0.0075037079248761965,0.6153085004535533,0.924785821526849,0.5519796691795503,0.4544064560443082,2,4.0079224167214225,0.05791765803357432,0.00016409001758562608
827,0.940992686006744,866,4,0.008005930896222457,0.2088592857101337,0.912799827137205,0.5986419894705518,0.39247436884175047,2,3.8859401112971335,0.05159370795036983,0.00022098723791626133
828,0.940706621170474,868,4,0.008783935892333247,0.2004146645405115,0.9017261037979568,0.5841718527634712,0.38068498531242667,2,4.046704097635706,0.04630588909551936,0.00022532300631846475
829,0.9400935000068775,856,4,0.008892022320785944,0.21900861733671234,0.9030725710736418,0.5651040723249011,0.3755459653338447,2,3.9534038948746666,0.04722714872813776,0.0002125944109678893
832,0.940301226198495,844,4,0.008646802921100585,0.2292852181603106,0.28646727013977785,0.5611410761718483,0.5737129617405651,2,4.051125827636446,0.04978049221284213,0.0002006925652892384
830,0.9409013594526716,849,4,0.008315291735887857,0.2028089288025444,0.9084741212844236,0.5783870655722476,0.3734103905202898,2,3.977200044496764,0.04507886512326077,0.00022453509842542172
833,0.9407726492181382,892,3,0.008910319693563868,0.2184664827966881,0.8840610007761647,0.5942001551422695,0.3694933807081558,2,3.932876759235091,0.03798932102154346,0.0002101599501790281
831,0.9404044688594183,847,4,0.009086018928674288,0.22028341811531063,0.8985501771995262,0.5856098064896765,0.37165093522701054,2,3.9140153302450305,0.05337304950605014,0.00022075699354220002
835,0.9395730610658418,846,4,0.011730584043123972,0.21368898933039243,0.8768829865446429,0.5967117336996703,0.37126593944698805,2,3.9248097303793266,0.03736865425412712,0.00020122228837195336
834,0.9404752709682832,893,4,0.008589270139698431,0.2145109630325898,0.9006057891897881,0.6042913457813598,0.35670460166585677,2,3.8651960796384683,0.03507212824009581,0.0002055458343369146
836,0.940478610045518,849,4,0.008962783497143354,0.21830921452468238,0.8830996109321237,0.5864089959453606,0.36376477056826984,2,3.965629264944881,0.038215962443170506,0.00021074451327490317
837,0.9406459260450383,860,4,0.010743452992812319,0.21193063533714535,0.8851357095990879,0.5982642091342053,0.36589426402837083,2,3.9158627564242856,0.034609407617644715,0.00022190924289182588
839,0.9410899142585079,849,3,0.009438258201113466,0.22024986966178764,0.8647881850995016,0.5864395612439463,0.36310810419148326,2,3.8506061664663234,0.036571667329536525,0.00028508541297374567
840,0.9409381388744296,857,3,0.00976809686780213,0.21304595890602082,0.9100553966040379,0.5689863991409138,0.3675389641710092,2,3.844889257846635,0.02935796760958492,0.0003225010611384824
838,0.9395714163133111,856,4,0.011839004043309665,0.2168051605540878,0.8788285159527052,0.5999269289199499,0.36894920421706756,2,3.8533903757798997,0.03868885050683979,0.00021002481076187794
841,0.9402514995686803,858,3,0.010179695447119363,0.2215218316989322,0.8955412628176758,0.5800088399956753,0.3603829982982002,2,3.899237087128759,0.034717018983585424,0.0003045391403816017
842,0.9403710144259616,859,4,0.009086355947325233,0.20881136799362696,0.8730097617802218,0.5982664426354156,0.40117515978699786,2,3.8296956146382795,0.03829398593902064,0.00027822458323105767
843,0.9400136595862782,864,4,0.011445617406080575,0.22227157042446177,0.8923502908270988,0.6027632831923359,0.40253192564408496,2,3.829917842107484,0.0345847897460644,0.00029757916600311665
845,0.9397584881284455,689,4,0.009947675301755946,0.21125326309308912,0.8632048135588822,0.6003270769336952,0.4148291823347328,2,3.7839608440524897,0.033742445363973764,0.0003350357640095706
844,0.9413478607144242,862,4,0.0084600923556199,0.20004650443249233,0.9184376106906622,0.6022938887916319,0.412718056907687,2,3.767692618851018,0.0367214302248849,0.0003285284031206083
848,0.9403943905756682,870,3,0.009776997767955592,0.21498796716529212,0.8290083876199958,0.5971156778879008,0.40724068010481834,2,3.616494045559614,0.051339840545595705,0.00031689767293133507
849,0.9411765215416766,871,3,0.009488225547246648,0.21365937865974802,0.829654391706149,0.5917052377911353,0.3974258411254449,2,3.7847262004284072,0.04731363193322736,0.0003455337504417495
846,0.9381677442196079,682,6,0.010134127720885004,0.20956681789395532,0.8893963035882627,0.5887563407134112,0.40103739697208507,2,3.6447079188430624,0.037109638235415736,0.0002990919001669581
853,0.9401537338501947,885,3,0.009864612893152921,0.21070437608975665,0.8627408099093432,0.5598760030034597,0.41887339065668655,2,3.717736966264678,0.04666453131928907,0.000401330910989124
854,0.940337553730757,878,3,0.009413758684506716,0.2269287801669507,0.9111724982888548,0.5721612386675413,0.3950101108830673,2,3.729628952809826,0.04717257823440535,0.0004122254546980154
855,0.9406021919082642,881,3,0.00912788441944618,0.20085641372518803,0.8208830452859066,0.5705167315915883,0.41768224374699797,2,3.6972108741478023,0.04911779964260637,0.00042852138118394114
856,0.9403449634661432,886,3,0.009725179424603632,0.20177525699719168,0.839612746958152,0.5801117134301614,0.41718282982981936,2,3.6987483358524393,0.024607717595101955,0.0004088092566727277
851,0.9381171764282834,885,6,0.010660969684868037,0.20321662703327753,0.8801103227595841,0.5816771087130383,0.40148181054120413,2,3.7801656176230174,0.0228512564624145,0.0003353938011196791
857,0.9403777270200468,892,3,0.0097962076727089,0.2019880278557025,0.8326733997964655,0.565753753724786,0.4153650689187907,2,3.769345672089279,0.02000900807548584,0.0004131066788046017
850,0.9394214213529747,887,6,0.00986138811375987,0.200051124540712,0.8628157906748124,0.5988825520200338,0.40054431874935,2,3.755878666560978,0.024415182821039327,0.0003725754567820902
847,0.9389638931526176,888,9,0.009640408670451576,0.20080478568092386,0.9045436468488981,0.5636770760204342,0.41575087931940036,2,3.6875264549650826,0.03924909412671079,0.0003169527136486595
852,0.9396220148915644,890,6,0.007973930678597573,0.21687831338380292,0.8690513345170943,0.5868575058263616,0.3980461480336679,2,3.6625947773877825,0.02308899960522672,0.0003544966267866045
858,0.9399818165093622,882,3,0.008945565679054588,0.20513773901822197,0.8364578421996927,0.5774187055602321,0.42121818431094,2,3.7309421258680993,0.04147122028821325,0.00043981216781787134
859,0.9406047508760341,886,3,0.009838902454146295,0.20129677535151697,0.8398442019223359,0.6138628392927153,0.4156431207027691,2,3.7539358534614573,0.027193076810179368,0.00040879743810497165
860,0.9403778971308732,877,3,0.01017226158197012,0.20095971604071178,0.8409143722154833,0.626479578028434,0.4165198526119948,2,3.7741564365725666,0.024192150208868193,0.0004050071954659112
861,0.9398654680094276,887,3,0.01095596220939116,0.20047316394696893,0.8463603161917712,0.6274197674223553,0.3479308626525443,2,3.7282723713916948,0.03163448831302669,0.00035698116948164115
862,0.939533259306946,842,3,0.012606126056442813,0.20089098801204622,0.7979219604255713,0.6204368973574556,0.3848374564862704,2,3.7421725870551716,0.05663274177411489,0.0003609545004154228
863,0.9404736340429377,837,3,0.012201844959802956,0.22487300444464794,0.8489408133140808,0.6171023482103094,0.3455141906205421,2,3.780181145256052,0.02423551581984207,0.0002763076590530236
864,0.9400174604674442,845,3,0.011288894107912041,0.22435740972971582,0.8971412565192468,0.6169719452850588,0.384823645615579,2,3.79483324015796,0.03999462974565064,0.00028565373464492136
865,0.9403471780377615,845,3,0.010931009991466335,0.22015873528965907,0.8101786029659712,0.6292499916905644,0.34958547416919605,2,3.808319285744901,0.03954100990897889,0.00028719963784031786
867,0.9398071930496765,835,3,0.012311601664560638,0.23025138155690475,0.9234296550950037,0.548834197751462,0.34536229345001235,2,3.796165985021276,0.04557479105105856,0.0001556023731357611
868,0.939911458462808,861,3,0.010506015868362199,0.23050463151204154,0.8160560910908499,0.5612373517195353,0.32643236718764307,2,3.872121214921967,0.08160349618310606,0.0002815087694170396
869,0.9402186598301734,839,3,0.008526154221223388,0.22829704938810133,0.8511642828852981,0.5402765320137917,0.35408261544781516,3,3.991880484947558,0.05789411315343365,0.0002811921753326514
866,0.9394598867504392,840,4,0.01064762615527988,0.2270182447115206,0.7796694352898592,0.6245801770621658,0.34872491701005526,3,3.8705233570223485,0.02862300912479317,0.0002675160442098546
870,0.9400991961105026,846,3,0.008307249655811004,0.22730399853095953,0.8286153345281548,0.5512759019932696,0.34579600181682213,2,3.883080827772107,0.055309801867226796,0.0002716850851928601
871,0.9401713825875351,839,3,0.011364102221934546,0.491377108910423,0.8730588272834147,0.5512862606213297,0.3492421727821079,2,3.854627348018206,0.05749286920264143,0.0002806718325536211
872,0.9400355370909125,845,3,0.008412666504298052,0.23065546899243886,0.8083119600949723,0.5539052236244825,0.3308542881355011,3,3.8495056130387293,0.05713205290569654,0.000273731306040161
873,0.9398149200469723,839,3,0.01103127734456542,0.22755244474357542,0.859740306081404,0.5497258992513173,0.38943661266638585,3,3.8999512689999545,0.0835912752998842,0.0002801048638930809
874,0.9402332820558772,861,3,0.008329809548938425,0.4966166921388798,0.9169195770689876,0.5438067751942776,0.3785091080370002,2,3.9540556196983685,0.08516624387517084,0.00015402569523928275
876,0.9400223216713073,857,3,0.008492405074153001,0.23105539328644675,0.8030924063354641,0.5920515565989797,0.38026176146223145,3,4.0051464562419214,0.3006778118257216,0.00027053379815032057
875,0.9404216260495237,904,3,0.00836534854490509,0.2296657225271517,0.7896392142864338,0.5519658173622758,0.38941040894385587,3,3.927558941796667,0.08021828869276659,0.0002654809255171485
878,0.9403140659132072,876,3,0.00893665476563214,0.2319380472147534,0.8200117918179429,0.5976741442211065,0.38523201408674834,3,3.961066810168649,0.0809080834634522,0.0001578886946400218
879,0.939790842581466,911,3,0.00789812433906194,0.2324120103411785,0.9241673659517434,0.5921566534239946,0.37780026470549666,2,3.9877723946301127,0.08572710836485299,0.0004939216202382276
880,0.940256804313042,906,3,0.009063629503582674,0.2280720736847743,0.8572499186781357,0.5912680184953237,0.3954578388340058,2,3.9785802780956816,0.08453073583199525,0.00016104664774381402
877,0.9398458520395234,910,3,0.008666561957891766,0.22811444901311456,0.8189244423673244,0.5975380914620034,0.37863110488755536,2,3.9866159382642588,0.05960917711008816,0.00016736926217462107
881,0.9400790301503802,905,3,0.008307002179661438,0.23229837781136492,0.819055691965076,0.5964370951785397,0.37913077548818946,3,3.9722454121113735,0.08376129691024341,0.00016364159914951406
882,0.9402829815514495,901,3,0.00941085989758383,0.22572307486482723,0.9065314283818938,0.594756784900466,0.38546046330174266,2,3.9705113648198838,0.076923352349771,0.0001744841159413144
883,0.9400743870640799,910,3,0.009031400752982043,0.23300386663530873,0.9230781512781426,0.598858198231445,0.3803139483782674,2,4.06512041365073,0.08282865687339741,0.0001729888938006136
890,0.9382159680298514,159,5,0.007888784457816496,0.2152289104106053,0.9054740874683714,0.5654921862161895,0.4285821800263687,2,4.129428218430879,0.04623993809704774,0.0004906764009938512
887,0.9407494327430111,906,3,0.0093447846128954,0.21772036913652737,0.924782098752968,0.5848447447802447,0.4003830712069137,2,4.057245612078175,0.06640827389714302,0.00046936927285120124
884,0.9387128064418695,899,5,0.009122514968693074,0.2319137837454059,0.8182048608008593,0.5886750781854341,0.37816034167444057,2,3.573483125411024,0.29029053182032094,0.0001659736789166964
889,0.9403806846524532,907,3,0.0095835268819786,0.21848776297057054,0.9012005367525571,0.5772353914577919,0.426736759176245,2,4.129345545683224,0.017842503730095747,0.0004931718052214871
885,0.940266918080032,903,5,0.009242270585488682,0.21625906055582422,0.925443613268618,0.5895828331667283,0.3832441844865887,2,4.160501314189671,0.0861926844481493,0.00016004724939427476
893,0.9215144223820095,864,4,0.13030518405318856,0.2172013936348459,0.9312376796957419,0.5719024271117462,0.4220927199369873,2,4.132574647113854,0.048448133311364806,0.00048401821518127066
886,0.9392688507268732,904,5,0.009244120018853143,0.22148044514454737,0.9043414274723536,0.5927990006997083,0.37879224441641524,2,3.635896894003737,0.06895766018293936,0.0001749934634479638
888,0.9398897082803875,907,5,0.007992024822064516,0.21327287414477403,0.890447426187423,0.6083596942157714,0.4247968209797809,2,3.581674108487426,0.003158435574206159,0.0001688953414029567
891,0.9393700624941257,901,5,0.00919742506975532,0.2143676651435972,0.9284582197375523,0.5732176547225937,0.42856185260011814,2,3.7000350154635075,0.04542792359187891,0.000484845421232528
892,0.9400200705728246,862,5,0.009268700565057074,0.3663915255713214,0.887672460173108,0.5686989484524843,0.4265968407183046,2,4.137279813978942,0.04444228759549488,0.0005155814485344853
894,0.9391847637973605,870,5,0.009319099421458536,0.2156770276135003,0.8843272323193441,0.608241568025212,0.4265159021105237,2,3.5727664647831014,0.06512363402668052,0.0004799075629664007
895,0.9406836551652754,874,5,0.0080418326295049,0.2002113871847029,0.9310058533970001,0.575756194370673,0.4302443745406702,2,3.649144066615249,0.04414968278109355,0.00035982734808626837
896,0.9403224921390535,871,5,0.00777138248741946,0.21885395570315705,0.8883418882072941,0.5754660584922427,0.42590608253688167,2,3.6190409298296684,0.04754171974729321,0.00034774520975064876
897,0.9395548665127821,873,5,0.0077135519236348265,0.3744838556115653,0.8885390926119668,0.5734590410875076,0.41074126669122635,2,3.6941726405172544,0.043261945788745454,0.0003482361905301351
901,0.9402912334919705,868,4,0.007497463167619837,0.2417710821775585,0.9389982052417045,0.6144123670399751,0.4045606455841021,2,3.5884679220313385,0.030977232067480993,0.0003443886765363539
900,0.9403826466668933,874,4,0.007240635869170205,0.3697911574628106,0.9373187450427349,0.5332111970502224,0.40899358054410834,2,3.5334576253005654,0.0032636027726828383,0.00022640176809158585
902,0.9411579314548548,872,4,0.00799345863054212,0.23752915671127733,0.8781191977920545,0.6115289122611327,0.4102188445925098,2,3.5962782572766425,0.028859620614529867,0.0003549977385077276
899,0.9385417751384091,872,5,0.007384090746879249,0.836573382346189,0.8835333914354573,0.5732460515171399,0.4075608463973565,2,3.5433689586334207,0.0646954231129092,0.0003424491507711869
903,0.939025752963221,867,4,0.007792546399951601,0.8254798067908593,0.9358309565138001,0.5767600572905948,0.40656845855841695,2,3.6274010951637865,0.059800766471460175,0.00023202292021753517
904,0.9399085081357746,564,4,0.0076985831122219515,0.2441009420189236,0.9381493132305987,0.6126867755157079,0.4120272620902148,2,3.871362472922541,0.09763168884357604,0.0002345373802674385
898,0.939450887052819,918,7,0.007817631555871743,0.21323585585800475,0.884711313335556,0.6120417713014753,0.4070488363598461,2,3.5325056762722786,0.04473531321250957,0.00021616385058515524
908,0.9395176059800363,486,4,0.007365993019954602,0.2437738068908104,0.9400437028919829,0.6385722718211988,0.3632341420816981,2,3.9006415548541478,0.2044165411269122,0.00022145813959629877
905,0.940722774393616,864,4,0.007657632620771649,0.23825350925801211,0.9385593866438404,0.6134464211050823,0.30773035086238804,2,4.037763476050237,0.05918347329756295,0.00022747257337348364
906,0.9408302807832604,859,4,0.007274717121995724,0.23771966403333197,0.9383337667724804,0.6248355964230514,0.312561310818087,2,4.054481109872479,0.027945980786722207,0.00021645783471726246
907,0.9389367249925552,829,4,0.007134332819981935,0.8165641927811896,0.9385302118245799,0.6350911085149971,0.36082135614340943,2,3.5635680757685164,0.0001788370494524679,0.00022754913288478118
911,0.9396569987570222,861,4,0.008105913886197972,0.23566094720270328,0.8392508756693118,0.6134269799030471,0.36276068848950355,4,3.840278432777713,0.014695916785785346,0.00022268595354333031
912,0.940847418666309,831,4,0.008278670662464497,0.23762726556294655,0.8721959124925424,0.6185883628776125,0.36678517459403354,2,3.8460151453671028,0.02844788635903817,0.0002118320849251904
909,0.9406048860254332,831,4,0.007395526901842885,0.24487110345870663,0.9332623607826122,0.6237017904996845,0.5746466087987964,2,3.84894837956933,0.09674581723251215,0.00022141511485731572
913,0.9410158805657524,840,4,0.007743097068006064,0.2387842248374613,0.8682689415336883,0.6187850629556316,0.3636335993652296,2,4.069305373225801,0.03141092797469783,0.00021347619531702185
914,0.9405167096525245,831,4,0.008482076110246312,0.2433270192175556,0.8636631538516005,0.5313174639150476,0.3644408189438,2,3.8337265411761035,0.02846247041926429,0.00012761232456224553
910,0.938948024317207,860,7,0.008106356334404088,0.2333600865349895,0.8598135860954109,0.6091296848369866,0.3641571477478641,10,3.816686868787287,0.02786742013670919,0.00022353065736508554
915,0.9392801698803941,851,4,0.013827754113488125,0.23754848923921432,0.8648146145191391,0.6143876784266648,0.35587143929087717,2,4.089771626381396,0.02800610829007391,0.00012763768652648128
916,0.9398015846105265,830,4,0.00815905208303058,0.24157990918949573,0.8615834339793083,0.9740174097070999,0.36165864516571455,10,2.879258685430675,0.027940203217777897,0.00012901024913934936
917,0.9406502038626929,833,4,0.00874715575298464,0.24231384634699787,0.8504402448204493,0.6284032348182053,0.36024879932079185,2,4.156985701841761,0.016906048167146342,0.00013389991181294835
918,0.9395125099606151,887,4,0.008242931632344382,0.23928240389577096,0.8489445236015694,0.6096982779015199,0.5813529166239055,2,2.884791590787292,0.029636959645198913,0.0003079928200134267
919,0.9405237906461295,832,4,0.00836927841393413,0.24235064282023067,0.8604980978749311,0.5326637133724302,0.3933018757331216,2,2.9207329637010977,0.03056467112667204,0.000140580662417899
920,0.9402177560511813,886,4,0.008532008147184453,0.2477546171934194,0.8554851970113,0.6022912397333953,0.397274328237218,2,4.152856297453275,0.03143339959694168,0.0001289569547158266
921,0.9296449768266266,851,4,0.060706121797111684,0.24521255504206332,0.8650772343163459,0.6090977516332546,0.39509759329868055,2,4.1714193806748066,0.03232479048911273,0.00013062489163283747
922,0.9385213900170994,886,4,0.013912619399320158,0.20001062841023315,0.8528188552316989,0.5590969174843438,0.4005765369808882,2,4.180708616932739,0.19760630795538908,0.0001358840567321963
924,0.9391060066592022,886,4,0.008675308509973775,0.2158301341162608,0.8686213591140057,0.5595353647363589,0.39589183510461345,2,2.9233394110181683,0.018410241288967084,0.0001344015438676386
925,0.939890422119684,882,4,0.008616828628907003,0.2532407422980531,0.9099515327305866,0.5569447454980117,0.3965627829486918,2,3.7016226750788483,0.20600694727597402,0.0003438066946671061
927,0.9404182311383671,887,4,0.007081971071563398,0.20038726326818676,0.9042720012107357,0.5628964487819041,0.3967347132945426,2,4.214322770841259,0.0016499269976145308,0.0003041699588652355
926,0.9405406587521927,877,4,0.007007475582705913,0.21441869851387374,0.8965939846899138,0.5571307705089755,0.5773104866068073,2,4.206562063740663,0.019811009792915616,0.002565243826725935
928,0.9404983543812605,885,4,0.006928369872197769,0.20035072634815018,0.8975991472265005,0.5620815710493003,0.3952443444081506,2,4.224998665256796,0.199370158366719,0.0003272084015584731
929,0.9394662544265604,890,4,0.010201456030289787,0.2007846595387107,0.9033015094168477,0.5578667531077269,0.39788411938764034,2,4.1489210097908575,0.0016700467021709049,0.0003374789898353748
923,0.9389024090469069,889,7,0.00858163102887795,0.40846923879434016,0.9055818835407634,0.5596885023117043,0.39603332279131853,2,4.2024286823639185,0.018480105939811066,0.0001425209298082604
930,0.9397229120059691,888,4,0.0071435567956589525,0.21915419113124585,0.9093038727392377,0.5860072455539497,0.3954920445129773,2,4.214634536095624,0.09526838269240863,0.00033022481930518874
933,0.9412797934240915,889,4,0.006969330940096013,0.2155701702068224,0.8990054740641426,0.6362589802201895,0.44276831801620775,1,3.6776505619033797,0.06753241069790701,0.00028084636663018385
934,0.9396512817809028,922,4,0.006989410444679246,0.20062569153055737,0.9023533725117765,0.5838012540920452,0.4403614920102171,5,3.95126240780523,0.10370101439241318,0.0003112766257164211
932,0.9412451523893484,925,4,0.007065015861262146,0.22204380748546992,0.9074433725253238,0.58542470215229,0.44578997781222707,1,3.9874942982450126,0.09947322971810085,0.0003148141860886331
935,0.9399592418634268,920,4,0.010004957732160695,0.21537243939868142,0.9003503333172598,0.6421881400866195,0.4417262685255592,1,4.049023374057118,0.10075116100521467,0.0002865114866691233
936,0.9401210412627709,927,4,0.010253136306462563,0.21598541562568804,0.9019171120292966,0.5885183447549892,0.43973356769044825,1,3.9569575682992872,0.06719321643261118,0.0002686582871903765
942,0.938198347470378,213,4,0.01043885813936204,0.2137160505577284,0.883638611432751,0.6352288313518063,0.4445786665924748,1,3.616705425406461,0.07007900997102899,0.00041271134773070985
937,0.9393975223472923,922,4,0.00978351236196999,0.2192185048047649,0.909449355642472,0.5859152810990128,0.44158297945874914,7,3.9875919831808586,0.09789707622202803,0.0002677054158986367
938,0.9405171093607855,923,4,0.006935759174424038,0.2241669025748782,0.9142363217247703,0.5840507016563686,0.4402694311797035,1,3.9311104006633215,0.06840621347478536,0.00027146404041993114
939,0.9408063969101361,923,4,0.010379829050889015,0.21870384490143194,0.8806187902238658,0.5864168623996031,0.4407034850653636,1,4.020674320507617,0.09668671671350057,0.0002631562379124307
940,0.9408256194335276,923,4,0.006416962575659943,0.2597866938920704,0.9179090154542309,0.5872941889792997,0.5676885134017104,1,3.9187275164317517,0.1012863559642252,0.0002685980746652897
931,0.93978762091201,887,10,0.007034907858551472,0.20109744366089177,0.9083012980757657,0.5608360853108852,0.44355664565824393,1,3.7211349924772232,0.0017405264054436785,0.0003090532609181407
941,0.9399128235239186,922,4,0.006507008880456621,0.21889017866655275,0.8773800567247706,0.5970049691364065,0.44379402921814426,1,3.759907979261327,0.07019339717444063,0.0002604970283665207
944,0.9407840915193741,923,4,0.007804740093333384,0.2192058715184543,0.8745890244181772,0.5907183082226811,0.4462608937282194,1,3.758713518365668,0.0703571782216045,0.0002766177427793427
945,0.9395994219821968,926,4,0.007670748338016046,0.21927589689999033,0.8809789301122583,0.6044045099585296,0.4458306398071553,1,3.7348043564837528,0.09952659429629945,0.00044033946428796223
943,0.9399679801330592,919,4,0.010398424458857226,0.2199051570560513,0.8840383488437714,0.5854768085097437,0.709937399635185,1,3.6883361491527555,0.07047278665119282,0.000382117108866943
947,0.9396552903433845,907,4,0.007594236334024902,0.22743462181047758,0.879041627512472,0.6056692097711087,0.44576493500175696,1,3.692144666711565,0.05452578737402306,0.0003930650110359627
946,0.9406121407825511,860,4,0.007784596100694159,0.22179197458632752,0.9166681425964593,0.6004595414139766,0.7107314061123953,1,3.728067052826245,0.08232726733831912,0.00026222522299587165
948,0.9393710153234789,860,4,0.007818286462703048,0.22096434509808668,0.88748547073258,0.6071583255578406,0.7070061857234614,8,3.881923474377933,0.057132469585689884,0.0003917252593295434
949,0.9406810617578902,856,4,0.007669633972951799,0.22714785576456517,0.884440863143854,0.5981650801901554,0.45076680337379793,1,3.7550173779396934,0.05376610669902708,0.00042327405918751347
950,0.9408868833344259,899,4,0.007772992833606559,0.22353329245501777,0.8761611380717166,0.5982809706269083,0.45489580337959673,1,3.738033101674205,0.05637457967865356,0.0004056413462502132
951,0.9411314839176494,855,4,0.0076206205589664094,0.22052920800334275,0.884109847447474,0.5994543390059855,0.42291988849212786,1,3.75173459909749,0.05932919435756493,0.00041078696381822885
956,0.9233598096745805,857,3,0.10028549008258021,0.2329596327581762,0.9149432177145639,0.6316407014344388,0.4254905669232032,3,3.8044671007832234,0.055567766168674475,0.0037962907394161905
954,0.9397914791925341,857,4,0.0077030091845263935,0.22997776462547329,0.8924586879991075,0.6231912758389448,0.42757542128375003,3,3.635881603248885,0.051067112641856635,0.0003883541663216611
953,0.9409370660282355,864,4,0.0077597976643448635,0.228191933635482,0.8822374596610422,0.6071313756037489,0.4217625301065935,1,3.845156599361215,0.05621622896879692,0.00040354255092531286
952,0.9398701277937234,905,4,0.007873799161447042,0.22764806502376836,0.8832175312873223,0.6026171747355248,0.7043890575271232,1,3.7722126563652045,0.05292496621656503,0.0003781690452822075
957,0.9398879372492679,857,3,0.006522993986679982,0.20003232629199844,0.8957364981489545,0.6317704100465179,0.42095208065426765,3,3.894557432060708,0.057813218785797905,0.00017474273750388305
959,0.9403947172302001,874,3,0.006435394114913491,0.2569887200597265,0.8962672007681124,0.6294344731000291,0.42063956837656585,3,4.034577951859449,0.038320436209172457,0.00017905131815013927
958,0.9394798288530628,901,3,0.007082536182636161,0.2002770465260705,0.9197676435368578,0.6265549179640241,0.42141953436470353,3,3.8153646420447282,0.039138569797981214,0.00019390154525956876
955,0.94007513951749,857,4,0.007817116808651638,0.23222808774630918,0.9172505036200932,0.6272524130852808,0.42649268852606825,3,3.8193832022867906,0.05144763014303703,0.00019468577783683536
960,0.9398854106338635,903,3,0.006401622499620352,0.25348371139589787,0.9045202368379425,0.6425506755860987,0.41798436210618867,3,3.842471177033143,0.03836952740160805,0.00019393115144087516
961,0.9406423443250599,852,3,0.009197557062213169,0.20001527630974045,0.8920294713598546,0.6380727809715102,0.4231061842641579,2,3.8756253067982267,0.037946060930065896,0.000538558956420185
963,0.940595290418108,870,3,0.00894939896429107,0.21163456852351453,0.8323559430608025,0.6298221454033028,0.4217329871449726,2,3.8549680238299757,0.0374742600396906,0.00046019219900477967
964,0.9396887406023422,875,3,0.008855564892890022,0.21101965819356322,0.8393770202121018,0.6322260269159262,0.4131686217042811,2,3.6179848821465095,0.037893328207993286,0.0005621690705713023
965,0.9406826929432999,872,3,0.008958757748085284,0.20117861605723272,0.8921878733239795,0.6078306457175918,0.41391713311536865,2,3.9015185658996274,0.03713874226345846,0.0006764589048607836
962,0.9399071796015287,870,4,0.008592512182629646,0.20183492717637505,0.8945917684306866,0.6231926678514174,0.42723701197464425,2,3.8630604760731115,0.046936545890378774,0.0006533558331086948
966,0.940724422277021,878,4,0.008414637629627552,0.21491258535443594,0.8938032824660009,0.6262979847782628,0.4140220725465237,2,4.052090156972826,0.03853892910086661,0.0006177481742928657
968,0.9404854123913277,848,4,0.008902177576854617,0.21409709887572334,0.8319733455133452,0.5710470004379297,0.4131772337615393,2,3.6378388962955994,0.08364635178558219,0.00032990984735621593
967,0.9400286095101386,847,4,0.008471822939434569,0.20095461427556346,0.9154787887665219,0.5728573974388907,0.41177828257519694,2,3.610019326545228,0.08582614985532248,0.000612316515259622
969,0.9405691288340711,846,4,0.00912132397059137,0.20111777589585067,0.8442701938052144,0.6455868701138323,0.41425575221512195,2,3.6330783800267277,0.08840876736508889,0.0006085280235776384
970,0.9402328927838633,843,4,0.008905201006242548,0.23752077796601234,0.8342312088961518,0.5774395216769197,0.41399609614800253,2,3.591621263284847,0.08557231622041939,0.0004690261692308253
973,0.9398885175046023,838,4,0.00714401819471359,0.2379743421820465,0.8743433895424711,0.582470939669706,0.2515138243154959,2,3.6067029709418468,0.08556107994016103,0.0005583344308846406
972,0.9400355047385467,878,4,0.008733793374825466,0.21664931527566353,0.8484165938506342,0.5756948358952363,0.41359797276316346,2,4.075518422735567,0.08554267536608262,0.0007112945694077998
974,0.9405338376211384,845,4,0.007025747100722045,0.24467008646739374,0.8695389538645542,0.5783811052193725,0.3801480575693454,1,3.6397869678535852,0.08524158437657867,0.0005598261419943876
971,0.9404006116225185,877,4,0.008670003997055644,0.21371349913810694,0.8652112149904572,0.5782155136758224,0.3297963516697239,2,4.055462887771565,0.08423396176611372,0.0005412651136039883
975,0.9400903148642861,837,4,0.007436128629791363,0.23504625378236954,0.8517177620569805,0.572233143639287,0.3805186164273661,1,3.598727005573431,0.08185248282269622,0.0003275976575622879
976,0.9404075089381759,844,4,0.007271495115130444,0.2358270732787071,0.8723535345215886,0.5804165698071097,0.3751513350346117,1,3.6463198092254436,0.08071258882513949,0.0003439508852233278
977,0.940331993298343,895,4,0.0071610368432132995,0.23845399011839968,0.9167760729741546,0.5849717455123798,0.33248641744113033,1,3.5807211244966486,0.012643564497361046,0.007454111493206733
978,0.9394529544733542,897,4,0.007223639635328567,0.7682059798736931,0.8576849030533317,0.5801049972338256,0.33103278139754927,1,3.533234748822676,0.002284994293345094,0.0003247907475594157
979,0.9409353367421038,895,4,0.007115519304045468,0.23598884116355537,0.9203075963236222,0.5774465515681251,0.3294126019138118,1,3.505198221991692,0.11741206150783086,0.00030698569352600606
980,0.9408085707803909,897,4,0.00716714751247747,0.24951840274223513,0.8650888124183052,0.5788174682488405,0.37900792455491195,1,4.084649769756308,0.11683970968923824,0.01112466996075213
981,0.9407566394933928,896,4,0.007236903191689585,0.25234318755536367,0.8619695397995489,0.5359040436168456,0.3797781256765629,1,3.976594477271667,0.1223733760380659,0.00034012872956714534
983,0.9405873912227364,898,4,0.007154351897227311,0.25369414470589385,0.9206760488432801,0.5988814392063254,0.37894470138628455,1,3.971965760801249,0.11915468183485951,0.01133188402911546
982,0.9406577325712953,893,4,0.007186605056353578,0.25646613285319453,0.9117240304452451,0.881092468532467,0.322796679609706,1,3.987593415351583,0.1147394682553401,0.0003367404903717545
985,0.9409229290880183,893,4,0.007027259570859177,0.25369294853636704,0.5028184836042339,0.8837357475819018,0.4541121384806416,1,3.9503497421733145,0.11387481376637275,0.006985432880783272
984,0.9410693511991864,900,4,0.007041700877801771,0.25345744707052387,0.9191302583084363,0.5398742446314609,0.37909492639577247,1,3.512595291905562,0.1164542398699232,0.0003350539928527179
986,0.9407165825682572,894,4,0.006945999562829796,0.23364549148344574,0.9248782526931738,0.5975362651913344,0.45893372286727097,1,3.936896733842339,0.10976712238957873,0.000359029965082192
987,0.9400087211541871,901,4,0.006842629132969564,0.2593124000001115,0.9211104410158493,0.5364307528733304,0.4597762728107049,1,3.98603944140633,0.12128146209019079,0.00032214039165123526
988,0.9403511594660007,890,4,0.006776074851101266,0.2509289440678255,0.9233489954497244,0.6042431302511478,0.43840914520949403,1,3.9858965242788287,0.007672974649065553,0.010841836109497112
990,0.9405242884551125,913,4,0.006598652695041546,0.25731834939270637,0.47214045828815265,0.6169077527593656,0.4582852456628834,1,3.79155261091115,0.11286311065235556,0.0004149296117231106
989,0.939053968400672,903,4,0.006609627066486185,0.250966506955789,0.9246207741016333,0.5325042559202562,0.4333663459627694,9,4.023990196049323,0.12241406366197899,0.011228951663906134
993,0.9402771174242475,822,4,0.00644157795293034,0.23049527481795334,0.7659535696983366,0.6113479261469029,0.4638729724857984,1,3.2269721148587465,0.06612091919316676,0.00043099401661091737
994,0.9399721191486284,823,4,0.007933528650162738,0.22743392799780496,0.9232895526096068,0.6160818115003568,0.4585870707659916,1,3.7717536655475743,0.06991951777209794,0.00024956139893278067
995,0.9400390645424063,914,4,0.006462716045318411,0.22927860261016575,0.9012077403644237,0.22693235993364402,0.39107812135765846,1,3.508136369079142,0.06704221567314907,0.0004312314223377065
996,0.940765940798552,870,4,0.006369065447826369,0.21709080426569058,0.8954133687431425,0.5316692714995587,0.395194761755078,1,3.7686968862923873,0.06868429939241351,0.0004202408947934291
997,0.9245227759924489,914,4,0.08182983688416207,0.22620960886574912,0.8992505564508297,0.530742825143205,0.39684581719266154,1,3.7129452366740243,0.0002630283401224536,0.00044842712601185746
998,0.9393634406953897,912,4,0.006285715682573727,0.22465598305012158,0.8975961187811772,0.5358869338137691,0.38986118797178543,9,3.430558512956951,0.004373991411059078,0.0004036661145886384
999,0.9407650171906905,872,4,0.006396798952797122,0.21811379602217684,0.9016868824233232,0.5398652683150394,0.3920048589518503,1,3.7070875798559553,0.15373687967984268,0.0004178821231997538
992,0.9399507227549823,828,9,0.006363238830050168,0.26162468417699186,0.9264019146104038,0.6076018949244406,0.4402767335429531,1,3.964435433175999,0.06666677988593685,0.000253521044594987
991,0.9391116265782241,916,9,0.006699943425313506,0.25948118529335623,0.9238526471850946,0.6106162354424098,0.4365817793169122,1,3.9591953158035436,0.11103911696176691,0.00040994346061757356
