trial,score,n_estimators,max_depth,learning_rate,subsample,colsample_bytree,colsample_bylevel,colsample_bynode,min_child_weight,gamma,reg_alpha,reg_lambda
1,0.9326864196018768,346,9,0.13155101359399715,0.6516184830332823,0.7914472288542079,0.28073105865604797,0.37309577021100515,6,3.4618840408107223,0.008821900425690248,0.0020393258711754523
9,0.9387895504279771,353,7,0.11398950252454501,0.8223317558958898,0.2256958095589191,0.867808119898811,0.4717495142011632,3,4.1400768228925315,0.019003753565686437,7.297277876463983
4,0.9367945125712215,378,10,0.07346850393412865,0.20953905605783005,0.9739591746486589,0.555709404313747,0.3052990020406804,4,4.817932378028379,0.155929061217715,5.199457811536921
5,0.9354689004743755,576,9,0.07591087242851317,0.5692161935802108,0.7385349443283308,0.6509179826753694,0.6658046394992055,7,3.6754164112962378,0.030573283830406195,0.03563106579744931
3,0.939207526295742,858,4,0.027401752190628216,0.3197315090947626,0.3133204540469753,0.5038701689948298,0.524531758449147,7,2.026920616051785,0.13276123938034326,0.03331489179169285
7,0.9276621472916384,964,6,0.16080776470817734,0.41174821911404796,0.22486391403795622,0.8007706453073156,0.7919704265156245,9,2.998990241842595,0.003170563860625452,0.22685515949852783
11,0.9373537315625693,501,4,0.11733093004711577,0.9483359624592753,0.6308960049005351,0.8711444864855332,0.5656166494121174,8,3.895780898026696,0.0013490948838828518,0.023483284241484957
8,0.9412178135966472,461,9,0.008683621511536356,0.7269768280951837,0.2204428591996881,0.7839683557615597,0.348138681813305,8,1.7018453183224196,2.184880644844473,1.5567227720725092
6,0.9423050033685074,351,9,0.013053576252107986,0.49101299283357475,0.8600032283622105,0.34982186412657,0.8131613720524022,3,3.855050547442733,0.012279473327499709,0.008617792646016222
12,0.9389543147651,183,10,0.09112399817171139,0.7701624253620034,0.9943585520868115,0.8364220836254961,0.3930586266541064,8,2.24397012669474,0.6852937927458619,5.38603276593446
0,0.941280874619283,807,8,0.018947000097569406,0.9480373489634673,0.5399325053441473,0.3283668497020547,0.664161716517642,1,3.8220418880721607,0.003699179087413257,0.849535401227143
10,0.9326222314645627,924,3,0.09758990447787512,0.8980016873196068,0.5598609592018011,0.4202168936461428,0.5215701678491151,9,1.9526437976053486,0.017991972162077468,0.00025825429283478395
2,0.937640838979917,903,5,0.04928715039158557,0.416983325842981,0.6102195153194612,0.8173587029493947,0.36395923274005065,6,1.2304711723521244,8.000851364931755,2.9550472174506264
16,0.9417944444225282,174,6,0.03603665291220609,0.9439551148974057,0.6050152183651336,0.34793313774836093,0.3266082281628655,4,2.5660297676371444,0.08563217781077968,0.028070621174892497
14,0.9419578750072819,350,5,0.009140475602457884,0.6224498313250945,0.8515673235723407,0.8997339746912869,0.3016404735534261,3,1.5809244834899712,0.08062841633582883,0.0008813865184662084
13,0.9401966946610644,774,4,0.024890912247549978,0.5346104968132408,0.51377831349396,0.7119523459025934,0.47260844482869313,9,3.8237853376949977,0.0007318381382957204,1.2203382597194061
15,0.9130547499294666,785,5,0.2644671654057026,0.2177096684847588,0.7701434328785584,0.48167598981965515,0.21730890784598975,1,1.3495757160318682,0.0023819110305558213,4.037057548639324
23,0.938718662220074,109,7,0.0064981632633248,0.5122509100792579,0.844359591015567,0.22709369844384258,0.915409126332454,3,2.807946200721916,0.00047143130807539437,0.004294725605180343
18,0.9404022709857951,794,5,0.019632831020660914,0.7617151373324804,0.5223020225500868,0.9276937606682605,0.32110812069879036,10,3.7163827746388423,0.009995399677933703,0.004612313944761063
21,0.9420643852571479,722,7,0.011679957875631145,0.44007039219085786,0.42571760428280525,0.20574062751954575,0.9747078381685844,1,4.988763927063211,0.0007586175718869901,0.002658238886402288
17,0.9411439030516066,747,4,0.008879782241363706,0.9612323753386534,0.8445856199918952,0.7769381764522691,0.7447854013618675,4,0.5697871186022013,0.0001488038298852095,0.010576929310602817
19,0.9418027850711489,721,6,0.006644864768792681,0.545443006645389,0.47834059237988136,0.20127598775388553,0.9836884535196632,1,0.6123638531320099,0.00028465704398607147,0.0008153529848277817
22,0.9419314170338294,707,7,0.011470282264741739,0.5464084630459481,0.4303905962705863,0.25667269925185,0.954078659307811,1,4.624563751844083,0.00013458474854025353,0.0031896362825282625
20,0.9400119151675884,676,7,0.011632769819011865,0.9927338932745067,0.48836714427772276,0.2573638929152975,0.96155782317324,1,0.6903227014158975,0.00017609443282049923,0.00013174802575859412
26,0.9420419285408042,639,7,0.00596700277131368,0.5224415118425194,0.8766784037724367,0.20928203118506383,0.9835115021604948,3,0.09706131843941668,0.00022634137065681743,0.0019606761795924878
33,0.9423847811716245,267,8,0.014328476389356217,0.443263748188836,0.9232426837852636,0.3953618519426588,0.8703569383269727,3,0.059137068632586054,0.056394007087069355,0.000603404012147867
29,0.9417310285674938,652,8,0.011975019379283592,0.4405246154196726,0.3776612299480858,0.2070387208290187,0.9807826190525978,2,0.5937669428914258,0.00010066983120657744,0.0001355508147026052
32,0.9413323117499848,252,8,0.014608807093958365,0.43653489090874154,0.9222832709035869,0.9637277877282399,0.88401397215809,2,4.511818172428897,0.04875959847534736,0.00025630675285685426
30,0.9412007461582661,605,7,0.01302174358240009,0.6060074009403983,0.40735852315111437,0.9986646626965592,0.9700439252796313,2,4.968055609444713,0.00011813017165893318,0.0004848008358429236
31,0.9424186520113371,637,8,0.012408642382654668,0.643992165115863,0.40463254171545493,0.9863930853694878,0.8857170022654953,2,4.972512215175579,0.39011708384182625,0.00010595210892164944
36,0.941777864356883,222,8,0.01716025790141638,0.31038413207461174,0.9278990180710232,0.3884092633059334,0.8695676919068507,2,4.402137347511123,0.43554302873740075,0.000488474675170542
37,0.9423923046621032,269,8,0.015711017511883803,0.3396129925317433,0.6952115758104653,0.39934872073992433,0.8387238630480776,5,4.272060450649219,0.35004861477549953,0.1113892160446411
35,0.9426461256695713,265,8,0.015820789783985892,0.41893283472279,0.934328232292102,0.40370314019567505,0.8760139923023835,2,4.441084299603194,0.3873980514334119,0.00039532025917261827
39,0.9419340375754569,265,8,0.01764845153100497,0.3397724231064008,0.6970105143642868,0.33163517040389884,0.8347447760654243,5,4.30744145654282,0.36948285879769877,0.07297390296575139
27,0.9414546683973304,638,7,0.012589250499819503,0.6476970200835146,0.8942134874158898,0.9924665726326204,0.9950482680987933,2,0.4048297185170622,0.00018763208894666857,0.00016495168752054845
38,0.940982352034942,456,8,0.018408165207073984,0.33833936569035034,0.7052446287971252,0.32847986883199076,0.8447600350357415,5,4.301485317488705,0.374118262176161,0.13785556103502752
42,0.9424011201599635,274,8,0.021127547096477316,0.32576458042177625,0.7199881467706833,0.5646883054754925,0.7242801176720279,5,4.20625375054282,0.4342171103024015,0.3852256743983192
40,0.9410112573083211,502,8,0.02106362748655093,0.3471905943455318,0.3152778594778942,0.31085606881554984,0.8129653229084342,4,3.256312194429572,0.3199793000726472,0.009348725912098134
25,0.9418581624069141,619,7,0.0050934592361250655,0.5256878870478108,0.8601872612363207,0.984249696498867,0.9802366277896459,1,0.36534999606053553,0.00012174016281106611,0.0019394572772201554
41,0.9406968465815122,423,9,0.020555831869115016,0.34370087250285,0.7100604849335381,0.3276591065565948,0.8114158380296972,5,3.356189685505921,0.3404060170983443,0.15627495076413175
34,0.9424945621413074,642,8,0.005080093574536167,0.4326367921487629,0.9232880179059938,0.3734579005318252,0.8691537907169833,2,4.50416327734679,0.0004627286724770099,0.1926662347953376
24,0.9415518152463676,680,7,0.005102041093536537,0.583268876170609,0.8703900667980967,0.9733703335531898,0.9684178735832829,1,0.04644791314836105,0.00015659553431131965,0.0015255992470145704
43,0.9410187954095457,461,8,0.02559762561330174,0.36398614143414365,0.6907610556798773,0.5807353745608308,0.7667230952364325,5,3.2272292237649673,1.4130692508898217,0.15811717641918163
46,0.9403812064648042,405,9,0.03800818314152772,0.37250208756576575,0.3010103579458828,0.5970315701748665,0.7375080704949425,6,3.1991849094675793,1.8851118139080225,0.4700621069508776
47,0.9403595721247259,302,9,0.034318839456059666,0.2655222788401178,0.7932762720050686,0.5859969358878842,0.7244913328572983,6,4.634783503913786,2.542558924473718,0.470927763198038
28,0.9422880121147295,650,8,0.01147488828093543,0.5858528642961237,0.8952622435095308,0.978918401066191,0.9959866660717163,2,0.10531544881884214,0.5006659029309846,0.0001308745080003584
48,0.9407413269099486,299,9,0.040158599510390046,0.29583700378474154,0.7960717644508388,0.6023224327924042,0.7414308113638575,6,4.7081484141877485,2.539414320431418,0.327404230025519
45,0.9415508123230285,280,9,0.026728857956521197,0.2689253367709468,0.7817221317647669,0.6167314749669532,0.7330696193713826,5,3.2845582082071108,1.0889493881822903,0.42981406772401315
49,0.9404086141367356,305,9,0.035603907726368955,0.2696047687238752,0.6308431474006473,0.6106385759667736,0.7394088170287301,6,4.673170166233314,1.557350691898998,0.48124454136930384
50,0.9415178066481941,307,9,0.032230582671542246,0.27538323427911626,0.7737369424654568,0.6005467755712487,0.747908650363068,6,4.697215161587495,2.1260671412523937,0.5844711882113814
44,0.9385759350621644,432,8,0.0294772361857772,0.3726923330899507,0.7030968426982569,0.5640736854564747,0.7436769861127346,5,3.3009408813854693,1.3977273481745118,0.5391084996563043
52,0.9424622828292657,310,9,0.03962193867686024,0.26549970964205444,0.7966970271929575,0.4722834685513292,0.7127748646036347,6,4.729320905717825,6.053342947782089,0.4901399637179499
51,0.9394956136766851,296,9,0.038993236933170465,0.2758302793008327,0.7849283360028633,0.5956061972699758,0.7469611618492943,6,4.032802734849181,1.4054795204538963,0.4105538129287545
57,0.9413198613072865,108,10,0.05713734629431468,0.39662170949361797,0.9744623398652078,0.47744121954292756,0.9157302255149946,7,4.084537917127949,5.539503547038353,2.0429672913697847
53,0.9427604025744719,300,9,0.0344787983427762,0.28885417202554087,0.9599519274198488,0.4807931353657701,0.6556114488437799,6,4.719977230742844,5.7649181713865145,0.5279118242157298
55,0.9391412102076597,558,10,0.044988026717519926,0.294278310739044,0.9691494269010453,0.47637790753287407,0.6816642117181038,7,4.004388190277155,7.78778365341121,0.06500745953534823
54,0.9398790873117925,844,10,0.044186264129987114,0.2582246984231736,0.6405377268262626,0.4580631850443254,0.6793463207909096,7,4.1157468167736635,8.724173166529164,0.06052233021343692
59,0.9348797628500624,557,10,0.06108041898440704,0.3953078793234047,0.9564269373341653,0.48488048627758906,0.652070292707366,7,4.077053469392601,0.15627805376253656,0.05889458399718917
65,0.9402500771082112,190,10,0.05948139093500596,0.23057901199947606,0.9984082391565485,0.5344510432789543,0.6117905721939001,7,3.5829298948869135,3.5181255437282717,0.8543184071507391
56,0.9368092328976472,864,10,0.05422325315727653,0.25389842233953686,0.6401996382948126,0.4791971693536898,0.6339122206780352,7,4.0930524414774805,0.15298846556151488,0.8474932854734739
66,0.9355986710316062,190,10,0.06493197748750267,0.20475904782814947,0.82290069447939,0.5345629443725789,0.6525710769848964,4,4.836632384358159,0.18665403639067876,0.9188314536873103
60,0.9395709018063328,849,10,0.053454355065878305,0.47707687805276155,0.9593517851113101,0.44346325052550495,0.6878463889490406,4,4.11272147864987,5.476305897045484,0.06961236266504357
64,0.9392103785220535,850,10,0.055589548085192675,0.21362986161483324,0.9563426575029329,0.5139007911642941,0.6453016623064018,7,4.861272395410147,9.661452323488316,0.8982890661842502
67,0.9383993527189126,209,9,0.009012894820405098,0.22102647353911975,0.9958334353645351,0.5315294980696526,0.6987004118631521,8,4.8486004866902706,4.810203227800546,0.2921726303240665
62,0.9393468668914926,842,10,0.05058057971510943,0.2335219466924908,0.9699281235086337,0.4778043755246735,0.6762663642328841,7,4.100678134740783,8.539716800110972,2.2136809868564638
58,0.9428951334799125,856,6,0.0079402155651385,0.4757992519552836,0.9646988088314552,0.4820459130391046,0.6641483286007116,7,4.026213132899737,8.56972055338751,2.1128798831427344
68,0.9402807826342018,148,9,0.008811319191303412,0.4778597548783794,0.8152899801538415,0.43972091334422303,0.5918207526606888,8,4.844560768107025,0.004081812354275146,1.0703397547859934
63,0.9356422350575537,843,10,0.0528237458058285,0.2366475692080792,0.5857767051854055,0.5308762262261355,0.6884722483459041,7,3.647674380671527,0.1613496252144161,1.0305028268262415
61,0.9429624556222077,866,10,0.007811020212926272,0.23601864130608274,0.9640989461379643,0.47707036104644635,0.6918638025345938,7,3.9872141738045515,6.0929731723013285,0.06483665292090786
74,0.9409104264640848,148,8,0.022946552557088096,0.7247147204737108,0.742090025025388,0.38249814461559783,0.9268690243592965,3,4.46142791492141,0.7702436851383871,0.015866052114721016
70,0.9415054323900989,371,8,0.007741751175450336,0.23511841168452732,0.7356413188627147,0.41884367824746893,0.7046099402149775,4,4.370693388274795,0.644992179105869,0.2733643191213016
69,0.9420723230666337,377,9,0.02293372653010947,0.4818652027240766,0.8268725150905359,0.7032772927567076,0.5746447393657641,4,4.865867149048304,0.8583446675573967,2.4413561490839837
71,0.9418568354381052,334,8,0.00790865523514037,0.6960558507833543,0.5922570871154379,0.39985277812687997,0.7801359725846727,8,4.468862386402845,0.006126309495289095,0.2690857731623023
72,0.9418118092939498,370,8,0.007584913249658938,0.8648201294792812,0.5845716588412991,0.3864241106685051,0.7849775495782231,8,4.393979001744099,0.8211532721505377,0.2390525535296711
73,0.9420568335888021,371,8,0.022308385958369092,0.7060997619696866,0.7315227468541866,0.6981543344304973,0.780251170002542,3,4.5147160010106235,0.005435730795283186,2.012751202129075
76,0.9428330305047534,969,3,0.00783638485981848,0.7315881706846366,0.5660799553275215,0.6934184762171305,0.5409048906749527,3,4.463633718424827,0.028207772521948803,4.351192967167944
79,0.9426231106140118,969,3,0.0075131526810569135,0.6861858756368923,0.8979953978358833,0.7430126394126045,0.522955216775177,10,4.468998698563068,3.4408998210129145,7.527473949139552
83,0.9434617152435351,935,3,0.01052111746595993,0.41545430702238184,0.8961905752078606,0.3593006288420172,0.490603096585708,9,3.824820007324273,3.8837769402674662,0.0002630274322266007
75,0.9435658512472035,938,6,0.0076236737707352335,0.47186896010609375,0.5599065301311144,0.6941441013790591,0.5916744444541009,3,4.519440804660548,0.9108099424642849,8.313826382859324
85,0.9423845995809262,995,3,0.010537428492406218,0.773556230206306,0.9007721553413207,0.3623059588819765,0.5269909404811932,2,3.811258445386924,0.030034359532441803,0.00024779080167155565
82,0.9426599505660025,754,5,0.01051962345425537,0.8505465001684251,0.9032506500598972,0.37277551507001455,0.553936951250317,2,3.8224425403457656,3.461337179911073,8.80452838805672
78,0.9422272272375695,887,6,0.007617663307541433,0.8903543582558551,0.9050176494666737,0.7133602163417678,0.5250464516348372,9,4.44290559244462,3.329437433111442,4.293661281601074
80,0.9424763263650722,890,6,0.010258579024559218,0.3150529158059491,0.8985183625483321,0.6899260103403011,0.7772234292489115,9,3.810213401953009,3.5363386446734597,8.07503931940057
81,0.942454618449452,954,6,0.010382860710137554,0.6897492083451575,0.8919656795801686,0.42613114615874753,0.7870091670460635,9,4.50847981784421,3.9535371503112655,3.796952779598952
84,0.9430154341865945,894,6,0.005938747999704018,0.31695527417966357,0.9140187137324357,0.36411155470712125,0.4898129394266576,2,3.863498975042554,0.015962061081652344,4.3652080038650745
86,0.9424643826021667,996,3,0.010167639206335923,0.818480143401453,0.9035431644020169,0.7360028732663022,0.49146557832293586,10,3.767157655394251,3.816873577461014,9.132931020535981
87,0.9425790341683353,989,3,0.01046383432087392,0.7857937137424496,0.8989727614867771,0.7434049058914806,0.5283954586148683,10,3.857811548324425,3.1286815530885588,9.91125060073514
88,0.9425505682609557,980,3,0.010042354191391174,0.758828896087023,0.9000747302193463,0.7334605736423224,0.5054507257506629,10,3.868912626491925,3.797845258750492,7.790674051262054
77,0.94158782551672,994,6,0.009954992919958001,0.7451003434645689,0.8935727398122738,0.7358591221655242,0.7857830924524988,3,4.448686990188995,0.6442350084255615,3.7721004225292685
89,0.9425807227531037,932,3,0.01008363841919928,0.7893603809999079,0.9334618677551237,0.7488026038061375,0.44340371215506563,10,3.770139454564572,2.6384559174273376,9.49420024118927
91,0.9427792953124573,936,3,0.009880169410231284,0.7961262699302608,0.9349677543971728,0.7606444638969873,0.4471469207920769,10,3.877307233297537,3.732576461497191,9.958753124737584
90,0.942738843375372,941,3,0.010025239485365519,0.8266270315727154,0.9362681398985125,0.7539642509531783,0.42728758659225374,10,3.911602033916499,3.623042374879495,9.753340317021923
92,0.9425161526491485,957,3,0.006266269547842311,0.6709617793286139,0.9339818104872085,0.76346683800351,0.4484481479220955,10,3.9395878530145865,3.6946833970659623,6.472934221906541
93,0.9422821657291471,942,3,0.006024844764214188,0.8053396644496569,0.9385407557403691,0.761532010773603,0.4535472656615435,10,3.5148377370521766,6.710258387315064,9.651065268834605
94,0.9428695396277137,760,5,0.006360435558506887,0.820649122130294,0.9461216477017965,0.29381526405808767,0.4358101787022484,3,3.9005693461914515,0.01692628999794413,9.92411781999195
95,0.9430212972701721,925,5,0.005902097157464924,0.4599227537975434,0.9433120574479368,0.28025291894981996,0.44226994056486374,2,3.9305385973010383,0.016255193361962992,5.696341794604153
99,0.9422955282998353,806,4,0.0061159832290353005,0.5015642132337089,0.9406068801257776,0.2818853293162058,0.4312873072834937,1,3.567168101852867,6.5844837720918425,5.210700245219533
96,0.9431313704547719,926,5,0.006274423369405825,0.4596416079021523,0.9360288853408425,0.2866978497575621,0.44428768507533173,1,3.4500402001074497,0.015469745976452787,5.695135001968596
98,0.9428530347030468,932,4,0.005898230136662266,0.4603851041954534,0.9386912941465381,0.6408103889439998,0.4282996875812924,2,3.464296500799783,0.033107424953753406,5.1669200739925145
101,0.9426715264512003,925,4,0.005845502764501652,0.8496433367606072,0.5347021235976824,0.6423233459034354,0.4370378020841935,9,3.4554424818682135,0.022887207838806274,5.437606045701192
102,0.9426620513825282,914,4,0.006897703633180942,0.8328798755985096,0.5369237295525467,0.838198275063104,0.40780895437941295,9,3.562779385542595,0.021967778451115232,5.292652639909249
104,0.9412826425195288,813,4,0.00554324387234261,0.84668321944109,0.5219426425410405,0.29503278363559365,0.4018559669178588,9,3.3946784207613963,0.016035300804024676,5.432783440550708
97,0.9430530652061098,948,5,0.00618557643095342,0.4562916389088253,0.943901714662755,0.6590743162392221,0.4035101395344013,2,3.4756900538456597,0.014599140699489343,5.968172772404655
103,0.9428479282473786,908,4,0.005649576591405111,0.8508513621506614,0.5422215336441081,0.8152202042912284,0.4165665143795785,9,3.084819381642345,0.013593866124900128,4.801549004755825
105,0.9419432966138157,913,4,0.006764330181547758,0.4613803237189448,0.5313759012102474,0.2810424953976487,0.38573833803929597,3,4.252174517314047,0.0140651705178262,5.482321052975529
100,0.9428293099826899,920,5,0.005847144242104803,0.4582624579217063,0.9362512698743627,0.8193704719926184,0.40324375905350135,1,3.967235139069615,6.364755040087369,5.8102680235378505
107,0.9421459330477602,921,5,0.005486115830760593,0.4604039746737677,0.5259926409916145,0.28934229175131476,0.3828564664009352,1,3.649575890099905,0.015037025497950695,3.007159771302357
106,0.9431612650843688,913,5,0.005630908767322671,0.4633339696165627,0.5451789793840197,0.8250539365649061,0.39185096230698413,3,3.0534357821280675,0.016140447377755905,1.6497402989432433
108,0.9425234496730667,910,5,0.005612618604620049,0.45250600949122133,0.542892430205231,0.2825230957502798,0.3694209963315983,1,2.967410505995082,0.01672363392560674,3.275086060554604
110,0.9425614396994796,873,5,0.005465024900478095,0.4079314870387225,0.9811120086601453,0.2989226635291057,0.3694135107098786,1,3.1003133871510484,0.013501004606019436,2.9470697067486284
112,0.9430833668493406,901,5,0.0067965417682995756,0.46542845883075146,0.8657524520296543,0.24962242464943674,0.35829681118382606,1,3.0214615595760987,0.012318482569245299,3.0114144319180225
109,0.9425223455181317,894,5,0.00551356101272144,0.4554500263631472,0.8747163351789068,0.27333579519483064,0.38164815968056354,1,3.677666467081849,0.01456577569555994,1.603107636566473
111,0.9432486498679408,877,5,0.006836368931003824,0.45693220502199666,0.8718815087224877,0.2514751265158386,0.4781470942345867,1,3.094212029541806,0.013003343758764059,3.0095067215418734
113,0.942171691792662,894,5,0.005483638853577512,0.46908604035681195,0.4930643125166566,0.6729052646393355,0.3685656699515497,1,3.080675223026989,0.013143531339448572,3.293053158307094
115,0.9412049895363056,870,5,0.00542365455247968,0.5579670540748405,0.46919302841145444,0.25911831171956895,0.35957220450633115,2,2.9255207198098705,0.009786463095890418,2.9434410933751676
114,0.9426927631702672,876,5,0.005426068862943118,0.4520228739631831,0.8708832412706066,0.2522625949478662,0.3661651183392871,1,3.1177893337012286,0.010293614679409648,1.5313582327942088
117,0.9429556918905121,875,5,0.006950179100513832,0.567681182297008,0.861300776793422,0.2566482753531901,0.4724600612013847,2,3.018345651229406,0.009735319296162018,1.6408870075683306
122,0.9410706635572496,829,5,0.006844575610967121,0.5529462885158711,0.5008448639522727,0.23381425300514452,0.26646170654772156,2,2.745400363708044,0.009443490167916022,1.676619600907558
120,0.9424673725869388,825,5,0.006981051871875156,0.5491528879793475,0.8658961508606331,0.22932404767979547,0.3515468388249211,2,3.3996748434230892,0.009877670824204743,1.4577658108287093
116,0.9429922250168404,880,5,0.00684184460261942,0.557557785708671,0.983860836114485,0.6647836132896132,0.36612371595013593,2,3.1697356822653995,0.011275427059696853,1.3579398250416685
121,0.9419880900296626,877,5,0.007061862616420669,0.5515461013388869,0.48959248055633975,0.24067532759385263,0.3381353733274968,2,2.7405035885595046,0.00805497295296941,1.498436724236371
118,0.9429659830737014,874,5,0.007028886201688788,0.5530950223630263,0.9846118088701664,0.2591583720341193,0.4718746686171686,2,2.6187498077280082,0.009578172585992806,2.6268831650671443
119,0.9429500354446259,878,5,0.007177898131211379,0.553792352335562,0.8415146844450485,0.674944861034504,0.3370351801230188,2,2.6840615687177394,0.008982020387444375,1.5306153974161831
124,0.9429904685964665,825,6,0.007073600632733838,0.4958086599113041,0.8587160590500089,0.2182142703486756,0.285088869711861,2,2.5739436427480227,0.007222547269908408,2.4422116238691136
123,0.9427173822769941,817,6,0.006953309110991742,0.5606099946588953,0.8556566903562912,0.23022390144198757,0.29941284214402264,2,2.6948922763984076,0.007088155737809369,1.3509851242081796
125,0.9427347878497789,826,6,0.006851830830456134,0.49579667037474817,0.8380193854135015,0.23582195265151368,0.30053321981272596,2,2.494720268704179,0.0017908947924852195,1.455943478963276
126,0.9427732902959203,826,6,0.007102448150590739,0.5097025572501339,0.8533065853985964,0.23550995483005432,0.3420531749849829,2,2.633556833305962,0.007147343798124289,1.4468136436391286
127,0.9429491734106217,825,6,0.008385729685697091,0.499682306231367,0.8499576992549457,0.23510303980975647,0.472756993499197,2,2.698924919240749,0.006791719936304205,1.315280975818328
129,0.9428138267666067,786,6,0.008341737630243387,0.5145374959493851,0.8465090305081845,0.3129003838531007,0.3295160274692018,2,2.400715132902208,0.006751476716269192,0.0012520842153203415
128,0.9426869637477966,786,6,0.008683109972973805,0.5004117144061458,0.847519964872198,0.3169634183186453,0.479202858662045,2,2.757893749071598,0.007574803407002511,2.2409782578008506
132,0.9420053588876112,793,6,0.00851247333951639,0.5255751579197934,0.9867394449448134,0.34530917916005754,0.2983625241514823,2,2.4747309633812593,0.00647768813233856,0.6986195816434069
130,0.9433193418743997,780,6,0.0084513788924509,0.4963989015077422,0.8523443264734194,0.3446581059275277,0.47346037491255355,2,2.264531089195695,0.0018585174232483132,2.6337294498510095
133,0.9428688644025313,779,6,0.008625178667824007,0.516151949870547,0.9836202212346509,0.3545882053286633,0.28031791436608156,1,2.184463851161209,0.002714345626706964,2.6024271857272328
134,0.9426462926495237,784,6,0.008668090274476821,0.5163130986922444,0.9174569448976254,0.34552726647854315,0.4871186267756916,1,2.393089708079297,0.003002754677987786,0.6753786402822939
131,0.9416310660190099,956,6,0.008481134135480036,0.513145703828616,0.8428336537637247,0.3163891900398299,0.4791230719580117,2,2.4395865736953555,0.0020367557955672014,0.6974767527489136
135,0.9427921392016685,950,6,0.008389265744677162,0.514272465145868,0.9809232296151824,0.31590041526572765,0.4663125649813956,1,2.3445633323673856,0.04127915102567425,2.4650647351906496
137,0.9422779025222384,791,5,0.0050090374193151625,0.5340773836625247,0.9823632569010031,0.34358039166227483,0.49257483353662745,1,2.8449419910412277,0.03676397076407963,2.369909843672975
139,0.9425684434648567,960,5,0.009399798676637842,0.530138051161166,0.9166902173942247,0.21353879160009653,0.27331096212542183,1,1.9639282815736745,0.040008854442414296,2.4834906365887344
136,0.942337567590093,796,6,0.008441561913058497,0.5263443706857837,0.9781802065824051,0.33590110695205133,0.49165283774048635,1,2.3976927964667807,0.0042186547030551,2.3553115436068373
138,0.9426432296110224,950,5,0.008940742825115073,0.42713563998629916,0.9863557245618518,0.33972344465473214,0.4937428615860467,1,2.1378521165527453,0.003559886673583515,2.793926866841114
140,0.9428748308049542,956,5,0.0050340777042328115,0.5798303194420897,0.9790171981872565,0.20456539982955996,0.4870714455018076,1,1.8679243263399672,0.004638567592634132,2.753057184939141
142,0.942725834593458,953,5,0.0050754367064991136,0.42833934999630957,0.9526305741610307,0.21826458111362065,0.4901522851732994,3,2.863911460348156,0.043438369912210215,4.149134113664422
143,0.9427974815165194,953,5,0.006199641242650415,0.42857857448879044,0.917517184161204,0.2134994181856765,0.2361622499513705,3,1.8707238734932152,0.03951475906302096,3.7049779382821084
146,0.9410478937534951,736,5,0.006368657109208736,0.6027093820523125,0.670642781303602,0.21079465858369056,0.213455885887628,3,3.1818778670053365,0.0039019942936763083,7.263056041318764
152,0.9429803590039754,901,5,0.006309734413112917,0.6281317992100293,0.8821108933008409,0.2658989403988453,0.4221353277357919,2,3.169540747651209,0.022270613655132266,7.034526147776028
150,0.9424502967995598,860,7,0.006290798204132485,0.4167812268896539,0.8118946740726269,0.26394193125196924,0.2282038350729168,3,3.1739800621675682,0.058815169902049526,3.6960568213405627
151,0.9423490182403265,849,7,0.006448195879382532,0.5901301686339394,0.8847855233380537,0.26399864844416776,0.24365190394176378,3,3.2364285997007824,0.020623634053215045,6.629619354366265
147,0.9433998376913119,860,7,0.006348035098617058,0.4248868480957756,0.8808896441377312,0.8885238077680577,0.21543929964615216,3,2.146320793840255,0.004471099693922291,3.8987403313083764
144,0.9431344167952777,897,7,0.005098749096896343,0.42973578222063186,0.9169378183043566,0.9035556896996397,0.5034356432277222,3,2.8551403374866635,0.043220314081572335,3.8516580016646653
141,0.9414308894084888,955,7,0.009238204997435847,0.42225836948938156,0.9184337210674681,0.9017777731681894,0.48953534204234783,1,2.026049891825713,0.003144147375101134,2.5285933030933316
153,0.9425623257368517,861,7,0.007635662363776156,0.3836435928936631,0.8802902190468075,0.2639855329124664,0.46310536785015377,2,2.9900146686378535,0.02200704679675391,6.642836860796569
145,0.9433435184842528,898,7,0.005077061056448285,0.42388718134880465,0.8818933032675297,0.9211432508079989,0.5039917385100997,3,2.8259561357315777,0.0009747723830376692,0.005069267813030861
148,0.9426053262054601,856,7,0.006267414725359771,0.4277187149436283,0.8800638529762561,0.9346283517276962,0.5047965099395422,3,2.214876880243512,0.0009601970241282572,0.0051663191263396175
149,0.941715733203857,856,7,0.006345582985087393,0.60397656225659,0.881711204072004,0.9116526078718634,0.5097639126497953,3,3.2100630394376144,0.0011520498592955918,0.007293414999912806
154,0.9417736418513376,898,7,0.006430873920331152,0.3950749990592742,0.3374567687996428,0.27251606885957824,0.45880974098489785,2,3.3060533471379996,0.0008528826860989323,6.853015958541231
156,0.9430370737447966,911,4,0.007431239282420333,0.6246718663493344,0.8840366943721654,0.91600218127678,0.4586902619985605,2,3.3359450720463637,0.0009481853258686903,6.495805721693236
162,0.9261318146423175,902,5,0.28197693276020724,0.629113676241627,0.8817426690657341,0.9422828496962992,0.5648896189219915,3,3.2573004997833888,0.0014380610591137122,0.006721862723761867
160,0.9432939191766518,903,5,0.006450733282830379,0.4821509029496197,0.8742953929026679,0.9485648625456459,0.5071470222664891,3,3.2977008445654756,0.0009490650140773347,4.14456292922194
155,0.9422637426222777,902,7,0.007624862223567398,0.3901443549260564,0.883494558413127,0.881466309736525,0.4610473199324632,2,3.278052961333216,0.023427103317055317,6.589710751161919
163,0.942291151337834,903,7,0.005902728743620622,0.48036409171769007,0.3433237685223818,0.8743395566055068,0.41692621325560514,4,2.87836133469494,0.0005336382033958841,4.564539374192448
157,0.9425553334513465,898,7,0.007586557335937476,0.6275777214472225,0.8809324826734831,0.8716181964752291,0.45691392949593596,2,2.5876267818405236,0.02455988703249557,4.25748593242506
158,0.9424569154674218,898,7,0.007606713544540104,0.39014285364593076,0.8807552662226237,0.8935743054956996,0.5064563574386474,3,3.3262598399949708,0.0010197071920916728,6.621911421421594
159,0.9424401569419526,906,7,0.00741636114918716,0.3930617699361587,0.882880118643995,0.8940257930865209,0.509723414317783,4,3.3392310904023907,0.0012473771378866804,0.004265199319883591
166,0.943292088658924,929,4,0.007517407981641909,0.4769568282698221,0.8276972627427807,0.8860632951337528,0.539462220291194,4,2.904816912533434,0.0005810369349485746,4.723687084041159
161,0.9432237020194327,898,7,0.005999577984986845,0.4010539209781315,0.8820269917434509,0.9404911788040207,0.5149740019378689,3,3.3199358165202475,0.001021335397169858,4.231355675059698
164,0.9432042394623597,894,7,0.005984954090993678,0.48381684217578014,0.8277767960643264,0.8738326505667101,0.4207022173212256,4,2.896420827774063,0.028249110225487976,4.252590865207842
167,0.9430654018937155,924,4,0.005846050737244052,0.48329919631739604,0.9175805288593593,0.8708716116263059,0.5466235115227825,4,1.4070611144025416,0.0006114539489312419,4.489572931206398
173,0.9233368092297667,930,4,0.18120761549751713,0.4811285250223839,0.8281680923753091,0.9536095368146227,0.6004679587791936,4,3.0113899954023036,0.0007002147811715603,0.033339236754530925
165,0.9427070514360661,922,7,0.007476693430337044,0.4819213428171409,0.8136683074301001,0.8732095949764878,0.5718061145866604,4,2.8859940963612774,0.0007293828518569713,4.011748360974331
168,0.9429928736295929,924,4,0.0058086556598074815,0.4815534859884994,0.9089925807449027,0.9545729473872464,0.5520873165278256,4,3.3851057607690938,0.0006461176331003845,4.339425694156896
169,0.9429999968899985,930,4,0.005823852363370069,0.4410911002490205,0.914454097927079,0.8553889715275755,0.5110120127360072,4,1.4911359729696239,0.0003086086387721473,3.9918590359332766
170,0.943004450036603,927,4,0.005018005798037851,0.4843727285600166,0.8267819133518121,0.9258083700463012,0.39620694432377396,4,3.0074661900921007,0.0014346975284103725,4.160512367680859
171,0.9428399299076602,930,4,0.0052490712891696085,0.4751405917480959,0.9130373633446872,0.9660077508004572,0.5344777045332877,4,3.0448100140170022,0.000737883517689851,0.015483583079164155
172,0.9429803485677283,923,4,0.005804971053939478,0.4852528397289418,0.8283590492631775,0.9549074522152926,0.5428407523396889,3,3.469557432810599,0.011176944234275312,0.037902911860405675
174,0.943212819101037,929,4,0.005785370647846969,0.4428836152394067,0.8290447878000824,0.9526595930868953,0.5412549851000906,3,1.3385591241609012,0.00032893766992700586,3.665554168606027
175,0.9427989008461145,933,4,0.005258667126499253,0.35673616180057455,0.8194916347217808,0.9192697799472592,0.5528754457288184,4,3.4736168455581975,0.0003835827743743394,3.574878549546674
181,0.9425084235646033,975,4,0.005396063667102991,0.4459549628693389,0.2622446407110471,0.8523320320117568,0.5394678189049199,3,3.4845080361312326,0.000326564447989633,5.250641026628794
177,0.942559548651519,932,4,0.00519543086425009,0.44823888641009807,0.8664637034987174,0.8591833978842801,0.5391382907612895,4,1.2314132948272005,0.00032330232109206085,3.392666359595007
179,0.9435161820167475,977,4,0.005360414732453211,0.4413942310780563,0.7989475199831991,0.8471342818120697,0.5407329368373262,3,1.4521546051587328,0.0003109712594635707,0.012898210736210673
176,0.9429990878928827,978,4,0.005268902109502033,0.44275077879970187,0.8248259880943505,0.9560601281301147,0.5471434617753701,4,0.8636737536082071,0.00031285344732039154,0.014883690608017607
178,0.9428454089373473,979,4,0.005306039411492721,0.44179292746252896,0.8644470151975849,0.8489567660955217,0.5311851499092376,4,3.449574132279735,0.0003160776664502181,3.382148274063439
180,0.9432850671519271,976,4,0.005238916672882702,0.4417400472021911,0.8296674868398475,0.9178042740388245,0.5428948867089372,3,2.9763345484418937,0.0017111767942317188,5.152427681857316
182,0.9431248843272471,980,4,0.005751152869183527,0.4467125403726856,0.5658016147301078,0.8532104382528546,0.5451553727709911,3,1.2710001252115624,0.00041110427664909824,3.394895619248439
184,0.9428590157162157,977,4,0.0065710680583635495,0.361938194831373,0.8055600376366313,0.9181476938677414,0.5558875601622163,3,0.8566019182580745,0.001958746051367612,3.2758970817879427
185,0.9413567597022606,969,4,0.011565717465295047,0.4077348858956753,0.7627008118669643,0.840140827479763,0.5864691786969067,3,1.0675864308132714,0.00048581064438070763,3.2722948883986773
192,0.9426508428532256,975,4,0.006609092836133992,0.4154742532302262,0.7565055571217774,0.791897159177084,0.5744164066761062,3,1.053092527880721,0.000577036132165627,0.0024464758596742966
193,0.9431292185006356,999,4,0.005800969941520752,0.40355896817568154,0.7624282183620025,0.7969522543704936,0.5895452277419372,3,1.4222070922338632,0.0005214663907615977,1.9229024304533544
183,0.9434275177492907,974,7,0.006578087366714589,0.4059076824990786,0.8064661823828482,0.8548059831077179,0.5929212258271299,3,0.9106784807233979,0.00041832521321337544,5.513655950810864
191,0.9426662039652186,696,7,0.006642240481607113,0.40886816967064554,0.8080179462413598,0.8028023682503577,0.5868750633592372,3,0.9765547207799576,0.0005364548138788351,1.955431501935735
188,0.9426067048336918,984,7,0.006536542160713568,0.4083599141588651,0.7532720607810706,0.7917615704219197,0.5224100045508098,3,1.078295752100502,0.00022294631561383342,0.0009239622431863857
189,0.9405627627233871,982,7,0.011370370549305467,0.4143701064817037,0.7645849840784155,0.8915261881223111,0.5805590223396456,3,1.0291944428887716,0.0005484621049512839,0.002459623385669832
190,0.942723156652472,886,7,0.006622070751390049,0.4079636704574999,0.7839290697361676,0.913389370385852,0.5980834825929513,3,1.429732703072406,0.0004876883382816601,0.00115174055947963
186,0.9425667820143305,974,7,0.00676910550963934,0.4086960251211768,0.8039264794583405,0.9846115805398789,0.6281882874800673,3,2.8017194575598086,0.00021115580012917806,3.3371532579507415
187,0.9425171388744922,973,7,0.006664635545558954,0.4043064959585191,0.792387567794363,0.9130847649620775,0.5946914706881442,3,1.1315388431895603,0.0005150661655851166,0.002497680387270008
194,0.9431167346619469,984,7,0.0057463925546561495,0.4184238353510242,0.6087323892197898,0.8884151157217824,0.6258427355576841,3,1.4972761073312963,0.0002493962038388708,0.0003154032825042426
196,0.943029476156964,683,7,0.005663709956528817,0.4679263694637406,0.5678767368146089,0.8928349336239267,0.6221293290368305,3,1.6263206898099556,0.00024442205257990663,1.9721500156796388
195,0.9427874721119999,888,7,0.005780314548036103,0.46710423860507366,0.5585893319666009,0.887891545659518,0.5887152915224877,3,1.4419698383015656,0.000428494189674899,0.0007818085898641542
197,0.9430740629351198,994,7,0.005626329879725929,0.40803603883408923,0.5602128472113173,0.9007796785639715,0.6062908679384716,3,1.648909413674832,0.00023527108287656672,1.9082801481684981
202,0.9434369437676017,941,7,0.005690654105089618,0.3777738202337156,0.5561891320858318,0.9006963865056216,0.5605717672911751,3,1.6931179763423208,0.00043062753673644375,1.9579896806914285
198,0.9429244833374149,995,7,0.005768119814935884,0.4116692954322654,0.7812275492585402,0.8887474352921484,0.6171344962800293,3,1.669653805495538,0.00021445060207496132,0.00021209563210363992
201,0.9431435558167957,991,7,0.005730687010363711,0.46733831716405105,0.5689717073664454,0.8140268071796137,0.6161947109997667,3,1.5781287612409058,0.00025271004679262057,1.9011376282043833
199,0.9430416771733583,998,7,0.005722623473288508,0.3714997933838396,0.5743576293589022,0.9857236466061384,0.6234485096502921,3,1.6901408649984155,0.0004335682754530254,0.0006467702878589539
203,0.943449590411744,995,7,0.005705177024863711,0.46586956862269985,0.5736387350592498,0.8230175386353529,0.5173758829561514,3,1.5270901304032762,0.22906261637366065,5.125039295588986
200,0.9427691554548498,1000,7,0.0057219537957524,0.4643195181192486,0.7832476252058126,0.8179421395484707,0.5197915515686947,3,1.6865212169402675,0.00022723336893473218,5.130249058208592
204,0.9429326361335892,944,7,0.0056103082162573875,0.43030228935787057,0.5627259666816027,0.9344116608633485,0.6190602675877039,3,1.7253104077497419,0.0004012380958578454,0.00020681619252296872
209,0.9423026583438014,939,3,0.013506798369069204,0.37579269174668156,0.8546310747686853,0.9360943493992461,0.5177199590283115,3,1.213606150041584,0.00015050298098210095,0.09532739388927225
208,0.9425675198569952,941,3,0.0050387002508152055,0.37842874690319195,0.8355503423962962,0.8606221618775669,0.5682289158285176,3,1.7922937224960998,0.00040005943227634485,5.137838128934117
205,0.9431654270596816,994,7,0.0050006597793986534,0.3718006171637287,0.6184874622896018,0.937624416360475,0.6148126332594861,3,1.3180093621620133,0.00038966763809672694,0.0004727610329294676
206,0.9427651656776131,997,7,0.005989365575856825,0.3747583425881842,0.6072031053898613,0.8217012859403128,0.5182992083386934,3,1.533957446697282,0.0015923867323252867,0.00013998759916019783
207,0.9406622994729925,999,7,0.013859114706619076,0.4378593412900891,0.5825744568566398,0.8255383863728616,0.5187724377468578,3,1.305117776517082,0.2211696397588764,0.000627132671546023
210,0.9434544250031773,944,7,0.005073897525623346,0.43643321133015966,0.5487733855488246,0.8210280861610563,0.5638502291742755,3,1.277665114460825,0.09170098435966531,5.397647859265262
212,0.9427329030635667,957,7,0.005130983979088044,0.43423788271287966,0.548560493883359,0.9405270860304569,0.5125063434316446,3,1.3329259488196736,0.0001596079644707765,8.116504546951846
211,0.9430829327014646,943,7,0.005123632323458539,0.43570427731795053,0.584584369214185,0.9386671555624984,0.5227036456001208,3,1.2823042231980817,0.0003990003539631199,0.10879342228702503
213,0.9433443179007748,959,7,0.006136541905068854,0.43284932768563683,0.8324741405173293,0.9420674373145165,0.5663055288986106,3,1.5393187704443625,0.10872704247768127,5.063848283500348
214,0.9432285705286688,956,7,0.005098240037965041,0.3749401188422347,0.6237641007894006,0.8147109390553106,0.5667539850597784,3,1.5544577558544428,0.0023404323884875407,5.097511916043783
216,0.9430964497286085,961,7,0.006312769267576356,0.43415986495171577,0.5909170848121744,0.9392991798262619,0.5603927711268902,3,1.352722046845278,0.23179794322673722,8.05465281546564
215,0.9433248365584571,963,7,0.005003579408133117,0.43752503894776285,0.84087847445138,0.833504493392726,0.5565057007982428,3,1.8773505537502513,0.241100438255612,1.059290948689311
217,0.9429968660158916,960,7,0.006088621985614168,0.4371338565194914,0.5974019275973744,0.9437377017401388,0.5073588730277997,3,1.5245694444914437,0.28399554325116855,7.716347523601131
218,0.9430327166116644,957,7,0.005160731146782553,0.4399772069022663,0.6653327003880688,0.8261720248970931,0.5058285154808577,3,1.32089596923975,0.10287162435005927,0.00044125945345803154
219,0.9432775645339424,964,7,0.005059962896177107,0.5002736373574113,0.5550646562792535,0.9406524679318546,0.5621961098699307,3,1.5471300638590502,0.0024144714388254426,7.583448182513598
220,0.9433824769943893,954,7,0.00502924356365079,0.4303338531652139,0.5902868507117079,0.9392430730738621,0.5644618624392379,3,1.1829764546696855,0.12442319447468617,5.088639794087806
222,0.9423478869511491,963,7,0.006240145912012346,0.4594235734202021,0.5517228024556509,0.8296091098913269,0.5590998154635095,3,1.5545675143912394,0.22516236710468437,0.0004380242302139848
221,0.9430710479033548,959,7,0.005107849594046412,0.4524116195889331,0.5846783409818287,0.8390017318791765,0.5610193109382121,3,1.340702522486034,0.002370876936835056,5.345541038975177
223,0.9430099061065466,950,7,0.006173280483925197,0.4975639525057993,0.5084920621237979,0.8419728508600658,0.5654494644501964,3,1.533783660099111,0.06564345412773918,4.541761701397451
224,0.9426563740641478,952,7,0.005003896036560692,0.34299872361973427,0.5218845839069024,0.836404971782698,0.5649124048355973,3,1.5796703155976184,0.09074125284859515,5.789241407795006
225,0.9429997902523073,963,7,0.005033818052397519,0.34568877745878523,0.5085813751532966,0.8089091099690623,0.6394145936338766,3,1.5643268494360305,0.07013197339898265,4.861403836062237
226,0.9427524720703591,961,7,0.005347616475689113,0.34499549436558263,0.6314870128462846,0.835342844714908,0.5633806442140027,3,2.114609502242093,0.055939688609410905,0.0004925367657954762
227,0.9429563457213881,963,7,0.005018839607964887,0.34231634979128484,0.6271408760538338,0.8408465042314659,0.5696955556504687,3,2.0836450996575246,0.08960843029408655,0.0003275190584248728
228,0.942972269868908,945,7,0.005010916387740285,0.3532587642820163,0.5195915328476856,0.9691189238247673,0.5619523593788485,5,2.0907011587462154,0.11953501256602996,4.922661483632003
229,0.9428047774968131,963,7,0.0050524258480921245,0.3468958855404352,0.51377436195622,0.9616683661053395,0.5573743018383841,5,2.0774990783516594,0.10411449959629149,5.620134629871176
231,0.9432060965925174,945,7,0.005023127276250587,0.353593647822353,0.6209632712597691,0.9732167232331514,0.5630936527327715,3,1.8534010110732941,0.11814225412126271,5.417619547832461
230,0.9430594908034017,965,7,0.005099377027987965,0.35727746779081954,0.8434796773748636,0.9232087860600718,0.5663869331773692,5,2.0768076819829266,0.07317186170235167,5.643441901874414
232,0.9432325790911502,943,7,0.0053321781853146255,0.49733871945906727,0.6268858601041302,0.9690213778720074,0.5762086523599068,3,1.849670650488739,0.07268811205081427,0.00034676839511664634
233,0.9431089408726703,941,7,0.0050574535518226925,0.3855207679661271,0.6286338457144351,0.9734193613692572,0.5709201900581545,3,1.8498041789341195,0.0021657479991200814,6.124128650953637
234,0.9428825129263878,940,7,0.005478441247963602,0.3896947036879193,0.8435496315405678,0.9678399148666735,0.5753691590309299,5,1.81065384114545,0.12259327052932144,4.840758069668858
235,0.9432098708612532,938,7,0.0054823121770504754,0.38851148198250385,0.8433709015587456,0.9770722227302595,0.5782670011397895,3,1.7580984762457152,0.13357991114830436,5.810076383532243
236,0.9434911506782632,944,7,0.00541977957908336,0.3846318216401545,0.8357573504635708,0.9697650526545788,0.5756317988348129,3,1.7818526739266112,0.1110276635686304,6.222368607787816
237,0.9431407046341089,939,7,0.005515752268348953,0.49761543544621445,0.8363269491972329,0.976063356159196,0.5351186038855377,3,1.8504477065690936,0.1307572482302454,6.0066557620549235
239,0.9435472402878876,922,7,0.005473026621525903,0.3863545842376328,0.8412071127010144,0.9285298761450208,0.5389185959238337,3,1.2213367559321189,0.0011428270715403105,7.542037856039745
238,0.9434407143836511,918,7,0.0055483099526724144,0.4952033871190237,0.8357940167033981,0.9747021105743989,0.5362362169253402,3,1.9178840017584817,0.00219466683892573,6.535459661934361
241,0.9431173295280273,918,7,0.005482650456834255,0.3790502841006351,0.6163402914842399,0.9960613063719439,0.530397255074273,3,1.8203993956596776,0.002116937773297982,0.045749666625314066
240,0.9436078874065871,916,7,0.005469979491670787,0.39601420229607603,0.8499582238312308,0.9749001120405811,0.5378540020017237,3,1.8477306300226612,0.1757799162645014,7.276675015614296
242,0.9432556651131895,914,7,0.005536632296073991,0.495319809449341,0.8292595562535429,0.9739003795626601,0.5389684909356848,3,1.9176828612664547,0.12261828929261386,7.073223837451656
243,0.9432051849863399,913,7,0.005549384383351554,0.5006321919106373,0.644195300155625,0.9995600624077408,0.5361275710446756,3,1.7684350120976517,0.15410019009717849,7.95417965788456
244,0.9434490581631458,914,7,0.0055482693215826075,0.4890224180672972,0.8600754864376248,0.9973155034264397,0.5396532645369106,3,1.7720669228812453,0.15583244409386776,7.574581789022019
245,0.9428644571754135,913,7,0.005472026316195971,0.32594446198147986,0.8627910914248303,0.9949443244650159,0.5391371097388887,3,1.7522569762100422,0.15601286280457102,7.885194681543428
250,0.933055766733014,914,7,0.08549938592752716,0.4256654880956701,0.8603587216572496,0.9498651565642905,0.5379889099150151,3,1.1435857141884735,0.0013878373059320402,8.10242200381507
246,0.9434380322681661,930,7,0.005578004660258647,0.42299219003759436,0.8567977283098257,0.9961316357609309,0.5370674226478137,3,1.9430941128418346,0.13940531016372854,7.941226823517842
247,0.9429203391037222,915,7,0.0061350165691866805,0.424025041225928,0.8679212562670013,0.9535153221366307,0.5408058738469301,3,1.7366825357199058,0.16943758198362188,8.20234657144043
248,0.9434053991673503,916,7,0.006162594746606568,0.42346742077792815,0.6595170636452528,0.9236412627221849,0.5314268185885959,3,1.4486624990369195,0.0012074149985155597,8.3847279907773
249,0.9430279242870316,910,7,0.006199368783374646,0.422032604774137,0.6491393789490701,0.9960427805632867,0.5449938336433795,3,1.9730166206330249,0.0013798486348772262,8.420959487704197
251,0.9432239190933707,908,7,0.00631584873863227,0.41981015423123436,0.8598925337872915,0.7764060677669065,0.5427635657948172,3,1.9494234278135507,0.1565069155247912,7.753032955779164
252,0.9434714146915182,915,7,0.006102379204814182,0.4990464348521929,0.8576873152870523,0.7766682825114791,0.5330054834602507,3,1.9600987236373186,0.19651896487152165,7.674962549307197
253,0.9430696139630138,909,7,0.006135106997664736,0.42503096062952817,0.8149241757697999,0.9246586121051931,0.5458592163841048,3,1.9420632561856097,0.48230628364510303,9.769412179857287
254,0.9432374016808996,923,7,0.006186909801562691,0.4925283072269127,0.857035916273675,0.9571686042006018,0.5459040009561636,3,1.9570985467934687,0.30009914027280427,8.788800763724788
255,0.9432904157285265,917,7,0.006174229297743476,0.4713731740114172,0.8580767075066753,0.958686437621424,0.5457310149564222,3,1.9029094402070779,0.2824620163179968,9.700063759615595
256,0.9431687478734843,916,7,0.006244423654941868,0.5021489522125375,0.8125165378180892,0.9606428738023148,0.5978417722205344,3,1.9752536415872932,0.17822389962296528,9.589680070236977
257,0.9432203467660146,922,7,0.006279544812274914,0.42246172777416663,0.8121915561957467,0.9822544585271541,0.5486865924204944,3,2.0099391906434194,0.17047460255282296,9.530263412041238
258,0.9429743884270536,882,7,0.007138780848671422,0.4725250762088522,0.8139595765954941,0.9864605901490636,0.5476988712188602,3,2.2872156892975615,0.5267932098978938,8.80609096930629
259,0.9432822952847179,922,7,0.0061217534064235395,0.4233737013433676,0.8168659605830909,0.9243311168438102,0.5492804035904008,3,1.9491079685096433,0.5507907612255961,9.58033776654975
260,0.9430759612884533,923,7,0.006187523273149817,0.4788364717628079,0.8137108987473384,0.9271473992206637,0.524785712258007,3,1.9927984680864772,0.5201355866339312,9.683554946553393
261,0.9436977288827082,929,7,0.005961656924578548,0.46911502433283014,0.8030142051668451,0.9174563215528492,0.5279177082590186,3,1.954909567870746,0.20511516851721942,6.934342885647963
262,0.9426183777759869,929,7,0.007198984972361514,0.47122065898444904,0.8077546574446224,0.9063150215880669,0.5284916515872472,3,1.9731093217302091,0.5248038178156386,9.110095661669687
263,0.9431875602523677,927,7,0.007020891071189597,0.47338175048632386,0.8522640081177948,0.9095525507875578,0.5924287671933373,3,1.9684130565340903,0.19742167229454313,9.712022377738254
264,0.9428911708369178,884,7,0.007396718454730323,0.3991270932585337,0.7997931847337809,0.9067188316504436,0.5983529175147583,3,2.271083841249181,0.20763470447876467,6.6883086507310905
265,0.9429492569005978,933,7,0.007157466737800777,0.4512293827489162,0.803883757750986,0.9076390314507513,0.5246720394518518,3,2.3257454514277036,0.1793886070863884,0.023055835830132505
266,0.9435468771064912,889,7,0.007187489377154469,0.4490428853644339,0.8524335643208217,0.9073248284366895,0.5220036921894922,3,2.2555127175139615,0.19057459839296895,6.545514010651229
267,0.9423728848936431,881,7,0.007213885768858777,0.4732883307584323,0.848343334036437,0.9134916775800637,0.5257462999510749,3,2.209955230331018,0.24732548381222202,6.693322425312941
268,0.9428606604687466,933,7,0.0070319782325966715,0.4527154041094867,0.8472723131685695,0.9010902074839144,0.5284093627309903,3,1.2054789420006207,0.2210968967720704,6.6296313183041615
270,0.9428519764675988,881,7,0.007047998529069632,0.4504890827900657,0.8388747606853256,0.902609434331448,0.49788674093334323,3,2.224280989914153,0.20607227345096332,6.821576594853949
271,0.9427920160539536,882,7,0.007279715609498935,0.45326094073927653,0.8454273046649211,0.9047921118992567,0.5249111406584738,3,2.219597321650912,0.250712674343495,6.912147790282228
269,0.9430303747178327,934,8,0.0071457836424825,0.45351033974483757,0.8412473699395159,0.9101117656251424,0.5217128794122253,3,2.210286551397267,0.21505442996490048,6.873360185273263
272,0.9422922909760088,887,7,0.00797248788912515,0.4512061916861213,0.8443376982987839,0.9035211174629721,0.5030573692188248,3,2.2862077637576923,0.2433539296312805,6.486474911634834
273,0.9421744240021326,885,8,0.008037854373380282,0.4544158034924617,0.8504091116621723,0.9014234600259361,0.49836671310321135,3,0.7939538714524577,0.2593818920146428,6.622541867175907
276,0.9432309739963582,869,8,0.007813182529908098,0.45231880749890424,0.47018517468315935,0.8653982534757761,0.5027031492854837,3,2.204255911462192,0.26449055741910715,6.623860072719645
274,0.942476121292818,889,8,0.0067725049649170295,0.45179486391303453,0.8411936051395695,0.8675104774243995,0.49936286300099636,3,2.1894941103984644,0.25673653986494555,6.996286314130596
277,0.9428425306204185,899,8,0.008055081704422196,0.45400821495191557,0.46512040965539814,0.8741823279136125,0.5059539181259092,3,1.6487082252959686,0.94515537772825,6.650155513481702
275,0.9425842418555999,889,8,0.008051893036513404,0.45344831392997564,0.8403867473627857,0.8626029605049017,0.5116091394276153,3,0.9255423904209943,0.35400662049672654,6.247606891657722
278,0.9422550147888925,892,8,0.008235789111482995,0.39615397190652296,0.8360940646960275,0.8715911255758506,0.4932030251007644,3,0.6789146214166579,0.0011164756411339925,0.00010589668829721812
279,0.9430083615419873,893,8,0.008033595977089844,0.3967030066344675,0.8729984456373462,0.8637197321625224,0.5048183398075206,3,1.71654716468435,0.34906648978625665,7.013182545467953
281,0.9422592884320483,899,7,0.008005911331053587,0.39773297465614754,0.8982740743060681,0.8637737543337329,0.4979214987260276,3,1.6707238154210553,0.000792356274081597,0.0017070463376050373
280,0.9421157472468711,941,8,0.00783926418986031,0.3962045053801276,0.8950154622112916,0.8850877850210094,0.50197044596766,3,1.647083061717846,0.0007973988065952259,6.249391247247062
282,0.9433726157845774,893,8,0.006547721147285533,0.39307561998387786,0.894522769482856,0.8664001725255075,0.4925010818354741,3,0.7021023824384212,1.6555095661910777,4.1929207502212895
283,0.9430848143568028,902,7,0.005711387293948455,0.3982615663002114,0.9006786792096274,0.8657105618419172,0.5822480394389208,3,1.7298396047971096,1.149596355443878,0.00010461648500684347
286,0.9429369567398567,947,7,0.005657861905273906,0.3970917208382024,0.8700725108521986,0.7146110098839151,0.5174769354850464,4,1.4538453663579851,0.0008562428738181027,0.0015701149389213034
284,0.9432711295440279,972,7,0.006677178381234014,0.4053992664146085,0.9010869034502588,0.8794705271576144,0.48127823791370195,3,1.7349674339219456,0.36385481183489415,4.687174274936156
285,0.9431994022618644,944,7,0.00569172735686615,0.3953792087437144,0.8715404583416861,0.8776840214639918,0.5847648896811894,4,0.9588418098004802,0.3474429866289241,4.365393721046797
287,0.9434769803420554,975,7,0.00566253328406961,0.4006960418276061,0.8689235462561853,0.9401060973584318,0.5800949453609621,4,1.7156049287961541,0.001106373980476914,4.554261858357282
288,0.9430920059746264,974,6,0.005618715332862387,0.39975108659183906,0.8972926274679806,0.928015518320777,0.5807501002437422,4,1.4194661331298948,0.0009193356088838295,0.0016105680677810615
289,0.9430688375062353,947,7,0.0056811810359408835,0.4059247929378169,0.7927232645311999,0.8844191592236322,0.4798279100716755,4,1.692213438908913,0.0009277231248711259,4.371833876253452
292,0.9427503514249642,947,6,0.005708320927726183,0.41418274097132135,0.8665764545809543,0.9867312725927566,0.584977523547701,3,0.42523312315281586,2.303282314029065,4.091720041793351
293,0.9430295481670685,848,6,0.005733959096958426,0.4162543217554063,0.8732157381194586,0.9994239994535544,0.4809186355774424,3,0.47953045893087537,1.5039830239896663,0.010592591117895313
294,0.9432454615944753,842,6,0.006618725054010809,0.4154869105341089,0.868609310199989,0.9300859572393567,0.4763661155102883,3,0.7282538988741522,0.08835360883404722,4.090337161607609
290,0.9430098507944373,946,7,0.005521930744460581,0.5155824646895603,0.8970150432388324,0.9290218154743252,0.5795544296946975,4,1.440367297250439,0.1009301109836987,3.9482489012898907
296,0.9436096177363436,859,6,0.006516120995540319,0.43295022409884765,0.8882473513084965,0.6266011184455373,0.576448415952022,3,1.1833595010357982,1.775564371349826,4.3050239751992265
291,0.943227605175819,974,7,0.005604501919424146,0.4138764174266928,0.8737180558738671,0.9273054106540812,0.581957686028656,3,0.5070319462223309,0.1347969862032707,4.345023427520625
295,0.9432657997526734,844,6,0.00583133490377404,0.43312511810039045,0.8653573283760102,0.9849783559178449,0.5810830793117239,3,0.7411708067831009,0.10561435897294025,4.033484736428782
299,0.9341500093206122,840,7,0.13761988536332506,0.43354927166334767,0.5358833523493478,0.986509368609646,0.6084318058755,3,0.3185895353614275,1.64609039725956,3.631855794324873
297,0.9426586689948682,970,7,0.005555010034168958,0.4204659044551803,0.7923326783963454,0.9321289420090457,0.5794426136669232,8,0.796680733204312,0.11025009671112149,3.811512793255959
298,0.9436338183495648,978,7,0.005951089733118316,0.41771252675967047,0.5371693007954279,0.9974226212833559,0.6003466307294703,3,0.512536949816677,1.6629519699078248,3.7729233512081293
304,0.9431232072223505,975,7,0.006384783517892789,0.4280692868583318,0.5360080395022362,0.571312811536246,0.6050757436920293,8,1.166875050052588,1.8912246328438325,5.396518833812137
300,0.9420549540207134,761,7,0.006535656974869984,0.43214984087402447,0.5379939961190573,0.7779190604304039,0.6063512900871305,3,0.5742168916157395,0.10880039996134193,0.011680448112680592
305,0.9431107108601653,864,7,0.006530191796256066,0.4350412208927184,0.7183016718033484,0.6340489755438492,0.6011679449033192,3,1.82439587795281,4.707046863435235,5.263403832823881
301,0.9426116109134173,984,7,0.006452103472110941,0.43411688803127957,0.5395466113365288,0.7840627317315538,0.6038200676433846,3,0.6785426512634504,0.10978007191281434,3.0099299350822264
302,0.9428795479886085,980,7,0.0059968728096931176,0.36601004470795356,0.5391077546219791,0.945075825688719,0.5553079466784073,3,0.6129069500211226,0.14250481423338648,5.387588228939954
306,0.9435607353989128,862,7,0.006492846946643332,0.36365873276718086,0.8892771656822329,0.6399263498381018,0.6071535607017063,3,1.8401192769863695,0.13537479068857664,5.52348561775634
303,0.9429856637483371,980,7,0.006468033524789663,0.36749776416495444,0.8268729566742137,0.8496600953143438,0.5598445278572086,3,1.868241233376507,0.15660340725484245,3.0654356998993504
307,0.9429481016080523,980,7,0.006056991466631968,0.37158422290335597,0.5453702922275128,0.7732082076297964,0.5575391359522784,8,1.8909893284757424,0.15826578226155877,5.714212761810353
308,0.94322753212209,869,7,0.006375658505196638,0.3716327336682842,0.8257081011279668,0.9503456788473157,0.5614780960734941,3,1.2065638190600345,4.9785629603433,5.389711469324692
309,0.9428199945885971,865,7,0.00641720254049258,0.3711847306984584,0.5436798412500898,0.7829550833558939,0.6053455579125676,3,1.176154886779314,1.8307807708944215,5.417635684532005
310,0.9427544956586569,859,7,0.006682776141806838,0.3727557007647138,0.5510329939979303,0.6345999561310365,0.5555105953645159,3,0.2406294767420178,1.15127261309682,5.503059617160078
311,0.9424764328147918,869,7,0.006123573968611634,0.36748200549023774,0.5764795113157914,0.9621485848049296,0.556175048493178,3,1.247367812480293,2.3987739881961545,5.673904542560117
314,0.9428162938954028,862,7,0.005944283925078044,0.38385081794134557,0.5669499838523151,0.5499914035517174,0.5636744896336308,3,1.5961931504926299,2.9501150054757277,0.15820462886161968
313,0.9428343559081254,866,7,0.006046287677555092,0.36621372488178516,0.5565711058051702,0.7223024243993611,0.5590523982326706,3,1.1038749274763913,1.2528040655380532,5.4983357632007905
312,0.9433873674197442,868,7,0.005966690050029978,0.3648041972476853,0.6824122704954485,0.9628050639737721,0.5568318284363154,3,1.2211540135712484,1.3536476354269449,5.5401855068196255
315,0.9431004718582111,874,7,0.006046521999668107,0.3753872665142986,0.5587098797516997,0.6218895092307059,0.6466643843585261,3,1.2560416819022957,1.1005421360108942,5.393559343125745
318,0.9277668291110261,868,7,0.23371437591096736,0.3690090109751587,0.5782414304436042,0.7219877449510548,0.6606451365551218,6,0.27035258939163714,2.074800881993674,8.000677049082952
316,0.9434084423769822,868,7,0.006044710354463564,0.3818654673807392,0.5599625017157968,0.6734288371145292,0.5935554158713929,3,1.2166821002012045,0.9507830217453996,5.4329968400112145
324,0.9370532855779018,914,7,0.20228968854106474,0.9688867178077878,0.8900641491996746,0.6515745539092812,0.6433510529429336,3,1.3846978185836727,0.7834880780884759,7.449497340415584
317,0.9429274910638069,860,7,0.006112621048011168,0.3824636879337065,0.5638628076159844,0.9642709512645508,0.6392781649965105,3,0.238384688775513,1.3076278271610429,7.907456313120282
325,0.9262433916901133,910,7,0.2320517407336322,0.33102608343982487,0.7009300782092143,0.677260122631812,0.6358204267480715,3,0.9171583085062467,1.420010326873628,8.055439302710447
321,0.9430506012081876,913,7,0.005434123279108195,0.38352256836801296,0.5709301142409011,0.5990333954272038,0.6446381379560261,3,1.0914247344947896,1.2826945299692376,7.653289192032473
320,0.9432508216509461,931,7,0.005820552789689032,0.39389254921786926,0.6792139170475704,0.7261277569049638,0.626827477433785,3,1.0524185908717645,2.747699159217231,8.225630328374441
319,0.9434603261790564,959,7,0.00599024467065966,0.3870835429243081,0.598813706175519,0.9693677736301778,0.588869466938917,3,1.081250077483575,1.0646537747946916,7.485935694702299
326,0.9428415934454357,834,7,0.005484862634015303,0.3255469576781388,0.5946153476407071,0.6694797930694302,0.6367525379628205,3,2.058957675716633,0.8709897827350179,7.76895244301678
328,0.942664283173954,852,7,0.00539933390047404,0.3181673698308482,0.6683554377718901,0.6573024666378142,0.20208599631312918,3,1.0028975377094618,0.9663507971695765,7.818573776776563
322,0.9432476939077136,958,7,0.005966374286142006,0.3852069717903843,0.6842556536610248,0.9715729735113503,0.5958696857913687,3,1.0686067461783364,0.07881160563375422,8.009144887447293
327,0.9426908168101974,813,7,0.0053417836494463284,0.3254366564688624,0.7300281715580196,0.6467960231889982,0.632344258660068,3,1.0534898334933116,0.7813603689992379,7.419867072035688
323,0.9429630932769009,952,7,0.006904197387025027,0.4110470769610401,0.8923785368410693,0.6856026763222274,0.6337399090507777,3,1.3799672500447748,0.8651854690500909,7.830066468888921
329,0.9430721635381616,828,7,0.005380449476975782,0.3863129160144662,0.5236951793302709,0.6850045174766177,0.5876612047016325,3,1.0287263956836925,0.8770897122655186,0.0033797320197492937
330,0.9432405680382463,841,7,0.005412923677956348,0.3904777097361004,0.5233903074832661,0.6886718214628142,0.5954379467627515,3,1.1469444438395198,0.1899801188343859,8.021775439955618
332,0.9421310989662418,839,7,0.015471307994247743,0.35451389332037997,0.5247580840525983,0.9991720644401453,0.5951666890588256,3,2.070012421179512,0.8990283120086138,9.945881856581801
333,0.9431645514585563,934,7,0.006961347194225991,0.3505806610979204,0.5973577988594602,0.6979705717338881,0.5929284829308243,3,1.3467573028817195,0.8948953582411935,9.487777269889623
335,0.9429376048307969,812,7,0.006913498667008479,0.3532768038400226,0.6020137188923789,0.5112444546352629,0.5927634115970063,3,1.3113391079764625,0.6678897119068818,6.501723019329126
331,0.9422588939419109,815,7,0.005424555061514777,0.3855493609057361,0.5925871058835822,0.9772130417223515,0.5884248648533689,3,0.9899364833887374,0.14988619865530203,0.003279208527164825
339,0.9425725647388059,928,3,0.006919614517797431,0.3578440770620414,0.659523951673881,0.9999385161179387,0.5325866137313064,3,1.280372894418504,0.00012011924772406779,9.529546254249299
341,0.9425928173197786,927,3,0.006842217411000514,0.40857953456935725,0.5801104662828466,0.6185103719948932,0.5281096656632608,4,1.2799731383084283,1.6969016605552332,9.943404670910581
336,0.9432188971713031,999,7,0.006830771233525229,0.35537375638569463,0.5172502589868873,0.687080069772515,0.5901571648987616,3,1.32872404564083,0.00010682663930839406,6.521473805264163
337,0.9430043748956244,934,7,0.006708978609312342,0.40768748084543865,0.7771949682181079,0.6839680984460771,0.5878799379847749,3,4.613059903772117,0.6667273289976925,9.548261100302712
338,0.9403561135524624,933,7,0.014980160359446713,0.3477455015651996,0.604941762446378,0.9990115025548152,0.591701455177767,3,1.2881337689327848,0.17821141174232238,9.977448869299025
342,0.9426200705352539,998,3,0.006771487978434147,0.4104285301403268,0.6574651466218757,0.976530591285793,0.5315980540132796,4,1.7942986429494625,1.6000286498192051,6.264726846504062
343,0.9426098858017845,998,3,0.006524662235493016,0.41122447901416137,0.8823174392402057,0.6159303835563216,0.534229297758348,2,1.788995520832522,1.5679485106207711,6.087413121233084
334,0.9424715950924842,998,7,0.006933096879851064,0.4120323360026055,0.745291059689035,0.9987920962800796,0.5949344651938339,3,1.8018155143844319,0.6843208578507652,9.963370781405619
340,0.9404097339460412,999,7,0.01648537117116665,0.353413893180611,0.6042941615160954,0.9786529227578586,0.6156569701822819,3,1.8160716819949931,0.0001204061084231789,9.723426782351485
345,0.9435134153676618,996,7,0.0058749458271758325,0.40968305459259885,0.8538580257359286,0.6199547014974166,0.6116512104033547,2,1.814532763681023,1.6639440742847367,6.165639182228774
344,0.943145668113193,931,7,0.006549661683360373,0.41008817142493115,0.8571158136017122,0.9814601868334487,0.5299020461572599,2,1.8173597845591623,0.19271269734654933,6.178371647687987
348,0.9431911983280798,899,7,0.0060195398150604314,0.5247302980346086,0.8812488025542328,0.9812747298683622,0.253376015536397,2,1.4707110951353621,0.00125404780664921,3.2876115232180507
346,0.9430694855971755,993,7,0.005971097727774437,0.5206599035424191,0.4996298447347073,0.9746089268138687,0.6156885813669978,2,1.7802681049002955,0.0012059438015762226,6.150781664623815
347,0.9426016213377671,900,7,0.00595643370159926,0.4139400767779009,0.8641271765833921,0.984459953739216,0.618722561807428,2,4.6161175505444065,0.0017087175477954355,3.1930057137451064
351,0.943502028378535,905,7,0.005996076205304554,0.47145157993594444,0.8579212983296677,0.9800661771453039,0.5763495586660773,2,1.4865096469900818,0.0049543641006701165,3.316617063322417
350,0.9432156619347261,903,7,0.00589491075194681,0.46746533247022726,0.859048339390011,0.9677608600121687,0.6144488070868551,2,1.8016995566175362,0.0012654469949539653,3.173595805923879
349,0.9422439982865353,907,7,0.006075117647120741,0.5252733116965408,0.8615548407059945,0.9768879435717318,0.6114953665543124,2,1.825833149113825,0.0012459386085425623,0.36294092750211654
352,0.9429693852902309,906,7,0.0058911881877206,0.46908105694897384,0.8598775542602258,0.9726563377923131,0.6111854619941102,2,1.4683234868901451,0.0032717938309676934,3.2312620539532775
353,0.9438355113467782,969,7,0.005931524899692179,0.46454979127009144,0.8527853845364147,0.9672883598165185,0.5745463124735211,2,4.949695499175981,0.0012053618537618683,3.2771576084899916
355,0.9433372577796639,969,7,0.005856444330177983,0.44351459282022593,0.8817692022032276,0.6293810924629799,0.6104406293215114,4,1.6092343042675583,0.0016506499356668677,3.3778248968442113
357,0.9433920386839116,974,7,0.00558353850917575,0.4357998960005267,0.8554246377668097,0.8087596140173346,0.5736950097093172,2,4.992666327365482,2.2761959982070454,4.1626704039161595
354,0.942962583988046,971,7,0.005866840802911938,0.4882354788645224,0.8554096224373914,0.6567960183517407,0.6130650190737881,2,1.6305806282857707,2.1498209778071775,3.327903260559776
356,0.9436311059689635,967,7,0.005874485591385312,0.46918408713055965,0.8490825644349943,0.6294011276033745,0.6204791568327672,2,1.6489491911476686,2.468384552305755,4.628879455950593
361,0.9415333316092653,968,7,0.012247147163827965,0.49289044620263234,0.8227932063546356,0.8015811714182436,0.5758805863785221,2,4.998785895440474,2.436753558414578,4.534562046842799
358,0.9431892738841288,968,7,0.005482729865125691,0.48832767564675056,0.8568922304310522,0.6068330660682826,0.9406926015368171,4,1.5999488143479819,2.1581064383859316,4.5696323621805135
363,0.9431750607593085,967,7,0.005345537055179087,0.47840957308543575,0.8267074361807917,0.6292180426990527,0.5701901258813744,2,4.987980031337479,2.098337828195578,4.457912376652985
359,0.9434737858068418,970,7,0.005399529724149398,0.48733628442756177,0.8517125671650757,0.6605981988785968,0.5795115968080458,2,1.6412280271955335,1.9988624698571136,4.692228803114487
362,0.9438384272341965,972,7,0.005492534698599389,0.48534492836196197,0.8240567506215435,0.6417178890362141,0.5746433441124642,2,1.6443194517181585,2.2276096239831884,4.579380675062286
360,0.9432613998309286,968,7,0.00537555044940814,0.4871129985114746,0.8523188926030336,0.8013518246676381,0.5726129721225981,2,1.604098061807259,0.0029691995042557128,4.723585892213328
365,0.9427922863527515,959,7,0.009542751973569802,0.488031326802676,0.4004822651584986,0.5868949837635671,0.5821732519431498,2,4.229674485985239,0.15082642768961965,4.560541350008017
366,0.9425311307508757,597,6,0.005378431242345978,0.4823897341028279,0.8331324722105407,0.9542769351078613,0.5745320639573481,2,1.6351538767102103,0.14068202834815643,4.646146195439597
364,0.9424839150820947,972,7,0.009483880866922239,0.49029739654940985,0.8286335140076287,0.9524506387610329,0.5703098412761849,2,4.98694319345295,0.14186436868705277,4.331030636224305
368,0.943519703206493,956,6,0.005357424633325097,0.48775793772611287,0.8332473033953061,0.9563662897061661,0.5732930729186271,2,4.785822613764991,4.4958660022027885,2.4495513699436353
370,0.9431764216459202,951,6,0.005370649315901958,0.4676208080978252,0.8344137548795214,0.5982246112227632,0.5778303413068971,2,4.790068338479508,3.452275292717007,2.412214183218945
374,0.9423328879769279,598,6,0.005011706295320119,0.4688759072341286,0.8330291251083344,0.6438304750993243,0.5483876034806472,2,4.735275556712565,1.9358862628181355,3.720666337357882
369,0.943163308501536,953,7,0.0053120883076213776,0.46657900360164406,0.8361037009839811,0.755746218986287,0.5737854625122272,2,4.788270741777513,2.7396950264058693,4.8249783752831865
367,0.9429235096355677,958,6,0.005381362507635264,0.47444431728420755,0.8351231428982313,0.960521509200581,0.57864090064876,2,1.6670483806530536,2.542829822726046,0.021901458874464926
372,0.9419515673395814,951,6,0.009471437264408904,0.5087290984510932,0.8360318452572277,0.5815927611008226,0.5512269106974826,2,1.6580047902685058,1.8569344207505596,2.473533786395882
373,0.94292900536325,950,7,0.005016236352894681,0.4714523689575768,0.3773431724441604,0.6518377103200639,0.5487130395164103,2,1.712951947499762,4.054332643784169,2.774091997256023
371,0.9432077376923618,953,6,0.0050125707640788055,0.5056426727456268,0.8355364507192546,0.9553503517522267,0.5763201177668276,2,1.6890795394889666,1.841143810195755,2.2464968322404926
375,0.9436931244105216,981,7,0.005354761854496431,0.4599783400021177,0.8404032403988146,0.6464496537078566,0.5479504076168449,2,4.758121115089959,2.743972764829529,2.594927233295177
377,0.9431534671205934,949,6,0.005335431642160432,0.5014146152178997,0.8395035320560617,0.6437396042347198,0.5446535729293787,2,4.787660503138699,4.628135311248676,2.5430875440336074
378,0.9431902204517337,984,6,0.005214866421360546,0.5122381990778275,0.84167461378969,0.64244761296437,0.548058267482573,2,4.773383973504723,7.5188791535053205,2.5738592853493962
376,0.9432942353949366,949,7,0.005035985553977145,0.5408846362038291,0.8448667553442636,0.6560932196728397,0.5458634226793806,2,1.7126094276604966,3.2090200661095234,2.7461512990550245
380,0.9432037145191343,988,6,0.005422325083345128,0.5096248900710585,0.7980389446857283,0.643162825131445,0.5440365691203384,2,4.342973391489176,3.760114913844495,2.513876829862098
379,0.9435517570955991,985,6,0.005314735439230819,0.46888149246508815,0.8007354382943828,0.6450538364808899,0.6732164512506252,2,4.794214844963549,2.7243410976121614,3.090954290182096
383,0.94292201203412,977,6,0.005581109667997055,0.5040989928271545,0.8107610347666782,0.6664380696596427,0.5169447324876754,2,4.361735310585187,4.214447026794603,2.597897418273006
381,0.9434256413120758,982,7,0.00554654906550718,0.5068284388501696,0.8003168562121712,0.6446157820809774,0.5470149946407323,2,4.85642962469068,3.867097662020436,2.913109325751329
382,0.9428518366218887,977,7,0.007399763816049419,0.5089250084263715,0.813577350666136,0.6557955122891087,0.547724775969914,2,1.5411694575729709,1.5104897478517056,3.0284594361856527
384,0.9431003914991092,982,6,0.005616531365528058,0.5109997251738516,0.813188284781094,0.6349889865314242,0.604622335182675,2,0.002449689027861024,4.432901375608495,3.766211512275442
389,0.9425103928844166,510,7,0.0062121933548945334,0.46287312928004154,0.8157820399612155,0.6194553127086128,0.6014551881205215,2,4.8452619511261465,3.0757029126373294,3.3220182728079006
385,0.9434557780626038,983,6,0.0056758197210645105,0.5085730450528763,0.7964435753610065,0.6385401744573882,0.5989053754416012,2,4.597823385931944,4.500339199987881,2.707926144644723
391,0.9414592540842722,986,6,0.01817791526281182,0.45727604853034165,0.7954533528119344,0.6162275359275113,0.6739707128360245,2,4.663545662379174,5.641328608804128,3.687697709531365
386,0.9424741770199978,983,6,0.006276273366372659,0.5406638277322027,0.8140275821852653,0.6310849935604448,0.6737546213220539,2,4.649417801166147,3.8014779603307454,2.8610123928526665
388,0.9431999240742156,987,7,0.00755469687606569,0.4588204296846558,0.8135871563060045,0.6220332726158797,0.6027393460477641,2,4.902021768236273,6.249827012333081,3.8384474300042215
390,0.942707721443125,984,6,0.01107434724237829,0.45470968952422697,0.816820535180923,0.6223876264492284,0.6026444633605529,2,4.861318061528098,5.532803620271988,3.1377388475904193
387,0.9430385181213845,976,7,0.006377591439613868,0.4530790750072561,0.8042133798137518,0.6681115919244588,0.6004891612146066,2,4.59013951155392,2.9626670183700226,3.30843646697241
392,0.9433613785555955,985,6,0.007493337926489415,0.4628328104441996,0.7789772809317623,0.619119677948923,0.6035912749795604,2,4.66072992331478,2.9451775069401585,3.6434721752418167
396,0.9372345944974303,983,6,0.11004789691521344,0.45070785253448253,0.7826013492531588,0.6171457630901465,0.6261176053965746,2,4.596936987944178,6.1094517492135365,3.6610000228005957
393,0.9433766368705552,988,6,0.006288876503719259,0.45254006811645126,0.7760666318431234,0.6250729584810247,0.6580935763748789,2,4.861404586817695,2.7312999892717884,4.078579446215268
394,0.9430147057365523,986,6,0.006332632288833406,0.4583879971534073,0.77487799746499,0.6187112113859219,0.6220945378770516,2,4.812090254928657,5.869977202994209,3.476428046744332
395,0.9430352035693301,987,6,0.006329824511355931,0.44785527058331653,0.7720318557882913,0.623796504157273,0.6707708732476519,2,4.719692236922886,2.7350335773401793,3.831542934621063
398,0.9427223708030711,984,6,0.010948307320192006,0.4464606620418611,0.7781589991053247,0.6108590065157465,0.619417215074627,2,4.858081491685079,2.8136401331096557,3.7086659415476757
397,0.9432248813153462,985,6,0.006454297329242334,0.44615762151948996,0.7791102336820863,0.6312895923435666,0.6260998280529702,2,4.616873498325866,3.0760376825084754,3.6691421109505975
399,0.9425514000298435,961,6,0.006425618467033784,0.4461752281676681,0.7711746415398293,0.601873850089169,0.6217757008857988,2,4.576680253040408,2.6494577137789164,2.1462169183389066
402,0.9397373192449843,962,6,0.028558266068827196,0.44844238857495516,0.7839516249629136,0.6077980818786731,0.6253136274774262,2,4.553120718877031,2.567839883177054,1.9235381988073017
400,0.9426994736771028,963,6,0.006403847080321797,0.44477684152061964,0.7682649137451167,0.6626516036462808,0.6225448266707987,2,4.577203189949821,2.6215926874335373,1.8924722594925119
401,0.9433236196920542,960,6,0.005942827854789388,0.4815997871108169,0.774608391595895,0.6111160302875482,0.6541962426874758,2,4.585455387366943,2.2085585232344473,2.164912146553902
405,0.9422572272732614,960,6,0.005867661856150434,0.4794384504725179,0.23847464723847567,0.6691090333254273,0.5714919897983233,2,4.578722550309952,2.7144892700367187,2.041992171255966
411,0.9395608136081481,235,7,0.005789311901111232,0.4815785354985393,0.9083362424361388,0.664165083362905,0.5703535741443974,2,4.722968193276081,2.032116425634864,5.222624139997747
403,0.9432350378709489,961,6,0.005856356012544538,0.4418614151202186,0.9092183014471297,0.6060015528703164,0.6259385027786863,2,4.509691708843064,2.6827271315647856,2.1662986140969
404,0.9434521326815188,961,6,0.005880935501408781,0.44161100414559257,0.9149076874403194,0.6636344027239226,0.5796223928635202,2,4.7043936460773095,2.3888595004960806,4.999831155852905
406,0.9431962192065226,957,6,0.005752057231781242,0.4857940228665199,0.9072564405646044,0.6020303975950368,0.5730981394865041,1,4.516794291385361,2.2009107724834416,2.27191477846617
408,0.9435131074983746,962,6,0.0057673675837618685,0.4775013077275337,0.9106889678556859,0.6595331513540704,0.5719402034932006,2,4.705596890803378,2.2058498631101124,2.0147915503874696
407,0.9429992193895952,955,6,0.005889951462199883,0.47640759825579665,0.9121700437070427,0.6617281876354519,0.5795038908959952,1,4.575609470519554,2.305197691723004,2.1453309867044457
410,0.9430402891525043,943,7,0.005881704586015134,0.48840903010635117,0.8800417668955287,0.6599280261409259,0.5726509807938809,1,4.890314757433804,8.968096465659835,5.825736443531744
409,0.9434197704013132,961,6,0.005878423538511356,0.4822340552122141,0.8735009560783561,0.7017382344955945,0.7273162145358117,1,4.531580152279218,1.2812482577477426,5.2916976072727815
416,0.9429216081513602,940,7,0.00543915507984946,0.5307896922817608,0.8764172669406494,0.6458190656709369,0.7312296188454037,9,4.924898667606848,8.92966887442397,6.510465140747138
412,0.9432574257080623,945,7,0.005727715258930668,0.4836677892112198,0.8762288963332906,0.7078559005798032,0.5708651194500145,1,4.494425473571733,1.8229984649756377,0.20821369492269398
413,0.9433077273750878,940,7,0.005792928819342741,0.5318874058655588,0.9096825657742706,0.45544953476432154,0.5810612622189621,1,1.484926124426763,1.2342124698509176,5.95549158195754
415,0.9430245408557468,1000,7,0.005076674231621941,0.4752419291745876,0.8726008549134373,0.7451711495268749,0.5842202111386011,1,1.4567210796050087,9.009463254746434,5.88487681500137
420,0.9426303147553318,938,6,0.0069620125196208785,0.5391811121320623,0.8797891080839754,0.4967201089446811,0.5899732183652552,9,4.713173036817457,1.312320540577746,0.21360147519944828
417,0.9430611084216902,939,7,0.005065663043784218,0.5242475386024606,0.8692016047393548,0.44006801426463604,0.5878758276973595,2,1.5045817260836472,1.444829562015594,6.164688484640773
414,0.9429822417029385,938,7,0.005012677965720815,0.48785218748037557,0.8717823871476144,0.6475419901704867,0.7266712259357533,1,1.514373530048836,0.005050015056823855,6.3931163250288465
419,0.9428411916499254,999,6,0.007314218885308871,0.5325057156295446,0.8830896145966174,0.647263480830482,0.5903518148555617,6,0.15789665765954686,1.3671747572736128,1.3751742818020931
418,0.9423923004876043,937,6,0.007267703567385602,0.5318602803853959,0.875100274239935,0.6451397828774191,0.691695981033552,1,4.8888965331343694,1.348125570993073,0.19175162515901822
424,0.9428229866606188,933,6,0.007007428811466437,0.46963002463414033,0.4476493602212055,0.6384493029090558,0.5870279705827124,2,4.747116065240298,4.160857640241288,1.4018795886538646
421,0.943241957102725,999,6,0.007058603644742477,0.4702316781166167,0.8898206984246263,0.6388110837794418,0.5914802068658122,2,4.755786330907221,1.80634381024768,1.2981379007529512
423,0.9428023239351381,934,6,0.007436916036563022,0.5204009230949845,0.8936120876275602,0.6387217897027201,0.5914860836214741,6,4.732240327949368,1.55898615497526,1.5311532739784248
422,0.9424997155600874,937,6,0.007275618214667489,0.5288271795176678,0.8938325858299985,0.4408661503355513,0.6897477515988221,2,4.694692355447349,1.780006057993086,1.2819481741084309
425,0.9428167802245142,929,6,0.007216105824117597,0.4682038461079957,0.8917918613811653,0.6794739862396914,0.5962049570499582,2,4.720353894492828,4.648355526994886,2.747349435053807
427,0.9435291438355499,997,6,0.007378551414115546,0.4997602673967665,0.9257066548275932,0.4081135478340596,0.5600185341687155,2,1.8974071170072382,4.580804304073936,1.5009981509565569
433,0.9424705973872689,973,3,0.006547357919806932,0.4282823899635001,0.9261899590980639,0.9447684660171578,0.7041747020104931,2,1.9388850661077537,1.7786008540784854,2.7841371822375414
426,0.9432156243642368,926,6,0.007286181184563605,0.46776923138450366,0.9268433153375242,0.6442213995571576,0.6874773610754581,2,1.8981832957172453,4.579768016954422,1.5734847037833204
429,0.9433856892712228,971,8,0.0068687881013624755,0.46708676365429175,0.8489218438652237,0.6790970031596815,0.5632385747472259,2,4.723319499283163,4.827268651963265,1.6127647324260905
430,0.9435409607980538,972,8,0.006703724832541117,0.4655860405116451,0.9272811170590354,0.6817948528143662,0.5632445233117321,2,4.746044639403863,3.6989779251746255,1.5812155690528655
434,0.9431248342332612,969,8,0.006637277236554143,0.49743352618991094,0.8520739730241139,0.6781787651380013,0.56021522305408,2,1.9106256154331527,4.3161070366384235,2.6923528019674605
432,0.942730055011754,922,8,0.006367987275794212,0.5001153536379485,0.8519652710725482,0.9473340592835243,0.5595281368039088,2,2.0214454570008953,4.847794990519217,2.6725174412467574
436,0.9423976532387025,970,7,0.008464459856069232,0.4977956632074086,0.8450596023916207,0.37512396170261614,0.5627297863852995,2,2.0037884621938655,3.434037052938923,4.379408449413741
428,0.9423718976246747,1000,8,0.007311836092021462,0.46720699099484836,0.9255712661634158,0.9417502467488371,0.7571770758776525,2,1.887668303489091,1.5984401032355502,1.4321037632047149
431,0.9422085557480206,969,8,0.006536457762116816,0.4993622061055733,0.9301215083209778,0.9539706862015935,0.5556964821644618,2,1.9076160842852923,1.8904203307498775,0.006665913542833146
438,0.9420935723091969,970,7,0.00851968394830844,0.49810965912635075,0.9528044249429211,0.36168191715978587,0.5635486549490168,2,1.713440497518107,3.8042784015023807,0.0012307221915980999
439,0.9427470932286436,967,7,0.008387509409735826,0.5021467592222683,0.8525033785368942,0.4113497535052128,0.5520361631915671,2,1.9831332968533408,3.6477768273662576,4.46754236146796
437,0.9421588103329614,970,8,0.006637279063539365,0.49741073955074405,0.945537604195437,0.4138847154797913,0.5590588344666323,2,1.8796387872297589,2.112116217392273,0.0074013063169541685
440,0.9423093417163949,999,8,0.008705230608236443,0.49023732563390016,0.9382744896932118,0.6787160843194152,0.559043191966014,7,2.083091749325361,3.447930983231437,1.014125704582365
435,0.9429228678063758,970,8,0.006567643290223705,0.496229710336144,0.848096496945008,0.9436200305140487,0.5564604175636428,2,1.8983436469868822,3.314874280647977,4.877151180649869
443,0.9406635142521459,1000,8,0.012811461742660703,0.4609736767612522,0.930761606356509,0.39944192299492715,0.523512731977087,2,1.7401907024391794,3.3592240840626997,0.09623265314498357
449,0.9428560966979234,1000,3,0.005314190213558486,0.42996235369240804,0.8284120841253574,0.661238460834165,0.5236883912615413,2,1.7299646252603087,0.41038054273170965,1.0866483092626182
451,0.9378550742588025,129,3,0.005405501495434206,0.43708117729587226,0.826337988233232,0.695090649656858,0.5309661782669356,2,4.903641346233678,0.44165716510050457,1.9518618562798333
446,0.9426408355359556,913,9,0.007963478983890715,0.4300277070750387,0.9355501705743916,0.6949197125220379,0.5166813406057242,7,4.9346984018746,6.658826220227016,1.0805764898300636
450,0.9431066167204583,915,3,0.007720466082254082,0.4315945449939657,0.9572064594777373,0.6938321157837816,0.5193673267316363,2,4.906335821544431,0.00017150883181843465,1.7875916183962748
441,0.9420841828177503,977,8,0.008779256521883903,0.4953493979774041,0.9189794226876145,0.7039945493181567,0.558403415389177,2,2.045354713027174,4.03249230672314,0.8721382232290602
444,0.9421291327773027,976,9,0.007915633154054452,0.42822659239603655,0.9536647811824747,0.4131617089182307,0.5289514415511771,2,1.7572800383307703,3.5032522804395856,1.1421559143641946
447,0.9428488028048791,998,9,0.005397446542849345,0.4317295315080926,0.92618318442606,0.5621210782348414,0.5154961763398136,7,1.7630997837259657,3.474226834950745,0.09471197749368128
442,0.9417864528663704,971,8,0.007944338584728457,0.9273924545304241,0.9544184696401367,0.7089023569697892,0.5197735017004403,2,1.7527970785141422,3.5682602814682967,4.492212052679962
448,0.9420577091899274,916,7,0.005383979028341514,0.9065513851244382,0.9567686964663417,0.6979311420014864,0.5351020661712574,2,4.143789918207711,3.2978969128393714,0.09574492056533214
445,0.9418556081354552,999,8,0.009029055715648002,0.4336260683390458,0.9255552541595423,0.6942742372079759,0.5244786926605514,2,1.7103325005381427,3.0629364998041213,1.7627352317902458
452,0.9428194508601273,911,7,0.007951329881661202,0.43504970846443014,0.9026554073079679,0.5909344269663609,0.5381108949107194,2,4.906357470447037,2.081624712193128,3.1576021473344316
453,0.9428772071384014,912,7,0.006159170241759774,0.4264552964751051,0.9162738565195555,0.5879592753280135,0.5383550763781394,2,1.64760438028141,2.252109566333031,0.6732903436634966
461,0.9423722910711874,953,7,0.006214304469145528,0.47688720075375535,0.2057776497958786,0.6708784056501443,0.6080789910612497,5,1.60366818806249,2.14262384841512,0.5816923443308882
458,0.9427831744654759,948,7,0.006174035561533508,0.46262761879119463,0.8642452967995246,0.389036618510196,0.5403550091419541,2,1.5934167129188712,2.1253172093519526,3.2236462611690806
456,0.9426568050811499,958,7,0.006166293111221206,0.4607932345707759,0.8958919916637268,0.5592115495033372,0.5403573311119148,2,1.5958653710067132,2.410859726318951,0.5897472250831622
455,0.943215010712912,949,7,0.006143793695240554,0.4666698535964239,0.9021515408422355,0.7083844893781635,0.5402637117438587,2,1.6063482306109242,3.1771055560363433,3.129109654258481
454,0.943096717940157,951,9,0.006179695770177677,0.4621292752716096,0.9677858750319004,0.7045412021144107,0.5340413179138648,5,1.5764444043767643,2.9693370561711614,0.8378627837509487
460,0.9426531461329436,882,7,0.0061979306014801625,0.46372539705853705,0.8959616525447043,0.3258100972076234,0.8098417779623215,2,1.5653705856285238,2.268585928798034,0.00016057326644548087
459,0.942680890895654,887,7,0.0062923926953804814,0.47278341227961207,0.8611678144724847,0.9623316716732416,0.540322230297885,2,4.1582598432518045,2.3350514255709656,0.00018325956547523753
463,0.9428835711618359,887,6,0.005895247527891436,0.47478964495746545,0.2985136336482243,0.9634909602413023,0.6093106757760688,2,1.5852049801060466,0.3081359113956367,0.056506748510258685
462,0.9430626018486393,949,7,0.0062130297780885945,0.46528310444153576,0.8612947256687317,0.9646620135360667,0.5758288112711502,5,1.6142233119402383,2.306462062328632,0.6736541426465091
457,0.941238350043539,947,9,0.00623539861942441,0.9189915048819651,0.8629933825979884,0.7125284782923322,0.5389156219893051,2,1.5765806299941,2.1615672478186814,1.8839633089988508
468,0.9427705820898179,984,6,0.005429593235771849,0.48062720425051975,0.2934962664803426,0.9643034264915887,0.5761967853700963,2,4.840434797276601,0.05608814666111768,2.2087994867233323
466,0.9427319084892252,886,6,0.005531840318815482,0.4803465044141456,0.8580938542224045,0.960613226634472,0.5749405807005062,2,4.795528066193155,7.220914370299315,2.2202053593842144
469,0.9431582897103425,981,6,0.005409597949177926,0.48121438083997603,0.8630861469416043,0.7346736059851454,0.5774271865037858,2,4.823914614805112,0.30605276555826744,2.412410713470321
464,0.9429171852698719,889,9,0.006108113949508886,0.46235572251136653,0.8580976657895467,0.6587204537159316,0.5770813820655688,2,1.5436349731426757,6.041410058129084,0.017814055639313358
465,0.9431678837522306,886,9,0.0050215271499449024,0.4594533694390599,0.8604637595925451,0.7288025839138392,0.5745988306124511,2,4.846959283983323,0.314386852365246,4.403239374655117
471,0.9430726477800235,984,6,0.005401532865229505,0.4008072869382233,0.8212430083174624,0.5302246836269422,0.5752192659955573,10,4.787859365268348,5.633545473012501,4.261450323807342
470,0.9430704728661439,981,6,0.0050106645354070735,0.40250365998253607,0.8246191985050102,0.6567609114479889,0.6493412867469002,2,4.995547195620333,5.28303966769185,0.01975881528806854
467,0.9431460031167225,946,9,0.005465553610968086,0.47860566187803033,0.8651465411221944,0.9641490571427476,0.570710466692088,2,1.8088834770724687,7.44690969341618,4.256579184349066
473,0.9432614102671757,981,6,0.005513091848965418,0.39441368346296973,0.8218179193058238,0.6646408733501767,0.5681220701497195,10,4.798644383772137,0.19261951245652778,2.2665318436652835
472,0.9432130163461059,984,6,0.005343633302251667,0.40376239334995456,0.8265082632054199,0.923602994385975,0.5723840680514424,2,4.809390914375252,6.050794348006178,2.3735977809674913
475,0.9428442265105597,922,7,0.0068450399016649534,0.40323734661615257,0.8226940457586814,0.7405156017839072,0.6440751407773552,4,4.422096868835204,5.572258802347378,7.034629291726646
477,0.9361390275500849,925,7,0.0734664497282205,0.44695215107462005,0.8233701230233266,0.9214660808781875,0.6494307521708058,4,1.7985087661175343,5.214059840894961,4.281029088425937
476,0.9424545433084737,922,7,0.005042285894624746,0.44618623049616657,0.8294336327703795,0.6557093830490965,0.563504958579462,10,1.8671806000564206,0.19468629892854541,4.144906026178396
474,0.9434719114568765,926,6,0.005014467993417793,0.4083630542389758,0.8244621535771609,0.9303974031542438,0.6393902213079614,2,3.682130994826791,0.28676399070812575,4.46155950061267
478,0.9433246737530036,925,7,0.006892668000862381,0.40521035535571776,0.82330688003324,0.9297596772284479,0.6015260557903278,10,1.827851003791468,5.265696217908288,7.603809339249487
480,0.9435994027377573,922,7,0.00682318804616981,0.45056958083734516,0.8416855459190874,0.9344693944832885,0.6068893461336023,4,1.811547411230872,0.21181685735806818,6.56738299836684
482,0.9426492137550653,922,5,0.006930306362983813,0.516140698333723,0.8424693023338324,0.9235970654866885,0.6046725902350033,4,2.1537012951202175,0.033171956287054376,0.026569861738091262
479,0.94309378013662,924,7,0.006790192919655925,0.41530775990626323,0.8245658132070779,0.9854339265362344,0.6541323587884549,4,1.8229665165803648,1.641848202013924,7.093873564765575
484,0.943100819385237,925,7,0.00674551425952921,0.5150528153864121,0.8423419938972833,0.30483508507917895,0.6030432982005515,2,3.7222350832480604,1.6214671611053728,7.324748776853148
485,0.9430055249700462,962,5,0.0069576378441492046,0.5147751640410883,0.8441911189570692,0.6299187074507396,0.6086296724595422,2,2.126148126111733,1.5658766226153387,0.04099133623527771
486,0.9431968453813437,962,5,0.006795937878142958,0.5111318746336074,0.8410761356494698,0.6307922476866211,0.6047787482360981,2,2.101368146552302,1.6851096212391925,6.9515522640735
483,0.9429811229372576,930,7,0.006809115262242004,0.4420847633315835,0.8401392620379433,0.9292688152786055,0.610153240257208,4,4.4378896996816835,0.0006451250936824096,6.39789144555575
481,0.9430969433630928,925,7,0.006808985362831583,0.5160701143863708,0.7983068129160086,0.9289646052031078,0.6072892359314072,2,3.704499120930233,1.5969423065832158,6.9163400841319085
488,0.9433742469699871,959,6,0.005015268792721031,0.41577585349071433,0.7997010253675045,0.9373621955778593,0.6670953870719055,2,3.7082108133626113,1.5947047504976928,5.491562907927892
487,0.9428147764650857,964,6,0.006747448043090935,0.5158122598429763,0.8030222392325139,0.9224033868123586,0.6583531083435443,2,2.1020588129599593,0.000701743022053598,5.77586106110049
496,0.9426518395148165,433,6,0.0075066091692761044,0.4178007720788463,0.8021268126640558,0.9466901599243632,0.636303133031849,4,1.709847796943857,0.25793472253216293,3.4773741699510348
491,0.9434180906873548,961,6,0.0050115342899204616,0.4448364205777485,0.7963395998929721,0.9418765847162159,0.6282633581966155,4,3.7382545423064912,0.21044711092864204,5.4473068404745835
489,0.943190296636337,961,6,0.006791297906007264,0.41799172611040597,0.7962023036420205,0.9376065146477089,0.6294763107138546,4,1.410856330947845,0.2165924602813111,5.028171376285975
490,0.9426568384771403,961,6,0.007432574690071649,0.6629596809886968,0.7927788939433398,0.9851699029243624,0.6656686603620682,4,1.4715599259214973,0.24962271423129045,5.307232396006461
492,0.9433389150556911,950,6,0.005731654904470926,0.43961286861610044,0.8021763243074849,0.9406087110712511,0.6327046350695079,4,1.4116243120372167,0.2465280589180124,5.5133869614810065
493,0.9428111321276254,958,6,0.007526205887202806,0.4431228795450269,0.8011082530627486,0.9413920902494604,0.6387903350227233,4,1.4051763171599,0.23175514003534314,5.121288943281715
497,0.9423333169066804,408,6,0.007662313198158415,0.4452762767744941,0.8068744168668,0.9415650322658236,0.6341942933046357,4,2.5346635053210265,0.17295312066272972,3.3301204253555854
498,0.9430740900693622,429,6,0.00766903561495096,0.4466425196054373,0.7930535561912677,0.9412527065379622,0.6386910745607093,4,1.439735846242131,0.17591999887935622,3.5921848200324247
494,0.943185171395424,946,6,0.005005803444462347,0.43943041912500935,0.8108518651939344,0.9434639979506566,0.6361974787160968,4,1.421743308582761,1.183433747669904,5.183123217447643
495,0.9425478558803544,956,6,0.007575628224854014,0.4475460416074253,0.7960793070213971,0.9500494395049641,0.6311385045610682,2,1.424422862014931,0.2140753310125616,5.194262942629383
500,0.9362664583007332,1000,6,0.044352090769565596,0.3834521484207657,0.812181908275928,0.9872863683159264,0.8913444047275487,4,2.502120012511228,1.1564001905785841,3.6089251852278057
501,0.9433650588981081,902,6,0.005758866715831067,0.38587201824805006,0.8450577438077472,0.9777485498499942,0.6323611856545139,4,1.4455239342911448,1.018517116815125,3.136925623091387
499,0.9433897437531913,900,6,0.005849803370579383,0.4412439995816267,0.8062552312482542,0.9883728319575832,0.6343869315128156,4,1.412509344847604,0.20674770488225305,3.262936692275082
502,0.9436425399212018,903,6,0.005772140761014791,0.3846981608173181,0.8478311008116457,0.9487629770916846,0.631029129889545,2,1.6865716000822952,1.1426917266767032,3.1914912903110952
503,0.943262846294766,906,7,0.005662348432458506,0.37751875153813425,0.8804668909776712,0.9111580315292361,0.58950021462565,2,4.654648994530647,1.0719908596993983,3.5301968429013955
505,0.9434484455554456,1000,7,0.005680008825367676,0.379989810958144,0.8845077409814834,0.9124488566606148,0.6152587793479922,2,4.684628321171156,1.1932275643248282,2.942425365724368
504,0.9430888792750182,900,7,0.005702466865962936,0.38390671079592703,0.8865460932364486,0.9116223396579798,0.5897518262493548,2,0.11849005203447632,0.1664443672868361,2.9871206922595697
506,0.9430564006306582,904,7,0.00561531015794388,0.37694202581256087,0.8429560679369446,0.9730503407065747,0.6158539790036779,2,1.6653557337314246,2.6199609774816994,2.8482568560218984
507,0.9435375335345316,895,7,0.005700284152200498,0.3822675443019753,0.8824499298216593,0.985018440349303,0.6144451098964454,2,1.6999209168814615,2.6949872475029433,2.8150013164991816
508,0.9435576410516706,982,7,0.00571631868777737,0.390566594700796,0.8832113782164537,0.9075565891182872,0.5900756599015881,2,4.655434923947934,0.005751607429669359,3.13312602373527
510,0.9427943010702393,901,7,0.005723665365092673,0.4845172785478796,0.8821708777701003,0.5772549800816504,0.5856979241135664,2,1.7118547081232862,0.0036085696261405073,2.8311146487319103
509,0.9431566720920539,897,7,0.005738783879129591,0.3808351755755556,0.8454414648658144,0.9062393583905655,0.5891808549499604,2,1.7086381989116715,0.005509272815263929,2.8152394572815607
512,0.9430906920511261,858,7,0.005747799926465755,0.3670575620008427,0.8860867316163796,0.9697987890425067,0.5911229947925025,2,1.6720953010742277,1.2403895353541643,2.93404555966284
511,0.9433837189077849,980,7,0.005626688505106001,0.4858523229138524,0.8838216446967547,0.6771827983189207,0.7100421367894196,2,1.7420798603624625,2.5955785778872,1.6723522839253413
513,0.9427094434238839,980,10,0.005801144627717782,0.29473673604437617,0.8860529800801437,0.5772420093458452,0.55366124335708,2,1.6827504827296254,2.7361131177459574,1.7588278654319356
520,0.9412342329440884,344,7,0.006299701178969128,0.36087044671554813,0.8984352346653235,0.9898707788375927,0.6183449916492235,1,4.67405302881662,3.0075311250101953,1.73769919800094
514,0.9428383738632291,851,7,0.0057898969040664555,0.4858498603266015,0.8476255024182225,0.9673664834261744,0.5913864261475797,2,1.753805156483296,2.6686600715701556,1.8447020663187133
516,0.9431291391851584,853,7,0.006385024211343679,0.4900899729308825,0.8718438953117635,0.6770621390254825,0.5889247127651863,2,1.6967532514032608,2.7448833489771367,1.6238851063755189
515,0.942816415999493,981,7,0.006343704652351835,0.48499330630824744,0.8472281163255746,0.9709154608967245,0.5913951546295148,2,1.7365555301430748,2.5044605128316055,1.6920675118245136
518,0.9431285025740899,873,7,0.006300724385979589,0.3604308301005432,0.9084593634234601,0.9983105162168805,0.6147801934434419,2,1.8932847285719718,0.00410969817503542,2.2205505422533327
517,0.9424888305544424,873,7,0.006436318113229085,0.36396882007013925,0.9011157174166383,0.9607823464454175,0.5911017296808099,1,1.7256171755676661,0.6344962013844603,1.890977785678209
521,0.9426303773728139,529,7,0.006315589452050316,0.361881051691552,0.9006225179453091,0.9952059980100975,0.6157948474721453,2,1.8697765309142718,2.7947378506157907,1.691708031669609
519,0.9432126615137071,883,7,0.006387588995983807,0.3380792617544362,0.9075372949491604,0.9999258771550547,0.5989056052597872,2,4.657750758789827,0.00590691607642476,2.345536008991467
522,0.943085525065225,877,7,0.006455198571740557,0.33676133922767826,0.9079062159563591,0.9951558977520323,0.6143803889087839,1,4.663748206507555,0.018665786132408158,1.7751176621255838
524,0.9429791546610691,852,7,0.00646681828627191,0.3400684252604579,0.9010436218328213,0.9999220724948771,0.5965632835357828,2,1.843936281170297,0.08336827139533451,2.1865068269011037
523,0.9432723662393002,870,7,0.006298336920144733,0.3573180484667554,0.9087944676146565,0.9967302146939673,0.6038681714180252,2,1.8663758843290124,0.00588321012558549,2.272911614993682
525,0.9423020728703435,874,7,0.006411028623780465,0.3361436799022772,0.8707611019539424,0.894939265926488,0.6189236565458819,2,0.4357263808839941,0.04905435039296298,2.1736927547444274
530,0.9429884335282971,940,7,0.007048621862241627,0.3892508927701866,0.8697237243729902,0.5430725959498692,0.5549848791281323,2,4.694504117178041,4.008200927829634,2.3410084430002622
529,0.942768639904247,881,7,0.007181353417154133,0.38974333895127006,0.920186923519248,0.5417726410550856,0.6099168055835054,2,1.9786828168757413,0.0058727934142356174,2.350344639860871
527,0.9409699882130939,876,7,0.006552239486236895,0.9997042860206575,0.8707904458171176,0.463512760931991,0.6133835446957598,1,1.9150036367851755,0.6962024579554112,2.183292804235018
526,0.9433789641536414,871,7,0.006663331098749891,0.36192940022750597,0.9168413906979511,0.8926297539215965,0.6078753141984843,2,1.8991507182299523,0.00835270409514951,2.5920807922431663
531,0.9429710227373886,876,7,0.007073636758001355,0.459224340379781,0.8626978362499602,0.46325204444022205,0.5526552041998194,3,0.43531175999331984,0.08931133078554565,3.777921366773631
528,0.9431452517069369,880,7,0.006467092690953269,0.41997896700997933,0.9062235295876402,0.8874812170251063,0.611529452138624,2,4.9349418632339335,0.0028968962424095763,2.360034040479533
533,0.9429255196567443,938,7,0.007263012721205175,0.3914863177323187,0.3483101381303567,0.8938787335074049,0.5589638293369169,3,1.9937453810212138,0.008997694753934282,3.762275700431475
537,0.9429638227705677,658,6,0.005375339320996369,0.4191208867284815,0.8336475860383764,0.9591962262440396,0.5580538634919232,3,4.912139286068374,0.008158209812471557,3.797683152611908
539,0.9435763553298321,939,6,0.005391392876766408,0.41996227567419975,0.35561830137906636,0.9599795330272608,0.5603400663897409,3,4.941431086236769,0.0001859791029758052,4.10675738633435
535,0.9431635443607187,940,7,0.007305918820669299,0.3932555662206297,0.8628046846341779,0.9597572212229524,0.5513892510234605,3,4.8497857521592636,0.00763206190315775,3.8081297037295423
532,0.9422559237860082,941,7,0.007175539091147389,0.3925789578185594,0.867613434609462,0.8943031822960166,0.5553038879442503,2,1.9918937063513107,1.9129757800638516,2.5108002284118496
538,0.943382091896874,939,6,0.005301425169403262,0.4594607188059635,0.8321848081834087,0.95606499234652,0.5532537723881024,3,4.784591233029047,1.941037353518114,3.8278348371643167
536,0.9439032227610875,939,6,0.005358429960345862,0.45804692465337077,0.9361192290714803,0.9597847716336388,0.5594590104491551,3,4.991009939683665,0.12170134482214297,3.728264737755764
540,0.9434506272528858,944,6,0.005371250626734175,0.42104824040182376,0.8333303262824548,0.9528416137894993,0.5581589665647226,3,4.805140137818114,0.0028279861621277463,4.013135734035905
534,0.942722465772919,939,7,0.007235297103083242,0.42196521527158354,0.8638804050979542,0.9801290526519876,0.5577515160177364,3,0.4341729047709303,0.12150247848250491,3.854406723923851
541,0.9433550505372132,937,6,0.00531944175791788,0.4605842357928641,0.824332826360981,0.9521027940658505,0.5530304248009624,3,4.777818121540609,1.98693947610802,3.914023699802491
542,0.9434622078343947,832,6,0.005875734427492964,0.459204895494375,0.7516632185264839,0.9587144910728908,0.555163172798828,3,4.803759782720274,1.8761615136548184,4.0654158428032865
543,0.943301591905463,999,6,0.005443822811949386,0.45694691788287967,0.8335862518517053,0.6297518685673636,0.5686181491552169,3,4.781491279038282,1.776593955751562,7.253552658205393
544,0.9433751528362286,833,6,0.005944711001364808,0.462343384660894,0.9358025699195373,0.630045446573579,0.5507641623757213,3,4.9682255082659035,1.8891974423624662,3.779893876847905
545,0.9430824484596027,909,6,0.005395657091698046,0.4665071843148887,0.41906788742172785,0.498162996640824,0.5679140408038856,3,4.925364768868896,0.00012105956679004497,3.2664175573549623
546,0.9428872927275241,907,6,0.005889117818175743,0.42310731688997943,0.3594007880032975,0.6378562462024687,0.5612064753510804,3,4.975818207176725,0.026311347504639745,3.325356324211883
548,0.9431604667114716,985,6,0.005369625537559932,0.42690674903635956,0.4330395140678421,0.6466411676993018,0.5157049218130771,3,4.871576435006378,0.12756174917892937,4.190906471748189
551,0.9429554226353389,987,6,0.005876222621684047,0.45553521688876464,0.42230478435316565,0.6034975163170514,0.511511986438933,3,4.990363913079549,0.0001859406203729471,8.22415613704348
550,0.942964943623498,984,6,0.005029362579877107,0.4557214339917666,0.2611181230514496,0.9210771476118481,0.520570699665315,3,4.9699638629638985,0.00017069645845090508,3.0912981004387543
547,0.9431623170580687,997,6,0.005860721814100045,0.4623587430301723,0.4320605670752972,0.611290651284359,0.680455931717071,3,4.828857077103595,0.00022270260555784955,2.80746162593177
549,0.9433335383012249,984,6,0.005022446864550331,0.4274194338822163,0.9297029409246851,0.6088905262008523,0.5681447018161611,3,4.9284528787497655,0.0003143176489004175,2.945755175234824
557,0.9327972087130224,973,6,0.15191841112094762,0.43838559647512587,0.2426548556066412,0.613396768830947,0.6806333865910124,3,4.9426097308576935,0.00021505679270579725,6.3201514809315835
555,0.9419674533947996,981,6,0.008297819889045413,0.429246528882425,0.3326418084894684,0.608117447405015,0.653290455119384,3,4.993261424988783,0.00023235174659359638,0.1374495444293017
553,0.9435954567927581,981,6,0.005010972705360945,0.4311752305184586,0.3955286997422549,0.6015398166578789,0.6760383892265249,3,4.858767259231049,0.00023461536826125965,1.2728906859923144
556,0.942331191043162,986,6,0.005374637954561623,0.4259886627670261,0.26260451213415065,0.6076272428087967,0.6567621744728586,3,4.813672583418706,0.00016738325318331438,8.359705894173246
554,0.9428926840927362,985,6,0.005012395060653092,0.4307180380831511,0.44061825133144417,0.4953887880903472,0.653554367066968,3,4.710110540221976,0.00016522217874863124,2.8750910753745615
559,0.9428646596386058,970,5,0.00539964505881552,0.43174117245505694,0.37697306514477597,0.9262440487216999,0.6600914173279597,3,4.979036923491156,0.0002520466739562993,1.2144962559030315
552,0.9438441671700591,1000,6,0.005927026857729212,0.4529365617295726,0.9441056225219872,0.6042036526250577,0.6510512281231681,3,4.984026469731984,0.00017322714227223333,2.9486464432401833
558,0.9427122977374445,971,6,0.008179945082261149,0.4368216283129186,0.39773070975970537,0.9266966175716146,0.5347528831483597,3,4.963561267706661,0.00021977460919087613,1.3541453754900068
560,0.9426244621080013,968,5,0.007888778323086881,0.43910928031897134,0.9455913188931755,0.9187376282153001,0.6639142525906943,3,4.985831348315004,0.00010525080066565377,1.3217298423458994
563,0.9432030215523322,964,5,0.008033332712241605,0.4029797936102826,0.45408186852248295,0.9167326137800861,0.5410503001710782,2,4.513765896153471,0.00013201702154433273,4.665787126206394
565,0.9429051825421709,963,5,0.00530142051466986,0.40477921980023623,0.37795437985430735,0.5961060813493281,0.6558441424556697,3,4.88478484485539,0.00027997283742565076,1.1280419429052564
561,0.9428939416605024,967,6,0.008241561108259597,0.403780779983041,0.9549474174906426,0.9157094079369679,0.6580163142720021,3,4.714429521038066,0.00024045557427768326,5.851055767284192
566,0.9432666158671905,960,5,0.005402600368089958,0.40841741437365364,0.31449141282097726,0.9128306923712984,0.6721378291520852,3,4.919013602565951,0.00031385053854635824,1.2102095828558532
568,0.9428753734897993,967,6,0.005012087329348337,0.4500593911529266,0.3194904046964651,0.5957890495762778,0.6959337663158133,3,4.990713156278033,0.0001432849472249756,5.1386681077657945
564,0.9426979844246528,999,6,0.005011851190236213,0.4335549250908216,0.3182502324161532,0.917682011669873,0.6572322831058064,3,4.866091174524898,0.00013910640063853968,1.3123498501724655
567,0.9431889900182098,964,6,0.005968914549054393,0.4119038404363266,0.4810926378322445,0.5907808227968628,0.6704530446635572,3,4.896884096024071,0.0001308505296633114,1.3754899255482638
562,0.9422706566359305,965,6,0.00787671059059126,0.4022520830702129,0.970426065596496,0.9167196716669916,0.5829717526670921,2,4.716859054418214,0.00028841929983962475,1.3553832581775425
569,0.9430199144674415,999,6,0.005369209572356805,0.44847850863984556,0.9641801721669913,0.9104872966828698,0.7051699953596096,3,4.856698586487005,0.00025326579539393764,1.323044189658771
576,0.9430147610486618,920,6,0.005993806250001447,0.4455666613129612,0.3556207775414605,0.5820372471050397,0.6688590570266219,3,4.852851307578001,0.00020290998802039898,2.678747357090679
570,0.9433930478689987,917,6,0.005321200428392305,0.4472890580257593,0.948077196635963,0.9761877646626231,0.6938129691045691,3,4.8449962845154495,0.0001286430651661204,5.267831683596731
574,0.9429560362866638,923,6,0.005990251110704572,0.47168607952800606,0.326758216274333,0.9799388947889506,0.6942967595763962,3,0.8639466022232877,0.00013061567906524587,4.774076723292607
571,0.9430678538899535,999,6,0.005358346706375043,0.4422442691899068,0.966969032067575,0.5791751716379157,0.6770722515784022,3,4.875778323532192,0.0002773328698944229,1.0781376165187448
575,0.9428427236909883,918,6,0.0060181356267606555,0.4480162936216658,0.47952346047705335,0.9769715104959538,0.7091992879135351,3,4.7338445012250485,0.00013992485552544306,0.8049334489324382
573,0.9432895954395104,919,6,0.006034182572541365,0.4504101578079525,0.9432106850916444,0.5893122288474056,0.6921006936143541,3,4.863918734883251,0.00014075836241000928,0.3300842696162567
572,0.9429103380482001,917,6,0.005959663292627258,0.4500783440092958,0.9684555712837538,0.9789477336451553,0.7018882358745968,3,4.782605145451663,0.0001338609399352544,0.3268226737355387
577,0.9433159260907491,927,6,0.006015351022162656,0.4494240204652017,0.9723669911110367,0.9763984238846456,0.6978288347147447,3,4.846439771906761,0.00020563901411697316,2.7812139777854177
578,0.9429558515650918,1000,6,0.005991383998390815,0.45000238124126646,0.9628533141490533,0.9754662105113564,0.6852076354859022,3,4.857260166881031,0.00018038063500869017,2.7239534514985655
579,0.9397397947227782,916,6,0.02569842480810169,0.47216494694813865,0.9420715333618603,0.9731465618319827,0.6948604361597341,3,4.795998256525399,0.0001744427760342992,2.6530917565871643
583,0.9427817551358807,895,6,0.006642583269120949,0.474325873015329,0.3680419378732089,0.9507580027503485,0.6398126488692147,3,4.730053405068912,0.0001712275833315595,0.8119674566467606
580,0.9432893574930782,917,6,0.006015555612619843,0.471069606548455,0.7216997627213602,0.9741971832899201,0.6931300272859748,3,0.8361505961753364,0.00014778672920665015,4.832075261310406
581,0.9433957101556143,897,6,0.0060720195039883785,0.4822750405148772,0.9426163890498439,0.977285132366009,0.6294306034573114,3,4.642709672175109,0.14271519095673516,3.149845766846881
582,0.9426325501994441,899,6,0.006738025226339062,0.4744108626855644,0.9427658308320294,0.6281712542587318,0.6494949264247566,3,0.584144199364207,0.00018609841352579975,2.745818085238998
584,0.9431934243795699,946,6,0.006573746961563723,0.47481951126398564,0.9511504878361581,0.9459158398528511,0.6443039300155889,3,4.775503882853906,0.0001825830008924088,3.004503552415719
586,0.9427406498897316,949,8,0.006841629248041386,0.4737237786339509,0.2872586846862999,0.9496760164211936,0.6448936763487592,3,4.684538024833011,0.37707616200216043,2.6946909087816002
585,0.9430914643334057,943,8,0.00655876283252151,0.47594584935100587,0.9407026683502518,0.9515549672537863,0.630510570935384,3,4.604919142685588,0.00017008759757215859,3.150722252859429
587,0.942842440868694,942,8,0.006680756798042156,0.475449697277334,0.3781441123036317,0.9500086269390214,0.6468226825340557,3,0.5841895998090599,0.0001966786369249836,2.8853182209196513
592,0.9425811161996165,947,8,0.005008894421058496,0.41902102353320225,0.3372943764291804,0.6290001043096982,0.5063430539446488,3,4.572690566205455,3.766903006081247,6.869174983692812
590,0.9434715894986558,943,8,0.006743443192241729,0.4700827415729806,0.8169198716384712,0.6316868160250954,0.6265189699868052,3,4.643589084567099,4.17111451796294,4.260366864771804
591,0.9431122053307389,947,8,0.006770557374498775,0.4874548113174403,0.4005124990168906,0.9486006842504076,0.643605027329522,3,4.6279547571224215,3.5291431764606163,6.765799278371841
594,0.9425305327539213,945,8,0.00502135413806125,0.49724042300832444,0.4143875483891403,0.6299953649555919,0.5392898143036093,3,4.611041807372503,0.36739094881498413,6.542334370758721
589,0.9430727417062466,945,8,0.006700664359543062,0.47363066291218114,0.9886640356032447,0.9429159378618002,0.6367970196544717,3,4.631635648716877,0.4101302991734695,4.635022930669596
595,0.9427980680336022,948,8,0.005505212845377718,0.4196075948961946,0.4130880655618183,0.6378673108850815,0.5289652742322456,5,4.479357135199222,0.000387500375899248,6.522505289754211
588,0.9431813099840257,948,8,0.006671741169371579,0.4761472348413456,0.9916193478319311,0.9507170383828345,0.6384848986415409,3,0.5906588907537937,0.0004171942157058599,4.748583662892802
593,0.9422568515683686,945,8,0.009090352355309968,0.4918548999276051,0.9214457762826548,0.9384137888519634,0.531573060658131,3,4.990126219460311,0.42525877998897144,8.100977731878158
596,0.943260890542074,946,6,0.005520458371259934,0.3812002493037475,0.9940911395626919,0.5652535497853007,0.5389068577005712,3,4.474494932740593,0.0003895272231088426,6.496437727300902
597,0.942782910428426,981,6,0.005545429301371807,0.4199077390096541,0.9940787172290264,0.6348573227742932,0.5315512613447209,3,4.487604876647257,4.392226812805174,7.025858378419445
598,0.9434250662748649,977,6,0.005487225959207587,0.3750897589650574,0.9201912863312004,0.6470469524221717,0.53622619889162,5,4.298838498471271,0.0004156717741344182,4.5011924610480305
599,0.9422392080491517,985,6,0.009058429610184287,0.7067475649356516,0.9171023389778744,0.647874576161406,0.5291000727373373,2,4.3744344092748495,3.345894812270507,1.925415049878649
600,0.9432557882609045,984,6,0.005707084496598154,0.37700940623688245,0.9222578753450809,0.5216433035969271,0.5330613069762371,2,4.990466924646927,0.0004381551510129271,9.915011986850585
603,0.9429356542962282,981,6,0.005530407734425848,0.37515016276981783,0.9251519603690455,0.561363742178268,0.598724221221661,2,4.979685300832659,0.0003548722926887366,1.894435410460229
602,0.9428107094596209,980,6,0.005474643133837547,0.3783008110655465,0.9226591593807216,0.93725873233828,0.5260144883799942,2,4.971898388799068,0.064982184481356,0.004312183898558416
601,0.9426649876206282,977,6,0.005561194101868333,0.7055924593748419,0.9222109954945437,0.9334928780623443,0.5313249284089065,2,4.999327389783904,0.0003839689487434164,1.9769846814548246
607,0.9429394530901446,855,6,0.007523527894751885,0.31367801404571116,0.9246791793358946,0.6508417801391112,0.5940733448153045,2,4.290862355401142,3.1635626677047175,9.98733820276022
604,0.9431512024549894,984,6,0.005558718813021526,0.37932705148377516,0.9243358659263103,0.932066602338491,0.5947509514675697,2,4.918647124584534,3.3592275710676835,1.839606354964791
605,0.9430282686831835,845,6,0.0055950975458882255,0.38551077262929717,0.9257898260517916,0.9623960383843252,0.5914325427992698,2,2.3692646571021374,4.943872358526361,2.0844309777398964
610,0.9431203936101532,894,6,0.005000920008675166,0.39847299355243004,0.39551111721403176,0.9346095067150076,0.5987370806371997,2,4.918745132623912,0.062447608304591555,1.9118587684416937
606,0.9429994635977756,980,6,0.005592967959588672,0.42585960133213413,0.9297699494341332,0.9343543065084836,0.5979911129022041,2,4.91631038106185,4.591104733811591,1.7531921900921106
608,0.9418256164487608,856,6,0.00739948261952614,0.744692924784579,0.888248972450811,0.930281012299194,0.5958190565071224,2,4.921249735262895,0.06450161565978353,0.4463951529130761
609,0.9428334709143777,977,6,0.00746832322711429,0.39058897199283193,0.8885920499876144,0.8815737200692965,0.5998247106756414,2,4.788590272462341,0.11534090577966964,2.1048954337895003
617,0.9387457395847871,165,10,0.0074105768778182125,0.43190370363571084,0.7411935716986612,0.6154025237531336,0.5714203230830084,1,0.3405824281877017,0.9853655864781417,3.459768130130508
611,0.9428514056048867,893,6,0.007507845164275164,0.4341910717110454,0.849445780167856,0.6182665716855319,0.5836028265176286,1,4.768698430937975,0.00010526638613642963,3.674565545974061
612,0.9430635223256265,856,7,0.006171808943976495,0.43566860805306956,0.8867689392062083,0.9321542779968032,0.5867756000106588,1,4.888796813865144,0.10189465969705934,3.7599116414343263
613,0.9427233893807806,903,7,0.007656643850785759,0.39693076371531355,0.8442208480611654,0.89732846601872,0.5816337021322785,1,2.3415134486891267,0.09909044239748883,3.676257010591881
615,0.9431631216927142,898,7,0.005015257513740298,0.3977048041445801,0.8895212239875326,0.9617699370921678,0.5774859539531422,1,4.775594660995063,1.0120005660290654,3.418458460390887
614,0.9429928866749018,896,7,0.005001660915359313,0.43245792746086253,0.8912656320074507,0.9617085612624146,0.5790670386070547,1,1.5528553320230953,4.647499614832433,0.03161972348351813
618,0.9430992299448155,1000,7,0.007421842740763801,0.4594954492291452,0.8187298709120508,0.8957146549266499,0.5778138141881661,3,2.057642928344514,0.16952294418296032,3.7067584801997424
623,0.9384111008021863,473,7,0.048608323410569095,0.45475774942358915,0.2835292877339576,0.8989063600574806,0.6208754200993643,3,1.536797858483103,0.14566182253717744,5.303519907470282
616,0.9430468013706467,896,7,0.007522868974707456,0.4580852592864348,0.8897587090733962,0.7604795891487618,0.5762449399320168,1,0.1771008496016968,0.11534446971810705,3.5725800350774133
622,0.9428062051754059,929,7,0.005002307602899955,0.4583784852558254,0.3451964139423755,0.7639861485883488,0.6204682029076484,3,2.0518347594065056,0.5700826129037163,3.8877379460634955
619,0.941412039459116,927,7,0.00629980317316499,0.8820636839590439,0.8489012266433765,0.8905284620174669,0.5778501497184942,3,1.5445897818442662,0.15866643543703896,3.797396052627147
621,0.9429621498401699,1000,7,0.006177356517550541,0.4549099565012542,0.84706373870041,0.9010625935029452,0.4956899502328681,3,1.6368888615115278,0.1735919889652035,3.892523388081848
624,0.9428023782036226,804,7,0.006320765124791692,0.45794229688216387,0.7021017503349228,0.7605092693743831,0.5031990781516693,3,1.617273104542191,0.1549436801769797,5.402593142841071
627,0.9430990191326256,961,5,0.006173283225328691,0.4141069781326371,0.8511658926821913,0.6676258821764193,0.5021431289038175,3,1.542367762409714,0.5503083608181621,0.012548753646054789
628,0.9430365905465594,932,5,0.006230822528401272,0.4959014255888403,0.8435122007891658,0.6778988226377917,0.49331100247741233,3,1.8487550535562154,0.00026984469600449583,5.103549790701927
629,0.9433000838677683,962,5,0.006109207371151863,0.4574934953310777,0.8512058467340373,0.6700620143636207,0.5057786857382491,3,1.7976372434266246,0.5437360329785065,4.868675200196085
630,0.9431795911341411,962,5,0.006251325261243177,0.4993774464044692,0.8528757424341686,0.5987567934213321,0.5070859246348968,3,1.8040486721749986,0.00029009342607509025,5.055756786660817
620,0.9425880730018819,932,10,0.006447756657792277,0.434150198662311,0.706955599413891,0.7660672668423694,0.578892711072435,1,0.3316340770272384,1.358038458359344,3.674678875730952
632,0.9435390133943595,961,5,0.006041321778859149,0.5006539288535478,0.8330679045710822,0.5972211087801118,0.5129557542367599,2,1.9616887319047303,1.464730959671887,5.554619247617153
626,0.9432231812507063,961,7,0.006235066121939547,0.46111720125948036,0.8149714130730139,0.762199042776483,0.4971325871196418,3,1.8053792885499065,0.14859491530808736,5.345927267299477
631,0.9428921841965039,965,7,0.006040648550378721,0.41033523574557046,0.7056175578892623,0.6765641910203976,0.49661340052877057,3,1.7790557851022377,0.0002882122647658973,5.272247860808025
625,0.9437880472953182,927,7,0.0062129444542309625,0.5045321437200951,0.8168237950485814,0.9870350186518984,0.552654999039247,3,1.5790121517855211,0.16176932185374196,5.204835609794249
633,0.9433395161835195,964,5,0.005929664166281861,0.5025104801393407,0.8299750895784275,0.9849536151599668,0.5504831830888008,2,1.8078888233370092,0.00026082336762885925,7.903817720979116
635,0.9430051200436619,962,7,0.005698931092738555,0.41289432211294386,0.7562805598834609,0.431143884826745,0.6733465909312625,2,1.8157418043832891,1.404837348203083,7.723508904161317
634,0.9430205354241394,963,7,0.0058529725031857705,0.5059761652672125,0.8188268223910193,0.5945894789526399,0.5571685796761177,2,1.8389069930494906,1.3871651340888902,5.661279133248897
640,0.9383664023561874,928,6,0.034099145244540045,0.49234415934823994,0.8733864029942486,0.6027985967066506,0.5475895038189753,2,1.9684941455171323,1.4123776486848059,8.431645006169239
639,0.9432059760538642,957,6,0.0070211695667781494,0.5085615782464645,0.8291150393678924,0.5964914268507904,0.5502300359135297,2,2.1449000035091927,1.3571125940011388,7.984682832840698
638,0.9435483580099439,963,7,0.00580390039688031,0.41383526040244056,0.7560228695436497,0.42940623960206464,0.550872671677194,2,1.1367377912908216,1.4141910102060975,0.05140008690190459
642,0.9429811646822456,909,7,0.006853833920838927,0.5094629204086576,0.4948041841690575,0.59498400753965,0.5484918725275838,2,2.1608786963240987,1.3676382883634746,6.8070202326965985
641,0.9424845736092818,913,6,0.0070928114524317935,0.5057678965210833,0.8304437581191652,0.6003278534515273,0.550647871833879,2,2.1762616870598563,1.1111423394984334,1.0683961991028756
637,0.9425591145036428,964,7,0.005680282557091012,0.4133833387977992,0.7602689171228686,0.9625505571182861,0.5518103071798562,2,1.1544933826956025,0.7992384844544275,0.0010056305120663717
636,0.9436631817741883,963,7,0.005731789885827996,0.4922009289924492,0.8154699394248692,0.9634852809495436,0.5524083633537269,2,1.1814810767235122,1.3677626708288435,7.559658598651212
643,0.9430817367075557,911,7,0.007024676450726654,0.523338698755661,0.8741969920150491,0.5732346936900108,0.5160877073135381,2,2.012680188979761,1.33763199906512,8.344512464122195
650,0.9433913488479833,884,7,0.005675015785136664,0.35656997530610685,0.38801998373288804,0.613890015153544,0.5177749566145484,3,1.1148327561929465,0.8714944988854448,6.439692718310152
647,0.9423511263622251,910,7,0.008676056659826396,0.5504423577406732,0.499198624148919,0.6149860796188711,0.5225641626726684,2,0.7560969283323753,0.2087390328888627,6.1823374146793855
644,0.9429267166942777,909,7,0.007112946488139431,0.5221943754031734,0.8719599034427669,0.6144628756731446,0.5492859782059504,2,0.960272521573726,1.0355617132910577,6.3681581179748985
648,0.9426728069787099,910,7,0.0068720992990720636,0.35758902716564356,0.8108238233154731,0.6204541217642023,0.5152166071723822,2,1.190087090163516,0.8005535418082614,0.053410426138731995
646,0.9430464131422573,910,7,0.0070960873511147085,0.5634733724105863,0.8736897005198193,0.6175833065404949,0.5236519629263565,2,2.049043549937834,0.8822805791513628,6.337382916073625
645,0.9430048153052489,917,7,0.006906526855494175,0.5812139742362704,0.8710112396938335,0.6162685410847971,0.5196040192045486,2,1.9773753561640461,0.7467331562130883,8.344633600367462
649,0.9429255718379794,918,7,0.006859378868041232,0.41666553012762014,0.816760409665544,0.6213594846247901,0.5218370519731825,3,1.1517561475797726,1.0219011996971468,6.243605382540463
651,0.9425104074951622,931,7,0.00673925957946991,0.5481548528936536,0.7815784803933694,0.6188283911031309,0.5143090879361466,3,0.9995881880010822,0.9074894288363589,0.055333330700479404
652,0.9433147332277144,936,7,0.006659658546477412,0.5217445489376216,0.8095850356188349,0.6127253286629505,0.5149153273647797,4,0.9938621593381096,1.0304268854788816,9.829473388190578
653,0.9431610511413048,931,7,0.006563685950028388,0.48655014187295725,0.809799454048545,0.6502943821497331,0.5105561154460785,3,1.1505803363442118,0.8474765695433137,6.129951051666933
655,0.9431026185942237,933,7,0.006466094590406317,0.48578182475371595,0.8150579689368324,0.5744762654947042,0.48232158178002704,3,1.016343481257309,1.5954393253407415,9.842446822305286
654,0.9428088069317887,931,7,0.006552128442885193,0.545959355746801,0.7913228521422482,0.6278946014775434,0.47827002734591517,3,0.9513786255453925,0.2906963976425026,6.607713308395584
663,0.9381738149845014,205,7,0.0058327985844155265,0.4883423177622053,0.7899637512765308,0.645977446172873,0.4822842298467829,3,1.2536850442471794,0.2668160859822961,9.85896250530935
656,0.9429770799351609,935,7,0.006424787184333185,0.44308368171584156,0.7859841708336841,0.5756392222806085,0.521999608804154,3,1.169212419313211,0.9721250016364317,8.025391136635552
657,0.9433458468109637,933,7,0.006469476139026407,0.48812213119971304,0.7896345031519839,0.6334594578628643,0.47043174686803146,3,1.0202573461465623,0.9982715959622929,8.617289524891806
659,0.943264238490119,933,7,0.006269740604739505,0.4882909600399411,0.78098376398766,0.6493040888889561,0.4662848592295399,3,0.9836712972495443,1.1275515945186843,8.528516316978203
661,0.9322339983790003,932,7,0.10072939761662032,0.48682964589118294,0.7883927530185478,0.6567378061529598,0.5654560465796158,4,1.2901805527299826,0.26685378685400984,9.063241457075813
658,0.9430457994909324,934,7,0.006414864965618236,0.4881955016542366,0.8099148831735988,0.6571645518799775,0.5636543101208908,3,1.0729700180319444,1.0973651422752317,7.773274843686837
660,0.9433944755475915,937,7,0.0063710382704179926,0.48049756252239534,0.8146460265997779,0.650227746699369,0.4804448674474069,3,0.9950935308649128,1.8228502371621398,9.51616255433699
662,0.9429273199093557,937,7,0.005870768269689888,0.48615015223365227,0.8129975674383619,0.9860354413569995,0.5630223203253728,3,1.2659704834583498,1.552278186557516,4.586332482469473
667,0.9429407200505331,952,7,0.005357373717533742,0.46961616527796274,0.4632300004225896,0.5517170228506542,0.539057097580473,3,1.1016971769358954,1.8160071799025768,4.545863574354468
665,0.943122672886503,951,7,0.005859233267847386,0.4397474641180371,0.7857493631182279,0.6486704026859881,0.5421587174602452,4,1.1557276043920182,1.5900505142179442,4.750240765973645
666,0.9431348958190162,954,7,0.005412371462290161,0.4398574307406424,0.8293082269947543,0.6523316216701779,0.5420661929296372,4,1.258198061375712,1.4655779871261978,4.660690446361461
664,0.9434167005792513,954,7,0.005768503158742842,0.4400670002749758,0.8311571064519605,0.6535904423821713,0.5669551955877704,3,1.2081371866522679,0.27351075736311176,4.545167321236284
668,0.9432610345622828,952,7,0.005342556962923244,0.4360671206817233,0.831652680226816,0.5517008038906446,0.5658095440473023,3,1.3632547387232015,1.7144695274891704,4.621609270982014
671,0.9430976843366313,953,7,0.005369446155840619,0.43836392161950155,0.4582659409294089,0.9859360249474108,0.5410687232433875,2,1.2522323666696356,1.6409063253886988,5.0033824962179345
670,0.9432734943976033,946,7,0.005386436018272056,0.46909616957284167,0.4559840147094271,0.5564128306681715,0.9905613125763807,2,1.087330982869276,1.741885901993163,4.62631605326025
669,0.9427521579393238,957,7,0.005383439625401339,0.4398948182279637,0.8322504754485106,0.9877837524953643,0.542921306114068,4,1.3795334208411336,1.6981204510544947,0.07915661078392407
672,0.9431887197194119,955,7,0.005402818748838503,0.4419102109903894,0.8378210062471065,0.9893109001837513,0.5413829615520501,2,1.2950935000163444,1.5685401447259055,4.608787238908564
678,0.939648774994368,980,7,0.019761588867717558,0.40062652790073894,0.8396116412895351,0.5145381215563567,0.6674956141670119,2,4.871239872093541,0.1234168323453595,6.050076978746823
675,0.943329267788943,975,7,0.005413833563196424,0.42187274909952766,0.3576086879179492,0.9971459600783775,0.5623143347301983,2,1.3141991393682502,0.08641356615462976,4.709526666632837
674,0.9433163706748722,976,7,0.005412159700717657,0.4365489926375512,0.6422368192843737,0.9604521054319448,0.5354988916897494,2,1.351611521581908,0.18659740332949584,4.661971701789614
673,0.9430957818087989,970,7,0.005289818708791555,0.42391393746789313,0.8344185953342054,0.9686991974288766,0.5452425659321287,2,4.053507423670483,0.1312524864310752,4.547073405979729
679,0.9435551916644943,978,7,0.005842219292181974,0.4213116318330675,0.36823223074789396,0.9676406719434604,0.719784925228576,2,0.8462885964506951,0.12296822181748565,5.960157886236984
680,0.9434110994454743,984,7,0.005824530593084115,0.42078914819274094,0.8390590849283501,0.5127583647513512,0.6629420286194357,2,1.346896094628555,0.18357696619547706,5.601253779461414
676,0.9435112268866611,974,7,0.005504631302098869,0.4213601750918571,0.8371856443451738,0.9685083975658814,0.667323474988242,2,1.3410792177049498,0.19767688607959782,5.643972598572489
677,0.9430674880994954,979,7,0.005350784379824618,0.42276746392198217,0.8293299750199078,0.9703698612130985,0.6657457480944345,2,1.3413003642405632,0.07870392538823652,5.65483187915852
681,0.9430709362355116,977,7,0.005884426010131869,0.4025660577794637,0.8589245398092756,0.9632252325693751,0.5655010895822319,2,0.7536467458109362,0.1274341723974138,6.278853958033934
682,0.9433050045582396,975,7,0.005001499967850239,0.4165065576554325,0.8564158605570236,0.9671665971363411,0.6150079499376115,2,4.009640437420079,0.12714086459532817,6.033473137949653
684,0.943219402285659,977,7,0.00577984267233564,0.4627288836739775,0.8483695399692267,0.9690509485425755,0.625724416675707,2,4.744108953975552,0.0018794704161706015,5.948446734721705
683,0.9431410490302607,976,7,0.005867066951691977,0.41776796395936244,0.8547491263373345,0.9680926333755683,0.6224163293879713,2,0.7559309169882393,0.19156682367999214,6.161551113488434
688,0.9426057384372175,826,7,0.006043630902388095,0.4021505835719611,0.34327190288772047,0.9550832120401944,0.717002296377585,3,0.8921558773140532,0.12335626173441532,7.3724400242167585
687,0.9427923218359913,987,7,0.005943139936364491,0.4001527014639121,0.3704672670845702,0.9688953621661728,0.7296389221217566,3,0.8028030671291688,0.07736884018364876,6.8733010332730275
690,0.9428104506406946,988,7,0.005009124422825465,0.4042339414901539,0.3654997985223573,0.47925214264634713,0.7833752623681165,3,0.51549394001953,0.09269839593929914,7.38156726768961
685,0.9432473662095567,977,7,0.005964356893635903,0.46523316840479045,0.8559218323732517,0.9707383377531708,0.6721920004933672,3,0.6691734367415194,0.0384708424338178,6.2472732993754745
689,0.9437131275651904,987,7,0.005936643398026565,0.39757566732931227,0.3905110083313729,0.9573196923792155,0.7229532090780102,3,0.8984364093296764,0.0996082998569301,7.105120414121562
686,0.9432659082896425,985,7,0.005846080499599087,0.4559250275831067,0.8566877491616437,0.9508919616975492,0.6237025503365488,3,0.8503048225816328,0.0018124772754363108,6.261744373447382
692,0.9430857838841511,1000,7,0.006087388312561237,0.40554214454585125,0.3856770496350936,0.9557656762942797,0.6822681364094445,3,0.7798304989640148,0.15438977185322467,7.3669998306557565
693,0.942924073192907,713,7,0.006048390993945224,0.4001206684119027,0.36903987204723093,0.9509727706283513,0.7419740865860837,3,0.6419877758249859,0.09623945945832704,7.038130414690981
691,0.9434678851527751,999,7,0.0050018395592513944,0.4012019646600186,0.8582213225671453,0.950974318028385,0.6152379601168211,3,0.8845697051194434,0.10864075176046815,7.337952977501006
697,0.9426229905971709,886,7,0.006235569749581118,0.46115325994749967,0.3075152871403083,0.9387327721212276,0.7441973402159305,3,0.9378915268156581,0.15276147888901245,3.3298923250408916
698,0.9427691210152348,995,7,0.00810541163390193,0.45048918200936366,0.36619917584299183,0.9454838466774549,0.6023185746509543,3,4.8485377704897825,0.14636950386684677,3.359650702007083
696,0.9424732513248868,997,7,0.006205355605299626,0.45199241431570153,0.3679332666350075,0.998914652798748,0.5979678241363883,3,0.5903024344632963,0.10525848707457919,0.13763341403324197
695,0.9431057150287154,990,7,0.006090178104681019,0.40170793774662095,0.39222721019417667,0.9480795402665366,0.8366698800502314,5,0.6363730163615187,0.09978910175860047,7.521535932687974
700,0.9432347310452863,887,7,0.006207615293579853,0.3949793989254141,0.3787290537079134,0.9433010985974641,0.7153802949959687,3,0.8405182475691328,0.10677697251966528,9.611228935017346
699,0.9425079382791168,1000,7,0.006159674550671924,0.38895059172177443,0.3745327408741221,0.9472751257513926,0.7579444085796538,3,0.857162273039916,0.09441356744115723,7.421777347621035
694,0.9433958030382128,997,7,0.006042360380976266,0.3992450058215489,0.8078545956875586,0.9568504613385854,0.6054182560374828,3,0.6106728318569721,0.0433538143295589,6.815880433794334
702,0.9427047658979681,997,7,0.0050476988407972,0.20359793149391303,0.3962928576804729,0.9417356986072307,0.7416990299908064,3,0.882699233174773,0.14326133292594673,9.8764934986614
701,0.9428461822632517,997,7,0.006202473700697815,0.39350221158935195,0.3613575968826686,0.9381162038170402,0.7185416412373308,3,0.8914254507054644,0.08820987401441403,7.952484880026718
703,0.9426250715848274,885,7,0.0055246029213892305,0.36678886367708186,0.3592108598924037,0.9306023656011727,0.7653852521957836,3,0.9065830168115352,0.21947105050014157,3.851471918789006
704,0.9425570178616158,873,7,0.005627612990950272,0.36899667678270714,0.4095037376618698,0.9234788638993564,0.6894422048901977,5,0.8462671370062322,0.09897148244632122,9.748628223571663
706,0.9426907750652094,874,7,0.005573240922009324,0.3684111077340169,0.3886721994214543,0.9267210848647952,0.7171892741537582,3,1.1290575289602331,0.04838044518281251,8.033374123903517
707,0.9421905104332936,861,7,0.005530696813523023,0.36561454400533205,0.3459968316464112,0.9211303896284349,0.727517275110518,3,1.1323834388074423,0.08148447672894635,9.69591404529041
710,0.9422270999153559,839,7,0.005533330044707779,0.37022160251641256,0.20140837494784428,0.9226851407136498,0.7603870691179149,3,1.1569897394713962,0.23329161932794998,3.99650675697687
705,0.9431617451517319,999,7,0.005578906332400511,0.37092503071860156,0.39212957371665524,0.9981129720802959,0.719139841535959,3,0.8258772649682771,0.09643698523217675,8.298921385503458
709,0.9430204446287902,842,7,0.005013180887298676,0.3765956564389549,0.4081992938346728,0.9250414238283902,0.7263732685921074,3,1.2075797522070209,0.04557172495785496,4.099275394085842
708,0.9425464438561322,1000,7,0.005572694842791137,0.38823924626660256,0.41289353574181054,0.9266861068009962,0.7019225182913608,3,1.099189737493827,0.2113085870947795,0.009123765233517406
711,0.9426568165610216,867,7,0.005601909260844977,0.37452466127313283,0.36759792521709206,0.9200654355852373,0.7486192380257116,3,1.0776858960142597,0.2251879257436887,4.024158630159195
712,0.9433935289799864,863,7,0.0055757402022437366,0.3804744495476876,0.40398098062245014,0.9135948168216635,0.7585029738418664,5,1.064019699513136,0.2253403611408122,4.003005042244817
714,0.9431306127832378,841,7,0.0055347455061142805,0.3728477734243132,0.3464874438876071,0.9843065022717716,0.7369108623870453,3,1.4950481491776189,0.1734317369703881,4.1832844446220205
713,0.9429098642425853,945,7,0.005588200681955824,0.3455999868223086,0.3968848402289484,0.9161229333378927,0.7262917230756694,3,1.1052193961414227,0.17480233967613829,4.09716089122046
715,0.9426915671763583,842,7,0.005002586137347955,0.4167443454872398,0.3922613678681407,0.9829898861419856,0.7602089570699077,3,4.9959754812894355,0.22672226277279395,4.749200252755228
716,0.9426560119263762,946,7,0.006759152931836302,0.3865356379957103,0.33493140412523786,0.9766205058612195,0.7092036394501043,4,4.998220100205724,0.19364722841905804,3.832439110119113
718,0.9428916874311455,950,7,0.006754143716000061,0.4239463452394171,0.34611366223476525,0.9823183818589267,0.7322689532676626,4,0.5060369705875764,0.13621515377085208,4.075161255193468
717,0.9430629097179264,951,7,0.005010274030333901,0.4224981060103771,0.40564176223080595,0.9864237610914185,0.722797861521605,4,0.7185679721618885,0.17670655728919546,0.2533856211240878
719,0.9428756949262077,961,7,0.006784073520530842,0.4207924331243947,0.34186460381764244,0.986833935642096,0.7084730061558725,3,1.0115941226276897,0.31438920819754146,5.29442858491976
720,0.9427004306809549,946,7,0.00670720694798044,0.4212991176131739,0.3313452171786836,0.9824612736097093,0.6799030165334489,4,4.991994708674338,0.16920350177119478,4.946259997529225
724,0.9423721428764796,563,6,0.006816886021650791,0.42053295395823154,0.7639878226880018,0.9694619568332266,0.7738776452753819,4,4.985785625655637,0.34306737411132016,5.457695598126575
722,0.9417911789208349,950,7,0.006822576236225479,0.9793102865165761,0.3280430864384894,0.9749846034050457,0.5832056324318357,4,4.97843659575127,0.1624094601084723,0.0020788420741828803
723,0.942637833027687,951,7,0.0068111750862245145,0.42229496115440324,0.355043865973201,0.9767633350745069,0.7051937292767472,4,4.991372615824658,0.0005687441145658937,5.315042855391896
721,0.9426201999447171,948,7,0.006773698218986749,0.424849120800941,0.43973398554175397,0.9867491913986162,0.7102513737738895,4,0.5255054575757475,0.33881783552902806,5.260913556022881
726,0.9344108038283411,959,6,0.06245937222411824,0.4314224291768738,0.32881852696030767,0.9841534543598318,0.5854859447781195,4,0.28630682450471984,2.172621497192815,5.211463393884656
728,0.9425713447415289,557,6,0.007127459740101569,0.43043328227057737,0.4312572079783631,0.9618972708993038,0.647438798645243,3,0.3556058856938426,2.2192739502608627,5.160852346243609
732,0.9415636812592325,289,6,0.007581608452933085,0.43875228337094013,0.6849033497086848,0.9665335441699238,0.6469477901965766,3,1.6508472128305371,0.06805377380087062,3.084634027547022
725,0.9430190748713685,952,6,0.006713835771599051,0.4265133606487593,0.7349202963282216,0.9861342365061829,0.5815780265437336,4,0.37028734824489495,0.13350354792230187,5.759344303502325
729,0.9427342576884301,917,6,0.007082542373662292,0.4314807028387648,0.32168922543659706,0.9622482554882892,0.6469437684671538,3,4.87606794316632,0.013064625392517867,5.717777903686892
727,0.9431991016979502,917,6,0.007282961207976213,0.42687590399662156,0.7302703691684141,0.9997899392703291,0.646350317630908,4,1.6369238594684128,0.3457288560150597,5.592144488203182
730,0.943122879524194,919,6,0.007641446616417785,0.4389076266321269,0.7685516127472597,0.9616484297147065,0.5810953235262059,3,0.03120342495720496,0.06576291501067538,5.861165179281489
731,0.9430412451127316,917,6,0.007676724534462073,0.43739689571412915,0.8167348614314758,0.9601479319408491,0.6373312176301144,3,1.653689910769669,0.00010299257316431373,3.2592089303406966
737,0.9438055196600839,922,6,0.006326101400764247,0.46452545595282496,0.8016390326347539,0.9024776454029239,0.626701392458724,3,4.8157395846624205,0.13083280150354779,3.194573263693797
733,0.9429875777560411,919,6,0.0075425724298211,0.44516284955263946,0.8222971838952551,0.9594520103364579,0.7996244802190421,3,1.6270154895388595,2.40440833669114,3.127912923989773
736,0.9436175482404561,907,6,0.006286012954183038,0.4551412751701201,0.8199000535556088,0.9994076739243475,0.634448483017153,3,1.496704244158722,0.06874432160494048,2.932011517741363
735,0.9431844940829924,915,6,0.007304570001038402,0.4500132714302711,0.8180031538205581,0.9620036071161664,0.6429316890644187,3,0.08149754625298256,0.0007267411831643952,3.1415706011148616
738,0.9433191801125709,921,6,0.005988386562258331,0.44536867531896446,0.819281454758641,0.9534400854508716,0.6273849118429405,3,4.873046337992644,1.241504727690763,3.0582948839443636
734,0.9428539050860486,965,6,0.007937259073856416,0.4445977379428288,0.7993944826102213,0.9627886684397171,0.9616527497528875,3,1.5071706603009065,2.076429184928265,2.993683022390471
739,0.9427120796198818,924,7,0.005979047149476441,0.4500327429058432,0.8181608506124152,0.9476269043337329,0.6061577679686995,3,1.2318204304635612,0.0007872958110069273,7.808162895853129
740,0.9425307529587335,922,7,0.00593541375168476,0.44694422348804463,0.8012512880011715,0.9459028584895246,0.6233783947764752,3,3.5967003094184067,0.0008651977758847401,2.8388756668603796
742,0.9429310373005453,972,7,0.006163508654689242,0.45185711621725255,0.8060185079725901,0.9040152278736675,0.566145701631664,2,4.852839134223926,1.1763917331978337,7.158823810363649
741,0.9431990860435796,969,7,0.006169277631235032,0.45533494264080265,0.8044629101807825,0.9497149247144252,0.6022612250784252,2,4.810209632875138,1.2421376515235616,3.129356797901358
743,0.9433308092226284,970,6,0.005859384497516557,0.468630419793155,0.8015848408382938,0.9456516056489861,0.6330679719428411,2,4.812260200013092,0.13315675419482267,2.8397760860517667
744,0.9428115871479956,975,6,0.0058633969986628676,0.46158726584798127,0.7748443175556887,0.9372945479776392,0.6269440432670391,2,4.805867954994447,0.1140227579398448,2.4976551926364854
745,0.9432600045047016,972,6,0.006296685189266107,0.4682498177275108,0.7774935058710065,0.9998221031689385,0.6294401450721621,2,4.737150719697973,0.11495376985708067,2.6804713882353814
747,0.9430236871707404,968,6,0.006315899205634067,0.4652338944779197,0.7930734369056274,0.9858140068317437,0.6301219060445687,2,4.73059792769454,0.0784423662370665,2.483850980038365
746,0.9432110094558034,970,6,0.006160682155484447,0.46638477915957655,0.795709926060385,0.9968820716467005,0.6548059029517121,2,4.798204969468686,0.05611425645614311,2.5219399682314054
748,0.9429280034835358,974,6,0.0063323361718246405,0.47127588201478554,0.796113125368935,0.988255607137909,0.6230893135292659,2,4.757302549363218,0.07910106376963931,2.5228035359614696
749,0.9432400253534011,970,6,0.006180565648031239,0.4706311723116873,0.7676312393540222,0.9900327396495734,0.6246113344172451,2,4.751172805775959,0.1260692134842651,2.414301003117225
750,0.9433311390080343,969,6,0.006357883000716393,0.4685208164791824,0.7750056054342686,0.9935670578612761,0.6305765908697848,2,4.684695245070123,0.060449684465608465,2.673679437916024
751,0.9429079909362447,972,6,0.006360003460460293,0.4656300507493127,0.7672345314388588,0.9964955811982612,0.6275343082544611,2,4.747985572199428,0.07651191463120957,2.457048147751359
754,0.9431223097051065,809,6,0.006458207498029555,0.473866325439167,0.7620243497199056,0.9959174119135423,0.6533007159497841,2,4.674895151031052,0.07719080823739989,2.492881072564195
752,0.943697501372523,976,6,0.006353825727170544,0.47321290340198974,0.766913218934933,0.9925566110858379,0.6222108777420875,2,4.703918160420566,0.10897839938908149,2.5762883343442913
757,0.9430721437092922,900,6,0.005446673169003051,0.4710541264497231,0.7968667260665812,0.9981751286649709,0.6094360636005289,6,4.640024558913891,0.08556520871636762,3.5622709665035526
755,0.9431724297814339,937,6,0.006422233112292816,0.4955620851233017,0.7968117625630192,0.9938794698997278,0.6492286857385023,2,4.650875970869217,0.061953077381457326,2.3019547018880013
759,0.9429250239350108,937,6,0.005321633056962967,0.47953154740206927,0.3823339047610019,0.6317699424591322,0.66285130277876,3,1.507185781533836,0.07137224141430065,3.5833893534148547
753,0.9421248351307787,971,6,0.0063653388640281475,0.7754318021755786,0.8255221469370554,0.9994869160722639,0.6242049043083652,2,1.4810145297264379,0.1166364376560256,2.4621668376957397
756,0.9433695997091878,936,6,0.005284607981161626,0.4724161228681327,0.7659652803798782,0.9993180413385897,0.6574018739537816,2,1.4873507799635155,0.07670102013250668,3.8623889538318394
758,0.9432303947846483,939,6,0.005338097809496555,0.48535243899532643,0.7702737053425195,0.9981042020809263,0.6765997547282624,3,1.523607696091037,0.10756730000491511,3.5848318094031457
760,0.9432508915738012,929,6,0.005322974447411125,0.5010210746687089,0.8213099269679743,0.6359511805885409,0.6617021351126654,3,1.5049613378849083,0.11553918114457877,3.6283088598256628
765,0.9359285837597427,938,6,0.1267830707916438,0.49711711787751023,0.8186315820593212,0.9740267724542551,0.6068672640692281,3,4.546920196449809,0.1123102908562918,3.63654691039147
761,0.9429221852758205,936,6,0.00526945621238427,0.5010343074252054,0.8210041213139897,0.6330951379110497,0.6571305236606828,3,1.4852224609862734,0.15011817616890008,3.47816212226491
762,0.9429435900184643,936,6,0.005279295528741454,0.5034049419405252,0.7865812316126537,0.6397452091615251,0.6113986711383658,3,4.888392879623642,0.10419884712769828,3.585098296055125
763,0.9434601936387192,936,6,0.005506341202768693,0.5131870999269259,0.81830003019599,0.5873963181712762,0.6753167924535832,3,4.572816191779598,0.11154700932930364,3.780952408802763
770,0.9316638437662095,986,6,0.12372385213779734,0.5055906680412817,0.8133680858998305,0.5886874669672217,0.6019425453007415,3,4.842947339927062,0.10344847464525785,3.142553131701747
766,0.9430927511226637,900,6,0.005283617122577291,0.49889934841130723,0.8135135443767001,0.5876009893480728,0.6106220178439619,3,4.510544018402059,0.11664194384193116,3.5061757805102722
772,0.9334870331613627,623,6,0.17654783183186692,0.5283811236071971,0.42355841247325166,0.5791753925185031,0.6096408370630977,3,4.498167976770891,0.1319011920665327,2.023232852948345
764,0.9432533649643456,939,6,0.00550407818991029,0.5041224505680096,0.8179058396064324,0.5904738997029864,0.6571316599341325,3,4.9054710102043995,0.11739635825762386,3.524730023631501
769,0.9433273297778708,896,6,0.005725967675279637,0.48010381754956366,0.8190145962195954,0.9756069941900792,0.607709599609622,3,4.566374363050033,0.13430511880299698,3.3892376505302857
767,0.9429642016063345,934,6,0.005291538060685683,0.5072214476775088,0.813439684262078,0.9726515311399023,0.6075504016593893,3,4.578689804902789,0.10952847075450993,3.4982318213951737
768,0.9431253967469759,983,6,0.005008777005511815,0.5043154500801623,0.8227857564450601,0.9792047270887527,0.6126189708752405,3,4.530824263721771,0.029303595977857855,3.5443700380034286
771,0.9433845089316846,901,6,0.0057652926431372405,0.5196834740143456,0.836878697415793,0.9757786106255604,0.6051570220110198,3,4.587735845679221,0.13695178357565024,2.015771580562108
775,0.9432014936857678,898,6,0.0058295900974558255,0.4843278593548768,0.42317614910542295,0.9769238854087128,0.6120901853909924,3,4.484263126657795,0.1428220495654829,4.377031640146724
773,0.9429078500469099,986,6,0.005824747053307616,0.48025752736519434,0.844033715687051,0.5808823132443381,0.6824542441484225,3,4.553554687396224,0.14040183253090815,2.091886109590561
774,0.943088367898914,906,6,0.005003094952508675,0.2562638394899001,0.841074351457101,0.9748649435062314,0.610090703234974,3,4.515451679257066,0.13160076893947745,1.9403681386388327
776,0.9434437982946463,905,6,0.005786525215858138,0.4820348268402297,0.84858049258509,0.9738128629979562,0.6848186782315926,3,4.8798898777329764,0.1273478297666967,1.9607935468767983
777,0.9437178489233435,986,6,0.005749213337668532,0.48531757625282185,0.83409255303326,0.9755134282700623,0.5892670772072324,3,4.889124036598031,0.1408856093162181,4.139212091789506
778,0.9433730541069523,903,6,0.007148011989874386,0.47908794957145845,0.8414971005274076,0.9768069539409231,0.6362295005439336,1,4.652538871183667,0.15924655676024513,4.4715330783374805
784,0.940072012817882,956,6,0.022180445602661976,0.45246151604488544,0.7448969680897913,0.607282051934285,0.6369573642346987,1,4.8870568610907545,0.1597695828010423,4.484721682029846
780,0.9429714109657781,954,6,0.0070578656387712355,0.4571441662737146,0.8409338779637229,0.9737006019543238,0.6408541753326596,1,4.425679200726881,0.01735155406979109,4.454670630092329
781,0.9430947068753557,959,6,0.007139589752457344,0.4560045128879282,0.841590247752859,0.9726624151341338,0.6415472700692008,2,4.391716043188095,0.15592923433109634,4.493870684785589
779,0.9429813441856945,984,6,0.0050019979339832425,0.4805236193722883,0.849241871214125,0.9761498744432121,0.6411749751507325,1,4.889280763053827,0.17187182410091142,4.440480191369436
785,0.9428338450538336,956,6,0.007031867547318814,0.4548850366870624,0.3581287223237019,0.6037831494430086,0.6337998377866516,1,4.8800375838532695,0.17342295461604781,4.516789094521097
787,0.9428818721408205,958,6,0.007209536304830151,0.4571126179604933,0.35307824566337326,0.9587511246837298,0.5943844531461657,3,4.845850862679402,0.1802719078066647,4.396037881558947
783,0.9430104623585128,983,6,0.00715689147597184,0.45449857202989435,0.8439377669615099,0.9776067529891262,0.5933659128740131,1,4.905378437279865,0.08949945414176062,4.4783967209935645
782,0.943294872006005,987,6,0.0070677569473424715,0.4795406972565403,0.8494772776974087,0.9768606968139999,0.6434977506131491,1,4.895181850795559,0.09051969555003578,4.8221795962155305
793,0.9405574068414149,262,6,0.006569061723235411,0.4912092648680212,0.37883067832508033,0.958222629072137,0.591306135997337,3,0.7019168914822493,0.08659376376756915,6.367104965486202
786,0.943311881001403,1000,6,0.007041593497216433,0.4575893493094749,0.47519500962471173,0.6262129508609253,0.6364191406159687,1,4.379906205500249,0.0931268991167368,4.608304338074227
797,0.9262229846526846,820,6,0.29063149613148787,0.5368575866144595,0.8710766478468841,0.9400932063237958,0.5843511586788916,3,1.6169890503979432,0.24119425847676054,2.7760022130243818
788,0.9433471690834614,1000,6,0.006633993799960856,0.4594355203265983,0.8709292955258212,0.9593915786726093,0.5936828295130887,3,4.900451835038931,0.020898555932600708,4.588665140131506
798,0.9346245924358542,984,6,0.08449905422367525,0.5368131109495299,0.22048610567854865,0.9609304142053824,0.5834604093362922,3,1.6851247347203997,0.631123237831098,3.0161355691183416
792,0.9428571173628824,999,6,0.006646123434867927,0.5375478758336224,0.37872430482507935,0.9547481745142973,0.5923332398707235,3,1.6903384261539323,0.07865649209554035,6.092606453956503
789,0.9429211938323533,987,6,0.00657251535954295,0.5346963920571236,0.8654868887581996,0.9592695071820627,0.5923559832726544,3,4.994903959385042,0.08280886405794562,4.2835938314196484
791,0.942873506445207,986,6,0.0066739261456327265,0.45609079285754595,0.873864591249826,0.9590831419612504,0.5919605536805389,3,4.887039971094233,0.08372344590188292,4.828871640412291
790,0.9426447741755819,987,6,0.0067303003364616995,0.5291427287757066,0.8640637173412871,0.959265572025979,0.596207771376845,3,4.890038165494436,0.08294137947735361,4.5684801290318395
795,0.9376423423213007,1000,6,0.04060476825848779,0.5349758057810676,0.8705532726458403,0.9527699924569627,0.587919789623079,3,1.7132276899861414,0.085527665034292,6.1728476528644
800,0.9350980818324081,963,6,0.08013069794759865,0.4087071340188658,0.8607658641972404,0.9557761375313916,0.5876719265919589,3,4.990729526073953,0.6689982973309162,6.451662082313189
796,0.9433021544191776,986,6,0.006539579960785263,0.3461627777062542,0.873314707103353,0.959444989302939,0.5863007560241634,3,1.686674725874886,0.087507665264658,2.765887422233001
794,0.9435360390639579,987,6,0.00660871017628368,0.5365329863140141,0.8676698577077444,0.9621164880573363,0.5915873528056008,3,1.600077532032725,0.09822452570219352,5.675016792975175
801,0.942920939187926,773,6,0.00637778286296428,0.3449140912833768,0.8615508562797536,0.9996996506458078,0.5751359268129342,3,0.21254534855306378,0.19166130383832014,6.437253643361822
799,0.9432164937036138,956,6,0.006448547031227319,0.40582808408702714,0.8693350064314656,0.9384289556818444,0.5804205659483279,8,2.651310905435092,0.6916947145990229,6.025861602904966
802,0.9429732790539951,955,6,0.00801567602577504,0.40718274652258246,0.8647484679382591,0.9383503993566411,0.578808923992566,3,2.6936695727138877,0.1921138566293765,6.202057998488924
805,0.942472104381339,766,6,0.008142928935878825,0.8097851037521328,0.8317529247741502,0.9798927385296823,0.5725837564276445,3,4.739614945995275,0.2101867402829859,6.636299019316281
803,0.9424496173998789,953,6,0.006240504020384453,0.801381114710495,0.6528589882680188,0.9329800218211102,0.5686410228538284,3,4.731332889927562,0.20641257502412794,6.312674493060734
804,0.9431116845620127,956,6,0.006013777967614051,0.43651012549243595,0.897068023614188,0.9372202639374173,0.621036389938928,3,4.759219977624528,0.17448481988943434,6.789556118690677
809,0.9422440963872573,883,7,0.008039202184152515,0.43944510699028677,0.2686704462664419,0.9353356765920142,0.6168778375871877,3,4.691878337746045,0.191962345674669,2.2897511198082037
806,0.9423645922517586,954,7,0.008723612973020944,0.4065670832275633,0.8918676144883632,0.9358056567775292,0.5722252916441696,3,2.678823118509716,0.1936955561886731,2.7262156454602
815,0.9242423696893148,879,7,0.2557750778645865,0.48918375049494256,0.8317786196926152,0.9860602713688498,0.5667102821674854,3,4.671147468573108,0.002434550265015109,2.455891296483779
807,0.942417892252554,925,7,0.0082003340998451,0.43804573440803907,0.6688401892372999,0.9985474027036987,0.5752344024137829,3,4.741541815314732,0.19242343615316865,2.6195864107646365
813,0.9381970690301176,921,7,0.03103663270027706,0.4355663285020441,0.9022421499495086,0.9987186736221645,0.6207377381684448,3,4.744951755698612,0.010598026318337943,2.693862307600619
808,0.9433956365800726,921,7,0.005951312922398202,0.4395678920700946,0.8323567785093317,0.9996035636252519,0.9099228446599921,3,4.7309032467582055,0.20885701412813062,7.2922542199466776
811,0.9424433984402778,924,7,0.00799509312992391,0.4382354181590223,0.8316267449525869,0.9991397316437166,0.571710528814759,3,4.727177447746342,0.053512965787164475,2.376163742343879
810,0.942412380870501,953,7,0.008188259742054312,0.4354454781086903,0.975919263688551,0.9380838776394113,0.620488808947757,3,4.728647765847067,0.2590246892502895,2.4888843752659042
812,0.9431876353933463,882,7,0.0059255005886089535,0.4384828426581654,0.8958447463564988,0.9845420847703672,0.6211247891860986,3,4.735543358831688,0.24901723486083036,2.5506097865347708
814,0.9434798711824808,928,7,0.00589132062891139,0.4383307989483215,0.897022445588985,0.8776963585667323,0.6190088514004809,3,4.676140228680262,0.04920565981853909,3.0596563761030406
817,0.9430979775951727,921,7,0.005863955879861394,0.48718374403026365,0.975930134119233,0.9860006146353154,0.31994319154997514,4,4.779919801594508,0.2632031682114664,3.1525942243348446
816,0.9430738333376851,924,7,0.005818137430575485,0.48792550419269504,0.8331604614793033,0.9875822256067468,0.6148686572683206,3,4.789528465190597,0.05942950042305537,2.975705831996084
819,0.9437553103538445,914,7,0.005860335463546589,0.4751201618308072,0.632868964367307,0.9828292836477268,0.6190873552248746,2,1.5800314447200186,0.053231839428393476,7.822523351686103
818,0.9432952085749715,922,7,0.00571115139047019,0.5147609032954553,0.8024246189130373,0.9874933768840803,0.6142854398065078,2,0.4446166035687495,0.05061139557830441,3.1534078105859535
820,0.9433214698251676,930,7,0.005910183450414413,0.47563137528509664,0.8325424234222689,0.9827320284231529,0.613855049214927,2,4.795255829550216,0.286553111154137,3.2927460931921346
821,0.9426013750423372,967,7,0.005779307704791808,0.47470238066558634,0.617873963673434,0.9082769933041894,0.6149274387939613,4,0.4933379255285997,0.1427951181977525,3.175295051390326
825,0.9430223763781143,970,7,0.005720687237462272,0.5128277244876882,0.3101407012082202,0.9752226387425167,0.6067461721436762,4,1.8732016973926853,0.13484052152098852,8.375006934123425
822,0.9430938980662115,971,7,0.0057234007515287195,0.47891575161124866,0.8016890783949226,0.9051873192384331,0.621512685072678,2,1.7960874152157549,0.13414462214650696,3.1558812941058862
823,0.9421761209358985,971,7,0.005740801372082304,0.9461493275632695,0.8048402684827486,0.9070221536622884,0.5984593959339362,4,1.7695753600952986,0.13028966285078136,8.21399623872046
830,0.9410543078709152,327,6,0.006280650699397129,0.46979275018792666,0.7896602270028202,0.9118724779744412,0.822112097956386,2,1.523281669967675,0.05417310252127545,9.459092694250458
828,0.9354941864572872,885,6,0.06956087144267642,0.5122564034810921,0.6126690164302763,0.9032400956477791,0.635021609421933,2,1.5493117478458962,0.04107286267245018,8.443668131777043
824,0.942734339091157,972,7,0.005761316480099757,0.4774738314147317,0.7866865712570518,0.9124230659461874,0.6042268884350936,2,1.7552447744867345,0.00020779469860031892,3.262410947778148
827,0.9432860502463967,972,6,0.005602979825246587,0.5131513331542226,0.7992335909572452,0.9132125233525795,0.6083810186212517,2,1.79424979774458,0.13254648405587469,7.78894720792632
832,0.9432442332482006,904,6,0.006326013981976802,0.4937709292066261,0.4937332190873817,0.6038410275981453,0.5984161474492418,2,1.6107551725794598,0.0684971634779979,7.977347638072806
829,0.9432185444261538,891,6,0.006154774890282959,0.47240625959683785,0.6172970159452039,0.9083311201047669,0.6012090129361113,2,1.573331630280569,0.07002675622445037,9.94970456323048
831,0.9429948706054608,890,6,0.006480953648215562,0.4942742543126791,0.5039307461068189,0.9713914192650539,0.5994173493882738,2,1.4170663440437075,0.06344011724568337,9.740246517917381
826,0.9428961249233797,971,7,0.0057410274021066545,0.5160108352258624,0.8037964290110347,0.9029634609445565,0.7443828683293188,2,1.601561384739116,0.4718685468490026,8.195118975196053
837,0.9424521001830455,900,6,0.006330169614564674,0.49536586094808743,0.4785642088555507,0.6042975216317172,0.5592171229069246,3,1.5706823253874986,0.04039823174212879,1.5866708687922397
838,0.9428378457891299,901,6,0.006396799077011311,0.4918182825833636,0.6414503812188977,0.603210958859187,0.6314209644886344,3,1.6219132510744492,0.06583225610431136,5.20446836316901
836,0.9430013076826246,898,6,0.005013367618060237,0.4630927384349527,0.7243818113191365,0.6045976853973355,0.6015878227201117,2,1.6237772868005917,0.07041937615513938,8.011835086943442
834,0.9430940191266769,895,6,0.0062992004471963325,0.4947189795489455,0.6876613803732274,0.9703806700858663,0.6032085742134397,2,1.5830099489903702,0.44646455552710246,1.5674384573878053
835,0.9436153086218451,895,6,0.0064512818736514104,0.5005948992105415,0.592232587365076,0.9723084645929118,0.63484791041912,2,1.579282233153673,0.06606553650584696,9.989471477564587
833,0.9433631730682709,896,6,0.0053364005813313995,0.49247692573411017,0.6445766866094619,0.9721905694467698,0.5998255238040949,2,1.5596803200192855,0.06339436527572762,8.303361361738665
841,0.9432922013703919,862,6,0.005332777164160555,0.4649327483903444,0.4425568201125618,0.9762830913706397,0.5589239803253216,3,1.6310528640439625,0.46962011232882117,5.190890756316896
840,0.9431459248448698,864,6,0.0052853051947394925,0.49352035025039936,0.6330956146106546,0.9701687269108364,0.5641368521882106,3,1.608444105029872,0.46322959876572345,4.966015292878504
839,0.9427138276912581,898,6,0.006356329611257622,0.32494189021012215,0.850562452238239,0.9770423502082176,0.5633215554805893,3,1.3885520842578107,0.0002113575718568085,1.5847445672837632
842,0.9427278633998792,907,6,0.005027889605507497,0.46216748738467645,0.5284260598118887,0.9703458193255566,0.5601932696130489,3,1.4011343874482938,0.0001885046997838012,5.335941877898586
843,0.94314038528495,904,6,0.00529448869566041,0.4634551705726966,0.5913130986498885,0.9724988846542614,0.6359548541889009,3,1.4061217795230856,0.026540021068877866,5.07398314601274
847,0.9434136959837334,860,6,0.007472594103576954,0.5177666941929375,0.5793355363440682,0.9784019880861262,0.6448955090645379,3,1.4411103996653785,0.04674719324258349,7.692925506883114
848,0.9429767511933796,855,6,0.007322570338523838,0.5197296060332005,0.6242020351955819,0.9847701885472965,0.6491396383522994,3,1.6644924816168858,0.04687984192098686,9.699884932569594
846,0.9432869957703769,867,7,0.005293029317326506,0.46507487898901595,0.5868503710150604,0.9831915116561682,0.6468450122763622,3,1.401423268941247,2.1182271059115383,4.086858351957598
845,0.9431100481584794,868,7,0.005358908022873108,0.46134155565517965,0.6873173164361953,0.9704654097122282,0.5596188716629735,3,1.4624507010588939,0.004708391093711666,3.9480568977409924
844,0.942774147111801,907,7,0.005001048485943358,0.46865285770236914,0.5859934974751915,0.9826816934996945,0.6478670604022981,3,1.396304281541829,0.00018789105940229854,4.100549779908791
849,0.9428948203925017,854,6,0.007520785955239851,0.5155820028338157,0.5731813097082042,0.9826104089235478,0.6522030521890814,3,1.4099202919207698,0.04703086216115237,9.54083249452875
850,0.9429302999796931,869,6,0.0071025260865665695,0.5205731102500631,0.5722341571377489,0.9840493759480727,0.6419052007618564,3,1.700544698877161,0.030491687291466247,9.796938207050914
851,0.9433345756641789,873,6,0.007494915188813669,0.46831567796554946,0.5888022137779944,0.9992869822975224,0.6329082946267349,3,1.7301942299476032,0.046222550149893536,7.72455883002279
852,0.9431333136839675,874,6,0.007308925694185041,0.5121557942701456,0.9584570889953187,0.9991053478510659,0.8589640650315709,6,1.44593804878049,0.04943993834304153,7.323430762130382
853,0.9432612912939595,912,6,0.007253916660768819,0.5229046024635987,0.5808533729285296,0.9504863798819213,0.6418421601971012,3,1.7065147600125667,0.05977652778083254,7.259802545247773
855,0.9434124624193354,733,6,0.007016341489486945,0.47802432002811474,0.5645959824559358,0.9554931544611132,0.630473670977106,3,1.7457645772963444,0.0001493129764291902,9.844926899519267
854,0.942892821851197,870,6,0.0075412778057990125,0.5088104625184006,0.5472330079534639,0.9562787347482133,0.6539556223176927,3,1.7426433910568617,0.09741299895800072,7.3575721447134015
856,0.9429026966281299,872,6,0.007298932940545649,0.4802197106051093,0.5573094442936435,0.9562783038529051,0.6268375363755413,3,1.7863386033185509,0.10050963144547281,6.98610301246444
859,0.9428665433811932,919,6,0.0070189394884548565,0.482242897912078,0.5423911736513483,0.9520991724700062,0.6305533108457244,5,1.731508723457896,0.09039533036373767,7.171612531107436
858,0.9429080264194847,879,6,0.007167566025376432,0.5035673023925473,0.599520241851937,0.947019817269652,0.6297869007099706,3,1.7306320321478699,0.10878872996264959,7.360121682472993
857,0.9431521312809744,883,6,0.0070117902224864454,0.4852025643080601,0.5703354122119627,0.9499249051975374,0.658131661478854,3,1.710073922480586,0.1003361845592291,9.929032458652673
861,0.9420629372278734,918,6,0.009851948068113165,0.4828108283497308,0.5459267171330419,0.9471798529826952,0.6279216815136609,2,1.9217705782590202,0.10587026776732421,7.344487062503044
860,0.9434728569808568,882,6,0.00686081190031402,0.4768667292735116,0.6062619636807434,0.9460459836189317,0.6227917273300209,2,1.8641674360247178,0.10464735174286917,7.000465274266796
862,0.9430519568766759,914,6,0.006747102387368093,0.481097197785263,0.5249109686345744,0.9529959045820111,0.6303490343756328,2,4.997971263149127,0.10571181711660015,6.443326765371719
865,0.9430120966747968,937,6,0.006786847977006051,0.4817937161029713,0.6143547550482216,0.6270700940527718,0.6251579999445165,4,4.9854075644291935,0.09930833416919227,6.351409114330536
863,0.9434136730239899,914,6,0.006743059881785046,0.48181213384694105,0.5487054736150636,0.9500133904882441,0.6258605416271954,4,1.86622656060484,0.10063440109670517,9.925542486886187
864,0.9431721313047691,884,6,0.006580321648620194,0.48629165872508245,0.5519774436798004,0.9482981111850806,0.6610936248161318,2,4.997018468207684,0.11097585554143143,6.545104319150995
866,0.943077412970414,935,6,0.006540316952592473,0.45264220572173236,0.5418622305036099,0.6304912246294095,0.6231624841976641,5,1.8702758746839807,2.048610852461713,0.8941016941863442
868,0.9432007391451082,927,5,0.006590266391904484,0.4498547867829368,0.552330720899151,0.6241495594517578,0.6210167746398532,2,1.8660479216149248,2.4924507129855886,6.064437397557214
869,0.9435094683790378,929,5,0.006561577135662182,0.49585853076524794,0.5181090682157694,0.625249920625896,0.6194642895041095,2,1.9027715605527062,0.036666819690464376,6.101035056823197
871,0.9427195342311302,932,6,0.006420162117943272,0.44618011390141604,0.5338369149779645,0.6247304605946715,0.6627492932929859,4,1.8912723087506458,2.1526021627125136,0.9301226722362876
870,0.9429646534958307,940,6,0.006599072116343564,0.45033032327797856,0.6029645256795833,0.6295666536463487,0.6646811730866952,4,1.5021694677391997,0.0784384094741207,5.6658594781130205
872,0.9427261382882464,937,5,0.006229073264838417,0.4459596563476417,0.5200393807264526,0.6227720233783945,0.667469259223134,4,1.540177171540728,0.15612277618902484,5.566874168601256
867,0.9430129571433638,938,6,0.006706588857777611,0.6443610852486428,0.8255264168939165,0.9995561731807162,0.6675732098648777,4,4.936279128458845,0.10979684009647153,6.1026867255117265
873,0.9436838716339111,938,6,0.006175328303022731,0.4529833091610541,0.8237083191065125,0.5682141236265013,0.5836177245692598,2,4.901110748132359,2.344231384416417,5.645587322895752
875,0.9433782649250908,937,5,0.006116982915993425,0.4545858400224995,0.519540772844842,0.6227483072039297,0.582121652412194,2,1.492957003886056,0.03357540972145816,5.376626898158376
874,0.9426342147808441,935,6,0.006140682651692856,0.44923977742490623,0.5278391049483033,0.626169136829579,0.661754506186729,2,1.5595335874848402,0.03162249417172124,5.62507902461147
876,0.943591845851288,942,5,0.006097734058809161,0.44604626515215884,0.8251216608518861,0.6193053532715003,0.5843484115734999,2,1.5191269107633665,0.0001028644204356306,5.101724563634931
878,0.9433772390420085,946,6,0.006050521343485218,0.45054258033000044,0.6678097502410545,0.568120046906256,0.584030926010393,3,1.5151213344433057,0.07332217369611674,5.0700445946036545
879,0.9430917200214577,831,7,0.006036849408410996,0.45101211268019287,0.8266000207759734,0.5626753166636979,0.5829414229300103,3,4.905441661113522,0.07083094208605625,3.9752040616352176
877,0.9433361849334698,941,7,0.0061253652710704445,0.45315416216142235,0.8246025076260703,0.9868509130926161,0.5487803366717567,2,1.5375998990091246,0.00010257855699560641,5.361740013082377
881,0.9432640913390358,826,7,0.0060702728299435625,0.454838762104228,0.8214237967911432,0.998831406936906,0.5806903822462091,3,4.91216001226011,1.3485744132331494,4.129520260550732
882,0.9430829707937661,835,7,0.006037018634535248,0.45848471704761024,0.848848797084968,0.9855933338551198,0.5828018922694068,3,4.868273587098909,0.00010773523580584247,4.046154268927296
886,0.9435059618000381,949,5,0.005715152337509356,0.4535002480192558,0.8250449672629806,0.5409360414679514,0.5476171899347547,2,1.3378594138922404,0.00010939305686021901,3.794992692497237
880,0.9433143262140804,943,7,0.005977837742759638,0.45671427078736665,0.8222369924686231,0.9890940396958247,0.5838646968653246,3,4.885303103966192,0.0001077743501251272,4.056261710706985
885,0.943390967924967,947,6,0.005666295008888465,0.46493621756998627,0.8111920228168522,0.560096427985145,0.5530624890354586,2,4.86363880576446,2.6819670170933483,3.992633940757492
884,0.9433454084885886,948,6,0.0057941292127586695,0.4592352821853534,0.8120159377658422,0.5646026240084276,0.5769801195251553,2,4.840593311167297,1.9851487289577157,4.225267102689412
883,0.9435698253700698,951,6,0.005947095150459836,0.45515640273390334,0.7837795583327873,0.9790087302415811,0.5797907684999185,2,4.8858401268369995,2.191072834937965,4.060433227714639
888,0.9426167377197674,946,4,0.0056343184093115535,0.4226599934273043,0.8133838124913978,0.5552856671502826,0.5507304264192108,2,1.3492226767715443,0.00011248541064910061,0.5408487115626652
887,0.9432275947395722,946,5,0.00572686714358685,0.4593646415145323,0.8173916647610265,0.5738932546618367,0.548704026647322,2,4.912288214834786,0.00013457899321760942,3.9054596553123675
889,0.9436120671235197,951,4,0.005627346828972338,0.42550833779357333,0.810349622043952,0.523364184684942,0.5499459050180827,2,3.8918282985505646,0.0001588862322369941,4.232638793326992
892,0.9430433448856326,916,4,0.005546765234620197,0.43070873706427165,0.8066074841392322,0.5598275172694285,0.5505663391814222,2,4.849662189059431,0.00011698640826037339,4.317115274351268
891,0.9433506120013544,950,4,0.00557215396919283,0.42714180699576143,0.8084243144051029,0.5990045354854583,0.5515835162502905,2,1.316515163663512,0.00015386933290113843,4.1691518037712845
890,0.9428820192919035,912,5,0.0055920188096445144,0.4290288094034933,0.8085492766890684,0.5391237347790623,0.548354792736539,2,1.3307229670267673,0.00010010305775196563,4.107458992926298
893,0.9428313742723509,916,5,0.005380447052672117,0.41820820951527177,0.7917231190726706,0.5755851893882312,0.5501949641761971,2,4.988522937746261,0.0001458497135325554,2.087726846206076
895,0.9430163755360761,911,4,0.0055256578692631335,0.42653558341620024,0.8072120213940621,0.572332011034993,0.5466330066077053,2,1.6228557042541123,2.2970613885958637,2.105216722640456
894,0.9428747295733579,913,5,0.005509552121384637,0.4282350800562449,0.7892837387099679,0.5504171884453511,0.5472443593005095,2,1.321692877808333,0.0001587900670488081,2.045605275449398
896,0.943127789778418,909,4,0.005380247489492693,0.433745166052625,0.7879841053680036,0.5810035751751798,0.5471755084904596,2,4.998313377956745,3.0417791048766007,2.124182781259765
899,0.9424064687365628,908,4,0.005409803617243478,0.42745953304493256,0.7865231605049235,0.5859907202263039,0.5327498050169194,2,4.241354916656139,0.00014154440810424515,2.0693085699459433
897,0.9432480623072333,912,5,0.005372601138717146,0.4302449947475377,0.7893847350256276,0.9658425049904588,0.5344562454191975,2,3.8473104527536908,0.00019042095223310588,4.813696886512586
900,0.9426401759651435,910,4,0.005005883433753596,0.43647243698099686,0.7827307178006236,0.5916696456672195,0.5265226443703412,2,1.4511491756570776,0.00011583774638572006,1.9495139943278113
903,0.9424557434768811,962,3,0.005317890756003079,0.5010428587135052,0.7855108022217243,0.5910356450809954,0.5324572926704925,2,1.6281494325140455,2.3896628682537715,4.954584368919306
902,0.9430707139434501,964,4,0.005019600562443942,0.5012040580521997,0.7865381421015952,0.487485836309678,0.5340757635073574,2,1.6266073576612807,2.606567771557469,2.08395920813715
898,0.9432122263222062,908,6,0.005331844238363638,0.4291990465930251,0.7854645668601029,0.5854718176764397,0.5628839021444684,2,1.616589547819067,0.00012887802237995436,2.040644701788377
901,0.9432851923868915,907,5,0.005305405390796668,0.43830197514261654,0.7798028398012802,0.5905402243958224,0.5366641900072945,2,3.3727170331546783,0.0001312726858802037,2.3334355018603814
905,0.9428236577113023,963,4,0.005008946820740667,0.4963405318465617,0.8360651686137568,0.4623130652719064,0.5312120501256659,2,3.218257320688009,0.00014833570490866804,3.127957374735623
906,0.9430323137725294,961,4,0.006250894225855949,0.4725778015071359,0.7519335170274768,0.5369766480964041,0.6087932719330129,2,3.8276331040813294,0.0001551782051722175,5.098383322603864
907,0.9429467835100533,963,3,0.006214938527259594,0.5000568733420373,0.7498040668996783,0.5998837441639667,0.5693480744685296,2,1.4736757986775635,0.00013368750940434055,5.2155383690575645
904,0.9428821466141173,966,5,0.005339412795680209,0.5035263719344845,0.8399442759105811,0.5436360683899704,0.5296441957407783,2,3.88734826304629,0.00014078553606420506,5.062114856405687
908,0.9422681785490749,963,3,0.006268135771709896,0.5623430669749954,0.83687253074803,0.5925549484707427,0.5648912860321029,2,1.484429629613738,0.00015217186304398357,3.176333704539938
911,0.9430793708103555,965,3,0.006222266527494077,0.47256662757908474,0.8419026893761721,0.5331913389583626,0.5699877307851293,2,4.174839059611271,0.00016780405343106713,2.9361694934377827
915,0.9421268879405679,474,5,0.0061902058839392775,0.4665725859584353,0.8429434093713082,0.5113102275639507,0.5741610586405914,2,1.5077182811314196,1.657795413146788,3.233711473858855
913,0.9430278439279295,963,4,0.006229794400138092,0.5600250127747888,0.8392388560285075,0.495750456724159,0.5704394441158783,2,4.2021350390775885,1.8981196370661648,3.037895539937031
910,0.9427897002507392,965,5,0.006231526065049778,0.4718750502669677,0.8413078285622198,0.4988798028734132,0.5652966951030624,2,3.9274251024389373,0.000138182705410869,3.178901470577408
918,0.9422420863660805,480,5,0.006073972022063055,0.4690418020261394,0.8514023251794501,0.5299717136946123,0.6024289194073241,2,1.582320806469454,1.783017583958687,3.206635038651123
909,0.9431060333342497,960,5,0.006184606554983693,0.4704589260398953,0.8394757166719875,0.6079352206391885,0.5710328819452485,2,1.5116015552698345,2.798571651589929,5.2022851707277376
912,0.9433519603644698,960,5,0.006246956654433397,0.4765092607344601,0.8428362678495498,0.5347588003659723,0.6030891542312431,2,3.4569908890676837,0.00014758287581982947,3.172668191615228
920,0.9406947499394853,367,5,0.005927651384793085,0.6084916197071609,0.8271749374311947,0.5335412178787649,0.5956933436714154,2,1.6033585469728138,1.7710080305259455,7.518086146544171
914,0.9432994065553366,959,5,0.006215820814970473,0.4698981971924625,0.8432279532422658,0.5415809992383096,0.57145883288656,2,1.4792820089003567,3.266431951713833,5.390220313222085
916,0.9431383930053935,983,5,0.006049612610090995,0.46911896452847685,0.8470252783213228,0.5076457553341016,0.5704834365906543,2,1.4966625521256094,3.0921628755370643,2.991103289430453
917,0.9430780120109932,985,5,0.006151715075634259,0.5658780850943186,0.8391034480956648,0.5303027938080435,0.5688942257019921,2,4.087752430023492,0.00010056796624535903,3.2891395952408744
928,0.9372508092944297,113,7,0.006832970117339179,0.44583943489416095,0.8075401147628894,0.9669810581927052,0.6016542592795785,2,1.6884729605039717,0.06659857755672273,8.199790632594386
919,0.9431867128291094,931,5,0.0059623773862835135,0.4729009131144905,0.8498746799926985,0.611846347226336,0.594202861424338,2,1.6620259622559679,2.921702375390972,3.3113693878627424
925,0.9404198863271451,367,7,0.005816148086077634,0.4448648752447646,0.8231611457960496,0.4469168379081805,0.596229290456624,1,1.721284797594878,3.043335755641334,7.503001448489838
921,0.9430855135853532,933,5,0.005931718818272106,0.4708821154815577,0.8273920423652743,0.9636331908473197,0.5962597082727809,2,1.6360392785738915,3.2441311719545403,7.279018344732868
922,0.9434015419304507,986,7,0.005942290379937171,0.4460353377066588,0.8045355094628844,0.5310363768830745,0.598767453642272,2,1.703845130167045,0.00023452660823122616,7.936111841228089
923,0.9430562315634564,932,7,0.006645329820155865,0.44356499089845075,0.8248005760617421,0.5271258071589389,0.6009995939370384,1,1.6822745063463034,0.0002176569117964206,5.740395341480924
926,0.9432392134133828,981,7,0.0067176061324240085,0.44693450934406215,0.8037206219547776,0.48525974721837145,0.6397498069742461,1,2.9576329731336917,3.008124118351304,7.762918852228911
924,0.9432320437116779,927,7,0.005815213061941599,0.4483084984666877,0.8053633108595855,0.9644880626969279,0.597993033062941,1,2.9181315872102913,3.10715149092701,7.834619698570081
929,0.94330693108944,1000,7,0.006672730643477295,0.4458857569675686,0.8000147964740616,0.5234485119510229,0.6109676086572124,1,3.119263117561811,0.00023365909058732672,7.2916135070469
932,0.9431298154539653,999,7,0.005646262526149765,0.4104776410491437,0.8093143812584477,0.5165449452186095,0.6433021021434044,1,3.0814900976030213,0.0002207981389234711,6.21886760569045
927,0.9420759444443505,1000,7,0.006706446312205692,0.8416462885115594,0.8056053233838525,0.9694946241803727,0.648599081968769,2,1.685371364304889,0.06235488291799406,7.987624527428883
930,0.94320581533566,928,7,0.005636153403493327,0.4118041265310837,0.8056243372076858,0.998357869353327,0.6448855381718951,2,1.6575736838830661,2.4033251867581993,6.371484992310389
939,0.9397661415501997,232,7,0.005612136628837851,0.4903645806553052,0.8222818971168604,0.47769634952090556,0.6462606832432971,2,1.2668915778833054,0.0564353992356522,4.665177743908077
931,0.9431036121249402,926,7,0.005700748717030338,0.4095505852078382,0.8050786775580447,0.9662337787345741,0.7973300718599158,1,1.2379579359572659,0.06025620537469091,6.317683355987393
933,0.9426404535693143,930,7,0.006731033164749715,0.4135113845099622,0.8008147924096402,0.929958739544697,0.6373100451889199,1,1.377938575351657,0.05721456840748111,5.456559533084675
936,0.9431832020756108,893,7,0.0056162006592927385,0.491883251264437,0.8078358304226426,0.9328825363860805,0.6424958090714895,2,4.80486654039986,0.2877159779014422,4.551362359049828
934,0.9432338930146503,930,7,0.006834185856664202,0.4138928599321167,0.8087179199081093,0.9980819171584904,0.6454314972612781,1,3.0427672216960957,2.1990665175514508,5.538678812728561
935,0.9427395029461838,998,7,0.006781723920742743,0.41139713728912675,0.8021621579399901,0.9328689133912963,0.6453077911817845,2,1.2533563604877191,0.05578821287835421,4.263597493944861
937,0.9431654875899144,945,7,0.0055906858617027315,0.49458411901978594,0.8161175346595535,0.9315527136929044,0.6458239861784416,2,1.3726447636510313,0.05713489675903068,4.473682882627952
938,0.9430065445913807,896,7,0.005580611500924174,0.4124082691193031,0.8159756071594174,0.9873043273741694,0.6426334203685659,2,3.606848643181781,0.054262966112256464,4.59405959433034
944,0.9430722021522756,894,4,0.005006585654596057,0.4930153780914439,0.860515964861256,0.9827683337963965,0.6190680813636217,2,4.835134346249117,1.2669916047901888,4.202173014885623
945,0.943017084157249,946,4,0.0050039918896312395,0.4871559879271363,0.8577591592100263,0.9832871463339217,0.6191491263506038,2,1.7861819272176358,0.15625024988980754,2.5953272040243847
941,0.9431450346329988,894,7,0.005358840029991427,0.27934137539179177,0.8263210002329734,0.9893298573931358,0.7970699485203954,2,3.6268445862972447,1.2771588092647461,4.367889975074882
943,0.9434695257308071,888,7,0.0068961021666647596,0.2774395414240026,0.6553662169722615,0.9275472083657762,0.616651768791489,2,4.8230914916231855,0.3054956984802937,3.9024764034035964
940,0.9432328212120812,891,7,0.005669746240334776,0.490642356812224,0.8274874381891195,0.9341219140949334,0.6212959987721225,2,1.3839835937683194,2.227321346952299,4.649195914811123
946,0.9429544656314869,946,4,0.005319103111364225,0.4876093140486298,0.859963728863038,0.9876920298163948,0.610974392731319,2,2.449437042796994,0.15611929197550764,3.884353483330491
947,0.9423672399276285,893,4,0.005004814446387723,0.6756875838268528,0.8560302346293368,0.9843420790172661,0.6174012115099698,2,4.835404597544442,0.15965168183288014,2.5669266325724256
948,0.942980783237417,949,4,0.0050539954250560706,0.508612345368788,0.8585354895174521,0.9851875784904759,0.6172013583198109,2,3.522947867731708,0.14839890522539254,3.7074497280982097
942,0.9428818397884549,896,7,0.005021977334904937,0.4884477392765169,0.858651368253005,0.929428114779286,0.6150350083760548,2,0.16061848480637192,0.3244930891683789,3.8728975502588976
949,0.9429089782052131,947,6,0.005107851515208559,0.5098002328173602,0.8555141355002404,0.9832575985678095,0.6205182059071506,2,4.80791172199432,1.6339625550363794,1.5542470139481386
955,0.9422291537687698,978,6,0.007829096123143307,0.5195757168183872,0.8508789033039119,0.9666573882260632,0.5843199549774934,5,4.926084758992939,0.16755836736607696,1.5019168934319769
953,0.942951496519209,982,6,0.007506093478984035,0.5240452927056191,0.7635799488887536,0.9693837380120245,0.5849020711354396,2,4.991146394972846,1.701521569952608,2.6163183560817638
951,0.9434369646400956,946,6,0.007496504024013465,0.46270826924605923,0.8543084234849673,0.9682271279202919,0.5872411134995016,2,0.1710648501345875,0.15072283885478457,3.707173976059193
954,0.943359053881571,978,6,0.007293176770591382,0.5190588110481897,0.709682553317721,0.9727087820274816,0.6782864489377427,2,4.98766489435066,0.1441315716360881,3.65843680235287
956,0.9419140135482941,974,6,0.0076112761602922735,0.5204659930003215,0.7704456759332959,0.9697305634899822,0.6798586609426703,2,1.5665495268734375,1.7862334051279456,0.6626120519019189
950,0.9431550231650243,947,8,0.0050007283073841054,0.520873059395464,0.8537588715065676,0.9998575152279756,0.6191995362178553,2,4.9999425788365714,1.6605562669883358,0.7042856425781356
958,0.9426560975036017,980,6,0.007419819077618508,0.5242150682571464,0.7735461848596722,0.9657984837453645,0.5851762203115798,2,4.992487173894957,1.7186250868826234,2.600693115931125
960,0.9424881469802626,979,8,0.00742743400646976,0.4642999260870647,0.24316351361761146,0.5732418356893567,0.5835236522615509,2,4.99572445298152,1.7506074481103664,2.6329531142282203
957,0.9425154586387213,978,8,0.00767022063092556,0.5255131146927,0.7704901535640137,0.6118508584699701,0.6748177430536018,2,1.5616885180660516,1.6711828405179523,1.5512644700032074
952,0.9428004370616764,979,8,0.0073864852135734705,0.46245143083876716,0.8537919225410323,0.9645551313612426,0.6826002662219914,2,1.5331229679850638,1.6426718189648264,3.652715056630167
959,0.9426228914528242,982,6,0.007535974160739521,0.4593883946733365,0.7703712297957825,0.6140637804538489,0.5855182309848688,2,4.998651456313393,0.08492488213611828,2.5777787769632043
962,0.9433405535464736,978,8,0.006454023134605964,0.45843700899339246,0.8290590594471108,0.571100916423176,0.5577507234475597,2,1.5357361719846394,0.22738672843222418,5.96235641475851
961,0.9428657230921773,975,8,0.006284063465608405,0.4600053999941184,0.8311330796868633,0.6109040727413193,0.5625997964470825,2,1.546055013235125,0.22254928118188425,5.90720542187998
964,0.9432861420853704,922,8,0.0064041180428432015,0.46015304928275375,0.8331576043918079,0.5682612116479917,0.5623753955969878,2,1.557979694261256,2.30883951891391,5.794176680402419
965,0.9432718621685691,922,7,0.006190484709898474,0.43884310641643903,0.8311665595694939,0.948382140785759,0.555314055129402,2,2.777692652456522,0.08452680092268812,9.815008315191537
963,0.9433548449431466,978,8,0.006460145200536491,0.46213385864429257,0.8290017576102029,0.9996211698630334,0.5577822451716568,2,1.495163132655025,2.0410272104702005,9.981582672873023
966,0.943063577637736,920,7,0.006529327016414632,0.4607500314629492,0.8245140900471167,0.9489482646788475,0.5666341990173687,2,4.80489775663515,0.23555242373561977,5.674430937475131
970,0.9427327778286022,662,7,0.006465230003052854,0.4410278863348911,0.8224818655893628,0.9422452113082715,0.5488374872604628,2,4.016122908986207,0.00010248633856265638,0.4267071814015727
967,0.9433740570302913,925,7,0.0064331486991720255,0.4439029063779333,0.8322045693150422,0.6117917656921287,0.5601537491537412,2,1.4512594320323924,0.07592945728242063,5.631287587803012
972,0.9360652923339942,927,7,0.05606136778357714,0.43792476026776417,0.8257179222238235,0.9446810722011285,0.5242095204659659,2,2.8091538278306087,2.331996303336059,5.524210079336559
968,0.943408419939051,921,7,0.006418659446601412,0.43644349453710574,0.8286592308323388,0.9499918511321964,0.5594389459317509,2,1.4417094024800392,0.22963582836361995,6.064010148889752
969,0.94313563574893,915,7,0.006373161406712118,0.4414693144026504,0.8297625740981386,0.9453446822442512,0.563707969805221,2,0.6880594426851483,0.00010093700421245768,5.91805226507502
973,0.9432141852057724,922,7,0.005838319873505155,0.43990195928502485,0.8330499761262757,0.6400221081739068,0.5221420555502467,3,2.8095500254258132,0.0833525062012989,9.384243883327347
971,0.9430628011809574,917,7,0.006392641426022437,0.43717958116851247,0.8276769602472605,0.9514934688308954,0.5614334357574979,2,1.8094632713555359,0.03844358465250404,5.782192720934156
978,0.9433862277815693,957,6,0.005765404282791617,0.4322198051634262,0.9575904748163894,0.6394377791286583,0.524266792786438,3,1.8085861747933674,0.12693903688170866,7.108150755225856
975,0.9425770721538951,927,7,0.005785737314807246,0.43804505045163517,0.8241607474077368,0.6419570579709767,0.5421785608054942,3,1.7970689969871865,0.00010213817360005377,0.43506288079862854
976,0.9435072778107877,953,7,0.005679918707177963,0.4323340159437618,0.7372639556073615,0.6380301259578115,0.5368180206685345,3,1.8180101372798505,0.00010227854658546826,5.027695941082339
974,0.9434399525376183,1000,7,0.005768629762083058,0.4387004671655792,0.7425821750725635,0.945149063207988,0.5390208962302794,3,1.7979378864983737,0.12475964263512636,5.312462226771253
977,0.9434301633379109,951,6,0.005737357655134871,0.43109154225123764,0.954221866157069,0.9528700740315199,0.5170996480309301,3,1.4226041666899731,0.11825895399537978,6.862567299456499
979,0.943124628639195,950,6,0.005705478242092705,0.3948068378255866,0.9516712651262409,0.6360471528233799,0.5334697988910536,3,0.702269186635468,0.1156360751921866,8.268687982672459
981,0.9431809833294938,953,6,0.005750039143449918,0.3936755280262123,0.640281527330336,0.9830935210347552,0.5354305343884993,3,1.7456229779390604,0.1044115295837634,7.894401715559619
980,0.9429852222950881,1000,6,0.005762787227786971,0.39255042450638633,0.9506416437235676,0.9821118685874417,0.5106977760914496,3,1.8099086677911516,0.1262036346722977,8.491943496399312
985,0.9431123253475796,999,6,0.005539548614016347,0.48281107500426185,0.6373106099876293,0.9788920463731655,0.26505873601319074,3,1.9736185751098956,0.00030375848151657146,3.498769076489709
982,0.9433524967875666,952,6,0.005721750539244921,0.4778605272816072,0.8156663140889477,0.9991840572847175,0.5402649076130722,3,1.7342080003432356,0.0003313695779331413,7.9831667179476185
983,0.9431310406693658,952,6,0.005795448037624178,0.47902143824733806,0.7363219776637138,0.9797615135815797,0.5348925975729204,3,1.9749281445841536,1.2331575841764324,3.2825296518854197
986,0.943267820210097,949,6,0.005402201034903466,0.48354272497127376,0.7942611305997184,0.9836367170842687,0.6032838197747394,3,4.89454964011491,0.11915073475522431,2.3586391349009905
984,0.9433396184587404,952,6,0.00562102998717351,0.4757280926261032,0.9491851709463287,0.981080275126663,0.5399280671170588,3,1.7531652911103341,1.173175054021317,3.4874824235816004
988,0.9432196381448419,942,6,0.0054355391185312825,0.3929127440686564,0.7864497773057781,0.999427157779099,0.6006883088207403,3,4.894414008503392,1.208082041318793,3.4711071007583647
989,0.9429090001213318,943,6,0.005370332243553051,0.478324609466467,0.7929798194580796,0.9827176130955324,0.6025857491066614,3,4.639495714256726,0.00017952662624447333,3.3742966723834287
991,0.9435199703744168,939,6,0.005384453144447574,0.47616790784891233,0.7882768799248866,0.5992293477818058,0.6057071379979377,2,4.827125638823115,0.1803534999414018,3.2965876413124375
990,0.9428293016336922,939,6,0.005395669234959313,0.47692938195619716,0.7934076147092018,0.9818585618628902,0.599560929207339,3,4.662948341496126,0.0002976451766685246,3.2713512133321783
987,0.9430418358043131,950,6,0.005426474707436199,0.4765158682034125,0.9413062392668388,0.9987381968702568,0.6018645921293079,3,0.26678997278982175,0.00018151684650481826,9.969845918785424
992,0.9428854695151694,944,6,0.006900646405366227,0.47896000956584284,0.7981644623784244,0.5545975309018357,0.5938400442993476,2,4.658035840731016,0.003788255706925026,2.619969953721255
993,0.9434977223830134,969,6,0.00694616741253909,0.4973871013614644,0.7970331809115713,0.9639089552360485,0.6012714315687004,2,4.877370592254406,0.00019010200993370183,2.3037999820542523
994,0.9431081153655307,936,7,0.006898094519718381,0.5046406077906113,0.8761138291425787,0.6012690540703944,0.6028312121570892,2,4.639547619889855,2.6535873727080066,2.3899901537625268
996,0.9429173418135772,967,7,0.0069638701483302964,0.4995442093348336,0.7904446445456248,0.9649066592066331,0.5934741784063409,9,4.642279918425499,0.18179083027245915,2.692274405811427
995,0.9427748964343372,965,7,0.0068432085831869535,0.503876157430226,0.7988616414991332,0.5940661770429636,0.5901075599562287,2,4.645732324205654,0.18959519144856204,1.8115782645443292
997,0.9431254478845862,967,7,0.006892662132901091,0.4993926020097337,0.8793471817008096,0.5945698521779932,0.6581114456637178,2,4.796278106462597,0.0039002168388787505,1.7876157953043221
998,0.9428363721910502,968,7,0.006881850212662844,0.4180024517664461,0.6728566251218747,0.9627720017309216,0.6589754839285511,2,4.771083574489579,3.776182203794632,4.552266179511116
999,0.9418632839951406,967,7,0.006953746366097788,0.8765682027215136,0.8755828570661075,0.9644206943097986,0.5850597242685182,2,0.949174404003822,2.5184400035224166,4.545685886944703
