trial,score,n_estimators,max_depth,learning_rate,subsample,colsample_bytree,colsample_bylevel,colsample_bynode,min_child_weight,gamma,reg_alpha,reg_lambda
5,0.9213228588061565,112,4,0.21794722614965015,0.3328826238237998,0.868578677613765,0.802203923284973,0.7790417779064422,4,2.4320337607843805,0.0068834306761374475,0.018246678177078937
4,0.9383625138105465,310,3,0.010233789287629311,0.6291848006427213,0.3400993944030435,0.33818210317278896,0.6942079330926204,8,1.683713723796691,0.0005013742742393077,0.5704382155254387
3,0.9381333620037913,414,5,0.16236618908313302,0.8585898807661485,0.7266778950498317,0.6137363730901576,0.3540109041329891,4,2.7241630702094803,4.570558756385357,0.0030900227857728313
7,0.932728274170562,435,6,0.2139330980675688,0.7024395112487296,0.38426989941229356,0.5584019751713325,0.4934164227958478,10,2.7358805249339375,5.856065911704142,0.00038831785566499085
6,0.9328702217408191,269,7,0.10052599034220101,0.6024960186083064,0.7708139508353264,0.4989804704800081,0.7579175533856346,7,1.8714576557320761,0.003517065340904351,0.0010698875369432358
13,0.9298253725745406,393,3,0.1643811542524521,0.8146617025858428,0.5905191889679605,0.33422576414531646,0.7945746087713799,5,0.17994566522068767,0.05521742079035385,0.0034048029515159153
14,0.939762290053236,105,5,0.015955626801505012,0.663464679485716,0.6560451099320328,0.41465748224300214,0.7573144970715948,2,2.9621932975597125,1.0938607674977348,0.058923711891567296
10,0.9427832287339604,365,4,0.023606475090276587,0.842788002264122,0.7390202973529485,0.796167839948771,0.6120218801463446,4,2.7709516505663445,8.783677932826844,0.000397919312391174
1,0.9343768902000154,562,8,0.07689422290458998,0.8298616012088146,0.899100483971562,0.3199434030459851,0.30160794142811503,7,0.8137995739140863,0.00013658825131152846,0.004244404191145105
15,0.9392383445332004,188,3,0.05940628081904936,0.3521237940209832,0.800803101709618,0.548363645207148,0.8879473684944107,3,3.640001985568862,0.00011535589300221876,0.0009197791138957977
8,0.9418791356107435,305,7,0.010540418653578677,0.35325362085925943,0.8729230644111775,0.8690676334049918,0.978033913866164,6,1.981860851825732,3.2250049829054253,0.004881107730535023
12,0.9418941084943473,390,8,0.017224301433543376,0.9081554353943456,0.32652508724739476,0.6296633470022553,0.5652782713018059,8,3.3659010345988456,1.9035491233381383,0.0010261169772256109
2,0.9392138819701789,782,6,0.01756358880939606,0.5828218826690746,0.8565556398395321,0.20969834847219185,0.6140904824745995,6,0.9549702859881976,0.7068482440513288,0.26857663408064814
11,0.9197530646195926,886,6,0.1477015709392274,0.25310509255090013,0.8086175249542906,0.3287768013371324,0.9304297584803835,3,4.731425443207971,0.0002182044377952161,0.0010612811587234292
18,0.9420436880920523,348,4,0.013501625063826054,0.9036523844328795,0.4423634025266381,0.5166123965741841,0.4608097195001764,2,2.036808110843655,0.1554475695805572,0.0013774295706044672
16,0.9357541554578764,682,10,0.14024841170448052,0.7616465866796519,0.38502036935571554,0.2201508139818678,0.2753142105963141,2,0.9227909427232389,3.1441092934831696,0.00012442610196030887
17,0.9375318449032595,941,7,0.11703356766662028,0.9691637075949836,0.7390407055181313,0.7539790655134126,0.6486815822936074,3,4.842610272693744,0.0007759274912031532,1.6385392617665955
9,0.9410045520196091,791,6,0.01250680181407875,0.31124530932141214,0.8936821280763252,0.7449042473627481,0.8943029080924522,9,2.886303152184646,0.2336504142323177,0.00030754766116689855
22,0.9401697028735768,615,10,0.03413663664293505,0.9546711481011441,0.2100869091693307,0.7242713442774618,0.5169541386558015,1,4.927823848303135,0.4112103781489928,0.00014728914856834772
25,0.9399334225882925,558,4,0.03847322308782525,0.9700506255325654,0.5123978642501672,0.7373095103670441,0.4208021193203945,1,3.953127557161702,0.19337296011258162,4.955881860081037
21,0.9411308587864529,783,10,0.027577746995159653,0.9587944606669253,0.2034094592215553,0.7193077371511091,0.5366954875670084,1,4.479518174937191,0.3674991468595285,0.00015533002486570394
24,0.9410586848329168,597,4,0.005184275687195368,0.9783484021399136,0.47350546069146143,0.746453825963401,0.4139845691521268,1,4.402628626128175,0.1515366753985606,0.00010359429618941133
23,0.9413396839148817,582,10,0.03659994286924436,0.9752415564881514,0.49846631250789336,0.7319989248785261,0.5225206817984965,1,3.704103937526777,0.27817901800165634,0.00013156413675879862
26,0.9381072588627376,533,4,0.037663282442389846,0.9876693318250153,0.9961460424645572,0.9850967919917778,0.4437217749520829,1,4.117782028107205,0.23436673977754083,0.00014460534646715508
0,0.9421818608717609,631,7,0.008035080697173411,0.4134809528709806,0.8463679421104655,0.5958383457246333,0.9113548228603785,1,1.0103716663766398,0.5885995670743952,0.02785294288164407
27,0.9400424093595771,532,4,0.030079877874326602,0.9751620750848827,0.21799866287380743,0.9320374432518513,0.4310464836751011,1,3.848884263206439,0.07322301958311228,0.00010286996737226687
19,0.9395424025029626,934,10,0.028513151582316026,0.9811853894203851,0.995957507349453,0.9784759747226826,0.9938487779836012,10,4.924905845316911,0.14323663744548268,2.656413310102253
28,0.9410375274293272,520,4,0.005446693552225724,0.4459714845113044,0.5118783575979338,0.9284867383000328,0.4260843454028131,1,4.003463499881011,0.08167072142269788,0.031913752135316574
29,0.9413044949771698,477,4,0.007026233270270653,0.7444083353295264,0.9931848944401775,0.9964707461096515,0.21527496054560163,5,1.371812539518754,0.04421832556022541,0.029079831275690964
35,0.9396797998695178,232,5,0.005603431312562108,0.480212626985438,0.9982738433154117,0.4419430587079379,0.2386075903862564,4,1.4147554825561515,0.017400874280664,0.02580142752466015
33,0.9404572460042375,470,9,0.007068334060819868,0.8690206862493327,0.30054313315949865,0.6493874502479946,0.5871693389108089,10,3.3217056246106207,9.642538346037503,0.019342311365798327
36,0.9415753980337651,471,5,0.007004777337111751,0.4004170702522828,0.6356510055295689,0.4646818649544292,0.34547113998200785,2,1.476784614735051,0.025678206537045844,0.02269868470688381
37,0.942268404493823,472,5,0.007265667412935902,0.5465248584781882,0.6511572192938924,0.6459815496637064,0.3536813412299933,4,1.385411803376804,0.02540239927506148,0.014615887665577962
34,0.9416848106039282,490,5,0.005004601258192514,0.5127407814152174,0.9894066832300419,0.45409108105288976,0.8400243835562962,2,1.6207071897973018,0.04424399029450458,0.013857439534539029
20,0.9364989277904172,999,10,0.018625005839695445,0.21763643165642255,0.9762828941329024,0.9864502583650434,0.5626665695221436,6,4.640706227027323,0.4170642059294971,0.00015910418583801024
31,0.9407077733321453,473,9,0.006670476289559317,0.8779376510616627,0.9775200450023267,0.9891889921028185,0.5845055291854133,10,3.5631567767112386,9.756021547986212,0.018916762866451994
38,0.942297576935126,687,5,0.007368285540260746,0.5117565859270613,0.6637443117432781,0.43094058468586793,0.3412360209511025,2,0.26224551098986626,9.589626806248496,0.009686140882225544
30,0.941364845706454,477,9,0.007018396634907085,0.8832699575545903,0.49827034762725136,0.9593678121267266,0.5868403627966688,10,3.533084786045701,0.04162423853286801,0.000722524329942298
32,0.940355719062325,488,9,0.006459322241016778,0.8802486558654391,0.9892300437595634,0.9742320924101242,0.6234100671797349,10,3.3267999033092432,9.711097106624797,0.015420252908040478
43,0.9418088527051681,356,3,0.020350739148540617,0.5366194693581545,0.6868712524732464,0.5864138933267834,0.3653844832909994,5,0.5159250214743825,0.8016431975010675,0.06830798064127687
40,0.9413546014863762,354,8,0.020296976537715623,0.8970246437413643,0.642786074188904,0.6449305534412098,0.3536909121539339,2,2.1885965643768306,1.1503086001106206,0.0053179632015713085
44,0.93942532868386,337,3,0.009653609444083838,0.5325491722183818,0.6696617051947009,0.6617851184814464,0.3226283227661502,4,0.5242085301659039,1.1354897477572408,0.1611842198903789
45,0.9403568534823762,340,3,0.010114683733282137,0.556116091740398,0.6644523661598934,0.6666951740074404,0.3414597200431951,4,0.5362553273831383,0.8679880999537488,0.14191628757182087
41,0.941405438532874,323,8,0.019969651489081603,0.8867004832969314,0.2827218838733186,0.6602622466252711,0.5877704721288056,8,2.3018261719835866,1.2790018884707703,0.007393440238254936
42,0.9406525499310237,684,5,0.021326483088565325,0.4702383801682529,0.6820180158575819,0.523119982308572,0.3250675443359179,5,2.2341758688683457,0.8971565416813198,0.11764277193712647
50,0.9428479710359914,687,5,0.00950496386146028,0.5506062701968173,0.5801140036159644,0.3872776012131882,0.2902211646516078,3,1.1841654627777414,0.008490044020707698,0.1781255337711001
39,0.9425820972068365,681,9,0.0077649524245146035,0.8478420639123996,0.6686700827670423,0.43253078339497913,0.3549335080083164,2,0.19364760541756842,9.246267477727752,0.006940922126044871
51,0.9430889763321154,683,5,0.009415386040328145,0.5720187248618571,0.5610953993506744,0.5202225201822098,0.27700052584289725,3,0.0324651120999587,0.00751523328719964,0.0022624423678716905
47,0.9425745862398542,653,6,0.009439327170562593,0.5404223016574944,0.6808791082636266,0.8473770399086535,0.3549146705403695,4,0.4913574824188538,0.9587371673338793,0.16209761954388263
48,0.9426543671738452,676,6,0.009330439102087593,0.5275021563606064,0.6728190206515128,0.8409648268677127,0.3695028359223497,5,0.35673814827310496,1.1214524274711495,0.11037785543329445
46,0.941487824354122,692,6,0.010568680869092122,0.5480161222205764,0.701766986020354,0.8141914151645263,0.3619117404778547,4,0.2810173665997783,1.0713399846134675,0.2657500638771349
52,0.9414649898456361,685,6,0.01369228858714899,0.4114420622700945,0.5763963334250797,0.5220872785910547,0.478829215874875,3,0.04887987168361743,0.0058613596622419314,0.006748955740334655
49,0.942716471192629,688,6,0.009255004979924946,0.5865288502212922,0.5885349796710182,0.6758580420881966,0.6956361489570558,3,0.5509882272986327,1.6448976327364209,0.22008539027664858
54,0.9414812255151295,661,6,0.013061331791118534,0.598745350049554,0.5590413806646982,0.8380227886623948,0.27705173572406777,3,1.1804206257367142,0.005914480073870906,0.0016909142712085465
53,0.940933954982998,668,6,0.012699900081600777,0.6020383014687108,0.8416712051726124,0.5287832608187634,0.6936587927221786,3,1.187741434682646,0.007701588603919253,0.002097213005218961
55,0.9426745498319627,724,6,0.009157994103887733,0.61804310038872,0.5793326273490931,0.3753772449011265,0.2669786664959549,3,1.128752074443347,0.004309374999812903,0.40323278150023667
56,0.9426923373713887,727,6,0.008728007641864755,0.649866221044063,0.5786718104224461,0.38280165770802443,0.28218428637861726,3,0.14929486200460967,0.0026306575775598127,0.0018417020875701818
60,0.9430504712769123,738,6,0.008824798054729296,0.6315748170137148,0.5864871339616092,0.38247863263543336,0.26069131624705794,3,1.132179217450396,0.0034226657000761794,0.6314378387500902
57,0.9407980228655249,723,6,0.013840063260385843,0.786992054182236,0.5855031556754237,0.3788635954889757,0.2654025308081621,3,0.1085452050486807,0.004197847975224655,0.0019341594142098866
59,0.9418897461430917,752,6,0.012984237827341552,0.6273415679842302,0.5843941923258755,0.38118474061348284,0.27609263553780017,3,0.011949383963574894,0.003104436862114048,0.5237646364504138
58,0.9407131386067398,736,6,0.012633292238888351,0.657620397741381,0.5731272669356684,0.8503528110975442,0.27320777521168255,3,0.03174882641583454,0.0026289117702184184,0.0021624480930336797
61,0.9425565597103717,762,7,0.008621680339902429,0.6219039603059531,0.5785773154946713,0.3877406935300195,0.27490448685865065,3,0.7451557844804844,3.6051217808754714,0.6797241971034437
62,0.9408372412382123,733,7,0.011923317811326457,0.6517690946361451,0.5676202551240656,0.37960080071454505,0.2761985123798041,3,1.1260515098412345,0.0016689463342287607,0.8313319550916138
64,0.9426326597800377,736,7,0.008669370257575859,0.8199156378595558,0.6028345773701901,0.3768331219008106,0.2769300081952801,6,0.774478435500933,3.4321846418467326,0.6133818071662624
63,0.9422639263002253,738,7,0.008437484308348687,0.6467557888174863,0.605992398398452,0.2859583328142591,0.6799131144100972,3,0.7649416653168506,0.001265808976200246,0.7618347994683584
67,0.935383133309092,832,7,0.050018246121870016,0.6678467932998057,0.5373496821734283,0.2734055066296672,0.20309456045177043,3,0.7302702333051283,0.0011389571991716624,0.730277165700925
69,0.9355070971384792,833,7,0.05324604502768904,0.6619694148756099,0.5432486522240233,0.2869275192844407,0.21671516147084557,3,0.771885550197893,0.0013781162124768106,1.1352431435092791
65,0.9422939503392855,745,7,0.008835940815637999,0.6565609031304391,0.7376041061278584,0.3805306006942343,0.2663061019068839,3,0.7380880045612452,0.0013689482076097927,0.810838169427705
68,0.9398885415079704,837,7,0.01605666357861402,0.6571596121058818,0.7411456099710491,0.2711378130949565,0.20894004974806699,3,0.758738718675511,0.0010551234318495694,1.0404753125067814
73,0.9335190599162265,848,5,0.056953732565780575,0.7151679297073636,0.5416432684714909,0.28771912171789765,0.23222813240708673,4,0.9297420625902775,0.0009226933302426467,0.0003840463930020551
72,0.9342714674070892,826,7,0.06550090249233519,0.7071972058841768,0.62069825065212,0.30104198098993956,0.20561807276086214,4,0.7534433379344938,0.0015066708171481537,0.0004109642125191511
66,0.9399472798370894,818,7,0.015397959054505536,0.6782949922047319,0.6039612213931663,0.3755354316727596,0.2662573132822214,3,0.7942849640593237,0.0013809891260529656,0.6488410053742498
70,0.9419442765774111,830,7,0.008672403031750686,0.7075991082780474,0.6173587624880986,0.2820343158669091,0.23218487663050347,3,0.7888953872672699,0.000818767464766515,0.636824051811343
71,0.9414658936246283,814,7,0.011060819784291036,0.6969656051482358,0.5413836862027155,0.2891462845531213,0.20841669851647993,4,0.7558818420792863,0.001562511049046292,0.9942343914690163
74,0.9342299186204418,817,5,0.05563832710682931,0.6846459412810172,0.5392401127949038,0.3074604265732321,0.2166368475785787,4,1.0317997367176623,0.0003424784010668153,0.0004100690367102268
75,0.9421659570749229,638,5,0.015960944870922953,0.7047385691805128,0.42830374693241513,0.307047257925643,0.23866101460819822,4,0.9533753893962988,0.0004007638482903467,0.0002759440841046399
76,0.9414774695098259,810,5,0.015260194846525884,0.7026200369402,0.4149509196908219,0.48613115786548966,0.24437116076250293,4,0.9672944156052444,0.00028125134215037096,0.00045217762577584716
85,0.9264411523094486,157,6,0.2744975571793179,0.5766973921214386,0.4621890836560759,0.8857581809510361,0.7541772348477459,5,0.2986720796495599,0.009672768535754255,0.3664710546697852
77,0.9392488934916914,835,5,0.016534734952934813,0.7171911583550703,0.4216910626751643,0.47358887066329164,0.7459978622386847,4,1.8363804702154982,0.0002580598913560522,0.0003644740994630623
78,0.9417121337422589,627,5,0.005984874781094097,0.6965471906896841,0.4451243297481927,0.341266906680176,0.3085899619882239,4,1.8150873647489245,0.0003003726631289061,0.0004383659691996376
79,0.9424490757586582,629,5,0.01144093197855601,0.571277666390068,0.43939938562720515,0.4860980898234255,0.7514862779461238,2,1.8548570267249966,0.008992606338181079,0.3140740612816083
80,0.9424019634087228,617,6,0.010686077245951898,0.576520515765832,0.45930894086927715,0.35670263698812704,0.7528781933103893,5,0.35916650886300194,0.0004791269327617551,0.3458571909589832
82,0.9420959601225156,629,6,0.011146508952756104,0.5767476101817696,0.4565173733015838,0.7809458607266039,0.39165697546090084,5,1.8528784441017148,0.0004296299646808135,0.3659736415060948
84,0.9388207871589411,617,6,0.02467586691903157,0.5751348840571606,0.4520346174606752,0.482580802760098,0.31162668443094776,5,0.37529821933031116,0.011053256311398448,0.3782088773218392
81,0.9421640117584777,613,6,0.005847347112791583,0.5734175126499382,0.43971261955126106,0.7774994200048541,0.7297365370597361,5,0.3595711322102062,0.00035280441418919387,0.3078996800835699
83,0.9426359701575933,615,6,0.006326445877668246,0.5843768307140849,0.7880878381252344,0.7706224302611698,0.39292901792292945,5,0.38847755396771533,0.011604105575779271,0.3596996363595406
87,0.9424284307747977,617,6,0.011016922657759002,0.5876732305291774,0.7716847224623874,0.34682135831903166,0.30303495437263006,2,1.854087917195143,0.012234560703336306,2.592883826349464
86,0.9428382214940226,596,6,0.006329685493446277,0.566357408064423,0.7135843194155107,0.3495324645109974,0.737603191419127,5,0.38679693155873285,1.7812888544169967,0.31801117979623983
93,0.9417654921860376,713,4,0.006344899579546871,0.8004026397429207,0.6363287408070377,0.4043921553808319,0.3978098588913656,6,2.9248156232468396,2.059186289183568,1.7430619776149203
89,0.9401133372252186,598,6,0.023915855605916685,0.5712243032345352,0.7082264160653229,0.40845859690162495,0.3050813599945919,2,0.36104616764767683,0.010897910999450056,2.682235064398274
92,0.9424144378547894,772,4,0.008162933445198507,0.9208111557514106,0.7091862550419291,0.6957517855911601,0.3928384579890335,7,0.4303232717277766,1.7814180916923197,2.220710327458053
88,0.9428075900653858,616,6,0.005902432593329102,0.5668455525982535,0.7938180953198296,0.7667067712626637,0.38548497201868365,2,0.38726191784829944,1.6323711397355138,2.261442502598656
90,0.9422691005914994,713,6,0.006319904817057091,0.5072653815999396,0.762939440704358,0.7699842140706274,0.30085820387213535,6,0.3579576011472294,2.343862119066782,2.338004385948173
94,0.9418588793770846,708,4,0.006385296703391624,0.8124380520219818,0.7625924342926031,0.4074910446514896,0.29617594826965715,6,0.47650685114178043,1.9348086958808932,3.0787800120370927
91,0.9425795789404299,708,6,0.006248398451393228,0.8212669164076063,0.7075264551754459,0.7833194677704199,0.3890168573655105,6,2.525880506924696,5.098203236758358,1.9122928965551802
95,0.9428324095480557,706,4,0.0077738856542613035,0.9320158601375316,0.7143583236958752,0.6977223888204314,0.39365349726887144,6,0.6075507844018012,2.184108376312017,1.8508473024295002
96,0.942767507571445,704,4,0.007776649292573499,0.4847199375136694,0.7088033281875324,0.40866901460811805,0.39720567582698774,2,0.6150530948132009,1.9314618395111167,0.2133126656263788
97,0.9422579223273132,705,4,0.007808328749131695,0.5124601705652749,0.48555904710755365,0.23955576548069685,0.8012283966874083,6,2.6096753309584946,1.7282956211989484,0.077489135720989
98,0.942177328409679,573,4,0.007611804229620971,0.5177307522712868,0.4920972022205294,0.8916019447503691,0.8145903393241708,7,0.1680850843239869,2.126393392826865,0.21427558928764306
99,0.9422448394480453,777,4,0.009859671641545177,0.5049052581341753,0.4884284645288164,0.245321130946913,0.8175534651094015,6,0.18941532609530368,2.2233317685327907,0.23445824266061155
104,0.9433733849359829,571,5,0.009554726563091124,0.4829511388398657,0.8257336328468862,0.2541289860589129,0.6237733951024592,2,0.6314456753903979,0.5671627226386893,0.20582005339218348
100,0.9429559903671769,709,6,0.009658039146770846,0.6137654742866928,0.8138116296841642,0.2462424163944312,0.8301272241074323,6,0.5750452679545216,6.59895511671734,0.23524045288876802
105,0.9422662285363186,551,4,0.007481885407881898,0.48274579065837464,0.8549222442292292,0.7004046986368827,0.8099280352806295,7,0.6041775146148387,0.0022950052782578618,5.079763776988782
107,0.9413646578540075,563,4,0.005253581775031385,0.485220436717711,0.8165965064401044,0.7036732977848841,0.4628514820683404,2,3.0964402501510984,0.5628652960159095,4.310009635748537
106,0.9407076679260502,565,4,0.005085023169409983,0.4894741065087882,0.8267211206127321,0.7063223892796138,0.6620611599564513,2,0.5770692307207504,7.1761360743130425,0.22983468264900847
102,0.9432252685001107,579,6,0.009553637510488964,0.48891963418290074,0.9346110198491809,0.2505024782248719,0.8063890357028052,2,0.1610408697682632,0.5074754036307901,8.36778259755596
103,0.9428406604449519,559,6,0.00956987118908504,0.6193334167956146,0.8096130798462138,0.2356229555334329,0.8336058006374534,2,2.6082072129503584,6.815171122362017,0.2229249094101487
108,0.9405034462261831,653,3,0.0051955426782642105,0.4592904011299498,0.8226613404760809,0.69178759929297,0.45010972462798443,2,0.6339316258826166,0.4876847227106995,7.024277708746375
109,0.9404538594420787,549,3,0.005319516073261424,0.477796260124685,0.9039550237960663,0.6062243825760076,0.6611067873829715,2,1.617370480144868,0.4795308440027481,6.254593449708967
113,0.9376656094122258,262,3,0.00698920781729186,0.4476895894959618,0.877606344019058,0.6023569727758279,0.6494144050607649,2,1.2864015946185274,7.0554487568595405,0.052716890043740194
111,0.9409094287588695,549,4,0.007010487723057439,0.4649392269259241,0.827943031388885,0.2101212044804002,0.655752407619788,2,0.661595506259909,7.6493079485231705,6.12803968904416
115,0.9405379839420807,434,5,0.005698571955566816,0.4510776517864997,0.9067268643690904,0.22294622591201305,0.8841625531457622,1,0.6589686667889343,0.5833703253321539,9.419272831088696
114,0.9344269820984759,651,3,0.09724623023470821,0.43457136787324396,0.8915547042863966,0.5602260057936824,0.8741885392903845,1,0.6180993330856315,3.8937652262655615,8.48521488945218
116,0.9400258032033142,439,5,0.0442331801366225,0.4645483256308071,0.9440997777654694,0.21510153203316493,0.8677176748484358,1,2.8013750510742614,6.483086094601288,0.48321152315271243
101,0.9429544249301236,705,6,0.007744429681080285,0.5186866233731807,0.8221237291410723,0.8893945885975707,0.8069515646541026,2,2.6130937812495274,5.470747267885772,9.580816540586547
118,0.9402811270303536,409,5,0.0068536078531614315,0.39235275902644995,0.8895522598702383,0.20850966441085633,0.8638744966015177,1,2.773489968644811,6.14161664900209,0.47405768325966885
110,0.9416436766580999,553,5,0.005322990432343186,0.46910220756058696,0.82798214027511,0.6873235806470399,0.6318746055900963,2,0.5824386436221927,0.47899526203824716,6.601493283139134
117,0.9422844763142383,591,5,0.006976969978459894,0.4455201574635855,0.9165422290315979,0.23425549947070415,0.8640958394251822,1,1.313343088009269,6.281520596309771,0.04504899921443013
119,0.9427500226831829,507,5,0.009728762264739135,0.9990234136214664,0.9585896934819151,0.21673129116556017,0.8643710333319259,1,2.8496173029513168,4.227332187877111,9.954478090317219
112,0.9417113332821122,652,5,0.005422994158633816,0.43494220885646917,0.84416021053731,0.8146731532137582,0.6411805158757913,2,0.6133961639374317,5.674537531560778,7.054026717864979
122,0.9425543300061952,520,5,0.010086419877502138,0.9356086923032934,0.9330670379941475,0.25464790913891056,0.7761176971991203,8,2.7818179499637106,2.8331300058663405,0.49721601837166784
121,0.9429027268932464,507,5,0.008036825690011285,0.38899693603771246,0.9517825997889914,0.2518801863396537,0.8517664091400805,1,0.2196478379226523,4.16594120004925,1.2837249958565127
120,0.9424489870505586,645,5,0.010141347592453269,0.37247361652960626,0.946393388535628,0.2493395820214538,0.8653607032876469,1,0.2667747567388338,4.471413820833834,0.492442399527689
124,0.9426287054860408,510,5,0.009954260556073971,0.9395677725362201,0.7960034042709495,0.32425418116985477,0.9102092988098791,2,2.7164808227600474,2.730759065792569,1.3908079320244155
123,0.9429617699607782,591,5,0.010245886528754525,0.9411141830266471,0.7917336395867429,0.2543142574537562,0.781430241737199,2,0.8840190709081011,2.7393602479354193,1.3045934527109044
126,0.9428131077091868,522,6,0.014206928819537295,0.554139161448657,0.7862740735570728,0.25938231608606466,0.840778099680791,2,2.3367294942196586,4.726552125629211,1.3629217939963618
125,0.9421613640826081,589,6,0.012045929328101296,0.9998961653802456,0.79057361462954,0.3219203073465115,0.7855459551892162,9,2.0707844092098466,2.775131540149,3.8070263144284104
129,0.942215036657422,508,6,0.01031474886560908,0.9294697551267326,0.7966756899919731,0.2594264203285013,0.9113060473966779,2,3.071527895407521,0.28571138288915326,3.36917409903022
128,0.9407218987924907,792,6,0.014321196674724665,0.6128775167986567,0.7992948351678794,0.2612906468497049,0.940254063381096,2,2.6253323139876867,3.07052476384173,1.311377737746959
132,0.9425454858086557,589,6,0.008209430556375682,0.2596704357247413,0.7993144280718101,0.32371632910401776,0.8363595710519057,2,2.409293112293869,2.938050426252896,1.5014350362504871
127,0.942437873491104,527,6,0.010042232171389014,0.5541411015378472,0.7869170945970299,0.8073439411912917,0.94472186273974,2,2.083716384407618,2.8936507554945967,3.870022204386519
131,0.9424543429325307,675,6,0.01177964433418914,0.5543118280601863,0.795673561206256,0.2568315800212376,0.8282440980147903,2,3.1538968789596646,0.31175992836497235,1.2319403290454911
133,0.9427562259884134,585,6,0.011928229472808326,0.554192730468384,0.788350137450721,0.26591076328942365,0.8389152441052711,3,2.4538072051807696,1.526273538232753,0.14877897881131794
134,0.9424839171693442,580,6,0.012044750540458593,0.26321222838911507,0.7785268616744315,0.25941922406821466,0.7813049555455067,9,0.8838448431230026,0.30276040285440586,3.5296559546038253
130,0.9431754051554601,672,6,0.008033254478586374,0.5539395177846638,0.8029643474600787,0.2600278449002966,0.9182817162084733,2,2.417790766494784,1.3861670530898105,0.12038400407798229
135,0.9424602644590916,591,6,0.01217345825876876,0.3150970049226623,0.7757080938574527,0.20077418177718304,0.83329843650729,2,2.3845859796796307,3.2706374623678545,1.2709929707253262
136,0.9425192835232552,528,6,0.014582377024624575,0.5555392001951083,0.7762925640157621,0.2745762915790178,0.83621241780645,2,2.3225251303827514,0.12776025253190582,1.4176960385465038
137,0.9424906861191632,536,6,0.008117157135811511,0.3069116864357897,0.8602263880678592,0.26445043491810544,0.8301677501177154,1,2.510397956329009,0.100426802533446,0.08776045297796134
138,0.9424308947727198,532,6,0.008220106762851334,0.30580585108618313,0.8676604121880691,0.22944288213083705,0.8356909604175439,1,2.3724056491328316,0.11304308457732264,0.10360315340986068
140,0.9427410631651139,538,6,0.008705836168305904,0.5985853581361151,0.755345752140203,0.23111111541419327,0.8434820571993857,2,0.8671876866358785,1.4338801944426665,0.10369422599561055
143,0.942544110311298,493,6,0.008657709498768857,0.5278835172809984,0.7467150920830669,0.225360878076165,0.7268983656812747,1,0.21555884669153336,0.11970672354507858,0.08328346083738587
139,0.9424888514269366,539,6,0.00924466867945001,0.3326023152096346,0.7452628298747848,0.3587159799280751,0.8330693386144105,1,1.080911064080837,1.3989000324398149,0.10495080273785216
141,0.9428126986083034,577,6,0.009086145068301008,0.5346539713968025,0.8609476891207525,0.27017589645356277,0.7740870894490882,3,0.8690796569366338,0.11221554376762204,0.9212483932225587
144,0.9430203303518855,537,6,0.008916178810250835,0.5319920179136898,0.7454302815078749,0.2293926217031912,0.7301821393053558,1,0.07048729315518804,1.3417533309404317,0.09413429318409273
146,0.9433269551166028,494,5,0.008934702081992837,0.5340353787302268,0.8657688807441121,0.23336981432439036,0.9766057394187341,1,0.09931360787297158,5.08477927330382,0.10053522208367001
142,0.9424781918442274,757,6,0.008205571948160129,0.531562556436071,0.8706838883254004,0.22629526225847987,0.7232749886232719,1,0.08917267692271036,1.4354489374972974,0.8366844558859652
147,0.9431463704726177,690,5,0.009112969010359552,0.6392059958088716,0.7430885324394191,0.23087800373158518,0.7205635590604245,3,1.081344714488715,1.3451419792638721,0.11860316344686818
145,0.9426556852718443,753,6,0.00885659756639953,0.6394187661546477,0.8664797653528757,0.29765035555752295,0.7202765682042797,1,0.09593731332201923,4.79489002202712,0.17151009354445768
148,0.9426035332582217,754,5,0.009153939258245728,0.6347816651493857,0.749871696967237,0.2987675784263491,0.9607817047698124,3,1.0833622311576148,0.00014604402183291895,0.9320897712591671
152,0.943763516896691,671,5,0.009246103788546414,0.536888881824198,0.8429808463146662,0.30107141804113063,0.7700355184489772,3,0.9957313734221127,0.7108999120544581,0.911066879317305
153,0.9428617113988217,692,5,0.0074186978062477,0.641340063838496,0.7257531109446723,0.2900351543246579,0.9636729916727049,7,0.09893597280460174,4.105378187883469,0.18367200336734524
151,0.9404995660295402,698,5,0.018362584656055853,0.6392336673515412,0.725686740804244,0.3007261760109983,0.9767455441907822,3,0.10776352641383394,4.8556856599492875,0.9257553835648226
149,0.942878144313384,762,5,0.009058441268321867,0.6290403507786223,0.7475129557570688,0.35304044414046826,0.9754823966076601,3,0.02505510485489143,0.6963136494804463,0.9046358455018372
150,0.9432591863029351,666,5,0.009304061253590392,0.6307789795637481,0.8456463078243063,0.30104911504909576,0.7686502223636054,3,0.10806387002191292,4.894274069869174,0.9901833188970649
155,0.9427238725790177,460,5,0.007455380705786716,0.49854634299607115,0.7279825144591864,0.29463750001438127,0.9838613615427916,1,0.003399711324181154,0.6762043624550748,0.1638714691712263
154,0.942667090002591,669,5,0.007378150009018742,0.6396927664459896,0.7289610911560254,0.29761335484054346,0.9612108589322036,1,0.009047289327711316,0.6659944922536719,0.15876242660503623
156,0.9424141602506186,669,5,0.009364653303111026,0.6359989603212293,0.7234853984549358,0.3053010472235391,0.9831551311711357,3,0.030655067916446566,0.0001539495932064275,0.16597374435162077
157,0.9430448737958214,664,5,0.007484201034953957,0.6060901630913594,0.7286922567927311,0.23928141910399364,0.9830746815872861,3,0.06710660457169858,0.004743972280997314,0.17829195062532344
158,0.9424146570159768,666,5,0.010964258061579569,0.6102995065920118,0.7308007575742305,0.24783379904748,0.9983255714025913,3,0.037707968759800245,0.8315807394564856,0.19290965513327377
159,0.9427367550823428,669,5,0.010891023294127297,0.6105217274119399,0.847754173560544,0.23881541546879168,0.9889490813189352,3,1.2275276310403453,0.8046309151863104,0.13094971383245507
160,0.9423469654305372,669,5,0.010628308529883699,0.6087653325729407,0.8097593768081635,0.2404021938727888,0.9902066548774812,3,1.5217236601610005,0.016479546017344065,0.1258939483334108
161,0.9420009735766122,664,5,0.010625378138874002,0.6123501898878424,0.8392153588242266,0.24613686419652372,0.9714303884395938,3,0.05968839192572091,0.9067174309624467,0.1830412869583405
164,0.9418225095780223,674,5,0.011158041676293971,0.5993715830586646,0.8483160958700542,0.31137248937762974,0.7963046537030174,8,0.20134542346114076,0.8325231224360543,0.05858319026479923
162,0.943371141142873,666,5,0.007456372431061311,0.6070067603946581,0.8218159357884056,0.24574954372495494,0.99226393102598,3,0.010069062497699816,0.7649728463078808,0.1285167215741494
163,0.9426252844842666,661,5,0.010481480330356365,0.6097990021729343,0.8336929077244295,0.28007354768359743,0.9977307666482897,3,0.007282336464343439,0.6816020876978407,0.13640443074569894
165,0.9426307071582197,668,5,0.011132031957169155,0.5933252148810086,0.8397777477911926,0.24362805852819022,0.9997776061459118,3,0.2693143493594159,0.9716729617915377,0.12494386171898984
166,0.9424674018084304,723,5,0.01107827093170356,0.60109854200409,0.835378581123221,0.28240195839415216,0.9990910988373068,3,0.24873895960278963,0.8587093422805688,0.13158359577476972
167,0.9426266672869972,734,5,0.010793435278217474,0.601896383652506,0.8336211027378106,0.243389766591455,0.7954911856243946,3,0.20998073758437352,0.9656253063105649,0.0038830233025091408
168,0.9423970521108739,730,5,0.011143627790595682,0.5960308818883814,0.8401692216788957,0.24461527133545707,0.7925280919121033,3,0.2673475260580477,1.0512577101549294,0.06272082155315209
169,0.9423511013152324,685,5,0.01057862954515001,0.5931671760260906,0.8318249107676583,0.3365573021172855,0.7086149715461929,3,0.23481589696079833,0.004316171486002161,0.062255453543010895
173,0.9426969251455798,715,5,0.008174311562828732,0.6776424756972583,0.8354407625373083,0.20113021518358631,0.7695746442583642,3,0.2621318291688073,0.0051119413791401395,0.07153781654990421
171,0.942904466615625,724,5,0.008031657134901119,0.5925012098656158,0.8351572811534793,0.2799006574705607,0.9295402992406663,8,0.2532585949762003,0.0038087066230371035,0.05788003509462168
172,0.9434655641314371,731,5,0.008038755784577288,0.5897012728718312,0.6896827499355824,0.281451727150336,0.7019234694893404,3,0.23915768123152498,0.006152875042564694,0.04103681490222721
170,0.9431040504473153,731,5,0.008069476864976723,0.5192804261597121,0.839417053787352,0.27464460588884776,0.9281066196750805,3,0.2584206709121203,0.002014719131092271,0.05273494320657655
174,0.9430884388653938,733,5,0.00803522346133066,0.5414947493158557,0.9641573469476147,0.21628443181264234,0.9301414806379097,3,0.25367357467956775,0.17910603627221547,0.06871995011779541
176,0.9434292052904342,638,5,0.008174667059835269,0.5113524129798445,0.9744693885034962,0.20134207215887126,0.9227906181309501,3,0.15549247677922431,0.004747436941344664,0.2809426931860501
175,0.942963685012107,719,5,0.008056791579683278,0.6774056427490249,0.9214734782866801,0.20331245506446255,0.7639254593495475,3,0.19946810191841544,0.00582129143811236,0.0453027826350503
177,0.9433436531118394,634,5,0.00807502581238773,0.5196545610746708,0.9662147679436516,0.3379633330960611,0.9041717264817553,3,0.17628463675222078,0.2252095788061112,0.25339593232202845
178,0.9427816862566504,640,5,0.008214126241132394,0.5152586997922568,0.9246694191079434,0.20076196249858502,0.7621016376127938,4,0.15604058663992465,0.005652868568752668,0.27613603556113975
179,0.9431576405757778,644,5,0.008504470055225526,0.6741146517633099,0.81135697170172,0.22040901036332952,0.9294470651420947,4,0.4437724600826016,0.37617791459652206,0.6248298811524295
181,0.9425633192675683,635,5,0.007890592458463127,0.52564800501618,0.8126390418584278,0.22130080531814428,0.934098452609659,4,0.4604928786651583,0.003745010309542895,0.035684289091689116
180,0.9427740124842143,636,5,0.007607785687825094,0.5409159407401812,0.9253041622767615,0.21802137090995757,0.9263691428212066,4,0.12077685809717129,8.285720224819729,0.03968576329162395
182,0.9431506253305291,640,5,0.007935606141443577,0.5264601045375501,0.8127691171584402,0.2185707899538134,0.9258332319541229,2,0.4689737218588566,0.0031200380513497156,0.09048215639960726
183,0.9431013829425762,642,5,0.006720199296008722,0.512653062323996,0.8833674483311503,0.27107776944173406,0.9222268074187244,4,0.15121417044760305,0.002159452175372294,0.04968677863955552
185,0.9428101052009182,606,5,0.00668388572209695,0.5194622375375691,0.9276428811143914,0.2200827354913626,0.8986578325510054,4,0.4820196869641902,0.002885019736026939,0.08817039210073345
184,0.9431696558269753,692,5,0.007127867580295569,0.7543110952110526,0.968769829542282,0.21858978945127522,0.9291395668246869,4,0.44145474594762574,0.21923646666695837,0.037147887976737556
186,0.9431948197057967,638,5,0.006779449561580882,0.4990438640534533,0.9274150072239806,0.20059412229815815,0.925730725139737,3,0.48520940016854813,0.002994777186733299,0.03826758301445059
187,0.9428443225240322,632,5,0.006775824763380299,0.49383149556450506,0.960278148400281,0.20806531595703687,0.9218357905083449,3,0.451361327376595,0.005395885677595236,0.04108935524926529
188,0.942789003109438,628,5,0.0067091634202386535,0.5393574089494105,0.9823991570986388,0.21663603091456274,0.8998987486273725,3,0.4484019825949934,0.17796313580421305,0.04562052902738812
189,0.9422610125000567,636,5,0.00686933318546571,0.4976788498015973,0.9720032810452248,0.21593825373704353,0.9274991909520764,4,0.42446504122492323,0.0030291711329712154,0.02978530118687562
192,0.9430314047754138,615,5,0.006574876689692972,0.49910025050159945,0.6937733047932884,0.2327744709696561,0.9070767042782361,3,0.4414087192096308,0.19240725539122538,0.08119228703113017
190,0.9428971153232221,637,5,0.00666367454813824,0.7409041378410538,0.9562163689092333,0.21696690682012634,0.9019624108123339,3,0.45954337172765247,0.22982229394246045,0.03203623763866953
193,0.9423996048168958,649,5,0.006957070079226947,0.4978062946669705,0.990741386017926,0.27418049028096575,0.9039005359479935,4,0.4201609677782575,0.2096498018586613,0.07896590521928812
191,0.9426987786230512,787,5,0.006688219983611247,0.7361044167702874,0.9665242866896615,0.21692998069630973,0.9467794286806503,3,0.33135342547019175,0.21354103285095302,0.09051405184308718
194,0.9429709486400351,647,5,0.006931778097371543,0.49966557340062645,0.9704486954106245,0.27616552272991307,0.94700902512078,3,0.3550460284851088,0.1816649205293198,0.04669886979025242
197,0.942671548367319,648,5,0.006608253771790764,0.49001495706026243,0.9695341853137046,0.2711918014510523,0.8960156154464982,4,0.3421075692382246,0.3886651014499849,0.02544217252134928
196,0.9429812116453572,644,5,0.006793684958138966,0.4949833129334669,0.970210174506766,0.21448899364317003,0.8942547977321631,3,0.4460836474336868,0.36611483329187444,0.02246709269177059
195,0.9425957290326978,647,5,0.006915684939477012,0.753162687258555,0.9707168947754977,0.26620250146449986,0.9514609893743329,4,0.4352805078958141,0.18642243548628568,0.07461809363130226
198,0.9428716456623629,695,5,0.0061060689675647185,0.5011507584151953,0.9707554705618768,0.2671659705126639,0.9486127498379258,4,0.34501806881891184,0.3743385108543467,0.023809739336213474
200,0.9424604669222838,650,5,0.00872844833342393,0.7607214323825203,0.9711784479258492,0.2669924145754875,0.9489880923351259,4,0.3414750208090594,0.34027753317775367,0.04932448810649469
201,0.9421514037284494,685,5,0.008958173232819493,0.7731240666638011,0.9722212540578605,0.265889506682076,0.9562172327898407,4,0.33354234194841403,0.0023073558460322214,0.027901405858879368
199,0.9423007693830903,693,5,0.006013334595410565,0.7380881278816858,0.9757003741985538,0.27085975618525243,0.946474545623583,4,0.3581802412199421,0.0020832692439152253,0.02395081678230425
202,0.9424532961769543,695,5,0.008782094462370986,0.5140904701684919,0.8833599082416361,0.27191512513753197,0.9513621832203412,4,0.28714335634080024,0.0022290800840334534,0.024332222445895495
203,0.9430805073176565,697,5,0.0059758836001678394,0.5626453201191838,0.8810378870290919,0.2690836853684823,0.9499759373253469,4,0.30727164106934524,0.0018975979354704255,0.05346964907418871
204,0.9430960270606041,688,5,0.008706644571008278,0.561722872249678,0.5188689975002694,0.6286416433115265,0.8891703360939852,4,0.15964957918587921,0.002175307535322872,0.019259188556170922
205,0.9423950264353268,689,5,0.008838557156452865,0.7698566702062768,0.8781735106210591,0.3189230987428326,0.9553203667465657,4,0.1630994381377095,0.0006806715121257068,0.021511541371080734
208,0.9425628204149608,690,5,0.008479935395843515,0.7738334736329326,0.8837644163880914,0.32172274505773496,0.6835531094496282,3,0.144483199663361,0.0019607644468028857,0.014179704544731756
206,0.9428343298175077,688,5,0.008797151351327154,0.5139918262507415,0.9074724969856942,0.31578497473618977,0.9511106745338791,4,4.239101457710771,0.002274648851632354,0.06975288780359341
207,0.9423716189768792,688,5,0.00880509870299538,0.5661885546434601,0.889283251372776,0.3220525776745072,0.9180643721507045,3,0.1504288088204755,0.0020920074435000053,0.6478217330799855
209,0.9426464293643597,683,5,0.009197127894901621,0.5588935775689718,0.8785766909558108,0.313094754036511,0.8821251637167735,3,0.12699721970896335,0.0021635772890226035,0.2863117672222622
210,0.942929790169026,689,5,0.007391026579323377,0.569974123267003,0.8827001494936934,0.23697199766296143,0.9240356930705629,3,0.1675595016173348,0.002483472996533821,0.012754908170616398
211,0.9425882316328366,683,5,0.00749803083747645,0.5675112257242696,0.8884171786811241,0.31501597421985206,0.9164521009688636,3,0.13643613208073951,0.0018437224532341042,0.25051291427610756
212,0.9424984600795705,743,5,0.007435460114115019,0.5720384825329767,0.9397894860374221,0.31876606109804506,0.9222079823638876,3,0.1523829334610039,0.0018659891545909385,0.0007351034477759332
213,0.9426758903678929,740,5,0.00746374264097545,0.5397589043485821,0.9405923362632995,0.3160946649446984,0.9166616938653812,3,0.13221529319693584,0.0017075905945057753,0.00983669778230538
214,0.9431046317462745,686,5,0.00949532874582872,0.542916016944853,0.9014696518636365,0.23129671302268648,0.9203956190057442,4,0.1066810109604886,0.001852767263883766,0.059898040108648264
216,0.943233792826679,613,5,0.007502543542037125,0.5622110866723099,0.9031600065918595,0.23410223279267922,0.9207581394900165,3,0.17086236425089046,0.5661907172455367,0.008580292545356015
219,0.9424305837725584,621,5,0.007484512115696407,0.5425784920359925,0.9447903425897699,0.23048143255042874,0.9222068531098108,4,0.5517880831903772,0.007617699378541354,0.010029416791742992
215,0.9428780399509138,613,5,0.007480313240980885,0.5449094814557252,0.8969008516254555,0.5640798322637441,0.9115084029968242,3,0.10274183021124139,0.0019285947051398012,0.009400414925315232
220,0.9423741883808961,740,5,0.009753587153749226,0.5375390336802611,0.5267662211675199,0.5091688646405239,0.5559260507960934,3,0.24303114026856684,0.0016534603827008559,0.03564841621366168
222,0.9427451760900656,613,5,0.009777516995782606,0.5422830411111688,0.5292449501286112,0.2269188073369235,0.9338102192504748,3,0.26399667725214016,0.00323196243150136,0.10479149007827301
217,0.9425418247732,609,5,0.007514447639080816,0.560595881224562,0.9415041411379307,0.632152837300757,0.9183615086468333,3,0.16259226318720024,0.5397811322118924,0.03421184480626268
218,0.942866969180072,611,5,0.007425544687688106,0.544762462400361,0.9419153400537201,0.5545293975130152,0.9211767392086844,3,0.14177421303880428,0.00701646799407079,0.0007747770224703144
221,0.9426333527468401,727,5,0.00969264594325812,0.5353366536276728,0.5255284795434065,0.5885846978269981,0.9252238727522281,3,0.5279095570659678,0.5101838357255827,0.05416456792916183
224,0.9427726348996075,611,5,0.009685238710752633,0.5359900476398856,0.520427333111307,0.5710354326835708,0.8829166188676187,4,0.5394660305376816,0.007608058287190361,0.056118375612180436
223,0.9425776398857331,608,5,0.008100351082441988,0.5478096915544834,0.8548807933595902,0.6337259226599248,0.934264267870596,3,0.5433650916521279,0.003488422823442669,0.06291977568480207
226,0.9432654751853912,605,5,0.009681204843610371,0.5307885549553473,0.9009332947853569,0.24903101830622187,0.8839518701679668,3,0.2349925946326799,0.4340683074137213,0.005829444851510032
227,0.9425492491193321,608,5,0.009797741004641912,0.5247515476561561,0.9113200111622908,0.20119280512150398,0.8832645545408766,3,0.24904177855600101,0.4822169794308379,0.032542309775627894
225,0.9425065940905002,606,5,0.00991450395267581,0.5399206849131396,0.8579597423730311,0.5014935178094773,0.9340441189525311,3,0.00427933779216641,0.44806249883583243,0.0025092588510511864
232,0.9428259046352864,668,5,0.008214148033230647,0.5163858031129451,0.8581791606554551,0.20244258388830477,0.8863358994725412,4,0.27096682093336044,0.2705579491851001,0.002877121718017456
230,0.9433494285309418,661,5,0.008250431025174063,0.5260387457755802,0.8560577644727843,0.2536973868631484,0.607131906311686,4,0.0011794118545200016,0.42647121242363406,0.05250360795592119
228,0.9425416619677464,616,5,0.00968789604470598,0.5273461479030219,0.9019217089055663,0.6247947127748779,0.8821780831670357,3,0.018839179869107298,0.5046680833614773,0.10755855536309254
231,0.9426886794668071,662,5,0.00829560238857171,0.5239349948911491,0.9125172528688987,0.2511460351199194,0.9684140099011789,4,0.007993464836061837,0.4359779671693365,0.05421726057687211
233,0.9430550303514241,657,5,0.008188148317277379,0.5176593096078355,0.9095572928571721,0.2530007583546662,0.8896095029412746,4,0.01013917023569022,0.46172850851897757,0.00537464918454068
229,0.9420018121290606,655,5,0.009680034749859722,0.475111014859292,0.998794891037572,0.6180181513085626,0.9281634167281576,3,0.006987392553635743,0.5043163673306634,0.060271299799963256
237,0.9425062590869707,663,5,0.00830989287089545,0.4792357069177332,0.36804160897901306,0.24930581234232096,0.7039509224974625,2,0.25808343857070604,0.281340597962435,0.004154292811742219
236,0.9428838299807619,660,5,0.008236305443768396,0.5107456020509854,0.3627994771317606,0.2483993426974936,0.9660360195341791,2,0.02299753348615515,0.25154991985585995,0.09411837768770251
234,0.9427307260624376,661,5,0.005758190305463613,0.5228681293176359,0.9087582522967372,0.2468479256714969,0.9689753083111341,4,0.008167185526528814,0.0575421424318144,0.10072638462348078
235,0.9428378969267402,667,5,0.008321437105228618,0.5186045600612771,0.9074506351462364,0.2536890360070625,0.8814391988785009,3,0.027512806258837882,0.4203877596396564,0.0010883193488152028
240,0.9432172231972809,653,5,0.00837949438218675,0.477772502571964,0.815319495289602,0.251622957409709,0.9019383203920268,4,0.0022760156698445333,0.634404412814521,0.005050873280761285
242,0.9431012702311083,633,5,0.00842793901004923,0.47647155099368343,0.8202857699460905,0.23819827713782094,0.6089863663109608,2,0.20467935119184535,0.001152610516145614,0.005511110081651498
241,0.943228411897714,658,5,0.008277329553720587,0.5784951670639975,0.8090290215716076,0.24905250497489725,0.4968708579132137,4,0.2205155236857365,0.6127672476711908,0.01786571805692439
243,0.9431895358339292,636,5,0.008382090263243209,0.5814693954851546,0.8066017447005314,0.2357155348046561,0.5100356479182993,2,0.21390101525202526,0.30353357402839654,0.0014352954010171625
244,0.9423584797418775,632,5,0.008654044329753063,0.5797017177691192,0.8148770218238657,0.22967234176083381,0.5037905825346689,4,0.1763960954907438,0.0012489843700570244,0.005417439709595931
245,0.9426215420460842,633,5,0.009170883595029414,0.5800544293720933,0.8141204701167095,0.23086202753810842,0.7403317877170873,4,0.18453981539373657,0.6377916773641548,0.0015072995916506089
246,0.9432844795912197,630,5,0.008931256254940944,0.5748027209505994,0.8062370880490642,0.232028180087606,0.6236365703491821,3,0.22119759247823642,0.6092371061673123,0.0013070096553248704
247,0.9433177712192226,636,5,0.009307285091791014,0.58543079751749,0.8197048132259765,0.23029883647892915,0.5244384138794589,2,0.183980131051783,0.6524630562993662,0.006177388621886901
238,0.9420810477691447,664,8,0.008305176799452706,0.4696277982153963,0.9058451376963201,0.25277701750982273,0.6026614047749964,2,0.026049543008006132,0.6604423344518591,0.11733460042736449
239,0.9424171669333857,658,8,0.008316597224422542,0.46714242476880163,0.8162418932628326,0.24993711350708317,0.8975953055339307,4,0.029854900847463672,0.672014004127153,0.004981486598676105
248,0.9429297755582804,639,5,0.009091000668602692,0.46067908215426456,0.8114625967942384,0.23180900702826443,0.6138708997776084,4,0.1813093910736481,0.5913157992459686,0.04095118991516162
249,0.9430841412188699,634,5,0.009104266341810814,0.4770080999204161,0.814991550280514,0.2309678051733815,0.6114292317920513,2,0.19146916377810844,0.6584935438598211,0.004872484850968256
251,0.943568198359159,631,5,0.009085213198867981,0.4722889594054783,0.8106548782590507,0.23385210593669664,0.5293130664953961,2,0.20283012534575956,0.6693668915173178,0.00675816546381611
250,0.9428707533632423,636,5,0.008829320220627641,0.4614584710510437,0.8163296924241205,0.23187493906277865,0.5797939527395739,4,0.1976041113557072,0.7142628444169612,0.007456600901714028
252,0.943343854531407,632,5,0.009149213236705374,0.4651839660607911,0.815312949983699,0.2343433833955152,0.5361262216909471,2,0.3309194693604932,0.6550470138256143,0.004430390628767868
254,0.9425321075835971,573,5,0.009134430554749925,0.5855007455100891,0.8022650717892202,0.23172670894530892,0.6001142592525813,2,0.3366513884568761,0.5817006523474805,0.001166545747877696
253,0.943593703503258,637,5,0.009122621435032835,0.45623032063084457,0.8042926017782766,0.2874389683873555,0.6021198083810347,2,0.3609127707134273,0.6563885476045218,0.007554029321929404
255,0.9431744194519288,628,5,0.009247951931153978,0.588144691828782,0.8075274497765863,0.23090612294068702,0.4826887600406824,2,0.3275221515692328,0.7779728872567071,0.0009895531860340246
256,0.9428281098142822,582,5,0.009293845509411551,0.584988533378161,0.8079638593557233,0.22836593921369433,0.5408037050738962,2,0.3625775501116638,0.36525751367065085,0.0014004288597034668
257,0.9429557691187401,632,5,0.00934643118934993,0.5829849815030159,0.8001820759607319,0.22846040611656696,0.5150721817561656,2,0.3362456591258963,0.6057084402750496,0.00679654282575979
260,0.9264818202768474,588,5,0.18885695593569707,0.5791671291602492,0.7685898791554219,0.21949139422498132,0.5226183289422589,2,0.3525564342853059,0.7593517802169901,0.007608463778719153
258,0.9430898863728558,585,5,0.008977607180651723,0.5919650886755939,0.8023629844062323,0.2911432106434925,0.5193959352806387,2,0.3192666067605896,0.3658714137051293,0.0011959946185192754
259,0.9427769701166208,584,5,0.007828171946034466,0.5843097193449509,0.8034707545905502,0.28757808125250156,0.5017840467465301,2,0.3507792976627225,1.2353219548769343,0.006623653312572672
262,0.9431456378480767,569,5,0.0101982246271455,0.5879614208704232,0.8000755939330884,0.21389838831783056,0.5394864881899445,2,0.3715880658102748,1.167098043645744,0.007591311350647093
261,0.9432359792204302,570,5,0.009521902337184508,0.5809013812185562,0.7710564960557694,0.21625918524336707,0.549359069825789,2,0.3249379588748028,0.3588331524883988,0.006278976972687797
264,0.9427893735962074,591,5,0.0077816186118302615,0.4554425671891223,0.7710120895917074,0.2182946733949551,0.5210384402409911,2,0.36575777491572936,1.0871518767324988,0.00908545960916555
263,0.9430401967917182,624,5,0.007797294018185737,0.624886889507316,0.7773663975836874,0.21354768125141463,0.5274730615009823,2,0.3776349370352162,0.3357205726678715,0.002934067292577907
265,0.9423462317623713,578,5,0.010254856204851092,0.4333765759685542,0.7707580393605415,0.284567870340485,0.533153022751444,2,0.36417422923144904,0.3439404680574873,0.00757320687151556
266,0.9431430694876844,597,5,0.010386486203999575,0.41988602416240894,0.7771097379059834,0.29025060032571026,0.48566252932425036,2,0.31551111625255285,0.8258534439854903,0.0033092673181838155
268,0.9421854989474732,599,5,0.010314932829273761,0.4273291775352299,0.8499743078513297,0.28139516582146973,0.46768983354497806,2,0.2877993833564708,1.02903696032934,0.008632020712827145
269,0.9427938079575673,621,5,0.010264207765787264,0.4379426648544802,0.8520292513603044,0.2006662963083537,0.48476289779917897,2,0.40823295883412103,0.9286573608607629,0.01094539051584758
267,0.9430617711233762,597,5,0.010198756911545055,0.4318652510118424,0.7711733419791449,0.2859875219590319,0.489721305501462,2,0.3890056501732757,1.0931060759539075,0.007714599245293292
270,0.9429249195725404,625,5,0.010720027383177027,0.4262968666412574,0.8264837484331041,0.200242315297829,0.48773882716166955,2,0.44231268908546395,0.9157178068630383,0.012135905195807189
271,0.9431277229864372,623,5,0.010007630813556573,0.43633618688683196,0.7794006370271562,0.2583646006679232,0.47992613895485026,2,0.24777017149984398,0.8880032798713539,0.0033689616727005252
275,0.9431653331334584,599,4,0.010374690887872864,0.48257621349890323,0.8464579245648152,0.2562383805384099,0.5704025237545183,2,0.24722652621618582,0.8179395511431929,0.003786955436692745
272,0.9429342954968659,623,5,0.010394047550506984,0.4263514771607197,0.7777348481237194,0.20102513814048928,0.48288806759303654,2,0.2535681336587614,0.8910836611063633,0.0034673825308348402
273,0.9432006128665191,621,5,0.01016247905640711,0.4216081883927223,0.8251867022942535,0.20035963640398466,0.629076747650931,2,0.25226147989385617,0.7908218632337437,0.0033844103643632917
274,0.9426388286456528,601,5,0.010503578686546135,0.4432009080640917,0.8285530478031048,0.2574258696963432,0.4824750833933376,2,0.1123667412969517,0.8414507026881862,0.003783616478456435
276,0.9431893531996062,625,5,0.010165922175337313,0.4836797386280327,0.8452486707068181,0.2523971072110023,0.5598100008014105,2,0.12356777467736589,0.8652104169188526,0.012917014936713036
277,0.9425821212102047,628,4,0.0073046485430338535,0.4511893506710016,0.8237265052007621,0.20174324012112932,0.48460882548919276,2,0.1173704801440035,0.5458622274904003,0.004523301078290018
278,0.9430529295348984,621,4,0.011547517886217664,0.44650567529698687,0.8275189940737763,0.2552598789126337,0.5602494208980461,2,0.10199667570268814,0.5574558436010728,0.004127392954014214
280,0.9423983044605168,649,4,0.0072082058494641645,0.4824779741993699,0.8245389171129919,0.2529789911758934,0.560156707220663,2,0.1276478725052564,0.549747988245545,0.0008779369281681855
279,0.9424957560479669,560,4,0.00719847109601958,0.48921026145883784,0.8337893107454547,0.25677237728310787,0.5679945593717585,2,0.12022477959137767,0.5041494193813394,0.0044761034590663756
285,0.9425569197608938,369,5,0.01239001558765887,0.4028412708945975,0.8649279984399327,0.24288829568765208,0.632820055473621,2,0.16661783428900598,0.5434224056881123,0.0006043079888087187
281,0.9424747864968239,651,4,0.007205136145523677,0.48207318175172775,0.8285728316891071,0.2551379450172997,0.5624049976706198,2,0.1170801333034105,0.5737571435107065,0.0005815275021545329
284,0.9431385401564765,565,5,0.011265774725902712,0.48959083342044546,0.8269041301127801,0.24565540382207907,0.6300363861260079,2,0.11728721321801926,0.4296868049817074,0.0059147006349578425
282,0.9430925069144832,648,5,0.00721861553415948,0.5596254755220205,0.8328374622407086,0.24738168951911899,0.5511553122305829,2,0.10421428140830116,0.0280221799224579,0.005733886218695532
283,0.9432144889005608,647,5,0.007271723306623916,0.48945947364556286,0.8303350919772445,0.2570153476865232,0.5655960719227459,2,0.11645815750817402,0.596086251421733,0.006257813284920626
287,0.9431446850187235,565,5,0.011802309527252213,0.4857762285391994,0.8646482978112089,0.24394697149201863,0.6338532552980978,2,0.13383132993831734,0.49716102616340074,0.006349250174764184
288,0.9428028833179785,553,5,0.011665595202957946,0.39868113621246953,0.8611021457810538,0.24056811162541922,0.6337371433836225,2,0.11306188782908379,0.48948580132594977,0.01696738055674792
286,0.9426527245085639,650,5,0.011661292836069656,0.4890978475860725,0.8329457259780702,0.2444134801581717,0.5535116259328086,2,0.10779998098667923,0.5569372256377013,0.01364259915583514
289,0.9423122388185684,648,5,0.011919174227850795,0.49299980809189936,0.8565980062436753,0.24350804003561188,0.6371195268742003,2,0.08558612405964236,0.4345571601319816,0.006055046777992858
291,0.9419195197122235,649,5,0.011689116693397807,0.4993567168466204,0.8663289688731077,0.2432479597151587,0.6248442403034214,2,3.9218556734706205,0.6921917994481375,0.015845461789969907
292,0.942789722166858,642,5,0.01134810245383527,0.5029827179244867,0.8666729576672986,0.302436353849883,0.5071269405718505,2,0.24404618644502254,0.4300796803937376,0.005886700493085109
293,0.9421444500570579,648,5,0.009504489832698956,0.5062721793490982,0.24896742681188766,0.2974244397139987,0.5808520193382423,3,3.9075696366102464,0.4348901647719409,0.01574850781068761
294,0.9428974899844903,649,5,0.009429757655431591,0.5014710510723698,0.8521076220586888,0.2714066025871334,0.6474675652220901,3,3.7646850929906552,0.6753610162252407,0.017994612058093128
290,0.9416629946731516,985,5,0.011500024736753546,0.5051977767953044,0.8615209100889223,0.2431552561740025,0.6276196396616759,2,0.2010632334439595,0.4500699140362589,0.01654443052053874
295,0.9429716583048325,609,5,0.009472178396702063,0.5008288767457174,0.8685214528929909,0.24128581685500886,0.5943900451558171,3,0.22903566673103706,0.41130844506631553,0.015024844178301544
296,0.9430295137274533,647,5,0.009638863513002409,0.5016641217323773,0.8512211731706792,0.26883682677781795,0.584651127902867,3,0.23614449229208478,0.7126216586839583,0.015032840971524478
297,0.9427886618441604,648,5,0.009317520927853882,0.465947173381941,0.847240246028539,0.27614333298137766,0.5857654071525051,3,0.1888760069123711,0.6910762366244336,0.01354359945094157
298,0.9430833334533502,608,5,0.009461755582924612,0.505476740858905,0.8477337237581908,0.2987093251977354,0.58279350186415,3,0.22999575919071755,0.3025719433978004,0.009501984837927342
299,0.9429989960539089,604,5,0.009173820718634906,0.5026297143027433,0.843980823815038,0.3378793589996165,0.6656062586971229,3,0.2360092499459523,0.6933623988327033,0.002238330984899205
301,0.9424028640568409,606,5,0.009438342993910925,0.46518643781560876,0.8459433582577921,0.2749186493765258,0.5884822326612718,3,0.22179658972544825,0.274149664176022,0.0019365940356984713
302,0.9426763928731872,604,5,0.00873221506842568,0.4622847991742745,0.8439060541098021,0.27186371079133964,0.595538777070586,3,0.23211242580103386,0.27712595297128584,0.009381589098423683
303,0.9429139479460453,605,5,0.008646980091825742,0.4732292856315846,0.8453546781307312,0.333312395335497,0.5921518030292944,3,0.679915956577889,0.3162291178085245,0.002026386729837642
300,0.9423509405970281,891,5,0.009466461473504467,0.4607618351464319,0.8451484084790004,0.2887168930174505,0.5832421629019108,3,0.21394938702430097,0.30117212188966586,0.0019251137676013792
305,0.9429129460663311,446,5,0.008622122361189503,0.456457164525795,0.9255897597981254,0.34257560269002063,0.5840694682567648,3,0.24309812580337967,0.2878682292694348,0.00979043343941973
306,0.929251909149631,606,5,0.12292970669728466,0.4590653695536762,0.7870995461716035,0.21595966834489552,0.5423030371255416,3,0.22975838037675816,0.6423181487065681,0.001716533985716377
304,0.9427910673990991,620,5,0.008637748577466598,0.46902669091018817,0.7900815814352075,0.27145400124734625,0.5990971243112633,3,0.24396951730802985,0.32382184457651014,0.01025498950824372
307,0.9432355262873096,611,5,0.008389094474254127,0.4579387451695099,0.9233931878732347,0.21338590051859765,0.5463526367452983,3,0.5207631661779867,0.34968716407380146,0.0020570956875465064
310,0.942345332157878,455,5,0.00840810729211325,0.46168548046590935,0.7928192068687651,0.221705578003392,0.5445639979667977,1,0.01597555700457809,0.31720232394377845,0.008491019911624407
309,0.9424355775167589,620,5,0.008554564848852399,0.45401322777269953,0.7886734154730528,0.21681864950519658,0.5425865315069165,1,0.0026858003185911555,0.2724618372771247,0.01099299450522229
308,0.9431717931703656,674,5,0.008564548668387913,0.45741670990401084,0.7947550070145587,0.34175426747160487,0.6683697282611075,1,0.7154024915308473,0.3377238074701592,0.0019919368046758218
312,0.9424536103079897,444,5,0.007986051292940922,0.5613795759539234,0.9274201303735821,0.21323112106368977,0.5423407443158929,2,0.03081601756800434,0.6062160169124238,0.011151325479631258
313,0.9426761956281183,454,5,0.007886782628061318,0.616485683910912,0.7915240428813386,0.21555194211897633,0.537301907273703,1,0.009981684458862577,0.7976450966507316,0.011295353888867885
311,0.9425296404548007,673,5,0.008494980857590604,0.6206331607376995,0.787677953257931,0.21748833601374903,0.5516301474400372,1,0.019786266662480234,0.36829045301370983,0.010995591306989657
321,0.9399054435318364,137,5,0.0077731864153828744,0.623242325712157,0.9499460648515775,0.2016845610134045,0.5271328417609801,3,0.5248609890279965,0.38383255075792966,0.004837875110729046
315,0.9432122816343155,671,5,0.008078617318335049,0.6245628930457574,0.7986219941137515,0.21761056516250493,0.5297400217426648,2,0.00141658810143247,1.071782602851773,0.007218849774344853
314,0.9433040120711477,670,5,0.007967482740107126,0.6150563833302045,0.7963238620636047,0.21746269769562093,0.5383680454115417,1,0.001829263342578727,0.6211083485092836,0.40340710407659547
316,0.9334580412671333,670,5,0.08169799931643401,0.5587176818660442,0.7971160125282488,0.21799766044369567,0.5312871731552058,2,0.4994681618908162,0.7645705929022052,0.004547810805401487
318,0.9428488883821048,675,5,0.007735188811486379,0.615762419026183,0.9336780301395113,0.21548036725274172,0.5066731327773735,5,0.5603873690670218,0.42208151117927467,0.0028171244065805993
323,0.9421968295808659,418,5,0.007801118363022134,0.601888816858756,0.8171616368651639,0.20203827118245773,0.5099413441463874,3,0.5752958865096452,0.4370225630711548,0.00474948464912458
320,0.9430372845569863,572,5,0.007940271818624715,0.4136716695615794,0.9307415679390466,0.2138093701442712,0.5089202354755523,3,0.5981998021752652,0.5860685071572475,0.002600160352659558
322,0.9422604906877055,670,5,0.0063018393008599,0.37113389730064905,0.8176316127290868,0.2304301679441077,0.520409740592135,3,0.5358170550456659,0.07294082264032756,0.0027148936610955667
324,0.9425999264912506,578,5,0.0077726295129278405,0.565954607705912,0.815835102903712,0.23118175202684885,0.512960228927601,5,0.5565055213685648,0.5732921574221608,0.002420556491850267
317,0.9415363591645267,677,9,0.007863495081100805,0.5592935162155329,0.9249428520784478,0.21606021854560642,0.5411703730172659,5,0.5579525223009981,0.3714558055381951,0.002655874875562562
330,0.9423135475239451,488,5,0.0075049524261031186,0.5998182457753992,0.8209715321803602,0.232147275402234,0.5225840561200479,1,0.09508364733106967,0.5879156137213015,0.4022019753949753
329,0.9422689002155564,487,5,0.007739982274580561,0.6593229810035015,0.8145169812492895,0.23092329466930644,0.6154576575180732,1,0.10176517567963103,0.5408566442839523,0.00678100643921937
325,0.9436606238500429,673,5,0.007933232381194177,0.5663936170789161,0.9247220742814726,0.22842267171544672,0.5119721479808974,3,0.5450477179827564,1.1170192255556246,0.007349835136252867
326,0.9430767784465951,674,5,0.007755945210404741,0.6006457438467475,0.818122911912904,0.22833007494255814,0.5228590334932695,2,0.10234906867207023,1.0600234337729963,0.42859264659124524
328,0.9433308749709847,669,5,0.00770080147469801,0.6595830534162779,0.8164187076207966,0.23063634613646763,0.5693035094056057,1,0.09929650332108647,1.1043437936755736,0.25508250995936643
327,0.9427583121941933,669,5,0.007724859457902939,0.6073319305734435,0.8189277804848464,0.23015606319084186,0.5042372454217553,3,0.09579836201502126,1.2111801363049226,0.00270905047558978
319,0.9424130555738712,675,9,0.007824388549168703,0.6160341365256574,0.934642706624428,0.20003672050101035,0.5154554419631244,3,0.5494081247635111,0.418374643173396,0.002940817005403097
331,0.9426100548689862,581,5,0.007724373115557305,0.6445238749342611,0.7623010599907882,0.23152958214023422,0.6886995391105445,1,0.10449482918200215,1.030490741870824,0.2888956363520675
332,0.9432106034857941,665,5,0.008822631157303982,0.6507001558760016,0.7624517342147029,0.36534540424029766,0.5639049772077127,1,0.0995020674958841,1.0833348053008711,0.35372357667292526
334,0.9432504480333028,624,5,0.008781197557497173,0.6237159536874215,0.7590867906404165,0.3638626216486972,0.5716563183306339,1,0.08735654096016758,1.1337743216953473,0.2715988097836256
335,0.9422956295314314,708,5,0.008841463929653279,0.6489117937163003,0.7618027323419388,0.26302677361828763,0.5703438658297512,1,0.31848680018425224,0.9665149487056713,0.300680587453808
336,0.9426760401280377,659,5,0.008846196573464311,0.5974592684891611,0.8986403280223939,0.26369125731502213,0.8557323227986501,3,0.32373949646116845,1.1378435780558747,0.44137861034450493
340,0.9426699244872824,699,5,0.006914606258617306,0.5732610123326534,0.8980906309998541,0.25902968142362265,0.5604452382059213,1,0.35431273613478137,0.7372307297567834,0.3092239655927005
337,0.9424920470057749,710,5,0.007069824628898059,0.6303174802112865,0.7551413954075393,0.26197091413724394,0.8561948290844128,3,0.9569316942264257,1.0085348982067466,0.33084255943618507
339,0.9432760053586371,710,5,0.006953201603156373,0.5732175944950357,0.9020849794814016,0.26272117111577753,0.5638467542878993,1,0.3367857426730091,1.6248044227915182,0.26106140668436484
338,0.9430737122772198,709,5,0.007028539179421569,0.6408340629705402,0.9532688890128904,0.2638372743505544,0.8542932348798434,1,0.3349668843582646,1.1425632541799904,0.22669863179293465
341,0.9427828258948253,708,5,0.008802455370586928,0.5518644813980806,0.891441516898184,0.2571640606487966,0.5646719037587544,1,0.9607995448288098,0.7238079897588383,0.22820546076145737
342,0.9425380228484096,703,5,0.007039628167396199,0.5730695719697279,0.8899053049018026,0.26081594969817823,0.8560699952454963,1,0.30310800445721536,0.00010036000518518236,0.22505702624749085
344,0.9429514631232184,706,5,0.009004955850951665,0.5751599029136728,0.6687891627724973,0.2605184906779114,0.8606255427693486,1,0.4000030407388549,1.5344918052411227,0.22618609159333752
345,0.9432088355855486,630,5,0.009847044810107747,0.5720762757144422,0.9593241891697053,0.3089348959470797,0.6132870110266613,1,0.40060429878578735,1.9797147045783625,0.23968272627144385
346,0.9430771645877349,548,5,0.009703533031207105,0.6669375857522605,0.9563100733669887,0.2396789075080969,0.5485684478143146,1,4.748635875609764,0.7785492451022852,0.24368367126884302
343,0.9422333272239543,708,5,0.009188346678820765,0.666714271643392,0.9530916735572933,0.3914345551240792,0.7507237551066085,1,0.3171741185550987,1.7561944025844605,0.21614338558276255
349,0.9419885826205221,551,5,0.0063658401551034095,0.5498677586616015,0.8914862942052323,0.2995084587381943,0.7474800283855073,1,0.41736393788690895,1.6815200570206905,0.16165936799173444
350,0.9429030598095263,632,5,0.006467838673242935,0.5768139084304178,0.8804216871972198,0.3076680558202131,0.752814024437999,1,0.44940718040893557,1.5405304905499742,0.1991206005255943
347,0.9429861866043131,631,5,0.00970168184207831,0.5500097336708306,0.950173271578381,0.3569219132540428,0.6089836385032426,1,0.4249419841197548,1.5565842691875487,0.21833676486197132
333,0.9419600227869193,711,10,0.007210894202051935,0.6066283660638783,0.8254900571023455,0.2623314313721649,0.5634191977816381,1,0.09923918220191537,1.2780928097103474,0.31446986982565045
348,0.9433180467361441,717,5,0.006397471540056655,0.5679243425085917,0.8851243417980418,0.28608822773800063,0.7494925821011178,1,0.4316108792612998,0.8039256828065626,0.22731249703547762
352,0.9431266470093693,546,5,0.006368808525986366,0.6692739735732993,0.8777332060545097,0.3016297189665482,0.7480304308805902,1,4.720716677283038,1.7429948719465838,0.17665459021930782
353,0.9424427378258413,594,5,0.006096761510249215,0.5322371474257446,0.8816590542942336,0.36494786608731894,0.43705182927724257,1,0.46392044102956664,1.573684729553416,0.15964096256381496
351,0.9380585758576252,629,5,0.03190591612143859,0.6621487724302119,0.9135481483951963,0.39389194991089604,0.8177335721991273,1,0.4461885957263339,1.75390218387882,0.1746650963388603
354,0.9434924489473928,593,5,0.008403212238515666,0.5502947889352983,0.8783047801402073,0.29104787094900414,0.8133277240447264,1,0.6857067507208126,1.6873967778942696,0.3454810570139154
356,0.9425249483181393,592,5,0.013079288456257368,0.5304466799920967,0.624831867163691,0.24271403111915363,0.5688283378995093,1,0.653570951675818,1.5007253527447089,0.5341594487104541
355,0.9426767237022178,626,5,0.006598095579301694,0.5323210625171598,0.9178185902204692,0.3544954111839347,0.5755345248923047,1,0.6607251096939233,1.3589902401385934,0.34992489939815546
359,0.9426727182706104,597,5,0.00852068508495859,0.5304454829969049,0.8020456906414613,0.2888485624274186,0.574330289374159,1,0.7528106032583872,3.7862025800975405,0.5334271395300082
357,0.9428952994162401,597,5,0.008487825885431375,0.5297238693335473,0.9960344468695078,0.28567551985058043,0.8138928955923469,1,0.1835763469675584,1.2873230711007217,0.17164084043732447
358,0.9428842223836501,592,5,0.008260190885868006,0.5328963091580539,0.9120427743246916,0.28346129220882327,0.8088550480972597,1,0.15417903707147274,3.866833449274068,0.3697523314768397
360,0.9422702475350471,686,5,0.006073457219816253,0.5304601790622037,0.8745780553940472,0.2826161542620177,0.7748619295681333,1,1.436801987068872,5.708772614003635,0.15211875949198533
361,0.9428241701310311,685,5,0.008368748827531133,0.536127891623732,0.9188961275278289,0.2800903036580035,0.5490630432321234,1,0.7180150871739295,9.05132810647843,0.4980082542593349
362,0.9433058331962532,687,5,0.008280065931458058,0.5849610790323226,0.872007312469955,0.2814617631474636,0.5357997113737986,1,0.2959645756993962,0.01714891231228636,0.4875784413882001
363,0.9425748033137923,772,5,0.008459725711389797,0.5815140630902231,0.6246321226271438,0.285584365614122,0.5760826032233406,1,0.6615648283744974,0.859647753112665,0.3812475944099749
364,0.9425308385359591,598,5,0.005747212298246905,0.5318052807467359,0.9104202563424624,0.29204819183767833,0.7852256097930655,1,0.7054503539327017,0.030608676170038183,0.5504932982757025
371,0.9397794759430209,226,5,0.0072353128747220125,0.5926983323952808,0.6885117154260032,0.30617392130701704,0.7323409744358065,1,0.6176107902685802,2.6676908633971603,0.7782592122602631
365,0.9432859511020499,757,5,0.008404181147455479,0.5924212919000703,0.8708084947640483,0.2830380628546467,0.7139869004543654,1,0.7249377325218459,3.716504414936016,0.3839348458083896
366,0.9430440535068054,773,5,0.005954800221908889,0.555917026743991,0.8763599598295915,0.2868678476226716,0.7855188965313155,1,0.7823151404236413,0.8506078924462311,0.5213956248224866
367,0.9432550201531236,751,5,0.008381305629151079,0.5877063130456341,0.8652505855518643,0.27996525371835124,0.7714912033358268,1,0.8049406162713417,0.8164917460026633,0.3883072668715535
368,0.942731492082969,766,5,0.005820366489024925,0.5522628569737741,0.8755026048422383,0.3284944359378985,0.5525368312037234,1,0.8340154509613399,0.8815056911278002,0.2765467273311101
369,0.9422555303394956,725,5,0.010531095472376994,0.5912080094040788,0.8714857790823207,0.27904653323183604,0.7841037470482514,1,0.6070215576944522,0.8831523247374046,0.2973009744239161
374,0.9426000976457016,658,5,0.010604866146213577,0.5964901284333792,0.8759479537168395,0.33597610861063915,0.5360205777239458,1,0.4928971769215742,2.581165100781669,0.7403746326639913
370,0.9424357810235758,727,5,0.00731365677922293,0.5591878976537542,0.8734012383531125,0.2935316622402558,0.7047263239673834,1,0.8111309165887379,2.358625085248931,0.2836617582392022
372,0.9418469074363124,772,5,0.010789385292082766,0.5875582278504612,0.8654638166592304,0.3276016153791105,0.7675768542764717,1,0.500040320591682,0.015585277083055004,0.6966173801844064
373,0.9423829590028943,719,5,0.010751346863054203,0.5910990886651223,0.8792510058176947,0.3186831359711225,0.7138304359693028,1,0.7972040353763613,2.724168623915748,0.2689907350914297
375,0.9426189308970792,759,5,0.010274277645323767,0.5923749878018926,0.644990960639068,0.316000824223077,0.7670237380102616,1,3.478525307435606,0.00478847384220225,0.29696859001224873
376,0.9419985106223148,768,5,0.01004473709007182,0.5949607555595168,0.8709866832537816,0.3283992712248178,0.7151846767464927,1,0.29666267253604606,2.217248981130958,0.6758225520021226
377,0.9418492743771371,753,5,0.010793195089497372,0.5942549068244841,0.8616313308637574,0.330441538699043,0.7208741012995266,1,1.0054327621097197,0.013388244130101512,0.2786486393338644
378,0.9428320933297709,726,5,0.010556941417359295,0.618581611569519,0.8671666647103243,0.3358636228000218,0.764584485785099,1,0.8247190240876413,5.344531195117078,0.2843590274637207
379,0.9427956770894091,749,5,0.010691015630431332,0.6219672516091321,0.8627298280024448,0.3307188931826584,0.7722516723844512,1,0.9424744870735934,6.219384353663124,0.00021141040102326644
380,0.9428259996051341,726,5,0.00919492007287037,0.6256155973517603,0.6492165944224504,0.3223221320637228,0.7183666108295076,1,0.9522788822642408,0.014640609859463328,0.4154112121525456
381,0.9430573534600114,739,5,0.009123573578202357,0.6234525563617065,0.6535825328265068,0.3075231823444132,0.7612999830472157,1,0.8318850365472236,2.409233371441541,0.42176666703951315
383,0.942537457203821,762,5,0.009220563153666443,0.6285499260324456,0.8573559694204048,0.3135886142676634,0.6992982312032873,1,1.0913175690664725,7.122806023681302,0.4114929270102182
382,0.9427743881891072,760,5,0.009189922741263056,0.6300492306600228,0.8623127584644167,0.3113660377558554,0.7631450890150158,1,0.8865235518237267,5.4433850862940725,0.43589186500935273
384,0.9425538755076373,748,5,0.009196619135876043,0.6226846383169925,0.8635585653038075,0.30527584287780574,0.759030234372251,1,0.8563295577740304,5.378693764019572,0.40361849223355234
385,0.9433946540074155,693,5,0.009188636629235077,0.6248019458344937,0.8545802463968764,0.2981111968091046,0.6793842157288323,1,0.9499191221218544,5.5917881210378395,0.00021109040860426098
386,0.9427742587796442,697,5,0.009102737952949346,0.621876643559204,0.8588083203126734,0.30010648123536054,0.7278444099512921,1,0.8664577699312707,4.199542892620833,0.42483533129721796
387,0.9431267868550794,749,5,0.009069898852009565,0.623709168252361,0.8566725096417848,0.30505992003013904,0.7637149375439942,1,1.1275828908348873,5.46097634223072,0.00021722348641865295
389,0.9425377275026188,748,5,0.009129123553298835,0.6101701239604554,0.839181187561115,0.30490597775739114,0.6944374429403435,1,0.9015136620529852,0.009245050763334008,0.4258893657554827
388,0.9427197158218285,748,5,0.009097741221560835,0.6283649883754214,0.853150544012058,0.4260968254370195,0.7297847759336666,1,0.8293244173037806,0.03924684194593372,0.39712985131946577
390,0.942650049698452,747,5,0.009036704404723702,0.5685347960698406,0.8930574106236447,0.27284887921977624,0.7350214064329957,1,0.7009209093527149,3.2180802916918814,0.3801552950627463
391,0.942760047742073,796,5,0.006835114372762604,0.6937745297444936,0.8438758146044735,0.29781396590973674,0.6749511871474074,1,0.6695556521458129,0.020093024922616713,1.0573273449297351
394,0.9435546698521433,692,5,0.006740477487438831,0.5634219573790421,0.8354769143034865,0.2773014193293443,0.6550845009429297,1,0.7560978408323127,3.717478025371042,0.33155143385835995
393,0.9424176730913665,699,5,0.007898841686934577,0.2222912535338748,0.8412121774710666,0.2791820892658054,0.6835861918371947,1,0.642692542431427,4.212746888097683,1.0847170441366871
392,0.9432121000436172,692,5,0.0078120645963970226,0.606597844481343,0.8976505744878891,0.2752137028942501,0.9841554572173804,1,0.6732109410788194,0.023210441809110603,0.3963794884156588
395,0.9431697873236876,796,5,0.006796670322931852,0.572576302198978,0.8955670803278637,0.27940175359313113,0.6782678135864968,1,1.2203819661817314,3.401311264972128,0.36552110258732995
396,0.9428569232486878,688,5,0.007861081089937164,0.5634192322174164,0.8948946761788226,0.2723112122500263,0.6868769917964649,1,1.1025564865274433,3.1774423229141724,0.0001821293612383705
397,0.94292982878314,791,4,0.007876572012411397,0.5706516513344416,0.8907451198725002,0.27592451089247105,0.664099228762454,1,1.2508545530891537,3.5194692551697764,0.12725310743415497
399,0.9425565043982622,690,4,0.0077874408436480035,0.22213197868405754,0.8904489706838801,0.2752081631462478,0.6793202585612387,1,0.6588110872403009,3.161222583010716,0.6029079357805047
398,0.942906310700474,799,4,0.007925746127058144,0.5731856870678396,0.8934258929823989,0.2741805811157234,0.7404450864081032,1,1.0095259460669408,8.194322491103282,0.00012843678469441408
402,0.942891790749991,691,4,0.006709183179323353,0.5679361099270982,0.8333241041699805,0.2814854245133596,0.6487062790743539,3,1.2619424955358907,4.24993504723257,0.00010651733931525727
401,0.9428029438482112,794,4,0.008095636462158832,0.5514145771821898,0.8939250267407778,0.28063936545266865,0.6520330721393126,3,1.2205155584019691,4.061304405355804,0.00012615901915183152
403,0.9422194010959271,685,4,0.0065261050315348745,0.5501756084322043,0.8409966374131433,0.2694939222589219,0.6552402725381213,3,0.2936546052350649,3.71872039255547,0.20523084350046328
400,0.9430447537789807,798,5,0.007976522025633127,0.568194440670256,0.8940203605989847,0.2747694778620819,0.6673204111246707,3,1.1930743651801334,9.91403271624176,0.9340533496374062
404,0.9425198460369698,683,5,0.006415033548003354,0.5482849843430051,0.8928894648863047,0.268706083245078,0.654634967843667,3,1.191715973585531,4.615954145673203,0.00010290054703295705
406,0.9419680952239913,680,4,0.006432964190829557,0.5502213226632864,0.8309586856373589,0.26640669438325243,0.6106634850682515,3,0.2999185306701496,7.556426597255858,0.12375935689514996
405,0.943080789096326,683,5,0.007294889548068359,0.5519952751805287,0.8426721987841556,0.26506522339965627,0.6646081924996959,3,0.9753313652624107,4.745820589763136,0.198412301347998
407,0.9426113145240018,679,5,0.0065463964847914564,0.5495898409896413,0.8452083469633901,0.29290928813619466,0.6470259753288059,3,0.285221224089957,5.433927158124866,0.0003081000070350035
408,0.9423816711700116,674,5,0.006979810670619115,0.5475387666824028,0.8348275269114603,0.24748936048993325,0.6398133357753977,3,0.2941132736908948,8.572830468190032,0.00013918239597646064
409,0.9429545626885844,678,5,0.006541521462355594,0.5421589632588162,0.8356586036636825,0.24384922265391934,0.6513149732958852,3,0.3023758841320263,4.670455322396024,0.19886528991157917
415,0.9412128709900573,316,5,0.007274391437902473,0.5493930501541653,0.9890532988690839,0.24248086237268884,0.7028445864358012,3,0.3981054348783797,2.0209367327695014,0.1990040107259708
410,0.9421495878214674,676,5,0.005361896951785248,0.5457202933139815,0.8330233455658183,0.24620602456561122,0.6446288413084357,3,0.30472298965315225,5.242102764609241,0.0002771569269806131
411,0.9426490551241106,677,5,0.007172207232920694,0.5485084594386637,0.8351486768764291,0.24487634161450353,0.6521835181777623,3,0.29635703175788136,0.6994559881045902,1.6344270777953558
412,0.9428139874848108,673,5,0.007264418509962957,0.6026589252322693,0.8288433461973057,0.25783712897569544,0.6088850073284078,3,0.2995432636085265,6.471331501876883,0.0002740836760971391
413,0.9428912251054025,669,5,0.006909313733591101,0.5464835335928142,0.8326754688454843,0.24487924745966888,0.616371511379237,3,0.43279263375881366,0.00635054945429756,0.14655431906086863
416,0.9435167027854738,714,5,0.007082556891991047,0.5212939062929061,0.8286852337566146,0.24463230112855788,0.6026654103333513,3,0.4162947192378507,0.0006107582397835451,1.8637414655704212
417,0.9426767070042225,717,5,0.007129560314884452,0.5193021798565376,0.9869626008163809,0.2452692373825214,0.6959358588630327,3,0.19132844047271474,0.005742073526325142,0.00048213401476196
418,0.9434332994301412,657,5,0.007413941887058551,0.5154019695119312,0.9862403086767605,0.24540674805638846,0.6149991047573592,1,0.42259748687879667,0.6988175492620853,1.826835450855153
419,0.9429615904573294,715,5,0.0073572999600638985,0.5199238014231244,0.8043210172502857,0.2414927895248332,0.6036531320096441,1,0.4333761228790035,0.006431269966644432,1.659673161651612
414,0.942191041638267,665,5,0.0054308794735381275,0.519186126026491,0.8380529006803974,0.9335019934785791,0.6298711179454168,3,0.4075800225144115,6.354135603642005,0.0003386573645793322
420,0.94311735457502,714,5,0.007343267934686472,0.5152381947249121,0.8124602589177797,0.25276675553498923,0.6058457829440604,1,0.16338934522916781,0.006566904922690558,0.0005479701692145758
421,0.9428639468429341,719,5,0.009790624572692636,0.6528131955233678,0.8038224572600818,0.2561661655433802,0.6271396250507778,1,0.0037679619847180044,0.0006158851078597312,0.31703897898240674
422,0.9433007413513307,721,5,0.009976816089411658,0.519328478217566,0.8045706631991085,0.2897755333606254,0.6177083954566305,1,0.47895893970204995,0.006099301259795983,0.0005473823763069843
423,0.9426636815243132,655,5,0.00975681574712989,0.5193498207606888,0.8046316210312933,0.23318983882650135,0.6045686770317504,1,0.17817973138071763,1.1580219635669757,0.0005455343721045318
425,0.9427338423257986,718,5,0.008420754441531106,0.5313398942113715,0.8109774640562247,0.2290247138544491,0.5986916456858957,1,0.5036081819447041,0.0006493059355897458,0.0005628408738728339
424,0.9434175239991415,655,5,0.008468782819206544,0.5185372561482628,0.8095056253421661,0.29295399390645543,0.6247088115210482,1,0.18191914353467198,0.896992775830476,0.25922579911403065
428,0.9229371510627763,709,5,0.24722999336466062,0.5199426912938763,0.9777798478399786,0.22438511620936424,0.5970306439451931,1,0.5553172349700851,0.0006368948403948594,0.2503211665338462
429,0.9239196631897475,718,5,0.2872056875591699,0.5147315908716894,0.9986419412649119,0.2317968481388599,0.5964390301586333,1,0.560234834066988,0.0006575018654147622,2.317194128750878
426,0.9428522071086579,717,5,0.005911729202040112,0.5204861998274446,0.8091090578069249,0.23054537541500372,0.6017203131919212,1,0.5076113952701654,0.00039682365589497086,0.324569292096602
432,0.9429289083061526,382,5,0.008348608902945507,0.5176203369461184,0.9950522207512789,0.2980672280398002,0.5967370305291473,1,0.545133574937448,0.0002739718308969378,2.076192556640792
427,0.9429459319122964,718,5,0.006015250778717323,0.5122714631996919,0.8052409870309678,0.23156400751794143,0.6285597846420832,1,0.5302664619540916,0.936854369990494,1.8862297258808707
430,0.9431088991276821,700,5,0.0060181115240400965,0.5218446963585233,0.9734901871973074,0.23538762531453086,0.6232167455848056,1,0.5405606881007443,0.00024106416296693444,3.008840360430983
431,0.9433714844954,653,5,0.008344002732774802,0.5163482913521924,0.9838313817545808,0.2255122210375617,0.5944147127056398,1,0.5367442577749773,0.00022943286964843983,2.127916562297834
436,0.9425777870368162,653,5,0.008193393524325248,0.5071219263204844,0.30349276961098454,0.28858500539886334,0.6258534350170535,1,0.7171930641423645,0.00023835366298512154,0.5347227874980477
433,0.9424817996548231,652,5,0.0084612714126705,0.5062287245165028,0.9779336889143158,0.29336947613573117,0.5903054402430523,1,0.507289872983405,0.00020305482079419323,0.2500695535160922
434,0.9429584303617309,642,5,0.008310403378300472,0.5071871762308776,0.9948213179151831,0.2960479283473542,0.6203534733733402,1,0.5649387081161625,0.0003726434654875264,2.2909513443346996
435,0.9430059956447872,649,5,0.008359763220603451,0.5194842570805999,0.9993209284406176,0.29372205361027426,0.5920194370402316,1,0.5707579976515783,0.0003435272065083406,0.5446582026966569
438,0.9435796093516539,653,5,0.008156596831311598,0.4989219360611621,0.7830136802208321,0.29466892092704505,0.6158646185156998,1,0.6123078317232385,0.0009053934720536001,2.131708745344734
439,0.9434553293039819,653,5,0.008370341133773098,0.50412243534721,0.7833551050304188,0.2996499785698698,0.623035622545847,1,0.726314643369151,0.01081733203934242,2.001528579202292
437,0.9425032169209636,656,5,0.008296776951469244,0.5003960532214675,0.9845843119842113,0.2907574525664898,0.9765052362788069,1,0.7474960096687937,0.08110243276458429,4.872354030335882
440,0.943392706603721,651,5,0.008361402491360172,0.5011447126360223,0.7862149789245638,0.2945458427025702,0.983313915905819,1,0.7286883139831506,0.9406387656038847,0.15728138728709992
441,0.9429579805594843,653,5,0.00823689125506086,0.5001243386998302,0.8220150899388445,0.29263672303626503,0.6199311098944493,1,0.7190758815320896,0.000911843891697088,2.5545076769774435
442,0.9427132912681613,652,5,0.008324012922846416,0.4865856736159816,0.9791603923102014,0.29548212879830804,0.6218951126181494,1,0.6224931354545434,0.00015575202391448391,2.385266941554784
443,0.9429856825335818,654,5,0.0075412309177932966,0.4764269499807352,0.9881439185139694,0.2962928648573493,0.6219868604543219,1,0.4229045634067183,0.011348877967293402,2.6091306846139473
445,0.942759578110957,653,5,0.007312544861718799,0.4865870659940516,0.8168486598664169,0.3123048190394531,0.6109592678605599,1,0.4651585597408185,0.0008956181861799372,0.15142751435967874
444,0.9436793109939622,650,5,0.007706610431760036,0.5073365362436975,0.9890404447940125,0.29558662902876487,0.6164781101323709,1,0.4308442586847122,0.0008712411800583237,2.6982241676896943
447,0.9428707867592327,658,5,0.007592937637809723,0.4911457225396434,0.7834800490603038,0.2145180157462096,0.5299343865080456,2,0.7217222885964575,0.0009579496744142095,2.589740280999513
449,0.9430049687180801,640,5,0.007603354419690116,0.4835978401288194,0.7787676879665857,0.30651822392244776,0.6144473192083351,2,0.6566085012086588,0.00015433278962196102,2.8449352482695085
446,0.9429296847629312,650,5,0.007406954851675788,0.4836567895481641,0.7838803021923448,0.2145259890889014,0.9789995754930548,1,0.42328834718316355,0.00018135560304557278,2.8240818632098534
448,0.9431358976987303,657,5,0.007638071103306008,0.49390694401722646,0.9609357623723958,0.31512782088564434,0.6367516116232065,2,0.7641715950402477,0.009623683250105338,3.3716554848311473
450,0.94337798732092,639,5,0.007297778747172999,0.4878168230172444,0.793542314094269,0.32035167950184074,0.9920832400570949,2,0.7631486596238188,1.0055796340081158,2.947616054546441
451,0.9430125423025446,639,5,0.007629935900713096,0.4873656367179775,0.7792948482876726,0.30680966473776694,0.9769556750876502,2,0.6424593122564884,0.00017429033399816524,2.7742712627250574
452,0.9431866648223732,658,5,0.007605267907335641,0.4808613809492503,0.7812765413953329,0.3258933077461058,0.993469996564486,2,0.9189371748561497,1.2586073023214306,1.5021503538683822
453,0.9383029499742882,638,5,0.02640001472301855,0.48665338219766113,0.7885642957302486,0.3215433839601252,0.9775240635853966,2,0.9069308941694708,0.0009506175403228621,1.4860840554181727
456,0.9428837621451563,636,5,0.007548423883491506,0.4905359227644915,0.7873431668369424,0.3138451969233541,0.9938659781706677,10,0.7744232985493238,0.0004943939303600394,1.7760194905577507
454,0.9423612604798967,637,5,0.007550356655446916,0.490665048430726,0.9535009466193554,0.3150418497903471,0.9940720091382965,2,0.7520857254743246,0.00019407575365329048,1.5639375021222222
457,0.9423831238955973,637,5,0.006720463720256691,0.49467121574023526,0.9679070848652661,0.3199930811814606,0.9927267463544893,9,1.0256559123134443,0.0008855778194595397,2.0587853078577862
455,0.9433996383589935,638,5,0.007634078741504194,0.4830034950058878,0.7818321318508771,0.318195219640868,0.9857337583835525,1,0.7546978998536591,0.0012431953271884262,1.4788661551309532
460,0.9351207420555687,634,5,0.04535895827210905,0.4756284868966603,0.9635381399772601,0.3459434497760302,0.640365301945506,2,0.9079380413342588,0.0007365794838671251,1.462444705922434
458,0.9432293584653191,634,5,0.0067664553355295505,0.4985651087661495,0.9605018346333856,0.3299798701955854,0.9818324517117855,1,0.7517824322976843,0.00044341751749135737,1.3957027936686304
459,0.9426204973777572,634,5,0.006889124627866415,0.4739696301279972,0.9812670525773741,0.3493798370250086,0.9844150986402895,1,0.79360844024549,0.001297263983243015,1.5806656640959043
461,0.9428073886458183,628,5,0.006966284854779634,0.4657689397284866,0.9713587204499918,0.3256953444748971,0.9934250162156834,1,0.9278192680008369,0.0012867896607534446,1.685339981826068
462,0.9428542150425854,620,5,0.00680184548210125,0.5086443075414684,0.97214018494352,0.33424185867725315,0.9961311307339032,1,1.0522036723767538,0.00044938883180638663,5.064878919627995
463,0.9431681498765296,631,5,0.006847113614408844,0.47026804352371376,0.9698500194102002,0.34336898271764593,0.9739164289561212,1,0.7789735210057275,1.025497206165655,2.064999906944952
465,0.9432781552255239,621,5,0.006847518947061768,0.46542130189105047,0.7489005921531531,0.34443662780818196,0.9635122915434369,1,0.8517183901261767,0.00011678615687597237,4.091428804070679
464,0.9430257410241545,623,5,0.006890623208452394,0.4700875950874646,0.9843784188831379,0.33600794598341566,0.9604357645751724,1,1.0510812344504143,1.220921826367212,1.917092973170001
466,0.9427295405047758,622,5,0.008764119894829262,0.47075176295564675,0.7420564506331301,0.33272663035476724,0.9740995495294179,1,0.8301668354837017,0.00011045241723357636,3.91671157245877
467,0.9427802533599341,627,5,0.006865266005251841,0.47267781346485194,0.7405110375416649,0.3434169386724102,0.6382525308407272,1,0.8201512749452915,0.0012466170924183948,3.403506990349508
468,0.9428340073374748,670,5,0.0069376327471124865,0.4701410589475652,0.7596883580371767,0.32411738456391015,0.9665228524468413,1,0.6327513639814712,0.0011427016097823428,1.9234664805279647
470,0.9430755532311947,621,5,0.008791749953179434,0.5063752615559965,0.7441002272173649,0.3206999759157038,0.9599345102786766,1,0.6511037894449244,0.0005324958788142303,4.539297880711341
469,0.9431422721584118,617,5,0.006816604125409307,0.5052216989422095,0.7580174276979021,0.3467297526751827,0.9632039944826659,1,0.8519621589247524,0.0007618332778913171,3.415241374113165
471,0.9431491465143258,665,5,0.008682653607413743,0.448785926058158,0.7920696035952934,0.3434148842396964,0.6410129066999067,1,0.6532213426273346,0.0006114763368332075,3.727940726286095
473,0.9334534441003196,668,5,0.06140593769186795,0.8555400067609078,0.7459943629061229,0.308983277096683,0.9646357259131676,1,0.6794418298093344,0.0012767640395512743,1.125072284721309
472,0.9429651758299942,665,5,0.008793856971654072,0.4432765237866083,0.7458177208161051,0.3471391093811931,0.96790675731764,1,0.6246356219016247,0.0008481866859456996,3.399981301872406
474,0.943380574466557,667,5,0.008652257115561128,0.44897857202311287,0.7739212407547476,0.30719187493990663,0.6361503595250204,1,0.6141841034288494,0.0005099841064046093,3.473790812554819
475,0.9429955082601538,665,5,0.00872264425003144,0.505264697165802,0.7537012921759993,0.3073303471051427,0.6377119936725956,1,0.6345855275370991,0.0014413919216906136,2.056026040536518
476,0.9430772877354497,668,5,0.00875271347742112,0.4440065113051451,0.763928315777344,0.3132042343197317,0.6406818721471238,2,0.5762348734505457,0.0012256246671493917,3.461945205142319
477,0.9430986168153028,668,5,0.008665556723762994,0.44845279214844924,0.7666593708763342,0.2985660695437801,0.5858516860922871,2,0.6557563777086626,0.0005783948544470443,2.1597583834336995
478,0.9425779154026545,666,5,0.008682737337655847,0.44434184839846125,0.7928716341756809,0.3038413702878392,0.5836643063332303,2,0.6924892865335748,0.0005166211116347471,3.524424976340204
479,0.9434165429919213,667,5,0.00794485116326502,0.509664740929793,0.7880847936969875,0.30596424040999076,0.6427008419429731,2,0.6287493499642657,0.003919814482707048,1.242327512975936
481,0.9433336760596855,672,5,0.007935411699677979,0.5070900502709137,0.7651156501132161,0.3047781083115463,0.581132789853683,2,0.6181182946256261,0.0007604645660613085,1.143630791458573
480,0.9430496494224592,666,5,0.007918059594831224,0.4398906346688628,0.7679901819234458,0.3065391766490864,0.5894692292899327,2,0.6452967982376754,0.0005650744116676416,2.127242186074562
482,0.9425579999124608,693,5,0.0076812091922927265,0.440083016217158,0.7935569799107638,0.3047618627653143,0.58477526670425,2,0.675943148858705,1.007877242513528,2.2243450081053973
483,0.9434766954325118,695,5,0.007820700763539043,0.507555460892188,0.7703827769484566,0.3065099754771883,0.5858688593012651,2,0.6029743713435824,0.9725479087252581,2.265189477467971
484,0.9430476049616674,694,5,0.009751241680025738,0.44292071968199276,0.767737713082616,0.3044401596013802,0.6581727068349427,2,0.7144895103856982,0.0005032168348543801,2.1861323818554563
485,0.9431124954584063,693,5,0.007939720677236035,0.44684852501641015,0.7811613702170147,0.3074276747161217,0.6665657053890186,2,0.7160141834307607,0.000530096288170944,2.4063742167589255
486,0.9430809132876655,695,5,0.00788338404417823,0.4465225175635328,0.7740232910562979,0.3003168244164057,0.6593273792746069,2,0.738513663468943,0.0007667505245293922,2.5452133492770646
488,0.9432591080310824,647,5,0.009747786183641248,0.5262299385249658,0.7756669967715715,0.2704835866046972,0.6630436671411946,2,0.7637868697689429,0.0037920739000425773,2.587306286949226
487,0.9430969579738384,691,5,0.007921935320938439,0.5277452702347208,0.793603488868406,0.301461469894005,0.6652729360296785,5,0.7139735279964826,0.000540670909920903,1.1541946326260806
489,0.9428231202445806,679,5,0.00976225195850715,0.5057106738145043,0.7708654166245523,0.2930150428817968,0.6578700826633449,2,0.5781141669307087,0.004406821819323484,1.290898536641517
490,0.9434047082877974,700,5,0.009525402100092721,0.5299380354746129,0.7799609525832254,0.26951307701048766,0.6660253904816553,5,0.7578588453336333,0.0003164055696229664,1.2527602760476424
492,0.9259278966372388,688,5,0.1708893168301177,0.5292107847231837,0.7807149950884019,0.268996618686402,0.6803057335929137,2,0.9565185703035306,0.00031679781636193883,1.2760071235691155
491,0.94324408661893,693,5,0.009861525604496905,0.5312643551734365,0.7879515602629932,0.28176197847909507,0.6640815751743977,2,0.7358481953824743,0.004775717322064882,1.14959361841451
493,0.9429017594531472,699,5,0.006308902897383458,0.5217014718121644,0.7759377846675881,0.2867736285154791,0.6625185563213264,2,0.9496728116509653,0.0007920319330087321,1.2491974476093517
494,0.943195600337074,693,5,0.006223838146881883,0.5274209638141261,0.7806362151919474,0.28703488372629377,0.6657416505250068,2,0.7648629793014355,0.0003346818379252313,1.2911315228062379
495,0.9429715476806141,695,5,0.007546473604716844,0.5316812323832277,0.7875749802887765,0.2907894933594098,0.6142428294825669,2,0.8204033015432688,0.004694355722771698,1.2448350159280543
496,0.9428996247188188,693,6,0.006328411551662961,0.5251300719683561,0.7953514691422492,0.28380766949926983,0.609339058241351,2,0.9765213226141598,0.004094852476957423,2.950675748939603
503,0.9412767157748444,284,6,0.00744809295326007,0.4996569734857864,0.7263073818830232,0.3242313301734002,0.631116743412508,1,0.9109602905943442,0.0002597432540760018,1.6767934350909353
497,0.9431011251672748,688,6,0.0073580433034092976,0.5319666990868435,0.7842056711506381,0.2848084367839093,0.6096512203206724,1,0.9968719626635604,0.0036150591162984855,2.81456182768953
499,0.9426327985821231,695,6,0.006359806947806535,0.49676686567603273,0.7039037226952631,0.28425652131253404,0.6123035021721468,1,0.97645079772487,0.00033220643969967737,1.7486598689519706
498,0.9430372198522547,685,6,0.006340809585953067,0.5049298627768719,0.7818709899390004,0.284584600620109,0.6134663024643274,2,0.9016615269711643,0.0042674533107945,1.313475929155609
502,0.9427791815573648,697,5,0.006260028479743433,0.5001612905431445,0.7097114847748456,0.28408861343829744,0.6279496713443149,6,0.8734885114005106,0.0002891748730574266,1.7255438540538472
500,0.9429425140413963,695,6,0.007343788575290863,0.49878447309649676,0.702139545562005,0.2840958947582947,0.6837226167454613,1,0.9840907076384035,0.00036251229248236895,1.5607260213687462
501,0.9432951109960619,703,6,0.007291238222471769,0.49549347284044243,0.7247139027408415,0.29054972519227795,0.6423992997949702,1,0.8634694680793393,0.00023213470416772792,1.7380900077663084
505,0.9433510628472256,650,6,0.007295037852623102,0.49565894326876914,0.7252148393575457,0.2682542875307925,0.6349146516150688,1,4.5259369836422305,0.00043238996127937233,1.6713449923345305
504,0.9429392934155653,652,6,0.007425243224625555,0.49830765091254275,0.8018458114743043,0.3211013778642466,0.6402400567275829,1,0.5135309062928269,1.3721350817389582,5.8185931546975445
506,0.9431079703016971,654,5,0.007321036566246999,0.5004359375578392,0.8001599599144743,0.32427449922876733,0.6365638277549651,1,0.5395055322120421,0.00029308210620809794,5.7773868985819234
507,0.9430657671623612,650,5,0.009243655114008757,0.4925145313964746,0.8064409382593458,0.32082636358202743,0.6440153118153243,9,0.5325179904091871,0.00043482994117670614,6.2792532805682715
508,0.9433511849513158,653,5,0.009252174599668764,0.49530973758351393,0.605785386219394,0.31607460234831863,0.6426989460029758,7,0.5510578209236087,0.00027962539953771333,5.876146609303729
509,0.943003177858091,650,5,0.009402195454395815,0.5099356813238012,0.6040592969489191,0.31345806886187866,0.6369099584603904,1,0.5390091133272767,0.0028508941516804153,0.9241368977599622
511,0.9428019534483687,652,5,0.009366450399950302,0.48404790763843475,0.8108419007958874,0.321022027270655,0.4619182703660392,8,0.5285555845395772,0.0004359500034476968,0.8454430059427018
512,0.9431222209970068,654,5,0.00957101781106665,0.48237807336676397,0.8005606907987078,0.3189632343601248,0.6432752141512511,7,0.6183067720042873,0.0027835480363057907,0.9270797569828948
510,0.9427925211683095,733,5,0.009274201722106773,0.4869964045206514,0.8050611672369121,0.3156651243544385,0.6342570295912477,6,0.5416167686581009,0.00838423881500331,1.6609415014080855
513,0.9425357253086274,655,5,0.009112504502427218,0.4814244565109133,0.812497549406906,0.2676820751184168,0.9996408348339576,8,0.5234468417658766,0.00041492483882636145,2.0783738085027514
514,0.942737108871117,649,5,0.009191220927057908,0.4849951609375508,0.7981702222233703,0.319796231487253,0.6463641694439037,7,0.5551598443020936,0.927856341466916,0.9134283726907282
515,0.9427217811551142,647,5,0.009369256315209027,0.5138219228737732,0.8039423261864562,0.3215405201422607,0.6483134333800121,6,0.5675742624284839,0.0027254395061016793,0.8436496572979147
516,0.9430456961720868,731,5,0.00937618470880297,0.4812362151719112,0.7561482040910108,0.265307968976,0.6503872464388084,1,0.5616258835990776,0.0010342070986317311,0.8314832749058217
517,0.9430381914668526,736,5,0.008222269339532538,0.47707898896021,0.8170813736946994,0.2634412300300186,0.6887183734083953,1,0.6138721102870075,0.008469277532391383,2.0295705983813304
519,0.9430041004223277,734,5,0.00857071895461917,0.47905122741679873,0.7576566577863092,0.2657917551275351,0.6074053101408039,7,0.6209740099635842,0.007374033037139933,0.9445766451451508
518,0.9433629841721999,734,5,0.008286119823292604,0.51391420041404,0.8143341304496965,0.2655668881397022,0.6797433758573074,1,0.6172555340551352,0.001076796555232433,0.9815263232297566
520,0.9424932763956744,678,5,0.008467982849554934,0.47963960065721783,0.40609066468048205,0.2677167785952485,0.6862712759084532,6,0.6179553277018535,0.0009338730158181763,4.387710447563125
521,0.9432825817596985,672,5,0.008197928671088827,0.5173799542866632,0.9997920472463032,0.26311448275671334,0.9992831806905557,5,0.621737061559129,0.00759057670531603,2.004726674865576
522,0.9428665840825566,677,5,0.008288885505963907,0.5142026328400402,0.7534437856672016,0.268743365120428,0.6784771052130573,1,0.7926427169275746,0.898430579116361,4.129719999121963
524,0.9431953770013879,678,5,0.008083693760409875,0.5131670056047132,0.7591350945178812,0.2676816104824261,0.6814963870067028,1,0.8017179523736436,1.2864286425811042,4.196481667429092
525,0.9432279276558522,675,5,0.008172654336645175,0.540715642899785,0.7705196832051635,0.26194190680366564,0.6054811307248357,1,0.7942244696798093,0.0010208056255130084,4.392946343501511
528,0.942768552239772,673,4,0.008192773750497574,0.5139095657273144,0.7682275206308379,0.30277446792431145,0.6213289571611735,1,0.7938722517296274,1.2744051846442899,2.654434076482563
526,0.943254671582473,677,5,0.008356422147368515,0.5155298967096941,0.7567292850028777,0.26061529512420106,0.6800914628877711,1,0.8050746480458699,1.2197812636303809,2.8343552385637074
527,0.9435951750140884,677,5,0.00827263791153369,0.5408148477954784,0.7521419238177502,0.2591158921261013,0.6008712332811601,1,0.7915802688817467,0.053315571893948865,4.190514674712887
530,0.9344943303313886,670,4,0.0716820049584344,0.5373761075849273,0.7671608146796365,0.36375023411401936,0.6161579985981457,1,0.7742728748619914,1.328187509582664,2.606620963137431
532,0.9426393515016288,676,4,0.007952966269368185,0.41639689191860396,0.7749508892459386,0.36699000871709164,0.6239277742033411,1,0.800960536533286,1.3210521777642956,3.290258758521632
531,0.9428545730058581,680,5,0.0056386602173945895,0.539948469869172,0.7682458414258353,0.29835927624970326,0.5984483342055398,1,0.7617083999250497,1.2118582750763416,3.1137352496204116
534,0.9428049371713925,610,4,0.009968104041648199,0.4583393839422418,0.8240522180080803,0.29769728437929655,0.6212955217537658,1,0.42665262967233175,0.0006744100800572281,3.074680297662689
533,0.9429195636905684,607,5,0.011009311958257991,0.5358352000914216,0.771980404482816,0.2971308625536761,0.6219378167664684,1,0.45235468871909257,0.7991870123354207,3.090043944515457
535,0.9427119575157917,611,5,0.010340274393013993,0.5394978890628898,0.8275608544258687,0.36408177280447773,0.6208486575714182,2,0.4234735005629784,0.7597095450401764,3.0319211570340627
537,0.9410341471289165,617,5,0.021340426172761696,0.546378612405862,0.6786700025322934,0.3044954940831683,0.5939029103233413,1,1.1012508239437733,0.060479130394517654,3.5411027537408435
523,0.9421456178730999,669,10,0.00818122816124033,0.5185172904628983,0.9996506901216582,0.2623095252883085,0.6801957264294529,1,0.7982560038996945,1.3535846766607862,4.112808931437993
529,0.9418914994325917,674,10,0.008340942220434654,0.5398558766335112,0.9974364757334773,0.2994468882027017,0.6242815979613411,5,0.8271337077762548,1.350364639694649,3.3780301072962313
538,0.9426436220139106,712,5,0.010623533560806624,0.5466274530678525,0.7380431599948735,0.29357083819436736,0.6032344450070541,1,1.0711814035637304,0.01066335576933786,3.4156249081056758
539,0.9415758801883776,607,5,0.02147241761023058,0.5367328485991351,0.789081910597413,0.30079980079178154,0.6070375643192926,1,0.6953444602143003,0.0006891123118010448,2.715252491676707
540,0.943206103376078,708,5,0.010414213336162301,0.5396447442980037,0.7891844474914569,0.29820118870019063,0.5958536321961522,1,0.4303370699279177,0.06636404899551983,8.036192905518844
541,0.9430336433504001,706,5,0.010474426377596857,0.5394692976737102,0.7928783657579517,0.29742372478788015,0.5933314138917379,1,0.7069923335762326,0.0007537224314223327,1.4744198993467614
542,0.9425804127965671,713,5,0.010164051498065051,0.539784644473433,0.6779986339782401,0.29919783979734227,0.5928259544413901,1,1.092757865267393,0.001654545809527536,2.141564351659894
543,0.9426470033579459,708,5,0.010581911577073437,0.5379611038506684,0.740266447064319,0.29913441107315447,0.6011391071870842,1,1.1028411890936738,0.05626669450518686,1.4029009559332266
544,0.9423363006297043,708,5,0.012710635333107975,0.46562592333247105,0.7906354005912187,0.28428815264013885,0.5969804144288735,1,0.7033620808829577,0.011489054423884,1.3876921037362357
545,0.9429241796426266,709,5,0.010301886581208135,0.538304191923198,0.7890895408202262,0.2815760632784754,0.5971063831610773,1,0.6780393634664996,0.01080517072034104,1.4424511868998244
546,0.9429123042371392,708,5,0.010189790903485976,0.46293215693747025,0.7962425501915315,0.2797734624264438,0.6026685258057659,1,0.6810458000536379,0.03650995918136273,2.2848005980349715
536,0.9428265182866113,612,10,0.01054989129732436,0.5341921787817745,0.8259963960093925,0.3662917726392095,0.5942455397814757,2,0.42789854629653695,0.0006793765582665932,3.1230199449245
550,0.933928288121737,637,5,0.09146146407739827,0.4593156619680028,0.78368692776051,0.3365041574123973,0.6575280074575733,2,4.04964362034911,0.0348407166310704,2.0527408282209065
547,0.9435218791639974,639,5,0.008717527486088264,0.45599774542137633,0.7889803529114068,0.28015673828384197,0.41865646748334434,1,0.6953747091826926,0.05416859167111957,1.4609049256037576
548,0.9428761447284544,706,5,0.008841036278204975,0.45668421415186966,0.944045843461545,0.3356059605130807,0.5874004371192834,2,0.9002461005563819,0.021938002714290323,2.074568413293284
551,0.9432157287267071,635,5,0.008694252547601644,0.4605275447425578,0.7295848813514741,0.5340381446867163,0.5770661670885553,2,0.8980527762442477,0.00020632129996760268,1.453779006051513
549,0.9420999791212441,892,5,0.012903533022133418,0.4595783279543481,0.791446246342695,0.27421304803763913,0.5848094988016126,2,0.8823556581512975,0.023641907575415642,2.0872592332342044
552,0.9432906087990963,634,5,0.008698909578788036,0.506687932313568,0.7908185749200982,0.2760763623445747,0.6584490149096908,2,0.6792748431460832,0.10181837606677413,1.846406755728871
555,0.9424952279738676,580,5,0.008764961827077387,0.5127866057790023,0.9417173970539201,0.3331379468631089,0.6514260070103224,2,0.8933364869176008,0.022775300847113555,2.2994980891303114
554,0.9431240765617275,638,5,0.008809607751763938,0.511322001242392,0.9439893382174701,0.2778055618855237,0.6563828338656468,2,0.8862570643263628,0.9803885728219951,2.074906372144566
553,0.9432737114715415,633,5,0.00883013205277936,0.4587472861284135,0.7801817487632834,0.7210921734265324,0.5737468753999948,2,4.204531161560343,0.039933985229458666,2.255057629034074
556,0.9426780960687011,637,5,0.008905929725607404,0.5104700354241203,0.7395314611879307,0.24791950680248756,0.6598552471238253,2,0.8927707048140732,0.005513674992842622,1.7923532788742935
557,0.9431826969612549,585,5,0.008833253321721123,0.5121845509992482,0.9440191901623286,0.25267965865885295,0.6543791016752554,2,0.8653973100311371,0.00021259248218709402,1.764928422053978
558,0.9374046098322429,633,5,0.036091990899025726,0.42431835005922924,0.750036948073134,0.27554947024482446,0.33893779661555007,2,0.8953324273830386,0.005321175829229721,1.1619808559883973
559,0.9421338489173323,571,5,0.007188740224740733,0.41829199053627,0.7345453869269049,0.27884387758181106,0.3167309479957938,2,0.8770311965604123,0.045453256815344525,1.1349554545198408
560,0.942783611744226,572,5,0.007211319661615057,0.47683045875318125,0.7512260896001947,0.2784968198136127,0.42015316273039927,2,0.8737210353983793,1.973062462158224,1.0848897774468844
562,0.9420076214659658,573,5,0.0074638275761174065,0.4258211276642309,0.7503647978192975,0.2542799394933847,0.4196805572734278,1,0.8711144033751086,0.05111522264004398,1.1479010136965029
561,0.9423416011995671,585,5,0.007213581872766487,0.42124346912245947,0.7735983016202631,0.2787365275842807,0.6973898617323333,1,0.8839542693345279,2.023062722986467,1.0857894638808196
563,0.9425801007527811,589,5,0.007475445960684638,0.4320426113288572,0.7499380852382903,0.2533052389694468,0.4180541111380896,1,0.7147491340109815,0.1603402154542045,1.1073271869648271
564,0.9425309230695598,567,5,0.007221691248298278,0.4218450045378698,0.7724500359653469,0.31520516714742874,0.46411993022215847,1,0.6924720601332773,0.006191856600541298,1.2336426469321962
565,0.9429584329707927,572,5,0.007333567638617691,0.4251834717725701,0.7603747132237104,0.31336277947368685,0.40330736544458246,1,0.7203874652563305,0.04524312821249646,0.7480186659854978
570,0.9391678487281856,209,5,0.007736319999740455,0.4286707952156747,0.8173946464913959,0.3041379321454808,0.702747213658108,1,0.7148385731244244,0.731186559786713,5.568580026626129
566,0.9429945731724206,664,5,0.007351317137781225,0.4269117559420976,0.7626030680765531,0.31411609966285914,0.40437448247843805,1,0.992644986559112,0.003568969342309106,1.1522249816262056
567,0.9425235269012948,659,5,0.007194317469624038,0.42828749389909226,0.7574445651056546,0.31410314765916675,0.3363747007174275,1,0.7208295712820453,2.0944844550433466,1.077077208127186
569,0.9295451676909738,658,5,0.1415562599718149,0.4766350907575942,0.7595266432721892,0.3166708343168059,0.4511988369984256,1,0.7202513339820565,0.013616672626090624,0.6611590256676424
568,0.943017539177619,662,5,0.007140270691437392,0.4289061133920193,0.823475033763398,0.3121134358662068,0.7029281015070609,1,0.7255614825303753,0.003618633575073395,5.0946755296038235
571,0.9435085781671667,660,5,0.007748545032102082,0.5603434906407037,0.8135851434579354,0.31501823570031867,0.3644680942247541,1,0.7124615839896355,0.9662085277628313,0.7747261660984033
572,0.9433664970129477,662,5,0.007832552931646034,0.562865391865666,0.8192969838984469,0.3124938963615203,0.6297003199424434,1,0.7160931594560656,0.9151360575074915,5.230436135228045
574,0.9429934909336044,661,5,0.00775749801554086,0.9060303915339598,0.8211806515267444,0.31511361969075097,0.3958412756924441,1,0.6093854615227957,0.016274132391825454,1.4698152334729186
573,0.9433416723121544,659,5,0.007814698289549988,0.5582526460885188,0.816829652121611,0.31246806507398295,0.45985445405196324,1,0.6282614210711466,0.7013878563466573,4.62257206063881
576,0.9435317748134244,652,5,0.009738292229914824,0.5596777916813359,0.8069914647954793,0.32742314769581876,0.4390617669308144,1,1.031379159816926,0.9721995382402252,1.6250371418502623
578,0.9432436154223769,618,5,0.00960006987785209,0.5590944557098452,0.8074733770140737,0.3342849483995384,0.3674466527216489,1,0.4426082273721886,0.8774097297801904,4.920506178394331
575,0.9337887586299152,655,9,0.12977733750528644,0.556171151730827,0.8182773898372899,0.31466030678223034,0.6312521964591833,1,0.47292889351430345,0.013568377996079468,5.300299732042325
577,0.9429650385933458,656,5,0.00966786301505583,0.5624928776409965,0.8059017228091384,0.32697918661151865,0.6324331957846933,1,0.4667588817494462,1.062491891747928,5.148899383878647
586,0.9391209096199509,106,5,0.00966429190122801,0.5592550306453465,0.7860240318288961,0.34423701134274376,0.3801404073402726,1,1.1394423990912017,0.1183745216867807,1.5695307017709372
579,0.9429517553381352,613,5,0.009455499359744128,0.5561336488933734,0.8049811326269596,0.32934006715889663,0.6300309359055402,1,0.4711597012578945,0.9821288743969833,1.6434364253656244
580,0.9428772520142635,619,5,0.011527001539340345,0.4891876628055602,0.8085808129314417,0.29152894331018997,0.6345486639145043,1,0.4441862216772521,1.0382808161445198,1.567700181203314
581,0.9428668387269841,684,5,0.007876682048049114,0.5531141878846525,0.8050932428825773,0.3324497904031338,0.6272946976680557,1,4.936324559027195,1.0002839201434333,0.6412930169470665
582,0.9427305048140007,687,5,0.007864589164199345,0.5599371445077446,0.7984649575627721,0.33075835133060405,0.37710809433707837,1,0.47490620779941034,1.028874666252426,0.7529176975171965
585,0.9429615622794625,684,5,0.009864990892314799,0.5615084023697962,0.8057304607978629,0.3447658009270731,0.4388116501354719,1,1.0575528530858658,0.9182648739911182,0.7263287917950599
588,0.9427405069131474,686,5,0.0112125769867635,0.564965933499662,0.7783764859031908,0.2895769495129968,0.36285608312667267,1,1.6935909623918572,0.0015080093185860439,0.7553765615127811
587,0.9427658638625388,681,5,0.00964935238645387,0.5674126659431388,0.8038494698346734,0.34730358447877285,0.4408108159541669,1,1.0104624852101936,1.0363352222822078,0.667760290645605
589,0.9423988847158512,687,5,0.0118660546334561,0.5700245062206685,0.8003848974181259,0.3499340185569707,0.3780217708492838,1,1.0121095610034345,0.0015210725649230695,0.6973514850763198
584,0.9429622959476284,683,5,0.006571138557681084,0.564130680544854,0.8075501949900662,0.9993935008137638,0.3555237929911243,1,0.4581826684573832,1.6711508961031158,0.8430688173184222
583,0.9424467516064462,681,5,0.006739092475893962,0.5652045343369004,0.8031193879957398,0.8698059137982304,0.8045522410330705,1,0.48686432680774006,0.11751873356394281,1.5923019781347407
591,0.9430479389215721,682,5,0.008002383214572292,0.5629237959402164,0.8421895974089477,0.2919717790813206,0.3799324602939956,1,1.1059017718195352,1.690015455977942,0.7152694263283171
590,0.9428735544519433,680,5,0.0066544603748013974,0.5680658298844564,0.8405807729025052,0.29274600931783495,0.4325859998078809,1,1.0281554601574232,1.5038727167160362,0.6954065890626178
593,0.9430584085645854,684,5,0.006565181141701908,0.52436828265196,0.8437633293811296,0.29486928986553296,0.4272537237908375,1,1.0420054241536243,1.594204956121978,0.7205605714237167
594,0.9428765945307009,642,5,0.006561746105272094,0.5285585146337588,0.8338080072474761,0.291173223563503,0.44159034189844387,1,3.256956696788161,1.649394176903436,0.8911954393773522
595,0.9426250225344663,728,5,0.006699846423327277,0.5252168092037314,0.8455731719683591,0.29326734645428926,0.3521288267615418,1,1.387539619715485,1.7862371357836344,0.9024515699926219
597,0.9426974417398075,641,5,0.006574900790105001,0.5286870266762466,0.8373577375169183,0.2932906962739661,0.44135698746267676,1,0.9954841500501406,1.6188308257695012,0.8708041340715859
598,0.9431071948885432,730,5,0.008709398714597458,0.526227418341097,0.8291574814640378,0.2840285331802269,0.43312604984942393,1,1.0198106850896473,0.0009337157793744739,1.3740598528436117
600,0.9427019293260275,643,5,0.008719577624806305,0.38071688629142253,0.8431089147823853,0.2918375292062393,0.2865316677364922,1,0.9981194400410172,0.0009146650258404958,1.349361271411321
592,0.9425963416403981,689,8,0.006518902915012138,0.5250697781045162,0.8391450571124391,0.3494528775188317,0.4220655291485756,1,1.0242028807818961,1.709926586759174,0.6695944065065348
602,0.9427164743235033,726,4,0.008777019603070929,0.5275056150945135,0.7799910797903546,0.2887047201866901,0.3316778937117762,1,0.5795742732798062,0.0007987503894257529,0.9660222010554294
596,0.9424409114826122,639,8,0.00865688174139369,0.2770762511839635,0.8406066429523068,0.2929159656166036,0.42167756748799284,1,0.5944299001535478,1.814357050636277,1.3996580243111354
601,0.9427796355341103,644,5,0.008459089056535361,0.5283206729408876,0.7174861485273565,0.29163944306392403,0.3462786953913363,1,0.37017439299603594,0.000871516478346783,1.3298484039768923
603,0.9435418311810556,645,5,0.008808561403108062,0.5266248400879553,0.787788584446153,0.2738512417837257,0.6145567509444864,1,0.5663244914766261,0.0007970094345598177,1.4203124152503
604,0.9429920037684034,635,4,0.008657446024147177,0.520460406322905,0.7853019527808112,0.2782816884956888,0.6746298293522033,1,1.3169357134332331,0.7146959338342541,1.3523989780068852
605,0.9431280318993492,640,5,0.008601397339770687,0.5443456731863441,0.7781518977981386,0.27509049681270936,0.6717885320738964,1,0.6038539566339879,0.0008174228764702678,1.2549838621601015
599,0.9428383707323551,640,8,0.008464421933871891,0.5232437717733275,0.8291445994677029,0.2862144426420418,0.3261538904891448,1,1.0355293287594034,0.0008781843131626823,1.7919740160368445
606,0.9428722144378255,642,5,0.008741777822440148,0.5461550147531595,0.7838967404341377,0.2745186181458614,0.4697598312484288,1,0.6103661070892434,0.6803059228850069,1.8425390060425524
609,0.9405934692930025,639,5,0.005593242291972759,0.5449359261597,0.2206049437608235,0.27126916609196483,0.647982025632376,1,0.6454046444891506,0.0006245123070562538,2.5967057908789384
610,0.9422330172674178,665,5,0.005625038327718386,0.49895455743856615,0.7749494733962293,0.2569793062477812,0.4706220602069427,1,0.6112729065480524,0.08598610518537847,1.719855107238044
607,0.9431629453201393,701,5,0.008383407511928577,0.5437858374562492,0.5542301411477869,0.25192802062662645,0.47503456837805164,1,0.5714826654126991,0.0005560352585478842,1.692842437941183
608,0.9433035257420365,705,5,0.008282420003852046,0.49762897276481666,0.7771351802262326,0.2692276110739141,0.6665410767345605,1,0.37260837992324897,0.7269142776221883,1.711168101928194
611,0.9430718739323067,698,5,0.007970037516142267,0.5458830088961748,0.6630161801514288,0.2580041311419579,0.615629950663447,1,1.3419229844454472,0.6897464927162353,1.707029041999373
612,0.9430646076953171,627,5,0.008059477383549157,0.5453482212884762,0.7814688085284376,0.2604183800961518,0.40481870311206186,1,0.3937801052487412,0.029636231842771844,1.58118976609331
614,0.9419700958525457,622,5,0.005832225589058964,0.5020432328334119,0.7892365960737507,0.256408624001756,0.4044461316230303,10,0.8065955293821575,0.0012648740500989775,1.0256371655765297
613,0.9434277640447203,624,5,0.007953661602018847,0.5487608594146225,0.7715638970477077,0.4539433515352618,0.6144562876827602,1,0.8055662123767673,0.000999503941005566,1.7627556761508585
615,0.9426171765639545,621,5,0.005598069399494849,0.5496343127115602,0.7921513363360193,0.26108118924407436,0.5749986313330493,1,0.7978558097983534,0.0012853280994482468,1.6959006160595524
616,0.9428252826349637,616,5,0.005770804247860582,0.5003556248744998,0.7681952943463327,0.25278705266307194,0.823179163348527,1,0.3533599642268682,0.5602879185018231,1.7716992642938163
617,0.9426181805309183,607,5,0.009467858852835728,0.5021107068313614,0.6900632789430331,0.2565573680324926,0.4070702792020202,1,0.7815363787283941,0.0013732835644957246,1.6178713350310678
620,0.9427474386684201,605,5,0.009508728006698407,0.5069438834870266,0.8228899754432193,0.24610728826028827,0.611461945998987,3,0.8069067678490356,0.0010209063797760641,1.1408536853854607
619,0.9425884309651547,621,5,0.0096725019786539,0.5001954019641007,0.6881956043286985,0.2561985261590926,0.4065016788643926,1,0.7760593262603117,0.14710779621721412,0.5043990744301085
618,0.9429656992077824,701,5,0.007937421959761687,0.5074758044223979,0.7955181750407104,0.2532800148440913,0.6123244810433576,1,0.3759771864504605,0.008498588587688783,1.0649377979257524
622,0.9425384726506563,621,5,0.009854302901768704,0.5056087205307446,0.8228328355850981,0.24400051074934265,0.5781897562310351,3,0.8326045241895377,0.0013508975238056698,0.9967745868189752
621,0.943129617165272,618,5,0.009445214506756476,0.496046634342381,0.8261976857112084,0.2540752286721514,0.613418017942565,3,0.794294337719939,0.0012810600538123234,1.0929010573815807
624,0.9428449038229914,601,5,0.00961899552098258,0.548377606722249,0.7646823561650822,0.24610329892323132,0.6147715510064421,3,0.8277032878171033,0.0009660502387182808,2.0691053915348205
631,0.9397206588202369,159,5,0.007662893513569071,0.581363538162554,0.7398803155769947,0.7481649231454726,0.6177141038661679,5,1.1735125097211805,0.0010855652697714662,2.233137074001795
627,0.9428070129409255,609,5,0.009873749081371517,0.5730113541905273,0.8145226550377337,0.2420779289609937,0.612483337574192,3,1.163467247146306,0.0018109701585768158,2.21133718598578
625,0.9428447389302885,596,5,0.009658184429017015,0.5806709597799712,0.8213607546411992,0.4313409302832018,0.6170384038528853,3,0.8066547380569663,0.0010850234893292094,2.2034244547610964
623,0.9425633630998058,620,5,0.009696331504060315,0.5063435003511115,0.8239926091541607,0.7399460607763587,0.6176508170458765,5,0.7964689750755399,0.0010854194727345885,0.5346002672049268
626,0.9431292466785026,601,5,0.009748241727779928,0.5729105159293836,0.8242071150545284,0.4788514000364028,0.6132841356709078,3,0.7815322699831689,0.0010608833980815433,2.4364920120530478
628,0.9425809074746759,597,5,0.007760993642523129,0.5739441380043893,0.7308622065864244,0.4909014094884363,0.6152957274919605,3,1.141606355537863,0.0029297258091018604,2.429991577525231
629,0.9430385442120022,599,5,0.007796928615570834,0.5849775229469976,0.8208857167320694,0.43451241591465184,0.6188408789238113,3,0.9351279010747757,0.0011291694072202967,2.437870500791714
630,0.9422051545751161,864,5,0.011278226231267568,0.572903276536583,0.7347392913470645,0.45119111607453205,0.6152270775238772,3,1.1441328170820362,0.0011974604380710194,2.5625787541256337
633,0.9430434033286159,652,5,0.007663496550544112,0.5800918246516894,0.6369206486131458,0.4277808534948115,0.6181147301834934,1,1.1458805340729628,0.0010720882100262205,2.405714463572654
634,0.9433421628157646,661,5,0.011014402578298683,0.578753891206545,0.7638049535962674,0.4025024397543179,0.6012656043812279,1,0.9295413812872256,0.002504800506215661,2.129449278537097
638,0.9428074606559227,663,5,0.007614012926920662,0.5275182650537105,0.6374235061199753,0.2723484540362433,0.6417554851806849,1,0.5054232976310029,0.0007086429914705866,1.3484746057414794
632,0.9415744681641554,962,5,0.011168572097135067,0.5746521519789587,0.7637081975365531,0.2726828588929605,0.620415703778906,1,1.1549136303851002,0.001138855868366527,2.3001995239846917
636,0.94259512581762,664,5,0.011090332080835328,0.5341781361135378,0.984235731489332,0.4670452300451821,0.5860263818706919,1,0.5211348417360182,0.004811267141858885,1.323031699080056
635,0.9426797773480967,659,5,0.007740011146085138,0.5858729828921704,0.7995809228232166,0.5244928018218458,0.6449541597239233,1,0.5012343394656045,0.0010695894154738764,2.5473061939765715
637,0.9429053088207597,665,5,0.007691835119989423,0.530955719576951,0.8550357699779237,0.5871999347006673,0.6454812546917409,1,0.5069382328299599,0.0023955565600261275,0.0008245699466628511
639,0.9430009778972186,663,5,0.007001296923751753,0.532462990692694,0.7686382153826236,0.40349699354531376,0.5800293969611456,1,0.9626810591296602,0.0050491902242786905,0.02682348266265865
640,0.943316616970302,662,5,0.00727802174930382,0.5321279746794398,0.761509283175557,0.5950159487282385,0.6457236999338125,1,0.5309307724124916,0.005251517735480095,1.3454328221149754
641,0.9432082845517057,665,5,0.007075167511253701,0.5325718268015279,0.854111162464305,0.37984277462428484,0.6449726686722301,1,0.49663517053531214,0.0045980947004549645,1.3848653734828222
643,0.9421136751300248,665,4,0.00500722051202426,0.5363648636760565,0.854850538532085,0.6029604913436271,0.5800747680441558,1,0.5542008371676552,0.004851697917165342,1.1255164841193621
645,0.9424300223024685,664,4,0.006965990954017883,0.5304099845787041,0.795538091694963,0.2775771255504065,0.5805657782990875,1,0.4878575646723216,0.0017297495775326058,1.3921782371406939
647,0.9428929053411732,725,4,0.00707437738457121,0.5529780263294832,0.7963142488990964,0.30634471044212286,0.4932614660727731,1,0.6666221383454652,0.0016926777480903614,0.02006045438258697
642,0.9431384775389944,665,5,0.007136944967406864,0.5322263524472847,0.856145242394265,0.5854508321099452,0.6447005166895087,1,0.5341513799664463,0.0053014106466627445,1.2562428385632243
644,0.9428108868758203,657,5,0.007042104591095558,0.5355994913545389,0.8531952279087833,0.5058366349829498,0.5894231121411891,1,0.49184539642805014,0.018838014493162927,1.3355879910474155
648,0.9424827107391884,717,4,0.007208195016246296,0.5541612304140623,0.8520525501181117,0.537387916474241,0.4907598646167196,1,0.3580109161360507,0.0015949932231202105,1.4538729746941506
646,0.9429796722989213,668,5,0.006926094285117278,0.5534340249693922,0.8002796226426862,0.5201787541443544,0.49327340589355995,1,0.37380574413012935,0.0007094273849743061,0.028048806579824257
649,0.9306056719791964,642,5,0.1074657219731391,0.5510389108964517,0.8528748627041276,0.3076201114764525,0.2999858267389755,1,0.3789230571671562,0.0007017249412236068,1.2539764430351887
651,0.9425284736823837,719,4,0.008944722803907275,0.9645401321678927,0.7978701365024354,0.30548637910377185,0.30468426254766917,1,0.3869118211068043,2.6413840639235047,0.9965208376944568
654,0.9429628521995946,642,5,0.008707241659286102,0.5170814571315336,0.7117355588904503,0.21271286451361848,0.6906864645773602,1,0.3232750566910678,0.0007577070242840888,0.9557627991849665
650,0.9433111431587384,718,4,0.008897853690366128,0.5476915598009194,0.8006426872329844,0.5665456285968142,0.4515899899347359,1,0.33206171264596307,0.001626340335801747,1.2473796738243992
652,0.9428078426225637,699,5,0.009055391360043578,0.5515163832743988,0.7974177266995862,0.3069867862374766,0.6707675217809261,1,0.3320130248646116,0.0007855726977168355,1.8476789098342377
655,0.9431210959695777,702,5,0.009152685037016014,0.5557861533375698,0.8086030328508194,0.20871445810609515,0.45353492785136273,1,0.30409854805368314,0.0006695482902973926,1.8552830980373196
657,0.9428936724053294,636,5,0.008833779831710666,0.516562179052744,0.8094611985639011,0.2148919963523924,0.5654004447794534,1,0.34031557910106575,0.0006118319496082542,1.8275654562048231
656,0.9432616795223489,638,5,0.009147947294332241,0.5173899831294974,0.8071984699577767,0.20385622660938424,0.6961384551382743,1,0.34377700586186755,0.000746083454812899,1.7918775450736648
653,0.9430710531214783,724,5,0.008902548666126713,0.5494376208311553,0.7112207741548197,0.5079126663975697,0.670929817732307,1,0.33107673692410755,0.007600874199043311,0.020772530862798018
658,0.9427967165396126,637,5,0.009182293399793616,0.954341191049061,0.32509144312442345,0.8195005341373899,0.6975084955608675,1,0.657951339802792,0.003301683031791679,0.9194490336822427
659,0.9429423867191827,629,5,0.008999681482021278,0.5180749696706665,0.752566782219944,0.6820926973001433,0.6978742864169756,1,0.6644691344601338,0.009091436047521474,1.8766823752238881
660,0.9428607063882335,700,5,0.008789645347513704,0.518405349006586,0.9622256850406149,0.4477165318571109,0.45521139579527314,1,0.6678254768331623,7.136751892282984,1.9277839348504962
661,0.9431064236498884,695,5,0.009075880248460446,0.48128797701150655,0.7485555546383832,0.2765814331367998,0.7068058039530251,4,0.6750056340864683,0.00807709016030519,1.8723712693911625
663,0.9425448690264566,742,5,0.007920886999286234,0.47532988971126156,0.9587419593475159,0.20032125191369948,0.2498470321524695,4,0.6236883098437771,0.007024450407623415,1.846916617086511
665,0.9421672563876772,628,5,0.00814677404391335,0.48599778763377466,0.9579214194024228,0.2322104846650488,0.38845936449287605,4,0.6773354245465872,7.281051014575707,1.860361983802317
664,0.9432315876476831,740,5,0.008054290389663528,0.47267466120300106,0.9557727000302254,0.23565296705131777,0.8006713211857854,2,0.6866656398844595,0.0034801366168739213,1.9575113229994414
668,0.943444654066902,684,5,0.008077193101168112,0.48614472371312295,0.9574276878915059,0.23156517027921905,0.62878503007789,4,0.6783387742365425,0.006787446947625299,2.914206066517579
667,0.9429264380464824,740,5,0.008083398567629331,0.47661704606156335,0.9648021811904787,0.2360966976069333,0.5978790008818547,4,0.6643337222260576,0.08456050758908286,2.8433227889889934
662,0.9425386531977298,696,5,0.007998634409886745,0.4737066228413343,0.9777802865241499,0.9184653823689889,0.5600988984826478,1,0.6354307377083674,0.007503288771779156,1.8677964533877633
666,0.9427275998846418,741,5,0.008000886046951773,0.48271570832892674,0.958915859206939,0.7964053791071953,0.7146147865545991,4,0.6637488908582451,7.82563498340344,2.973076011199186
671,0.9430749688013613,679,5,0.008065704235312523,0.47635634415169575,0.9815788475436705,0.23952020594475626,0.6325873642910542,2,1.9572227371305841,0.8237308946518898,3.091074759070683
672,0.9430386788395888,682,5,0.007791653786246869,0.48683371292925764,0.7817470677260351,0.237054786938396,0.8719431575147154,2,2.17531716919023,0.5082312739995953,2.6695672801690518
669,0.9417460296289646,681,5,0.006093216682586033,0.8728490945020977,0.9565919330521387,0.4557205275296165,0.8685819517977128,4,0.9282511421148152,0.5423196693757839,0.5627389890410947
670,0.9427879991424744,685,6,0.006161890813257251,0.4714320485571418,0.9767324557918696,0.22930168943015813,0.8377438592723186,4,0.9374683124448258,0.5264351613893543,2.983627536470054
673,0.9426511841185032,681,5,0.010383098688246929,0.47298200179855554,0.7813314253829896,0.9638766953274389,0.5980944388727883,2,0.9521493467355848,0.5227564607948948,2.8567667536540933
677,0.9411270526871636,646,3,0.006139938843719842,0.494483097909214,0.9854647082223044,0.2356432473699265,0.6307946570439178,4,0.59814652626545,0.011467369886382429,0.008281039000690866
674,0.9429234240583421,682,6,0.006049157965908075,0.49043760872464165,0.7776509022189121,0.3335622400773149,0.602660045588259,2,0.9695853444045086,0.5602684532060082,2.7553112037471137
675,0.9426124301588086,685,6,0.006361019366350397,0.4877320740061929,0.9826847451842475,0.22650385136018175,0.6034342246402359,5,0.5738900884055261,0.005713128484546623,3.128375274117642
681,0.940683926507698,649,3,0.0064246811931031435,0.49296455431384617,0.9407707559392767,0.22883857211474748,0.6015500157396826,5,0.5696221019049871,0.0061741193265854605,4.291823819999408
679,0.9414171302604138,649,3,0.006184592226868969,0.494693525224337,0.7817870918778788,0.646811351644562,0.8730034929281244,5,0.5780719560339435,0.006207032949989937,0.006535409031376271
678,0.9429070109726492,681,5,0.006179289092397101,0.4871721039293952,0.9789988458989222,0.22802714930115014,0.8448308121858742,5,0.5830057677642028,0.005719568018978203,2.79412287332055
680,0.9429057753210017,651,5,0.00751575938678788,0.49446796249191416,0.9473582609166417,0.22486072359630396,0.6055762584821123,5,0.5773588383890019,0.006558637524718838,3.547352159236388
682,0.9419701323794103,651,5,0.00619436427645037,0.49345779585512145,0.9766939623944747,0.26679595261710093,0.6018085565077798,6,0.740147256032262,0.012232719708123644,0.007731510349642358
685,0.9423665146084602,618,5,0.007329914518016599,0.5113959464120434,0.9308702225920241,0.22030850880276737,0.6307436788134115,5,0.7454148147497799,0.006296355113609011,4.20633647691989
683,0.9431551880577274,645,5,0.006278762282646944,0.4933617321316427,0.9912995958461214,0.2601786875785458,0.6285165103649724,3,0.7530443001571512,0.010764389768690525,4.264816685957464
686,0.9427365954077633,624,5,0.00745377296050493,0.5105975785285704,0.9429204195649444,0.26744397351511673,0.632531551638163,5,0.7490859820752446,1.1669120440561438,3.835282275465806
684,0.9423105930224128,648,5,0.0074763931280201115,0.5132911058271804,0.9375169184004212,0.22254229613462875,0.6040734787718218,5,0.7489539310737368,1.2800999376599127,0.006605544121671686
676,0.9418776453146688,677,6,0.006420341475899062,0.49114562790859273,0.974567903137505,0.9630619492360095,0.6028774152500899,5,0.5707008447618633,0.7823459726608462,3.0548745331460516
687,0.9424741895434942,629,5,0.007325107461918829,0.3418936655619304,0.9970884401662816,0.26928028768414114,0.6378847049666986,5,0.7354287792801176,0.004245332960918478,1.4766917579311793
688,0.9430800554281603,621,5,0.007534970134770381,0.5137128147566309,0.9454140902548698,0.2646647002732967,0.6347854411945653,6,0.753689504238271,0.000501226532557442,0.006642820858400155
689,0.9426921912639303,616,5,0.007594604250711187,0.8294654741484119,0.7643831239877482,0.27010120316112185,0.6301809515387089,3,0.728344383087036,0.00955803426565384,0.008929660605949706
690,0.9430831382955308,620,5,0.007464803759755266,0.5163842476426478,0.7661115782801381,0.27032208227478727,0.630437688982596,3,0.7444637288390815,0.8292840771110224,0.008326457115749128
691,0.94312967665188,621,5,0.007486775682816618,0.512951590204504,0.9964853572030775,0.2652384170500064,0.6288343468852939,3,0.7560522532386218,1.194727840219175,0.009039127214105894
693,0.9429757378337937,625,5,0.007442942971561079,0.5169986807651664,0.9281890868656698,0.2690277286587357,0.6294285693832389,3,0.4271618513767784,1.109817186456133,0.005450785015163461
694,0.9435296583425282,623,5,0.00831739356545443,0.4555753959315542,0.7727117864031521,0.2801655976512725,0.57034156316115,3,0.45289570867427115,0.8578236713596403,0.005693875397143544
692,0.9429440074683454,622,5,0.008125219751326738,0.5166535649020472,0.9990845857290799,0.2679528835860686,0.6271363907610095,3,0.2368089541171533,0.0042349581482299175,0.009238848717586186
697,0.9430046702414152,607,5,0.008387705776953469,0.4508287897110447,0.7678083247755052,0.2776205436511701,0.5728248220756752,3,0.45116416486876987,0.003955288613394397,0.008466099693338872
695,0.942662423956547,624,5,0.008292072625914712,0.45328698048526533,0.7669084245517099,0.27832727301304067,0.6556552102436849,3,2.958677416520791,0.004146087747695963,0.009838212432030454
696,0.9427444946031349,621,5,0.008304733574391085,0.4583859849437435,0.7670843261361727,0.2811362387895461,0.6314189164870199,3,0.4672184734762263,0.004231828609740255,0.8801959901009704
698,0.9428691534865739,605,5,0.008170439229676738,0.4559159343129179,0.7651359991031943,0.28222345937516635,0.6558955690187827,3,0.20165830481006883,0.7990674442785185,1.1554242740343608
700,0.9433155660402267,595,5,0.008377681034493713,0.45232302917790845,0.7411273780498744,0.20060760130648325,0.654861829996406,3,0.4358913530683807,1.1595721782987205,0.012606936996756043
699,0.9425716380000703,596,5,0.008362670162754082,0.4563487718040635,0.7735726317917364,0.24611047800272162,0.6583071712756252,3,0.4496262623937793,0.003899591045970836,0.9472056225922401
705,0.9425134559229177,343,5,0.010211603320223365,0.5403223242135362,0.740038905365425,0.2506978862364432,0.591103981559089,3,0.44273931428520885,0.6896301279338193,0.0047401446469231565
701,0.9426706310212059,712,5,0.008379670465814126,0.5383618787173842,0.4778519356824755,0.24583756231205606,0.5749929824670672,3,0.26052429173909386,2.2954788504564063,0.9565165281735525
703,0.943078833343634,589,5,0.010191875750821058,0.5368529637973399,0.7518854198659269,0.25010045688357446,0.567990148728336,3,0.2523220358951453,0.851975775098139,0.005333441572159628
704,0.9431261001500252,595,5,0.008386526662124964,0.4497629697817642,0.750235492127411,0.2466222624317282,0.5595993780133444,3,0.45129754754437423,0.8303854185316264,0.004828289009097369
702,0.9429296878938052,591,5,0.008384746134337562,0.4490237461440685,0.7468621031138066,0.2844104538673647,0.5699592070172049,3,0.46752492470700413,0.7132746638103542,1.543709930458861
708,0.9428994676533012,590,5,0.010546657015304203,0.406792684618184,0.7392161762705676,0.25093610941235056,0.5684907179915336,3,0.24493896770889026,0.7065026260872694,0.004421954253499757
706,0.942951331626506,593,5,0.009920526934817403,0.539443641775331,0.8132363017046682,0.2514472236158263,0.5829437770923499,3,0.4318293275789402,0.841555295937165,0.0036499032601724725
709,0.9429601252082476,716,5,0.00957772475736533,0.4032175497300917,0.7470485618017274,0.25471037626994786,0.560862282783507,3,0.2448502292270482,0.8218012133914729,0.5671195928393122
710,0.9427583299358131,705,5,0.010032743701135409,0.39379976860121596,0.7449373840208589,0.2488369701328191,0.5737105242902933,3,0.25120829325581,0.6575173604061902,0.0033577421393318307
707,0.9416301935487589,923,5,0.010276256975185883,0.5599090649140003,0.7837411889074277,0.24533513087698652,0.5696178000855698,3,0.44757983987020933,0.7049738427702559,0.005480469747463363
711,0.9428552388384182,706,5,0.009941314446624223,0.5349581283863082,0.7904608800620728,0.24991677158114595,0.5505269319886151,3,3.585570506558347,0.931176139677483,0.004308765670610055
712,0.9426977224748525,704,5,0.00984567779425255,0.5625257989928382,0.812449782740257,0.2937340392498677,0.5683466538053255,3,0.21665018696436658,0.6361284974842037,0.004642680823158781
713,0.9426562697016776,706,5,0.012358304664854738,0.5589427744572136,0.8151749285997284,0.28963127222893065,0.5464428240756376,3,0.39512313263608445,0.843797992986086,0.3429249561538078
714,0.9426746343655636,701,5,0.009363216017842676,0.5648517409481424,0.7936084035950967,0.29055020456839437,0.554739705380018,3,0.24435826068543348,0.7093405718098614,0.3366326423057432
715,0.9427819367265788,707,5,0.01010831604180811,0.4053969319017522,0.7913235682765098,0.41805733477442225,0.5826614731513918,3,0.22646510693723643,0.031800797788687815,0.0072941176165613264
718,0.9242683976893898,663,5,0.22202089162994906,0.5577834895740805,0.7850172956624842,0.2931496238735758,0.3664691175368985,4,0.37418262826856485,1.3705230640148085,0.007052728527425729
716,0.942854781208986,669,5,0.010047552172047551,0.558637323046309,0.8150142374408098,0.29955237747116537,0.5478824092040148,4,0.39524626609246666,1.4141856048418333,0.003273351009596422
719,0.9433379236122239,665,5,0.009205045403443806,0.5646630395134083,0.7874621184863634,0.2989167293680327,0.550279750864943,4,0.8604087865990353,1.2562401736570916,0.005618735793920758
717,0.9426827829872393,671,7,0.009169821575380842,0.5535591982192185,0.7894599552692364,0.2972795596795526,0.5873233182086619,4,0.35267295261880655,0.00038795435688983385,6.903510509459511
720,0.9425354518789554,668,5,0.006935684417654787,0.5580990285224597,0.7886750056231473,0.29831478705476255,0.5957413355228713,4,0.5799865638344204,0.03238382069909104,0.31859844037026536
722,0.94267983579108,664,5,0.006879955014090713,0.5596053697299193,0.7956310481418871,0.3022675397031038,0.5910397333127728,4,0.5676564571323484,0.00013374614221319181,0.32191472526825254
723,0.9422521938713222,666,5,0.006908739684519448,0.5890334918739326,0.7858283984987197,0.2996821650512619,0.5920360310212661,4,0.8540310944186946,1.375238514987741,0.006815862479024953
721,0.9425574843618577,670,7,0.00910879005090994,0.5614828627262334,0.8110292155910619,0.2954606820520106,0.3655693749534358,4,0.5535397539798588,1.3542387147873176,2.4166494875460094
724,0.942780691682309,666,5,0.006837976823307469,0.5848337003314609,0.7862384228612337,0.30066043727420394,0.5940151150532708,4,0.5747422664580792,0.03204102439509762,2.3902711895332156
727,0.9425811516828564,644,5,0.006696435231528052,0.5949736448866026,0.7242375535132741,0.214507988017744,0.5980520588229994,2,0.5742081962540274,1.0766397301865431,2.1293227160146646
725,0.943123212440474,668,5,0.008991482353986452,0.5859558355776067,0.8288243082854154,0.31007889060478033,0.6056701003789169,4,0.5719488755060368,1.2638171426607239,6.735230537758158
728,0.9428138841659652,647,5,0.006933989965035734,0.585302067355997,0.9237043177031585,0.21781711819047384,0.5904703399363578,2,0.6220646213869578,0.018689845078976364,2.126292598425179
726,0.9424876011645432,668,7,0.006822918613576803,0.5929642724891024,0.8358981179775552,0.21404715183830547,0.5919068005364339,4,0.8572190684309201,1.3528671091552198,2.329879738720839
731,0.9428885210737988,645,5,0.006831220004298331,0.589304337959104,0.717727809949924,0.21127977161208952,0.6108737309507888,2,0.5310389065020852,0.4825728933844923,2.363552843613134
733,0.943176397642552,644,5,0.008104975287834198,0.5281130583352447,0.6635808250988202,0.21570105298027994,0.6117178430264191,2,0.6343950234030342,1.0703331186058513,2.3474847642386445
734,0.942721204030654,643,5,0.007983344553669374,0.5225018508917532,0.8322328601553671,0.22108424475251823,0.6176254757200715,2,0.8705631614941651,1.0311631593039103,2.2854886235353664
735,0.935825146984625,642,5,0.042820954756777344,0.5245212435210936,0.8331992802090892,0.32018699626172303,0.6065015762531486,2,0.6383504830026717,0.009066114527273048,0.012423276411992522
732,0.9431144261641056,649,5,0.008845191851184472,0.5277021209516872,0.8266286907185635,0.31969598453776404,0.612004197515641,2,0.528297281072255,1.0716684265003398,2.440046351764627
736,0.94305912866563,643,5,0.0079066896235599,0.5264109916309945,0.9174827913728514,0.3262741507928717,0.6165913216557725,2,0.8557469466203109,0.007484970369348212,1.5165047319877243
737,0.9429195949993094,642,5,0.00797231113000398,0.5276573360614624,0.9683954348943717,0.3222374835879186,0.6166351065092387,2,0.6452580665414277,0.4891833048746457,0.48046911340235615
738,0.9348633101066307,644,5,0.04930544865291765,0.5315105220815183,0.9669968415097737,0.27834740730238916,0.615287757484019,2,0.6569915420547722,0.06531556432097288,1.4831769144067821
743,0.9405831363648252,254,5,0.007857533657198856,0.506775615777069,0.8061144571105137,0.27517950673074676,0.8204450930112183,2,0.35842536107701506,0.21392783584548913,3.6998011467244094
729,0.9419561895533877,645,9,0.008929332455880084,0.5986418506814942,0.8323650607768596,0.2131981788067217,0.5896478715144474,2,0.5605472672474923,0.0001290309327476677,2.315114630555108
739,0.9432451349399434,637,5,0.007982855332678911,0.522662622054242,0.9718117377133402,0.3247105028552734,0.6109846546569565,2,0.6602282263144029,0.009814926678698831,3.6687096336181724
740,0.9427994821450737,635,5,0.007909169298887622,0.5187534441180573,0.8209807547353071,0.3254897219087418,0.7859135307087464,2,0.8367792748685569,0.007958390229248253,1.4406080825791978
742,0.9433784465157891,687,5,0.008566746425511789,0.4657008999391816,0.8079711922321051,0.27846170755647937,0.508902364661908,2,0.4943465262425659,2.4193494653459084,0.46966290447565634
741,0.9429452650361118,690,5,0.008512008524083917,0.505119126493281,0.9693443318015665,0.2797994010665297,0.8170085545655261,2,0.505648943637586,0.008410674202479453,1.498056523723877
744,0.942829411214286,687,5,0.011005562559579718,0.5042019391522979,0.9724406845765402,0.27631556215930425,0.647459936938542,1,0.3362189780094576,2.2470355641962643,0.4575654031004406
747,0.9426264783909261,686,5,0.011184700767413434,0.5437858735518001,0.7734492734227032,0.26349466530931226,0.5035667647230849,1,0.49048911625977354,0.0005178521259644523,0.6093610208618601
746,0.9431330392106707,689,5,0.008590117644375716,0.4704115178076068,0.8111663739273941,0.27800176298515933,0.503503591961125,1,0.35650074933324843,0.1379020361788355,0.7954121786252788
745,0.9429434126022651,690,5,0.008795508806494275,0.7955033248875243,0.8077345734013831,0.27666976457925363,0.7862778510037867,1,0.34852367896986053,0.5846467119778719,1.5644817681942171
748,0.9428594801292082,689,5,0.008732851590581774,0.4672592252450209,0.27479936446155984,0.2635672769004158,0.7895294568882079,1,0.4842413630944208,2.4470939935065257,1.3004367561082348
730,0.9425655286210631,652,9,0.006832720025180326,0.5947217883505217,0.8286213490290093,0.6658731061773504,0.609819078356292,2,0.5589097100369481,0.44134013236328673,2.3062802476997124
749,0.9422648843477021,687,5,0.011230763904905388,0.5076008115132683,0.8014397305814269,0.26600864766649596,0.6463923413441919,1,0.32318039032903945,0.1475362360156042,1.1021790883977556
750,0.9425313206905714,684,5,0.011858047282862267,0.44058565166928226,0.7705028265249043,0.2634523219255249,0.5152698759912495,1,0.3169930267629049,0.6428509841985931,1.1534956975248005
752,0.942842801962841,687,5,0.011307441279757165,0.5444696358764503,0.7711406034975127,0.26664324004643514,0.39170133592789846,1,0.14822081855080527,0.5781865167407969,0.7969413257989563
751,0.9432462276150068,689,5,0.008670960102192144,0.5430192580455864,0.6975491451127255,0.2675523105196566,0.6484261514347796,1,0.16741419379090205,0.6014248753801684,0.803819929754079
753,0.9431368599207058,610,5,0.008922725933670227,0.46693709499827857,0.7675602600184322,0.2586925704249276,0.3881501957395717,1,0.17371698171706731,0.015263813455311867,1.1145170803403295
756,0.9427421861052935,611,5,0.009322778183965322,0.543467792314208,0.7609351705732977,0.23875356248683755,0.38884129797995637,1,0.7164229480881217,0.013984701061350273,1.1265648424571957
754,0.9427783174361114,718,5,0.009137929484063025,0.46656397481936074,0.76065101944998,0.23300797718574398,0.7393416444724822,1,0.16804170411651823,0.14020069731073398,1.1069808176333606
755,0.9429399435937548,728,5,0.009184055395159596,0.5415660858878039,0.7568847636249496,0.5466171344526136,0.3900857921947462,1,0.15369206830640067,0.9120021300106258,1.0726984831517696
757,0.9425131104831411,607,5,0.007415864871544413,0.5412708035475267,0.5915175230989307,0.25952992660240803,0.7374183688492499,3,0.11826420910933039,0.0031165038126914945,0.8466585389093397
759,0.9426084372506975,611,5,0.00748472259005794,0.5417637931356786,0.7606834583276305,0.23696447848765342,0.6436786351862691,3,0.18691490067451688,0.8799603178792139,1.016688760511776
758,0.9427909004191468,606,5,0.007434785922880999,0.5481871580625038,0.7573973918754459,0.2354025232501564,0.6469630470488777,3,4.353228525158748,0.0003743661668304314,1.0792657985875527
760,0.9429303819042323,610,5,0.009356178708142272,0.5416816624566803,0.7775667769024487,0.23914554608839353,0.6444277060839135,3,0.1728127767562734,0.0031782007751857827,0.7732676116192994
761,0.9427577308952341,721,5,0.01373231312445753,0.5452264229724921,0.7534624514009282,0.23552469367955634,0.643695709984758,3,0.714517452603934,0.00034359442463518126,1.0671772354971514
763,0.9426399359314621,612,5,0.007369099152679285,0.5040498913406427,0.9521692812686501,0.23568824290337342,0.6373906115712558,3,0.7168994659837882,0.00044120372507811483,3.2461143029963218
764,0.9384341659517317,632,6,0.029340004108544194,0.5021845581013777,0.585107256621447,0.23660861009179962,0.6629111338914553,3,0.8045881006194104,0.9313582920163649,1.7488030094345164
762,0.9430741401633476,731,6,0.007390484510720893,0.5034886159418033,0.950938943797147,0.23789814950849292,0.7305121136608299,3,0.7032617921842276,0.8945434301779039,1.0142918235520115
765,0.9429697954347389,742,4,0.0074316993506009016,0.43973911361032747,0.7979537509417374,0.550761728414218,0.6638034046449655,3,0.9009812719849092,0.00036624717737707206,1.773646766472209
766,0.9427419601605453,628,6,0.007327931842497235,0.5005225633579643,0.9538396123565533,0.2405765050832687,0.6649017743957512,3,0.8221989429895575,0.9337658576304239,1.6887941288598187
768,0.9424209250259388,729,5,0.0075180987169794905,0.5044359771359018,0.8040826907400969,0.3083575157179804,0.6275252487978767,3,0.8161001218813599,0.00040261051772991506,1.8540792907370833
767,0.9428845072931938,632,6,0.007612473607727863,0.4985839417603515,0.7983004834429871,0.2865667031579824,0.6680500763823319,3,0.8446477354386437,0.9770146113752385,1.678943333493856
771,0.943026086463931,628,6,0.007847390391199643,0.5030350533045277,0.7993345029872545,0.20061000740316948,0.6679601512069997,1,0.8698256111306406,0.0005785456220951603,3.4804189713659506
769,0.9409156936379575,727,6,0.014044614051871011,0.49981952660619566,0.9488449941605368,0.3037658950943117,0.6641055334161889,3,0.814534423981947,0.0005525367290211505,1.7440323946585266
772,0.9429822876224252,629,6,0.00805474095219916,0.5750140765589222,0.8001065509185417,0.3078459603474044,0.6645702099146266,1,0.8447856040295312,0.025099948811852055,1.7638613340099742
770,0.9431558351050429,725,6,0.008014510179459849,0.5084660327626876,0.952485334351589,0.31234023496094837,0.6653289100133873,1,0.8078914688557532,0.000534894147900818,1.731611428805259
774,0.94302053333689,659,5,0.007975369522663889,0.5723647692395656,0.8007681782246362,0.3105882139155213,0.5807214828225971,1,0.9143144447544551,0.02381264824197847,1.7876469544987958
773,0.9433550849768283,660,6,0.008040819693041792,0.43645663422217185,0.799654198398919,0.20004611292786303,0.6249359607430214,1,0.8656878100245081,0.02591869018716158,1.820530692872857
775,0.9431179765753426,660,5,0.008128042838072419,0.4791753694953922,0.7977580842718398,0.30695078838148554,0.6296372420102483,1,0.4157141268909786,0.0005883701697051986,0.22997443902124226
776,0.9426949746110115,663,5,0.008128886185923207,0.4874575165448862,0.9855800884129419,0.3108628927871584,0.5790795883213165,1,0.4186628405815987,0.0022823605476736874,0.2414266665448146
777,0.9427132693520424,655,5,0.008038632731003631,0.5700911862644696,0.8148977620473238,0.287214165398399,0.623538726077997,1,0.44108944041882375,0.0006115380159679919,0.267903737328071
778,0.9434491740054878,659,5,0.008176644168023372,0.4793098913894685,0.8174526000204498,0.2006236691746233,0.582400982151422,1,1.2672710614114517,0.0005754748854266954,3.6921525663082098
779,0.9432821731806277,658,5,0.008164820532700512,0.5766003261995539,0.8191594708506191,0.3765203423130497,0.34847617459382585,1,0.4169002187155034,0.0008310054154249504,0.2428606112078122
780,0.9424188398637836,657,5,0.008326640437493536,0.4780988250749059,0.7308620339748663,0.28762257783540024,0.32154961505877355,1,0.45739440508363355,0.0024089877736348346,0.25494569102854364
781,0.9433252780117062,657,5,0.010023256379313273,0.48063218240350136,0.8188810211466354,0.29194990748786753,0.5848869370429552,1,0.3884281274521229,0.6682229630168225,0.23959817981967146
782,0.942752192378939,658,5,0.010222745826365544,0.5738148631964022,0.8197881353073073,0.3342679192843539,0.5276530037680462,1,0.4349735310959921,0.0022739365570728933,0.2653120450429124
783,0.9426222057913949,657,5,0.009966800367048584,0.4763405582507762,0.8236829330871482,0.28675944282442833,0.623722515429765,1,0.47918227834134497,0.10136753641116793,0.23645576754488284
784,0.9424733254222406,673,5,0.010245509870963997,0.7237883935289153,0.9826203961595495,0.2854773014260232,0.6267106215763852,1,0.41967846702390904,0.0008996461560354585,2.8352938236638137
787,0.9431173837965117,674,4,0.010493198390142611,0.5260321165485716,0.780355419167048,0.33803604255775493,0.3457498646444965,1,0.6514114865774857,1.819958474619044,0.5769433159277307
785,0.9416164886691684,761,5,0.010406704016597533,0.526162571100996,0.9841565553774674,0.39078680174312985,0.5984064548880712,1,0.6540279417814546,0.04797970798778133,0.011076683503625926
786,0.9424867631339072,702,5,0.010478008720976968,0.5240783549242951,0.8220083076303486,0.3763461643345626,0.5984430334260358,6,0.48966566898599806,0.0008515099817046546,0.005854253106784088
788,0.9419019356796146,658,4,0.006893080248236249,0.46752221028162333,0.8409362595684496,0.2104294418701588,0.5271177589797044,1,1.1621790731511987,0.0008205259802534599,4.853809285757942
789,0.9426023247408162,626,5,0.006734730696967843,0.4625343456580759,0.8403062361880762,0.21051283429641696,0.5613779868789205,1,0.4910190051059614,0.0008337640792298954,3.6416710735061733
792,0.9416616630080317,554,4,0.006805020733423123,0.46608265669965954,0.8418670836459082,0.20482101943685907,0.5581178744311162,1,0.6349111322541353,0.0008960906707363484,4.004340043550117
791,0.9420901059097482,675,4,0.006793170637884907,0.464148827180933,0.833672340325568,0.20008700349386524,0.529326306891464,1,1.0576311767823157,0.08801365449186659,5.828895888354799
790,0.9426645028569538,580,5,0.0067199842862748875,0.4639875305705665,0.8368246414332587,0.20321450310262026,0.5352471984882166,1,1.5628380245458287,0.0008343396796669126,4.052321413037087
793,0.9431528555565178,672,5,0.0069183778835839255,0.46526380817262364,0.8518114321973707,0.2147494421856405,0.5555900382070607,1,0.28019692177606,0.0008196668464965764,3.917134088195687
795,0.9419570369766459,562,5,0.006700262590658731,0.46042737100108744,0.8410528296906985,0.20427826605664412,0.5667781559467198,1,1.545353858008545,0.0007772802630249271,3.6528819714597
794,0.9424662214688923,633,5,0.0066738561772177254,0.4518974268330247,0.8419041248933942,0.21552309614149617,0.5683104141199334,1,1.5395253112017802,1.8860453322324024,3.9277622867727304
796,0.9426287127914137,629,5,0.006738896664326489,0.4461691612121954,0.8474324868756946,0.21360514101790587,0.5733655225764075,1,1.2182868229445594,0.0008364161004400861,5.021386495370981
797,0.9425995017359966,628,5,0.006587114577664235,0.46017928128859886,0.8446021932077293,0.2059408925399807,0.5832746296918846,1,1.5566375999550264,0.0006873209519514025,3.036652213277541
798,0.9421799886090451,575,5,0.006639407941226582,0.4484802114725909,0.8372893721270359,0.2069440933960095,0.58407768900304,1,1.4950573314247615,0.006061416486365641,8.880137917215405
800,0.942573434078183,626,5,0.008757339590413662,0.44051461657701635,0.49892961419007914,0.25542975059431766,0.5795837244015913,1,1.4225735045442753,0.005519004084775299,8.414814086042277
799,0.9429645501769851,630,5,0.0069253907625084505,0.44786698026645066,0.9989599379829912,0.22067603291277518,0.5786160871770717,1,1.0403529028157457,0.0007305062963743136,4.477553238991917
801,0.9429003380363028,631,5,0.008680769593886547,0.44334907024296727,0.8514396844204031,0.22804006611326771,0.5747267154994368,1,0.2628284609499612,0.006585706242494478,3.06034145439628
802,0.9433407716640364,630,5,0.008740976734947753,0.4429303412336331,0.9273685423465707,0.3569008223658724,0.5780474712643993,1,1.4680727695960891,0.0006522997271902073,4.66263929081637
803,0.9434018059675002,634,5,0.008659178531463415,0.4900921579009404,0.9279160895581375,0.22433522615114806,0.5792315043135062,2,0.31153090751785817,0.0057583779591956685,2.753205360161871
805,0.942627652468716,628,5,0.008781239028558997,0.20555044583957388,0.932827242576553,0.22441884761235686,0.589788122588919,2,1.3274458553682167,0.0057054115637956235,2.924686127649472
804,0.9430093722925115,629,5,0.008719901362161145,0.4432465990981768,0.817469925937393,0.3564877828530793,0.5847054625248597,2,1.3042975937911048,0.0004771129081019816,2.947429049322818
807,0.9425363989683728,648,5,0.008771984951278731,0.48373638545027464,0.93115862781216,0.22524224126310505,0.603257500186569,2,1.3711003501618935,0.005613390977218541,0.07959816208621227
809,0.9431250377400783,647,5,0.008806005419541558,0.4867269306582042,0.8139433312282955,0.22584957763020092,0.6044615921745637,2,1.408659907755808,1.4034836931413033,3.0453747456295295
806,0.9430829577484573,644,5,0.00874591049496014,0.4832860718390195,0.9345788134019339,0.35534085408364463,0.5829422674242251,2,0.26930686742404175,0.005215687737171028,3.1334816896733004
811,0.9431584222506798,647,5,0.008640822871966583,0.48851248284977944,0.7793868725006421,0.2292211152579644,0.4775596068179475,2,1.2549603866007084,1.140375303017519,2.7799306295732467
810,0.9437356218520234,643,5,0.008707390735218121,0.4845579550641867,0.9249952998806847,0.22631006314573693,0.604145773125192,2,1.2559471033120804,0.4254545769012,2.7216300619148095
808,0.9430093394183332,642,5,0.00854475973438416,0.4834249662366772,0.8722899977170754,0.46894136539157427,0.6058145608553431,2,1.3745074316160197,0.0004876197812322921,2.58511958336073
814,0.9281349437213899,677,5,0.15960269297736765,0.48646084188979916,0.867326837820344,0.25064687527794083,0.6038429310033074,2,0.5657812836891998,1.5097018888276146,0.008877930812812814
813,0.9423764801807424,676,5,0.007449369827446068,0.484821649892118,0.3909091676402435,0.25199619751695596,0.6024334202028873,2,1.3392564060980707,0.4591866364105695,0.00795911568354803
812,0.9428603515558345,647,5,0.007698416830846972,0.48745976633874405,0.8726242968456682,0.22551276763121927,0.6047974924231658,2,1.3940883567293636,1.1750224451378086,2.782305803336582
815,0.9426714815753382,653,5,0.007528371069085183,0.4859887626159406,0.7823109602509891,0.2516504649910388,0.6031151189170969,2,1.7036684254428902,1.1315620978873275,2.407851382929216
817,0.9288492416908115,677,5,0.15637305869648052,0.4906349333854644,0.7841035434449365,0.24676979029747023,0.6061913462360697,1,1.7083579340168562,0.4169726479371178,0.0059038676713878595
816,0.9435204107840413,673,5,0.007581575371677106,0.5188983875492973,0.7760493775397986,0.2531711697685265,0.6059868810180586,2,1.2669018283349893,0.431412330378815,2.2628235077553183
820,0.9431570978909326,599,5,0.007540150191689754,0.48009764532032984,0.9117134700659121,0.24633281018506165,0.6038311560331574,1,1.2773386866187995,0.41770602104588933,0.00784132864994888
819,0.9432809719685954,674,5,0.007576288115074525,0.5187366516063739,0.7835628716496799,0.25306989161929905,0.6051353741785238,1,0.5997611271082933,0.40029480833608705,0.004147793249772232
818,0.9425364970690948,675,5,0.007587529074206802,0.5207001239669177,0.7798769189195935,0.4661749416941439,0.606709164860349,1,0.5895686603709754,1.1585783003315933,0.006265860738094132
823,0.9432972274669581,594,5,0.009487450090898927,0.5173455173482906,0.9207489547864076,0.23846299148198258,0.5481999470306144,1,1.0592324587802362,0.41008961252182835,2.065877205140135
821,0.9426045006983207,612,5,0.009497762480704016,0.5157515716383572,0.9158126113182792,0.2474371599101747,0.6015717728670014,1,1.237053615169334,0.4179528630347253,0.0073816721160270245
822,0.9425718550740083,603,5,0.007603341250081977,0.5162236479972717,0.9156355736435572,0.2513240062032621,0.5959446271314633,1,1.0229717588920875,0.4766130892446245,0.006948558257360765
826,0.9435055307830359,602,5,0.009530433544972697,0.6059550943955845,0.9095557564631827,0.20014666966775974,0.5549224750965787,1,1.0312276651366832,0.538802087417162,2.284468591805088
825,0.9432618913781633,606,5,0.009549688011429457,0.5161232512997145,0.9643332338788922,0.24172790391489102,0.6171705710620394,1,1.0936909829885213,0.5673751574010855,0.00391734048544098
824,0.9429533134698158,589,5,0.00950022130565108,0.5170384594677153,0.9215701548802766,0.2511427572496006,0.5480267342386728,1,1.7662015566595748,0.5793075972290486,2.244228853785365
827,0.9414713872650611,702,5,0.017056437371550288,0.5175268281924613,0.8998202119790384,0.24190635759670762,0.5463936005405422,2,1.1450540047922937,0.23214643426494788,2.2215735534789642
828,0.9426711444845592,607,5,0.005941521793977466,0.5127826134448873,0.9095214947002956,0.23817482843742133,0.5901420502223528,2,1.1613185525238,0.2550681685538506,2.198851642161072
829,0.9424576449610887,607,5,0.00936894737000784,0.5565360058474743,0.9167616602249178,0.22354599245207005,0.5498972652800465,2,1.1766793895418075,0.36245811199085787,6.970988720023482
830,0.9429601920002284,708,5,0.009493952124260846,0.6044787480571054,0.960121076373277,0.22897574965552897,0.22456499819399056,2,1.251397484546306,0.22171351127693356,3.7809418080047057
831,0.943036353643752,611,5,0.009428701666467804,0.5565699721794051,0.9635726411345923,0.2227857884022482,0.5900755201959096,2,1.2857366409993989,0.3470621277722276,6.382871685870923
833,0.9424322848808233,699,5,0.005799717598573279,0.558046209757243,0.9663857882849056,0.22396876350299708,0.4188256098144818,2,1.3510528076548112,0.5703327637197629,3.7162820207681504
835,0.9431510229515405,574,5,0.009475332078677285,0.5741234363653259,0.9356470033766242,0.22217331108084604,0.5540256565743742,2,1.2898041867092231,0.24170176301850813,6.371425474599904
832,0.9424713414916817,695,5,0.006012873851022608,0.5577645035833773,0.9071341670354116,0.20005717205504234,0.5545976735375083,2,1.2489367536594576,0.5233182784575978,3.53432085344452
834,0.9431536194897998,698,5,0.009533972770068462,0.615450606997939,0.8825758582767546,0.22065110017438078,0.5402191271174673,2,1.1828694947904084,0.3377454296894139,2.369665659087561
836,0.9419102867644822,580,5,0.018281066542355753,0.6068568840652768,0.9105955437763724,0.20191559162725287,0.5533237766998479,2,1.262567818705685,0.2765162618547043,3.705785273767291
838,0.9430673779970892,529,5,0.009538732458383749,0.6072860587115402,0.9078474074724552,0.22097896073494402,0.5318733431464371,2,1.276864788831961,0.3500840467779998,3.663137110316655
839,0.9427950686562078,580,5,0.009406070561675849,0.5978089474561581,0.9381760639418378,0.2167575187749197,0.5337958057936193,2,1.3266660143293059,0.3322224248804018,3.831233442750091
837,0.9429121445625599,703,5,0.009370171081012303,0.5811487371185258,0.9007678000992743,0.22008767735310292,0.5367180020692608,9,1.2345638813787339,0.2901945733809483,3.6255653879088423
840,0.9432234661602499,586,5,0.00944693897304092,0.6003693051791184,0.8861772810267553,0.20096996456053606,0.5375845092430533,3,1.2462143235560943,0.6803269424396945,3.626497269155273
841,0.943155820494297,558,5,0.01163210445561669,0.602736969268274,0.8939009497352101,0.20703701114657294,0.5668662775038202,3,1.282907565511936,0.4532473729114867,3.617151822820681
842,0.9431405157380379,550,5,0.010864813194153175,0.6072809106578007,0.9031879340596057,0.22619666097030464,0.5638630455278927,3,1.2941812001819557,0.5466091483055809,3.4203292896571766
843,0.9423235360559706,581,5,0.0081825575253085,0.6016878597936277,0.8858212935366668,0.21298372453843148,0.5420715747556908,3,1.4867165624143484,0.6821345355149895,2.9145882991014713
845,0.9430917951624365,534,5,0.012599524077838844,0.5921273842619629,0.9347030871579121,0.20526613403342098,0.5225777085054849,3,1.2530672875275137,0.6808170332812417,2.7552730372205083
844,0.9427921308526708,553,5,0.008137855022265971,0.6061482072311553,0.9415472376145309,0.20112165176583516,0.5636675105010549,3,1.0847020545964314,0.3013614380305558,2.4327366012891662
846,0.9434733568770891,676,5,0.011004234925630081,0.5917386818445933,0.9281674511728089,0.20062002478567542,0.5638181293100045,3,1.483124006151905,0.6094279744160203,2.87808996803243
847,0.9428491910332684,673,5,0.011212665858465785,0.47541748904805187,0.9446646700902405,0.2093409043480904,0.5157002388715622,3,1.0536011945279902,0.7181985444374209,2.3834536968230506
848,0.9424646362029694,674,5,0.012248113220388964,0.47167447428566683,0.8981358474497552,0.21175990360303398,0.5159922080421159,3,1.5158000116647974,0.6510645570368437,2.6469479031006564
849,0.9429038383535543,675,5,0.010983777425115875,0.468819267851481,0.9457426195182914,0.20797456522172572,0.5174435099384214,3,1.131388575686145,0.7204468661485935,2.7614033552391977
850,0.9432179391238267,671,5,0.01084546921760205,0.47514726042800337,0.9423196456635378,0.2003621678113613,0.572839264427022,3,1.029753903315522,0.47821480706291297,2.9005416287049903
851,0.9429993853259229,673,5,0.010728540990404399,0.46963349416029154,0.9540007742077042,0.20248041155043492,0.5710136855919972,3,1.2074190118010215,0.6447674008774433,2.1858319349033155
852,0.9433203813246032,679,5,0.008298282140199108,0.2913722255215646,0.9395012149973364,0.23957866289304286,0.5185647576506494,3,1.142507894872157,0.6697954752338847,2.5078403151360718
854,0.943223998408848,675,5,0.008131597449468685,0.46829862101227937,0.9434120868873171,0.20008966788160695,0.5684757668201121,3,1.0875497219412686,0.4792207317525111,5.167917106641974
853,0.9426472287808817,671,5,0.012629956827883588,0.47142632853601485,0.9478070384045284,0.27171338792145616,0.5701907672574549,3,1.0689092246278793,0.7485206859822641,2.3814041656842124
855,0.9429891379749711,678,5,0.0071864163886674335,0.4730030231435309,0.8746028053556076,0.2632821104584819,0.573053115783675,3,1.3935495179749402,0.5157324170829014,2.268725974362423
856,0.9428159912442393,681,5,0.01223256333346033,0.6417780380135398,0.9193446861752684,0.26531552861667057,0.5692134018398469,3,1.1275835446748987,0.470953558792851,2.674840810387926
857,0.943055192113253,719,5,0.010777004719251209,0.5824302028680428,0.922759042074428,0.2630311435602133,0.5659524772555049,3,1.6394955785198657,0.5610992896218344,5.065211167261222
858,0.9431840296699997,691,5,0.011801479026649376,0.5788482189278248,0.6710662977764981,0.2645468478430572,0.565950813369558,2,1.4471962143648618,0.5151428843426503,4.546548998163749
860,0.9427125179422567,712,5,0.01078262451848654,0.5862257188182243,0.9193306279097524,0.2608515426432484,0.5606343773092891,2,1.4601356577645093,0.4952378506771255,2.0835243938652526
859,0.9419873803648648,775,5,0.012296229207506929,0.5845760331132095,0.915682636055324,0.26375896928307285,0.5664774709520463,1,1.565507173060857,0.47473651791710164,4.857893402804493
861,0.9428961760609902,698,5,0.011693071986576091,0.5764145821284932,0.9183315887075567,0.2666284450017717,0.5628420875303819,1,1.4873906632065619,0.5027474543322877,2.019974090698303
863,0.9428375013929781,716,5,0.010319249053164692,0.5821870499839941,0.6796381484383324,0.26227086986311726,0.5601059122136601,1,1.4703076729773157,0.5129818271368611,4.569876797367393
862,0.9417870513851373,714,5,0.012881603888257638,0.6133507950588543,0.9159634652595604,0.26362053766640475,0.8003591849430151,1,1.3932508057554451,0.4992660847280608,4.922867617008088
864,0.9425596843227302,713,5,0.011709151285955947,0.6391029296874042,0.9321803618043942,0.2626651724065349,0.5601355357045891,2,1.473101146757608,0.4839969283496378,4.879449004826362
865,0.9430323158597789,716,4,0.009991350311216078,0.5877859777715302,0.9213134146450165,0.2616080579090635,0.5593838194820112,1,1.456109610442946,0.5283380876046785,4.720121111138549
871,0.9421851722929414,399,4,0.010075984811416541,0.4141548522616368,0.8867140102390368,0.2371412898562702,0.5891791637103982,1,1.435698702541538,0.7250946948091009,1.508389110091013
869,0.9427222090412423,752,4,0.010000702012952995,0.616398603852573,0.9206391651603875,0.24262953017798564,0.5891246470236194,1,1.7866888090026982,0.8570735740706986,0.014857198098590756
867,0.9420677843428032,714,5,0.010280166694281027,0.5818012684183967,0.8692720123782691,0.23322946062638933,0.8120765128713323,2,1.531968482602832,0.8171172372844523,1.99762145160909
868,0.9426665859318597,773,5,0.00981195958219888,0.5844724875823003,0.9193963604465182,0.2798348819969495,0.5848903540440958,1,1.5949700452022035,0.8796557890588019,0.011804039545852997
866,0.943000864142126,714,5,0.010646932417088724,0.5824064803344873,0.9211735167245927,0.2597157641933958,0.7990967098989605,2,1.3887932055669217,0.8279213169604271,1.9481657871987914
870,0.9429721686373119,653,5,0.009962980269115598,0.6197819994946828,0.8694063966943003,0.23518280166766475,0.8344549166492868,1,1.464771710755242,0.8588952019899887,1.9265355179657424
873,0.9425368790357359,657,4,0.01018387822078958,0.41732192517465927,0.895037366412003,0.23530870418567737,0.5847494595400404,1,0.9706834371177437,0.9348499419282874,1.9849524198029982
872,0.9427069168084797,745,4,0.007241573325390848,0.4311101128517939,0.8712417002318663,0.2325572084472822,0.5881886268982672,1,0.9326015070082364,0.8879351355913402,0.012815868004705367
874,0.9428595886661773,751,4,0.010171597441124378,0.4309403759686095,0.8825028464114608,0.23348922956892762,0.5869878514847858,1,1.6169065922084596,0.18464161047629915,0.014761171063494604
875,0.9433728704290048,652,5,0.007149301109986405,0.5666851842476647,0.8719109447505878,0.2363817176860102,0.5895155221595385,1,3.766017243954969,0.065184669189088,2.009585842549418
876,0.9425931815447995,648,5,0.007217887151342341,0.4295445073819251,0.8616591233477592,0.28228345972687985,0.5891924278027503,1,1.59483036196174,0.17622572478619417,3.2868541888040346
878,0.9425431491329471,654,5,0.007188938340610088,0.5680579854102458,0.6472051171398783,0.2828226584667445,0.5902401315042433,1,1.6249717293494617,0.8538660722943532,3.0322400805782017
877,0.942880899482598,652,5,0.0073008432136893245,0.42842174831532154,0.8801622203696632,0.3281171486539063,0.5966673566696864,1,1.3776699236939167,0.851576267425876,3.236422201374498
883,0.9429682602628018,652,5,0.008886106387368508,0.5620803037187763,0.7281431853901901,0.3336884304648458,0.3700228176527555,1,0.9429536024828586,0.06564144018346975,2.899660650671357
881,0.943045425873289,654,5,0.007174612614388192,0.4367373475084063,0.7076130457909392,0.32932357712509197,0.5900461090687905,1,0.9832732408255064,0.03864909037672307,3.0761437809290375
882,0.9430313964264162,654,5,0.007205657094734035,0.5672497859403022,0.7057088035790037,0.33263276825948224,0.49755475973138824,1,0.9956396203567334,0.052477477138448636,3.080352811536101
879,0.942826455669129,652,5,0.008644859557465176,0.4288825058325991,0.7202611254651368,0.33989027341832573,0.8455512550506525,1,1.6515866517684592,0.043801112280091016,3.164562705978864
880,0.9432635204763237,654,5,0.008573375127906714,0.5646781694073605,0.8986245623742904,0.3244454979481222,0.585427595323607,1,1.902372410857663,2.909988949093542,2.9731868152923315
884,0.9429524274324435,654,5,0.008574715446035705,0.5673629893865709,0.6488905241714636,0.33176471908956356,0.4951569555859162,1,0.9808603713432152,0.3923485324783961,2.965323372256734
891,0.9424875187181918,289,5,0.014880698736787582,0.49486184268660827,0.8286276540364226,0.2845302983042408,0.5403951013439322,2,1.100644043194315,0.3919327601528279,1.4220044662135936
885,0.9431175215549725,652,5,0.008529509153596975,0.5652741475699767,0.6549584736905163,0.3320041628051712,0.4989063426949888,2,1.341166384071041,0.6273590019785499,3.117889765523841
886,0.9429810958030153,692,5,0.008947391725717874,0.5650982984667168,0.8253090348459958,0.3254795024317775,0.6224906841492305,2,0.9828181986159392,3.0777058322933266,0.04013204181044917
887,0.9430240346977662,695,5,0.008633552244488887,0.501162000768402,0.7327006922814481,0.33386864360668067,0.6189913254487299,2,1.0189464903530059,0.6913500327535932,1.5000761411011003
888,0.9427833539689245,694,5,0.008808033884661797,0.45437006170527006,0.826698516637973,0.33432824525822086,0.6192455492984655,2,1.1750491545976107,0.046853637741787475,0.041902381834820535
892,0.9432046349961217,692,5,0.008382568410311111,0.4995981970352945,0.8259672983706909,0.28081740534368177,0.4357459063165974,2,1.1486565725560531,0.3482007911173697,0.005301629896465587
890,0.9424877775371179,694,5,0.005509821986322545,0.49955316387131693,0.8258372083608968,0.2831497362649938,0.4433243750318802,2,0.9634484715948044,0.36206729550637995,1.5518426857770529
889,0.9428995177472868,688,5,0.008288301572238482,0.537801275446699,0.8301304020934401,0.32611049789847335,0.495208988672533,2,0.9583957144951638,0.019520965140232938,0.03521162789949842
894,0.9432790892696324,688,5,0.007877019351391493,0.5394991373335805,0.8321579008874679,0.28790232435105745,0.6192426360432639,2,1.158127712687982,0.6343007869228318,1.61452845115285
901,0.9385657581558802,133,5,0.007921344016895943,0.5347425990216581,0.7996305018222456,0.2960349228682089,0.47247250079217645,3,0.6349293993140622,1.085672199715553,2.276228933461732
893,0.9428104485534453,693,5,0.005531254167735152,0.49814391254191176,0.8274720269697009,0.2923237142655461,0.6194637830276646,2,1.1994830126399096,0.38552429978852537,0.0051509753630781694
895,0.9407634538408864,697,5,0.0052248372525746265,0.5354330063045044,0.20481651615773144,0.29790556488714265,0.6236036702467181,2,0.6866855316684687,0.0190033955843129,0.005234231076761574
896,0.9428941389055712,685,5,0.006384919875708688,0.4552560657736546,0.6278776919501539,0.30392960600704005,0.6197262914454771,2,1.1728570719767302,1.0789913533949895,1.5408148459907292
897,0.9429510341934659,692,5,0.0078702476252111,0.5422743565301633,0.8124163506588933,0.3009584922946155,0.4339426040582496,2,0.7054413397452284,0.020210831631291018,1.5526094447022214
898,0.9420993341611782,617,5,0.006288451571822659,0.5451186647269199,0.8103566224735531,0.30525507302426197,0.26316669311229673,2,1.1802231647252877,1.525172561307351,1.6081741280468307
899,0.9428652273704436,629,5,0.006286052579015544,0.5367474908415926,0.8081914127107728,0.30591802078034525,0.45112061138047355,3,0.7013773962123451,0.01907587998611826,1.511041189842409
900,0.9426267873038379,618,5,0.00782307903950434,0.5362111567933473,0.8092188769798568,0.3042324801589774,0.452081518435716,3,0.6866725312368677,0.6080851792909874,1.5803121267825888
902,0.9430094448244282,617,5,0.007877501617815962,0.5417819694538022,0.8058694403013986,0.3074096168819812,0.7550038461296236,3,0.6641755321514403,1.1106104022681174,2.3161681947041965
903,0.9431619883162876,614,5,0.007830808525231941,0.5384392699027907,0.7953768378522095,0.30164245499978426,0.5449945147210212,3,0.6747524573545516,1.133651651751101,2.387591339707243
904,0.9426066109074686,619,5,0.006227824027414497,0.45334031250827245,0.806541462989183,0.2237546755169827,0.5480740127114901,1,0.5316797188434865,1.077844027230781,0.00994452322515745
906,0.9428272540420263,620,5,0.009270526044054914,0.5986947036681354,0.8069671195548959,0.24870643695247194,0.5400823655183539,8,0.5477731192980583,1.0990195741789628,2.4222078547799373
905,0.9423589796381098,619,5,0.006174788142355259,0.5401605076708904,0.8087141107488482,0.30583201907997887,0.5429818362890616,1,0.5392837910953163,1.4943993494239107,2.4689498896355384
909,0.9425664574470481,627,5,0.009164208471978606,0.6081027584844939,0.4339823811083424,0.2244823709416518,0.5392347579735991,1,0.5025254322975619,0.633811335508236,2.3183578043097746
908,0.9426755423190547,619,5,0.009181404097116586,0.5992088051867356,0.7961957174571667,0.22469708447081121,0.5386706131713775,1,0.5254126158987502,0.6148728780746453,2.4456512982211787
910,0.9427951417099368,617,5,0.009276224790283444,0.5942722181153667,0.9053003465288089,0.2216572656191328,0.31743520724950985,1,3.3871990471488136,0.6485935789371603,0.010525795992535168
907,0.942897235340063,626,5,0.007880673776067494,0.6038801671293919,0.8078133062930567,0.2216936555447026,0.5450606897171563,1,0.5093811168467589,1.9680543666064811,2.4460634283295275
911,0.9430115028523411,633,5,0.009240420715832094,0.6027081258999563,0.614349888082903,0.22523963614111622,0.5378839475788102,1,0.5085071865589903,1.1103613737094475,2.1149959657198942
913,0.9424559198494558,636,5,0.008997949049208831,0.5033282105479615,0.9036861400208132,0.21830939106987926,0.31127533492081605,1,0.5350189126738262,2.0390907478863114,0.010079464909517966
912,0.9432546548844778,632,5,0.009308996065326178,0.988527716459262,0.7490203214993926,0.22272951322661225,0.5499846548395897,1,0.5295651470497612,2.017459203594259,2.103615564478991
914,0.9413062868807838,736,5,0.009579735478192911,0.5008937748339504,0.36044611786734104,0.24550502350849096,0.3287379416336231,1,0.530910806869803,0.7334986585987239,1.9943183720893862
915,0.9432699794696061,637,5,0.009221496538231169,0.49864046352961827,0.7483749981496967,0.24760541296945482,0.6067065065716948,1,0.5068652574805916,0.7493198073922258,2.0541736730542897
918,0.9316165373020795,669,5,0.08592068928568133,0.5001154871151826,0.8577880016166815,0.24885092699510103,0.6017846435266927,1,1.3348900485969781,0.7776787342682208,0.003713214225476188
916,0.9433455702504177,636,5,0.009222678277529185,0.49509429325780857,0.7751586855369517,0.2207859929960804,0.6034396813887115,1,0.5118960601779285,0.722237467803593,4.03239756222575
919,0.9428933791467878,669,5,0.008327204394514,0.5047425606936469,0.7728801021077772,0.24764461499709386,0.6070675630055514,1,0.4053980328717547,0.10332547449378564,2.0137226311377243
921,0.9432495515596836,668,5,0.008294579209762612,0.49742793512386974,0.7477515369416687,0.24829778132752003,0.6017634947032886,1,0.4157702560033363,0.7054554466992291,3.9083781931259374
920,0.9423721887959665,668,5,0.008230027893860977,0.3593902285367979,0.7562722278325994,0.25381001289895844,0.6028412020964522,1,0.3915233319669339,0.833380706804911,3.9050078715935084
917,0.9425326763590597,996,5,0.009160281348806832,0.5036587983819458,0.7492380974144124,0.245611151490619,0.40797153339624215,1,0.42029733612279374,1.803712537304323,2.069499423891276
923,0.9428697264365352,663,5,0.007140722938575923,0.4926028961644847,0.7737085561818035,0.27294877526801176,0.4165819861128034,1,0.363169707040117,0.9277020647760056,4.20148304984571
922,0.9423682407637178,668,5,0.007156159653191326,0.5011390260923971,0.7488019450797871,0.24894196548715988,0.7762601527249121,10,0.3879179564828159,0.6803674080297308,4.101812815555809
924,0.9431421375308252,668,5,0.0072462473372764315,0.48832190783034174,0.7736328089747502,0.2486187722214902,0.604157026251583,3,0.797964643149999,0.07933867988658463,4.046817327997396
925,0.9424993231571992,669,5,0.0071143518808316816,0.48556500460011626,0.7672959813526531,0.27466377981763285,0.5988150484802611,3,0.3822544435692759,0.07659094517343815,3.8504787842277097
926,0.9423346214375584,664,6,0.007161608005965325,0.36568127472542955,0.7744276784637072,0.2765617931939728,0.40378891738339256,3,0.38195687511408427,0.08611428505954576,4.089775046400786
929,0.9418974512242688,595,5,0.007146832718004003,0.457375932443711,0.8504323640447286,0.27862653787188324,0.2872988586493884,3,0.7845245931390257,0.0005540690311753379,1.3195291819060764
927,0.9426030855432244,673,6,0.007234363122833393,0.4561414149942668,0.7712058519770228,0.2749188831903271,0.6365654104815944,3,0.40452643933146576,1.4767889938672376,4.091922961605749
931,0.9428146940187343,597,6,0.007636107214404912,0.45810392233941183,0.8568906487399413,0.2784373063721595,0.5735086420921625,4,0.7611349240848594,1.5518598566672395,6.31643186406752
928,0.9428569357721841,667,6,0.007217144343595554,0.45902825072574727,0.9997764264755837,0.28372807108381143,0.633968148625173,4,0.7948986523243557,0.0004694300720338566,4.188232596758374
930,0.9425747041694456,596,6,0.007387467382428509,0.45784227679714784,0.8555812188718774,0.28562969813755146,0.5777475569453663,4,0.8663019820213611,1.4619980094340546,0.10125046149070696
933,0.9427264085870443,593,6,0.010839016195073763,0.4569283818913585,0.9331547364882611,0.28531646855713616,0.5780490331174171,3,0.7736806934482233,0.00048492395120920575,1.2979551219843362
934,0.9426261360820238,738,5,0.007530231216391998,0.4535295277570824,0.8552333789327223,0.27346161442862343,0.6283649241933059,9,0.864554905173017,0.0005658688235654161,2.7303893706065487
932,0.9424218976841614,675,6,0.011166649161512655,0.5240350801778177,0.9327148595037198,0.27705607029000945,0.8235152103311192,10,0.7697651275941746,0.0004628093528380932,6.835272490200831
935,0.9424295996344642,595,6,0.011061092795616796,0.463128705018384,0.9329729292060043,0.2832555552947419,0.5750249690179999,4,0.8983784425146408,0.0004688576794210719,7.032636469789728
936,0.942262441222274,590,6,0.010916252487296422,0.5234894864379653,0.7904198647164339,0.28036866679742384,0.576383559916458,4,0.8682054392062832,0.0004818962982385214,0.10807168233316944
937,0.942737297767188,735,5,0.011083348306509007,0.5252703624768926,0.7910089194125631,0.2790707573159005,0.8238348519078604,4,0.6291146093601092,1.454215126312325,0.10035839959673847
938,0.943142422440369,738,5,0.011220958352786074,0.5211482421705674,0.7928326529995775,0.3152099036821489,0.5772886212693334,4,0.8828784186575959,0.30942816041251525,5.688814208696045
940,0.9422803717382842,734,5,0.01081789222392865,0.5519337491684576,0.7909082901443889,0.31850052395204365,0.5798409207218387,1,0.6452981134424105,0.27843647954155376,0.09737495092034569
944,0.9437626986949244,705,5,0.008082220129361994,0.5547841351123547,0.9643628729998307,0.20080117967909042,0.35318983840852075,1,0.6285265160615507,0.013899220253975088,0.007275219081819879
942,0.9429428010381896,724,5,0.008409760031210113,0.5230168787079438,0.6901764774445829,0.23765092979167485,0.6228426620473128,1,1.0761982389481048,0.39245441708734324,0.006967088042118905
939,0.9415746142716136,730,5,0.011105850974187927,0.5546386178972744,0.9307840273335137,0.28791248948340303,0.8282090573695965,1,0.9134361155125279,0.5433408768487672,0.004194395662567563
943,0.9433708864984457,643,5,0.00826873280713316,0.5527849108349135,0.792095371676279,0.3169907451447193,0.8285479240159243,1,0.6527689489919134,0.30763492202359244,1.2535758092761442
941,0.9419379376009693,730,5,0.011041431476360535,0.551388788982644,0.9306229627432541,0.20137319104875018,0.8190947997935508,1,0.6265040282960096,0.2918108768257483,0.006620109243997939
945,0.9423293594818094,640,5,0.008284827016893979,0.23873939171277747,0.7906432273848331,0.3160202337880498,0.579684048000589,1,1.078787904072067,0.45326188076669033,1.7081205283235048
946,0.9430816427813324,643,5,0.008166756724199106,0.5569877699589599,0.9783003238222139,0.20064822359646253,0.6212194745506457,1,2.656433036686345,0.5493636737730797,0.006228638186723757
947,0.9430604279783843,642,5,0.008277048706390155,0.5512698640754029,0.957135478779763,0.3152058052966504,0.36580665593273287,1,0.613470720347256,0.4349789175099449,0.006312521485366701
955,0.9263219484523285,708,5,0.1830487742121032,0.5730937895482743,0.9051573805360859,0.2008422856702522,0.34030629648621213,2,0.7238142006792101,0.009018731343949276,0.00596349829098844
948,0.9427134801642323,639,5,0.00826360981211303,0.5576785657643231,0.9555310976796689,0.23731265541031868,0.3685536983375339,1,1.3361227604299928,0.42427594602245233,0.0041704270655814795
950,0.9430870727606585,715,5,0.008362274416150867,0.5557079403099274,0.9590546900907118,0.20377281758225502,0.329024543369688,1,0.6431543130098346,0.010294029803380478,0.007916209302555186
951,0.9433687689839246,713,5,0.008378252331647846,0.5555965630939611,0.9532067033219391,0.21060848907911012,0.3340715943246469,2,0.6494260164046995,0.12653149918475726,0.007075442987510587
949,0.9431278263052827,644,5,0.008370971797581216,0.477324500513762,0.9527666982142625,0.23620446945493584,0.6203428999554017,1,1.0803329896669251,0.40429827093042703,0.0016312869069940678
952,0.9427150257724165,701,5,0.008477306852514663,0.5745826149010907,0.9585966169772613,0.21205596135318713,0.36481448399096694,2,0.6492714161769312,0.0147202497516077,0.006896804845223598
953,0.9430775037657633,708,5,0.009956744364198748,0.5797046645539674,0.9566094435665307,0.2164689493689564,0.35339572028408545,2,0.6218031510424802,0.013998669506008856,0.007364469772494893
954,0.942897294826671,705,5,0.008493862610377656,0.5755448727557559,0.9460894289067823,0.20044023064079314,0.36797710156712937,2,0.6951573288815674,0.013279657358012715,0.00489370463327617
956,0.9429949300920688,712,5,0.009967016390384364,0.5710548851374881,0.9558955722391299,0.20282209681699045,0.38495781410304725,2,1.3272075440921884,0.012655793321762811,0.017604624418995372
957,0.9426779687464876,705,5,0.009913831206892862,0.585280933109379,0.956876800034559,0.21554756459882535,0.3479372996023127,2,1.3113976494812847,1.0506176489102526,0.004841218098733462
958,0.942997705090152,711,5,0.008885739744154372,0.5727211647767397,0.9547679300527231,0.20185940297369892,0.3988676440746126,2,1.2480967948804944,0.017365038536376748,0.008219995662279309
960,0.9424893961990313,706,5,0.009914967453167438,0.5771165259523751,0.887116654266498,0.20054227804898273,0.3782319638333449,2,0.7262344316101987,0.015292369241134153,0.019814970824358964
961,0.9426166578824777,756,5,0.010046155946419166,0.8928977863493097,0.8974610980862823,0.21680001959841178,0.20028770810127494,2,1.2523575622279906,0.010288957707734228,0.00955257066087029
962,0.9429311969751246,701,5,0.010080339650760587,0.5818492573473889,0.8897577632082548,0.21296840297229433,0.3745553426427013,2,0.7195349357230831,0.011259355992441702,0.020580897051186105
959,0.942956710990034,708,5,0.009851581279013482,0.5842199761169522,0.9566642509919561,0.21495741666214707,0.34995195350250274,2,0.7152187837402066,0.013594278967987372,0.007142670098298373
963,0.9429573825625297,704,5,0.010104871057223125,0.6332914636940777,0.888080116264894,0.34939299328146733,0.3741321349850376,3,1.2708194631880938,0.012248718081766016,0.009076478585352451
964,0.942736929367668,763,5,0.009126840013921528,0.6252851127225553,0.8884849253999043,0.35155602735769387,0.3942452973710252,3,0.7319601946760349,0.024180962234408996,0.009758322840081265
965,0.9425952687942042,683,5,0.009718903544610464,0.6162760749316512,0.8940660512868754,0.21895483038045754,0.5222478988074465,3,1.2449866963229679,0.01641665575971656,0.00919212010414742
966,0.942415535747976,688,5,0.009860528311220617,0.6249776536924,0.9049321544098871,0.2175967989201601,0.34669695521033844,3,1.2587904365846017,0.009943302151070213,0.011455732356949503
967,0.9426668437071613,684,5,0.009076097125606272,0.5892807647903997,0.8959292043544735,0.2217881008272054,0.3409878473721441,3,1.2205803409673033,0.010952261376704292,0.00935038018487825
970,0.9324641390201613,679,5,0.07285764037635008,0.6278315677152324,0.8184333345672449,0.22680877775251468,0.29710280863616545,3,0.9589380065469391,0.03270480374174798,0.010660659138109933
968,0.9434554701933167,752,5,0.007756713118788817,0.476630895909174,0.9015166687414543,0.3457433791705705,0.5216501811416642,3,0.9538321422892762,0.012173738351996399,0.002937093864318568
971,0.9338318979006092,683,5,0.07121943042825586,0.47649966644639646,0.8188223104780661,0.7675783318807952,0.35573581984292063,3,1.0407524765145462,3.413417216221859,0.008853345499455177
973,0.9421435181001989,692,5,0.006553395744406468,0.6155613389804996,0.82091684484377,0.22650972561947672,0.5219855192094738,3,0.9972372296292296,0.02501357597689583,2.817973674792486
969,0.9432649105844272,759,5,0.006558512108007431,0.6145552624645277,0.9050760304863685,0.22335599044666682,0.722612228006862,3,0.9921015508046621,0.012858063645752192,0.012069738263987792
974,0.9430703685036737,684,5,0.007745418549176666,0.6109033769801409,0.8477741757733971,0.23120480906830665,0.31312335847951756,1,1.0284467223933862,0.0006548527837688901,0.012036092430344146
976,0.9348221276322537,676,5,0.07102069798766465,0.596683959190875,0.8189521148843073,0.26057757820105737,0.3031072586910738,1,0.9030207652848817,0.0006668349306101485,3.0327597472781003
972,0.9435194652600609,690,5,0.0077567166825286945,0.6125076645107218,0.8194484682426482,0.7655844111091343,0.2993796698341479,3,0.9588019400266325,0.033727335058026366,0.009328390182771398
975,0.942997519324955,689,5,0.007837895557200313,0.4779407492886254,0.8355652978570518,0.25751876655672373,0.4780596637120636,1,0.9983012000706988,0.030043870551121826,0.012696019590684655
977,0.942681304171036,687,5,0.013903811708467472,0.48001672874733836,0.8221709205503265,0.2600513359425507,0.3553320166316394,1,0.9201520861747292,0.9595374804557324,0.003023215625766006
981,0.9216045216334321,787,5,0.25271089729065166,0.5329651117263671,0.907111316575886,0.3168729528930374,0.4724819165494165,3,0.9798211223802621,0.026122209024513118,0.0014307741418890904
978,0.9429697609951238,683,5,0.006652950634865981,0.4763440723440321,0.8241226580164139,0.26208682160150293,0.7275775951106701,1,4.602894867234994,0.0006227579062984495,2.980093225165766
979,0.9425437638278968,786,5,0.007697123026484565,0.5347755950423703,0.8721307944974003,0.380233637957272,0.4890538963343999,3,3.048263203691012,0.0006526862141773218,0.0009237119046843322
982,0.942691284354064,759,5,0.0077480026341827535,0.44458132033030345,0.8709336589103864,0.3615723240562162,0.5026416783169367,3,0.934499967400038,0.018004765484340605,0.7921615211138715
980,0.9430670362099992,789,5,0.006692460344721975,0.43745886177862514,0.9101041359645413,0.35154993656687233,0.5030407407790999,3,0.9789541281026305,0.0006625192714022538,0.0019490477688910734
983,0.9426677537479016,766,5,0.007703305575739973,0.533139420203606,0.8782242003629918,0.3592429149172418,0.5070914308582563,3,1.0721783261175144,0.017169524298647616,0.00233075164537938
986,0.9427213574434852,768,4,0.007629051778932117,0.653056816456836,0.8746127350379602,0.29798979258457986,0.2879618734341486,3,0.8593317244043795,0.017126153880664848,0.07631846645470135
984,0.942695436414942,787,5,0.007774359797153616,0.5363178212597342,0.876398944521996,0.3707856767675524,0.5262319318181369,3,0.9206162780657804,0.029984275697284065,0.0025112083182829486
985,0.9425215617559803,827,4,0.007717492048323738,0.6441020403854006,0.9107351485561369,0.8476751146041717,0.5133305130793335,3,0.9798813580805095,0.05102840296656207,0.003988038390161187
987,0.942948022292575,811,5,0.006601049726618001,0.5916082887432264,0.885078356428228,0.6084729172576591,0.2431652756881259,3,0.911440946039294,0.030570138808099796,0.0034464605225102527
989,0.9426330918406645,756,4,0.007746882631487547,0.6062239353220166,0.8795189153069807,0.3634144994040781,0.49999292106783283,3,0.8691943538119392,0.06890600277480557,0.003700246720119058
988,0.9430487487743411,787,5,0.006836853951950532,0.6016185453973787,0.8587706707988801,0.6371609794166561,0.27317822809457876,3,0.8919741371313326,0.05618413265070386,0.005507163194549835
993,0.9291748666868587,769,5,0.10612755203289988,0.6050212111484428,0.7258270469759605,0.8587342213568214,0.2784697115594177,3,0.9100855967739598,0.05868811153889761,0.002759769364371981
990,0.9426497428727896,756,4,0.006539773735936137,0.6136548678017018,0.8701746364078049,0.944005220268632,0.2854267012504028,3,0.9012539329568361,0.057821556745438665,0.003828479885153243
991,0.9425255536204666,774,4,0.006491234429656303,0.6519274321935632,0.9094886746004434,0.9212462439610679,0.3096022765914987,3,0.8287011765507283,0.03359927917085376,0.001367677324541387
995,0.9425638723886605,747,5,0.009005095598901745,0.6053913263260297,0.8439053575906041,0.8166852290698364,0.257305799549075,3,0.812881476445987,0.055485471897664104,0.004557325545868754
997,0.942561911417845,756,5,0.0088201745371539,0.5658339026620818,0.7290578245977966,0.2987308409543523,0.2793679569678197,3,0.8408604746374492,0.02703508049598857,0.0019141115278335987
994,0.9428102387848801,752,5,0.009060521933306217,0.6386014362019411,0.781305700593755,0.8617463186652716,0.27814613850097303,3,0.7810068446627266,0.05723738656779738,0.002702395317387043
996,0.9289153140925256,732,5,0.10461326163873036,0.6003568454583256,0.8395052596012404,0.9273984563343245,0.3077009525882356,3,0.7907151976565646,0.02251312166199591,0.003647324683774625
999,0.9391531711903728,746,5,0.005858327007562904,0.5975323998964113,0.23252235047511738,0.29723873436277604,0.3197694437907282,3,0.7774035645137622,0.04193120043245969,0.0032824870738369914
992,0.9425941917735114,760,5,0.0059578059240102035,0.644659544606583,0.8821770530890036,0.8537637687166066,0.5111545933050188,3,0.904580654847363,0.07790003063177135,0.001082088025311564
998,0.9425717621914098,728,5,0.008911651879024587,0.6364660180163565,0.8396153458103193,0.945260590654902,0.2784144244800185,3,0.8078964869232451,0.04050212513884232,0.0032179689434245424
