trial,score,n_estimators,max_depth,learning_rate,subsample,colsample_bytree,colsample_bylevel,colsample_bynode,min_child_weight,gamma,reg_alpha,reg_lambda
4,0.9355349744415268,158,5,0.20756561654912198,0.867037624613957,0.21001073836962159,0.43498773527822404,0.23945849158676236,9,0.11986245509329974,0.6684754514833988,0.7181810978969619
10,0.9398587136703543,231,7,0.08995355328618619,0.8008348105190518,0.268632160391115,0.30910107306817425,0.27425357589723903,10,4.51249124743217,0.007104363363991277,0.6868248812995433
2,0.935669734568459,258,9,0.08381295502329891,0.3193956116368651,0.36807308423176677,0.46249695107081434,0.262974007689386,1,1.941997823901647,0.0002756908691695011,0.00015076123359341814
6,0.9418855497281639,555,4,0.015724587293999975,0.35072337382878394,0.652322645453247,0.41773101470977186,0.4004076690541789,5,4.276114279756185,0.11961250294821489,0.07394019354220449
9,0.941364224749756,769,3,0.015057885455191638,0.9588661467153557,0.5946816558348821,0.7490447856058511,0.237670419699044,7,2.88311550077108,0.0004055638241626105,4.588535911797163
0,0.9369061605854968,173,9,0.005985046167381051,0.8479677674643242,0.6373796484462582,0.9907769169093759,0.4950639379235357,3,3.325219396438227,0.00012512735555677708,0.0001299590725166512
3,0.9399612894550928,564,6,0.029355116340676862,0.585732519316238,0.4470814478838103,0.9825514420119859,0.3130693292452403,3,3.538843205016925,0.006929494002504808,2.1680663350996356
5,0.9408940676468767,629,5,0.0062492729478562685,0.8537327677961057,0.4269339169091466,0.9466474641278373,0.6398128433037689,5,4.888685162943212,4.632411697258707,0.37298006463702665
15,0.9410496293013748,441,4,0.01333599784073468,0.5972670491982136,0.3393243301730624,0.32473918270849933,0.3300558293365642,9,1.7359618457977022,0.0002563925731528456,0.02010947516525305
8,0.9356330219386819,741,8,0.1234014262364374,0.6931710197395945,0.47632237130358146,0.47330453131797134,0.3563757904697644,5,0.03849280470462901,1.332896139189249,0.0339044858720886
16,0.9343107410918856,428,8,0.08928305361042733,0.5281654615712011,0.20018728397484153,0.839634672308256,0.4346255122269967,6,2.4370794696357754,0.00011794038116271838,0.014873204975159737
1,0.9413348738486288,848,7,0.006500797442618368,0.2578316695954352,0.30330381567848735,0.8054783110972322,0.7746448122388715,9,3.766514179124581,0.17963545455846383,0.0017616571238405463
7,0.9381091916556862,700,10,0.023708889998567195,0.9290747124493097,0.7904178899792811,0.9743231539370996,0.8781718243377181,8,2.6248786831997775,0.21852444392585885,0.0003546799195598206
14,0.9392255789158421,643,5,0.03699626943679571,0.6252678567763637,0.9532631003874412,0.6322978708784714,0.499560699240833,9,2.440543345231942,0.13740254725022333,3.7968439223255377
11,0.9247650555543345,888,7,0.18813591080348496,0.3143983350680124,0.5530855360624817,0.9005728046392062,0.740091417593411,7,0.23059099663279514,0.007927294583898825,3.3164737350069786
12,0.9407852822951595,572,9,0.0057944163854627175,0.6821757866497979,0.41849318614338826,0.5073071773626466,0.5034934752255711,6,1.570293446307166,0.0001594591728159861,0.15358643649770226
18,0.9395168681373718,221,10,0.009366046290784491,0.9529608579673592,0.3173272856461446,0.6304152025911709,0.9763131273502427,3,0.9450762228133147,2.3209351832010925,2.4388525769682463
13,0.9400540770837486,823,8,0.012978419264088324,0.33141582904389066,0.338947592482693,0.44925534884793383,0.8277654194005541,3,2.1077489526557036,0.21479751316162238,0.011530766947456826
20,0.9384673813951313,925,3,0.024967336777653577,0.20886176298245246,0.876591680425406,0.69368387103753,0.9004867277935704,7,3.7851223640387803,0.06607680370841093,6.433525905107111
21,0.9394163576859192,988,3,0.02693571869210862,0.9569778605782802,0.9092312175177726,0.6386809231482238,0.9971438349870987,7,2.800550246601068,0.014356538619085509,9.308244456455087
22,0.9417298127447158,890,3,0.017243186152529726,0.39971862859182705,0.6381199233157493,0.6422444812651008,0.5584114422741242,7,4.054980644255691,0.0066047645979968456,0.17330837471276878
27,0.9423299867002555,466,3,0.020212244801631245,0.4364050343889052,0.7190222602219067,0.21235596907611645,0.6164838707169291,5,4.161298241819884,0.002124832256055375,0.08197852196858246
24,0.9417795278946585,980,3,0.015406078859672073,0.4026243310667387,0.6978042033860004,0.6902847092311482,0.5924461798210402,4,4.159385606114319,0.001393643999317018,0.12674672004102397
25,0.9419794289882584,978,3,0.011801386413929358,0.4459649716111638,0.6932892919240803,0.696663251815055,0.20387561433362436,4,4.0284648610783975,0.0013381180363177337,8.177453194037668
29,0.9406796987840291,412,4,0.054188452257220326,0.4403659501006231,0.6920728048683308,0.20970722151185509,0.20164519057295738,5,4.453032236466149,0.0012154162230746893,0.10123483821977322
23,0.941538997447774,1000,3,0.013635245500932317,0.4074872048106821,0.6119823814950972,0.6571028246692254,0.5852270591786413,7,4.062741393606153,0.003926169545785737,9.450868106504739
26,0.9405842227781402,793,3,0.018916007368414874,0.42068255194219506,0.6454062292935937,0.7042864913605702,0.41717262567800156,4,4.174159091627349,0.0014668628528714228,0.08719427512128587
17,0.9416929247859885,943,7,0.005151517010972147,0.5293947889186054,0.815943373694105,0.7589284494283134,0.223072040026186,5,3.1006579411643336,0.2554532837951242,0.09707842955803272
31,0.9384563836780186,413,4,0.053258162762806024,0.41963242676378376,0.7316489657472519,0.23851499519416478,0.6002671354791804,5,4.202704650961828,0.001397684423979238,0.07854612310619216
30,0.9414127386876665,446,4,0.01625707472650845,0.4131359610565237,0.6843154482292604,0.7399963169381505,0.6318630720939495,5,4.258819623841251,0.000549090863151553,0.08824320722149594
32,0.9391957542091001,377,4,0.04778130227902551,0.4621938586121074,0.740872950224281,0.37018443562589537,0.6483216985993594,4,4.326507895560792,0.0014016055289998732,0.06198252039998294
34,0.93966633084911,300,4,0.009230209360974045,0.5171538388129785,0.762625773672901,0.22034908442833337,0.41128936730045507,1,4.858764109372396,0.02689803827101525,0.004467256484603146
28,0.9374638360559102,993,3,0.04541396890889129,0.4557902566364651,0.6962156725931674,0.24090462158297854,0.6062360091966773,5,3.1018025963559768,0.0009430455816614909,0.13186466162576846
33,0.9402036639868264,378,4,0.04691238239849117,0.48308688400312594,0.7615825432286742,0.20525202455940772,0.4034272699078516,5,4.917838485567924,0.0013063593275197591,0.004771028081804699
36,0.9400587655677235,337,4,0.009548939299313745,0.501040891526962,0.7873852614627945,0.22247661119857826,0.4059514775742621,1,4.81706321070739,0.047741326982401196,0.005463291901488998
37,0.941213516993748,362,4,0.010053792918295296,0.4802590850421242,0.7547799024277801,0.203932591461153,0.6694587642289765,1,4.941704824161451,0.02728018646699177,0.002286780572863157
35,0.9412922522157874,367,4,0.009319830661975583,0.4450025931437733,0.7966808694162713,0.33847022406222455,0.38253284704034374,4,4.6996969234206185,0.044647469764717285,0.0035318057177961036
38,0.9401905758894349,314,4,0.010520361024630557,0.49323989086324327,0.5267787482770045,0.3706532187177262,0.4029033209467526,1,4.967435251114765,0.031051627824118414,0.0018486979242683006
39,0.9406969958198449,322,4,0.009239320077813836,0.4906913517157584,0.7812503493139609,0.5567551457754851,0.40261876422553866,1,4.920520290821287,0.03545940302090722,0.0037721722062766957
19,0.9358111060578803,900,10,0.03617321994162602,0.2937259634516808,0.9790808521167131,0.6497044779854219,0.9240090122787779,7,1.1472597559862225,0.0760948185069296,0.0021016048224440165
40,0.9403900470096573,323,4,0.0091716837176516,0.5089084777102287,0.5437991989098361,0.5708075650377629,0.703434473110043,2,4.735107387679045,0.04232694016024942,0.001753035385013851
41,0.9412067647419242,523,3,0.010179302279819781,0.3591626534406604,0.5344924368713377,0.5648359184964052,0.6759498056762288,4,3.352936333024704,0.0029224444176075043,0.005153567062898424
43,0.9411401209556856,527,5,0.00904511045567339,0.35850623463175735,0.5203506113728606,0.5896884362286979,0.6990248058105005,2,3.5552412161548084,0.0031009984187464626,0.4414464656033632
42,0.9419119930908705,539,5,0.009108351252583519,0.35497501399484155,0.5537848668070808,0.5645058529213698,0.703413313056568,2,3.594694455205919,0.0033179506754708547,0.004819105846946516
44,0.9419512667756671,505,5,0.007716944531327785,0.3334718064286067,0.5681907879254731,0.5711777244239304,0.7321739959296039,2,3.604332581688203,0.0033435234975234336,0.38902765048785887
45,0.9416396696610555,505,5,0.007637013773070616,0.34713024078032506,0.5705326889978984,0.5581423671376743,0.7003019889097887,4,3.5894191032245826,0.0021449150500029,0.45293495301818587
47,0.9373357050330867,505,5,0.03590374855291993,0.33778534508147723,0.8660850575672026,0.5633103202836702,0.5389055018315265,2,3.6134852105084807,0.0028888140141111896,0.5916908822661395
46,0.939701322541753,507,5,0.034448349465268674,0.3440310572741372,0.5261915253343865,0.5935035566622396,0.7208875077130632,2,3.6548855678102443,0.002597569952321838,0.4083440095179364
50,0.940571067888768,492,5,0.01945230083143633,0.36190702360195987,0.6458478070026075,0.5813039019352053,0.5483965553731841,6,3.7028602501026744,0.0028511927816348022,0.2935950756132686
54,0.938952365274156,120,6,0.007213559183037974,0.2575523351708585,0.5822422043937495,0.5148324583739622,0.8091949809368777,2,3.810990457296274,0.013547288089454457,1.300203660191627
48,0.9405190296302377,511,5,0.019423420506673766,0.359366454927573,0.8371928603288414,0.5669102925596319,0.6864839665125291,2,3.5797159858052208,0.0028891218252345514,1.1603706883463647
49,0.941397302434695,474,5,0.02079362969637042,0.3534487855323748,0.8466772775079654,0.5592162408491302,0.7195822839433752,2,3.616974498594053,9.565612068347669,0.9799983039107825
57,0.9390629508784846,115,6,0.021834878403743676,0.28223800762806317,0.4682207203464005,0.48922032929308984,0.7787522496444029,6,3.8604643887868053,0.015184605536689873,1.2928404541117746
52,0.9407470720639346,849,3,0.01895791445233909,0.37719785460756805,0.6503918779288714,0.8619150333902733,0.535190719194068,6,3.9086947153648595,0.0006438071014399045,0.28265432188146483
51,0.9399034423814697,841,5,0.020251086757777464,0.36669418634802164,0.6394356539740136,0.7825398795949817,0.5521296887513893,6,3.8482369224633226,0.004569160924317111,0.26580982548845067
59,0.9414777366777498,617,6,0.021083482037475145,0.27785807280373526,0.4671798827470368,0.4216737971378738,0.7741588893304036,3,3.2949888375385625,9.215625864623252,0.0005382019693388993
55,0.9415892542389374,626,6,0.00725822708371925,0.25730976805198,0.48885369755450786,0.5347083684604612,0.7377426890928039,2,3.7658310193291022,0.0005591244235525802,0.8956649435069275
56,0.9404739346068519,662,6,0.020536046589659067,0.2672703028090365,0.4806932511622483,0.5012235924989245,0.7890843630805027,6,3.84479080548356,0.01191318872896439,1.3199917148564302
53,0.9417029498448788,694,6,0.007317271495464079,0.22285873064216669,0.5932443401802129,0.8193320964362708,0.7689530731454701,6,3.8486947460670202,0.0005568674495017768,1.3252749750499786
58,0.9421380651611294,634,6,0.0074630774279274194,0.268912154178804,0.46194665097270865,0.5017954322521941,0.7871977960582978,3,3.883025855762878,0.0004640966193157512,1.6582260245163702
63,0.9416730030340466,599,3,0.011576769445464319,0.570866310978229,0.7138527666348089,0.4164974852391409,0.4701514352457402,3,3.3314323960370946,0.49652139922833893,0.040522747361050285
61,0.941698065681272,598,6,0.011528036124147857,0.2931806940056292,0.45983520294940694,0.8258639947500758,0.2948421917775277,3,3.9410670975693254,0.0006650790381600639,0.039795549479327307
62,0.9419972040041877,609,6,0.011673991007890495,0.23234195652521833,0.6135702948352589,0.4229024529768328,0.2932261106121451,3,4.464484542602509,0.0006878194300050817,0.0006550089735526478
60,0.9409355058093055,635,6,0.011637964434679628,0.28234663580080666,0.44752554973700176,0.8169321760810424,0.7569595650324467,3,3.959931359949848,0.0005930347659352151,0.042359101200493625
67,0.9415736437006406,576,3,0.01216778506735582,0.5648724820907056,0.7120556176119137,0.6934314375344325,0.2862772871727798,3,4.564766418033666,0.00030064091938906506,0.0439738894455311
66,0.9412122322917396,575,3,0.011792478245517725,0.31393495925744935,0.7153426345291315,0.6898738349069609,0.46088140402793853,3,3.3957794084859394,0.00025262194284023207,0.03931309775083626
65,0.9419479177839974,664,3,0.012295989607793704,0.2334072287749821,0.7217757467265141,0.6824160021230385,0.46624113406411616,3,4.583065460254289,0.00023598286648480722,0.02932295280660786
64,0.9408883840667478,641,6,0.013386400379533897,0.2150448974998193,0.6061453148256398,0.41141582031612295,0.4643027451221884,3,3.3344173823798955,0.0002214806619134082,0.04337647923770852
68,0.9413837478370617,567,3,0.012191519413341265,0.5526923791973147,0.711051498522915,0.6897157909277394,0.4760622592012351,3,4.579097596683469,0.4159919258872293,0.03142728275953702
70,0.9400517404080402,563,3,0.005829043204583804,0.3029395540820823,0.3923516494673951,0.6910935736436962,0.8281992286360922,4,4.531579996005334,0.00029178296273252817,0.03705034257149579
71,0.9415728975089784,550,3,0.01469071512183962,0.30750969513934145,0.6700574418874543,0.6866773713239372,0.8281096469475362,4,4.33687355670008,0.0002174665504226701,2.100243417199636
69,0.9410960883422467,583,7,0.005939144372840807,0.3084343114111868,0.40807041851274595,0.4175033947170705,0.301654252427085,3,3.36866605131512,0.0001734576789190713,0.04253764704439874
72,0.9412526372657133,563,7,0.005099537996684249,0.2382321191046669,0.41300140711638017,0.39694692019212974,0.8484224372828467,3,4.579824068654807,0.00020047747546346237,0.00045116004338628234
73,0.940674664338465,571,7,0.0057059680220764,0.32066081020338216,0.618687272729499,0.45916162858651893,0.8563773308699932,4,4.343634613368188,0.00025932836338563226,0.000440677371783208
76,0.9410786044976092,706,7,0.005370726681395073,0.2454885748748602,0.4078171584383299,0.45956378731687747,0.24742756091832827,4,4.429307147287304,0.00010632513216435206,0.00016605559318424166
74,0.9417523680835937,552,7,0.006022154881295747,0.3125679415015945,0.4117315308542314,0.4609324544279453,0.8535046112815453,4,4.408618245421222,0.00028010249521433065,0.00014669107917340317
75,0.9409290697757665,726,7,0.005522389849805436,0.23485711473738238,0.39195765846143427,0.4593965475124893,0.2568656646998699,4,4.4848211573708685,0.0001923868065845854,0.0001153559410446725
79,0.9097781706816057,745,7,0.27570505155823793,0.24381594579368646,0.6674956911660336,0.6153409645966693,0.2586537366885803,4,3.1249176556285523,0.00013723866923221796,0.00016356922636735446
80,0.9163931566355652,742,7,0.2954553470119104,0.3921850042465869,0.6235785283455209,0.6092909368872415,0.2570270093541803,5,4.0844676999139,0.00015228369210617163,0.00011153951535698196
78,0.9410870474214507,744,7,0.006471922143369464,0.23410237751810936,0.4129573740902559,0.4496873101259297,0.25201407665934616,4,4.35044592612087,0.0001588379046780193,0.0002058015853890231
77,0.9417169271105165,747,7,0.005701760112731396,0.2344492949907758,0.39943954719594144,0.4646735301624714,0.8370380609299894,4,4.385359877162888,0.000160783652868971,0.00020310932127194469
84,0.9405955763712764,464,4,0.008274140210076747,0.43559815737241997,0.6735113689771748,0.27948835247801196,0.2686953095647679,5,4.111883725515007,0.0004055561363363655,0.017444262140017767
87,0.9404418984593658,471,4,0.008088315073343158,0.7848087621656867,0.5022722003812006,0.27880594209748716,0.31824930589304234,10,4.076850745637382,0.0018801211742707658,0.007622870220498922
85,0.9204571355887442,758,4,0.28440075179974605,0.3907092969392849,0.5695087474456885,0.6154721777839163,0.3306558418129557,5,4.159063197393474,0.0003985010078678717,0.008676370585232782
88,0.9399662675449229,461,4,0.007892969507139011,0.20147220125881649,0.5664563848168402,0.2870078160733359,0.32838556097649513,2,4.190868779082326,0.0008893563065414895,0.023839896599772467
83,0.9416731355743838,683,4,0.015463983946314578,0.2397028975229033,0.6669703104515681,0.26323734569559004,0.3610730560801091,5,4.083710844172182,0.00013636870757232698,0.00016476818951150795
81,0.9425106986664542,753,7,0.007708374074159753,0.23072463509972324,0.6242737725366586,0.45982452777021304,0.3393663112755033,5,4.369670567731826,0.00010466348150786655,0.00825546703957383
89,0.9405566512571305,480,4,0.00795232629027253,0.20564215522878124,0.5650211967842116,0.5279601267610724,0.34243776354406463,10,4.073857074525444,0.000999325766395838,0.011368998328572782
86,0.9415613842412629,467,5,0.008351817734975057,0.3786110369083963,0.6605996056856474,0.7397277425518711,0.3482450109179708,10,4.08534755926237,0.0009465525531092635,0.010676230499773499
91,0.9410815443883955,664,3,0.016143284559468844,0.3967523435332622,0.5086389803536953,0.7178698517006807,0.35061160124988844,10,4.220111562689951,0.0008898108020762381,0.17859390036945713
90,0.9420022311443785,953,3,0.016628598905423862,0.4348275188507808,0.5075672335555229,0.296177459187142,0.3460437138280837,5,4.1713825369507145,0.0009216049064353938,0.1740706832712413
98,0.9412546556358876,533,3,0.010433192109036458,0.46765875261626494,0.743945085852999,0.48165863399514486,0.37259602101521033,2,4.753149120932271,1.149298395064948,6.588295363773771
92,0.9412578345167306,956,3,0.016684184170313792,0.39676706458768873,0.5578602023682333,0.6641400131283822,0.21703770473102796,2,4.226731353802523,0.001033430679864754,0.17276662367774936
82,0.9418279593862176,728,7,0.007971503574731573,0.3882097988269505,0.6762121013200781,0.6205136898870187,0.33227255117459276,4,4.078921494374297,0.00011617782993918233,0.020221450922182627
93,0.9415163633152309,966,3,0.01651016744069444,0.4688514648306173,0.2572434062338579,0.7299469161296441,0.3515069865678121,2,4.743949597075459,0.0010510610944487438,0.1922974844583791
96,0.9419728249311421,667,5,0.017717448730583066,0.3266479279500245,0.6270035245884348,0.5239544928018466,0.22240365014035984,2,4.719102834972986,1.5475319841354072,0.0008762460612715827
95,0.9413265551161271,965,3,0.01703174270287269,0.4603915320097822,0.249559278411295,0.7247666279783236,0.6507334640276767,2,4.727518429989317,0.0009617131206806872,0.14862517326886932
94,0.9412352223003062,960,3,0.014826435546059873,0.46413644949113964,0.7526861757709187,0.7247365514248539,0.36647043246121147,2,4.688240421959187,0.005090812547922574,0.19563258360291644
97,0.9412795596521584,663,8,0.016761460660904205,0.3331516853062619,0.7387949022133091,0.7291164442561732,0.20466318422921126,2,4.708962406160725,0.005391935625010045,5.821735463812192
102,0.9396753915987752,924,3,0.028355694422627392,0.4329260505822568,0.5947471084288123,0.35191512436632283,0.6249545340958815,5,4.694754739484263,0.004241112704222448,0.0009389334894620539
99,0.9422295660005273,785,8,0.010556979454251445,0.3322031781811783,0.7421897269893842,0.3615270501738464,0.21342295747941886,8,4.715092567413779,0.005798136197387149,5.908212276993425
100,0.9412713953761122,957,8,0.017166303009963146,0.4693459943033927,0.601354913704644,0.34492438045247886,0.22188496932575313,5,4.729191496421567,0.004609661201564586,0.0011613909710448745
105,0.9392121902545366,668,8,0.0290587248973247,0.3356567968664236,0.5886264510965491,0.33417708485634995,0.22963872515325348,1,3.488620273997835,0.004346794963967662,0.05889558558782353
101,0.9408028798948894,943,8,0.017506418840209894,0.42900022175689434,0.6078635936294323,0.35555146639808133,0.2192145632102226,5,4.67713565453735,0.005104776882205736,0.11298864505873588
106,0.9402141993781958,876,8,0.024520911673148883,0.33181649155366233,0.6035675824898855,0.3470288104264409,0.20490722831251462,1,4.6328350798474975,0.001791189738034429,0.0012992368280101356
103,0.9398948418702983,936,8,0.02354199282083419,0.33337489939204046,0.5924476573700953,0.3484721718954339,0.4355895093634939,5,4.713711786292166,0.004920049553402971,0.056593030376729594
104,0.9399045256639107,905,8,0.013902421067791918,0.4256160399829543,0.5858426935095525,0.34076001304835324,0.6301340241537632,5,3.487948268871427,0.004280615309391537,0.0008666983945880948
112,0.9412318065166557,797,5,0.006953127401008623,0.2639295413592648,0.6258550619045199,0.3146424031419981,0.28013586641698446,8,3.731052836450433,0.010344457080516362,2.610421235236726
110,0.9419157188310576,791,8,0.006797716853498537,0.2634455066111061,0.771901859029537,0.31574753638539266,0.23328851066549355,8,3.958913697551588,0.0016619815020590019,0.0012718386744087413
113,0.9406725656091888,783,5,0.024775388535294856,0.2676234325251494,0.6280512853033718,0.5447709245105906,0.27558253465371224,8,0.38482503745171437,0.002096767311063566,2.677618112130725
108,0.9416905693250355,914,9,0.006927196672482561,0.4336177833007777,0.6066664791503662,0.3474770782438157,0.22123696425060357,1,3.7487811270497096,0.0017672740702405869,0.0007143836864135819
109,0.9422522418780586,785,8,0.006803960081309447,0.2745691940999354,0.6307161365379516,0.5309790435640737,0.22307644193104034,1,3.5033023519524065,0.0015566746884999017,0.0027128672103062337
114,0.9405701432372817,770,9,0.013975604024739498,0.26525433167719153,0.8107201807430005,0.3905497074969379,0.28408428690728127,8,3.971910942607799,0.009583336681855554,0.002656327869452206
111,0.9422321823676558,798,8,0.006699836750302604,0.2741085602920695,0.537118928632439,0.53622037461825,0.23882744458253294,1,3.491580040134073,0.008298829251557586,1.760478187172149
115,0.9416331563992886,796,5,0.0067153109275436395,0.28605814657370116,0.8100419981676629,0.3805169823181565,0.5202573305642092,9,3.9855765734250244,0.0022293513670469276,2.722062671393013
116,0.9416065074425155,786,9,0.006967314722409173,0.26592681450613537,0.5421792902175949,0.3908421907235039,0.27652791980201474,8,3.7173730794126922,0.0022806654410513546,2.9837120711470404
107,0.941332233478132,811,8,0.006938125960455897,0.4324186305855954,0.5984610031765528,0.765258933067664,0.8052178388006567,1,3.456691697809308,0.00041511903317413963,0.0008839888625499652
118,0.9418287650644878,793,9,0.006586177462034301,0.28491154087645704,0.803917317807321,0.37899902012275927,0.23948181837698956,7,3.974842824525136,0.002212540421334225,4.812844904795032
119,0.9414385287413095,815,10,0.01091147891744413,0.2845707777075118,0.802381587425935,0.3744654645259645,0.5122077121844273,8,3.9828324040036502,0.00044053357409005046,3.761577355570163
117,0.9414047862674352,790,9,0.010901308927490841,0.2904683646135586,0.6931364909032733,0.37958139704245225,0.800637438918862,8,3.9656173084471877,0.0023002389931136673,0.0029039286307874397
121,0.9418485521888431,837,9,0.006469606866552891,0.29216787411484285,0.7792434244250452,0.39245653216912374,0.30898073943644633,8,3.183035985262911,0.00036523081567706633,8.366401162997384
120,0.9410751584488422,823,6,0.010976026268713274,0.28109704157204374,0.7971380988744742,0.518504718339882,0.8024237476894299,8,3.926068280700723,0.0007525497134579383,0.0024355702294446054
122,0.9412312460901905,816,9,0.010869083097377106,0.2828944868932054,0.6899789296218851,0.5133953047454142,0.29976193523923067,9,4.865682973352451,0.000480630987259789,7.681636400909213
123,0.9419715464908818,808,9,0.010846901000510736,0.21769674856920154,0.44128863749958386,0.5033428508888822,0.5136635112686424,1,3.185081363659779,0.019547134317998774,3.9747951329572406
124,0.9413441151453676,869,8,0.010741901774071663,0.29647418780623147,0.5420786804219446,0.49771880532474716,0.30335511486276734,1,3.2220823104584535,0.0007579604352168951,1.9386307677221815
127,0.9419662427901448,842,6,0.010786221511850339,0.634918223953844,0.43471790586135445,0.43529765044610214,0.23757505885922542,1,3.1515967932892894,0.000751627731018812,8.69048727437835
129,0.9425702317157839,721,6,0.012756947600466013,0.22095552591715845,0.43131039384058856,0.5067485200997979,0.3084529358838171,3,3.1922983875872397,0.02150637517594183,0.602696637447495
125,0.9417427495165253,870,9,0.010699672675496345,0.29257739746389655,0.6925576193630252,0.504357344351725,0.3112884291103528,1,3.1882981451898176,0.017846043916984158,9.662567440381743
132,0.9408937409923448,714,8,0.008683198003309328,0.21720239291259436,0.43358148239813715,0.4973753418840885,0.23677399053525452,3,2.8228399838491005,0.0015327417368053498,0.0003069277576916566
131,0.9403648497348452,721,8,0.008746131138127682,0.9975776359335489,0.7245196737845855,0.5006815175761525,0.20368274869509584,3,4.852362837100054,0.0012984208628306572,0.6681803965064855
128,0.9407419697827653,863,6,0.012772728303972665,0.2131826950295308,0.434141663495429,0.5032006350051372,0.9373370305880999,3,3.1842977889609765,0.0006895665816964486,1.6589405289544215
130,0.9410581035339576,725,8,0.009849102933474116,0.2202089241362523,0.7211229731540675,0.5066023637437161,0.5699519822306582,3,4.453218801495321,0.000664837271672765,0.000643065998935879
126,0.9408210525318305,859,9,0.011072475326163693,0.21704224681364478,0.7012260908975891,0.4995225371455,0.30338577553903523,1,2.9269695822052983,0.0007416301448382081,3.958269485786304
133,0.9433745767553929,711,6,0.008677625182750106,0.21526241194381507,0.6432538015152313,0.4902124355393384,0.568631726537188,1,4.4501295540271695,0.006547127234223971,2.073431787046674
136,0.9423266930206952,714,6,0.012643318012869517,0.22188717688983584,0.4367295581497376,0.48921205780510707,0.20001708640799662,1,2.960097147952432,0.024762218334168945,4.599276089021933
135,0.9417875001437592,720,6,0.00973665459972768,0.21277130750082662,0.4311521845259506,0.43597039022818573,0.5708970066427117,1,2.9978499700514982,0.019115120094468935,1.6723539900537736
134,0.9414376520965597,714,6,0.00979710623119493,0.21363556391386757,0.7263428552798631,0.5431252625513997,0.38572579223488596,1,2.8861984599024315,0.0013482188718905008,0.6221920543451647
137,0.9421133114268159,724,6,0.00952936559710528,0.646812557625268,0.45135801618512283,0.4367063070542741,0.5699419547832262,1,3.0737978090540876,4.337316939082521,4.833732678860041
142,0.9411720882239413,431,6,0.009748609124066119,0.3739295440485874,0.47211140008823577,0.44126654753185685,0.24449632776778035,1,3.2774001000123674,0.1671043141617405,4.693813391120742
138,0.9420697296592484,688,6,0.01289159386208002,0.6492658421208078,0.37569431036166445,0.479248940929066,0.38497818066752776,1,2.6519264009506176,0.01849309354161947,1.7513604013605601
140,0.9417301320938745,695,6,0.009847656554758343,0.5990656758307719,0.34754745018670474,0.43551440532031227,0.24956077638997448,1,3.056047502255861,0.1062507566168716,0.3356010411561136
141,0.9418374438475119,612,6,0.00955196078549013,0.6314702917443018,0.37013706456164075,0.4353041426926117,0.25194872543334323,1,2.965138940325674,0.007889940744202106,0.5687539573052826
139,0.9416078704163768,769,6,0.012544164592721703,0.7597465536942608,0.4381757508028287,0.4760780398767439,0.25391442391176683,1,2.9913819269687125,0.019625793184013536,4.6403192713585595
143,0.9418763079096129,764,6,0.012911958580140595,0.7992466316162002,0.374182638519941,0.4374853642898103,0.5733673713194334,1,2.5251711689384697,0.006220168336967843,5.689663130220344
147,0.9408787514107457,608,6,0.012483813991515087,0.24815356489131649,0.3691981254040746,0.4428865755415823,0.2458032315009812,1,2.6564260862226874,2.347415345823692,6.010490628141267
145,0.9417186626583964,690,6,0.01293694471348264,0.2523532771536963,0.4539683546485641,0.47846640859197487,0.25432582825508543,1,2.268727392645979,0.007397606807682026,4.63848774422285
144,0.942499741650705,689,6,0.012976737926280447,0.25404900229328553,0.3735003562508961,0.47796694327657585,0.5854364635846462,1,2.9308024918707654,0.01839968215796986,5.315816851565849
146,0.9416084788495782,696,6,0.012963283092784876,0.24903226223658026,0.3567190336316802,0.4787333525963012,0.2622761803475597,1,2.382843953087005,0.09686295285030215,5.413266072435782
150,0.9420147567280555,690,6,0.013445335789685656,0.7688757460178315,0.38294293608436686,0.4814699010543469,0.2635591252909181,1,2.647967810335572,3.7884544322415596,5.74491243603851
152,0.9420475119329612,684,6,0.013309023287562236,0.6545795705067566,0.37860418005221874,0.4760624126775085,0.20119153834700704,1,2.6166243415176664,4.700434367786641,5.92965142672384
148,0.942109458364415,693,6,0.013816662167297785,0.7028176404524378,0.48394004368785665,0.4740122000563702,0.2046982274008329,1,2.6216172220991356,3.5267059180550437,5.223519084117665
151,0.9419563335735965,760,6,0.01255148815199893,0.6730743219870443,0.49737001203821574,0.47278670140028767,0.2000970530992623,1,2.6684158989596334,5.926420371287837,5.8184291997227024
149,0.9419400311121222,767,6,0.012485964977843805,0.7400420716775171,0.3493781748193793,0.480505211047246,0.26817073602875907,1,2.227427802178174,0.006838751059415318,5.908543270443125
153,0.9421206783735894,682,6,0.014496524744893342,0.6451108999333061,0.4955706221096119,0.24072682837986337,0.21446458883464764,2,2.2952999905888882,0.05634861922071417,0.8523574837589107
154,0.9423349814880806,681,6,0.014590881882275811,0.6823946523053618,0.49104586848867077,0.4803582472999235,0.21125051648574086,2,4.303961159798775,1.3145463294280144,1.1123178742154887
155,0.9410889656036536,640,6,0.022203459293682004,0.8950319713795767,0.6483716680110636,0.9172754469680819,0.20409351025363362,6,2.6111734988025126,5.287199060162095,1.5276157797023102
162,0.9420214390570241,634,6,0.013973962606463268,0.6987530676638123,0.38305057953526245,0.23966399864365165,0.43066048188761086,1,2.752306173483768,3.802440044130717,3.3265480620312107
160,0.9417543848883311,647,6,0.014660605659653471,0.6704544739429796,0.3183965531419117,0.5406665514881961,0.21226439076357845,1,2.580104690440528,4.94827724793049,3.0694152593087143
156,0.9413165759767237,681,6,0.014555217854710532,0.6540797185397709,0.3031989434747881,0.9290482534736187,0.6105644097487265,1,2.7717285314054916,0.02568814862912348,1.0305814264748905
159,0.9411130733342763,646,6,0.014621390349181133,0.8987889769114921,0.4918202991498093,0.526351274446735,0.5941712026079615,1,2.741030634525471,5.319248963994713,1.0163881662157102
161,0.9418483570310239,641,6,0.014051399645889414,0.7057196883561544,0.3167041946792377,0.537898467878626,0.6009099570736324,1,2.753969387553038,3.7130070836611884,0.9425788635951515
158,0.9411886088029785,641,6,0.014800844069458833,0.8724427332840943,0.4879313589635166,0.4692929794534455,0.6055699465285459,1,2.504210883857964,3.10946691985033,0.9719668421390263
157,0.940691185961127,681,6,0.01487143755120832,0.6989281040988309,0.51130986140629,0.9224352989934501,0.5987771189930895,6,2.6493355023811884,0.02488377559480817,3.376074744247905
164,0.9415026756554479,642,6,0.014312727819708253,0.693256239733635,0.3156068147037136,0.23075264115397542,0.6141665314559612,2,2.7075256139844366,4.623039860290286,0.945287219824623
165,0.9423687051767103,650,6,0.01489534287610061,0.6583976301486849,0.3253431082153429,0.2339907247404035,0.6132763768186622,2,1.8425230654977622,3.574824332340054,0.8015699387463934
163,0.9418072914426135,674,6,0.014812420347857454,0.6601068544611031,0.45910401821357044,0.22372478424563255,0.5946649377216598,1,1.9423381753387399,4.446300722316828,1.007548418134314
170,0.9374883038370554,747,7,0.11034601054462732,0.6932970332520315,0.4570872609975186,0.26271722463137565,0.42539376523203976,2,2.061520787006118,0.040987919271230806,2.2487192538952736
171,0.9385251501969017,735,7,0.07189872978145284,0.7079768497879668,0.46391999429192027,0.23391252087099487,0.42992310321364835,2,2.0809180410039327,0.04775248850433305,2.2010580667115742
167,0.9370995786824459,739,7,0.07502427047258967,0.6870963163872227,0.4813425101632519,0.45918328232138744,0.5898494848101546,2,1.910077652625191,0.036276782389071324,2.3805965157823237
166,0.9414440234253671,676,6,0.014815890741943075,0.6592025731720487,0.3260913660292125,0.45554347348050567,0.6082472671971011,2,1.9212683543916447,0.02687355467740202,0.9139950329119857
172,0.9414147539269667,745,7,0.01855884571141702,0.7290999675254584,0.4597162999355169,0.26078910496991087,0.22468752297256717,2,2.385743721128357,7.5396515321406525,2.162147657159152
168,0.9422606013119239,737,7,0.007627228786296184,0.7080876654622603,0.4796194674441444,0.25647076816254283,0.5934971420491064,2,2.457570252692731,6.724899977986802,0.82648239665941
177,0.9399890822245395,272,6,0.008804685867559559,0.6018840854624855,0.28801141822134013,0.25561134990235607,0.6588396852902128,2,1.5760204224684395,0.013296266079690665,0.7534510369484616
173,0.9417372809230852,702,7,0.018802675273083824,0.730467606337876,0.45515874383543115,0.25932148565825325,0.3866199529413157,2,1.9376949738071427,7.4531101300309155,1.9997352725335125
169,0.9419719900313804,739,7,0.007626712398631831,0.7131909487556436,0.47867413950671256,0.4609179259962597,0.22126740298510772,2,2.3715545084999436,0.034653230112470824,1.9453155763697174
175,0.9374530439328638,741,7,0.06912173727648989,0.5978171326920659,0.48059632488309273,0.45377482452740897,0.6498894729145526,2,1.5524368909647932,0.0370807631357562,2.2235998891824034
174,0.9404647924544598,739,7,0.018578378344782032,0.7204576214551671,0.45924928943832327,0.26021395376300777,0.5395179184426907,2,1.3699138719380495,0.04292147108259893,2.207739397174255
179,0.9393256343469247,709,6,0.008733751902973843,0.7228622344608224,0.42148418782881214,0.20536216768829862,0.22460483080980553,2,1.3476410514483195,7.239067146418382,1.8335272317139835
178,0.9423585329667372,700,6,0.018198069695561384,0.7242772226544616,0.5174801352827685,0.5248591565928727,0.22797134886988535,2,2.420354388754061,7.178741244753541,0.4848406401406686
176,0.942153617256443,702,7,0.011681517291458925,0.7184490622106416,0.5232893341564533,0.20533964059327248,0.6505168504138804,2,1.7532249538385345,7.001569336488904,2.032672027636709
182,0.9416767131198632,710,6,0.007630244035590294,0.6194521790305002,0.515733996137941,0.20664689227131744,0.558520259680557,2,2.8719004484327377,7.212036073850363,0.47216373340186
180,0.941561955103975,706,6,0.007602751912669518,0.6005201831483443,0.3900110778422649,0.2442487936591459,0.6438526091908745,1,1.7079831016007219,1.596819061275989,1.319982251646631
183,0.9416133421406909,714,6,0.007554382721653437,0.6444656073888593,0.4006808844932228,0.2093488299405882,0.5328339877223953,1,2.245405465731634,2.3609382876927696,1.5161607404147972
181,0.9422912922271689,702,6,0.007602387767739785,0.6210253672388413,0.2812847368742631,0.5215962341964996,0.6491553318822278,2,1.3129719278884213,2.425591754706458,1.3812247693982833
184,0.9425245016467667,712,6,0.007688675151095982,0.644436780118091,0.528206007300665,0.20961017157749473,0.5521077308159672,1,2.4780285341381374,2.1344732187893407,0.48129172874829756
185,0.9415361212180946,710,6,0.006193470692277175,0.6353313835677021,0.528240085230101,0.2133130570343183,0.5283670389440237,1,3.0437259830265657,1.0802979474861918,1.3295617976877525
186,0.9419452325376383,709,6,0.007735057741560706,0.6186231516387786,0.40854075152198666,0.2126630072762291,0.5539596122069068,1,4.290860938119738,2.5145480512594713,0.5091560427809025
187,0.9422609112684605,718,6,0.007900494228842554,0.6365378278435914,0.5242260841973566,0.21626402433914246,0.5754699683606422,1,2.8988978778098713,2.4227023330984676,1.294014755622463
195,0.9394423752497472,215,8,0.008058598797104676,0.7541694356559692,0.5268545319391255,0.5216774859914982,0.48958300296323276,2,4.336228766069845,1.9915486212385307,0.7630652382577628
190,0.9417033881672537,706,6,0.011693407168026358,0.743661149637608,0.5343087015869074,0.2191388511559206,0.6358394284840607,2,4.307667778003306,1.2839273132219113,1.322841450836632
189,0.9420934397688597,710,8,0.007394061971778746,0.6786632624555621,0.5212424468062268,0.21419843984104076,0.5541250944999324,2,2.196563790281136,2.1288499174973956,0.4989854679176594
188,0.9414516241440738,718,6,0.007557006681794752,0.8314876051774027,0.506977231272251,0.5234242761194593,0.5584838079546648,1,2.2708654773889214,2.623590778855085,0.4587443870693546
194,0.9416925042052335,660,10,0.0063033483104423,0.6188599751933253,0.5253794263556458,0.22233800442874235,0.6339255810313751,2,4.291410012671663,2.5039905474150843,0.6955408297851966
191,0.9418206289663088,657,8,0.008071393785678588,0.7545882003142779,0.5054177450441802,0.5208346152840402,0.6321168792066852,2,2.269870204498091,9.888027562307755,0.7337022400303063
192,0.940610283130581,665,8,0.011506743830053253,0.7525393127984153,0.5376983807180185,0.520969156753526,0.6273622659150899,2,2.4578784785221424,0.8981680387994498,0.7176249052841933
197,0.9415030424895308,779,8,0.006123576839713083,0.6726564389765534,0.24022960629368895,0.22732442411794485,0.6266676670477132,7,0.858801628234564,0.010285182465781889,0.7477649665407983
200,0.9419625994963091,765,6,0.00639174304110581,0.678252449164013,0.5527698934017108,0.24197969981173595,0.5809289921810967,7,1.2778491347136927,0.8072313839756106,0.8052869106784348
193,0.9412573158352536,776,8,0.00854447691738048,0.6723043705637429,0.52312224776282,0.5219778445279674,0.6803008358186466,2,1.129588566285232,2.821810322529148,0.48700793450091423
201,0.9415465679013645,777,8,0.008487822446815561,0.22848466837176026,0.22665244570709642,0.5533081609997866,0.6700279585638934,7,1.7313977389611497,0.009650425687998492,0.36865326789461517
199,0.9420933228828929,751,8,0.008500583917906437,0.6764880992892082,0.50431221051818,0.20012370109567493,0.6232164041388891,2,0.9674441678984853,2.9684297547600327,0.6801543492561343
198,0.9418088902756574,775,8,0.006135697182505765,0.6816270275948683,0.5490182777055755,0.20015647208553972,0.6221734187434932,2,1.1862025764181547,0.010036300882272614,0.7257228815832607
196,0.9411852869455511,774,10,0.008480928080956676,0.6788882820999519,0.27487885590824707,0.5143230445096881,0.666797210138838,2,0.778853572892447,0.06122203977871303,0.5316815205519051
203,0.9425272463797338,777,6,0.008785839289207033,0.6757474495618865,0.22256852530964555,0.5496329733512105,0.5820817162584322,3,1.0914217777490463,1.8118937416425565,0.33473138172923983
202,0.9419825734294862,775,6,0.008612905506863328,0.5805857347253645,0.5545271266142402,0.5530895516805125,0.5831632082093756,2,1.0505866756954672,0.8107211328284772,0.3708200787841338
206,0.9415809240265638,731,5,0.008928376445084207,0.23124669611898074,0.5011147147197366,0.20182242899466102,0.8846690204506679,3,0.6995120092955595,1.7781630459859585,0.23507169646277407
204,0.9414425665252827,770,6,0.009026181885571362,0.6678526300635741,0.550523392377415,0.549608985724342,0.6672646517713363,3,1.2052241653233664,0.010689489858383503,0.3629526767274871
207,0.9423432261232287,727,5,0.009329135175260045,0.5385268144735561,0.9222337412912465,0.20142108390272284,0.668313059935834,3,0.8263975340032772,1.9027115503625596,1.1654475790226395
205,0.9417995060023344,761,6,0.008555484717517813,0.23570872066836965,0.5467359415417377,0.5495623713541778,0.6763797659360077,3,1.3354211455608314,0.3706593489146984,1.1955968396951087
209,0.9410307000365249,722,5,0.009137514670382142,0.2022077147603643,0.4896168295372159,0.49603444946087893,0.5752771417681837,3,2.8914795443856853,6.487149288566036,1.2909022445735296
210,0.9413467774319833,730,6,0.007072459300803651,0.20233479132354681,0.4919688544070519,0.5794788053338903,0.23641448886060407,1,2.890775057391425,0.06270788869759222,1.2370556855999753
208,0.9421695361858393,758,6,0.00927540983633089,0.5785034429070184,0.4917372273528785,0.2448011249981531,0.9012234459065165,3,0.9913460608690992,6.648832918822574,1.2797727236215455
212,0.9410169033179605,728,6,0.007145822797067274,0.23917190964987567,0.20120178887192658,0.5481433283527488,0.5836079808780928,3,3.420058947936147,0.003599253928365395,0.34083462951935417
211,0.9420291597925716,727,6,0.009027478703287534,0.6378711146319426,0.49148290701419645,0.4885983391158379,0.5751770768266709,1,2.825947495135929,1.8335330687464708,7.45537185232343
213,0.9420275473924067,754,6,0.009091515169996192,0.644061009556123,0.4951921168931263,0.4933569228460401,0.5728154549728008,3,2.873463194883274,1.7082044275565191,0.2487624283745205
214,0.9414534056114405,753,6,0.006802922332763694,0.6377655920829366,0.2235820870100461,0.2984951477093759,0.5669223437436014,3,1.5148020604443908,0.2558709532760222,0.0067650854619600185
215,0.9413560594300854,725,6,0.007150936559683687,0.6403465509630256,0.20146144400025132,0.5733201119007274,0.576956602617126,3,4.484500800118158,1.563986032492846,1.1372562401874156
217,0.939798277363845,398,7,0.006940181185666326,0.538615047987135,0.9747201183786023,0.5715644981231525,0.6918600427069567,3,1.5403315132871487,1.6911499664196923,1.1357270967853814
216,0.9413994251673394,755,5,0.00716561888386262,0.5460069295113387,0.8547269656546557,0.5727637523897552,0.5776754058472413,3,0.9397854909622442,1.4719414524437369,1.1847505041114301
218,0.9421298664454684,683,7,0.006897468952336704,0.5519583814352592,0.2299074064175363,0.5714892468313346,0.5903748188549841,3,1.4467387133177207,1.454484029675954,1.0647951094811632
219,0.9402864578653329,691,7,0.016136905308199247,0.5098295341594211,0.871904455910486,0.24468939043472557,0.6937142971528363,3,4.496126806224354,1.5061152965873645,1.620721911363977
224,0.9410363136937985,688,7,0.010216278994517826,0.5552545625084317,0.5720789959469996,0.2480872357908783,0.2203272299929476,3,0.9256797859650039,8.361067740159754,1.7099302025888439
225,0.9423401620411027,689,7,0.010000076627954825,0.5582327200776382,0.29110284772649303,0.23340261529382778,0.6942819735495946,3,1.001421135809095,0.014622137349938653,1.6423543223436867
223,0.9415892792859303,804,7,0.01010313832650104,0.5418251590603065,0.23162585613095232,0.2435458832160641,0.7173592644448951,3,0.6188491634755465,3.364122458348027,1.1136915188526046
222,0.9415421001440138,680,7,0.010209754275762747,0.55657348679593,0.9136949914074798,0.2986645947261186,0.7303190225717773,3,0.6457707830668258,8.616864225434666,1.6034120261847036
221,0.9409091021043376,689,7,0.010290562868868243,0.5479336115577111,0.8377210990430967,0.2975464701766788,0.7176241532786103,3,0.994031351075147,1.4804604335955973,1.6023702856872901
220,0.9413237780307941,802,6,0.00710964553288871,0.5262616326858693,0.9365715437629865,0.2931086152800316,0.9350732002554104,3,0.5882784088493695,1.3907396976193278,1.5383138158138394
226,0.9424158989293726,686,7,0.010162798238748912,0.5432763719985539,0.573732787928573,0.23845092580712546,0.6139791003991085,3,0.5345084084577617,3.273368384986254,1.5883449153208749
229,0.941414048436668,804,7,0.00997299197374559,0.5295534572206905,0.26347485795251724,0.27851331133441715,0.727141575422555,3,0.7795540789436199,1.0673516125984712,1.4879192024998753
227,0.9410001228763724,802,7,0.015982708279596625,0.6131749423943655,0.8352802873375482,0.2436700548328502,0.9213276812477552,3,0.7679138927988293,8.422073593398608,1.5217541097009761
231,0.9419836807152955,673,7,0.00782981598627985,0.5388692283582633,0.2707328132168904,0.2287887793202591,0.606363315102079,3,1.0486078635032685,0.01481795530251481,1.545479685779147
230,0.9410103201333385,683,7,0.005544146238582996,0.5753663838415616,0.8302555552157466,0.23185975539657291,0.9775295295693469,3,0.736183854411306,0.01501152457880425,0.9298587650146937
232,0.9416015116110659,698,7,0.005317329426489294,0.5293365190801566,0.26227293037010624,0.6012909769014977,0.9216192571114832,3,0.6093436785232096,0.014300184089781351,1.497985529297443
233,0.9420591619155131,828,7,0.005455504418751158,0.5755928114679087,0.2770113264762509,0.2285567236833229,0.9079693412032295,3,0.795250408297512,0.015034516722029006,1.6895194125641515
235,0.9422286277819201,823,7,0.008065276577551492,0.574920188485472,0.2755844278668254,0.2730374769730846,0.610326261076672,4,1.427189025922363,0.00606180767844831,2.7720717666421453
228,0.9413335714050005,805,7,0.0102188750810091,0.5632706116706366,0.9230112825013528,0.5354156305498615,0.9794384817308793,3,0.6836503185126195,9.353923097551945,1.5355415436550288
234,0.9417560025066196,829,7,0.005443194840050114,0.5689751812827083,0.2923830653101942,0.2307453481195582,0.6529024236028041,3,0.8764095962679634,0.01680412319281601,0.5991790567309391
237,0.9417519824642664,826,7,0.011854179539238799,0.25928602691909974,0.30662462112748146,0.23019495716209046,0.9926354871588701,4,1.080635642502011,6.432455513146787,2.788240056530755
236,0.941873276701665,832,7,0.011638487662648887,0.5807984815795304,0.2626348720220806,0.22535336171559955,0.962586609127878,4,0.803616180997544,0.017350392745315458,3.3309313692432996
238,0.9422535192746941,831,6,0.011789133236630056,0.5779175569666832,0.3326773153868746,0.22269096198550387,0.6491954049017395,3,0.8639357554283458,0.006129829737921177,0.5882483777923111
239,0.9417809420061302,825,6,0.011789357713781782,0.577586561578409,0.6585868821876854,0.2749539660893482,0.6495239053078178,4,1.174047077278399,5.276075834006253,2.8057223987357114
244,0.9404063656473145,701,6,0.00799873519165559,0.2634992457712265,0.28757564578307004,0.27456002430618176,0.656687838077093,4,1.134821435556098,6.173963706554116,2.8179112810817117
241,0.9422316897767965,700,7,0.011502053594128434,0.5024546607525752,0.2894045960996933,0.22013607785940043,0.5940045856475463,4,0.41111806783525384,6.006335224946615,3.326409610324825
242,0.9421594772091464,711,7,0.011449170919740242,0.2538719263252682,0.2959269064827979,0.22131474741131368,0.6448349387677521,3,0.3756659806948492,2.24983069206911,2.6126615165793123
243,0.9423985841519368,706,6,0.011804423330494763,0.25725423574191997,0.291161560079889,0.2752442472893018,0.652288194538076,4,1.0926149158348253,0.0061725062111486475,2.8558450555784667
246,0.9415216471870984,699,6,0.008238617405543408,0.5865926244882765,0.29091205795881003,0.21519513271614302,0.6137550394092082,4,1.3149283505571077,0.0227280202384994,2.9002839177213144
247,0.9414422503069979,706,6,0.008085713252505766,0.25382392707499823,0.28966990927713343,0.5093608809562762,0.6378828649376554,4,1.2479785022259922,0.00820105822655724,2.6532067615131307
245,0.9419013689914012,703,6,0.011824310788551031,0.5901799332054337,0.33078477107955884,0.2629465884608716,0.7541624063885382,4,0.41777641794544973,0.006289802443505004,2.7558132178279586
248,0.9422263641599408,703,6,0.011473511283256566,0.494845976051027,0.2937628820635596,0.26044935764985827,0.6102141101479501,4,1.2049678648286755,0.023006797362786838,2.6017425741449283
240,0.9415876700166393,699,7,0.011458221377387346,0.5803333794858692,0.6399811277756507,0.5980476268271144,0.6469925822617796,4,0.8616008520897761,5.86618188806677,2.7646581226199456
250,0.9399951175061927,662,6,0.021463585317995613,0.6045882208649023,0.33268606223853947,0.21076643977835577,0.6172599497285296,1,1.653019559553739,0.006600816456672299,0.0018203887179084187
249,0.9407802071482323,741,6,0.020710858371254182,0.4876108643716679,0.33880420497795,0.27100186057960246,0.6134651470386264,1,0.24317066451921132,0.006195391684626204,0.6234704277765004
252,0.9406874268249495,739,6,0.021282705229722733,0.6014437966036433,0.30341566065622444,0.2577007098373347,0.6411540518114557,4,0.3301685887098599,0.006349600625011468,0.0018152892433659401
251,0.9421652004470136,737,6,0.011176325502215706,0.5137900153623753,0.8905745113450495,0.2188742684844641,0.60652245208074,4,1.0047669634529426,4.005619335109303,4.054482223596476
253,0.9426812300736822,739,6,0.009467634600420691,0.59174243394223,0.30735602674143625,0.26301331811754836,0.6162234946269265,4,0.34223716102806206,0.005862765467817356,0.0036004842682232498
255,0.9411412449394898,739,6,0.021093999720458684,0.5049661929007544,0.3244774984443106,0.2646237663647141,0.6133660241712978,4,1.0368537167007403,0.007196023161821861,3.375896946802772
254,0.9409097408026554,853,6,0.021227145020863293,0.5011008792552091,0.34548901585576963,0.24925941781049807,0.6121933803502861,4,1.031395575878997,0.005687814400947913,4.3910133128525874
257,0.9417218404956149,736,6,0.010884905343306628,0.494252060943306,0.3455066816522357,0.2713158594572498,0.6110659820300423,4,0.5042707120958478,0.0056389396046269726,4.139299284005265
256,0.9418076786273781,849,6,0.009512757336518277,0.5065913082742629,0.3475415165637327,0.24777350465620113,0.601978979875381,4,0.44685262630654937,0.006604367343677548,0.5759474298141902
258,0.9406622076340188,734,6,0.02105216324967276,0.4803606297916046,0.8946262141150165,0.25850460426769045,0.6016311633248055,4,0.5015016008251034,0.0060531201909867615,4.083075251006313
260,0.9425670126553897,719,6,0.013144903279750259,0.2265321827659797,0.3030131690395645,0.2499651258566316,0.6006532583984114,4,0.24797982074233316,0.004875417814181925,4.102339496005634
259,0.9422527229890465,735,6,0.012623944757242517,0.47919417647391044,0.3510458373115289,0.2690641407870524,0.5964820793308984,4,0.4393933870641525,0.006969449231458066,3.6691755140685154
261,0.9416995257122306,850,6,0.012805148399553948,0.49894963550067356,0.323625331509381,0.2375408031616771,0.5937983906925056,5,0.43639710602846793,0.004893428814685142,0.4436102504019744
265,0.9418638830357196,723,6,0.009797779817446929,0.22559831661447327,0.27709879196564235,0.31714304393429676,0.6017506077286934,5,0.11449420973826968,0.004403001159210302,0.0034097437593994502
264,0.9425087564808832,723,6,0.009485412771451594,0.6201092193517909,0.358298520253161,0.24834113218035114,0.5945818735724987,5,0.48794838479310865,0.004348271092905327,0.00344716192214752
263,0.9411545772450616,723,6,0.013271987355929835,0.21554426776665342,0.30732625629389904,0.31806743653963976,0.5984334767307262,4,0.22290373412003633,0.00802851977251556,0.003160629714651397
262,0.9420908849755885,847,6,0.013114705207086165,0.5052279239589985,0.30999010809456296,0.2554459833858383,0.5964201182270007,4,1.102855410136943,0.007621119864139671,3.838766404590314
266,0.9421480098609176,722,6,0.00939802724986596,0.22533842803485088,0.2491470229738182,0.32266486573205605,0.5890320760480585,1,0.06096856048243238,0.003148554379931198,0.0034152346235971458
268,0.9414144752791712,786,6,0.013279317601056813,0.22584219065406178,0.2762962891626218,0.32278948782609557,0.5898568414943313,5,0.15458422020632184,0.008421705255627505,0.0040747053249021075
267,0.9411351700000979,723,6,0.013278815356189032,0.6268977315825597,0.3136683260589222,0.5334107923383552,0.5915256322780803,5,0.2540326204055751,0.0030906780516776152,0.0025675224612938356
270,0.9412616322670223,720,6,0.01335399753869642,0.2247000816006461,0.31376049005006107,0.5323080412789818,0.5893971731982163,5,3.3402193998275846,0.003210437282956695,0.003903874150554198
269,0.9413130725285981,721,6,0.013049526833218052,0.22759916280311884,0.3114249606707615,0.5296639667118361,0.6758777982320545,5,0.17958382026368253,0.0036849522092589656,0.014031241797971572
272,0.9413539857478017,668,6,0.01312991402217104,0.22639828739489679,0.310281794323703,0.5325666611821346,0.5457448657704703,5,0.1661098130112416,0.00895622872929537,0.00451030165926042
271,0.9414145274604063,715,6,0.013253872373368461,0.22178225408739527,0.3183543532927079,0.5277837880322082,0.676901108000994,5,0.5366492338953803,0.003437851260600485,0.9381676616640681
274,0.9405451661672817,718,6,0.013635393038275266,0.24387863290458886,0.3652203753243931,0.20041898375412268,0.551101499833325,1,0.5709759647234092,0.003078144830793931,0.003951937659074419
273,0.9407881146926016,722,6,0.013771674949265596,0.6175145911981893,0.3603046735820642,0.5270385622354183,0.6803663186988504,5,0.2595260822058778,0.0034983739053204214,0.004357755393431312
275,0.9404553852213933,752,6,0.01363176331273944,0.6213136831777508,0.3605676045415459,0.4889703637150629,0.6797192556967399,5,0.23257198388005315,0.003316073545248982,0.002653027519369278
276,0.9420850229356358,753,6,0.01560360829506733,0.6291039583741407,0.32649470748144666,0.49206260807235414,0.6849389703447766,5,0.1842926420476437,0.0037179269598315336,0.005424788008689311
280,0.942302446487987,749,5,0.017765564712596084,0.24131613146998554,0.3583670147191875,0.24529701613398663,0.5518522015578013,5,3.0286121837869238,2.721765687696733,0.006741410987079627
277,0.9403983396515416,755,6,0.015430918029340115,0.24796368527402798,0.3606073480655545,0.5337736818592875,0.6800576468084756,5,0.5397675956790671,0.003254574916515808,0.0026575363619956243
284,0.9300642447017731,750,5,0.17658355937723325,0.6549783966748254,0.5775961492054219,0.4929366443332159,0.6298689350078603,1,3.0952690305509187,0.012154128197612217,0.006968011513672738
278,0.940537288888029,757,6,0.01592625045019875,0.6178620508942902,0.6235377725078937,0.5077951367069223,0.5519066795971392,5,0.5402336337049867,0.011810738430029168,0.004567139871964882
281,0.9410653389840183,672,5,0.015794498338243458,0.6207593085525844,0.3352611593978303,0.8732567157853239,0.5609255601999568,1,2.995604415848667,2.8944984450420077,0.0022189544304427127
279,0.9405724079028858,755,6,0.015698028913814496,0.6143364187007752,0.6212723489679706,0.4891705237278912,0.54119772470409,1,0.3462616523710793,0.0038341000343799663,0.865153172926352
288,0.9349607429088362,677,5,0.19106619118270354,0.6564644558053472,0.34166101982092845,0.2875569422497045,0.6273864906877824,5,3.0772351511150458,2.3854467019612806,0.8352770968743715
286,0.9294913865791908,670,5,0.14742900700322364,0.26704141991307395,0.6192440773692971,0.2838618649663541,0.7036443573452368,1,3.036344535807131,2.659146984946874,0.8172188726687141
282,0.9404377709236682,754,5,0.017492817191459474,0.6106381754650274,0.6224512642666862,0.5094610192648257,0.7033726016818798,1,2.4380859861550594,0.011626009126257332,0.07741692113825205
283,0.9413692581516951,760,5,0.015595574407918185,0.6560805323499506,0.3339877063076634,0.28625984869426263,0.664150280525314,1,3.0639392354992525,0.011632133823206508,0.7706711403405803
287,0.9422134326062546,750,5,0.010530149147568611,0.6589129945172058,0.3424241764756545,0.2851787445891065,0.5577666033613738,5,2.95178266751342,3.002221743049829,0.008218763161833722
285,0.9412081757225217,755,6,0.015498335055824028,0.6536848708503098,0.6306509478894424,0.2395697159969777,0.7032483406873281,1,0.34456345077335293,2.0909754838463406,0.3071394722371303
289,0.9414508998685303,682,5,0.01807981425552454,0.6107533745452491,0.9936716835530252,0.2308658231004596,0.5547391414992396,6,2.9880516519444478,2.9037017079353804,0.00956860740500817
290,0.9415152403750511,676,5,0.019002903773273537,0.243415704463109,0.34819093663782674,0.2815964386753639,0.564447719101956,2,3.0420643570154065,2.233077759515372,0.009345113052834624
291,0.941515128707208,678,5,0.010431778854017422,0.209922733213496,0.3396918290040342,0.23775118348591098,0.7031742237725277,6,0.35815975710275794,2.037627785524906,0.07087844957160516
294,0.9415631928428718,694,4,0.01820063825295327,0.24433046036513406,0.39335165261019955,0.24415854662249054,0.571399077746729,2,2.4810692900835756,2.0601523876334835,0.0774806196085084
295,0.9411131077738915,693,4,0.018046684370630794,0.23996709507448014,0.3834526975058475,0.23654800637861373,0.567152128318017,6,4.381516799441765,2.060189691778528,0.010572458072813965
292,0.940772124274913,687,5,0.017123737258534288,0.6938428023767191,0.3404712457354333,0.2346701674725364,0.7032574671327119,6,3.0123457554681914,2.0312142539601976,0.00650799379512528
293,0.9413455042098464,689,6,0.017813778430585826,0.45047754879695423,0.39310300992917707,0.23580250837928096,0.5658603103329712,6,4.423250699333976,2.458895397693588,0.008842738334934562
296,0.9408936804621121,689,4,0.018233648858605962,0.23808564245004613,0.374010140154698,0.22985413463044566,0.4484883608570292,6,0.3321112628284345,3.425740674340962,0.008980478112250782
297,0.9420456615863643,687,6,0.01928005368277525,0.6971310931072181,0.38466280810834474,0.23565811964965014,0.5660103025597508,2,4.4097987639410565,2.0702763807926763,0.010322880213056683
298,0.9412244489625046,693,4,0.009216254593476358,0.6903574813277845,0.36900281312482597,0.23381511689829598,0.5749009837530126,2,1.8296522342480181,3.9908822026456257,0.0060116802826744855
299,0.9403664350007681,732,4,0.009145777571660577,0.206481748208897,0.37315812928403713,0.22193543846060854,0.5669340343834681,2,4.212919624511902,3.4231656671303097,0.00143025595504569
306,0.9396069026840628,142,6,0.009208773311138466,0.20051622612944936,0.5129989171789734,0.964413165202039,0.6315526381636937,2,3.282259182779755,0.004347595659192945,0.5638809742422765
300,0.9415217713784381,696,4,0.008791371351599972,0.20620812550646625,0.35670809348210675,0.24188868501752814,0.637960904841515,2,4.4372797767656325,0.005148674621206998,0.6525539083078279
302,0.9409187483274609,709,6,0.009038345432508579,0.2034431968474576,0.37062507821572893,0.2184509903519724,0.4499355179123151,2,4.196468229554842,3.3290309611373243,0.005737312029450368
305,0.9418375022904953,654,6,0.009085937559456176,0.20165558848989618,0.4165055349606805,0.22470126055200818,0.629443536445463,2,2.798710427576605,3.7236549123759892,0.02577896967174787
301,0.9425111526431997,699,6,0.009058085654994268,0.713131123348464,0.4010323937959489,0.22196914673944101,0.6356958067330402,2,0.004454735257312631,3.2762795606049195,0.0014779315945441722
304,0.9418530522985595,733,6,0.009189674625525151,0.20631932439422307,0.6513376956112893,0.2197441744388053,0.44675278614809544,2,0.8991314858609731,3.62726708181843,0.4315317815552498
303,0.9423479208689521,887,6,0.009499692726566037,0.7096819637994204,0.42467551401531745,0.21933226921853924,0.6260182620978423,2,0.8987317912361461,3.611709102013691,0.38986477793537494
307,0.9419223030593044,735,6,0.009274833076297872,0.20205680810307755,0.5151005121080482,0.21263207989242627,0.6290392342641333,3,3.2229210525410776,0.004890164822881536,0.5590592946253232
313,0.9411741671243483,355,6,0.007717721975076619,0.7164171543676178,0.4740037903625892,0.20015879835190295,0.6204233735925009,3,0.8967023492804108,0.002567416923392508,0.4589168602020839
308,0.9415404011229986,736,6,0.008673866075304978,0.2001592637795949,0.5181687926662926,0.21556743526377128,0.5250608671951218,3,2.1048661664233093,3.1561941542293854,0.45530840129468103
312,0.9424936604495647,655,6,0.012078135034803619,0.7380814239244381,0.4233467750120652,0.2031334955646401,0.6251370955894555,3,0.9083070687068857,4.072161482898392,0.4473372707439065
309,0.9422045398801664,887,6,0.012166762803654639,0.27527869699302554,0.4143507424847303,0.20104192391122344,0.4972755650358715,3,2.1240472765745424,0.029571987247665705,0.4179049870611692
310,0.9421064266346549,712,6,0.008251039058756788,0.7143239475038468,0.6446316807814129,0.21284351592222514,0.6244726843488537,3,0.892673316591625,0.004462127875415814,0.4495682400210517
315,0.9406987000589837,714,6,0.023660896796358247,0.558542056004882,0.43106378976728504,0.20107769959495062,0.6614512491305904,3,4.589862643030574,0.03208476960489275,0.5166510210387986
311,0.9412070506950927,736,6,0.012128381986600215,0.556209093657002,0.6574593954272763,0.2004806222143112,0.6587134650073307,3,0.9000702823655451,0.026849240507869108,0.5151064183470572
314,0.9415580957798259,732,6,0.00791119331003835,0.730411194587585,0.29813316284511937,0.20277549295714403,0.5268029066760204,3,0.02155826296237895,3.068349867210463,0.01756774403618031
316,0.9420436233873206,624,6,0.008124358922947644,0.7183173578558928,0.4128321518168252,0.2071142346040989,0.6555460352419393,3,0.027541010480422196,4.337395605295077,0.4278849314894983
318,0.9419817134827315,710,6,0.008264016943929831,0.730298618664263,0.4296809567056014,0.20535209613427216,0.6430452755900022,2,0.0748225076023058,1.158766197029077,1.171596586954171
317,0.9421754217073477,875,6,0.00787309528965715,0.7215228063561561,0.42269394312866193,0.20343693529701493,0.6591785129899098,2,0.8488955313155363,4.621558710082249,0.35318004177284684
321,0.9419623657243757,626,6,0.010194910004985066,0.7304982285510118,0.4048619179587435,0.25421216673940306,0.6492282895644536,2,2.5624285684643757,4.54804833358859,1.162249630004004
320,0.9420152785404066,661,6,0.01021918640850908,0.7325034968126604,0.4307037471161305,0.2015918290595549,0.6503290916643356,2,0.6921521443268112,4.597308333033315,0.2438663066565078
319,0.9418753900416872,909,6,0.00992200022583299,0.7231938263186927,0.4100336737144046,0.25762059430456896,0.6576515501874995,2,0.866200418922199,4.62102445394328,0.013904593294775076
323,0.9424192740116597,651,6,0.010070343532937882,0.7238867161691891,0.428150156374251,0.25933608676012043,0.6521038415078494,2,0.01370452817499157,0.5592672944540006,0.26886304923386517
322,0.9420076266840894,619,6,0.010177046949311371,0.7387540435036155,0.43756954690629435,0.25068578474016334,0.6484974437865143,2,0.07692246726783156,4.6644531304985675,0.2571856202158742
325,0.9420462992410574,649,6,0.01003019207696737,0.7415962754380284,0.44491865318056184,0.2549794990903317,0.6473912359341369,2,2.3672026896206453,4.721928666735247,0.3228984844118475
324,0.9418198274625376,629,6,0.010138420349443117,0.7382270855454649,0.4447779465327517,0.2504971516680743,0.6187696140339497,2,0.6699370372259272,1.2065487662280554,0.2625437666593712
326,0.9419122633896684,590,6,0.010127725966862068,0.7842983864225288,0.438659149646394,0.2533218765688652,0.6417968941040864,2,0.7064254748920509,5.008194044988563,0.2914675073382853
327,0.9421103475326614,662,6,0.010438522153518653,0.7739593041841001,0.4453348043181531,0.25200523055825197,0.6152124151129152,2,2.346254603685732,4.716337934665447,0.23929036806487863
328,0.9417547188482356,665,6,0.010298016935623492,0.7388106757489674,0.4428495847700573,0.25469615919422045,0.6180445668221216,2,2.34471031383239,4.693308035310648,0.014363858741543976
330,0.9416580103215736,657,6,0.010667349667893627,0.7805467075720897,0.4456290130586749,0.2566307970408904,0.6145025553831245,5,1.16586676660279,2.771685171542521,0.00105234423498426
329,0.9418331378519904,646,6,0.010470664181469651,0.7503826627018163,0.4314758546445595,0.4684321539054013,0.5824239254952013,5,1.1585199047787085,4.53182909697414,0.3073461069903838
332,0.9416880740183723,604,6,0.01057724865104474,0.7430014426024685,0.442856766606906,0.24938566161537798,0.6182431048086674,5,0.08331258354564613,0.5821759048102394,0.22299170109208882
331,0.9423540704275103,645,6,0.010707106294750454,0.706884778456516,0.44599773324671366,0.25083784005223403,0.6111674867146389,5,1.0450193533983458,2.7364517084176248,0.0003169714917804673
334,0.9413509018368066,652,6,0.01120820834328204,0.6879787723751292,0.4003896938068304,0.4697249928895721,0.6189669131054655,5,1.0735159937617327,0.27273425839112925,0.2870349989868008
333,0.9422059456426404,587,6,0.010840993061129803,0.7644670117790433,0.4033888545284464,0.4764648780832625,0.6170582345210763,5,0.008358684551429796,2.608959148826294,0.3345740903099774
335,0.9418629542097345,651,6,0.010917014454384135,0.7622769545159077,0.39415598189629897,0.4748386891714706,0.3221694378210554,5,1.1252909423707393,0.6326274305548528,0.18345571934880883
336,0.9414581979360734,642,6,0.01092196487423385,0.7702035880930866,0.3906619027309892,0.46922546758144734,0.6184217896409524,5,1.107322542028716,2.643546917542845,1.9807544091455065
337,0.9422356242419241,650,6,0.011030356479389635,0.6855256952816424,0.42052436402734916,0.4699227172749957,0.3227566384195698,3,0.9770864983630975,0.15678919422349985,0.134350169178558
338,0.9415838388703571,648,6,0.010842641232614096,0.7047497804297811,0.4031207107965539,0.22159244764839953,0.5876075460196171,5,1.0786660965487596,2.569459618614226,0.11759414515130483
339,0.9415624278659651,646,6,0.010993739618321886,0.7032559532171849,0.3900745909047887,0.4677158141455353,0.3222879537054338,5,1.0901272759026084,0.32738001553691365,0.0002963835789011516
340,0.941733366286827,709,6,0.010929189528672377,0.6887170322679452,0.3940464702065549,0.22480513114408035,0.5804119313398434,5,1.0435666089024596,0.021666758458170555,2.03246832491713
342,0.9422382620033591,642,6,0.011346408233774113,0.7050086957819193,0.25389715807375074,0.4687980784334559,0.6322278595273962,5,1.0561420974740259,0.3717948839926204,0.14250748688170697
343,0.9415816430839836,665,6,0.012301444234971573,0.6986637185259078,0.25210727626956986,0.5040845610447227,0.32772674237058436,5,0.962527159117246,1.6523750852762658,1.916279924312575
341,0.9416589913287938,706,6,0.011171939241085145,0.6959685424767641,0.40354656397822564,0.4687268475064794,0.6331519294604067,5,0.14422066903976016,1.678996908297949,0.14437641422602104
344,0.9413664361905001,647,6,0.012272717319625115,0.7047642360435681,0.41784108619350313,0.5060504447399014,0.6339196742610784,5,1.0449060460308266,1.8933669922902654,0.0002390503772364102
345,0.9412326748124078,673,6,0.012456476090302213,0.6878744731402686,0.4201574889229805,0.5098576624709228,0.6366718574658318,5,0.9866012820097921,0.17288186409499237,0.0015386803922475653
346,0.9413267450558228,672,6,0.012477405067682221,0.6992164921830616,0.4226918663110517,0.5098970782538514,0.6291136462624818,5,0.9924252177295156,1.786709443323372,0.000346771569407712
347,0.94132205709366,700,6,0.009542880718936587,0.7086938774700028,0.21576286101266887,0.22199368055233337,0.5863176267391051,5,0.9741684961823255,1.8315872582733206,0.00033757430832935797
348,0.9417911601355902,677,6,0.012348838296761675,0.7045645107352587,0.24013202913286816,0.5073699543880114,0.6300680614792189,5,1.2747631554037535,0.020271400814515964,0.0014604381122485751
350,0.9418166579743165,674,6,0.012371426151644346,0.6685221721288391,0.2490289327454703,0.2744578313140889,0.5985090526008956,5,0.2733902346315474,1.6304277464850905,0.0003858798428542719
352,0.9410581285809503,671,6,0.03162007798383045,0.6654889764780448,0.46457839143345603,0.2701641591532555,0.20182146203190135,3,0.17719530277227158,1.7020958351878295,0.3782016555989003
349,0.9416508656668616,985,6,0.012281908833258364,0.7074854476667244,0.24313961595091604,0.27133992793645506,0.630299139937124,5,0.9699986345788358,1.8109045190799993,0.0004359197130230969
353,0.9415830937223199,685,6,0.01450572712021298,0.6787829005190404,0.42464059557366757,0.26880304055034826,0.667411993128905,3,0.7669480292822687,1.8570019205787416,0.00037845849871276794
351,0.9413815447453151,670,6,0.012278979681782487,0.6720589789831821,0.472683185461726,0.5042788736668229,0.6680260575248886,3,0.25556985884640626,1.7532326179289983,7.728610968236396
359,0.9408148367031035,399,6,0.008735702839280827,0.673744299683292,0.5745135801555827,0.2710201768225183,0.2008930437314831,3,0.7666437118243423,0.08292867634070823,0.39323253657518203
354,0.9411648005926452,685,6,0.014185876388165009,0.24948358253665695,0.457434382085237,0.2730200317589575,0.6666265622584557,3,0.24935347536070837,3.6208431849816067,0.00040326937939532076
356,0.9421530923132178,697,6,0.009726842310977937,0.670917917879967,0.4577477415380606,0.26949506443804455,0.6019124891294662,3,0.2630183650010536,0.9803089205986293,6.53811968361516
355,0.9416666191817427,678,6,0.009530302573632621,0.6774365408610106,0.2861802309411556,0.6651773614549101,0.6690186426217727,3,4.538090421354451,0.9502903139599115,0.00037616511602763013
357,0.9421949740161452,684,6,0.014445965153838627,0.6674857159029276,0.4663784333847443,0.27293268983312524,0.603414319831049,3,1.2889266564188582,3.754328208088614,6.830586015785749
364,0.9412843885036557,705,7,0.041062867554731916,0.5947142843244586,0.28194311529020016,0.23686339084280644,0.41363573512372587,2,4.2975561133206766,3.527036868514236,0.00013946600120971173
361,0.9420104173365432,699,6,0.014539859427428465,0.5964961620209742,0.28429195769650306,0.23111093058617982,0.6732325046741783,2,1.2437463308103922,0.951109045017922,0.0005861156673180323
358,0.9419905999470716,991,6,0.008563214256101044,0.6759198339458617,0.5664151141933074,0.2719191092044467,0.6688895880568485,3,4.282368705264439,0.9403846778815317,0.0005851175635556274
360,0.9412946327237334,700,6,0.014544378895246866,0.22762408879753995,0.6782663189876433,0.2351446735389827,0.6694019378060487,2,1.2539982045201894,0.0982663122054821,5.500261768168017
362,0.9411179230582679,489,7,0.009538386165433729,0.26045798821590893,0.9542336703217386,0.23683793663058175,0.6030561244581162,2,1.251067905545092,0.00010186088836303495,0.0007583478031673859
368,0.9372681908638464,715,7,0.008710889036857199,0.5969177731518294,0.27385797592282574,0.2360815227601307,0.2277719380373746,2,4.322121589023042,3.1816051778203422,0.955666164701851
365,0.9398851257243198,712,7,0.009372476064540069,0.2571297733228295,0.28457875267004823,0.30100295278789285,0.3645053362427392,2,4.991309239464359,3.0273635228763176,0.053526812929278945
369,0.9330800195274704,296,7,0.009448372621801393,0.226715180575304,0.2961950572572477,0.23391406160613185,0.2354215951555072,2,0.6210553750216072,3.004941555918824,5.051733973626324
367,0.9414303216766507,492,7,0.00849314312349985,0.2304028889048063,0.6747244381443707,0.3022189596308808,0.41290691687494996,2,1.2612272862490275,3.5941155998581844,0.00011648395060231804
371,0.9396559827883746,292,7,0.008589029299135341,0.23661663428295723,0.6817106741169683,0.301567890851653,0.3657996816322263,4,0.6464613877741175,2.953578537792947,0.9349200269978255
363,0.9419661624310429,700,7,0.008585650064380007,0.5959557446358094,0.2839132945822768,0.7893115390130927,0.6001529757175754,4,0.48888137891246036,3.2999330755819214,0.0007366051387787971
366,0.9422407672244569,717,7,0.009668833330732166,0.22428379184590094,0.2824037631011873,0.4120131440468543,0.6881953777602974,2,1.3918571020297363,3.2176028506844903,0.00014132179716071442
375,0.9411376225181483,269,5,0.02009250810810368,0.5254845953201194,0.5899971261597919,0.5537318912183925,0.5450758518701858,4,1.4198904045593097,1.3383770588358557,0.6662376988140226
370,0.9416206485572317,720,7,0.008425918263456443,0.22809998145157018,0.6750206168216072,0.29796052091686975,0.3656649892051788,4,0.002337247975589086,3.021369274152313,0.0008361943603413899
373,0.9406945255601744,719,7,0.0197292233711855,0.23529458016231306,0.3093676133399109,0.4870097933167907,0.5394826694701245,4,1.429231307747354,2.86777397378859,0.002108047973710646
372,0.9405958800660648,720,7,0.019649536677574665,0.6367661936122275,0.7672160962115372,0.30183375375617494,0.28869904331782337,4,0.4674292489927429,0.00010502656429018147,0.694219472788234
376,0.9418068812981055,726,5,0.007451553748222433,0.6357838903693391,0.3175000486074663,0.4886995851268385,0.544392823496055,4,0.4482119934479077,1.2928082760751742,0.6602803408606617
378,0.9423324893122915,619,5,0.01688993271449779,0.5361675594385241,0.6025733924955251,0.2212911247255208,0.5423187322239208,4,0.4380488111106208,2.349887205296708,1.280456862428518
377,0.9413690828227452,522,5,0.019582908309408037,0.6436633372272301,0.5842109203861449,0.48867521101573397,0.28771891187038307,4,0.48911665174559077,2.610980459775763,0.7071470149410319
374,0.9414783242384571,727,5,0.01648232537389227,0.6369086808523047,0.32129919594375694,0.788070790040843,0.5340437461402944,4,0.013998580993243831,2.626491906809687,0.607633197440537
381,0.9406915710586423,546,6,0.01636561846453183,0.4092916612520089,0.3215011753233119,0.21566272646397622,0.2810625606114512,1,3.15767505220425,2.4047113533462547,0.0021299304801994713
383,0.9396297893737839,207,6,0.016509171052862547,0.6489158001347807,0.321383812702303,0.21823137055655797,0.508180287824507,1,1.8343445646499084,0.009349101233223111,0.6775512373767072
379,0.9392257834662839,723,5,0.027055376006243005,0.21835597669885637,0.7707524988256667,0.4876877577937583,0.5848338534415501,4,1.8231599611736762,1.2841827013184075,0.736906772825864
384,0.92945135731011,525,6,0.24635181362611142,0.4142243771427957,0.32070546488084156,0.4526673721052602,0.4819776305076469,1,3.1794717435569626,0.014612831742679008,0.5211722770142091
380,0.939416039380385,723,5,0.0227681726019157,0.6396343887730996,0.7663527904684018,0.5579882319244989,0.5848729234606765,4,0.032679419333202786,0.01679586571562365,0.5914711457529191
385,0.9418457542310164,446,6,0.01642876909172971,0.7231920883839584,0.36570473842154755,0.2197774183393132,0.5844637433831473,1,4.189322887580924,0.009115004985665033,2.2030193437741135
386,0.9420919087714215,607,5,0.016328100744240785,0.541510385299809,0.5871096501147491,0.21371629927534458,0.5820710206557049,4,0.35356859757522363,0.01702490003471071,0.020799068104770467
388,0.9422666522479478,616,5,0.016050557103695646,0.5314650832089115,0.6040509032997351,0.21680782445737712,0.5141812950220128,4,2.8403452593233753,0.016194636144182477,0.09900723160167885
390,0.9419292035058359,435,5,0.02308248283402177,0.5352835965382451,0.6078373199128003,0.22260996984562606,0.5812168196614188,4,0.32458923844634213,0.00033498544057622784,0.019961304564174033
387,0.9422827825113463,630,5,0.017588519204085568,0.5380489420943093,0.5598060861012555,0.2157045062495159,0.5082837101803147,4,0.3578210346183621,0.01501282061365838,3.474597903951266
382,0.9419835001682217,625,6,0.00720629917319954,0.5395798951320008,0.3229294724139848,0.48832343911319187,0.5832963883373303,1,2.0161049272127265,0.016414467715721998,2.2974152968235444
391,0.926083952969846,610,5,0.247631146710762,0.5494779345905147,0.5956471231070013,0.2187577929559893,0.5811492614015127,3,0.3568671453797282,0.01738618201601772,2.127776694814905
389,0.9416515356739206,612,5,0.016063021155837003,0.539305007436532,0.597944233256766,0.21783325876859996,0.5769158525983474,4,0.3923719314472833,0.0172695557484984,0.02138662350269447
392,0.9414069027383313,625,5,0.022834091703328237,0.5505925880011413,0.377916621360149,0.21962156885192707,0.5794358548543184,4,0.11645334873842962,0.002371081230980565,2.0904921519152135
393,0.9410289926665119,770,5,0.017030177712455866,0.5439965633192485,0.3804912165689909,0.22038817055968085,0.21967183152980563,3,4.143193995670677,0.0003484101584160283,0.005135033787693336
394,0.9423260042283916,632,5,0.017587639535547196,0.5379256054592784,0.5941847239861037,0.24595227367776318,0.21372223601719562,3,0.13552763086690825,0.00031888513418827885,3.393227557982858
397,0.9395529253708359,625,6,0.013647907125524703,0.5627219613721908,0.4122810543665957,0.24819095076626335,0.21912235423244494,3,4.586496695628653,5.91205373232212,4.127683743622505
395,0.9417098889055243,771,5,0.014315796200122872,0.5286249328524172,0.6102295734123764,0.24488796500649135,0.51721187274678,3,0.3258740551703235,0.005431912456080632,4.441010086222025
396,0.9413396254718984,634,6,0.017483980660691647,0.7199086323654046,0.6089580788503797,0.2470824301882141,0.6070282804881796,3,0.39736210225353447,0.02238728395178906,3.5189244298479796
398,0.9420059986295538,633,6,0.01476214904479604,0.5591951613920371,0.5423969479107806,0.24745863426670395,0.6018589240093692,3,0.12170692135248684,5.5969348693959295,0.957991215704802
402,0.9414929464641609,659,6,0.013758556740023365,0.25200965086270033,0.5464352025629284,0.25109244646830947,0.6078946707446753,3,2.7345516240614294,0.005390432898560437,1.11476814525975
400,0.9417458407328934,772,6,0.01398185689201744,0.27188495079775404,0.5453764114019067,0.25164861542054934,0.5557843634934548,3,0.5538935603295365,0.49389056035637796,1.0560858824127533
399,0.9417896207891545,936,6,0.01467903898030382,0.25439690116890284,0.3816787483129024,0.2507954522523438,0.6085596648688917,3,0.13714294008535927,0.005150388142264027,1.0978229139876476
404,0.9419597827532377,657,6,0.014787186040660219,0.5215566632408701,0.5669365090277773,0.24187508980208663,0.2163562669580057,3,0.10481021456009548,0.00023378760326416527,4.404681034182261
401,0.9413829139809247,772,6,0.0115386987209294,0.25139883045267997,0.37840897895114717,0.24567128373503758,0.6056545993635207,3,0.5701707330921748,0.004640153241025838,0.030448778986964468
403,0.9415190830012049,743,6,0.013776991856848261,0.5641256918478379,0.5337151054839983,0.2488761344091112,0.6172357437694959,3,0.7787185482097568,0.024280940887967048,1.0792327386455227
405,0.9417030531637243,658,6,0.011702883580558501,0.5618778490268447,0.5748296310936091,0.2517772417885615,0.20073299313903817,3,0.15224141178389705,0.0001402904984786976,4.5401700379977346
407,0.9373903085211351,660,6,0.054986952432497835,0.5120368787929123,0.562431493848605,0.2352401265053223,0.2437402646792903,3,0.14609331019948812,0.0019961273349331536,1.1019121656517166
406,0.942090890193712,660,6,0.009746075459149661,0.7204401624787423,0.5367555130205773,0.24259844937226688,0.2439433683600352,3,0.1011594396996143,0.0001623953778146057,1.0491133218761146
411,0.9372946655352941,582,3,0.00996674888664569,0.5212901512968824,0.4261595004630494,0.23034507393053016,0.20829287682220238,3,0.1592943139127392,2.1533315599472718,0.3664896903347301
412,0.9394049080793104,578,3,0.011686173695463256,0.7508667552697033,0.5795721498080162,0.23164738410195393,0.20463679225995507,3,0.1895737444318161,0.0019239966122610794,0.3994169524453521
414,0.9405620796710193,590,3,0.009791752354458054,0.7194055240313816,0.6440847148182344,0.44880513313605674,0.2577084590451387,1,0.20200980255486486,0.008097488490432271,0.354702976621067
415,0.9403679733035792,595,3,0.009462913427871908,0.7223497165316355,0.6358807298442775,0.4509170980484417,0.2664461612795269,1,3.6586461930004988,0.007657073465302817,0.3515042187575965
408,0.9417889340841002,659,6,0.00969785008393211,0.30964138362812876,0.6330479502944556,0.23548059023025292,0.2183855215756792,3,0.12506281660733967,0.00018309022712723172,1.2186051584415996
409,0.9415241967622462,593,6,0.011577415409007695,0.7464686708434018,0.6382688889505105,0.4486209280096748,0.2354639193321521,3,0.15511192182878777,0.00017854006371504513,0.382148376238957
410,0.942590803124103,660,6,0.011651975093578041,0.7522123066195203,0.629861873211443,0.23462935374274252,0.23105978279168438,3,0.18081101441003875,0.00024086790189331992,0.3676862850450878
416,0.9408720784743994,566,3,0.009784581255878468,0.7536413863837796,0.4266826563108627,0.44410880056184765,0.3925232441935278,1,4.470940329966127,0.00048349861060481087,0.0011413879936226186
417,0.9382682014462007,684,3,0.009767550684876426,0.749420278574327,0.4271201669931818,0.201487256158581,0.23320236715836556,1,0.8840136041524598,0.0005100540240820352,0.35925745809166104
413,0.9411284855838797,662,6,0.00965768661896686,0.5154905792375749,0.6430887125323324,0.20137384358404753,0.24478232641438924,1,0.1730763268102521,0.027802701246737394,0.34703284983171495
418,0.9419167749792564,685,6,0.009335643498239697,0.3036562494963136,0.6323863620948499,0.2015341674262497,0.6467712119663138,1,3.5932328329895395,0.007063163694376475,0.19586340167399005
419,0.9420990690805038,691,6,0.009210460404025412,0.7255793119307488,0.45121962897855283,0.453053325479164,0.25621354405574825,1,3.5868673043554127,0.012049800252610383,0.00019417614652014037
421,0.9416809053602924,688,6,0.009021796065876664,0.8286883701969417,0.44735084952004645,0.20418146919867664,0.6428227995112193,2,4.501827412234258,0.001098442822251854,1.8435728008594887
420,0.9422665364056059,691,6,0.009133456105347828,0.6859260048709768,0.6248827435207109,0.20556700414396936,0.6381341153219579,1,3.563052015937515,0.03020034911925424,3.2024712904201422
424,0.9416650140869507,687,6,0.012669050507057009,0.7624727553594957,0.4429300865545157,0.20186729929586428,0.3433007764830372,2,0.8144784174410147,0.1310652019381478,0.0011017067686520672
423,0.9413775768841971,687,6,0.009055465020314584,0.6887364435660113,0.4423068352145638,0.28524353200375513,0.6422588221525142,2,0.8580663118957532,0.00046015586904386765,0.0011172118521469551
422,0.9417867351668526,690,6,0.012617149490554,0.3721566807140799,0.44980341227287995,0.20426030974940834,0.6414111632651057,2,0.24394112006635726,0.05068756024853045,1.472559814019114
425,0.9419111331441158,690,6,0.012825696439077033,0.7359359040611587,0.44844578040514876,0.20030900152560926,0.6390795973923625,2,0.6919308988997896,3.92318476379169,0.00023521792211450302
426,0.9417335416157769,691,6,0.012926297660782531,0.7252572797261526,0.45176256301879203,0.20946428277749074,0.6485981196147949,2,0.7198331736380913,0.00012524002264793796,0.00021814731806828468
434,0.9411361416146956,334,4,0.011097144525698977,0.7098511439697675,0.4119339620439298,0.26423684100060923,0.6944299493517072,2,0.7223381445195033,0.011051073904426521,0.1968760742660629
435,0.9405302444212886,332,4,0.010497938303920585,0.6570824082320819,0.40397313194206397,0.6252323810709954,0.7550217993694429,2,0.5013201243343035,2.0770114696325126,0.5133497499296724
429,0.9416225390833798,697,6,0.013018734784994936,0.7369005243638914,0.4777101307068214,0.2652688863286177,0.6358920999583908,2,2.1719266225534968,0.03307814751903891,0.49793858036081506
428,0.9413609785551195,695,6,0.01302582946825042,0.69006822186871,0.6149361160701551,0.28727579696354627,0.6392900935258605,2,0.8134077205308157,0.004166828527186714,0.48360981330640634
430,0.9415780123136444,704,6,0.01292973305363481,0.7348365953018414,0.47840402944353616,0.28188678993727273,0.6186380698977436,2,0.7971232389419334,0.03406509942423116,0.4841041584093114
431,0.941500682854079,698,6,0.0130434619187226,0.7341302606348967,0.4803198078716847,0.28755811001482817,0.6313611034607829,2,0.7250927802425915,0.0001274226559840359,0.4771084769666632
427,0.9404790348007719,691,6,0.012363304595561467,0.7976921104235698,0.45300318644966475,0.9930687006108507,0.6475358964004327,2,0.6925915026476548,3.819550924461718,0.19484777663941866
432,0.9424377002494033,704,6,0.010977220780998484,0.732909439440009,0.40519026515322365,0.2653336894423723,0.6298823705306168,2,0.6954049693161712,3.9156414644328543,0.47716927595450026
436,0.9418768344182752,709,6,0.010716568336593506,0.8103980446813783,0.47962420771037734,0.23232039775648697,0.6229841335988411,4,2.1971604523783466,2.2753688533433802,0.47688454044926293
433,0.9411323950020144,707,6,0.010818762871048895,0.7972810002514167,0.4034680975940792,0.6359246692368588,0.6240159584449969,2,0.7118593165038741,3.9187432209607502,0.5006127264704038
438,0.9420180629311122,741,6,0.011427272396066779,0.699096831164602,0.4710240866549955,0.2279331759885344,0.6228120306450693,4,0.28505541554484226,0.004350889661734303,0.29194453400884235
440,0.9409861320436136,744,6,0.011385657282317342,0.21182547293784254,0.2994863873697143,0.22577059819658943,0.7178037265665959,4,1.985188378247541,3.918330304063988,0.25459831377270453
437,0.9416689756863205,746,6,0.011393997857160944,0.21834877957418983,0.4718910261236433,0.2286622908534997,0.6252695853158184,4,0.0003831642623365727,0.7250494454802581,0.5214141980152859
439,0.9413940505001227,740,6,0.011580292829006623,0.21640740093862987,0.5013685351782651,0.42227734664308897,0.6176166876478023,4,3.807282884284556,0.004171269248986408,9.141796683964825
441,0.9415181343463506,744,6,0.010599223494044574,0.7937420896394721,0.3003249835973886,0.22757889745762294,0.6233748936968586,4,0.007407597366262083,0.7546673372041536,0.2749668882063365
442,0.9418510109686418,741,6,0.010945707738020916,0.21282025251078018,0.4074767996417725,0.2289835327293008,0.6005459895030019,4,0.3158805974356409,2.2250138425100854,0.30075177279895116
443,0.9413378043467929,742,6,0.008152618207420189,0.21793025091851703,0.301910226197336,0.22734534438580214,0.5991870620771567,4,1.9982598136218077,2.207097494935238,0.8256127636483431
444,0.9421519516314181,740,6,0.010720237452721743,0.7732269589874511,0.3939878007402338,0.22915124389219976,0.623872221302813,4,0.4853014888564868,0.7362392378704734,0.8033297311332692
445,0.9419753421539241,893,6,0.008109632543723459,0.7541716152106491,0.39446775442732085,0.23223625225012606,0.6003372888103758,4,0.5984433590884717,5.657025295364039,0.2952899598379053
447,0.9411376653067609,670,7,0.008166968206350324,0.7756598897770612,0.3037363914910744,0.22396461035348603,0.5937397486697472,6,0.48357424889025546,5.747073712572964,0.25398835814583615
446,0.9421785546687043,739,7,0.007821533114391495,0.7763129472688391,0.5080037483812145,0.22967028338139603,0.5967614269255568,6,0.9718030277343637,2.3005810072444777,0.2749846263289739
450,0.9421202045679745,670,7,0.008226475204283226,0.7118683275959146,0.3910476868279207,0.2649608625262414,0.5963349319540554,5,0.5056958751415663,6.865676508194843,1.4583641088304657
449,0.9411999655269888,672,7,0.00811888573571782,0.7718493276412082,0.8601305597119021,0.2618454842213614,0.6882717674573415,3,4.381930849107535,7.564239508513144,0.8755362411241908
448,0.9412267501549729,670,7,0.008257417586095684,0.7554060468326861,0.6634538595260506,0.2630781787367147,0.6034794557981144,3,0.577225740052353,5.793118841311616,0.847559140263894
458,0.9395434414313538,101,6,0.008707990458624667,0.5835316061959067,0.6581923940839576,0.2664285618129243,0.6667776727448645,3,4.233192977410881,1.3959278825661812,0.5620183154120311
451,0.9417953685522023,669,7,0.008103835964769707,0.7650766516604925,0.39263629469862366,0.26487703103578253,0.6026811543980366,3,0.5436159169287051,5.8815264244216,0.7950708514486271
452,0.9413552662753115,672,7,0.008252584955811064,0.7699616426473137,0.6609413737857168,0.26852408710244063,0.6000734250585322,9,0.6025539550068071,6.049644757799594,0.8157909757308683
454,0.9414566168446494,670,7,0.007885655046318793,0.7631215143707808,0.2629553976917988,0.25218485918602346,0.687588988734102,5,0.6181398415141438,6.0207349817607785,1.4868481079206264
453,0.9414988231148594,670,7,0.007873349484344781,0.6589516486027908,0.2634337256628192,0.2647064288775765,0.6624532860408705,3,0.640467525977752,6.451604058053861,1.5571509602391127
456,0.9384799163714304,639,7,0.10361121973771066,0.7061672417484055,0.26471033107606073,0.2611999214441822,0.6853920276678418,3,0.9269482740144523,6.842315005558622,1.3962968697295635
455,0.9412318138220286,663,7,0.007554338560403359,0.7095048900065465,0.26496399741943116,0.2563246869852806,0.6867051992299253,5,0.9326401381332288,5.881367533192793,1.5830121185732817
467,0.9403972031442407,238,6,0.01019573667496136,0.7436137867306316,0.3629145946140655,0.5189848914689816,0.5692897406832482,2,4.0709843313945955,3.0844830681702637,0.39430185677799834
457,0.9416004679863634,664,7,0.008638700411327522,0.7114933130915264,0.658549847509232,0.2658599396186101,0.6907518902308376,3,1.6585375569478367,9.004617032537123,0.685051848890422
459,0.9374426348200832,640,6,0.09317438156490138,0.7104612975014717,0.7038690141807241,0.5828487805718823,0.6856710850682768,2,0.9157870475453007,9.963910692598734,0.6108508317125798
461,0.9420613055206515,646,6,0.009900988617938849,0.7179686162582924,0.36001468308978996,0.2613972536526067,0.6534035064031081,2,1.152485976837555,0.0024890133766500545,0.003023975435640014
460,0.9415901569743049,637,6,0.008778770854256832,0.7125347050385118,0.7073594216608181,0.2591949318554696,0.5697458830585315,2,1.6110751958451814,9.816504914852217,1.4023493545410017
464,0.9417422997142786,642,6,0.010215532561820666,0.6568135672241873,0.3570082543830077,0.5820132740904576,0.6535674905940775,2,4.63380495247487,3.9395296439360012,0.41215396942718396
465,0.9424236603662834,640,6,0.010508954050250143,0.34726322453398556,0.3675375081155769,0.5416562672906813,0.5679050837701296,2,4.061689419758051,2.474037587471369,0.39516599759895105
463,0.9400035353830415,713,6,0.010274664245947944,0.9917548833854108,0.9675198166121401,0.5419676349083588,0.5647244652588501,5,0.9067610835004363,3.21840724910932,1.781727087997327
462,0.9406824821311099,646,6,0.010297758490629026,0.7137727972466305,0.9381331400713216,0.5490724225227844,0.660775690251658,2,0.6185156785972543,0.22429534560116435,0.41117807829107955
471,0.9414910877685662,380,6,0.011890941410970723,0.6286062215669881,0.4182218943688574,0.5628422401645574,0.5689730795576516,2,4.596966662567697,0.00024206497836948187,2.3654228900291083
469,0.9421250589882773,719,6,0.010107929630017269,0.6244796264035071,0.3567923432052236,0.28743339656126077,0.5595821281237587,2,4.349890609744722,0.0028328321339935254,0.622410080877101
466,0.941202166531486,649,6,0.01021979176837263,0.7436769800745816,0.9537076639489885,0.5397560749658201,0.5623325150656544,2,1.1737853424553215,4.113404595978011,0.40456357934254417
473,0.9412396806650344,374,6,0.011557222379573169,0.6913442690620288,0.7370974464205323,0.5427208029763984,0.5631167413891964,5,4.374212132888676,0.07584821925248972,0.05010360754306013
472,0.9422387394616605,717,6,0.012016522942028544,0.6916768884918428,0.42095686243053787,0.5393557595636256,0.3059898411144251,2,4.334210471075253,4.1531179876069,0.4121399271470825
468,0.941659011157663,646,6,0.010288736074482718,0.6809791506146108,0.7923034524936294,0.3334361066999462,0.5632380751483813,2,2.5335344485944864,4.565548757106299,0.0031183257672019035
474,0.9411007011634307,623,6,0.011583477651576503,0.3542969736179555,0.219920084090918,0.5401017107132647,0.5640085120803812,2,0.39415530340897936,1.5256891610231966,0.001657145542674322
475,0.9421296629386514,610,6,0.012103103783297785,0.2812585966246925,0.2170252743348594,0.5631337530211166,0.5592785059757052,2,4.3817620637315065,2.6274888296100123,0.001574149861893204
476,0.9419977174675411,627,6,0.012091179490959655,0.6843237460224656,0.21140635611242478,0.5410446034911813,0.3072442929075242,2,0.41294000709327894,2.580084505447682,0.6000722276700527
477,0.9422484785673821,617,6,0.01172948680549744,0.28607615851041235,0.33575109331643904,0.5206678829615684,0.5436828490695196,2,0.3996690783562046,2.6750024732020674,0.00010152296631190546
481,0.94155553994293,616,6,0.009203326830130976,0.9331654820051309,0.210900250154721,0.5174159470219979,0.5354798674489321,2,2.4949900400115883,2.552634419116915,0.5490637298637941
478,0.9420591598282636,609,6,0.011433565761738776,0.2898795669567317,0.3460070126787481,0.5431520931505351,0.5647110657074869,2,0.4075678879502529,2.49523704536184,0.5784377102386232
470,0.9403193466542008,711,6,0.010042818277757843,0.6852999624345311,0.7919431589603438,0.8467978498452559,0.6547802100699146,2,2.533499689739309,0.0002664155527150454,0.0017338693161383662
479,0.9414895797308713,614,6,0.011552304092344168,0.35483136777412216,0.33804363378254665,0.5632999266453421,0.5335319543392235,2,0.39269950559008476,1.3778018792721491,0.45476196171264033
480,0.9417487712310575,616,6,0.012062656013642726,0.28143308716010595,0.38476974666225977,0.5174597601061987,0.5531073399968472,2,0.3730283632469038,2.4560400258095894,0.6115760029722401
482,0.9416110607770918,606,6,0.009350655805221762,0.3453904277274845,0.371277141894744,0.4994780605389911,0.525894724106211,2,0.4236921893135005,1.4385678250222935,0.5491483845868559
484,0.9414638721235798,613,6,0.008841086570421321,0.663903532475613,0.34158936653175187,0.5115936994319417,0.5460471843602804,3,3.410374843658049,1.8700420604463743,0.585238442901283
483,0.9421649134502206,607,6,0.009187827537256377,0.2796535918413698,0.3316252909014007,0.5123006659043507,0.585380107686758,2,0.8129559512699756,2.3151000559731343,0.3451018863807317
485,0.9416580061470748,709,6,0.008911361725707797,0.23976426970436443,0.33032397068086833,0.5150269633618232,0.5468108379036655,3,3.394142951680045,1.6554960461774868,0.30078016648757416
486,0.9415134912600502,708,6,0.009265784381907453,0.23874163856554279,0.3399125620901151,0.5114447604394884,0.27068069048314436,3,0.8404855378733406,1.2380709152894906,0.5718960599867501
487,0.9420152305336703,725,6,0.00938342910293238,0.24320362130686546,0.3830573266872936,0.4973663382104046,0.5836008549186984,3,3.3850692280830357,1.2401093550708775,0.30707118809920114
492,0.941533023739978,704,6,0.015156552726097344,0.23832022821418172,0.4316575300103853,0.24019770887770148,0.5895384908373467,3,0.7986998545510104,3.6104615384383663,2.3301582174678295
491,0.9417707322256677,727,6,0.013858689969287701,0.23966234866305008,0.43099325260339116,0.49558130524213023,0.2760266496451197,3,0.26205597287422194,1.7388529587349484,1.9609879974019118
489,0.9419599194680737,725,6,0.009296945135351552,0.32236345474082173,0.40467363812410856,0.2394722422821407,0.5851466706870025,3,0.2675401875700245,1.9149262167670336,0.32459608070886936
488,0.9415938451440029,703,6,0.009060185638335065,0.606777759034185,0.4092286536847302,0.5019547986370909,0.5895077704641809,3,0.8424093088204885,1.7731304997837865,0.3200350728146016
490,0.9417953565505182,725,6,0.00908997949473597,0.7313062902421474,0.3858876433589093,0.49757056712889375,0.6112029644469591,3,0.8189114760257544,1.9038505336236449,0.32125651496850577
493,0.9418883664712354,728,6,0.014825127999144844,0.7313454038101603,0.41447621639970905,0.2413928397901192,0.26983342444358394,3,0.2954259718515958,1.918221404223638,0.32891732937667784
495,0.9402797087443832,727,6,0.015063490756107904,0.318230986918201,0.4124182332158194,0.6005430461489111,0.6104081156977161,3,1.0286733690036063,1.169644235161201,2.759908591790275
496,0.9415991206668728,725,6,0.01519647917355886,0.6035712959975591,0.4278407796313089,0.21385476980923768,0.7115886502609126,3,0.25863278506459747,3.30781966555398,2.5448726665287107
501,0.9413270216163688,679,5,0.006691864608075825,0.5700700908542842,0.5228480442108078,0.2159858732195117,0.6096267778938093,1,4.806222673989522,3.292451163781011,1.2762223805302186
497,0.9421973753965853,680,6,0.014999195380732836,0.6070151620415851,0.4043987250563959,0.2421720512003944,0.6175322245324422,3,0.2805966397163606,2.0048880192060556,1.870003740319588
494,0.9413888532491054,725,6,0.013520487504781235,0.7343117786239586,0.41274923883110937,0.7570650273234548,0.6154204019080345,3,0.30116998945246853,3.3681037961551414,2.599203180113993
498,0.9420362773130414,679,6,0.013801581232040862,0.7344537659041601,0.4155865452105667,0.21798004035572713,0.6132057398859031,3,0.2571520302621648,0.5285471707659335,1.9776227053493702
499,0.9416466275069457,764,6,0.00728260853435846,0.7328255385205098,0.41293426798852906,0.21578681603096747,0.6139041341001278,3,1.0569897035149163,3.240057767113089,2.5370660910277247
502,0.9420420047254074,680,5,0.0074157834349374546,0.574454433900624,0.6121469781236077,0.3671344265583932,0.6104853181688139,1,1.1305201491233332,3.294758951987022,1.2748815426673417
500,0.9423040474082802,651,6,0.01372108219060978,0.7318408141869001,0.6181221778988737,0.2164813936181092,0.6106688624719273,3,1.0364113199930454,3.224428166339826,3.025147369637797
503,0.9413934243253014,653,5,0.006669766961012788,0.5728710848206442,0.6163046729853062,0.28493730815067814,0.7111413327764662,1,1.0332877808346705,3.445479053222411,1.2723329594519384
506,0.9413187581959761,654,5,0.010514850077916015,0.6481261165589551,0.36830800510294426,0.21466130124552615,0.6279736592198714,4,4.516517219423723,4.333870211047437,0.21806406168863662
504,0.9411556375677591,679,5,0.006711767355585978,0.5741807509179953,0.3709570849180471,0.36231800321589436,0.8696782862768409,1,4.478245872703835,3.271399882170402,0.21920331076303393
510,0.9410334625111118,648,5,0.010662035840731299,0.2630931436289424,0.3572507854949745,0.281830943818199,0.6288613625343992,4,1.0875932378110043,4.631489215759251,1.1361545808656945
511,0.9414839305903578,654,5,0.010986409658666811,0.2653361164422921,0.3688302278551003,0.27993632482605524,0.6344167714112929,4,4.497538942842112,0.008655415332034089,0.22161084077190235
509,0.9417724938641652,642,6,0.007449006226383494,0.7503637212792538,0.6057164568199608,0.2815693426472763,0.6381750170089948,4,4.4931237474843995,0.009520632433828289,1.020525497136859
505,0.9416105577499853,924,5,0.010656961923469193,0.6522669441954738,0.6001794408054295,0.2860447995754002,0.6350423842223725,1,1.0791848558021346,0.006543956893902508,1.2873621636160473
508,0.941825420247317,652,6,0.010695725296285909,0.5860626113483031,0.6075924097691958,0.21693082182356316,0.6338082050506076,4,1.1369528589816245,0.006743127895325965,0.8961995180319285
507,0.9413019307912764,922,6,0.013453274020351989,0.2649543098744498,0.6135704366372536,0.36365352205870327,0.6375785120017053,4,4.497852941992127,0.006870571289483547,0.2107987206573726
513,0.9421882916871764,659,6,0.01077821642965835,0.6664479936430763,0.36601532979786017,0.2787996436216234,0.6297264328496783,4,3.914339839889414,0.0071812485973614575,0.8770385302120043
512,0.9414789211917869,656,6,0.010834172927118402,0.5858431497582995,0.6015059823128416,0.39590119985553085,0.6318508098176354,4,0.9558689344744778,0.00711134779903295,0.0005449970800362288
514,0.9418610788161447,631,6,0.010935489956951809,0.6959175692011145,0.5956067722418396,0.3090145748332103,0.34055429845719465,2,0.5561125827625781,0.00598178155515358,0.9341159771067216
515,0.9418440562536257,760,6,0.010662629473157149,0.2658062113969238,0.30424806894961726,0.2865735267540968,0.7428705162253799,2,4.034952405633751,0.006497432444854075,1.0033892848392585
518,0.9420279022248055,696,6,0.01093573403947521,0.6703168321918064,0.5902461947053035,0.242720486750918,0.6589416446369263,2,4.1183533116623625,2.3597026166687027,0.4298201164869836
519,0.9409751583298689,764,6,0.011001171307308301,0.6719572402268624,0.29514027546436755,0.24423006750232057,0.34483582625983733,2,0.06547845374919224,0.005359932302725122,0.4170040261908797
516,0.9415827420207952,783,6,0.010763079128369692,0.7000444670648303,0.5178559851942375,0.24807419592285437,0.46498617224030037,2,0.6868397548049123,0.006561914293538355,0.8115857812626807
517,0.9410886170330031,699,6,0.010825436906064174,0.667891285074527,0.5932094806334435,0.3968473642916857,0.6661192719460113,2,0.03878498405743039,0.007058567063366038,0.8768929030563303
520,0.9416615356858179,781,6,0.009954765377573274,0.6688321997252049,0.5050697442933014,0.30966312206873337,0.6644299176290372,2,4.137989201596684,0.00010012828052186197,0.7290843064864785
522,0.941259652510962,699,6,0.009731135766542562,0.6962524766342179,0.4990555767607605,0.2409315609607758,0.6660109821927473,2,0.055689976641300556,0.012372603516345667,0.0004886007247158546
521,0.9416661370271303,761,6,0.01237381891063955,0.6642552073782562,0.5055887085011357,0.24578923029387412,0.6635811369988585,2,0.0040429383820294665,0.012505681837654149,0.4281449295898933
523,0.9414426552333823,699,6,0.00967808946080077,0.6981612143593409,0.3080841250574528,0.24935194069645103,0.5834149116628777,2,4.245613333521784,0.011521088030562104,0.7126020684319668
524,0.940393455487935,706,6,0.009733973869614491,0.6960163967392777,0.30578348192824795,0.24305817421107248,0.22839301682227572,2,0.07635980889288121,0.012590317205710378,0.002225840498119147
525,0.9418823296241451,699,6,0.009796547953438397,0.6704860669687004,0.5060527265894821,0.2426290637601697,0.6568631355831195,2,0.10453880882684016,4.916408213450731,0.4327738641207823
528,0.9411402754121415,701,6,0.009712373878020032,0.6251797967121075,0.3912413028260697,0.23159326858770998,0.22616717138984507,2,0.04501401059459988,0.00010213927664288523,0.4437829586330003
531,0.9373624421761472,706,6,0.012423878305618037,0.6261072563369545,0.2354514945030733,0.23291294507061244,0.22937481500518808,2,2.7231630182791227,2.547173587368421,6.667476939882219
527,0.942098920885796,785,6,0.009680595690048775,0.6276556697469823,0.5306228467832257,0.4793147021848764,0.4727531182366961,2,2.672169788172693,0.012527380615083199,6.255712641689628
529,0.9412814413074966,708,6,0.00972518646843581,0.6265578185900067,0.9928900746035261,0.47986415839919866,0.22795550295766887,2,0.6955235594775233,0.00020745392587698526,0.0046575586467376825
532,0.9420982821874784,709,6,0.008460356325296141,0.6341910290496127,0.43454948179191666,0.47523874740662475,0.3798938288631539,1,2.7236677887466842,4.749788093653984,0.012034864460500793
526,0.9416244922270101,789,6,0.012603359752166267,0.6318167054785928,0.560067543294586,0.4795483269412164,0.6732537023936653,2,0.09216074423087997,0.011808574201049759,6.385324611955117
530,0.9417845185079848,705,6,0.012638136595166452,0.6235898340337037,0.8950935414820459,0.47821085502875904,0.2364276404460159,2,0.00025255806850488574,2.809900098509322,6.948180759978022
533,0.9425106370925969,679,7,0.008587253877514944,0.7513028397198819,0.46557925423874036,0.4762892283155052,0.24019630319684757,1,1.7812100288724395,4.741283910653218,0.005260925776705012
535,0.9415891133496027,680,7,0.012592228322245276,0.22222860796214522,0.46356489375520915,0.22303412650966994,0.5947208101368509,1,2.6860954890775885,4.32347688712406,6.034298501786272
534,0.9420259892607261,680,7,0.008491094510110639,0.6232361153477713,0.8939040597893841,0.20064075276780843,0.5924945963680402,1,0.49826968360307244,5.102002626273736,0.4738252511699348
537,0.9418504578475495,676,7,0.008693323524751873,0.7485199911188043,0.4613225133853415,0.20001965749671277,0.3961632732440706,1,2.113809271192922,4.237281173724377,1.6447937110581843
536,0.9421395366719597,970,6,0.008538479792751163,0.7194656882301409,0.4387062691610393,0.20202499452897088,0.5865262122090013,1,2.6871990061553017,2.5086482008958115,3.6510448882356514
539,0.9420237966052266,676,7,0.008658930032305607,0.7199076721557193,0.43384332966402894,0.21715923964394276,0.5860513763595835,3,2.1202953727783074,4.641596798941221,1.8284266939655156
540,0.942050664723187,676,7,0.008791696991549816,0.7495779122298827,0.5668638053676898,0.21747911143262133,0.5924122316733865,10,2.2723857461230637,0.04407344037045199,1.7062660471273277
538,0.9410906865407875,679,7,0.008496679293892567,0.7208668945449618,0.8898318451157081,0.2004848942553371,0.5933077469175166,3,2.0798285639845187,0.00018656514696595473,0.006744486115917035
541,0.9418250601967946,967,7,0.008549066046445186,0.7484891696778223,0.3812364434745027,0.20023232970666,0.2498771632819986,3,0.9545376481977073,0.047522920277717755,1.9628809536963
542,0.9420357429771936,681,7,0.008854990146242461,0.7176002002509895,0.4661011600720503,0.20049659035050774,0.5924239451986906,3,1.8580503167703608,0.00014844765238237963,1.7102679906096654
543,0.941723834862421,679,7,0.00893381680779173,0.7532939553359098,0.4593930157289509,0.5619293128058367,0.24659186569766856,1,1.8755239751266406,5.269237621464212,0.003254018816903416
544,0.9419593966120978,744,7,0.008514577869388253,0.7549187805815577,0.4687355334144352,0.419605053783098,0.24556561171189273,1,1.9047534723946902,0.0013294551043215835,0.0036040909250855025
545,0.9415539118883943,675,7,0.008534837483791701,0.7496712533667436,0.49049977335756867,0.5290173134742973,0.23668282912155175,1,1.801461863694165,0.04265512173858695,0.004115998161293799
546,0.9413983898916349,751,7,0.0074833502810294356,0.7468271982180306,0.4840430136550735,0.530287962527323,0.24359927091984293,1,2.322216523304343,0.0036490645771126815,0.005205715298224568
547,0.9411935367988228,668,7,0.007598965514872278,0.7572815216753594,0.49387011034209044,0.4608688490169432,0.24531527460438396,1,1.9029577787543848,0.0038246181062994633,0.0035730995706877208
549,0.9418816851858913,731,7,0.007433579723566251,0.759944830689238,0.4936140911934003,0.4548576678430877,0.26273271750006516,1,2.401903579595807,7.058510025241484,0.0034924181920195944
548,0.9415299669632251,739,7,0.007213188810531611,0.7479590701852399,0.44909490450203726,0.41968484714480325,0.25818403119836264,1,1.748640642816427,0.00390973600718311,0.0035663402772864064
550,0.9410267248700338,748,7,0.007930933869931857,0.20082197546665503,0.4351248642619614,0.8864947887057065,0.2403442500428569,1,0.9600646924778551,0.004152500580084436,0.002935977610847686
552,0.9419368063117922,741,7,0.007188251458668811,0.7609285384941356,0.4793889899779232,0.46252531552626924,0.25130362601279144,1,1.6968410878767561,7.91935983917651,0.00410217330219417
551,0.9419732590790183,739,7,0.007580542843240269,0.8143675072151599,0.4805710323746494,0.46601184081268987,0.2916030303627625,1,1.499879786425051,3.9226251281408153,4.9747220475737475
555,0.9414439503716379,731,7,0.0074306744937589495,0.3858519451001501,0.49240308828903023,0.4646174585730032,0.2609910380250582,1,2.3522007497738535,7.451837435203698,0.0043527623630768945
554,0.9421291849585376,733,7,0.011503022445498199,0.7624358450878328,0.48531843780354034,0.5288829761799733,0.21441514811376156,1,0.851025690751176,6.988695169662672,0.003767148875099934
556,0.9416982650135901,730,6,0.007510169741804995,0.7875179673534174,0.4437523518167507,0.4408014098635984,0.21369603332070825,1,1.5746235140709492,7.751240633286522,0.0053100927975943376
553,0.9421856064408175,751,7,0.007321307057624068,0.39443159460659044,0.4769286170514749,0.4264463734004661,0.29248533144024796,1,1.370696966426751,0.005096496199240875,0.00390367335669426
558,0.9418504787200435,633,6,0.011519362266822132,0.39463735688891466,0.3527663891158928,0.4980951665054659,0.6491335876438388,5,1.5922578578109863,4.013646308212503,0.0048285877525220035
559,0.9416844484661567,637,6,0.012061106286165732,0.2286866833445746,0.3188327320678509,0.889758740888053,0.28981751149505847,5,1.3228398071740897,3.9380771519063957,0.00456963289214647
557,0.9414370781029733,728,6,0.007217771003435354,0.7849285338319556,0.34958397578598005,0.5870558137876627,0.6461745234317942,1,1.1835986933951999,4.293927381284701,0.006671248183130698
561,0.9424414604292057,634,6,0.011841271095712199,0.2520319491419677,0.349749312455118,0.2619113931162174,0.6418938497824069,5,4.654631514396346,0.021221794365755536,0.007192682031886062
560,0.9414584901509901,638,6,0.01175284055864565,0.7792608222583746,0.35392971261723505,0.43940834258770994,0.7340777771078021,5,0.7747038540549772,0.021462224263902634,0.008199902466427203
562,0.9422472721372263,723,6,0.011997555299194558,0.7815001134307914,0.32507422765617033,0.5912697988472982,0.21963102709975427,5,1.175544583667551,0.022718780632517456,0.002391564947336809
563,0.9415666075828979,713,6,0.011744243652041679,0.2250567291874082,0.35283137497817035,0.25975078569038884,0.6497197261060508,6,0.8245695054846438,3.7738743662673193,0.00238480128641868
565,0.9419068187995965,638,6,0.011773589017287539,0.22957079380102913,0.35093274532275387,0.49030096416235747,0.6440008457176233,5,1.2816331181066676,3.851219572932514,0.008548269916206252
564,0.9416072932919164,717,6,0.011872963083891906,0.22579166525634864,0.3554844251286027,0.5876579223749112,0.6411553960798059,5,1.1853465428293795,5.314829564875765,0.008316576784086689
566,0.9411670297750092,638,6,0.011487796674503597,0.22526425161591168,0.8239774060183599,0.4935862914065689,0.6434179220696705,5,3.247904208397297,4.092128494122126,0.00587568685111274
568,0.9416165565047739,715,6,0.009861199242925209,0.25007533726103465,0.39019838383279437,0.2592465634166034,0.6459362843037797,6,1.20686033938509,1.0266611936059864,0.37691010859485746
569,0.9412327280372678,692,6,0.013405365560580092,0.21460974399436564,0.2710503342641134,0.25809567752752327,0.618917205216084,6,4.687988943816866,0.4075335298936155,0.0023714806494525556
571,0.941342543446566,634,6,0.009966748264545413,0.2388372112848547,0.3214475236354781,0.2617926379712777,0.6217076408754604,6,4.778421380292975,0.01939370417391148,0.00744651883839618
567,0.9418343568056426,695,10,0.01183902926934097,0.4497152030199326,0.32050827953096683,0.5899918820547803,0.6197263822505984,6,4.261577069225892,0.9969488480007889,0.008188261054551733
572,0.9417765754803756,639,6,0.0092514543990696,0.24810162552833337,0.33258260879768115,0.26200976231049244,0.6234975246728215,5,4.742947139913372,0.019912738588410264,0.008436028730906394
570,0.941884879721105,637,6,0.01008140434933189,0.24948813944635362,0.3479238354106453,0.26211358534214063,0.7311435091010354,5,0.8940482528597741,0.0006463658595844378,0.005184998373277516
574,0.9418577058211068,660,6,0.010222587137365936,0.873604771184179,0.39616285448893324,0.260149153694342,0.6200521866380005,5,4.618478341120067,0.3080514951219085,0.005357958800858323
575,0.941765027773045,660,6,0.0100725704829423,0.30443608636913855,0.3951806658451844,0.26643587943940433,0.6203629216207084,6,4.682370273101774,0.02020984677362054,0.0072728121207481485
573,0.9409168343197569,659,10,0.01007380628563781,0.24278275135920901,0.3959089044803573,0.27015156968650755,0.6230707317583242,6,4.860288675056594,0.4417883043025596,0.0070553402810684465
578,0.9409438245418077,666,6,0.010232994941314178,0.25807017232226376,0.32973579686958393,0.29916354467843564,0.6766978416691064,5,4.5797142590122055,0.028023202574946917,0.006404665565935437
577,0.9418801729736979,692,6,0.010093239776801731,0.255820876126361,0.37931403901213495,0.27526063219629926,0.6199055673921081,5,4.769630984333084,0.11323698567046464,0.006792351646722872
576,0.9415294472381234,666,6,0.010169547340262876,0.2596045900448718,0.38077153084925136,0.26980723860772354,0.6211459513704373,5,0.9153563145686889,0.021361850335641013,0.005653215648189393
579,0.9422505658167868,658,6,0.010231199497926564,0.25787774852851103,0.3745449820397745,0.2682030710333922,0.6959187462204024,5,4.7670883607763015,0.020742834507926206,0.011727766513812962
581,0.9406153697573799,660,6,0.00599445906427333,0.29446881375977735,0.3940980758546182,0.2790905125377257,0.6997513846460869,5,3.788634520060492,5.38259050753982,0.5028405363284407
580,0.9421200897692572,659,6,0.01015605551261784,0.2524752969092463,0.37619536718178537,0.27622958993919305,0.6076864599572646,5,0.9248885254346585,0.027691209537810724,0.00625581538191034
582,0.9410732026961501,668,6,0.006094262145446138,0.2614925249576293,0.39914599755021823,0.27751698831095456,0.6855786503019919,5,4.627295153504143,0.031886827761989006,0.00609166629250204
583,0.9416228641724746,695,6,0.010507240219405295,0.2728653524792203,0.3669039259755486,0.3055867529723824,0.6879179238592917,3,4.890128445143072,0.030377621829398786,0.012646178209902987
584,0.9415593836127085,659,6,0.005989441021958548,0.25724579110248924,0.3686943388092866,0.29726034953723335,0.6832135791641425,3,0.6268771271431288,0.009340707249217244,0.16693094803041897
586,0.9417829155004421,691,6,0.009270867010525919,0.7333309101581653,0.3752906348857248,0.23444068195062012,0.7039241098899673,3,4.859971937561827,0.19564577705715722,0.3849186009009439
585,0.9420403036171427,1000,6,0.0063260876388968835,0.7234156503131544,0.37274813830937986,0.23677254082875462,0.6043227396029156,3,0.7145569503614957,0.002786032874112349,0.014164561149015676
591,0.9352618536824391,766,6,0.14912969125237077,0.7075890387995862,0.4326011274416864,0.22817936721596221,0.5773227562506513,3,0.1830408092558749,2.9639479208376804,0.29046827907318146
589,0.9408506027652755,871,6,0.012945409265868745,0.27230632677657407,0.4236355250483673,0.23213797028047717,0.6788750278958305,3,3.8015799574680385,0.0015719978494407637,0.16895379869901778
588,0.9419948944627216,759,6,0.006201315343733078,0.7267777223407424,0.42406368108527126,0.22772657665285498,0.6956351084297356,3,0.755039776753864,0.20507747067759902,0.2852285576674688
587,0.9406393459912904,760,6,0.013305054590224482,0.7298618425167647,0.42283804601427977,0.714311340278326,0.6965736459663643,3,0.7030755397166399,0.027181084989335993,0.26070652469119804
590,0.941002192384157,762,6,0.013458371611271927,0.7280002921821076,0.42515340254542733,0.23548692489093212,0.7744802406703906,3,0.6723024597938168,0.18244941725848302,0.16289115787389982
594,0.942275302853105,709,6,0.013424940337366695,0.7329381870762868,0.2907013583871322,0.23095833721606085,0.7821825257676362,7,0.19634755732739365,2.9549613289820207,0.3452519193454327
593,0.9419207574511204,766,6,0.01351140986437033,0.7283559488648723,0.42058678533359534,0.23245833166353413,0.6018705322362938,3,0.182415548508049,2.9443980507995353,0.27350220912115447
592,0.9419046668454604,762,6,0.009145692728423927,0.7310481161668502,0.2907460008943327,0.23410498679996455,0.8210530625990713,3,0.6680358680953137,0.008502071624535975,0.3083138672362061
596,0.9420466457244585,597,6,0.013179172337914033,0.20332827754628438,0.4221131711824024,0.2289482333652082,0.6588298243404097,3,0.21041316946341937,2.9144942097625215,3.5470697917663268
595,0.94166759288359,761,6,0.013478258253139848,0.7237365194953451,0.2932018509172233,0.23035199919563895,0.5993479104098053,3,0.22611001584393564,3.0177058562918146,9.936392084499705
597,0.9417519584608982,595,6,0.012808984077999377,0.20746442276384952,0.42590902575622935,0.5530105969135843,0.5773459488665493,3,0.2104358460275329,3.1098011374906744,0.5980509474466547
598,0.9417575345476825,712,6,0.00919040653973826,0.20462157582069473,0.28432892180472064,0.5519148442294044,0.5993580721406297,3,0.21898436878431038,0.014592247409089484,3.5163081074473923
599,0.9420223344870186,716,6,0.013407487924959568,0.20390889831403214,0.2913900570893842,0.24953242075575752,0.8390065061434062,3,0.9777689162996815,0.005180035568140824,0.5956167847603427
600,0.9414720207452554,714,8,0.008191917314763987,0.20053032222100123,0.29057619974852983,0.3305557576635071,0.6002017320456048,3,2.5765296870208996,0.00980613415118604,0.6279205720394255
602,0.9418765589013537,709,6,0.009304661405174263,0.20213775104660092,0.2965139553064676,0.6522695553728707,0.5742334929284463,3,2.9007144007660113,0.015712357147983566,0.6293643633917211
608,0.9394573564823487,189,8,0.008036609462288555,0.6503283010553443,0.31291901200026945,0.2501626879087128,0.6365399959615009,2,1.0507320664973827,0.004911135031753944,0.00025706564411774054
601,0.9419061247891696,714,8,0.011137497855721264,0.6462772432554679,0.29325424255744426,0.5533423133983181,0.660304436319096,3,2.4419061023459223,0.004916061053477169,3.6246049728136507
603,0.9409391355360202,598,8,0.008059498090232558,0.20245539507802338,0.25254876580927466,0.551626040141301,0.5806219677076484,3,1.0088665872188922,0.005259500238787102,0.5700430994787601
604,0.9416032742931879,713,6,0.008145638551557892,0.6047619358173852,0.29886265775713106,0.5614721396988183,0.6586805998663858,2,2.2208596357818573,0.060377242018201494,0.6230529405880894
607,0.939225071714237,711,7,0.06366226119986192,0.6052953721644998,0.31309149813021775,0.3226424235428503,0.5735797290884201,2,1.0022581914013677,5.469502189803586,0.00026791117158653845
606,0.9416929717491002,707,7,0.009153764036640356,0.5994674543044092,0.2433125430716589,0.553548533155285,0.5745620143908661,2,2.8219654971265458,0.06059899898502624,0.6380808042300052
605,0.9420046721825571,715,8,0.008127780219010243,0.6455701801890468,0.2529007556938123,0.5537470859591755,0.5755721921896774,2,0.9988398748082569,5.723150081008782,0.0002964458278130643
614,0.939825994992313,624,7,0.06190333211414271,0.6066387786613381,0.33438399038632405,0.21708169441792216,0.6449827530364917,2,0.5033213444455278,5.000023334334545,0.44423363514513853
610,0.9410029938879283,625,7,0.011085371302796618,0.706700600321839,0.3361926900694771,0.6623331096562535,0.5743980393894709,2,2.216845713711576,0.08212744200690557,0.478867003512008
611,0.9424039776043983,686,7,0.011395337915569057,0.7063093689448448,0.33678169664063673,0.25058973332438517,0.6520251084605206,2,1.0648727940850287,0.0009255964706268372,4.6808923342902755
612,0.9419674304350562,684,7,0.011047605498670756,0.7047200517547776,0.2523431784186886,0.21645059794218086,0.654435368144579,2,0.5135374892209404,5.997640161350676,0.5146988768443812
613,0.9416941197362727,621,7,0.011140069372996384,0.706004428829129,0.3372726477664739,0.24896862580255263,0.6517909330070999,2,1.0929902150356325,0.0594853082232881,0.4643643051806889
609,0.9422297517657242,689,8,0.008112105468692121,0.6463720981375182,0.3368941676799586,0.6709521377000722,0.5727983722176369,2,0.5735989382770449,5.440480983677684,0.45247638812102714
616,0.9417491772010665,686,7,0.010949463157173451,0.7064612049229908,0.340375932922375,0.21474129454369886,0.641615903178011,1,1.1405455084870222,2.1689476919666464,0.0001814229433209558
617,0.9419223281062973,940,6,0.011219184117273167,0.7039719818655419,0.3302581150839336,0.21717775696364014,0.6321567022578417,1,0.4632767710958892,2.068701898796078,0.4672873307678269
615,0.9417529123338761,906,7,0.011453779004115497,0.7043687954788383,0.33882413840739917,0.2171285998332026,0.637093782671938,2,0.5342961853691874,4.898599998760001,0.37270974254261424
620,0.9408390352290755,682,6,0.011022586623613067,0.22934580725812076,0.4050448579895797,0.2530826953009292,0.6307756948454974,1,3.478877710033794,0.0009308005656654796,0.000858120788269178
618,0.9412933240183566,897,6,0.011041598782033996,0.7077964337172485,0.4011788215908575,0.25299670098114646,0.63600178919477,1,0.514230468238623,0.07742998402463468,0.44711175464419
621,0.9419686212108414,734,6,0.012202712259523508,0.6868911813610212,0.34418294755910056,0.24945351718446812,0.6329717214253017,2,2.037030536926701,0.00014925149549010642,4.626538334476489
622,0.9424089379526084,685,6,0.011955455910023428,0.6908913316009893,0.34513934936206325,0.2928725946139904,0.6458521588276137,2,0.34182168652644074,0.0006054731104153891,4.819188747993507
619,0.9412246702109414,891,6,0.011037227481651873,0.7091706571480858,0.4547272523216955,0.2507062431380974,0.6292568139706295,1,2.0274441759437187,0.00014007553281220958,0.34716849738623395
623,0.9413116740714971,688,6,0.012036618547452863,0.6987965591748672,0.3547858847760521,0.5189627077095591,0.6394008392181343,1,0.8479329831662148,0.0007939722181183621,5.918556097991418
625,0.941870861754104,736,6,0.01189326846236771,0.6899842806449308,0.3538645966243831,0.249521958199699,0.6311806077203074,1,1.997408218483033,0.00035291535301023273,4.928201505256118
624,0.9413038688023485,903,6,0.01237555685112043,0.6814017160992432,0.45432491005793096,0.29266564324606115,0.6340093478392461,1,0.3670162978381999,0.0011925936704830354,4.061974500915676
626,0.9417284153312393,813,6,0.012143023762950136,0.46377960114932987,0.40511288532151396,0.29027224504704613,0.6351586501850699,2,0.34306420699708495,0.0006158926372145095,4.003687488889048
628,0.9414782417921057,737,6,0.01192012874061869,0.7371506011816659,0.35918189132005773,0.520718205293417,0.6032778288852036,2,2.0182191261892513,0.0002494906913431797,0.033958369861305765
629,0.9418274229631207,807,6,0.012323430300222059,0.47419315604848683,0.35563767418662107,0.5114916043003853,0.31570294189398745,2,0.315570323699044,0.0003825060341397142,4.63738792821481
631,0.9416817882667903,643,6,0.01244446860873061,0.6824230220416488,0.635487973998072,0.29314643331857054,0.6065502356091705,2,0.30715568207319666,0.0005435593143658441,5.5468445206373564
630,0.9418184811866714,808,6,0.01240257121176117,0.689630350725696,0.4533351176969717,0.2918178564499364,0.3153859624720126,2,0.3284191487842184,7.988398049805546,4.780312873883356
627,0.941903150458768,796,6,0.012410527190777466,0.4715309300442483,0.40607220910794084,0.5181308559848443,0.6312345284626056,2,1.4329153725253998,0.00028126163930793536,4.229404074073396
632,0.9416747667597936,656,6,0.012231377097951222,0.6804997759362251,0.630444725939315,0.2884830844333639,0.6129273216314862,2,0.45418800332894405,0.0003018017913659548,7.3935029006268
633,0.9417398169311116,657,6,0.012243615442169956,0.6811668368475498,0.6302171955514513,0.29237853492692945,0.6084295951919454,2,0.3833409310321419,0.00040243519601794876,6.926629769696671
634,0.9419661081625582,644,6,0.012567252003423946,0.6767245809753093,0.650540646472954,0.28703937447496114,0.603878633544265,2,0.32994381799852485,0.003174245577408903,7.776851710828612
639,0.9400008720528013,646,6,0.02594198342830136,0.6882364985929668,0.6460342807359718,0.3079779674447311,0.6150987244082974,2,3.6699030762321065,0.00021318390642832008,5.299957822011067
636,0.941408663333204,642,6,0.015108848512015232,0.6876422075203771,0.6633201661411329,0.3123590618292186,0.6098937447791922,2,0.2876970616680487,0.0004051767348368854,4.345512805980815
640,0.9426317413902996,654,6,0.013573888949033804,0.6725874805279058,0.3140939346349236,0.27572628237255553,0.6141684792107784,2,1.4329826802961478,0.0009370268559448805,4.940439555267573
637,0.9414435464888781,647,6,0.012952124566643127,0.6816463493359987,0.6556469237548623,0.3099691970802192,0.6076956945843182,2,1.443294209626666,0.0005941660691559582,5.346575616506083
635,0.9415307997757376,669,6,0.01398187444830569,0.6811370043640526,0.663655347303226,0.30886142604149935,0.6073918622958654,2,0.3219126927273168,0.0002662190173569417,5.036512250549838
638,0.9424172305944927,652,6,0.013900332816211856,0.6783464112721692,0.6296246121364426,0.29248149237490095,0.6071243942891829,2,1.4053356865109068,0.0004251948728466838,3.3545660025732826
643,0.942011228232937,676,6,0.013582637460735205,0.6610784419610112,0.31973255910745646,0.27202257441677036,0.6093879691985461,2,0.10024226734525454,0.00012113219231135706,3.0851556536258973
641,0.9416025875881339,653,6,0.014229514421771752,0.6744104430433756,0.6358144439052381,0.2733059830216773,0.6109864098064893,2,0.16184882957321803,0.0003288724805578314,2.759283966930299
642,0.9417561465268285,676,6,0.014374058719177579,0.6586658916473103,0.6744089788593315,0.3117483051977494,0.49218014749549843,2,0.1264125702471261,0.00026404197248116977,2.6721674061985508
644,0.9414146140812566,670,6,0.014572199234447272,0.661913589122995,0.6842447113090694,0.272367838817706,0.6521247452915166,5,3.1514411220590306,0.00020279072510507627,5.2315501979221795
647,0.9416150536852026,674,6,0.013830867736766884,0.3348246916534044,0.31241455325155604,0.27731334833258836,0.5534398462048165,5,1.4089757257980609,0.0006649234048020909,2.904040617288503
645,0.941839182526266,672,6,0.014131757354615934,0.2378717908223603,0.6697745519957738,0.25898544200649204,0.4320726829933797,5,0.08279576413243507,0.0018377950732498393,3.5269679593659133
648,0.9418710433448021,671,6,0.014088566674973041,0.6572801284972831,0.3217106178412559,0.2732415675636558,0.5901240122039526,5,1.3361629969948363,0.0005594369380873254,3.118574938078606
649,0.9418911446001929,670,6,0.014005229003562282,0.23038814262227125,0.3090423271214865,0.27050281942922755,0.5543031696996701,5,1.7440871739030073,0.0016851155729650845,8.789092907770476
650,0.9412555667202526,676,6,0.014657342511311702,0.6579995184045768,0.31811262014061537,0.3319199072315233,0.5524211923754675,2,1.6211825660305081,0.000883291103001741,2.921075465442639
646,0.9415344034118347,672,6,0.014443289563132558,0.6610862967438004,0.6834651510613118,0.27017666190656,0.6539749213885567,5,0.14356563190643123,0.002094785997355466,3.092433126487799
651,0.942140219202515,675,6,0.015184635126752636,0.6488422151780496,0.6838800122390725,0.27321776805109815,0.2773237593595518,2,1.491133454248372,0.0009467642639208352,3.2478594766776947
653,0.9422733241406694,693,6,0.013778786391641125,0.6503118902450633,0.3159807354003499,0.2832057051418317,0.5546474859240276,2,1.3826146216086284,0.0006943264394271161,8.554574537066049
652,0.9417210275119718,690,6,0.014899078197299293,0.6471530694633648,0.3128909490157465,0.30449698486909693,0.5889296011921672,2,1.704100251986264,0.0008345108628176532,2.6965205488795845
654,0.9417916141123358,690,6,0.015616987691325655,0.6520585829520666,0.31466888779364727,0.3343453065894806,0.5916733785804372,2,1.5756912641500613,0.0007514715443356902,3.5704433910364974
655,0.9419995845121335,625,6,0.015252569184360194,0.6384869258422757,0.32642505022450435,0.2903429650205899,0.5569910941917496,2,1.356100485441388,0.0008746853487354954,4.204688503658931
656,0.9418740677691894,690,6,0.016075242107219737,0.6476263514114603,0.314682613861557,0.30109986878352246,0.5946953994055884,2,1.7125137178997933,0.0009866620311742489,8.138670665240534
657,0.9417624521072797,692,6,0.015280760040408336,0.658192581230947,0.3258726626890782,0.32509744890252684,0.35440924131692075,2,1.6963437391947838,0.000980410884163825,6.290001295466004
659,0.9407135080498843,691,6,0.016226507889452933,0.6414901452321384,0.6266954333071629,0.29438304271686644,0.5871590947687485,2,1.4735665007051975,0.0008077471211056767,3.977506851532451
660,0.9411521727337476,692,6,0.01572657864805124,0.27584243095054756,0.6223842185649726,0.28474801925469806,0.6672832759537571,2,1.7330166797188147,0.0007893645971656071,4.2318707022249145
662,0.9418714336604408,627,6,0.016534119879937907,0.23958387571708067,0.3450773108398679,0.33861987069827315,0.590072168513469,2,1.7580952017419702,0.0007920831851852944,3.964562416310784
658,0.9417379185777783,691,6,0.015581340000815671,0.6507694996991099,0.6470053581732167,0.325972398081167,0.5914080499652403,2,1.515370768601584,0.0008858361243387014,3.8461126030804027
661,0.9417216249871139,695,6,0.01535110756894558,0.6442373643980239,0.6254970215888198,0.2974313859039052,0.36236953606000577,2,1.5682440888791698,0.0005199782892188827,4.04506818541871
663,0.942133909447565,628,6,0.012916953499466468,0.21934721814387984,0.6433804499972584,0.34865459856812775,0.35112966068465823,2,1.625541802794626,0.00046796756669382556,3.8316277171279576
664,0.941485612913378,626,6,0.015515727623972084,0.2171580981579343,0.6247436057454622,0.5307051675377078,0.5899503319494697,2,1.773785653050025,0.0008139411744333827,6.14896810186481
665,0.941555112056802,624,6,0.016427304763066183,0.2811508784451651,0.3508209967443435,0.5345014827148894,0.6719156377091645,2,1.7965717336912206,0.00055936004102386,5.69298155726011
666,0.9395147631463473,622,6,0.04036690248106992,0.24163268000026727,0.5785691475649474,0.5740684740691416,0.6724624240139405,1,1.2344531558562928,0.0005613796610321877,4.0126854365094475
671,0.9422336267442439,653,6,0.013021059749108353,0.7392845936519735,0.3676109588044508,0.5328349336672373,0.4053489381915989,1,4.986993395384123,0.0006355594587088645,6.417076291205159
672,0.9419763346410159,654,6,0.012913048508583764,0.7404975020504948,0.37119732148620804,0.5343553563578277,0.666273532167022,1,4.643248209945699,0.00043365926989957245,5.120967956008316
669,0.9410652523631681,627,6,0.012891951898925932,0.2411707508799128,0.6449621191009469,0.5325287095443605,0.6509426801541732,1,1.2507907054142426,0.00048466335723495416,5.510338410164257
668,0.9417083662570835,787,6,0.013084094423986456,0.21978678579016642,0.36567563422399824,0.5354611897881795,0.6592552708966275,1,1.2119759547325346,0.001315656446552076,6.339571784062162
667,0.9415941864092805,701,9,0.012729878698155509,0.27481076161955675,0.6400668145531234,0.2606279515299766,0.6639574308297029,1,1.7888462609326954,0.0012958924035671399,4.173530401116945
670,0.9421346921660916,787,6,0.00672084666298971,0.2211949190271013,0.5798718941297144,0.4904279899318281,0.6269174985754081,1,1.4614218361025442,0.00048638067054867406,6.05148064147501
673,0.9424529444754297,781,6,0.0067136382101302666,0.22267963182164863,0.35947164174133267,0.48259752563227737,0.650531955137193,1,4.5884785516265545,0.0005522392352724175,0.0013048644047801376
674,0.9415227638655299,781,6,0.006699874153025194,0.296606654881017,0.5809658412555132,0.5720238941463824,0.6555242955475789,1,1.2816880429262603,0.000423671473517939,0.0012877042341167115
675,0.9415299732249733,654,6,0.00669259287254786,0.4213178512536699,0.5789974280309261,0.49972002790112935,0.6558828970187583,1,1.3001724287620127,0.00045067993707702524,4.938469691894207
678,0.9403330421411689,718,9,0.011063972144780363,0.7669564346197083,0.20087873231209946,0.25934979910883516,0.3311446811830792,4,4.545120673870869,0.00136364492538634,2.320639945240875
680,0.9413419704966044,721,7,0.011349781641494151,0.30588916173495817,0.5385028384577369,0.483797781733631,0.3312113090412914,4,3.9766129746071104,0.0003294962369401928,0.002661747602559283
682,0.9419250832755113,726,7,0.01133931159777934,0.7649900519216005,0.3416628872252855,0.25756880262850085,0.6173350052322426,4,4.428449674393873,0.0003661122332553753,2.2775703655417323
677,0.9411308410448328,724,6,0.011709214286186768,0.765129059328009,0.3692923245310215,0.8112817448264988,0.6182470645589697,4,1.2923605570235739,0.0015085768129549531,2.332022304211582
681,0.9416632910625671,748,7,0.011509246856440246,0.7719072940963382,0.3425872302405432,0.48474280346337617,0.6218696868596029,4,4.422848255748811,0.00020708701718806852,2.396343493322219
676,0.9410403880046362,789,7,0.012651353428995026,0.7451597285264586,0.3635428810459276,0.4818619298962514,0.6524821198857493,1,1.2292569179047828,0.0004478012106458988,5.555365156932432
679,0.941262218784105,790,7,0.0069191851430216045,0.7169083583492378,0.3838134568066925,0.4904019755461596,0.6502732891294638,4,4.406247744496821,0.0003844466794817224,2.2811434490005675
683,0.9414439138447733,777,7,0.00649139995873743,0.29865441640827695,0.37868231562516963,0.46319966767452425,0.647196988279356,1,4.535957726537462,0.0012466018883556384,0.001048184064699619
684,0.9418737358965341,776,7,0.007166096971750199,0.3700855433696413,0.34518677308465734,0.46073211019944216,0.6217857071369978,9,4.666423036645577,0.0011246832281781671,0.0018393757503984856
686,0.9415393679345433,778,7,0.00565705725731868,0.2331046691543891,0.3825883145646485,0.4671354406070138,0.6202145724207141,1,4.658352274310441,0.0010841161240564144,0.0013112046883634453
685,0.9410830576442137,757,7,0.0058268363201526355,0.23197953734430227,0.34676352332482097,0.46118041467890225,0.6197714109419553,1,0.007865649769366365,0.00041024454463728377,0.001049692326416819
687,0.9424922912139554,747,7,0.007232718849390701,0.2295795586460945,0.348168897528851,0.4633092750266833,0.6248595241493943,1,4.637369317719191,0.0003934954783428037,0.0014618806692486969
690,0.9410837704398854,770,6,0.005179630760851189,0.23484123752349922,0.3795183725301198,0.44081834948813775,0.6321140377123415,1,4.622593167675704,0.0001630740137357718,0.0010811106088417686
688,0.9423401422122335,799,6,0.006897660141945651,0.22816908095385013,0.3830032825359,0.45608087957552823,0.64730824683064,1,4.696121647392197,0.0010217136055461632,0.002788611904634523
691,0.9419100185529338,742,6,0.006923327447864372,0.2351512995464646,0.3862300483543928,0.46744613577452276,0.6428937172070002,1,4.679156827391354,0.0006231377415631836,0.0016437855311208112
692,0.9420742443797104,750,6,0.0070513515927871145,0.23173693984836383,0.3547631562996554,0.4425780898363679,0.638961922085587,1,4.697508298103344,0.001103225242208789,0.0017007188313775932
689,0.9417816454091794,774,6,0.006881320640314308,0.23073350118575156,0.3849738701988841,0.4655191538056549,0.643621660844393,1,4.574224305030674,0.0005081703269514304,0.016881122585123642
694,0.9412331914066355,762,6,0.005216582068569009,0.23552656905588487,0.3879378127518286,0.4544194580476303,0.6401078534061192,1,4.779095321328376,0.00016636802776716432,0.0015517708363722684
693,0.9417536501765404,771,6,0.007619313346242653,0.21907257836739846,0.35352967344603364,0.4579625812934301,0.9556847354635083,1,4.629734132607169,0.0001577912982936684,0.0017536245935146533
696,0.9412764037310586,746,6,0.0077455281989890065,0.24986909918645242,0.27432363179850205,0.44414132789740696,0.5680348081635415,1,4.563764007377658,0.0006663626329871203,0.0013159559880820924
695,0.9413899156590523,749,6,0.009026995444008638,0.24272672242801685,0.35389051612766087,0.4466375915436304,0.642743728971974,1,0.41830800875432844,0.000537377793285267,0.0016718281444416318
697,0.9417484289221552,753,7,0.006965382925030933,0.21918148295921108,0.35634522291324894,0.4378040169057603,0.6383515298404359,1,4.739536248418483,0.0006480761057594004,0.0007358545457444145
698,0.9418002657611177,731,7,0.006757918141652659,0.25349111171821403,0.35975166646736156,0.4287225951933551,0.6408319177069506,1,4.792828067671184,0.0003480910783498072,0.0018432893993848476
699,0.9414120697242325,753,7,0.007528206711957807,0.21755052999565266,0.35652090068785847,0.4301610868617969,0.6401216556422642,1,4.804059223412985,0.000664088899461157,0.0015922338175217386
701,0.9425335947487978,761,7,0.007569660635784141,0.2650843541970978,0.3566610678736237,0.44512894123981905,0.5706699540763631,1,4.823203341394656,0.0003371434434010114,0.0007686431223154648
700,0.942198178987606,737,7,0.00624160275809298,0.25258698829793297,0.3586917846886307,0.4789114714993543,0.5719699033933299,1,4.549735593426465,0.00029033501099638427,0.0012390245605530899
702,0.9414423515385939,749,7,0.007776476441054357,0.2466763882104985,0.3614384435258243,0.44525192164422445,0.5789055156606089,1,4.547861406610726,0.00054621211293354,0.0007577959060134005
703,0.9415576491084533,748,7,0.00778105348004047,0.2540805853503921,0.3659303431833488,0.5034096753972913,0.5274698681069591,1,4.721350227903246,0.00029564772284410294,0.0021013746107372954
704,0.9424728714454952,743,7,0.007889620483169001,0.26062041623560916,0.3621621567199491,0.4778795523448058,0.5748905903627421,1,4.890906460232792,0.0006947925068132311,0.0011879944240202201
706,0.9417941876908517,730,7,0.006166422808648893,0.2581659478570585,0.369522065878214,0.2800636776901614,0.6757792846829608,1,4.471091526939597,0.0026238004155877365,0.0007784715268188639
705,0.9419739040390842,745,7,0.007780167746982465,0.25804275346318195,0.3590249567650949,0.4967895421367236,0.5740742480458467,1,4.5182838899857485,0.0003302797524919191,0.000784022163270197
708,0.9415654648138488,730,7,0.008000276812214015,0.24053211160015403,0.3301478233715692,0.405652322930213,0.5704599814677977,1,4.866356403230995,0.0004248256691323467,0.002306102266880601
707,0.9418169293167391,733,7,0.006177847234568921,0.2557465264768528,0.3319996830196798,0.5018152095106739,0.6017342481050921,1,4.499328105939671,0.00035138666964735604,0.0012867600157238392
711,0.9423183998569984,768,7,0.007679119914840673,0.21667065413961617,0.39835886377791013,0.403732484887061,0.5239378165827002,1,4.930318554702337,0.0004242608658238237,0.0006587946037981431
710,0.9414574580061597,801,7,0.006262764510061961,0.21319420505243764,0.33265192403466476,0.4801488894553567,0.5681021007647429,1,4.888640333650539,0.00033362597946628303,0.000643947360871098
709,0.9423517212283054,815,7,0.007959897416736016,0.2702398719235879,0.3287284024040048,0.4755028872050916,0.6783955940811252,1,4.895250468091065,0.00031614172408066986,0.0020890920083970095
712,0.9420347630135982,766,7,0.007805204207719803,0.20768884804397458,0.3441207387065446,0.4154031690140583,0.5406950101607603,1,4.92679392092649,0.00024131087049406968,0.0010348254449591132
713,0.9419285293242783,770,7,0.0076863379721155,0.27655705303249767,0.33455952196742395,0.4764134565889412,0.5418381068299213,1,4.81727435723232,0.00024066531751427297,0.0020689522293264716
715,0.9417668729015187,814,7,0.008210106797511869,0.27380486623301764,0.39640823062985237,0.47648629085700794,0.5629035714067483,1,4.900295931776255,0.00030466321164197304,0.0006221574783424761
714,0.9422619517622888,795,7,0.006400704460644935,0.2694596931922505,0.399000027714317,0.47484407672557183,0.5665915577971662,1,4.989748669370952,0.00034817189446601025,0.0010645563818334164
716,0.9421103851031507,808,7,0.008463836956560916,0.2744900853962992,0.39835652685873096,0.4902692672266623,0.5511204998530497,1,4.920117886609797,0.00031945423746976867,0.0010146653967733844
717,0.9415132136558793,785,7,0.006351444232515166,0.2729891375800271,0.3982342050787224,0.47437101737370974,0.5456883319837118,1,4.617117212567156,0.00022961868187394344,0.000966426150682771
718,0.9416556590351194,810,7,0.008223263366068684,0.2731684757863749,0.39623598397071774,0.48009265872769813,0.535415705795802,1,4.918537967128827,0.0002921822427827145,0.0006600158424526288
720,0.9415358550937954,800,7,0.008747288097651377,0.2903944851361707,0.37763539553660647,0.6118102879226809,0.5488015775354117,1,4.988328208932949,0.0002056742124312005,0.00103744502263099
721,0.9418950404512065,771,7,0.008456414739403645,0.2704933642977246,0.3779589073428054,0.4861824201565562,0.5817281930582701,1,4.936433457011548,0.0002373987430210598,0.0010110639307952464
719,0.9412743050017822,808,7,0.008519463029930495,0.2747777566868309,0.38854333870246305,0.6126100585227108,0.5463893291129089,1,4.3084244885836505,0.00028488702444820924,0.0010631046605333978
722,0.941413578805552,771,7,0.008701919615428556,0.21604265909426973,0.37673873433197375,0.4829802313729763,0.5575025621546307,1,4.979369462564289,0.0004174107796983765,0.0009605201253522935
723,0.9411570934242188,795,7,0.008492633917775286,0.282186150145739,0.3731450207527981,0.49410560752645916,0.5529264641142347,1,4.992772945175239,0.00047643054706241096,0.0009861890144492091
724,0.9414213527659593,787,7,0.008771841173986257,0.27799587075159304,0.3720607438814085,0.4578313085816527,0.5579844495550217,1,4.816469724244231,0.0005066782053952893,0.0010127811825777755
726,0.9416465737602735,770,7,0.008952334937048062,0.2247606991445701,0.375415833033141,0.4570903079899595,0.5921600386168849,1,4.769118570282214,0.0005335050742977515,0.0009628139252032985
725,0.9418173770317363,775,7,0.008429436007431677,0.2901375562427771,0.37558811534774517,0.4619659112596575,0.5509103231203134,1,4.752401728598444,0.0002098576524611693,0.0013633836632192524
727,0.9416931251619314,761,7,0.009299011124459333,0.21598538404661366,0.38025571690920884,0.4479265578064963,0.5827488158697516,1,4.805486733975417,0.0005257111969518923,0.0011224597964608603
728,0.9414217587359686,756,7,0.008662970393566624,0.2140393310891467,0.3750702233065079,0.454390671741885,0.5881011502433435,1,4.815673673374977,0.0004909570576077635,0.001351896831616306
731,0.9416684413504729,754,6,0.00702787935177963,0.21339251469312834,0.3708550609412474,0.45815015614172844,0.5894995441806664,1,4.715107972437163,0.0005143731061127111,0.0013364576453014205
732,0.9417315952557072,745,6,0.006977838933563709,0.24058197328857325,0.36489567353788155,0.45144097182617776,0.5960151642054895,1,4.781089517748408,0.0005227201393873771,0.0014677393675404586
730,0.942245951951978,748,7,0.007044004836141526,0.321858287288365,0.6169268576218088,0.379007326818119,0.5947761557381536,1,4.832447030858134,0.000588683592531966,0.0004804482133461655
729,0.9415870281874474,767,7,0.007019774907290446,0.2125025565588461,0.3734538519697934,0.9543410116907183,0.5846828118463998,1,4.732703728500229,0.00035766519425379004,0.003444634878101822
733,0.941626189160776,746,6,0.007067161365216042,0.2471921167149764,0.616244966897887,0.4525104232712569,0.5951920834719965,1,4.775934095576209,0.0005884933500894666,0.001304392618892589
734,0.9419816967847362,753,6,0.00710943335862014,0.24687706057367187,0.6082329745879873,0.5014995176963881,0.5977444584784469,1,4.680055498639765,0.0007084661941231796,0.0012782693550910788
735,0.9418725973019839,753,6,0.007177758496713886,0.20149532025975422,0.6105901538126874,0.5069381208912074,0.5957182691374793,1,0.21510696871744933,0.0006804788827067037,0.0015498668758558815
737,0.9415398500891559,720,6,0.007205457542829024,0.32772097958812957,0.6551011069696253,0.37741630127723436,0.5968990302755414,1,3.320876936152173,0.0006297226597274737,0.004510273583709905
738,0.94197086917845,733,6,0.007173333808416379,0.24398558107020396,0.6196490527486255,0.4295008354095178,0.6067029110991184,1,4.417795171686194,0.00042638331870729684,0.0004993501186781487
736,0.9405524903254424,749,6,0.009450100199322829,0.8524594733440658,0.6526080067120019,0.4394480290323351,0.5948457789374213,1,4.677044284354809,0.0005379142277954039,0.0015277485796454885
739,0.9418873489371506,725,6,0.009700099117098668,0.2455302369587011,0.6190783755085605,0.5078702614119838,0.5986823702545674,1,3.2696255744589515,0.0006798611014185437,0.004806376494517964
741,0.9416290236454674,722,6,0.009588417845620173,0.23151925803565138,0.41167993117409685,0.5038386072390423,0.6055920532744226,1,4.623700743729406,0.03954678639454608,0.004759384922831413
742,0.9411810581782575,719,6,0.007446949408623801,0.24825559337570557,0.4145081119372606,0.4244565127109446,0.6082815497941899,1,4.633109124013437,0.13020777573515727,0.002584806865145201
740,0.9410454850676822,718,6,0.00726694531167588,0.8090261376058909,0.6085191249792103,0.42647872998894676,0.6013304537774602,1,4.404909557817661,0.00012170235293190508,0.22859819144216637
743,0.9409931890338503,722,6,0.009462468727505153,0.807589075087454,0.34349484606840053,0.5033392025844028,0.6031537714208676,1,4.400119135761342,0.0003762514470027851,0.004210982032522033
746,0.9412076100779331,711,6,0.010508319649354874,0.23119465242834275,0.3452593056840227,0.4292482100377449,0.5116344074017237,1,4.623918082770605,0.00039641033820187003,0.002417123260395753
744,0.9419005090446465,725,6,0.009671477269861221,0.23403227705567886,0.6547688489557729,0.42677058682461677,0.6103866285516758,1,4.365943717679766,0.04009065475235422,0.2461070422529016
745,0.9413161460033465,719,6,0.009683605555261165,0.8473964979211431,0.41005849012201795,0.42950956254264966,0.5058884637526788,1,4.592362493193601,0.0007075590405526469,0.0027046618632033726
747,0.9413850252336973,710,6,0.009746361667703434,0.8029215845538021,0.34105893134044946,0.5111198815004026,0.5729257567037005,1,4.6296217175525785,0.0038361275438796804,0.11730333625153654
749,0.9413537770228615,577,6,0.009539914456948491,0.8174403617987478,0.34918308567282796,0.4759673599591675,0.5751324733266951,1,0.45009600028340097,0.003040012937071277,0.002739143986270477
751,0.9419446032319427,705,6,0.010379234920207835,0.7993206406626203,0.3573257911351435,0.4778280764287686,0.38209527879433985,3,0.438505454822702,0.003254421434162974,0.0020067011854582937
750,0.9416632921061918,703,6,0.007775149611501071,0.6159974059995003,0.35263245770884,0.4742689481372901,0.5749981014952552,1,0.45887038010889736,0.00013313366520271527,0.0027903909107681512
748,0.9407996858814881,708,6,0.009627394350901921,0.7984402102825682,0.4079017241364201,0.5035804590741533,0.5117817843905582,1,0.00803524668965222,0.13117443489525057,0.0026899663974034797
753,0.9427650195701547,607,6,0.010209976430737365,0.2326202852087658,0.34994288366753995,0.47810731204483103,0.5146238080658696,3,0.47632558077085674,0.0029748402950698703,0.1061412614304402
752,0.9419147430419612,698,6,0.01019224539983123,0.6156205584433913,0.3551285974707198,0.4964115648540021,0.5747566252330142,7,0.22047676051478968,0.0007649761768534476,0.010094328917017295
755,0.9412449186174152,600,6,0.007938273705310351,0.22386252482208385,0.34708545639748106,0.46752127736194193,0.3854986623869354,3,0.000238206746776385,0.0034124497227864155,0.06489854027738588
754,0.9417018978711788,604,6,0.01020494037323206,0.6213293016734689,0.35035596946467834,0.48848173099585396,0.5710576977274444,3,0.0001667430665147013,0.27143686601022404,0.0008014942501293375
756,0.9332074377546222,699,6,0.08309560803119301,0.6204411144813641,0.5548110664511992,0.4888410854621891,0.37938199569187875,3,0.0015601598374911149,0.00027336630503114714,0.0007779246139238299
758,0.9404043791076937,605,6,0.005629270655814966,0.9197719166260764,0.23076805395138272,0.4715495858006266,0.2951997490242057,3,0.2337814610063605,0.00025114253055275677,0.0019878648006952846
760,0.9408580344167807,604,6,0.009000984923791812,0.2574232840660341,0.22697200512269802,0.4888384358085079,0.2740303669520411,7,0.013898138827979661,0.008016017102382133,0.0008248843734885451
757,0.9416519322513075,701,6,0.0055849409112859365,0.4401595570697112,0.395005520501387,0.49109017652621073,0.5741013582709693,3,0.0013445542005229572,0.00028422813637104724,0.0008880252492645235
761,0.9407136186741027,606,6,0.006523461762851631,0.2570736740630354,0.2324950415358522,0.4875811239741611,0.5677090803996472,3,0.5930998156420819,0.008650051573951023,8.01022586912995
762,0.9411805624565238,608,6,0.008000566567677763,0.22184276253249394,0.23003410482375075,0.48780012864320255,0.5649254363118018,3,0.6107794463400149,0.002259818814721277,0.13659251170174466
759,0.9411646043912013,647,6,0.005729369633858281,0.6714610006196549,0.6400466484799701,0.4912582813336073,0.6238578915851501,3,0.5770637347596823,0.0023894810485344644,0.0031834893728280747
765,0.9418578988916767,548,6,0.008427823804534296,0.2576488513734577,0.3940329321254232,0.46547654407725025,0.5302272903152864,3,0.6205054466666314,0.004490295543916254,0.02518871682017041
763,0.9413507181588588,602,6,0.008705146431431178,0.2623299557896969,0.5566368703519488,0.48569868484926637,0.5637489484580559,3,0.5688678026298637,0.0042050222198746,0.20855750275479698
764,0.942038153750256,616,6,0.008695771584122623,0.2638961770351282,0.6321911462314891,0.46708717738947236,0.44186490684619906,3,4.26538734685325,0.004102298654982396,0.20187695225829452
766,0.9422149531674459,640,6,0.00868430610004404,0.25993055132139453,0.3921227436432999,0.4653826159681595,0.4901563515765282,3,4.195017348024335,0.004560132197853445,0.20730038394809955
767,0.9419392630043413,614,6,0.008858012676063986,0.2572875261145102,0.43909768816617345,0.48453579640973105,0.4784765412176395,3,0.5907574849656566,0.004438315309845517,0.13759425534960257
768,0.9414871345181938,643,7,0.008871598017190051,0.2582215538587183,0.390759806529538,0.4635989831462748,0.560876655145709,3,0.6181592797928396,0.004604147071590173,0.010717988824311785
769,0.9419926224917446,639,7,0.00877406093732595,0.2633310153789785,0.4372065072605248,0.4678378925923921,0.5353985897730626,3,0.5083260924982486,0.0016839446898008605,0.010642644469425465
771,0.9415066356893809,650,7,0.008886642592709635,0.20407535037285715,0.3861251779424078,0.4687240881118076,0.6209591961524789,3,0.5558159136543381,0.004159417669468426,0.2260509399616993
773,0.9418614618264105,578,7,0.009101228226817814,0.20369912794894998,0.32818388652771,0.4446349663036443,0.544446864040973,3,4.53389520668741,0.005589288955148706,0.006641768830475699
777,0.9252661540423874,635,7,0.13351575233203442,0.2254994505542894,0.33149930472202804,0.25139909767510615,0.5266998088765051,3,3.4922035612057933,0.005213244955966854,0.3483887989754594
770,0.9416787711477761,634,7,0.008707263648339679,0.22583612397796324,0.6374289046308572,0.5206141024847711,0.5587387051825277,3,0.5978450909705281,0.004002890556683527,0.14030302163873135
775,0.9418327715397199,582,7,0.008839931233916345,0.20110105019270355,0.43043756037055225,0.5194151877847034,0.5229057307792112,3,4.498125841405222,0.00019829449111090884,0.010334375664882423
772,0.9409270889760817,633,7,0.00842479109080803,0.2030214968053069,0.39020808169356724,0.4703277748342562,0.48535617227716166,3,0.5403950909627241,0.004942981300611054,0.2633212996505735
774,0.9384389081823787,638,7,0.031787007805777444,0.2348348649787246,0.4391032166602409,0.5218291267968606,0.5385326185044165,3,4.527516228414638,0.003812389047801391,0.11325306196841285
782,0.9395314433999639,143,6,0.010565841883597245,0.2324486522794438,0.413034365563712,0.5184995068273311,0.6142364615053233,5,0.1291688631826951,0.0028690798273754365,0.32683360650406784
776,0.9415601266734965,577,7,0.010381545740592434,0.20386845222780758,0.4179079743596022,0.5159050535089044,0.5420968564358905,3,0.4581493043281968,0.006327639051774005,0.3283130189391737
778,0.93676161856423,639,7,0.0314349459833684,0.2310520883251401,0.41610925510709185,0.5223065507986875,0.529328416391836,3,4.5179951504025695,0.002576005474296375,0.325516520682618
779,0.941174715027317,664,7,0.010632439707115759,0.20284683077543997,0.3260793821183643,0.44596869444008175,0.6198328011768742,5,4.537570374474029,0.005667150093792135,0.2463500755954813
785,0.9416170866661228,559,6,0.01032518069043262,0.23272676870418293,0.3659139533298415,0.24225774206753414,0.5811097712741982,5,0.42047629446360446,0.0033212576765748823,0.3947256139946336
780,0.9411973867303495,835,6,0.010364704905674413,0.22869424985440312,0.4125993169189952,0.2440512825626389,0.6194110563011879,5,0.13587539924711892,0.005599618710286512,0.3657792270681528
781,0.9412688384955917,734,6,0.010530107445204624,0.23251981605543104,0.36045791266277044,0.5058280188019572,0.5219005023400891,5,0.1203208350132226,0.0031108978108546955,0.3847413212729777
783,0.9426869157410603,659,6,0.010533046698969283,0.2335647379358369,0.6987102562100267,0.24098144156794035,0.6136543445349087,5,4.467435241480056,0.0031042538160441476,0.32744052473032065
784,0.9423574517715456,736,6,0.01071793042358084,0.3099959624220254,0.42266724782956694,0.24548094074567395,0.6195693392676659,5,0.2756212562109446,0.00017824202560374794,0.08683973505463292
788,0.9411961124645881,664,6,0.00773874036100292,0.3446301501900245,0.3656357571004504,0.24240927358371483,0.31078772496183976,5,0.3537031602875602,0.002646076514995365,0.000587092678582305
787,0.9416188023851333,664,6,0.010231614297123643,0.29199711073302576,0.6963956939228885,0.24459347258556213,0.5802111389509459,5,3.9276622119185056,0.006458718424575751,0.34439577515007885
786,0.9416382012810993,660,6,0.010518376712268072,0.29636879637731117,0.41382085470072283,0.2406093015906464,0.6158656012925202,5,0.38618762521535266,0.0023138813447862103,0.30349963540494795
789,0.9410221130924745,657,6,0.007753902495088924,0.3031035922209926,0.3733256963341921,0.2411780164690759,0.4591446201701188,5,2.9563372080200487,0.5303276309419148,0.0005385464270857971
790,0.9416883109211798,782,6,0.007623552043222726,0.30639310307973594,0.36000435135217707,0.2385568163907359,0.4565693809647322,1,0.36470780139415115,3.810916160698252,0.04725960991879763
796,0.9416557153908534,655,6,0.00788773102377229,0.2438021065550784,0.36345509607532084,0.44956440476123927,0.576452892694001,5,4.48734829945516,0.5291626492526216,0.09872158404692341
795,0.9419947086975246,661,6,0.007727908429509719,0.29307324799633583,0.6958702486602488,0.2608888933467485,0.5784285237107263,5,4.6894958683391055,0.0020959366541301754,0.0005804445493117241
792,0.942103836358144,741,6,0.007656680151655027,0.3095469359208749,0.36358501127522874,0.2435543912610905,0.6080713440314468,1,0.31828653826421394,0.009350650122135117,0.003725014969331158
794,0.9417250454670756,664,6,0.00788534241220356,0.24317901530658953,0.7211201159021701,0.24019999739608147,0.4204231102161161,5,4.44666065315629,0.0030396851299727082,0.1012833184369255
791,0.9423974476446361,781,6,0.007930394148153923,0.2991447488441301,0.5923142887923741,0.24281226554244065,0.5820498353669921,1,0.28275757735684215,0.6665430308077562,0.07949488952208011
797,0.9410072070008516,661,6,0.0064099473161898434,0.2450086074879004,0.7217664164819048,0.4496963812961106,0.5831087276179856,5,4.242430675492288,0.002004455980922288,0.2705038522771643
798,0.9416970043149497,778,6,0.006354408482831096,0.2454305287372268,0.7160347137074938,0.26642062923186033,0.5828211234110771,5,4.357353722330884,0.0018124491707685792,0.24120640482535227
793,0.9410212583638431,786,6,0.00789816542985972,0.756198023314055,0.5952162270257491,0.5735626196912389,0.583599200434858,1,4.853050968189826,0.6796964898495903,0.0005174847713444891
799,0.9418302574478121,779,6,0.006525772447940988,0.21711790748231646,0.7343951385187922,0.5671657495086811,0.5851781032418798,6,4.308449124054018,0.0030893433453870814,0.038891654087578297
800,0.9414296965454542,590,6,0.0066098969247660655,0.244440551952466,0.6690344329030332,0.4471995058738155,0.5845911833582272,5,4.405331157411161,0.001934774678082002,0.0036202035962432095
803,0.940502570625058,618,6,0.006553292696057792,0.2148307520542855,0.3085305213167647,0.222234932750225,0.5993923748101683,5,3.7130664094518036,0.0019505866365725822,0.46860562219015717
802,0.9415249826116471,592,6,0.009683107743339506,0.9567751346546015,0.33574792534987713,0.5720706791548045,0.5906288486531391,5,4.409118940485314,0.003135819090746592,0.2645704843134878
804,0.942078400093275,623,6,0.01148245196161282,0.22444529219121678,0.7154019283872123,0.22210981783810374,0.5893631495234419,6,4.718875725232104,0.0020355017693144332,0.24693419829242086
801,0.9415822963930471,791,6,0.006456474754345954,0.24263363905087304,0.6905057602272305,0.2605566816744788,0.5877911862273789,6,4.325912204748787,0.0023329328077129306,0.2828738615766273
806,0.9410458931249407,628,6,0.011486800191269936,0.21614746581054606,0.7195096217376161,0.4109236960033113,0.6255196049196771,8,4.385908010688902,0.003512079166977999,0.1890279177175204
805,0.9417934028850755,587,6,0.00678827689148728,0.21889900763656392,0.7606539266676621,0.5700190277380146,0.628059995161923,1,4.382089461054388,0.0035704968870321867,0.4330408040499723
808,0.9418466882751249,626,6,0.006580245068642152,0.21649140422724256,0.671649015858409,0.222072171108575,0.6283099288780806,6,4.285542821550665,0.0035094997455158983,0.005461407499479932
807,0.9413666584825616,617,6,0.009589928247263688,0.21477145554591723,0.6840355597292634,0.5638008967332356,0.627376456666773,6,3.722023452601791,0.00265385748334371,0.19229524152986308
809,0.9419978134810136,627,6,0.011592875283505097,0.21961593612949148,0.7535570696667193,0.2230911624903998,0.6276710231572243,1,4.422050359431725,0.0001084628012346399,0.16714012898185654
811,0.9408423049052679,628,6,0.011387363051589184,0.9679160170881598,0.3377449514665697,0.21461564502515434,0.6275720427566444,1,4.159190964247808,0.0037831903377327407,0.005577604286507871
810,0.9419310695068036,743,6,0.009448920850338379,0.21537153737023004,0.30818673004948827,0.2161216586217243,0.6291632230126968,1,4.691087851783632,0.00376593717759817,0.005977462229576107
812,0.9398171137460964,627,6,0.011378346200366015,0.9842426147536862,0.6885810240964138,0.5017805540939043,0.6294577598112177,6,4.168707790353441,0.00823646013082853,0.42810752444891853
814,0.9416711881706894,762,6,0.01152448789220359,0.7418578501331073,0.38323603401728135,0.4052740582567853,0.5571752588757566,1,4.0513089857881965,0.0003914884032727991,0.16083589379117819
813,0.9406767797657368,763,6,0.01170789070165766,0.7736441188315829,0.38531495133041643,0.5028685077778365,0.6240989848088105,1,4.02068701695068,0.0003757649817704673,0.005102004054992645
817,0.9419520077492056,738,6,0.009561171182795215,0.7491068650981023,0.3086019040708796,0.5083021344528695,0.5600301652567421,10,4.131187872970061,0.0001086775356558855,0.007994483178398595
816,0.9415639494707811,740,6,0.00935821441681227,0.7787266656160311,0.38481598962383606,0.4934339832602353,0.5596272885465988,1,4.12289082845768,0.0004175712536563138,0.0018989903759292985
819,0.9420204705733004,755,6,0.013757721726151114,0.7737934303735094,0.3862074347808969,0.5059759069922507,0.5642673557552517,1,4.830856186053311,0.007809639765858012,0.0019018744592268447
815,0.9406840705279069,739,6,0.009405944993655461,0.7419264522865473,0.764741906342473,0.5017583838132391,0.5595895910545303,1,4.632876353785192,0.007111971831483667,0.17406641442377668
820,0.9419519586988446,759,6,0.01340364172907105,0.7463899482298016,0.3851515319222177,0.27474400230254775,0.5593397359930633,1,4.01574535589202,0.007275535871737251,0.007144326432136817
821,0.9408250078694522,760,6,0.013375928137656439,0.7416522493617114,0.735803241631123,0.5021064750325798,0.29846467386663067,4,4.8855316730797576,0.00874564305359683,0.0016456585352998213
818,0.941439614111,738,6,0.013286692396876956,0.7516570409412461,0.38460912700444916,0.5049303610701572,0.60653381018743,1,4.132532010548864,0.0001133603713221806,0.0013167085320316726
822,0.9419825003757571,764,6,0.01353008314174447,0.7556815087840698,0.38873435203297707,0.27375262384337246,0.2837199592156305,1,4.593182911570794,0.00043227800113440195,0.41789615452011425
823,0.9413776478506769,680,6,0.013245474938976768,0.775984295974327,0.40135581319178926,0.4779024577427659,0.5609017784188262,4,4.886571206972512,0.02323796171483423,0.0019473619257460795
825,0.9419836838461695,685,6,0.013659627118592643,0.7844708388071852,0.34663735367862114,0.4794732144288953,0.2603737256333239,4,4.586691142682297,0.024722607684205315,0.0018859372767389758
824,0.9414650242852511,733,6,0.013476631632921725,0.24491681593710793,0.3287179203584239,0.27816085903435334,0.6098249032930133,4,4.854412410169552,0.005624609851973393,0.0019442403257361063
827,0.9408593222496633,684,6,0.012907867023541074,0.2511501778228989,0.3470842606377729,0.27415194981491314,0.26333222265392,4,4.6018192725544935,0.01647448471324758,0.0012848655868378707
828,0.9421004205744932,680,6,0.012815175818703532,0.246579091169639,0.3434792187103649,0.27411210505259154,0.279015735462795,2,4.570780024957338,0.010543705602700187,0.06099441760876824
826,0.9420515309316899,677,6,0.013206173290242698,0.24493359803556466,0.7488707637989145,0.2734266081774912,0.6082310273215339,4,4.77865715731642,0.005908620519377153,9.987651561963583
829,0.9404690921882333,680,6,0.012779600923232397,0.24756911328856487,0.34112580042858337,0.8367455885713405,0.6099419409336134,4,2.5909515029467314,0.01041430096145307,0.0014456174641116792
830,0.9417719908370585,686,6,0.008330013158291613,0.24043225992458356,0.3451350920515968,0.4726106146126979,0.6096637709239728,2,4.60730942904161,0.02366277705651014,0.5215162225729523
831,0.9417875857209849,685,6,0.007401587985127333,0.23719326708688002,0.27167103969663364,0.5442820312580933,0.6034118938741592,2,2.7839349395508193,0.015627011105278556,0.3818704807463608
832,0.9413876144665837,676,6,0.012402948440192938,0.23622756184927024,0.3484460419295346,0.47810094145864923,0.6036182952995871,2,3.1276917396822257,0.01398653076822172,0.5149082140299427
833,0.9422907871128128,681,6,0.008193494947819135,0.24888192893412175,0.33833918387046447,0.4581911939700926,0.25519769739426784,2,2.790730983594877,0.005318918017565196,0.37047625002623197
834,0.9416979947147922,702,6,0.008324944584682002,0.2445615605962218,0.32390463268970526,0.5434649039854561,0.4044409461108182,2,3.149369737896104,0.014662354526563325,0.33569422635432505
837,0.9362800927356562,703,6,0.04861416492160695,0.27609016684133986,0.3645889789543619,0.462728083330623,0.6059750604617594,2,2.809727363802339,0.00025543266879835875,0.5033992812496324
836,0.9420292839839112,705,6,0.007446143581858707,0.2715534853995225,0.43611807384484935,0.5434573200422135,0.336614640278028,2,3.1519747462302137,0.01133029915154617,0.000807675273240757
835,0.9421489209452828,705,6,0.007424816294948585,0.25966058068751363,0.3515936597988921,0.5426255411913242,0.6032449110179776,2,0.14902454257293235,0.34962917225303125,0.5370251476307656
840,0.9415441539974282,706,5,0.010294153613530376,0.26440278997821515,0.705643160899783,0.45017763058133675,0.6003446233120154,2,2.830903982371627,0.034913522525801155,0.36082880042741733
844,0.9420874942389308,647,5,0.010224815160239518,0.7214825908134599,0.4382839870020464,0.2605187172605138,0.5952687299152832,5,0.15413349945315977,0.00016572601762472754,0.004151985529513319
839,0.9417366307448957,647,8,0.008233477824148782,0.2634772704990255,0.27314246639399387,0.5460274731469725,0.6027550637735224,2,0.18562788201406047,0.00017653152293307413,0.3525798068542269
838,0.9416540487222036,715,8,0.008394764063577403,0.270773967999956,0.7051701188149525,0.5438164285622891,0.33297290858408746,2,0.15114453688189744,0.00016790211825553833,0.5262594243502166
845,0.9423532490948695,717,5,0.010624976104560728,0.7200808792915776,0.40584899040802536,0.25750517793004346,0.5375404382942137,5,0.16477143812358752,0.00017429413123525703,0.0008284724668836729
842,0.9420444885521988,712,8,0.010473629029425599,0.27578069080597745,0.3671802282822033,0.45988178110011185,0.5980781903243265,5,0.17347261025537664,0.03478894196886476,0.0032867462490025227
843,0.9409380418173322,710,8,0.010516116015625947,0.26378787002681026,0.4381711435438544,0.25777163678495485,0.5442213097544973,5,0.21032834285833168,0.00023658235289639997,0.0008899782898834896
847,0.942166187715982,641,5,0.010681795568718329,0.2299600168339356,0.4058270160089788,0.25758355674236794,0.6569931838804857,5,0.15894676983119696,0.00030835132117102906,0.0033955004222764647
841,0.940918018833794,716,8,0.010596527270532483,0.7202094265663225,0.4377124152700387,0.45759025406492126,0.5415236833880267,5,0.11653466249464378,0.00023705944737019432,0.29948161708457727
846,0.9420857889561672,644,8,0.010539646925868559,0.263474886146517,0.44491264517789436,0.2592466193630877,0.5444753009171059,5,0.2244817244777624,0.00018068463905379195,0.2953808777829988
848,0.9411919223114082,651,8,0.010825196098167986,0.22410108082495292,0.4105040889661986,0.2578339562644362,0.5738134045579721,5,0.1741039309198607,0.00018253496094181612,0.004278773831040678
851,0.9413641621322739,653,6,0.010889805059711266,0.22454952558261976,0.4013491564865242,0.26106162865506066,0.5476519624874883,5,4.71277950531306,2.2502608195641853,0.2949706199103484
850,0.9417402082903751,722,6,0.010826665940569991,0.2012260188725257,0.4074426739963772,0.435553283096795,0.574022353291413,5,4.730923815901855,0.10091286652443314,0.0032487560539314502
849,0.9418249307873315,726,6,0.011116377037696122,0.3657070340426113,0.40517646330385476,0.43810296275503735,0.5488395352816823,5,0.20191603129367386,0.0003320697490462521,0.003135548252043052
854,0.9414757381364449,648,6,0.008998850462185725,0.22689365261806738,0.40684664580663193,0.23079625280982954,0.6620500067491605,1,4.748370228180594,0.0003377158002117601,0.7011557223297189
853,0.9422903905354261,825,6,0.009307514267112474,0.22941518184926815,0.4554712890794304,0.20154371478531047,0.6635041937835212,1,4.5107705386895365,0.00030711010989972054,0.6915740901342373
857,0.9414319299023169,822,6,0.009343284710154234,0.21966327715128048,0.3654093408764202,0.2011854123871246,0.5707091761719576,1,4.466818323490027,2.4375044086110376,0.7043306539374335
852,0.9406396716021975,823,6,0.00973328865274447,0.20008921699104368,0.401821175077852,0.9778591438579427,0.6605368485057531,9,1.5179299967554112,0.0003179479980397351,0.2795713987697246
855,0.9418931661012412,823,6,0.009269507248349684,0.22004947539499112,0.3047251662896845,0.20137872895406705,0.6369461712254628,1,4.717725634849605,1.5459283511675859,0.28811442053996134
858,0.9405235652231939,731,6,0.009234021360680043,0.6658455761336216,0.30117669182918294,0.20169154801330277,0.35904523285102,1,4.711102265447446,1.6189444939984898,0.6952512061023041
856,0.941861565145256,656,6,0.009264581677193698,0.8850504356565211,0.46199866617235363,0.23195394508027264,0.5736044054187494,1,1.5230422692572334,3.566013992710893,0.008574031725119943
860,0.9419891837483506,733,6,0.00919880331176858,0.6730212796167708,0.36924038433919226,0.22769979748808591,0.6342103888157009,1,4.509241665502653,1.6064564644209354,0.0014402576818723126
861,0.9416592543222186,797,6,0.009009757530862071,0.6743746430638047,0.3629886497644563,0.22957827283043952,0.6167863935809107,1,3.8857911129106255,1.4762844145155343,0.029684691270122538
859,0.9415357246407077,799,6,0.009432992227376128,0.22172080911954417,0.7788563074820235,0.4353380995430816,0.6340213944738183,1,4.482097122568664,4.453821236287795,0.6979208433916401
863,0.9419860800084858,731,6,0.009333299799190307,0.6353252233621594,0.3692407371162286,0.22964044452261276,0.6399921008249667,1,4.528765180732289,4.087559221281527,0.0011721176288954558
862,0.9421638051207868,794,6,0.009458914461097754,0.6727563679135398,0.3691794810148359,0.21328504446415947,0.6358466486332647,1,3.8375477029229286,1.6191060824320018,0.7226085069133846
864,0.941649458860763,733,6,0.012022242882479606,0.6694985969102808,0.317397168466895,0.2296791925369152,0.6242162472437482,1,3.443358270050772,4.26666815193829,0.015365718604390455
867,0.9419293548314178,566,6,0.012219381023954022,0.7353648777917373,0.32469828713341703,0.22606141449921882,0.6183181762082921,1,2.462363374439137,4.022145277284891,0.014428978378778169
866,0.9419205706422986,667,6,0.012224520294835377,0.7304501442085894,0.31937497911978635,0.2321908018856907,0.6193738904143858,1,3.3393668026445735,4.142851925963923,0.43294276999273645
865,0.9418498400217258,736,6,0.007261001681318885,0.6705483084933539,0.32021188012509244,0.7716661256003504,0.6368296945343658,1,3.89021772713081,0.0015428509160117395,7.223189647310877
868,0.9417438922855743,664,6,0.007355216955019954,0.7282880819298122,0.36821223545148835,0.3877474607907382,0.6207939292570617,1,4.500949133927629,0.0007834801356442353,0.013427453462609042
869,0.9418985418120828,567,6,0.012219489326720739,0.6292078957544708,0.36365674504323253,0.48682132339920636,0.618745368351267,1,3.3788932526930355,0.0014255672118779563,0.4357557771456702
871,0.941098123410416,776,6,0.012331073854982572,0.6338938161378531,0.32916683738210056,0.4888300879354235,0.6173692745980158,1,4.987681886100009,0.0004528224808341063,0.01432909722763966
874,0.9414870541590918,561,6,0.007216227615478759,0.7305694480096859,0.6367792384733837,0.5210878476929126,0.30123961261733345,2,0.7450265155034671,0.0007946886975069678,0.4158682769478246
879,0.9298832321716601,609,6,0.21835819316775107,0.7636773150144588,0.6548823758687948,0.7016359051026075,0.5835743536675029,2,0.7658446735897653,0.0004465770554813533,0.002433378908592712
873,0.9404483950231375,751,6,0.012180076923795712,0.7280597658009645,0.6581892634301073,0.4852746381530534,0.6168367967244521,2,0.07774130106032183,0.0014125281747265636,0.4156512479622918
877,0.9413589210490191,608,6,0.007191318459336114,0.6366656480300694,0.6566935850779103,0.48481701333740074,0.30727781875510274,2,2.981468651746346,0.05116332004793079,0.0006954716131880695
875,0.9422832991055741,754,6,0.007295802581703959,0.2832814543969376,0.6670958823140843,0.5218671655864131,0.5016591041512741,1,0.733602487392782,0.001600485128251437,0.46870202711163356
878,0.9414826782407151,760,6,0.005922351272350507,0.28351376158612934,0.4241573325439479,0.48507886304543096,0.5071332341989709,2,3.5569136213980315,0.001154825959836082,0.0006799098292212353
876,0.9412197380405983,754,6,0.007065206917659067,0.7000929427640906,0.4235380077440053,0.9348337033703532,0.586885390931084,2,0.08387181973725957,0.001405012471079484,7.696455784638996
872,0.939455251491324,668,10,0.012301004380297959,0.7623194927852025,0.6544622217672872,0.4773435604689118,0.5865312222433177,1,2.473999951913193,0.004948827356267979,0.0006742065293330957
880,0.9415628526212189,754,6,0.00820910840459819,0.6973686459627767,0.6554580039372274,0.28938591983105294,0.31232360342836446,2,2.978949586441776,0.00493170082602533,0.0012492612610746233
881,0.9419147263439658,753,6,0.0059104637273374285,0.7617672596546516,0.38279561152048097,0.2918648696060292,0.5902620488176247,2,4.321658041866748,0.005276859338779351,0.005596855308477921
882,0.9415288523720431,755,7,0.008001976350935082,0.28491761930843407,0.6624432938586212,0.2898603778779944,0.20194569178925864,2,4.32349791628978,0.004648479309689819,0.0007173247568362909
884,0.9409805747420739,697,7,0.01452856749540435,0.9121590307011418,0.4279679943237507,0.2927722395414667,0.593014591146934,2,4.8646783532594915,0.004920500457475624,0.005890620401769755
883,0.9413132415957998,699,7,0.008193613877429489,0.2007700574130571,0.3889412091485914,0.28519654847260023,0.5042799701705548,2,4.282517223778732,0.004707751147478497,0.0011216781099166186
885,0.9415274048645811,698,7,0.008170325755193431,0.23921397804354497,0.42003494092860105,0.29276657638478487,0.5855941896112193,3,4.299554567266399,0.002786249846306009,0.005596928600137621
888,0.9388010042090844,695,7,0.008415125463079617,0.23498823513851777,0.3552447231987475,0.292943102848154,0.2340193870170843,3,4.274322437546629,3.050581048031534,0.004828915111320316
870,0.9405259175532729,752,10,0.005868575531911393,0.7363129053195046,0.3271143541487709,0.6323687526794972,0.5094373877326491,1,0.771458457219526,0.0014608665114871893,0.4270883811347543
886,0.94204346788724,696,7,0.008084315339020648,0.6976658238330075,0.4230935973198178,0.2917554337317588,0.5885348455069187,3,4.841882574481834,2.8466811858521686,0.005994800436280131
890,0.941523741741876,698,7,0.014411416929098407,0.23677575798011627,0.3516171568215317,0.2532176232074027,0.5675302771995256,3,4.8145104139868025,2.7560773470754087,0.23486350264190145
887,0.9414169121428511,696,7,0.008317906293548664,0.24034411323882746,0.3863760209113188,0.46512552445379474,0.5924701426037522,3,4.861050063294215,0.004387138027241739,0.005653055899499155
889,0.9413402558212185,699,7,0.014118370163700577,0.4104203475389526,0.37724452914017076,0.5960568906560009,0.5958217838761682,3,4.3312089277884,2.832239166713453,0.004982933744533334
893,0.9419192890711642,670,6,0.01408541645232148,0.2386983800157402,0.35438401122903906,0.3179585777606292,0.23522429436776562,4,0.2977052652746369,0.0006395281348819401,0.25031859883795166
894,0.9417346050693485,672,6,0.014174510720202952,0.24599161187581361,0.3492696333845763,0.35068138047598496,0.22781519072453926,4,0.2908420605839219,2.4974831858904105,0.0014473274038456546
891,0.941734361904793,700,7,0.008334364788760651,0.4020923932011249,0.3515543876983391,0.46444516819138526,0.6060550656455476,3,4.803442834140606,0.002513592805546381,0.0046219739216588835
892,0.9401178216805643,670,7,0.014365631993719053,0.23471065395066212,0.34966734787583065,0.467151746538283,0.6518063936924827,4,0.28786025220959965,0.0006448223568250161,0.2134246213368142
895,0.9413837436625629,637,6,0.014467009771397673,0.25911558013735453,0.335485416191405,0.46681328703768654,0.6492275622168309,4,0.30237437526772126,0.0005439099346675408,0.2276955423780533
896,0.9409668949094762,669,6,0.011412672785656986,0.253719574630169,0.35066919588336176,0.4704288176961498,0.6449513187065451,3,1.9188906930853942,2.811497505107737,0.0015881819139118376
898,0.9417730355053857,633,6,0.01126557734767861,0.23179746003802548,0.20416168877537533,0.4659565265201623,0.6505259812166808,4,0.29591833316634564,0.0006095290471065543,0.007809555050646802
897,0.9421379002684265,635,6,0.011621557805553729,0.2569178947239803,0.3516611197378576,0.35369685394048417,0.5707585361193854,4,0.36751250992164275,0.0006010376503656877,0.22748228778381105
901,0.9423027720988939,634,6,0.01132424092543259,0.25529268237518715,0.2644825994668376,0.2517809658569952,0.8925767495162757,4,4.694501352818497,0.002552674941789732,0.527334328148776
900,0.9421455249905015,670,6,0.011427690388922614,0.7139472042120943,0.33825921008831716,0.24705566220340183,0.7975024963326491,4,0.2677424956511464,0.000550181057125971,0.0015810286322518552
903,0.9408444819063968,638,6,0.009980073749235338,0.21237126468126255,0.25668354398601195,0.21485191874610476,0.6499353788685642,5,4.689649938392565,0.8483159016983617,0.0076251028018938525
902,0.9418070169693168,641,6,0.009895267237446296,0.3822667865703315,0.28836068069393417,0.24382752566382604,0.5664360147537247,5,4.647146192126415,0.0004623532597604445,0.0004188932943090353
905,0.9404867555363194,722,6,0.01128680670223647,0.25588893698527326,0.28229256513897755,0.246607651857975,0.6666699602194204,5,4.643670633450163,6.3034472412262454,3.245545670997343
904,0.9413789116801912,638,6,0.0111345834358107,0.21213606093746526,0.27714785014200477,0.24634253773149856,0.42804303643820385,5,1.3720313912374285,0.0005223708315412657,0.002352304517242993
899,0.9412890107174622,664,9,0.010096829073601361,0.407541484972333,0.2583278149627672,0.2462406798626887,0.667324368918391,4,0.3264896756429106,0.0005848237452516631,0.009232082271119511
906,0.9420624931655628,783,6,0.011336768974810191,0.7112985075640106,0.26451049498628015,0.248344204571274,0.5633563455351482,5,2.6349359811364375,0.00042114515737219383,0.5291917763979616
907,0.941512187772797,772,6,0.009954326751976333,0.21627202270741203,0.2785397050393416,0.2534499573153655,0.5655252160498454,5,1.3560670496865477,0.9344002093649767,0.5363377971215028
908,0.9410833509027553,726,6,0.0101272827524823,0.21957692852032348,0.27495467818535174,0.24755841551481766,0.5562825095442332,5,4.639140702526354,0.8925511960739929,0.000906877383886209
909,0.940809601881597,783,6,0.010052556183624006,0.2192985028540122,0.3047723388293063,0.24623734640130474,0.6746085353051653,5,4.618463812490062,5.799534636042325,3.4705297666387844
910,0.9427577914254668,722,6,0.009825762770558287,0.2118592213230175,0.28702039116671774,0.5113624964399127,0.5597487064938848,5,4.627228963617161,0.018249612843530636,0.3798510061214445
914,0.9415635904638835,776,6,0.009826393107923354,0.7156613088843489,0.46112530505039573,0.2677821071781669,0.6089240924278746,1,0.4466950535161083,0.000946995279826822,0.0010210099666813958
911,0.940132405292154,786,6,0.010114211871268102,0.9387862090273642,0.37752576611134675,0.516653198025286,0.6745652286993336,1,0.4608533739346038,0.2367136344229273,0.0022948585125886108
913,0.9399784174237068,613,6,0.009974703065145581,0.6906770143612442,0.8035916177820164,0.5204168362432732,0.6129238752120295,1,2.2797339907971885,0.0001323327505780115,0.021319439551699078
912,0.9415454689645528,775,6,0.009960372274037461,0.21444660117209546,0.6286432154085745,0.5260891439271942,0.678402975813799,1,0.4469119280954771,2.0635362356847313,0.002309102717843085
915,0.9417928800290996,779,6,0.008908658130588446,0.7144180432840614,0.45633326278809017,0.4489443118738669,0.26956174955274703,1,2.585291021875888,0.0003839467517930771,0.3709966238842596
918,0.9412753768043514,611,5,0.008775965777916403,0.7857442112349445,0.4665285380520026,0.44587111126309686,0.5287482864429366,1,0.4469146997188191,0.006844387339894226,0.02267979225726378
920,0.94174818367035,722,5,0.008840121049106746,0.21860680481256256,0.30389060763106507,0.5209940757571628,0.5283527750094241,5,4.44923130490634,0.014063894677823542,0.38368217615218053
917,0.9413763099238086,597,6,0.008874902244846624,0.7502663117857621,0.46486960797451043,0.5215621865796067,0.612691845602041,1,0.44104791509207164,0.01872371766863711,0.3444291348397739
916,0.9410095405456858,776,6,0.009941891772271205,0.69009190415711,0.6267610849088522,0.44512143437673163,0.5251750116447066,1,1.612245755651659,0.0010410502599573347,0.3752960885096352
919,0.9418170618570763,726,6,0.00675786855915606,0.6875669665163937,0.3932718914640093,0.4445398790978869,0.6100975063627585,1,1.6463570955982858,0.22952576341339556,0.36163475078235774
921,0.9412161364917507,723,5,0.009024975135715846,0.22666195961706165,0.303884287371395,0.5316936777980403,0.5392419552509,5,4.485270779872814,0.02035647438601334,0.3622749908829899
922,0.941530201778783,723,5,0.00859663187369556,0.20638149596870323,0.2963286159314255,0.5296028370382011,0.5379300539511505,5,4.558759196077643,0.018798028928978923,0.3654534048862374
924,0.9420107909541867,722,5,0.00873461930862071,0.22674543676314768,0.2945116622639379,0.49970735491006274,0.5379464815219466,5,4.42082519649477,0.017743128269288838,0.3315344256009918
923,0.9418549036887812,738,6,0.008804770031101875,0.20521257118774242,0.3071448012492986,0.5295498151954687,0.5296560010736214,5,4.439090225295613,0.012834150385021382,0.2750490225795933
925,0.9420911824086288,723,5,0.008861336606439703,0.20299731895562045,0.29978869365682026,0.49983509548882255,0.5374714732733653,5,4.536689741420527,0.017113476116529212,0.3254493384018128
926,0.9413305699403566,727,6,0.008819502033478312,0.21515168531717577,0.3032264440880462,0.5048636005823749,0.529400137272533,5,4.621174031298939,0.021182301960779602,0.36169504592613483
927,0.9417567153022912,736,6,0.007631604588483594,0.20092900781429743,0.29537676425536286,0.4972490025974322,0.5370389804436878,5,4.519614800140384,0.018776928314980245,0.32667451677471443
928,0.9416951779717208,736,6,0.007805876250401258,0.2012672335994797,0.2987418311526394,0.49023588135406904,0.5447519444800056,5,4.769541633782563,0.020378422963435807,0.30968416822157263
929,0.9414158434711558,729,6,0.006711918721352961,0.2313181150026969,0.3031849484505051,0.5127060845721444,0.5444159124310696,5,4.611655828038138,0.018947369885011184,0.3120267497848342
930,0.9425197312382526,737,6,0.007965558786445129,0.2060769029772464,0.33709559370284303,0.49934066330913124,0.5425362095001073,5,4.529751014233966,0.020344655285138086,0.5459579165501068
931,0.9421874421766688,733,6,0.007614831121416858,0.2100541666998649,0.30880016237285907,0.4941547272586785,0.5480541139007123,5,4.999658488185552,0.027412532420934003,0.31531389499263446
932,0.94207610411893,742,6,0.00784183498651559,0.22949798863658857,0.3180834882072633,0.5003801853299888,0.5576228021965928,5,4.431367943617864,0.04124149116240191,0.277831465757696
933,0.9418818949544565,742,6,0.007739485041399514,0.20444849937200865,0.3073761046948661,0.508973389514463,0.556486155987887,5,4.744141816405616,0.021685495321881323,0.5793385045038267
934,0.941869506607428,742,6,0.007708882541401614,0.20131351814565573,0.33427515664102386,0.4982684612031615,0.5521569714175787,5,4.563533052936707,0.02349526309422045,0.6088067282628155
935,0.9413581957298509,747,6,0.0076317900220424124,0.23072520402055963,0.3229742834905734,0.5055712271911458,0.36989948520434984,5,4.751172570968635,0.028186937478518245,0.5838841418307676
937,0.9414944988559055,745,6,0.006665011961848371,0.23416300486146044,0.24952064971346144,0.4926798358124838,0.5542228029740095,6,4.737462381128369,0.027078242501426052,0.596469921567841
938,0.9422997174093904,760,6,0.007596773762820943,0.23374631799571227,0.31839692064119585,0.5583459509704539,0.5531396466586591,6,4.698635189601883,0.0033595842562187707,0.5770975394659967
936,0.9406500932384745,745,6,0.007759635833717991,0.2328358770782861,0.3140113610326161,0.4921477811985212,0.5515746235085754,6,4.774921436750832,0.02478736558883281,0.5761596150913171
939,0.9411852765093041,710,6,0.0074768612965035565,0.2396848013743146,0.21454809603073086,0.5615157424305607,0.5566889429629399,6,0.08272702844599406,0.009024563281159977,0.582341003481003
940,0.9418739665375933,747,7,0.007256255708537013,0.20113492421250795,0.326510943530703,0.5061443645481054,0.5532423720744137,5,4.58125627406616,0.027466235907730785,0.7683995706597325
941,0.9420111249140914,747,7,0.007267885080923839,0.22891945874468106,0.3324351012134466,0.5048742033863315,0.5596915823963613,5,4.57565400001574,0.025336741242835734,0.5282410874556777
942,0.9418296479709859,763,7,0.0069143133112812205,0.22033531115447672,0.3244711921411881,0.5155982284353994,0.5652642923646629,5,4.581569222296442,0.02683972073589932,0.5647750374278799
943,0.9418389278818387,756,7,0.0070281578048266465,0.2001275231011165,0.3389436458457687,0.4803323322443216,0.5176959601735891,5,4.563740426240996,0.02599580030153152,0.8444593457262937
944,0.9413345764155888,759,7,0.006587593960888006,0.22892112158402542,0.327419762411098,0.47586961803923283,0.5165414575892893,6,4.71137316280615,0.029147584964720884,0.7563720592566557
949,0.9066257733806948,712,7,0.29833883152891266,0.2194570994794497,0.3205229886331185,0.47719103648367844,0.5219293208321907,5,4.557074244313259,0.015559697485859302,0.5015478858704807
945,0.9414732449170311,711,7,0.006817408196934258,0.2444239996056365,0.3359412004350941,0.5556897328801563,0.5730617151580242,5,4.606966281448114,0.025308005316568537,0.5356699154990693
947,0.9417243879835132,708,7,0.0070493488408849975,0.24817189226387057,0.3297016641866131,0.48445200765309476,0.5738292507885859,5,4.564457568883467,0.030706120649108545,0.7015832711681673
946,0.9416125646402878,764,7,0.006530606579063481,0.22215885881903563,0.3454183602523942,0.47751556616422747,0.5709539869841843,5,4.595462243627081,0.015034298663781543,0.49249620010796397
948,0.9419418835459688,711,7,0.0069168988854738656,0.2173573452692121,0.3304229195581072,0.48137811909248945,0.5695489091394061,5,4.57963813555893,0.02869455692425772,0.5049320377470412
950,0.9414072617452289,709,7,0.00619471806528237,0.25200382753642836,0.33255463014244174,0.47690333085526615,0.5764428834918515,5,4.454252964485236,0.012739519839098346,0.4458968216813932
951,0.9417639977154637,713,7,0.006151915302069906,0.22083725196330303,0.3301410732155297,0.4812606412979502,0.5219431653364245,5,4.463494033894282,0.014825780645641978,0.4708912503763976
953,0.9413124275685322,714,6,0.006604679937907616,0.2662446008204241,0.3309172820618498,0.480262709547986,0.5874173853175766,5,4.376958731766552,0.012683342618619756,0.0012186013251093016
952,0.9415545912880756,708,7,0.006150730405437486,0.24924000844030436,0.3367907535552304,0.5297982954531996,0.5796982748099385,5,4.506258742221612,0.01339785476954657,0.4661530700706241
954,0.9416975710031631,718,6,0.008232842942792811,0.2517031828626162,0.33810480197721643,0.4772542377030434,0.5711911652486014,5,4.364440318413833,0.04520806199358676,0.0012201435556960106
955,0.941926854306631,695,6,0.008390305002278643,0.2550896187366887,0.3398972018903399,0.5416522278916955,0.575030529421754,5,4.900419064627231,0.013093671418381223,0.47698597906685364
958,0.9422135567975941,715,6,0.008411631172447564,0.2528982996129788,0.3592085196259427,0.5169875574139354,0.5771977896393861,5,4.354988564320159,0.012353745560459073,0.0012463202850492327
957,0.9415995955161124,713,6,0.006169924751183399,0.2605702150576267,0.364795280772257,0.5449306109395874,0.5733412391404732,5,4.369436428700647,0.01780888846658183,0.04267889264975575
956,0.9419361394356074,709,6,0.008334811725377504,0.26831123854520306,0.3603001261109023,0.5316486429564067,0.5823084430995055,5,4.406981653846828,0.012320816242721442,0.004003398004429507
960,0.9411949300378003,692,6,0.008459556282297902,0.2706435736359861,0.36347760722945216,0.5324062371930998,0.2513405724861804,5,4.378486913984846,0.007483226651872185,0.003860348436858871
964,0.9244342406126428,694,6,0.17173204115452662,0.2829682057096782,0.3668150981985765,0.5381237775209654,0.5917556618955754,3,4.846942401762939,0.017146151525361062,0.0008845718758879879
959,0.9418398034829639,798,6,0.008227876380214192,0.2727828608126019,0.3609123245888871,0.5387784861520508,0.5837641988426293,5,4.481333057791867,0.0372006420311106,0.04056273948201517
961,0.9424822598933169,690,6,0.008324938969189101,0.26661695896838633,0.363943806923371,0.5192016305429925,0.5810739250665231,3,4.3789890635379525,0.011515564828162914,0.0012399852289531512
962,0.941738038594619,690,6,0.00803618617037537,0.26887943303271833,0.3622846643718155,0.5387925208733392,0.5734793387863224,3,4.844572912944417,0.007240366794587817,0.0036499050240344226
963,0.9421171764909009,797,6,0.008311643188416824,0.8363714192842865,0.36601924295541094,0.5407856709891954,0.21902264100437674,3,4.912166245822167,0.007844366321166512,0.049494749819289016
965,0.9421967262620203,797,6,0.00952375881610045,0.3359624994717326,0.3640824393850388,0.5177926805796785,0.210826656447389,3,4.829861945015693,0.018085791678798414,0.0030492620164517597
966,0.9409403450970502,688,6,0.009494906819269832,0.28250010294498085,0.3632428047639275,0.5310774973754482,0.21614381920935122,3,0.6733237539275878,0.01752130455209134,9.806122979940378
969,0.9409549861079987,794,6,0.009719206939844321,0.32618706828788563,0.28400156959988365,0.21443997848472682,0.3959850570628828,3,4.912964909109726,0.010352434768209781,0.903211246230849
968,0.9415844368673116,687,6,0.009433043908015807,0.3393614183181343,0.2816084254324372,0.41670772753258933,0.5967944503941559,3,4.821569532049649,0.03493700894274515,0.0008696806850189384
967,0.9419305487380771,802,6,0.005036035766221565,0.2827647863217159,0.3739991273524805,0.45830938242041663,0.4962755510043689,3,4.82253015108105,0.006266067850167004,0.0038005902701577637
972,0.929149934492721,738,6,0.1116918567906671,0.2897812916044188,0.7410780702420162,0.5146404435408873,0.22108597809606448,3,4.911437728318975,0.009536203395345326,0.0015483646400073874
970,0.9419410966529433,771,6,0.009450025521003604,0.3252106427813668,0.2815576477002365,0.45489348368756866,0.5979136472167081,1,4.798279541243334,0.01022737903211798,0.0017322893147389354
971,0.9394030572109008,773,6,0.009504889436828258,0.34627993450887884,0.28745389938142274,0.21356731367714052,0.2001525113362861,1,0.6665761982138556,0.006154970570284328,0.06360667626462613
973,0.942460553543134,733,6,0.009251958261332103,0.23782669972212192,0.3780895135755982,0.7410250709081483,0.21298412936651828,3,0.6979525634437216,0.01558052946266243,0.001610041896115105
974,0.9421615477605556,687,6,0.007523505700757859,0.28679489329508107,0.3925405288271298,0.5126633426963064,0.5987052095154505,3,4.67766869884557,0.017664809887111235,0.0016283251601917673
975,0.941978086886891,734,6,0.007486479000227518,0.2918470592950028,0.37635189959723686,0.4555133762961233,0.39236088053347107,3,4.254292450112347,0.006198688473812349,0.0010602590778036813
976,0.942847323988676,735,6,0.00729399802543526,0.24535606337557223,0.3802671716790309,0.7408816363010091,0.28768631062094707,3,4.222219874666818,0.009288293862761804,0.0017967738756405464
977,0.9422549406915387,733,6,0.009101782758420097,0.2905806964610532,0.37619159539449293,0.4125370605157611,0.5944963702050017,3,4.467399908856882,0.015746524356735882,0.0015966445168098492
978,0.9418957448978805,730,6,0.007238663362473307,0.23917945823126288,0.37830205210074686,0.4998180707357337,0.6297002242211642,3,4.250639070383282,0.009184656408449648,0.0017606229183355468
980,0.9417621745031088,771,6,0.007385485255555448,0.20007327153039783,0.38211000066441114,0.49793389864835613,0.6001009248068415,3,4.252430263941568,0.01078375053547835,0.0018236204532439987
981,0.9416487272798466,731,6,0.007281069835899923,0.20004966972838187,0.38387648001317665,0.501212353943612,0.2925679848020606,3,2.156807553215833,0.017040821342354105,0.0009466587709237636
982,0.9418347836481459,741,6,0.00737850442923787,0.24054937968176143,0.38036821356428696,0.4949388392336843,0.2855001255075454,3,2.1721629971885035,0.009640953975849147,0.00101313188006939
979,0.9410899403491253,733,9,0.007328678888501544,0.24611716229904265,0.3441135697594221,0.4979884313991314,0.5938106299992724,3,2.167854836386593,0.011065102032562644,0.0008927033331669584
984,0.9413872084965746,732,6,0.007527744010146743,0.24193593114638381,0.37604678477735415,0.6164303689519481,0.23765034941335303,3,4.4489615075981215,0.015029664473889785,0.0012544978739300737
983,0.941313608951695,746,6,0.007719129917810316,0.24268311203894727,0.37928796175061996,0.8596763741271413,0.22867897818780528,3,3.228812807016775,0.017435043872936727,0.0018834066186919525
985,0.942125335027011,757,6,0.008074241600435418,0.23978728100412183,0.34687995456542564,0.6276917108467401,0.27828384777284215,3,4.22323258547827,0.021611465766390947,0.0018627897303304744
987,0.9414421417700287,506,6,0.007260750717339754,0.23911187459207045,0.3798493664219889,0.7386962334799857,0.27436434667087867,3,4.243647357821032,0.009539052243003342,0.001986267991632344
986,0.9414998740449347,736,6,0.007697874228532036,0.24147218531766967,0.3806096034475397,0.7385071404376505,0.3211690648605665,3,4.175046735763625,0.011619451429638565,0.002105268684483042
989,0.9413888605544782,750,6,0.007936774227788355,0.21791166555921365,0.38607095282848125,0.42285386613667625,0.2912092508913388,3,2.162046014493711,0.010372774662781114,0.0020824619441927594
992,0.941317331561008,522,6,0.007902638499250872,0.21943394371881958,0.3896027443498719,0.6936214606040954,0.3210054980008769,3,4.193332303305079,0.008193546994064825,0.0022060278689960237
988,0.9416579080463527,748,6,0.007702686105111334,0.23685969863041206,0.2378181492575753,0.928185764913871,0.2869718081076049,3,3.2403795724247164,0.00775924424114363,0.0019708939888826676
993,0.9417702657254257,539,6,0.00840619870066308,0.2198379229081283,0.3922083835385379,0.7259842464643508,0.27138734291439515,3,4.406062477438031,0.010314261880673326,0.0019275030769271408
995,0.9418301332564726,517,6,0.008173232193907198,0.2196185981133976,0.34838088305058473,0.739626881746908,0.3257974881112066,3,4.148076185862424,0.010656142441855507,0.0023005895132175614
990,0.9420965800355889,755,6,0.00824301192334091,0.2383799574915566,0.6985370843618848,0.7365787994165892,0.32431419826486774,3,4.417524765841619,0.007385093096295038,0.001984770622277051
994,0.9412816646431826,764,6,0.007921239540105346,0.2181399018281809,0.23906952358967154,0.7699436317231019,0.2007505220186361,3,4.3283647925145505,0.008107552627630446,0.0012765430996732447
996,0.9415597551431025,765,6,0.008365114501513796,0.21872508461750204,0.39897456695727757,0.7970749229671243,0.254121941835623,3,4.308866753325621,0.00781036426436814,0.0027638110680732347
997,0.9416285007894917,759,6,0.008312093512396928,0.22486312997619892,0.31628305264399686,0.7001705965239329,0.2425736477442997,3,4.342274759947142,0.011375286735617603,0.0011957915992261768
991,0.9412632206638192,761,9,0.007992500408469562,0.2214416537478882,0.39160775266332437,0.7449752029830049,0.3242657357833635,3,4.235287396530824,0.009384649968031403,0.001360698357039694
999,0.9417688599629518,764,6,0.008817992881793973,0.2185271694840065,0.21705754724561413,0.7695574826609662,0.2611775609989185,3,4.309420952498878,0.007871836775897634,0.0013865733552508115
998,0.941874801437355,772,6,0.005702866925396874,0.22524748681103268,0.39774537872802285,0.765471572495915,0.30797842837983497,3,4.443509036896432,0.011674413669073081,0.0026172539203941384
