trial,score,n_estimators,max_depth,learning_rate,subsample,colsample_bytree,colsample_bylevel,colsample_bynode,min_child_weight,gamma,reg_alpha,reg_lambda
0,0.8873357314231078,185,8,0.24747324850368388,0.5822514853932166,0.3043893174585797,0.2342931854825282,0.31288059312990674,2,4.480483198040909,0.012855702885324194,0.0010019063984918952
2,0.8997136940089788,387,10,0.1944680451812276,0.7467213211847968,0.5713464308631409,0.36513054689218105,0.9541015630693701,7,4.496817469742923,1.5847210917527939,0.13357577800416248
9,0.8904112672676877,214,3,0.011931677888305504,0.2785523776893801,0.9450803845419045,0.8590081661705238,0.5804717951160394,10,0.7662467191087269,0.13095590746545885,0.5062894075647979
4,0.8982821857948886,241,3,0.009972583209798734,0.9807937942354515,0.9800740712535932,0.40222103093491146,0.7700565518593656,2,1.6539990068220534,0.4886253156861996,0.056743397830819164
5,0.8936701533073041,412,5,0.052875377773453434,0.2793156752555456,0.6012900222805657,0.9291154460772426,0.8066287296646231,2,4.901049476920526,0.02595622205463726,0.0025560342256307463
7,0.8972636422440766,904,6,0.08671270838803735,0.6706753054702861,0.9426298270439966,0.28692799472338154,0.6697576216734497,4,4.375101592247926,6.98386441151077,7.027350613812468
12,0.8979281332026725,287,5,0.21466823011673922,0.8707323928326692,0.3348249695852058,0.91757202954537,0.8725726471554633,9,4.990952268560553,0.38005032923079907,0.007707117226955674
6,0.8998376642450114,297,5,0.01181916353660032,0.5873807060120745,0.5477614327981999,0.48637603407359675,0.750616158802399,1,0.6563764892511115,0.5042525598370362,4.379267548217552
3,0.901881207516079,308,10,0.03341972184124782,0.9987071875554235,0.9472301356670275,0.9730464262467953,0.526888681680325,9,1.1738407280121104,0.0015373575432629163,4.80643021825699
8,0.8993483077340729,777,10,0.01602660525468525,0.44103826520077255,0.5170761219388987,0.8074182233454111,0.5309742709531412,10,3.6094968028964143,0.020771395315189015,0.000200976527790592
10,0.8881788405610604,472,8,0.04371817554809327,0.2660829512206833,0.8626463121934818,0.7358619142536752,0.995132394889705,6,3.1875484161706953,0.0005487336878996323,0.001382515261028558
16,0.8831102012859248,172,9,0.0072386499339924006,0.5791000435451935,0.6747337508605297,0.35919319632027735,0.23446638838840705,8,1.7444383220760433,0.11445681094563663,3.75919969839939
15,0.8920340849410232,138,6,0.13240697409101435,0.7208801774812046,0.9688459541773619,0.4705087685091887,0.7787799939960776,3,0.946073331529636,0.0011381463944186514,0.332074233507955
17,0.8974705399355395,239,7,0.1043070810366128,0.28946184551463683,0.8066807703126879,0.8487036844486997,0.9390704426997613,2,4.317555355865867,2.3258312813486057,0.2887054272559647
1,0.8868871309546209,900,10,0.08012333722734692,0.4292294820478147,0.5670187814327704,0.48584181875087734,0.7493749532773324,7,0.14455779506107214,3.0544192166241513,0.0018161425728751256
13,0.8866878629153249,893,10,0.1231850659362618,0.502397658976148,0.9938316499723008,0.6207881120057163,0.43955261683787344,3,0.6889665074807194,2.2993361714830205,0.23176548161130436
11,0.9008334160657532,998,8,0.044206332461500096,0.9561630954368028,0.833575860572155,0.6904928757910473,0.8921226333572542,2,3.232571565946454,0.24846896679196953,0.005801733343721788
18,0.8873843020683946,889,7,0.012485247781941934,0.45317379330593294,0.24897457295841763,0.408250765743923,0.9477652800132912,1,4.966682335743864,8.034453800752125,0.7108432722150296
19,0.8966861477316306,580,8,0.03412351393477721,0.4225074958679237,0.7688905671618873,0.643472064559687,0.2162025629214694,6,2.4199266076889474,0.00011902100854078163,0.7982999049070995
24,0.9028383904709523,581,4,0.02312269496573677,0.9613466226904608,0.3927408926770066,0.6144850304430929,0.43703142652147703,5,2.0951482082616986,0.002977790281772547,1.7102384204045207
23,0.9022361229833612,576,4,0.025244896316187794,0.974223189511673,0.43388340965269656,0.6130798479343151,0.39006181137696094,5,0.050446985226934915,0.0024730730666645373,3.038230981826741
14,0.9020368639141345,748,8,0.01976711692421924,0.6374028297432268,0.786086851783917,0.4404790111546267,0.4915154111771557,3,1.9486597261665206,0.016170684437157336,1.8946315705935324
25,0.9038118908942788,591,4,0.02378117144577601,0.9836479622928472,0.4246477357649294,0.6137731673957829,0.4088325314929624,5,1.9870834596396536,0.00015003288342104235,1.679135126364291
26,0.9025037082114874,634,8,0.021303579021148416,0.9883040901866135,0.7641825102807749,0.99865598216925,0.3528678953019544,5,2.749099672347801,0.0031533159942884513,0.017791604962425656
20,0.8962007739315065,593,8,0.0054520846460991935,0.4748638422522017,0.7794497713357763,0.6049618671573526,0.40357247102844135,5,0.06656526310527577,0.00011524031462386529,6.179580096102849
29,0.9022072354069742,607,4,0.02316888374760896,0.8469097835460287,0.44553901876900937,0.5721063245282574,0.4187762548664781,5,2.0695721991672804,0.003856776290726165,1.9207119360336873
31,0.9035471207475941,642,4,0.01990867016476133,0.85575617247682,0.4260391593756227,0.5687644222116162,0.38434444638923937,5,2.304315468583138,0.005281475033429149,1.756763434549478
21,0.8985862381560116,589,7,0.024020385355429337,0.978646456105599,0.7635247050081456,0.5958553632399857,0.42528955295382626,5,0.0636108867475138,0.00027022205829723057,1.527340689629821
27,0.9014504837117527,609,9,0.025906812000459755,0.9988710345971759,0.762366976066465,0.9947369994779298,0.4159345559599728,5,2.460191874603728,0.002749579595685112,0.027711975952516024
30,0.9022688584914691,650,4,0.02263060262002914,0.8675502518071041,0.3928481130793569,0.5381158799084315,0.40766569664364805,5,1.4258858990170635,0.002957699657842234,1.8197292468158377
28,0.9027634291973266,677,9,0.02667906582339111,0.9944746103619609,0.7535151342848327,0.972582197877379,0.4138883238498244,5,2.728170475119409,0.004538694698198678,0.02496425154948592
32,0.9025280151991287,577,4,0.02222609219081866,0.8726442750444685,0.42848761246603095,0.5772468407714251,0.38459003927900576,5,2.4349632534077896,0.003990832851103348,1.6365793532431718
22,0.9008959284033994,583,7,0.02142764639497869,0.9936645946805437,0.775812984902972,0.6481191173960599,0.46888276886988767,5,0.12192068704285974,0.00013042995995552525,1.7419677275502405
33,0.9028885704835214,631,4,0.02320535752318646,0.8701151692040131,0.400997511789331,0.5710240426918021,0.35386966493928734,5,2.55131602782832,0.00011411483967419053,0.03472135162032396
34,0.9017542461419883,660,4,0.020192113560955738,0.8589976078756569,0.40861133071769357,0.5532107913842292,0.32620767742710177,5,2.470627065586613,0.0051885395217357785,0.031016614930504283
39,0.8993839599590696,496,3,0.01621689190495416,0.8083698902214466,0.31110803716054614,0.7010367750796505,0.28901378134906325,4,2.305625208459815,0.008014523056157354,9.89908332844311
36,0.9028199667845932,735,4,0.059064253213139406,0.8830769320019749,0.3827601879643513,0.5506766501438894,0.29512268683316967,4,2.462425965717712,0.0003607804657337608,1.2312090107927665
37,0.9032885397207444,716,4,0.05803718050892459,0.8910650333843313,0.4096052425148591,0.5365161503118565,0.2920776500138777,6,2.424628825573129,0.005793152242351222,0.08101414837209706
35,0.9025824768994866,700,4,0.017283982710370543,0.8848367177754278,0.37929853187630547,0.5426158881632299,0.31950101135115566,4,2.5517543694494353,0.0003362259564437028,0.05132881114157625
41,0.9031603803102659,719,3,0.01667703853368515,0.9208528102993975,0.3099136257297075,0.7419474468263979,0.2858372136639223,4,2.9877181095251415,0.008490109612651639,0.0003421043387361287
40,0.9027193732335805,727,3,0.016472378729504324,0.9176004626200049,0.30796019768240257,0.7428995845310279,0.3044723580675159,4,2.323903407832522,0.006306635045439615,0.11107835444453189
38,0.9017651026625965,733,4,0.016193392033120663,0.8862575399564674,0.377849531431696,0.5482335234037921,0.27951136180006797,4,1.3577428398450448,0.006405528227776405,0.10967252207068054
44,0.8973429689768174,482,3,0.06381054566304184,0.788049565016259,0.3219687427635532,0.7463793282981367,0.25896440404739096,7,1.968561290142425,0.0004200613025934132,0.06543897444016128
43,0.8999527757773341,475,3,0.01607753733041662,0.7868413426106636,0.34327049309644275,0.5370517117709964,0.26530306849372226,6,2.1085366743026572,0.0005293438566684917,0.07063383313219741
45,0.9027846337572356,499,3,0.057529154047896276,0.9135688728294477,0.4872770807167933,0.5118806498503624,0.5924275351760484,7,2.8992272684603013,0.0005823086775424456,0.10327721057682954
42,0.9030908159777187,728,5,0.015250125991105217,0.8993161821113911,0.3272936772124961,0.7439561552113887,0.28182113108320295,4,2.8911614237476075,0.04449542965652994,0.00023704545350826715
48,0.9022333940297894,510,3,0.03697872959754889,0.7850192113266796,0.47820233260091616,0.4934913635357232,0.257054929227881,7,3.0947330200255565,0.04380840506880542,0.11389811196237073
47,0.9000016963313449,505,3,0.05855447622864696,0.7884069580112928,0.4974832425490398,0.5160084597338004,0.25705597956683335,7,3.082677239355912,0.0008251731086130606,0.0697029469766169
46,0.9009675278014377,512,5,0.03085098162298956,0.9189719021909777,0.22978190824431804,0.5052765437659053,0.5897878274120704,7,1.4015831861787509,0.0011403004642953228,0.09881572835892061
49,0.9024837851552222,823,3,0.03411754256529989,0.7927289791315019,0.49200760203525096,0.780007173642734,0.25565076988015245,7,3.158972767910643,0.05702715210314888,0.00037492512676900785
50,0.9012158476770317,832,5,0.032784718656709004,0.7904831355741024,0.49413522469150706,0.5025380449836534,0.25820241991730897,6,2.9951628291118473,0.043650264281122696,0.0008033727195414585
51,0.8980374311417944,823,5,0.03293837930066406,0.793588512592703,0.2134079840068212,0.4749877864872819,0.24923793091822233,6,3.0508588509685515,0.03400953602304785,0.00047366355876439395
52,0.9012286429489113,811,5,0.034300797001278485,0.9273271948057518,0.5125554304750706,0.5044754055102241,0.20227698053132925,6,3.2259207866545543,0.037642160599560055,0.0003846605591609789
56,0.893890753768007,784,5,0.29087668399188604,0.9297232205384043,0.24436068698571234,0.7799998655069252,0.34847008046460254,6,3.5256429262543163,0.04778868504700746,0.0002207049500387784
54,0.9020056954315405,796,5,0.032997989654493576,0.8251940798792681,0.24834499061634976,0.8002575370431234,0.35080716486366076,6,3.461024101578256,0.05981391830356237,0.00046048727654568467
53,0.9026163994214397,803,5,0.035961330702050424,0.925876777746063,0.48826294929573993,0.6792536810427503,0.5838009438477783,7,3.1036751715579607,0.02912511507906835,0.0004348645080778646
55,0.9018269037041462,809,5,0.009710629884805233,0.9349307360047135,0.20776640270865027,0.7893459353632909,0.3542964131201036,6,3.613137067239312,0.06276551313581387,0.0002816970102537506
58,0.9007471492359265,789,5,0.008247794456376094,0.7344925301607087,0.26366796476928106,0.7947043634509522,0.36673730157777795,6,4.087543282883624,0.037537815429951576,0.00027836448809401537
57,0.9007319580433062,812,5,0.009019938188030537,0.9391149741336668,0.20116387025695032,0.6958422794768364,0.35329121866822844,3,3.5323655378023826,0.06371932727451367,0.00027635462760597455
63,0.8989791623159297,409,6,0.009774940375356908,0.8364536599941219,0.28207331259637286,0.7003559973248472,0.35479443620922513,3,3.543972570372157,0.01143116930370699,0.00010106064851319807
60,0.9038732920075647,788,5,0.012985218910228295,0.9411993293679707,0.5625746023408613,0.6874655500793873,0.3644208909092176,3,3.5663709856927577,0.011989510105770155,0.00014472686974264381
61,0.9019297506430173,777,6,0.009463026098353514,0.9368477554388386,0.26573990140441667,0.6865473082597415,0.3567725891625365,3,3.72173288800627,0.012657648531588923,0.002499466666069978
62,0.9024624485528511,777,6,0.013168373619438003,0.828291941481269,0.2780007697041741,0.6856591270481284,0.3574288077668833,3,3.4657247572963303,0.01910822000412454,0.000100863474775335
65,0.9004806985695446,386,6,0.009788907708316493,0.9495002304873952,0.27477356558926325,0.6722930517210655,0.4783580241958312,3,2.7842738031020393,0.010354178422594269,0.00012020222506219312
59,0.9019222793353805,796,5,0.009996738518850485,0.7384038615398701,0.5460120626447902,0.6991067600977074,0.20066392079379725,6,1.6839790165299675,0.0313411969501863,0.0001018281772415131
64,0.9027792184199128,692,6,0.012564289626408645,0.7393310575582746,0.5588562020841401,0.686317142019937,0.4696761717315756,3,1.7590554293758855,0.010261580745536713,0.0025655334729978415
69,0.8961372547415787,699,6,0.012608418261818936,0.20643386719955148,0.5576256818399826,0.6578705594773884,0.482767889991268,4,2.714914077109929,0.00022398891185066003,0.0024172326134764425
74,0.9044569693303901,544,4,0.013569833152159842,0.9053681174576539,0.6197897257553195,0.6401320745153256,0.5394079221722738,4,3.8663966812411195,0.00018821820078388573,0.0056343030394122836
66,0.9008599578169563,679,6,0.013263058815362879,0.7291724104997881,0.2812881947326813,0.869085038150738,0.46954967315340096,3,1.7355832514632858,0.012457379911868452,0.00012462672396342184
72,0.9040909454963988,695,4,0.013841728589288407,0.8968832521114263,0.5778213155650351,0.6462327652886657,0.4832883281803101,4,2.699209935316709,0.000176682961747148,0.0009231773600640911
70,0.9029675286072237,690,6,0.01406634938248074,0.897647126734033,0.5919925310435981,0.653932619813781,0.46202877462569036,3,3.863333446595208,0.015078609851336754,0.0026029057550572116
71,0.9030215084324125,698,4,0.013050974460588883,0.7011534866610802,0.5960350277383996,0.6476031862201514,0.47518956980199445,4,2.8064094752063475,0.00019151146650542422,0.010404941721803338
68,0.9022004820849773,541,6,0.012296187776977158,0.8307610749275048,0.5647648607913732,0.6507154137918102,0.4753709413697623,3,1.8263787696102365,0.012006842608965453,0.0024501233964245033
73,0.9034403219610286,695,4,0.01393879137781938,0.7550008541607569,0.5669096234246523,0.6485862583977025,0.453376912551684,4,1.8430080579655375,0.8936899705717243,0.005903004193774172
67,0.9023231741621377,545,6,0.01317939001255837,0.7100468280074098,0.6111760842097844,0.8573213932443993,0.47327363599735034,3,1.6982807361945294,0.012313234258320873,0.0025376153748917487
75,0.903705186445477,552,4,0.01395705748010059,0.8987965887057165,0.348580513311597,0.6425287743408635,0.5324461483116827,4,2.659976896088622,0.0001775460334150772,0.0071466460342852365
80,0.9030553129751476,545,4,0.01911990232295486,0.9577964759189289,0.6402407668958792,0.6285072994092794,0.5308400360115137,4,4.5151113415485895,0.0020475959268795463,0.0011117888987549763
76,0.9035109557082907,634,4,0.01415044185193379,0.902027406925505,0.6033243718679625,0.6327239800958961,0.3174200055912804,2,3.9667514614937804,0.0018749988610977045,0.007395344541429585
81,0.9042671175074226,552,4,0.01847245127698395,0.9577519093344554,0.6400094030795551,0.7231010017274606,0.5246063480149761,4,3.342527064957593,0.0018759241230861593,0.0007917088190556645
83,0.9026652942815229,857,4,0.01815479278869483,0.9691914311219081,0.6563851971119857,0.208171552737911,0.5193385638323678,2,4.4809248330478955,0.002001361012470305,0.0009179653704855721
79,0.9027673054835889,560,4,0.006208987016478358,0.9678952901625938,0.6123946598365725,0.4315049540928454,0.5316067486130489,4,4.179832576137995,0.0018913472345441025,0.00788476232220372
82,0.9034179844357437,853,4,0.014743736850540562,0.9604864991845194,0.6281644514543121,0.22114649088064786,0.6392844718816583,2,4.127099225467842,0.001695626744673306,0.0007992798378991617
84,0.9050554754702353,631,4,0.018731445759421893,0.9651840779897982,0.6483745873972282,0.6299113201918541,0.5152932906605723,2,2.2452207892848355,0.45725668619034743,0.004178121273233021
85,0.9037038659448365,549,4,0.018931358971738758,0.9646745401080409,0.6376756267853607,0.5950570844368386,0.5225732268851103,2,4.621988211539355,1.3037447661709916,0.004453065876758757
78,0.9029076965719254,546,4,0.005816744384824911,0.901399831488822,0.6234840367953659,0.633297524521725,0.5216860529856023,2,3.8001337852922745,0.0014702533380402396,0.01036056023206538
77,0.9042206878200567,867,4,0.013712140770825599,0.9600622770599492,0.6185070297576992,0.834327787776219,0.6539402630533927,2,4.651586288537536,0.11977943742773513,0.007421093086587998
87,0.9036031256799768,631,4,0.010999164577220786,0.6210687481478643,0.6810413266513023,0.5871446640998434,0.555082269318627,2,4.166220062142745,0.00017711415060368973,0.005203951410207169
93,0.9036828702051025,621,4,0.029157356955055076,0.8522811812467765,0.7068793419607886,0.5816774220518788,0.5529602743608489,1,4.680830907274722,0.0001654510183754367,0.0038263043595036924
88,0.9044584663437523,627,4,0.010832579841117995,0.9699314237046335,0.7206863022035015,0.5925564598244073,0.62688634830334,2,4.046049712449098,0.0001658249399365052,0.0006883012136994726
92,0.9031910175062915,621,4,0.027056223680312484,0.86024244386233,0.7161502920317412,0.5865948530453063,0.5565016627801807,1,2.247951186944473,0.0001695100857952931,0.015743244154736696
86,0.9043322649169822,632,4,0.006837723059401951,0.7580227587972649,0.6641830983158916,0.6253508760868609,0.561331415613366,2,2.1997009434897508,0.0001713669654048769,0.007024284966942165
95,0.901106973079575,613,4,0.01087348255485512,0.996759181608351,0.7015036900132365,0.5924868145707396,0.5580269598617177,1,4.8749055390740015,5.082580622875151,0.004254187747295966
90,0.9038688636059289,636,4,0.010809643682880298,0.8573940473405373,0.6677242147455148,0.5951933916175479,0.6262880759113965,2,3.9053180948858017,0.00016459983908864115,0.004077766562477164
89,0.90515966936385,625,4,0.007454587863998799,0.8493040134441802,0.7302842189523182,0.5910032825225399,0.6485044232709896,2,4.754804800444157,0.00016414666574492297,0.00452085677262838
91,0.9035998365531727,622,4,0.010870813553033213,0.6514068286918673,0.706574432473619,0.5869385908219317,0.5531486229711873,1,3.96713147394934,0.0001572151181493349,0.004949035108857116
94,0.9042660796399857,606,4,0.010966032803349731,0.9847700545005356,0.7076630029149693,0.5886196747017886,0.5588704064746834,5,2.227148174428477,1.0460086076418982,0.0015526136158667382
96,0.9034576738761293,994,4,0.028423088795798124,0.9999065446115337,0.710694873961826,0.7253386507131913,0.7067367979665907,1,4.728498655529304,0.21892931391475076,0.0035150342519615707
99,0.901199756056682,758,3,0.011532901045296483,0.9849114556484512,0.720253822803629,0.7173924193854112,0.6808942798834929,1,4.810816670024188,5.181203764047604,0.0005779774875488925
100,0.9039067524189084,655,4,0.011256660235272104,0.9828777176376191,0.6746978339119635,0.7202272378469186,0.6242275358957179,2,4.833946978688002,0.000308976411336788,0.0015149716576804344
98,0.9052055442752287,951,3,0.011201940300594489,0.9981570943614079,0.7377052576366332,0.7239513309344359,0.6983246990828827,1,3.318522707491037,0.24805267701107522,0.0013661945671540666
104,0.9053579073655156,658,3,0.007745283966764518,0.9452485152590814,0.7378730396541936,0.7159030012040055,0.706187227791438,2,3.3569420559985885,0.30868488162777363,0.0014796744667855512
97,0.904815594605528,942,4,0.010941839318098112,0.999422197042573,0.7125604312580784,0.7235511633670704,0.6806234165305228,1,2.1991685765696305,0.3072950421481424,0.17148690016992163
101,0.9053544640751457,998,3,0.008270475254423006,0.9805264825862915,0.6710377109464463,0.7226612170360438,0.6605985111645984,2,3.321112900568357,0.31150129562672213,0.001700905540011766
103,0.9047273776978167,991,3,0.00763299695317167,0.9467855640995302,0.7351532042767959,0.6132109953531306,0.703315663602963,2,3.9919699209177137,0.18602533351919895,0.001703683966599262
102,0.9047313527308601,956,3,0.007114496859542314,0.9824482047448839,0.7373493738746849,0.7199852005836487,0.7019816851241268,2,3.3850549826693714,0.2633775562411774,0.000691174154617831
106,0.9043755806219501,659,3,0.007607784400375614,0.946194295626747,0.7493665043572818,0.725874085006219,0.6906296968060437,2,3.335701965442265,0.679910812742129,0.0014561086973051208
107,0.9049453246903623,661,3,0.00834471708609815,0.9467799360394248,0.7357844141446253,0.6167916923324759,0.6159799771841111,2,2.2160460468572367,0.00027802777439760114,0.0014953015475437014
108,0.902114530651913,666,3,0.007759264554914502,0.39015876609800615,0.7380015934319362,0.7592271169935925,0.6105973946510852,2,4.343037725135013,0.00026780587842731464,0.0016807565689176197
105,0.9048751666608489,954,3,0.007365234615557186,0.9776354469095208,0.7490097068519499,0.8292913311729052,0.7138160777424265,2,3.3588079015797874,0.43159918749261234,0.001654542242998382
109,0.9015566051060432,448,3,0.007552209143080042,0.9463162040040379,0.8153985338557237,0.826384017384428,0.7232755833438654,2,4.329776219120109,0.5766719905421889,0.0015978631661595507
112,0.9051629239026747,936,3,0.007196750693511925,0.980214067515208,0.7380104031976076,0.7519854459132584,0.7227602579272728,1,3.3845975520060567,0.44814468415928915,0.0016528237383142538
111,0.9049728500324807,944,3,0.007618034011228591,0.9801910804089955,0.7387335856185538,0.8212393876443187,0.7353883683347433,1,3.3753159036503524,0.4268587471572331,0.0017818108836116218
114,0.9046946299508853,939,3,0.0073340126141223086,0.9419632197664738,0.7357127305536479,0.7590545715625001,0.7252440455420123,1,4.338879188861627,0.38135697236452143,0.001920260917121892
110,0.9051664124234794,943,3,0.0073925947051386035,0.9538651386608814,0.7451751101287785,0.827370859888292,0.7171646609097355,2,3.3476258236405414,0.4497317189406773,0.0012145779950217248
113,0.9044493193815407,929,3,0.006894631923752214,0.9512774680392287,0.7356142585296852,0.7578601902013598,0.7273385601458032,1,3.2492323099826796,0.4637616821456864,0.0011716200401476731
116,0.9047385835950262,950,3,0.008638503955163603,0.9170612424763318,0.8041006222729918,0.7536021078294617,0.734241464457564,1,4.312458143294863,0.3137501638184329,0.0006027622415013921
115,0.9050378850121026,958,3,0.00752427837293657,0.9473979303899381,0.7362119087731321,0.7715783791124516,0.7252745938759809,1,3.3217004369978564,0.4486238297358085,0.0012083291384603295
117,0.9053180698429673,958,3,0.006454229187457412,0.9126784640500648,0.800517407271471,0.7586275571704895,0.7238293584636372,1,3.728283734758569,0.33532608834052735,0.0006174738870366369
119,0.9051983242055529,974,3,0.008400417647497384,0.9780258746050827,0.8528803617746775,0.7639950545383459,0.7881958047797721,1,3.315722573925324,0.31851909181317456,0.0005835847459295844
118,0.9047778991051458,939,3,0.00860718484025926,0.9459851103710987,0.8066553750721217,0.9511910918382828,0.7343722544218662,1,3.3343238027631568,0.33753292008291164,0.00115750871159367
120,0.9046680181115129,955,3,0.008732416443181686,0.9998228258948073,0.7933350834810902,0.26266516619656255,0.7833122167393147,1,3.3384635004622085,0.30475426700373986,0.001140519937412549
124,0.9053532652025649,967,3,0.008587512174043776,0.9215645648926722,0.7865432412112562,0.8242550713421529,0.7773860756393693,1,3.7136421363703382,0.3103207889032548,0.0006252348292178989
123,0.9047805234585862,934,3,0.00871665788886057,0.983196693277328,0.7903306306956118,0.890262433892842,0.7882009232007775,1,3.288469764676366,0.32940115500727896,0.0011426777603848878
122,0.9041885644811767,943,3,0.005124258478198966,0.9763497025520537,0.8715772596088995,0.7701085074020612,0.7752304116062355,1,3.3415056777269503,0.2318167449146104,0.19027335566623793
121,0.9032699666599244,961,3,0.005048189934203739,0.9984940730191447,0.7961878401451499,0.8825227096840533,0.7737032836595499,1,3.695136473771327,0.33872885406384773,0.0012697816204505193
126,0.9035196362268932,916,3,0.005311833435093602,0.9979784519966549,0.7921534426445068,0.9155305750503182,0.7868795923403173,1,3.664666298316357,0.18285142700027177,0.0030529893188084903
125,0.9048196075713225,968,3,0.005227284531047564,0.9239225367174992,0.8721883660412221,0.9111844022189085,0.825157012654477,1,3.2617595849596985,0.31088256341627657,0.0012796555798200947
128,0.9043321701231131,892,3,0.0051691618724106665,0.878659476421066,0.8431601450250596,0.8087523092608788,0.790741605604352,1,3.705457239960791,0.7187545983473475,0.0033039843702351783
127,0.9036001415355324,913,3,0.005040275321714478,0.9267635636230199,0.8654783457017003,0.8109651169727975,0.7715657454342757,1,3.681929085818611,0.15657732240138855,0.0012085966097196506
130,0.9045545352549269,908,3,0.005305096933495189,0.880387565938557,0.8498521883001292,0.8968683464640006,0.8448102862382817,1,3.6572656815919853,0.18278789155992575,0.001970975721475317
129,0.9042270485874908,974,3,0.005131315440324468,0.9283788828039506,0.8698303925155576,0.8794861120316592,0.7945843709444522,1,3.702832646467515,0.7039188964139664,0.0032093577334045154
133,0.9043602255355191,904,3,0.006437749706214202,0.878646264074122,0.8248811728048892,0.8205882017086199,0.8220183993464745,1,3.614891156103865,0.15227057214593556,0.00305243054189523
132,0.9050498465236329,977,3,0.005366769085211282,0.8834364512856769,0.8532682863679785,0.8113994318713469,0.7616582356425461,1,3.67415999517255,0.09080784234759832,0.003251911017701757
134,0.9050845128771885,914,3,0.0062054501558611724,0.8740733295683368,0.8639269555634849,0.8153500016759935,0.8120374399389211,1,3.7097770070213394,0.14524023472591932,0.003287208776587224
131,0.9044455953584057,915,3,0.0052935338218339555,0.9253789273695677,0.8818124549603276,0.8901268927754334,0.8469414542563783,1,3.6936772350569895,0.18887514774464403,0.0032217910179689166
135,0.9052444774931534,885,3,0.008042016952990911,0.9284068571607418,0.870161580717225,0.809524276990028,0.8635453809649949,1,3.181479365820471,0.09344248886485856,0.002036834835089384
138,0.9053000035910685,983,3,0.006512747900538242,0.9103997721299801,0.7723205028893626,0.7755814664164101,0.6620830669696114,1,3.1662520358143604,0.08457162743232326,0.0005224294696737073
136,0.9046326802190328,893,3,0.0062639450114728296,0.9151465697101184,0.8397208988909964,0.7854566480568479,0.8293109527405023,1,3.1565064431696803,0.08944443914721383,0.001980638341009335
137,0.9052827503467313,978,3,0.006376632547384707,0.9280762069563006,0.7741821202151623,0.8054190004189273,0.753501630160385,1,2.9620729320677217,0.08805197181435163,0.0005458154584393822
139,0.9050575784193875,976,3,0.0062699899883874605,0.9110938593359958,0.895342959423373,0.8372651851051064,0.6593986054742152,2,2.9428942531885847,0.6138271580442607,0.0020142646895566353
140,0.9049293920987006,983,3,0.0062985884779267,0.9717144745246582,0.7668911530166093,0.8193153177033612,0.7392975972571593,2,3.459361031118395,0.454384576328805,0.0005151289376210369
141,0.9047424281819756,981,3,0.006076635932923753,0.9708492462688406,0.7677434931935564,0.8506317566528746,0.75321347858895,2,3.4626981740821448,0.49900942640254264,0.0021207412581453556
142,0.9053963289093965,981,3,0.0065474892083225746,0.9127315273270734,0.8886160174676355,0.8480830560472967,0.6567256862908508,2,3.163030665012148,0.09936469769209007,0.0005384103073013234
144,0.9046948972285465,982,3,0.006017874344936158,0.912022338796953,0.910091412906178,0.7840054397622652,0.7525578334010642,1,3.164602785593738,0.0784207922477847,0.0005571463912453213
143,0.9049863705116661,984,3,0.006006659412760224,0.8124257402340928,0.9001423793754796,0.8402679641137694,0.7559634659903139,1,3.4677649550155687,0.5257314269093243,0.0021426685944355415
146,0.9053023022093616,980,3,0.0058869943004281585,0.9046532778587645,0.7718311525943776,0.8457961327027591,0.7523409934601256,2,3.45598893188813,0.12289938192274528,0.0005301104344209712
147,0.904353520256606,982,3,0.006044018891070704,0.907098363453195,0.9045409323899188,0.8037510023166349,0.9099257523372061,10,2.924167958105526,0.11523756578984534,0.000485135018899421
145,0.9047698204173862,981,3,0.0059155935739240465,0.9074456415470841,0.8997265403459158,0.7869071799105183,0.7522562569593663,1,3.167537939395198,0.08597838497000232,0.0005353885264805419
148,0.9051006537569023,995,3,0.005773280095704966,0.9080239498730422,0.7680235435091924,0.848722992597503,0.9148203225720929,2,2.9044211604244787,0.09061588980281525,0.000519108382168796
149,0.9040947386194753,1000,3,0.005860039822312759,0.9064567644800566,0.9175531604847562,0.8441744317373385,0.6542013748125177,10,3.003923672333752,0.09519901295023651,0.0005485293648701744
150,0.9042005693227033,998,3,0.005869356302314727,0.911829345871455,0.9065384082498257,0.8455422804694714,0.9052843838397999,9,2.9896170817093526,0.09796458104902077,0.00036887498705673175
154,0.9041846795289151,874,3,0.006839476511987004,0.9026637223585259,0.9042889278216394,0.8631016267811271,0.6606551483588189,10,2.840907002881941,0.0995063261570031,0.0003184467352474373
152,0.903966332075983,976,3,0.0057881662154624786,0.9090514573025354,0.8998451057374477,0.8378921408211151,0.6554278120571152,10,2.922449069778051,0.10713352733668284,0.00035645040008271865
151,0.9043515999775963,999,3,0.005820892329233373,0.9037137986784866,0.9171523937279659,0.7931044629664854,0.9198446598246892,9,3.0590295543159773,0.08022054498971135,0.0008015206369667116
156,0.9052716301973038,881,3,0.006848787641722231,0.8465468156955701,0.6886698956479624,0.8585042566666437,0.6610835044772964,2,3.034074691040418,0.14371719620210002,0.00035325164369584284
159,0.9045512099437751,880,3,0.006757287500585908,0.93396210298561,0.6853397504327092,0.3549709746962153,0.9842755407880085,2,2.869477153368394,0.12137734696716233,0.0003391431150470584
153,0.9051927435300866,997,3,0.006704861946592233,0.812489910547792,0.9026584158364842,0.8390200846796576,0.6640016228022183,2,2.9153176349716876,0.12658204669227405,0.00035529391985862494
155,0.9049376226695,870,3,0.006950798501605035,0.8944974591543029,0.7781896571003541,0.8619853470225792,0.8794591120430674,2,2.9963596323825805,0.1178694408207289,0.00033848762890210357
166,0.8940592388856583,104,3,0.007969378514943035,0.8140251231662589,0.95459034709236,0.8703600113932104,0.6856276659906967,2,3.0785009299653843,0.2342893811469124,0.00024164829111606782
157,0.9055985364708425,1000,3,0.00674523333171042,0.8913068827444004,0.928913133635072,0.8653374448626827,0.6662356294536385,2,3.060431023661208,0.11749223013875702,0.0003654672255575828
158,0.9055060384074654,874,3,0.008111819689793515,0.8955788629540141,0.7798216461729941,0.8617041344066138,0.9089099861314158,2,3.019349307493763,0.10824906144481879,0.00033865083887370267
160,0.9053344580837475,874,3,0.007031869872477063,0.8652599467863662,0.7771555802053067,0.8709591516257498,0.9824742531614093,2,3.081935022094791,0.13484060555711525,0.000866008894080767
164,0.9052480066833402,923,3,0.006793876679508893,0.8497163796891178,0.7610772171302579,0.7663207696098366,0.681275021716896,2,3.080366646206271,0.2487182073947598,0.00017572194057607595
163,0.904858759795772,915,3,0.006667002933487621,0.8485749894354043,0.7783980724204107,0.7433469950568443,0.8748506883860714,2,3.195273054610533,0.15353772610990685,0.00020830996286141067
161,0.9047970095339372,925,3,0.008160923831710755,0.8460178375405347,0.9295481302269745,0.7972976258806058,0.8718564301959238,2,3.0881237049531576,0.24062563221463806,0.00019579717595158918
167,0.905209568947724,926,3,0.008076558845847213,0.8463932398086517,0.9313910337514016,0.744738629041064,0.6752254455981542,2,3.201565251934223,0.24630759180759998,0.0002480686988241286
162,0.9050267672192188,925,3,0.006669485158987683,0.8658259532820901,0.934646804714775,0.7992522060820263,0.8770166597762731,2,3.1069769653378287,0.13732304207403276,0.0009113045342894094
165,0.904932361647778,928,3,0.006773954618571319,0.8440053573924502,0.7759524520897568,0.8676813761400578,0.8732228255753043,2,3.105201647414556,0.23217637323361576,0.00021972180056715392
168,0.9046953402587541,926,3,0.00961883572078239,0.8413247538795353,0.8238596853704087,0.7678732290260804,0.6942892647874542,2,3.1779480154990183,0.2363152085061119,0.0009504175104885001
169,0.9057003304147869,927,3,0.009196304130831064,0.839913318580178,0.9389916700630959,0.7396729873404343,0.6776815346047642,2,2.6100822108931765,0.05687478378523085,0.00020048810274604276
170,0.9053619331022563,933,3,0.009192293050014903,0.8410069152828848,0.9457999563901653,0.746171957151735,0.6772390004086202,2,3.2105188066042745,0.06972814490280911,0.00018588064315063169
180,0.8945443811363637,851,3,0.16853445718246138,0.8314188352485546,0.9527566206937366,0.7042495538379245,0.6777155649518889,3,2.7532946410581705,0.06338047393065177,0.00014182141719372405
172,0.9055063001358464,926,3,0.009339065032946282,0.8484298782324359,0.9351366032065973,0.7380121300402402,0.6700741323884262,2,2.6422754564859754,0.0666733456220551,0.00017866417245912953
173,0.9050998976104585,833,3,0.009163240232103178,0.8401684466113702,0.9391355624385177,0.9020486359434077,0.6742557933170038,2,3.1070981630448,0.06686847472453461,0.00014035737006459854
179,0.9049649046794815,832,3,0.00962100671166394,0.8639669949157611,0.6937732551525201,0.7040784801477085,0.6732838135903417,3,2.5855605660612175,0.06514800349731632,0.0001537042948896567
174,0.904555098924966,840,3,0.00910624751958558,0.8671967363851363,0.8180300161631031,0.7062375621492022,0.9752141788373596,2,2.5680959438226907,0.060811431621521875,0.00014866790713230027
171,0.9048713264829168,848,3,0.009403586003546285,0.8672489574482377,0.9410125353248188,0.8619622907690692,0.9676632394466708,2,3.2157475806290856,0.14711152670483996,0.00019381703251193292
175,0.9046525681551953,851,3,0.009624376222604016,0.8638802239396244,0.8176679283682258,0.9357374699696392,0.9847243993571916,3,3.1490898150740203,0.06099592835343841,0.00014782452932425978
177,0.9044423977567163,962,3,0.009348840318895007,0.8650082163733205,0.97249414840493,0.9387888132550198,0.6766126187771623,3,2.615759578611298,0.06644913675476033,0.00016285755269966352
176,0.9042237434209861,957,3,0.009349850958156845,0.8342687912500539,0.8174948393805784,0.9323643402608722,0.9808098457687262,3,3.2234920761553214,0.06743540893219006,0.000187761312082229
178,0.9052883873511925,854,3,0.008149783241266194,0.8687607107838679,0.9991368217386405,0.9389504425312476,0.9697453822125642,3,2.598248307875379,0.06846416173092346,0.0006794854809032718
183,0.9047111925758962,894,3,0.01006357990819379,0.8639468857340401,0.9905451051370445,0.7404533197131808,0.638963557709828,3,2.6732362447922275,0.0496703175399281,0.00018100395717721984
185,0.9052828703784226,891,3,0.008468323296572442,0.8243987730142616,0.98113187855978,0.7365658432888712,0.6358734467143605,2,2.6257301405926525,0.04937706836278852,0.00026778234905889224
182,0.9043915249963298,892,3,0.010149708354249594,0.8277891556767447,0.9618475546277437,0.7384939161126493,0.9824392352676987,3,2.604825874084687,0.047135427695313925,0.00016028271756162585
181,0.9048625768643728,892,3,0.008940305620619643,0.8712555744139795,0.9965450629673979,0.7402273571857814,0.9776657178325998,2,2.645794336181042,0.053921779898388214,0.00017032158523194724
184,0.905253746311477,892,3,0.008015212068147766,0.8656558288400964,0.9763135395158957,0.9296158062133035,0.6323381498105076,2,2.6005777368654246,0.04612328177043009,0.0002670251877352362
186,0.9057020559368661,893,3,0.008271633057345929,0.8892868304461867,0.9984226541080655,0.9333108251525325,0.6367070897249658,2,0.43649467986985346,0.05333900672599407,0.00028488295828330105
187,0.9057321136512051,900,3,0.00780285831344635,0.8866139859612249,0.9951722442768065,0.7437268417156124,0.6398211539750803,2,2.79883436684703,0.036924251009413954,0.00027817728182946656
189,0.9051888904291732,899,3,0.008247161270134461,0.7700178113997781,0.9939164182126149,0.7404118200670361,0.5989890094534054,2,2.7502790540219544,0.18302628599506082,0.00028646478350093134
197,0.8999984560838172,271,3,0.008495786594535404,0.7744571379815652,0.9843923214232612,0.9999536102861195,0.5942131664396579,2,2.46790554996962,0.03054147586678054,0.0006979167459410068
190,0.905013939487851,893,3,0.008160250256556886,0.8215160913951494,0.9970291547651096,0.7333501804044855,0.94928498278082,2,2.750981256411351,0.03757316639469798,0.0002767918772486606
191,0.9051203643441503,883,3,0.008201276932434809,0.8839816623973784,0.9874455076150053,0.7355044077896145,0.6428398842302832,2,2.3697531636407976,0.03882365438765294,0.0004460908047971484
193,0.9055573284281142,888,3,0.008293244611198836,0.891301904022263,0.755246578999236,0.7702302825348012,0.9555440531588295,2,2.425262765617703,0.036388007735184816,0.0004404631794398046
192,0.9051819401457373,887,3,0.007879977192956812,0.8139973252165842,0.9641098985277916,0.776520452626898,0.9409845143623492,2,2.3930301193790497,0.07925075273893215,0.0006825248868082877
194,0.9056295498016429,881,3,0.00805948089352199,0.8905286703389401,0.9789358975957986,0.7745549970254524,0.9476441984711562,2,2.780708699516221,0.025120881617014507,0.00043806300365132857
188,0.9021123975998162,894,10,0.008055977981205525,0.8849129013383664,0.9727517224785871,0.7700175705008581,0.6448821020031844,2,2.7887150049784504,0.051890542571883136,0.00027172806125175654
196,0.9055886735754648,961,3,0.008233482461643005,0.8833060450615674,0.9755667206152961,0.9674958211838461,0.6042025324844256,2,2.411337394106151,0.02217386700522823,0.00029226815235631305
195,0.9052085986598776,873,3,0.008117055535127581,0.774797200060343,0.9762482546499118,0.9714239008125418,0.9401831164059914,2,2.4935574799104336,0.042659702871312724,0.00028060837248688965
198,0.9050840535032105,958,3,0.007557993842593663,0.8070116622403428,0.9723302736300482,0.7744875062198538,0.9451546302802989,2,1.0692438583108292,0.0395744991469876,0.0004217839462065695
200,0.905610314628073,871,3,0.00737521006637782,0.8899668954484107,0.9751480662761322,0.9549868982552938,0.6470408998764686,2,2.409354768171787,0.03759320649544255,0.0004158835706331872
202,0.9051408845941886,871,3,0.0072347618443193845,0.8899057395891637,0.9711314060876791,0.7773575295045297,0.9606883788223332,2,0.5649861229472931,0.024171070207878516,0.0006990784106907976
203,0.904898120080221,867,3,0.007273460133334938,0.8868469816797013,0.9695992108663564,0.9736036653462341,0.6259249584950911,2,2.8215217163284056,0.021847111448119506,0.0004285487795924476
205,0.9052635681573848,965,3,0.007371161669356257,0.8947166480589412,0.9492564536416698,0.9605063864135052,0.6083819951961951,2,2.86542933665086,0.024937780481935144,0.0004561261648210282
207,0.9051484664313245,956,3,0.00736716288189364,0.8946079102929325,0.9560316682508672,0.9536556068839638,0.610930718579615,2,2.8422473220658593,0.021661834796385553,0.00041033606117267307
206,0.9047582220416315,862,3,0.007276645614587681,0.8908188453412593,0.9488991368786214,0.9561667010534094,0.9595938256274862,2,0.3957582030465625,0.02528961086424191,0.0004237795077066148
204,0.9048406261163177,956,3,0.007299370538313886,0.8970603213632857,0.973579770480332,0.973859120155232,0.9633116716690536,2,2.823671118901668,0.026272252349270324,0.00040953660235556577
208,0.9052647453649675,868,3,0.007255573362973786,0.8911965652057061,0.9515396918034423,0.973234026033828,0.6182616383810551,2,0.17752997729059394,0.0250024204575049,0.000404601015744302
209,0.9047934807238377,863,3,0.007143275982974221,0.8841732168858876,0.9507896014300887,0.958171429359975,0.9621797755237544,2,2.0713046052496815,0.022039813014164276,0.00043418464369870914
201,0.9023430116986733,863,10,0.0073179836354915085,0.8918558581257902,0.9652749189576936,0.9772455068907612,0.6252752179917183,2,2.8264926163447703,0.019456745591647683,0.00040158539455357865
210,0.9056380807937495,963,3,0.010252552901489685,0.8938493742754696,0.9521753322803828,0.9632204798179069,0.6067282870304304,2,2.4904325640554106,0.022390019986643316,0.00043101328128204985
211,0.905190327692751,943,3,0.008939683013839718,0.8901252119699414,0.9442436064713579,0.9534322087321494,0.6070760682865777,2,2.465873449797873,0.017983713544039336,0.0004258113074218095
212,0.9049256667072498,945,3,0.008816762033598574,0.8895176284675047,0.9543277455830288,0.9449871078152312,0.61741818315312,2,2.366543153386839,0.02959946389748879,0.00041870546128278493
214,0.9059893772941333,940,3,0.008758599400001378,0.8797621972274343,0.9233720046695854,0.7244360340235705,0.6416630960552736,2,2.3792945664373,0.015555537031324842,0.0007009330204433257
213,0.904812060474201,910,3,0.008867260405913421,0.8827554160633087,0.997131427884856,0.9142687168122633,0.9235795323226004,2,3.8185048671421846,0.01743358004094825,0.0006419467052628647
215,0.9012775069458744,369,9,0.00876479390147902,0.8802407641123402,0.9882643440954323,0.7133338315483704,0.5769583640800555,2,2.476918134879911,0.017311075988681444,0.0006940250246123753
217,0.9055791935044049,942,3,0.008940010690138077,0.8773910117958394,0.9985946831059875,0.7120812525479079,0.6982315364717838,2,2.518987745754898,0.030164159870674622,0.000784539205414945
218,0.903896156030313,942,3,0.008768741238297195,0.5096993123198021,0.9282613732397761,0.9136267224328943,0.7006781573500843,2,2.4283482763287965,0.016657079476397607,0.0006553891717850447
220,0.9051438973972447,909,3,0.010276088218082211,0.9255287363231276,0.9976534030812808,0.9217358359801477,0.5717092306770882,2,1.4753611599330578,0.031865699556131,0.0008111579669877002
219,0.9055915599613563,907,3,0.010064075009098304,0.9165726611202852,0.9284158006583644,0.9181700112070096,0.7046323442385841,2,2.4807975356672425,0.015757376966789617,0.0006550071151713789
221,0.9052715930247281,911,3,0.010277822707691396,0.9156976252919848,0.9259178261396073,0.9166358952334568,0.9268994173954918,2,2.4669933558274955,0.015362870476168633,0.0006598486518282574
216,0.9018176322252085,944,9,0.008764602006026483,0.8798685135278159,0.9239487769293608,0.7145135824864172,0.7038568231520094,2,2.4775537495178477,0.01694087129686303,0.000687217441824859
227,0.9043750808826598,962,3,0.010268932054937396,0.9154696752130509,0.9216204214289732,0.670267730981471,0.6515527593917503,8,0.905925246408996,0.0333958606865453,0.0002278830716537621
224,0.9049657154065167,967,3,0.010255820308495724,0.9183005700463259,0.933211302589557,0.8818104251412873,0.6970325597293305,2,2.5236996085252175,0.029167647369563912,0.0008415130405986041
223,0.9049566067571442,971,3,0.010505654308748797,0.9218369088139364,0.9209937025747684,0.9884187697974252,0.9998348102457403,3,2.4946983220765406,0.030510003724322284,0.0008511325466076706
225,0.9052640557338691,934,3,0.00979071704375006,0.9225688079450044,0.9235184163985837,0.714613961824389,0.999643076995239,2,1.548826497040124,0.031721048365923675,0.0005671270132448316
228,0.9054750371634537,933,3,0.009742313930777749,0.9202712790345998,0.9228166538776154,0.6814498714989432,0.696192029214182,2,2.3265054795366726,0.03582850620551585,0.0009238906639165302
226,0.9047471256096757,973,3,0.010254618220415623,0.9182233637969789,0.9239694160196694,0.6828334992869945,0.9965604291715962,2,2.272117851715659,0.03537188545960872,0.0009372611208430337
199,0.9000717071148887,869,10,0.007383324752906478,0.8913832215919631,0.965909043385537,0.8848327186519594,0.9388410217243364,2,0.8137413113096411,0.023725797803160854,0.00041957572947594476
229,0.9047781248012141,934,3,0.012058183793150148,0.9311543339604561,0.9310696606316697,0.6911758135154097,0.711412520785731,2,2.3465280742128676,0.009007103185860751,0.001000311179497613
230,0.9047233670125484,971,3,0.01196868992151135,0.920836776981338,0.7598417206666148,0.6908322277507044,0.6506428257644769,2,2.3104466831344204,0.03412962141088559,0.0008778489522299603
222,0.9018645461442872,907,9,0.010475329642942259,0.9185003930509199,0.9274137201830635,0.9051914249877393,0.7060742322336397,2,2.480941550817135,0.01658620900845202,0.0008277450091585521
231,0.9047745715894854,927,3,0.011988674486897225,0.9323051566257657,0.7550006829717159,0.7559437757337186,0.6900582950599814,2,2.532674245824792,0.00811399542823455,0.0009504405536014989
232,0.9046580363247065,928,3,0.009407118481583935,0.9305626443041954,0.7884541886269825,0.7566127674274965,0.6618519373587777,2,3.5289732311174067,0.009286155063612071,0.0009455086947080934
233,0.9043967585757209,1000,3,0.009767774274896224,0.9360742337064921,0.7993340861756769,0.7554051112061417,0.6626889994175003,2,2.262761814716828,0.008081273341149631,0.0005671633563516305
234,0.9039384046771097,996,3,0.012177328645607008,0.8563376092432344,0.7568933785468717,0.7550756016631563,0.6692093066183333,2,2.264676468476026,0.04418147513366493,0.00031139415676487316
235,0.904644184181006,926,3,0.01130728164367904,0.8601261177521247,0.8860915808901996,0.6939424628766324,0.7115517458943544,2,2.3235404660821843,0.038633014393889616,0.0009375732267500063
236,0.9056773402789442,917,3,0.009429778253260678,0.9358737450109352,0.755883188918068,0.7535404303532061,0.6889772508662821,2,2.3929804592082027,0.04398952843303413,0.0003242577687818907
237,0.9056345866476473,920,3,0.00948994254745701,0.935963818451435,0.8824630019516456,0.667928199455126,0.7108813393217739,2,2.150414172162489,0.0410912905655679,0.00030033258543414755
238,0.9053339080968652,918,3,0.009513645949925771,0.854746492963255,0.944016683370166,0.7511454699858114,0.66624453334085,2,2.316354134114887,0.042486583978120496,0.000310183921242218
239,0.9054119431396119,927,3,0.009414088145406637,0.8580856107116015,0.7926908608711241,0.7563131646861464,0.6867379722578089,2,2.150669027523996,0.013990978886889762,0.00033815355616285226
240,0.9050726334645984,991,3,0.009534506965511025,0.8527960647801861,0.7917251429147425,0.7520326737272802,0.663658695688961,2,2.1716062635296804,0.043693342591444174,0.0005315382487682248
241,0.9047703647029532,986,3,0.009218977820039265,0.856075345218028,0.798140086075781,0.6645082474705295,0.6719439187348116,2,2.161329571008651,0.048302604162623046,0.00032149404812238576
246,0.8950105648413172,910,3,0.0906714604673467,0.8743738560760602,0.9467149522848417,0.7258031729619792,0.6910755640860059,2,1.2433320981894582,0.05578637164463292,0.00031524073230369603
242,0.9052175268436169,999,3,0.009301448140627057,0.8549707101034953,0.8869549187820488,0.7222148341745377,0.6677606810806481,2,2.1379158788143564,0.04180352233506496,0.0005097366552703762
244,0.9058258186450221,954,3,0.007996848850951407,0.9051231358189519,0.7768454260155535,0.7195527380469346,0.6388470258370257,2,3.436492669339494,0.012907685946649827,0.00031779262473265554
245,0.9055335793331791,948,3,0.0079245701472228,0.9056097164197954,0.7887005107321647,0.7050756752727353,0.6875820663514901,2,2.7095921518499937,0.013494258878539361,0.000323947135870083
243,0.9054354494345329,991,3,0.006553629945317844,0.855984202136729,0.8853489563301424,0.7105922003479752,0.6858251133566458,2,2.6768579872587748,0.04451033754633594,0.0005085855312357392
247,0.9058752126362555,905,3,0.009216387115879491,0.873301874720934,0.8849342647765915,0.6660401567653723,0.6788843470389425,2,2.1830409355953924,0.013442934578682121,0.00031491594841949396
248,0.904683640399587,909,3,0.009148488060673757,0.8748431956902527,0.946503966622019,0.7269183210501574,0.6855264250743485,2,2.203488192396535,0.05255333510486125,0.00031969347421605284
249,0.9053269855598304,906,3,0.008668018401321403,0.873174943946514,0.888297334394317,0.7277756830455678,0.6819702743305153,2,1.9880749105429985,0.05155507969397358,0.00022379070388948326
250,0.905880980238846,911,3,0.00906681976994493,0.8719107913548881,0.885344909581488,0.6689183453613176,0.6897426310120015,2,1.9934402622749006,0.013219267199140933,0.00033123741843946587
251,0.9053766556467592,907,3,0.008857642068906312,0.8746101095479187,0.9436329636472908,0.7277560464512197,0.6890098023064072,2,2.378257773303493,0.012200346562725825,0.00022880717637151042
252,0.9055954869513162,907,3,0.008700832316189268,0.8708751159955798,0.9807986575807354,0.7287801496185701,0.6417765669698373,2,2.08405805663761,0.014120957033694133,0.0002353807945444054
253,0.9055418971721112,912,3,0.00854470822795877,0.8712704423176645,0.98132432924183,0.7290459740544635,0.6922405227494607,2,2.055871598051864,0.013248255695384967,0.00022430605811049273
254,0.9046463486283456,941,3,0.008495616980031005,0.9539656506345525,0.9657327713525957,0.7057512697014049,0.6385952663570701,2,2.6936323715015735,0.013635453440893005,0.00023373134137626898
255,0.904653879305679,940,3,0.008381954712236213,0.9495583246984409,0.980789847316347,0.7112833180354671,0.6396822850197764,2,1.930830141227772,0.012557276294944556,0.00022468799869317037
256,0.9052607787698708,943,3,0.0079529779844836,0.901521081215407,0.8857872430445098,0.7109537605513875,0.6408670885629468,2,2.6913464195252432,0.012412511420888993,0.00022964510096503302
257,0.9052408122315745,907,3,0.007951078365725915,0.8988641164013227,0.888795571286596,0.6808140517325229,0.6886487779562946,2,1.904269877198806,0.013449091009527151,0.00022657815314398562
258,0.9055558073932103,941,3,0.007934767474646349,0.9026710778681492,0.8848413102828467,0.6758842997912852,0.6356891719369586,2,1.9091848262865507,0.01516227850534731,0.000226897423716117
259,0.9058641786907152,942,3,0.007961493755067215,0.9071328061067895,0.9100127792778901,0.7078107361747662,0.6446969450782791,2,2.6871271880417926,0.012043945125161416,0.0002742037991047567
260,0.9056615039254847,942,3,0.007956824325601543,0.899579526322976,0.9809674263585355,0.6733823915630921,0.6380199084911892,2,2.6977118284674937,0.013196026285705365,0.0002209740748911313
262,0.9050030561330523,944,3,0.007980796888087281,0.900195961308765,0.8820354126276946,0.6628723125219331,0.6460270338820078,2,2.6917100744144826,0.013162691916206897,0.00024302053934288116
261,0.9062623256355339,901,3,0.00792993833646356,0.8957679454159478,0.8820118323477056,0.6765254246532872,0.693290936454313,2,2.689277197555527,0.013161570046617551,0.00022657922718928878
263,0.9051509598065481,924,3,0.007949833908528785,0.8983180032753485,0.9806298730402969,0.6652228395196033,0.642066453230729,2,2.002817608591872,0.013417946754644701,0.00024105964308666726
264,0.9052912148234927,900,3,0.007838542364231758,0.8964407595084681,0.9809839331610187,0.6598410266118172,0.6391935601435264,2,1.9496236148289132,0.011003458852639765,0.0002770723123390755
266,0.9055062169726605,901,3,0.011077500521443219,0.8984354098689994,0.979886205654667,0.6685147326361472,0.6942722078312892,2,2.020806938339928,0.01511336040406734,0.00032520660189135233
265,0.9054393808335099,895,3,0.007763085807818119,0.9016566758742831,0.9786705152774469,0.6686298597657645,0.6939607167509976,2,2.0735386516439562,0.013390076703648196,0.0002720901822151476
267,0.9045894611323548,887,3,0.011023693568506661,0.8773903463922147,0.9862691274365973,0.6768419201975566,0.7143460081765924,2,2.066234949611626,0.01919175334848433,0.0002943991641225274
268,0.904462891628669,894,3,0.011054700722894,0.8988840659580427,0.9865224243640064,0.6692785500984327,0.6308435030838401,2,2.0669456871984604,0.010188069151053754,0.00029598624725087535
269,0.9056235517138791,888,3,0.007839555669628828,0.9029023593154144,0.9072656345657437,0.6690367361542505,0.5952719605427981,2,2.046148962686838,0.01071926062224048,0.00029191301122919225
270,0.9055322664342922,887,3,0.007829015097646415,0.8905301026300846,0.9998694127158927,0.6661594886035195,0.6303081766161195,2,1.9750245308365977,0.011378163042768874,0.00027523101176580125
271,0.9055890091168746,905,3,0.00776984813380152,0.8809085248630595,0.9810894653673228,0.6614816552849819,0.5886643503861851,2,1.8785300306045056,0.010760802383616487,0.00029809559047528115
272,0.9058611588940458,900,3,0.007918729705907537,0.8799466002501253,0.9848790822400524,0.6665149832321063,0.5930369735669438,2,2.0453061321053454,0.006179705310433882,0.0002747004796580051
273,0.905228874893621,899,3,0.007786635021029254,0.8774965788914811,0.9090908260510718,0.6651457557046428,0.59912402822099,2,2.0758436710581742,0.0058785537930536105,0.0002943793617944433
274,0.9057272843330775,887,3,0.008714666800150324,0.878645426651765,0.9106205975165109,0.6790303958433556,0.5971617968082388,2,2.0677730237396372,0.01064584476445835,0.00012746644610397891
277,0.9055877658500519,915,3,0.008718580275116041,0.8783070471881814,0.8555307708179826,0.6474672319379295,0.5954424098196113,2,2.5547595552868163,0.02070944141437154,0.00018725097254369954
275,0.9052885738982293,919,3,0.00859601427966228,0.8788780404913822,0.9086152018563721,0.6952895628896313,0.590000915509177,2,1.7901048021047212,0.006170624922915711,0.0002849546336165928
276,0.9053258210471762,921,3,0.008734468147182277,0.8755526671399031,0.91062416095579,0.6938778755471048,0.6056159561636835,2,1.846347087404335,0.0068046560792432206,0.00012685136826005167
278,0.9052215529604453,919,3,0.008615079256346029,0.878803468594729,0.910644243657376,0.6447532470884569,0.6063728996487807,2,1.8157012240026744,0.010049542041493397,0.00018024282241726198
279,0.9054168800225547,913,3,0.008587448052419993,0.8778840788652483,0.9059242076119395,0.6459191942004281,0.5935204908923337,2,1.8447888166545756,0.01994594650234891,0.00011868574972224539
281,0.9055012700554028,917,3,0.008656895820023524,0.884659021019203,0.8572963838953174,0.6420939676284843,0.5820611344667291,2,1.6543378036856549,0.006907886689021486,0.00020289633590105474
282,0.9050420148928694,878,3,0.00852977952882824,0.8753153956095987,0.85960311509695,0.6405298160529554,0.5902139374013293,2,1.7625643444737213,0.007024994882373207,0.00018369502444615568
280,0.905544098411939,915,3,0.008685920368181391,0.8739899743839407,0.907660030424685,0.6441022254086781,0.5961479481003248,2,2.585782615942579,0.00686209413532317,0.00020547863196877865
283,0.9054404305596824,882,3,0.008586699818061858,0.8804216916246965,0.8615473001761567,0.6467041165135508,0.5893766576590358,2,1.857258484228524,0.009077048966566446,0.0001891362806416697
284,0.9056916362130277,874,3,0.008620755071658444,0.878741472387466,0.9595112116008507,0.641569989612232,0.5780172050773962,2,1.7582113888621362,0.004156249377928268,0.00011903591647228366
285,0.9061720010655835,877,3,0.008778646521403923,0.878215528614588,0.9073518093962213,0.6428502203453017,0.5732037304160899,2,2.577913590999149,0.004986514581087488,0.00018143751876649063
287,0.9053964687056476,879,3,0.010203812437096615,0.8809212531011064,0.8579776448712672,0.6322588722812208,0.5753099452422238,2,2.551356441888565,0.009466213407844282,0.00012028443708646659
288,0.9026196274301437,878,3,0.00994577815644309,0.3513108395222674,0.9599790788784746,0.6484932608109539,0.593177725291213,2,2.5607240510464164,0.008117207009277889,0.00013607505343855202
289,0.9055641446166144,874,3,0.01002462580987087,0.8792413307840411,0.8655845402111929,0.6372391422817821,0.5693968206896649,3,2.568624090047795,0.008080755011664113,0.00011395768449146886
290,0.9054318262106522,877,3,0.009897905211394928,0.8338604086116539,0.9614722215846501,0.6512975846264946,0.5703691400471095,3,2.5551230969191168,0.008634492058167291,0.0001024946755338254
291,0.9047108449476982,875,3,0.009861899436699626,0.8317844893124988,0.9619264652789352,0.6524351350199082,0.6163042285477,3,2.5686335265980382,0.009155997155521073,0.0001082525972171551
292,0.9053230738493955,846,3,0.009857541635693587,0.837083266445827,0.9598862072707983,0.6851227374644013,0.5720413194921982,3,2.556624119143989,0.0044337895421960654,0.00012320946887386215
295,0.9005841113069458,831,3,0.010166781259535268,0.33850877963926645,0.9600329957708862,0.6150580761373872,0.5727908101545457,3,2.206113089327598,0.004332980344190982,0.00013860339280091728
294,0.9052637908887691,845,3,0.010210123155553108,0.8332773103307992,0.9596116684974296,0.6826594500373583,0.5726396144313008,3,2.1412738349395997,0.0049499560097227184,0.00014409051060567592
293,0.9051043567231796,845,3,0.010032155759852135,0.838581421003301,0.9646066821514688,0.6200757528520944,0.6172121417682277,3,2.2049112878330406,0.003888410760977641,0.0003816752167044188
296,0.9050857158547163,855,3,0.00985282554696263,0.9116061831681979,0.958582266429541,0.616357846247233,0.6154083065087255,3,2.1586391347786273,0.0036142463444357085,0.00014475104596447982
286,0.9023903631746967,879,7,0.009006009265356333,0.8781873475115655,0.8635674334826782,0.6418294397800635,0.5827464180125356,2,1.8424982337881697,0.004009671870211303,0.00018251058446564788
297,0.905566849092539,855,3,0.007480171070963439,0.9062015386821988,0.9656911763049862,0.6197372939098873,0.5631880254367617,3,2.2220996542217737,0.004212381981698452,0.00015007761234222687
300,0.9057677642798335,853,3,0.007507351212361585,0.9118039413101251,0.9615908491607498,0.6122263229689598,0.6169293120541894,2,2.134477152200649,0.0038207373155373188,0.0003782035706759564
298,0.9055056073120114,835,3,0.007107476936705164,0.9096520191321786,0.9610572784462332,0.6890755373613984,0.619497505610577,2,2.166849164729756,0.003913238015222264,0.0003622417198324714
301,0.9049281727774023,864,3,0.007026715640158788,0.8574227245790333,0.9348148055145502,0.6056930242169274,0.6179633327049188,2,2.172699842775839,0.00404601633953274,0.00039181050485798645
302,0.9055911407246381,897,3,0.007368191841284777,0.9134633158447846,0.9318756508729146,0.6804893521558105,0.6148635274761687,2,2.169601487808262,0.004885208960359602,0.0003699483802027438
304,0.9055376420904604,859,3,0.007344018337973255,0.9116502951040881,0.940265552337593,0.6908967347683461,0.6191864650703731,2,2.2469038006609408,0.02021130065261604,0.00036309206437302934
306,0.9054852421377495,820,3,0.0071772598413715315,0.9357028845162461,0.9333920918716521,0.6915923023584137,0.5053992153623034,2,2.4086689403274337,0.018560612481108473,0.00038930859064986484
303,0.9054426295950015,897,3,0.007040588690457993,0.9121099156979328,0.8955350521077305,0.6951980300112457,0.6165435062670385,2,2.4096922630340503,0.003905967901659694,0.00037843224251383903
305,0.9047543009810397,899,3,0.007079809979889108,0.9370768642500275,0.9334499835215014,0.9862372981246723,0.5484078422160299,2,2.3905591881187416,0.018265883470697103,0.0003702308232531008
307,0.9051053286834115,893,3,0.007106572465167948,0.9358628180915682,0.9389263611138036,0.9923286216647782,0.5404425103813592,2,2.3979541860921088,0.019847797324040135,0.0003702217312591008
299,0.9019848289216201,846,7,0.007148520347901546,0.9109054709296248,0.9605080485459441,0.610778324503531,0.5447286063423677,2,2.1814967259007365,0.004878332948953341,0.00015366583940838158
308,0.9051837948976299,812,3,0.007011500210135154,0.9419128438141764,0.9324269569490278,0.6935266276182424,0.6497347777871637,2,1.966293057454542,0.0024862437633353437,0.0003578046986167725
309,0.9052134503271612,860,3,0.0071085119939752785,0.934336561867274,0.9359968879562583,0.6804402911155581,0.5417506052512272,2,2.0087855325061605,0.0030759646275286814,0.00034279590788943427
316,0.8969309706864822,179,3,0.0077451258162815,0.8930792194255737,0.9166164882065367,0.6290139358235594,0.6470844443460166,2,1.9794778183155126,0.005561843561053479,0.00025230099501896236
310,0.9056929900093496,899,3,0.007432517107821312,0.9448356777858454,0.9389096662658236,0.6773877443197016,0.5479872638828088,2,1.9996254988355144,0.018192371150867543,0.0003604405585661955
313,0.9052836367112163,900,3,0.00668135594221899,0.9273492469919313,0.9147977806012821,0.6784044997212553,0.5383371106004238,2,2.337051611611438,0.005581337572470183,0.0002389115715525499
317,0.8965400098315002,172,3,0.007756533770036648,0.9280198868335019,0.9175155306419573,0.6290262049799475,0.651543788446323,2,1.9762167086519897,0.002791924550592401,0.0002505107807343089
312,0.904929014823663,896,3,0.0067349610776326115,0.9353173708908046,0.9017066591224924,0.6723803496448948,0.6310877462472567,2,2.37947702127918,0.0030188350590591552,0.0003859054427240794
311,0.9052687685171119,897,3,0.0069802418004909815,0.9340358382691974,0.9349361145838074,0.6953820298553788,0.650865052106726,2,2.381164421233685,0.0030678896877495616,0.00037144824503269013
314,0.9050934130104562,898,3,0.006627531211157173,0.9298766596692675,0.9123248385667765,0.6734105447426243,0.652480127207943,2,2.020708690768493,0.00237575766300603,0.00024494522327619375
315,0.905264326660372,891,3,0.0066640475759363665,0.9350837013670822,0.916335690089988,0.6670566637190115,0.6472062560975859,2,2.008667919578047,0.00537831483854449,0.00022600619763803715
320,0.9053655709215042,890,3,0.009217084386789713,0.895292391772922,0.8999420817618338,0.5631662301805387,0.629929740917672,2,2.7253584682343,0.00549127333363854,0.0002527273500342668
318,0.905556992658652,899,3,0.007829973721426412,0.8973234195185724,0.9182900000508227,0.6766470437406604,0.6503377596744361,2,2.06086632325764,0.006647220114287393,0.000256217811024067
319,0.9056141728221615,899,3,0.007823675455902613,0.8995481268787786,0.9148581546036707,0.6627795145979025,0.6520597625652208,2,2.7348471288627083,0.005546894823011269,0.00026109045958469914
321,0.9045898298174107,888,3,0.009118257288678601,0.8620485427621866,0.8965155208977265,0.6680448128767348,0.6531566017451105,2,2.7295551777487073,0.025566424374535674,0.0002479126800910475
322,0.9058866972897741,926,3,0.00921521317979109,0.861582944563128,0.8993523663204435,0.6614665897697133,0.6513934877793841,2,2.779252977365536,0.015402758313126673,0.5489793031741166
323,0.9055685070350277,928,3,0.009164643318009482,0.9611822388923831,0.8979882616764676,0.6589162983546902,0.6372144000852548,2,2.76799170819309,0.026200722920274627,0.4309460645827927
324,0.9052915960514423,929,3,0.009034194632269444,0.9614519889483879,0.881610828679383,0.6600015457383536,0.6548571484400363,2,2.8288858296962496,0.027162276378542297,0.0005123970338592536
325,0.9044069288100021,929,3,0.009186476029403376,0.956792503902269,0.9029850022666663,0.6591169975226626,0.6568148982151967,2,2.744414578709508,0.010950391076641865,0.0004707785728704131
326,0.9053502212323185,930,3,0.00925524587934479,0.8566777340125683,0.8765592745226141,0.9378015619413244,0.6310546034732539,2,2.7080687013093123,0.01591573337253019,0.0004896170073036406
327,0.9051398063614394,933,3,0.009262104522304655,0.9613129971904015,0.9983429993595448,0.6588048661278503,0.6699772681990283,2,2.789334629137363,0.02574755391358224,0.0005096740357215832
335,0.8990644766460137,957,3,0.06937251225040729,0.8600575984777734,0.8745077110931769,0.6271003363678381,0.6747263204051125,2,2.898784911314701,0.01685421365476063,0.00018077602390430402
328,0.905205466205218,928,3,0.00933960297455728,0.8591235840558427,0.9981535125916269,0.6547827037139591,0.6672551953530181,2,2.78716574905178,0.015503421053196265,0.0004773035926066702
330,0.9054313891858303,929,3,0.008233225541901637,0.8607103696928343,0.8767921976671895,0.6587002474592895,0.6303791921083254,2,2.8081338643343443,0.01066308097946935,0.00048731038179538076
333,0.9053262094967918,928,3,0.00821911989655966,0.85922625788957,0.8760253815477241,0.6579557448662962,0.6685471689538887,2,2.8530349366313406,0.010534666655880796,0.00018755098020438972
329,0.9052921819186024,925,3,0.00928360160250579,0.959540201665187,0.8389971831401802,0.9346153406065097,0.6690788200052901,2,2.783395506283304,0.026233923575042273,0.0004718304862773712
332,0.9050889935788898,927,3,0.00823100563484599,0.859212660210608,0.890087610309646,0.6527128817355224,0.671139920246707,2,2.710004950306679,0.0102894875015155,0.5751741298871692
331,0.9058140848060161,929,3,0.008229008306095258,0.9583951232169466,0.9863166325088422,0.6297582362264629,0.6324195528715542,2,2.745748396818482,0.015387010612547039,0.0001912942169945161
334,0.9047430762314811,958,3,0.00797107747110315,0.8541501028153898,0.8795083731470611,0.660697710674955,0.6707131710456249,2,2.6644330580142435,0.016176858650859733,0.00016843061342059114
337,0.9049119830944294,869,3,0.008108421537084416,0.8617511253212586,0.8311241403782734,0.6304867283443791,0.6020976177051798,2,2.888918082279428,0.010903987923690938,4.204908697298167
336,0.90456894757186,955,3,0.008143142000607189,0.8557389521693112,0.83350864736432,0.6309414453146924,0.6692273509071438,2,2.8776448158194343,0.01593588422088796,8.378411884245622
345,0.8911734742854565,867,3,0.1288706727298623,0.8950668700123922,0.9755132217788849,0.6297882490452693,0.610041462637099,2,0.6805096002125562,0.0075338966902359795,3.0262913958441255
338,0.9057095465529574,951,3,0.008115459584403002,0.8920961038542184,0.9471984158974879,0.7022442003738458,0.6070724227484589,2,2.6509691595834948,0.011218487433654946,0.00017080126677530423
339,0.9061161237666457,864,3,0.008053975792950708,0.8934349694657555,0.8901058076479078,0.7033597508015119,0.556906141536198,2,0.2872771270040786,0.010939544735725882,0.9751386161413058
342,0.90528509632395,865,3,0.007709250549040614,0.8916080300910995,0.9479065840369431,0.6288496587441903,0.6052881493260769,2,2.62204543282939,0.007134412338493472,0.0002977141706724198
343,0.9060835173363163,864,3,0.007783666226492366,0.8912474115808698,0.9462605823037389,0.7022271413491871,0.5580369301938463,2,0.603983442274247,0.007150482873527283,0.00017622161180825516
341,0.9059931821239106,871,3,0.007735285176127327,0.8928891476218299,0.9432354718515761,0.7080570021971158,0.6030279904018414,2,2.656622448301212,0.008274467327032908,0.00030188992107132664
340,0.9055453302761309,958,3,0.008105298241250959,0.8898134780131949,0.8973253826888064,0.7094099079578869,0.6084754328105423,2,2.6638031371639608,0.010401458629977486,0.03409884444925587
344,0.9040432625839128,866,3,0.007799816613539117,0.8949464103146191,0.9484629441736396,0.6109932506327025,0.6243816491750088,2,2.6567354415587396,0.0075389188465912775,8.210954977319998
346,0.904772708399646,867,3,0.01085836056658282,0.8952607920598873,0.9492092873899199,0.6337234438384542,0.5624599596975632,2,0.23707117138159234,0.008115199085715494,0.0001925576123527495
347,0.904781128786236,865,3,0.010936128995683228,0.8947493812433432,0.9498834143896916,0.6126453501744087,0.6241308634385647,2,0.4754551957336564,0.007685659251862598,0.8831973616656116
348,0.9053265527919903,870,3,0.010945718801449155,0.9066358796712726,0.9859590432512964,0.7078680853523223,0.5551659334625167,2,0.3143168829901346,0.022822841344611752,0.019637202512262766
349,0.9048899546564513,947,3,0.010961136135296128,0.8989338142503032,0.9988463300211925,0.7065169635527193,0.6030931978999317,2,2.6388525193419268,0.007585738013952571,0.9640061068768898
350,0.9055944282550741,945,3,0.011385125596274021,0.9109683425956944,0.9481998293758235,0.7045196672366557,0.5629273683028632,2,0.07578321028899221,0.012013924153731885,1.2551853658268706
352,0.9056418435858287,831,3,0.008839527854509149,0.9135159476873856,0.9449433729908158,0.7043104450249109,0.5630880009087805,2,0.32085610957224003,0.008786477864372384,0.048991375205594094
353,0.9057485899202934,833,3,0.011149004941374671,0.9128150519911566,0.9481382611825875,0.7074567201359249,0.5590884477383804,2,0.19377648595066083,0.00812278415522289,1.2846399339145818
355,0.8934573733027869,828,3,0.04363329450984473,0.9160998378995555,0.9482795157600857,0.7038846955377869,0.5632640947817121,2,0.10710387866050974,0.008510372964482338,0.00014974265667059677
351,0.9054860243582082,953,3,0.011135511592760019,0.9122479427837173,0.9468743832776796,0.7063168051703512,0.5538700661368575,2,0.248663669845908,0.01278259974136327,0.909894616688933
356,0.9054585593740144,835,3,0.011264678793306629,0.9110436388054328,0.9533982745318776,0.699582783876608,0.5101801779350389,2,0.2012219218296894,0.013195086894349638,1.264984817866544
354,0.9058949743833062,828,3,0.010553443278277666,0.9467561908619713,0.9536385832711068,0.7016491531768445,0.5595876431608127,2,0.16978141187104212,0.009102815358951973,1.471304917679351
357,0.9008841526787303,829,3,0.0086039282289334,0.2370290258049278,0.9513213998168832,0.7045389415454245,0.5803405057677044,2,0.3665144927492617,0.012140844347990142,0.00015937676986149188
360,0.8965269477000559,826,3,0.008689320156178956,0.20691582641377076,0.9664871588779269,0.3408338895673919,0.5069724851751733,2,0.5540836872047081,0.012325911275276265,0.6365048571641964
358,0.9046426480946297,825,3,0.008508510362829461,0.5874051288309008,0.9458763220081869,0.6973911085476282,0.5060574989859159,2,0.43582571888238725,0.012929777038831077,1.1932978442652193
362,0.9049480499190748,794,3,0.008741517283822631,0.919719754187512,0.46121972576783155,0.700648170854676,0.5816563716408443,2,0.47520915387582563,0.006119352962280442,0.7067905356521379
359,0.9042909608641041,847,3,0.008860973670538922,0.6002306194823261,0.9445289650607245,0.699848793866036,0.5627127588784633,2,0.1432180852530633,0.011714944408172693,2.343629505459755
363,0.8969713279789419,809,3,0.00861467193044442,0.2102579846630498,0.96842038951456,0.7233170174885244,0.5249983995079399,2,0.3982839016452523,0.009259055998295886,1.3064757957402233
361,0.9027540753913961,836,3,0.008595795206318575,0.48873928334707273,0.9694214985575277,0.719776138017554,0.5816618573772999,2,0.41865211303572786,0.012342391005672514,2.3433098388027305
365,0.9055238962192769,812,3,0.00857269537745501,0.8739600145776436,0.9731142870627525,0.6919156871271465,0.5323593289208269,2,0.4858119613560899,0.009682853524559571,2.67220290515756
364,0.9058526799739521,823,3,0.008492150217136351,0.9486499704121212,0.9687269228095433,0.7213341092266795,0.5375067460465222,2,0.613113578638772,0.006299732850760025,1.5193709552727115
367,0.9048003583345082,845,3,0.012683861860626974,0.8434916293249008,0.9696141582991271,0.7378089956682129,0.5226979809396936,2,0.40301302072167833,0.009640706297456994,1.3277398442621815
366,0.9055641674218755,839,3,0.008522361659899306,0.9483550092979263,0.9704744695732028,0.717632944630161,0.5342818992891092,2,0.512410991872263,0.0065036514546714325,1.1280738046319567
368,0.8857226586659322,849,3,0.20396129725044942,0.9462959505547653,0.9723887946976569,0.7268227932366135,0.5448336457917918,2,0.09563310392907237,0.006149614784336351,1.3497236016235366
369,0.9054661650046395,856,3,0.01215416407449233,0.9507956384722355,0.9273325157706297,0.7245648548523002,0.5304408708454221,2,0.11413098704340141,0.006054400796463685,1.8274868408588678
370,0.9048460585575862,820,3,0.007504325236480379,0.9462721531735113,0.9235911602425284,0.7254037201230088,0.521523910487953,2,0.04883274047778774,0.009242405571945046,2.0551410394403455
371,0.9044727637981864,850,3,0.007557880519401829,0.6910462756135545,0.9723070093293702,0.7267972835751167,0.5317462817314369,2,0.23021285763519408,0.009546145291072807,0.00013537256674179922
372,0.9044940762269809,850,3,0.007622396376735052,0.6888357191641301,0.9257375124387327,0.7240807730055533,0.5328938891256307,3,0.24379645649277124,0.006320734897657124,1.9458703443709744
375,0.9053340713065177,770,3,0.009697549018669125,0.9684469978112105,0.9138697702935046,0.7328199082007741,0.5473903195698866,3,0.596665775459295,0.006298395702058282,1.587651984030255
374,0.9052981738489454,771,3,0.007567080241046124,0.8375861867641958,0.928689026137219,0.7353165346604258,0.5441389639182775,1,0.026916222644695342,0.006844698045329817,0.00010769018547317379
376,0.9050184447432171,755,3,0.007451795603222754,0.9486593343768324,0.920825312325051,0.7270216645371764,0.5418493579526107,1,0.258407260272829,0.006500583802454638,1.6789305300230073
378,0.9051194088797241,763,3,0.0074208051851813945,0.9418169245795623,0.9219383218078591,0.7418780626613675,0.54488616712219,3,0.8133602002095586,0.00518845237944414,1.544163007799572
377,0.8863312261069278,789,4,0.1599894571859541,0.9490598395338015,0.9242466842507097,0.7223949460642016,0.5459516283544318,1,0.019070312201528772,0.005962285380353358,0.30646610261662083
380,0.9052943819421495,759,3,0.009680399663517029,0.9245656887255925,0.9231757270298572,0.6852452062007685,0.5555410299972774,8,0.6016090915880767,0.005319202830540235,1.6697153177570745
381,0.905251959139175,785,3,0.009788543637717523,0.9770540642131038,0.9221930340876282,0.6821698815751032,0.544695721592972,3,0.5466595166453628,0.005005808119244059,1.556985139009079
382,0.9050112572850647,778,3,0.009661846896911365,0.9737891666978233,0.914414659883402,0.683448253840398,0.5492489368285438,1,0.6291764184789859,0.005012992597841918,0.00011215568305022216
384,0.9053568484412209,785,3,0.009484376278209897,0.8693724923186864,0.894998028770887,0.6815998018015897,0.5795365374846765,1,0.5849744874646732,0.004799046222075225,1.7340410702107194
379,0.9047076789693044,799,4,0.007468417816730247,0.9758641123180143,0.9239288722556392,0.7408961312335858,0.5815242948014065,3,0.22789530142116282,0.004649029955740161,1.0473329198129424
386,0.9024604003363258,880,3,0.009603962111442174,0.9700711903372489,0.8962042050933591,0.6857747303775971,0.5767979166123183,2,0.3275927532305677,9.3581965587798,0.9757245978104334
385,0.9047889487863163,794,4,0.006280677372365207,0.9758845562563869,0.8967334949925613,0.6842204700914287,0.5689905415453215,2,0.7335094211268944,0.004248329545620973,0.949507951124501
383,0.9048106486004807,769,4,0.006230478487057189,0.9722089452297307,0.9297686477710377,0.6826569078711195,0.5770799338903048,1,0.24406736892770275,0.004849647806593732,1.7526341326601196
388,0.9049937300735229,809,3,0.01023981921711324,0.8680562876989999,0.9898766221731057,0.6823033699083794,0.583302780834314,2,1.5632169876234034,0.004503136417606814,0.9843659866591591
389,0.9042114047104359,909,3,0.006173729863808607,0.8721620823522428,0.5292839802944057,0.683217723399776,0.5867250230395751,2,0.2796087434793884,0.008263823919396328,0.8223645766183056
390,0.904760267597543,805,3,0.0065070987816101145,0.8703190505094746,0.8931779109623982,0.6944984476147704,0.5832404840816208,2,1.1338540390509213,0.0036615176086764577,1.0000322759587656
391,0.9049132347231812,814,3,0.006731333109399235,0.8718766924591947,0.9995855219464423,0.682824531468753,0.5891271339204186,2,0.741433572667944,0.0034587697229653313,0.00010027016738529996
393,0.9053070362014972,811,3,0.0062848335194698205,0.8707480570507996,0.9884187228505527,0.6057520978085877,0.5936935567645603,2,1.0939975338419372,0.01545376180155179,0.13069001298035698
397,0.9053492279111586,875,3,0.00816730623761969,0.8440151816888096,0.9988120785959186,0.41619313670441044,0.5913099384021632,2,1.7425572529113202,0.016671497520836784,0.00018135404904417603
394,0.9050325397629493,879,3,0.00635272467332637,0.8162299839372543,0.9873165019738793,0.7124306492810485,0.4941677132140255,2,0.34270396497993005,0.016246595876447827,0.751131460039901
396,0.9055520570680073,909,3,0.008131071123351862,0.7960001243317516,0.9980314160436066,0.5972352126534175,0.6020263390777042,2,0.7486724166812662,0.0034727473679103237,0.00019055048312659485
387,0.9027538119146119,814,8,0.006391495548415236,0.8033388389007161,0.8957499709316016,0.4577923780136252,0.583236922605545,2,0.9377719357563182,1.8129580402730132,0.38807732456893307
398,0.9053465045828843,879,3,0.00827676084205852,0.8037509172246055,0.9569374414592563,0.5888816220821164,0.6027034479956092,2,2.2974198857410926,0.016305732979143266,0.00019360751339232626
373,0.9004431008277155,808,8,0.007527694195760989,0.9460588936970263,0.9236234306461736,0.7337702541184152,0.5253054023611873,1,0.2994130951223275,0.008833089099170513,1.693375250681356
404,0.8917671910923988,856,3,0.29144093858797687,0.9272232177477505,0.9569546158577497,0.7491363210096053,0.6215200340909542,2,2.2909381978600463,0.011366550312530936,0.00015257858075942973
400,0.9056847528250247,881,3,0.008325223343718815,0.9196313472621658,0.9572234586578191,0.7136279326429482,0.6067141714423636,2,1.3315927700804309,0.016472295535411737,0.00017391328970342733
402,0.9054953632647014,913,3,0.010347259057451208,0.9227259844131891,0.9557898752478411,0.4721009949926761,0.6274952704198903,2,2.272492438723336,0.008721665465098699,0.0001659540188228404
403,0.9044618205415684,913,3,0.011693174614479811,0.9307466183914321,0.9432954149889101,0.4500654348407092,0.625125477915123,2,2.3001868484815953,0.008415149414528113,0.00014744223813939182
401,0.9054475714951019,911,3,0.01054659760157425,0.821504954993021,0.9603226167719036,0.594717983175157,0.6184346110741044,2,2.3073199935677016,0.008111161215366277,0.00017073307024493818
408,0.8896268031511884,856,3,0.2455585353228557,0.8874872304491866,0.9422598724865343,0.7110100574910685,0.6299224510715756,2,1.5602639940488623,0.019585329165805482,0.00013438471715990794
395,0.9003597711634953,811,8,0.010528781313057619,0.8723985091008786,0.9925606385074778,0.5963100305313422,0.5909533492680464,2,0.877026846829237,0.01599788210555386,0.00018327241067576854
399,0.9018998984800992,884,8,0.008314069119285825,0.9238944467157603,0.9418759257147893,0.5728334570952798,0.6019001120897557,2,2.2593141726918806,0.016052599958768825,0.00015865001688681883
405,0.903821561845375,855,3,0.010545969480966338,0.5209436520364111,0.9388429482896775,0.7094044764861821,0.6232416321869659,2,2.2790087757861173,0.0077999703019633595,0.19757682327210466
406,0.9054433899224099,916,3,0.01043706044478673,0.9242490701843209,0.939978788321396,0.6437147263039057,0.6227514869650976,2,2.289342252002189,0.007891530265247141,0.011025669909971303
407,0.904940818522786,910,3,0.010564629794805777,0.8865420904613807,0.8461629871633576,0.642148986993997,0.5608916495115936,2,2.51279175356259,0.007973008644240498,0.00013202599805328506
392,0.9019248483480536,807,8,0.006397864757627989,0.8060803932264639,0.9875809663924805,0.6853899925522661,0.5919745248859901,2,0.9684663982190211,0.01607316042634543,0.834705245384908
410,0.9048744197125271,855,3,0.009039943207028422,0.88601265002404,0.9387063885521272,0.7087850335670941,0.6092368603600498,2,1.3913946229082377,0.020104357814051965,0.00020456536268449537
409,0.9053265169877303,889,3,0.00912211012245115,0.8854097075855591,0.9412151492008849,0.711417179408018,0.6161603832542166,2,0.15134022048014342,0.019804911855273742,0.0001289002733491081
411,0.9059770138018657,853,3,0.0090703940895228,0.8846164995711835,0.9427998060227247,0.7165914399534472,0.5646156104476356,2,0.8749099101409405,0.014300689679849755,0.0001363988898742026
412,0.9039828852748192,887,3,0.00825103088335334,0.5543291461914944,0.9365204030015009,0.6458295122417375,0.559877806335436,2,0.9867002257383122,0.01109923986200367,0.08332951084393342
416,0.9047119836143894,838,3,0.008977519269919684,0.8839204506453651,0.3558950691151648,0.6968349865103295,0.5623538082057101,2,1.7032216350623286,0.011357902264405972,0.00021447349767473147
413,0.9050954250426336,884,3,0.008949640796653219,0.8448563254932063,0.9364844949429348,0.649469329741903,0.5666858308227207,2,1.9152801296729014,0.010309201714651372,0.013467916374058263
414,0.9055317097578666,887,3,0.00892228908373812,0.8854001665817669,0.9682341149553134,0.6480717101889781,0.5644524027471398,2,1.2809559909861101,0.01141323595496707,0.00012667938957957242
415,0.9054649504724459,842,3,0.008965708290635206,0.8863688794158674,0.9731991697224834,0.5279798386282437,0.6370647272145475,2,1.9458860721448306,0.011199797253683157,0.00012548636594883193
417,0.905856326155129,839,3,0.00899735011803574,0.909709042085719,0.964978791873367,0.6963444986936767,0.558190658917054,2,1.6946147574434882,0.010592167799069654,0.00021521994663389153
418,0.905229470491026,884,3,0.009040267382769389,0.9081380460062979,0.9672046532176041,0.7040881149123616,0.5584400012145321,2,1.6676972081433188,0.010923079457148458,0.08757368704428024
420,0.9060297654117043,833,3,0.007794533894891992,0.9060533477673598,0.9690184784854863,0.653117449570525,0.5648515978558316,2,1.9414669293800486,0.010423475566760267,0.00022148068988606185
421,0.9055177481489123,836,3,0.007667232876948181,0.9004704993573872,0.970642551867464,0.668368796457507,0.5672200764967584,2,1.8972334480145916,0.010801434997011082,0.00023510164613853911
419,0.9051657377678357,885,3,0.007124418125594145,0.8465193037849648,0.9671413243276663,0.6998402133964196,0.6413277782393235,2,1.8738505562022383,0.010820024967313746,0.00025662215304876786
424,0.9043099745985879,833,3,0.007072882354901302,0.9054546657249979,0.9065639645853677,0.6729225382225149,0.22793609397008135,2,0.6909091669311141,0.01301713087046946,0.00011641122854462735
422,0.9053741489684664,841,3,0.007534930130420235,0.847745856039516,0.871234986745874,0.6979292572006323,0.5648979114703292,2,0.4104529870959607,0.01145721776197914,0.00010911555234635553
423,0.9054573082773854,834,3,0.007089149311553756,0.853278168917899,0.9082980955957203,0.6970567944304048,0.5642791294835753,2,2.6302929906684596,0.013493650847798532,0.00011665825738936959
425,0.9052050743348131,832,3,0.0071391743009789725,0.8479066267974065,0.9080977557824813,0.667924535491241,0.6371419720316228,2,2.6297678741728787,0.01334294638546333,0.00010584347025997678
431,0.8986699831800555,347,3,0.007895575246010507,0.9040482793011155,0.9070273274240135,0.695301375177157,0.6560676870793573,3,2.969376685810923,0.0069742525363997,5.519075702784535
426,0.9048591770560342,833,3,0.007027501835744981,0.8490945758446796,0.9087635021516733,0.6694444963657826,0.5554616640572668,2,0.5031653079979087,0.012281483243758539,0.00021785918239171066
428,0.9055203541061086,829,3,0.00740721719684988,0.9065099388933497,0.8702338033451413,0.6692152625618136,0.5123620425460773,2,0.485757261793718,0.012676609219725597,0.5228883900976697
427,0.9052489692173976,833,3,0.007117480544112318,0.9082525035437933,0.8675074279426005,0.6992449563993076,0.5538955918969876,2,0.4058617360941145,0.013775248868876605,0.00026407886008089664
429,0.9060310563415228,829,3,0.007805952921912312,0.9069147475937264,0.8698168804936248,0.6697902428851321,0.645361332682957,2,0.455461594787753,0.012631945669857215,0.00021935718294153195
430,0.9056659589332587,828,3,0.007828827813451563,0.9084512527869376,0.9056425736734033,0.7169884110485473,0.6414552225583968,2,0.43485529743162676,0.013563633477658847,0.0002185662021597299
432,0.905201655902178,839,3,0.007889585419189566,0.905478553586244,0.8760081898793279,0.7169877579469839,0.6408352430022549,3,2.97123832968367,0.013859033339025969,0.00020993695269597872
434,0.9048827269090041,857,3,0.008157371777765269,0.9108598934827157,0.9822627621045876,0.7455821210199597,0.5167369580888507,3,0.5039273221848364,0.007288155224632241,0.00021001683533732437
433,0.9051084282984952,826,3,0.008071524698795417,0.9039771364895852,0.9834478766705803,0.7393037057006926,0.6449667674654764,3,2.939143338546175,0.007059942359145453,0.00021113333756743398
435,0.9052060364127652,860,3,0.008050889865786254,0.9068606711582119,0.9823498067765103,0.7440913084544869,0.5110917382441481,3,2.915566445305572,0.007578179076862274,0.00019871545242376674
439,0.9045948890885886,858,3,0.009687528847457775,0.8897448483236408,0.9823354986152127,0.3109460271634952,0.6026005006611012,2,2.069194524194031,0.007035886379475427,0.00021596256714600195
436,0.9054237087539485,858,3,0.009557633787572276,0.9058634948671914,0.982994588871877,0.742468860486725,0.5175931132151396,2,0.45385811799659276,0.009207990318436006,0.0002107623380920656
437,0.9060193591429698,859,3,0.009606633051575093,0.9020904829130739,0.8761079061203818,0.7413629791236425,0.5164884026191537,3,2.106476357723247,0.008933073988585147,0.00028131171261242384
438,0.9049486044670095,857,3,0.009513619895430826,0.9044815480138063,0.982161052605574,0.7262485915824073,0.6004002177415347,3,2.1325115685829275,0.007295007271989588,0.0002833942086111455
440,0.9047264605462292,853,3,0.008216806992688199,0.9156873717802452,0.8488815687054728,0.6552805939051082,0.6007104241774108,3,2.0906581158397644,0.009100993841080283,0.00020445451870826137
441,0.9054866715715209,857,3,0.008247402291976014,0.8943053613798408,0.8817849249188837,0.6201417805612293,0.6036560165500325,3,0.5793816019391028,0.009003916411845659,0.0002926730086709475
442,0.9056308584435477,859,3,0.008133944621952665,0.8896560771617796,0.8473581945470067,0.6885208951632948,0.6082275937745137,2,0.6197759501023821,0.0008154158390941996,0.00027706038662320603
444,0.9038766487139597,862,3,0.009706957624211681,0.4399819495954598,0.8871820285349329,0.6205290499961029,0.6043273128794379,2,0.652328419749042,0.0091293419080452,0.0002906204319335481
443,0.9057711846889248,861,3,0.009484518846696242,0.885657349243471,0.8419189224393865,0.6268731945958642,0.6026334749367501,2,0.16287160567356268,0.009047526621704724,0.00026872110310135485
445,0.9053427694611889,862,3,0.009529667503300565,0.8847876470865151,0.879995708053077,0.624294418571841,0.6089151999684481,2,0.6035071320156504,0.008755661948417294,3.1673919585560646
447,0.9054354649421106,817,3,0.008381384750708688,0.8797143956320108,0.8922494069333045,0.6573980913943087,0.5775200196845308,2,0.33822127581238776,0.009312694823609153,0.00028592417236473794
448,0.905875050186778,797,3,0.012508976377004691,0.8691117457914846,0.8411859268809142,0.715141985450123,0.49022540567714784,1,2.074784063105505,0.008989620520682258,0.00029965873469200364
446,0.905270812476655,860,3,0.009448881100364126,0.8717999015634967,0.8868189269535393,0.6573203609261175,0.6090632389367949,2,0.6181125478444558,0.00956000413437871,3.1340302465140426
449,0.9052483389559958,823,3,0.011844617883746054,0.8703746223247462,0.8467984197114414,0.7181778640247211,0.4946264708271634,1,0.6508358074077678,0.009377059211787336,2.5224130387591805
451,0.9049901123229048,815,3,0.011305153166154368,0.8661933460012221,0.8457948725038336,0.715058447921621,0.5426261093672463,4,2.0733213158297414,0.009701687341657949,0.00016413905331715155
454,0.9060374429549196,813,3,0.012791980029297996,0.8700944604106468,0.8505673435606117,0.6550289521429854,0.4809024502040167,1,0.12186219652220975,0.005968101309200743,2.4746165528154114
455,0.9055647625631751,455,4,0.011205733158038805,0.9253254996410515,0.8506096602971331,0.6497210491904242,0.5372613024238007,1,0.1524087754866097,0.009597371785468694,0.04485289888252735
452,0.9038594506583545,817,4,0.013346471146348552,0.8684371827489668,0.887837146330456,0.7193331790561844,0.5270969759174864,4,0.20140141108573983,0.009365444883430912,2.494748605022178
450,0.9057112467611969,815,4,0.009562973981744894,0.8702030929515261,0.883968964020759,0.7166306176887788,0.539517407203215,1,2.1080039831460584,0.009565010656761904,3.1303297296874164
453,0.9031959080945542,847,4,0.012359807038942124,0.9292113588074444,0.8900476464098526,0.7158896565804502,0.4970732357215545,1,2.171465618712798,0.009465094582204452,0.00015920332720407776
459,0.9045509942060042,787,3,0.013640058382463804,0.9242997853986737,0.822256383405457,0.7569288713445634,0.4606382485825283,4,0.23302246802080834,0.006968002446417097,0.00032905393820712895
457,0.9039262716700153,791,4,0.012235410816045691,0.9246264172780727,0.8181657710301492,0.7611067067460973,0.43807990636713456,4,0.07518421202988282,0.005905435557099795,0.0003105869042419887
456,0.9038005363067665,819,4,0.012067156382017436,0.864864502141094,0.8658738713954304,0.6373360481101868,0.5335343693118455,1,0.13213775813537856,0.019166914847506968,0.00031869003018898906
458,0.9026960316686627,799,4,0.012407710900543538,0.9258200493630331,0.8475319380433777,0.7160883738045611,0.5244643185142671,1,0.1717172793076514,0.005945746743061641,0.0003091463782752455
462,0.90510512685685,803,3,0.012962855323249811,0.9296942716125656,0.8330606469811147,0.6372104751889792,0.44118396870667104,1,0.1503089456286422,0.005843488217667854,1.3374260343189024
460,0.9027105590001299,792,4,0.013484024055246378,0.930135859468549,0.868019296424697,0.6351451033613008,0.5419942994952537,1,0.03281768542678887,0.005478188654964869,0.00032788417596734776
463,0.9049281272428974,794,3,0.015226442544017447,0.9283364437097246,0.8101641613444539,0.6451815563649952,0.43922254667543925,1,0.14772821094074617,0.005841831957401937,2.155562220717483
464,0.905090092184339,789,3,0.013170542491614635,0.9259275287283036,0.8594997918938349,0.6300755971836053,0.4610127819570715,1,0.14570432603849737,0.005792627516713123,4.131705929777628
465,0.9051420644623851,787,3,0.013116886876555175,0.922541833122203,0.8268411058983985,0.6364501800457611,0.4536349874190877,1,0.04357123472227985,0.0060818849909426926,1.332419235438385
461,0.9026202049353748,796,4,0.01436606747104411,0.9223109540491756,0.8288199571021505,0.6345398762032558,0.44777763308935004,1,0.017156383493469235,0.006203880788327931,0.05189609244837089
466,0.9051839562068441,792,3,0.01424333314740013,0.8617726364151952,0.8478349425070666,0.6364908106154841,0.4490361139172667,1,0.013405896165332776,0.006417670134371605,1.3269256077417295
474,0.9031416312688471,241,3,0.016789170301020912,0.9569576316320791,0.8353022802908658,0.6717744088073867,0.5115059719619964,1,0.34307811959196544,0.014582955321579475,0.2410673851371795
467,0.9050637397928213,797,3,0.015680708502200044,0.940258710765767,0.8612993019047651,0.6372869502432789,0.49519618657699055,1,0.31113975431486846,0.005831720472155716,2.0869569094812768
468,0.9045826888059738,795,3,0.014931695283076023,0.9406954139173483,0.8635069029576636,0.6355130955535367,0.47623369096433765,1,0.1552052745470794,0.0053771590366643975,1.323384281224484
470,0.9056105007190043,791,3,0.011700187977232723,0.9565227590907058,0.8636575702792841,0.6090695622076933,0.4800627437258488,1,0.049378525300187645,0.015277033574548732,2.1359938125441693
469,0.904580451229763,800,3,0.010730447236980396,0.8882789488607807,0.8638419280404155,0.6319144126534212,0.47884600408631506,1,0.03917812944011481,3.0742360543320078,0.024999967550698964
475,0.9033404384138144,739,3,0.017121341521339747,0.9578313340211746,0.8560199534468038,0.6078718354772203,0.5063825361369501,1,0.33987830017076,0.01491156497542342,0.00026370369621782976
471,0.9051584218400451,839,3,0.010798046821237138,0.9536649800686723,0.8290749990185322,0.6028981619623317,0.4904021895799553,1,0.29398779225203814,0.014821808616005183,2.2451652290855315
472,0.9056207921252399,834,3,0.011483989637701596,0.890528578756018,0.8631287041632575,0.6156293696423168,0.4685122989933415,1,0.01684356159852851,0.015714726567778767,5.042553097431804
473,0.9035547059295016,841,3,0.014848633448454347,0.8898460452548227,0.8607053631242151,0.6072332925446586,0.48480409370662925,1,0.003444634684680037,0.014623517960607157,0.022629735097004597
476,0.9055605066453314,835,3,0.01144701228888821,0.9559781591914215,0.866727279826502,0.6741950428965252,0.5124431625496998,5,0.2474453662716395,0.015499332620054632,2.111138802309192
477,0.9047575919322648,841,3,0.010965256892041085,0.8893070249788799,0.8615799443291455,0.6900781753822289,0.504462683792823,1,0.3538391802273031,0.014377012468259393,0.0002522526123673306
479,0.9045668424942169,846,3,0.011671210622216495,0.8902027805105241,0.8624816105912582,0.6894655633213378,0.5741052885567767,5,0.3273094679053657,0.01546550950303615,0.00023512687157772595
478,0.9054834485799741,844,3,0.011018149963664542,0.8902549237094971,0.8602484053359459,0.6923386284073587,0.4897866418133052,1,0.3109549950958199,0.014973142573747465,0.0002411472866820682
480,0.9053298555259337,829,3,0.010607643856558727,0.886410785747046,0.8701448991433255,0.6805317712573098,0.5520879852916744,3,0.3173147093788834,0.014282484360331908,0.0002519518797839271
482,0.9041176570707803,841,3,0.010454782537950163,0.8296082567443477,0.873600031044672,0.6777250234764731,0.4963822777747173,3,0.7838742699521046,0.020345056252691535,0.0002517685705387332
481,0.9056377864538451,838,3,0.01052034281633677,0.8966098948539651,0.8764358849686912,0.6892504392628347,0.4913593132722714,3,0.2954142717949121,0.002543998739262014,0.0002319017920627433
483,0.9052170355422733,822,3,0.010260963434233487,0.8914790261614038,0.8740122377123951,0.6911963840205924,0.5741806615051948,3,0.8647651101359771,0.018821369231133915,0.00024317080005142877
485,0.9057434965932588,821,3,0.010443961792075004,0.8577860664225041,0.8771875567098025,0.6763317763136372,0.572738646779278,3,1.9425152217081392,0.02100532591993789,0.00025032685816524605
484,0.9054505728195099,845,3,0.010397762160901207,0.8604518474035292,0.8717102993899547,0.6888994314828063,0.574800126512688,3,0.2600897828949345,0.018706310851276498,0.691519838488199
486,0.9061093682401404,823,3,0.010500770312323595,0.8588927507541599,0.8831729850960879,0.6951071644154068,0.5730599617261717,3,1.9766530091319219,0.007787226884206321,0.00025779750178188377
487,0.9049627732997705,822,3,0.010509446861562003,0.8584800676972856,0.878908102142748,0.6601503822115645,0.5548060862352482,2,0.8550505441080187,0.007654682059712136,0.0003796726628635939
489,0.9049406854920956,817,3,0.009029940706215258,0.8567138079008874,0.8841627444816673,0.675407335905275,0.5501632767915854,3,1.9173525072393451,0.02092074936439089,0.00034138161762298425
488,0.9046010991892638,869,3,0.010227712684276802,0.8558687254276031,0.8779359216791044,0.6592600594982009,0.7259906058832615,3,0.849464793009586,0.01994053581366703,0.00035677534329523337
490,0.9053147353336932,869,3,0.010122678437496268,0.8274134121825043,0.8996424882054995,0.670871690303039,0.572487145635755,2,0.8303008478671805,0.0025923014304504426,0.636846234271081
491,0.9051321587691337,817,3,0.010023534997026082,0.8620545871135901,0.899518953591587,0.7294369843515901,0.5671227992661622,2,1.8161755259414836,0.003184733130797766,0.00037447576538000214
493,0.9058868105559046,868,3,0.009035632163593866,0.8576511691022722,0.8991389732817753,0.6616097483163197,0.5262477277862437,2,1.9566377908494033,0.01140323620612824,0.00038194098207903685
492,0.9054151488751776,869,3,0.008999113263355117,0.8653453306393593,0.8934872139151887,0.6648256273839522,0.574959819587,2,1.9346514531260388,0.007395911590686356,0.0003904010470298375
495,0.9051053306598675,872,3,0.009052174766383024,0.8668113743887591,0.902255466358526,0.6519306975878802,0.5283385708699059,2,1.8460586734769031,0.0071441534534696155,0.00040470636124695597
494,0.9048538900363144,871,3,0.009083540281945031,0.8655354226332248,0.8944627161426264,0.6622370854729422,0.7316532268388013,2,1.993653228872593,0.007644910284543979,0.703796159757109
496,0.9046447245896786,863,3,0.009281423780121067,0.8493873742532166,0.8978434338902096,0.6575473241215434,0.6575044416428761,3,1.805073314808166,0.007933840171966546,0.0003565356687971288
500,0.8972155820565529,870,3,0.09786081005619643,0.8708134458097588,0.8397050107622561,0.7367999118508249,0.40589451631095197,3,2.055065188302893,0.00459813043756457,0.00016521549794004366
497,0.9053404231038824,868,3,0.008847993302602613,0.8351135544968875,0.8412667799747412,0.6561698364674631,0.6623804825677923,3,2.0404411065225485,0.004311286039553807,0.0003481853234290135
508,0.8947936050125114,142,3,0.008492020188653585,0.8474978215795641,0.9114308745223293,0.7016272649449417,0.5254201932482933,2,2.1403611631474986,0.011415413427626659,0.00017539425792055207
499,0.9049338728004022,871,3,0.008957051437915017,0.8739311558965609,0.8982974535881364,0.7322413253511063,0.5272539100374519,2,2.033051878161114,0.00334131041225323,0.00017749557858735002
498,0.9029467187303686,874,3,0.009171483878318972,0.413425380057592,0.83483525610914,0.6555619817120241,0.7327638387877097,2,1.7830358031315878,0.0034114374502627817,0.00015409403045568682
505,0.9034172798291904,942,3,0.00871970369785021,0.8394622661773892,0.9128251730500326,0.2515700734357839,0.5244963571796253,3,4.202082752110698,0.010571647519328728,0.00016291056678334988
501,0.9046208534865959,865,3,0.00870046904071469,0.8442182373494244,0.8391658631806445,0.6572760814301474,0.6815358182495194,3,4.2303871435375555,0.011291786423859767,0.00016210930114097434
502,0.9047651280068433,875,3,0.00902184440482971,0.8415904525284721,0.8402860513259655,0.6651557359599212,0.5326141053303788,3,1.7545230801147784,0.010787051520813728,0.00016834777333013653
504,0.9054511697092128,877,3,0.008898943666929485,0.8341522993462636,0.8436030255648193,0.6532554922868063,0.5229770447959441,3,1.7742890069275958,0.011709118831893729,0.00018005984510980228
506,0.9046334962672956,772,3,0.008660077108085215,0.8413192775075533,0.8380338700439919,0.703494347962356,0.5237788018295689,3,1.614874104616101,0.011606090357411825,0.00018112863997445574
503,0.9045323076510009,875,3,0.009026832501662614,0.8395101389030964,0.9014594460744602,0.7335559504530899,0.5237722446853907,3,1.8077169751278768,0.011647218568274106,0.00018627399970669884
507,0.9045445456383143,945,3,0.008648749974390642,0.8277669459799453,0.9116064501808465,0.7091601877011516,0.5270600549352126,3,1.7296342209486935,0.011837933666022055,0.00017966088008912164
510,0.90496691884015,906,3,0.009651625073034733,0.8405561473887875,0.81486004548613,0.6983722205285252,0.5346223476907562,3,4.989659705651296,0.010962464020828087,0.00019720152727418437
509,0.9046246439490588,770,3,0.009583339859971028,0.8352052477999133,0.9094560215244939,0.7022080063614415,0.5214573714474046,3,1.7566352537760983,0.010900189074615688,0.00016866609668471017
511,0.9048738492769273,775,3,0.009670417521767038,0.8431045002570096,0.9224355042945644,0.7026975062238363,0.517692794075905,3,1.7423293239702664,0.011642904049561911,0.00019372788401455571
514,0.9051302913983298,773,3,0.009608710424374738,0.8749986830476238,0.8097095867923235,0.7014704201135742,0.4706318292536455,2,1.4785551305784015,0.011326777877039652,0.0003015301201446935
512,0.9058563098873762,776,3,0.009811129169065328,0.8411536959313812,0.8042889179560865,0.7010976825522236,0.6785161833960703,2,1.476382357368015,0.01167281017077122,0.00020276344614143967
513,0.9055405792560668,904,3,0.0077353079439489445,0.8793048967814607,0.8111584511436017,0.6978741960419504,0.5418051038927137,2,1.7303487673274804,0.011305502989981356,0.00019928151565174281
515,0.9047750007084835,771,3,0.00776893061702654,0.8765491079198294,0.9102171070996816,0.7073727742420094,0.5492083045570112,2,1.9172155816517673,0.012083711810328343,3.776942398871916
522,0.8976978959227477,209,3,0.007477660602888117,0.8779548506213172,0.8940929195755684,0.6780207946229803,0.5865788060678729,2,1.9105442457542021,0.00827606364562496,0.0002838648289854207
516,0.9055841465030656,907,3,0.009830366772692601,0.8794953522172326,0.8154962271457894,0.6988241365379928,0.7052468624502393,2,1.2010794924979298,0.012248312971770575,0.0003042555240122111
517,0.9052795527450419,907,3,0.007674689741626171,0.8822612924795828,0.914468964401241,0.7055344024808162,0.545115913155339,2,1.9084151857020653,0.00954725120163808,0.0003073888555942454
520,0.9017584460349071,810,3,0.007663731429512325,0.300894277303938,0.8872649757037036,0.6759919660635881,0.5511162302894864,2,1.9064360649173095,0.008476776715591532,0.0003003484806290617
519,0.9046217641766929,810,3,0.007637601559289516,0.8750141949033444,0.8864674434723964,0.6766308534042641,0.5489699943261853,2,1.9405758859839854,0.008207751086068237,0.0002879726326248851
518,0.9060516088990143,899,3,0.007529916168947631,0.8772392514383893,0.8854669921021893,0.6969309373636682,0.5494879138298979,2,1.9833581595101053,0.008601094762370134,0.0002900888878422686
521,0.9054861799661073,970,3,0.007686456268121721,0.8747869315805513,0.8880671474139347,0.6782415020153514,0.4700437843100631,2,1.9389829327467552,0.008089929673514719,0.0002993020992905362
523,0.9055605327953643,742,3,0.00766504704340048,0.8768651885239507,0.7778798065856827,0.6810973778826119,0.7156217716608295,2,1.8616475687343017,0.007586249844496183,0.00027425884107311875
524,0.9051233468162092,720,3,0.0075919273416288485,0.8726366307568183,0.8036135345182254,0.7204029122432496,0.6822382157038289,2,1.8924925236081636,0.018541007322449506,0.000277455233267221
527,0.895398160856028,749,3,0.052781909405231975,0.8186357394684215,0.8869410708224915,0.7228799340971485,0.6885784465864264,2,1.4101365293123944,0.018324871692260106,0.0002399327070797736
525,0.9044184092065386,728,3,0.006942223341248198,0.8155006029042184,0.891041401382343,0.7198603197258513,0.710061243996092,2,1.5192309791925256,0.007724034742282866,0.43319974459198063
526,0.9054810174631136,807,3,0.00686558015342493,0.8159119412731636,0.7966717971931646,0.7262242088778994,0.6815117562192387,2,1.4878018269681685,0.00847790990830911,0.0002946590651750968
528,0.9052396880082153,808,3,0.012746155254320499,0.902971545729675,0.7849698445711021,0.725708264214666,0.6829540043374424,8,2.18907247822239,0.018357952661486824,0.0004583999876143206
529,0.9053377196161856,726,3,0.006883260398858263,0.9034931803257318,0.7987912095884929,0.7267348531597695,0.6832839528501629,2,1.4692059943188702,0.022210419727654505,0.00022966238131041485
530,0.9048067892661292,808,3,0.006809425428792215,0.8212001453693709,0.8013713910544109,0.7305222363102164,0.6874164984993363,2,1.513381754548221,0.017954752043472445,0.0004519593236450653
535,0.8928072172752712,895,3,0.11245240783394432,0.81437357378411,0.9274452796621896,0.731394262574102,0.67454110025532,2,1.6028261500121181,0.0068175187602257025,0.0005844441600505461
531,0.9042446224738004,722,3,0.006931238591689332,0.8593962226470383,0.8809671659752772,0.7281396043566043,0.6840756925029307,2,1.5957076152131886,0.007228726393177039,0.0004954848973322406
532,0.9048035840626861,810,3,0.006987902627662968,0.818215839610803,0.7810463325037753,0.7180273814515956,0.7011021897273421,2,1.607333354930932,0.007047794215527506,0.00042494723508725214
533,0.9052326919622218,806,3,0.006662988773820258,0.8563903567325231,0.7923044814223451,0.7242357580319003,0.708989796559661,2,1.433084854646212,0.007116104592149146,0.00047366637619358196
536,0.903704965842584,892,3,0.01227014603022778,0.8563399907024997,0.9248467196908398,0.7472874843105174,0.6686759186528827,9,2.1990941274993756,0.006843909539127345,0.0004551128575398469
542,0.8973652101118649,274,3,0.005724843130746662,0.8584327414001082,0.8553275555711973,0.7520495284495952,0.5589151544620564,1,2.120839235499428,0.005583049701755278,0.000395110316658848
534,0.904943998564424,893,3,0.006834966686180397,0.8546398153802397,0.8792743605038764,0.7242561990542346,0.7004884719586193,2,1.5035701944673718,0.00689750310400225,0.0004706724934969893
537,0.9053203028581256,892,3,0.011883271654407243,0.8538412178217188,0.9257466611006899,0.7386068838550307,0.5048134195101659,2,1.0351078319060159,0.00693942079270511,0.0004220981775686179
538,0.9050029295638528,895,3,0.006957647211343462,0.8550260183738518,0.921077414551145,0.7431550989441298,0.55778648333954,4,1.632271340426805,0.006780449973147138,0.0005928332899608012
539,0.9038811259188544,892,3,0.011695860774076881,0.8542882456533972,0.8759299549785714,0.6890373970649073,0.5051397080292583,1,1.634691317897855,0.006505418220592711,0.0005999687447479422
541,0.9056061894603935,750,3,0.008364688132075599,0.8557056151562018,0.8789328616452589,0.6908812993391128,0.5607659351408163,1,2.0829719382145244,0.005213012941104501,0.00041908921379865
545,0.9024863944571905,418,3,0.008252810365457885,0.9032916492114145,0.8782125603130942,0.6897040168955088,0.5587455913815835,1,2.0681525354520707,0.004757753341921358,0.0001341886175369507
540,0.9042897647281546,891,3,0.01241977253741857,0.8569562994553178,0.9246079852452143,0.749669021922274,0.506902500330212,1,2.0668274289604067,0.006788962925232214,0.0004149890931564313
544,0.9048658016803403,848,3,0.00831165292545145,0.8584807861064438,0.8547418151628486,0.7544286273831775,0.42129038243057537,1,2.0399398085543843,0.005428953425169259,0.00013070658853742338
546,0.9041112563941391,846,3,0.012161737102384414,0.8969849414399359,0.8736591170579181,0.6941909756831152,0.4221438320868622,1,2.081971406519791,0.004980553722245623,0.00013759630152320528
543,0.9051217340281378,891,3,0.008395808131567447,0.8569988822481032,0.8530027590841331,0.7542290384258912,0.5659209549451438,1,2.0828137273439475,0.005500546152735117,0.00013812470263063238
547,0.9055136902567533,847,3,0.008364061276650377,0.9022731197335645,0.921096179444175,0.6904429498005238,0.49737612032898204,1,2.059758121536728,0.013514116595883429,0.0002243273497500011
548,0.9052668215559464,848,3,0.008336945419621286,0.9073500527230809,0.8766995342256381,0.6876374236780575,0.5589005444480019,1,2.017700932603956,0.0049412005031588485,0.0002121443244127119
549,0.9052642171951183,846,3,0.008346647742587825,0.897661685842973,0.8727106023706446,0.6882701061512033,0.5000873717564116,1,2.016333175900933,0.004932025345457929,0.00022122837166030712
550,0.905857069758679,850,3,0.008374847104009452,0.9061963800325393,0.8976577692097994,0.6903243376389165,0.5643490100853802,2,2.053985124090578,0.004768430560875007,0.0002232271133711317
551,0.9055830089766375,848,3,0.009979592347477773,0.9010351020465847,0.9072035645996234,0.6858643627566628,0.5822197331436196,2,2.001592689630384,0.013848895402758401,0.0001415370941637345
552,0.9052996971643756,847,3,0.00998037507982843,0.8992737808168045,0.8999774045743599,0.6682894220970255,0.6576411675353848,2,2.0419782023558883,0.013708912547707189,0.0002190540484874579
554,0.9051908612598453,830,3,0.0099661747211704,0.9020828535192298,0.8994011651233538,0.6881358021393111,0.3339956087830949,2,2.503436280965534,0.012974322164540694,0.00021523343525677396
553,0.9061451977380344,847,3,0.01003080122014339,0.8996278419613919,0.9051798857740448,0.6692066585152472,0.5748500476052382,2,1.9792404573018478,0.0135782416438877,0.00021561196825741066
555,0.9059413796690426,832,3,0.010183316965644902,0.9020542277152538,0.9040648041794761,0.6679792936486411,0.5830940780556695,2,2.2068687501739133,0.013425043202638754,0.0002245892789378801
556,0.905154953311853,928,3,0.010106988267394675,0.9008904439726065,0.902773388214468,0.6725048482226469,0.5737699200757571,2,2.4833735173407683,0.012723215395840627,0.00021444619161109665
557,0.904381334997489,926,3,0.009768773771084493,0.9129873363840177,0.901190996050838,0.6785583790105293,0.6533706743745351,2,2.4749954052149,0.014318149504920562,0.00022381506017245413
558,0.9054017443987542,928,3,0.009801615180412867,0.8936024117169078,0.9022072414168139,0.6689214745822741,0.6585326273701095,2,2.236608784630652,0.0096332058309115,0.00022837540778052073
560,0.9052907149321674,829,3,0.010007381559644288,0.9151281065433919,0.9010665377029556,0.6662591291335253,0.540542873562248,2,2.1754796900313242,0.009413449577710961,2.6998804235937346
562,0.9048276861830645,781,3,0.00999325665436873,0.9163196231189555,0.9049386567993063,0.6704088901025756,0.5398617950315665,2,2.204413018154305,0.009821233680533541,0.0002401954248225668
561,0.905777883050242,825,3,0.01002530273534312,0.8865300336125802,0.901264714894548,0.6667393114714573,0.5466302920839785,2,2.2270593931199607,0.009318323680503539,0.00021632511225137485
559,0.9050464819874318,926,3,0.009633937222796141,0.8842055389987415,0.8995867100722764,0.6688960615894823,0.5827558215601261,2,2.2305711109447537,0.009444417172942473,0.00021748406967912217
563,0.9047039905983943,826,3,0.009464502665303538,0.8802467998836236,0.9023228812144676,0.6697464735886475,0.5391877826186854,2,1.871790277683334,0.009318070804467542,0.066408372531273
564,0.9050948369709652,826,3,0.011141886017162487,0.8797383201477432,0.8996877193270457,0.6725715544761545,0.5860299590239576,2,2.1633337722572623,0.009544894843972411,0.00024141938886928176
565,0.9051433777413596,832,3,0.011341855279275526,0.9150421366841287,0.8965521041632936,0.6515720475134948,0.5796135762015077,2,2.22034685277541,0.009835427273776454,0.00026204355133967655
566,0.9047038495858626,826,3,0.011122972675877656,0.9157076702346312,0.8957927118716908,0.6644920407044274,0.5766391477622084,2,2.277462501874749,0.009655441139188523,0.00025196922210499515
567,0.9046908608493507,835,3,0.011074517415119787,0.8831463882660453,0.8913023095757594,0.6576878561685441,0.5679643876408741,2,2.193754774352062,0.009880517898308154,0.00032364047234600767
574,0.9051348545030418,523,3,0.01109080342352991,0.8734332465459375,0.934003259555829,0.6516754885288265,0.5857279373744657,2,2.3320879151573934,0.01652587624914016,0.00033095630851809175
568,0.9053280608278953,828,3,0.011190045293976195,0.8816712459900385,0.8917519843023067,0.6518601151611318,0.5894596798491554,2,2.240415999509001,0.009528240170819111,0.0003320881757567956
571,0.9031506859457682,855,3,0.020619387601208045,0.881063614578262,0.9337900882952432,0.6506680722329368,0.5758665073114544,2,2.366240753750093,0.02543128507909126,0.0003444382953028292
569,0.9049715881413615,855,3,0.010921207533377076,0.8785179045832967,0.8898190709320863,0.6552858013899001,0.5862444601499633,2,2.222516864389204,0.025119108445851905,0.0003049632516647577
570,0.9048872513968071,858,3,0.011535825689651195,0.8827466470729392,0.8918734371489513,0.6534171549253995,0.5752253907592145,2,2.3453268770386297,0.016924375478826578,0.00033235120551748063
573,0.9050925721804761,856,3,0.011312240433319434,0.8761187973433147,0.9177163186036527,0.6475545345147841,0.5867312408584376,2,2.1516287431198133,0.015939166784606947,0.0003191367808689514
572,0.9043400540539424,855,3,0.011055631293607135,0.6391966015942795,0.9330263560220667,0.6594957421886054,0.5912283524142776,2,1.9559518001926732,0.01735324395334756,0.00015606528682294993
575,0.9053708662271353,864,3,0.010825194789485926,0.8776587100598148,0.9258892002679195,0.6475853362740654,0.56870800358271,2,2.346179223093516,0.017286288250715397,0.0003466439732680389
577,0.9040067918020742,857,3,0.014138332927368281,0.8750459710471892,0.9340103196692214,0.6551244699891214,0.5884628417526158,2,2.340506173174335,0.022978132258937967,0.00015419335782034758
576,0.904290203653415,876,3,0.013663266378534756,0.874168756994794,0.9348793901660303,0.7075039321391223,0.5917572032056595,2,2.339408014785312,0.02507726610253551,0.006564611063236351
578,0.9051450261816563,860,3,0.00907593541016235,0.8727788119694694,0.9192983157737872,0.6550547273315324,0.5607798995922659,2,1.9627439088508973,0.022290467486532343,6.161657198706185
579,0.9053082352261134,860,3,0.013549487871981727,0.8928633742292597,0.9185060659328663,0.6466741461612158,0.5632005351329181,2,1.996462856065143,0.02451590924728426,6.297982304533031
580,0.9050175868092911,876,3,0.008946179171925962,0.8986418574373457,0.9180034997762913,0.6458825857943062,0.5697343101531229,3,1.9968458614104798,0.017075460011210918,0.009085526621706
582,0.9045787463844539,875,3,0.012943436279915286,0.8969618580295948,0.9183409224778154,0.7072277589383873,0.5598130804330739,3,1.9746488582503927,0.004134475319258061,0.00015689730432608912
583,0.904598167344885,875,3,0.013097056914666602,0.8970382523821077,0.9183904404513896,0.7049723675751813,0.5596446499512673,3,1.9927655419133836,0.004200797955180799,0.00016037375044521064
584,0.9038079885340011,882,3,0.013480530913579968,0.897781723183427,0.8588255800818863,0.6991803202080613,0.5527165673263119,3,1.9894002361622332,0.004139173003333303,0.00015420710496752058
581,0.9037447411827866,860,6,0.013573590025559374,0.8967338726132491,0.8569119074527245,0.7069406915380275,0.5568974416899899,4,1.9537512229396028,0.015736776773464283,0.00016143602019759362
585,0.9049307945462465,878,3,0.009177780360955467,0.8977302655214191,0.8600280767366238,0.7055485832196865,0.4820610979987992,3,1.9795149439077508,0.013397676933013978,0.00016117138748800416
589,0.904742186446207,874,3,0.00900097529282832,0.9098132701221847,0.8588327547321628,0.6850538534527265,0.5512923094704388,4,1.8204159933862476,0.013960234008761077,0.0001539785718013951
588,0.9050964969659272,881,3,0.008660093599629123,0.8970440329476631,0.8566472160126509,0.6823598431336407,0.5544266345939093,3,1.8346464456216967,0.004069828926483652,0.0001546577309630778
587,0.905316283202788,875,3,0.008959179317861153,0.8991724080609816,0.8605426094485967,0.6824267550488304,0.5559525635480893,3,1.9800149651744787,0.003945645777833275,0.00016032493725712835
590,0.9052025440910837,914,3,0.0075566816659813725,0.911623818793735,0.8520057356964154,0.6849992939249183,0.5525731352881134,3,1.840641496006394,0.004159233309972022,0.00015820078924641307
591,0.9052342475851052,913,3,0.009053377243423264,0.9116089983220353,0.8588622919414982,0.6847909622500471,0.5547034740324935,2,1.8257329480110756,0.012517395683566433,0.0001849885364174163
594,0.9054008972593184,909,3,0.00887294018329075,0.9158025629397932,0.8743332402872984,0.3848009611059495,0.5424920261004595,2,2.611361152551102,0.013478848078198255,0.000272181795365912
592,0.905116034613278,905,3,0.007493707961079793,0.9131495272727991,0.8610427286937444,0.6826931995133803,0.5474624911171052,2,2.112701440656647,0.012695686335869235,0.0001866566054692023
593,0.9058632316642357,912,3,0.007485879951700831,0.9160460291106741,0.8715716017690374,0.6810650738772039,0.47893459103969704,2,1.852829893772424,0.013272067251217743,0.00010573440225760732
595,0.9057166531284502,908,3,0.007471679397689777,0.9209349813752161,0.8750451154975357,0.6825248037339561,0.5483067910801205,2,2.1219751014347485,0.013046602922383061,0.00026757833326280275
586,0.9029435456063263,880,6,0.00897385702639968,0.8956112171281031,0.8545146751832545,0.7003353057636855,0.5602401393811506,3,1.970262919511818,0.013289069022901235,0.00010113583568894074
597,0.9052140230432875,909,3,0.00760974717272191,0.9134078791451931,0.8780652210156493,0.6741060080907497,0.5397106937447433,2,2.13363999583144,0.012257107803149935,0.0002658877663219452
596,0.9058327265106723,913,3,0.007486934213008661,0.9159445489338349,0.880843919573525,0.6821075000460617,0.538929483897586,2,1.831173285338611,0.012441363951490113,0.0002708092102912289
599,0.9052831434334166,907,3,0.008023022690413455,0.9207806079882667,0.8813380291591765,0.6781828390068833,0.5120308349892267,2,2.1209613441045274,0.012086916999750418,0.00024090747668281277
601,0.9047539257584756,819,3,0.007851369586101269,0.9348980722799332,0.8840758516676801,0.6721952808644849,0.5314957928134015,6,2.1202166171826207,0.011869423083217336,0.00026126542099262916
602,0.9049533661295287,842,3,0.00811098960448049,0.9340655503236768,0.8817933965928691,0.6717076341063248,0.5949361000090294,7,2.1209219266171275,0.00010345931956975908,0.00025963999795797
605,0.9013454384217201,941,10,0.0747417124310047,0.9333265022954537,0.8833746182715526,0.6654932970873793,0.4661889357957044,2,2.7948114470136542,0.007720353257752071,0.00011430583562428222
604,0.9025814439731897,941,3,0.005678921216785576,0.9327325506636853,0.8825492359358369,0.2030203076238778,0.484274014986395,2,2.568378337754008,0.008066829761415152,0.00011305891970799284
603,0.9052610356331294,945,3,0.006197456414954522,0.9388724932518077,0.8765381262101568,0.6690569951014393,0.4776068399537296,2,2.122530083934854,0.008300444268453534,0.00011545899183430699
598,0.9031723494995674,907,7,0.00816652872154409,0.9178179128113161,0.8776760910601299,0.6786248384135825,0.5949323049930417,2,2.539095660561468,0.011815982034242436,0.00025607523139700684
606,0.9046291194055502,938,3,0.0059899929912869635,0.8660269472483234,0.8831304181415932,0.6678045103361302,0.46241015373114713,2,2.8260801519951055,0.008038173708204543,0.00019948612204804693
607,0.9056734839092767,935,3,0.0080836368729909,0.862695840817821,0.8879500298522853,0.6687992260877984,0.5109517038702188,2,2.5420142504458374,0.00829083811881425,0.00010555134924864898
608,0.9053464389797498,939,3,0.00622296887296893,0.9369542832287829,0.8876742029511347,0.6652010225678178,0.46633035208082313,2,2.8099649866675387,0.008189786667625125,0.00010078927472539132
600,0.9018676855165427,907,9,0.007838448199282356,0.9220412466253727,0.8806565243317367,0.6734065548575995,0.5343178631421871,2,2.1263502171107977,0.012520799713695085,0.1676168739977762
609,0.9046328388676331,940,4,0.006181311975562858,0.8645909026142929,0.9114930287541932,0.6312764243535737,0.46384886470094605,2,2.7775153437807916,0.007969655374196308,0.00011118793456921937
610,0.9051013101683368,944,4,0.006201058396455347,0.8648509918509362,0.9113773904660514,0.639385062327135,0.46007749227902367,2,2.4792757362381823,0.00746095786784303,0.00010378196512543985
611,0.9049515708993677,933,4,0.005988599336411347,0.8380650716236596,0.9061778578935293,0.6348751596409539,0.49660844586370145,2,2.700875600730025,0.00785338593477455,0.00011339179225814197
612,0.9043795155937511,892,4,0.006514368384596173,0.8656781215981282,0.9138565607130491,0.6419730476381116,0.5194344594877833,2,2.454411806005371,0.01848501393781318,0.000100741596707094
613,0.9050561270925652,898,4,0.006671096130134288,0.8657310390716749,0.9095869274786024,0.6302294627032019,0.459718529582227,2,2.447825505922387,0.019762525800829742,3.6229965191534896
618,0.9035836283219207,894,4,0.0070519326267171195,0.8662579847349459,0.2985122318747264,0.6348697293797437,0.4910587904677224,1,2.6560587777692812,0.020255902991530895,0.0001253590041501377
615,0.905255773395127,891,4,0.00664219736209793,0.8679404133694917,0.9095306725237479,0.6332885139754331,0.4771156978726688,1,2.433385954074549,0.017644927446455457,0.00010378183317400365
616,0.9047770410952023,889,4,0.0071014590360214255,0.8634303765932673,0.91477673521082,0.6384971517621804,0.4910389562306334,1,2.7075969031024,0.016687354231011697,0.00013457975453455762
619,0.905504282858459,892,3,0.007111639540341801,0.8680419919994897,0.91286757995081,0.6405970169928613,0.48132274151150795,1,2.6295821252948444,0.02124721683002336,0.0001281438184116695
622,0.9049633704175261,804,3,0.007266023765836698,0.8863304304732315,0.9484345544215859,0.7133246280556993,0.38167305052968437,1,2.6776745043457444,0.019008824729326773,0.00038805694625685826
617,0.9048800756453554,891,4,0.006724483593014819,0.864789764160781,0.910397854831783,0.6360642581630935,0.50378364299737,1,2.4331094876665142,0.018949361795712518,3.315525265050128
614,0.904646883487738,926,4,0.006299964029833823,0.8696085665513037,0.9105131783089615,0.7158302397918918,0.45501777281676353,1,1.9006035664136667,0.02122976042389526,0.00010517338934114573
621,0.9048541126156637,894,3,0.006708642522148655,0.883717806903398,0.8294782494026228,0.7124727402072771,0.4958692658587256,1,2.4241533515000135,0.017992885264226644,0.34631345631564897
620,0.9053954315223685,890,3,0.007089108360495024,0.8320145032287454,0.9112598766084509,0.770698847032688,0.6263382359568465,1,2.6562537713911523,0.020261561578538537,0.0001302174384680752
623,0.9049431522611812,811,3,0.007169432409546347,0.8860413198340111,0.9497687188814044,0.6975224268581027,0.4845471362705411,1,2.6277221936098356,0.005771398624195817,0.5108782063368957
629,0.9044190671383241,333,3,0.015703954411873257,0.8840996747265664,0.839979190052342,0.7147567161189257,0.5826611479380888,2,1.8906049348624896,0.010400840734990417,0.0003515635903338717
628,0.8937785059683497,818,3,0.14957289160556692,0.8868260209353063,0.8458628228514928,0.7138872184432572,0.6212285426335542,2,1.8833208911964472,0.005292086213587974,0.000339990167547192
625,0.9048241960658917,804,3,0.0072457487939676666,0.8875420572040058,0.8477684065790753,0.7116379038996602,0.3782756185201462,1,1.9195449436764063,0.006307312178163458,0.015095188842354845
627,0.9053343188956366,813,3,0.010333288187878405,0.8816864426159869,0.9483296467376613,0.7128685097881844,0.3818980541010356,2,2.267256267789511,0.005616500062024551,0.0003936175448315942
624,0.9055397927786257,802,3,0.010247666601471486,0.8891391173963661,0.9476122314027718,0.7121210597855538,0.6123618755524921,1,1.8884898425013663,0.005308856378112934,0.0003826862985642065
626,0.9051360989101275,843,3,0.008471612229403033,0.8912872979583928,0.9466248559752247,0.7143640313936791,0.6242350375871754,2,1.8878935047104053,0.005894008628596905,0.0003784610184817535
631,0.9052131939200079,844,3,0.008537178748394103,0.8440919084127764,0.8406858152911457,0.7031406966102746,0.5756097123872341,2,1.86723465191923,0.006214255535785943,0.00019684317490644516
630,0.9046312060869492,846,3,0.010397691998392225,0.8879935384835693,0.8334648626505612,0.6959549510074394,0.6273512817186699,2,1.9158728123000883,0.00630405940865474,9.746804777798985
632,0.9060467804930971,845,3,0.008379309748120848,0.8940203855914355,0.8440441083351886,0.6926455487985734,0.619322894287383,2,2.2844256621049803,0.005982830720081813,0.0003756570917350998
634,0.9033535361594748,844,3,0.010317217233661686,0.8905021714223382,0.866296629598606,0.6938675726597586,0.6169399974966562,2,2.0474898574681917,5.637588454034573,0.00018526286782258842
633,0.9057322109536529,841,3,0.010453001047093983,0.8926839222236774,0.8427254839549446,0.6943225985874013,0.6163899566091758,2,2.2676551836235532,0.010200679946571641,0.0003724222460517166
635,0.9051292928319598,836,3,0.008321275843398264,0.841696767965708,0.9331708388234478,0.6935650207416593,0.596833165823659,2,2.04044886494533,0.009870638202979762,0.00018716981562670487
636,0.9054933517646468,846,3,0.008494807653108043,0.9004349736286854,0.9372704007159219,0.6931206616382193,0.5982877914079884,2,2.2846708313022663,0.010164237677495408,0.00018993021329264867
637,0.9049299100821999,846,3,0.008415017707536748,0.9015579753088615,0.8671405651207997,0.6993600873008596,0.5707560432798553,2,2.063890358340088,0.01060781861010654,0.00019081881419242972
638,0.9051041285185326,843,3,0.008438215095025436,0.8480306898267909,0.8676939899018661,0.697319908534432,0.5724169008440568,2,2.0151946039623314,0.009669109710964631,0.00020353599640046154
639,0.9049074978316758,846,3,0.01218076560791022,0.9072821578940923,0.8692805857880745,0.6937854414944368,0.5732982491440609,2,2.029817595236258,0.015281220146309872,0.0001935040436837204
640,0.9059193241688211,840,3,0.009581000454322456,0.9047740897922102,0.9347573437803116,0.6918119535219457,0.5941394160943384,2,2.0840781346400687,0.010221568640679149,0.00018256601047892467
643,0.9052295741029293,865,3,0.01194636634491684,0.8458304869269958,0.4108100558054847,0.6913896933129942,0.6447805994118952,2,2.2523750244589498,0.010077165306932572,0.0004577503922797321
641,0.9044263663422563,864,3,0.012292658403077465,0.9062314766120011,0.8673035364101932,0.6892016534706731,0.6031477008174402,2,0.4666433925500792,0.009499018059785423,0.0002066245946856915
642,0.9048757266060286,960,3,0.01204460268314812,0.8497658423932439,0.8613856822552821,0.6887784727048396,0.6455585192280273,2,2.3277508294999567,0.010547808448266601,0.0005003044533420302
644,0.9056216475505872,921,3,0.00933846165053429,0.8419069564353985,0.8661845854424886,0.6573868841585511,0.641138735306328,2,2.2701060161165096,0.010194929749197463,0.0005807354928118855
645,0.9050901537585443,918,3,0.009534587998780975,0.847650676841392,0.8300391394434061,0.6583495985722355,0.6445641787766333,2,0.4853113171890447,0.015062152044108426,0.000581121851565902
648,0.9041576169815638,868,3,0.012245652794806276,0.8487907349911015,0.8266874833246992,0.6589353951985638,0.6432491320957097,3,0.4894699288678933,0.01467912815694866,0.0006770167872768447
646,0.904411111066852,966,3,0.012479062732442677,0.8411466676803644,0.8254598436236591,0.6594566353792752,0.6033388240145839,3,2.1877825935872397,0.00043200170550480995,0.0005583056999383967
647,0.9047159382747327,871,3,0.012020807321580161,0.8384073309911204,0.8304107978676799,0.6600090421195888,0.6391299797512343,2,2.197661655436604,0.014192499075866163,0.0005469916091826194
649,0.9045215047227568,869,3,0.009594655454568887,0.8465067488379936,0.8314256023048471,0.6538544727042891,0.6477360507269828,2,2.1809545452300716,0.01354707191674611,0.0005167251070378931
651,0.9058841896232535,787,3,0.009926422905738244,0.9193018790142656,0.8188397747705662,0.7403446739652529,0.6573040509565802,3,0.4639755368446078,0.014355093604223825,0.005434259409328522
650,0.9052329458607964,825,3,0.009618720623411235,0.9278789805658583,0.9286725030841967,0.736498935913009,0.6616847518296882,7,0.40482089368504337,0.014088134546212865,0.0006489003436426243
652,0.9049335853780937,827,3,0.0099427519946952,0.9271809261626672,0.8930378743905446,0.7353541373459492,0.6540995356384731,3,2.3541653079438687,0.012886482987637081,0.0003028353341522768
653,0.9042198594569527,821,3,0.009488509752528474,0.920603833557204,0.8246830836745948,0.7402072463489693,0.6640304051149833,3,2.2122333448751634,0.014747420915784208,0.0007175212270921067
654,0.9053111190274086,793,3,0.009651702662977628,0.9312802409940967,0.9330920889021759,0.7362015404561301,0.6606728316899733,3,2.1569052069023447,0.013126230711895706,0.03341260708460633
655,0.9050838765343835,824,3,0.009412813721457233,0.9225651995207618,0.8242667030206264,0.7363993814064693,0.6579143158499701,3,2.2183412317886573,0.014240000268983012,0.0002996248706527402
658,0.9022812936682744,790,3,0.00994102215964059,0.4681451076288966,0.9308167143421067,0.7323704710524831,0.5153991994402581,3,2.171288341067179,0.013877900536083844,4.4218841447877635
656,0.9051274452257155,824,3,0.009646578452259321,0.9252332303292916,0.930570745966117,0.7242889313405703,0.6139406895285133,3,2.392062906803615,0.012588450711706823,0.0003023790390363912
657,0.905357660840642,820,3,0.009370871496597042,0.9269620171178542,0.9279974807157423,0.7272445160007669,0.6577457353994347,2,2.865353977400776,0.014141941709819701,0.0003164827702873307
661,0.8956544833258269,788,3,0.04012089332614255,0.9345856531657817,0.9344836473333697,0.7413264059815544,0.6674269702034921,3,0.5065912321639815,0.008179966404093516,0.00030654769118145214
659,0.9057667601641832,821,3,0.009459607651067273,0.9249022486530206,0.932758474457091,0.7678642842492217,0.6220979712578175,2,2.3613930947166684,0.014911279493873665,0.24802305598554455
660,0.9050220163511898,778,3,0.01053589738071971,0.9293406119161391,0.9333896878012119,0.7430822660695369,0.6711254520973982,3,0.45901963541398105,0.015076787328226456,0.00030855274956366593
662,0.9048975603630938,780,3,0.010296771533987394,0.9171754107928931,0.8156259606277578,0.7687648560266895,0.6683589161733378,3,0.5216202336597983,0.029811399880376982,0.00033203541738445475
663,0.9052489293842081,790,3,0.010519274221612761,0.912339851125031,0.934105757623027,0.7703408720686354,0.6686341971105502,3,2.919923113674942,0.008058540748850273,0.0003097687577698366
666,0.9049591306914179,793,3,0.010952889005672995,0.9402397993019358,0.846679854317894,0.7805196773249068,0.6167744251031433,8,0.5439568816152963,0.008049774576838973,0.00027998692592597595
665,0.904668575852184,799,3,0.01054465895294035,0.9449405410834755,0.935917141557744,0.7575738121475272,0.6747633696348273,3,0.3845701921110812,0.02951418942768582,0.1054495090065803
664,0.9052406014349434,770,3,0.01047740114568253,0.9429030168536581,0.9304931762749714,0.7806271378083914,0.669010129269908,3,0.19361809669211855,0.008187535224842127,0.11664123914550949
667,0.9052220900243462,761,3,0.011127180690329403,0.9400633905232675,0.8458406308224953,0.7422933731835542,0.7192697531424993,3,0.22646613675093719,0.0082079400962054,0.0002654194934927225
668,0.9049878530816962,757,3,0.01080340261317841,0.9059920443828268,0.847597026270499,0.7562911153935904,0.6971680877108137,4,0.427994851031939,0.030678575614774124,0.00023845001885340587
670,0.9047924760760647,758,3,0.010570515069595488,0.9451323321941079,0.8472382109967979,0.7161438770244531,0.6957242918821676,3,0.24086448440873948,0.007920678856742493,0.0002368567793859479
669,0.905707806587546,795,3,0.010644902536495898,0.9445297096849381,0.8938324363648554,0.7613017665670285,0.7005162432520516,3,0.20364093967715963,0.028924075092491335,0.0002530612825893668
671,0.9049812251126184,763,3,0.009111563225965172,0.8736985969891824,0.8464090146182187,0.7562536165081997,0.7003614205185402,4,0.19642466949512208,0.008465266956485059,0.1060257545052975
673,0.9046449366786078,757,3,0.01117735317086591,0.8737396382228128,0.8996316394225247,0.7601665905635151,0.6962355101477408,3,0.25971031935647515,0.008623167383457744,0.003821003244632934
674,0.9048974217831234,754,3,0.008878076911038233,0.8749433270989488,0.8938476286307966,0.7550314208836104,0.6986273082053769,4,0.7468666127511617,0.010582785392019229,0.00043300093454635237
676,0.9056131616368802,760,3,0.008996841667926591,0.8707633218634069,0.5856356951330215,0.712793080961198,0.7223959959584554,2,2.5698652396377946,0.010482513622161686,0.8894706352229557
675,0.9046719678307161,750,3,0.00854427716245161,0.8731707620748979,0.8989913730575261,0.7126991586165883,0.7428139931196409,3,4.562119752151373,0.010013514669101234,0.8574504717723753
677,0.9055326358035061,804,3,0.009120758827670264,0.8735504607349778,0.8946880708034346,0.7151366817335973,0.698372063193493,4,2.5124990990387723,0.011243220020163652,0.846868753914953
678,0.9045676267671492,832,3,0.008892067869777812,0.871908416586835,0.8919319702278091,0.7135132896515507,0.6954725504404277,2,2.549631794914789,0.010642503050644899,0.002913307273330276
679,0.9055294965832854,809,3,0.00907643931218695,0.8723577090082602,0.8928832343006352,0.7119887836599571,0.5994989273746962,4,2.46317802786061,0.010088518782453221,0.01786970324226066
681,0.9053027054063794,811,3,0.008726708391027866,0.8743130172910117,0.8939212027851422,0.7174196694278401,0.5885749200990725,2,2.5507919175965035,0.010725021281423597,0.002546088107440556
680,0.9057409325217256,811,3,0.008935121401500781,0.8752026504875965,0.8936192184269705,0.7154743878672544,0.5932313940938194,2,0.7491115018002668,0.01078188371147759,0.0004430932254812911
672,0.9024355186561024,795,5,0.010615008706270303,0.9001737429454354,0.8948976277724939,0.7806802632134129,0.6938603908610012,4,0.7268321709981409,0.008435012483072626,0.002520868026876931
684,0.9029462270489372,802,3,0.00804469540809435,0.8930787726414127,0.2278029817343878,0.6767425975411725,0.6350971510585379,2,0.6759935732893682,0.022278156785904616,0.00038520971764337226
682,0.9052483291497335,817,3,0.008871391075023516,0.895895461101738,0.8947222720692527,0.6186777028659662,0.5883769033599577,2,0.6619328321010706,0.010758358371518173,1.0514162046263276
687,0.8823280715159612,808,3,0.2285091719625691,0.8983942260576134,0.9551145660897615,0.6782195308265131,0.6310070639845946,2,0.3836535019595629,0.022792890499948582,0.00042769371337742163
690,0.8952620509993752,852,3,0.24178450759559575,0.9004743871955164,0.959017294745746,0.6759918905339828,0.6162898123543868,2,2.7547732980559694,0.01761332125966873,0.005084984472702366
683,0.906116679074756,835,3,0.008856215893050677,0.8978914658867055,0.9116515044266398,0.7112720601462242,0.596071743320667,2,2.541804650713129,0.010468904318587444,1.1566407252261137
686,0.9055763586584036,829,3,0.00795572560609996,0.8964618185722015,0.9100435087681348,0.6826148927108845,0.6299717592594355,2,0.6929665783405838,0.006540729279177314,0.0025240813002754383
685,0.9029504189600145,814,5,0.008025208241159862,0.8997198351761843,0.9567647068414614,0.675690682251555,0.27573346533667,2,2.5039385872849262,0.006414666743405261,0.005941157525659214
688,0.9048067653966225,857,3,0.008359197284153274,0.8955286326308086,0.9511602010373279,0.672853325005032,0.6303780298186951,2,2.7262500901153506,3.143823133346846,0.0003954483605506472
692,0.9041267872331161,860,3,0.014504944849069742,0.9042471457577768,0.9210534211523485,0.678281554762411,0.6372840875657282,2,2.7794997705174684,0.00658574257181929,0.00020198644179193845
693,0.9053812610172217,860,3,0.007752360741549511,0.9049528415903256,0.958191650335912,0.6771778745605652,0.5795969340194717,2,0.3860728320534041,0.018574927222700186,0.00015171641890604083
695,0.9033289948097657,859,3,0.01494529409813957,0.8250187340538395,0.9154723675347266,0.6958115538373811,0.5336272743880552,5,1.1425125672590033,0.01697658905907079,0.00015050492491971212
696,0.9044879306651948,838,3,0.014481967016726282,0.8287582760791837,0.9212552785042124,0.6949980850847063,0.5784641345040299,5,2.4347403989411744,0.006668046727422035,1.4882931198725748
694,0.90548265077592,856,3,0.007914876856765757,0.8907700305898782,0.9157632982690245,0.675619506990041,0.6223153273201216,2,2.7684042628595935,0.006508562857110073,0.00014511422554117046
697,0.9052705070381901,860,3,0.009930147762442875,0.8568388173812662,0.9197647233905855,0.6483662102117901,0.5753782318415159,2,2.377649231223868,0.006509599320513556,1.6080836448209492
698,0.9047101859516673,856,3,0.009834306721289458,0.858948203937367,0.9189457304774642,0.7005631546134751,0.5781303733450941,2,2.356406641924916,0.006706732197644356,1.1377661500127363
699,0.904548560200477,839,3,0.009955742476234281,0.8283648894992292,0.9197195502518194,0.693963545949875,0.5764757633500286,2,2.3955736187936685,0.017164549591361992,1.631855334693565
691,0.9028557746935064,853,7,0.00807176474584979,0.8961671514344053,0.9135921031546542,0.6768063814810222,0.6288492204543038,5,2.342923444005125,0.006580656382614825,1.1524530159280628
689,0.9034532416736167,857,5,0.007964299977899252,0.8964291202763291,0.9564690184445219,0.6856049454844199,0.633751656619395,2,0.38544155490083354,0.0014977194087452596,0.000145874129643334
700,0.9053564278361869,833,3,0.009799950239826197,0.8873130792009922,0.868855243120006,0.6990833348953397,0.5848130459441586,2,2.3595664923419393,0.006750095129106859,0.00014695902963304325
701,0.9052562989803798,831,3,0.011624354920280203,0.8571553014700569,0.8697887133855142,0.6483559975367892,0.6027143392732743,2,2.43171480555941,0.006816936461772958,1.0451641826043985
702,0.905602103213693,837,3,0.00991353167472659,0.8585162513913807,0.8720475890718367,0.6973223945520738,0.6030766285073812,2,2.333689870961412,0.006183198992816395,0.6959066006404053
703,0.9053963385636237,835,3,0.010208876391050092,0.8583386081615763,0.871791076255762,0.6489969623760196,0.6012598375672258,2,2.3126436173382796,0.004861745339421895,1.1064002384084768
704,0.905535046471649,837,3,0.009801917826300587,0.8615148732861444,0.868691940109414,0.6474400568523728,0.6022771727338327,1,2.373327713319055,0.016470602063344216,1.7995480967593422
707,0.904971580995713,834,3,0.011459812390085913,0.8831774997329096,0.870273552146154,0.2855350930996511,0.5292701781031814,1,0.11894111677135855,0.011738810536561341,1.1582505667977439
705,0.9053679250325993,834,3,0.009581868886348734,0.8850178663389611,0.8721416253287992,0.6205598667609161,0.6006032914027869,1,2.296848377982882,0.01613798975832309,1.3223618652594675
706,0.9053652242815339,834,3,0.01171627178200203,0.8838974636014367,0.8765641924271022,0.733525421523254,0.60216546898282,1,2.295924708585026,0.005087843903710982,0.5953626170172767
708,0.9058399943193616,834,3,0.01157961364144867,0.8607386494485582,0.8700024528995547,0.7336064319695951,0.602499864868329,1,2.137041719353202,0.004903585040537025,0.5442913476230965
709,0.9052505886950124,880,3,0.011530311652757837,0.8844915274397568,0.8685120544830317,0.7339594984687146,0.6006733701965892,1,2.1254196152225506,0.004808987916903069,0.5256157782997649
713,0.9045790677866016,879,3,0.012012444784149028,0.9159969232406622,0.8088990724562334,0.6185890234952734,0.522227571278136,1,2.0796443887631266,0.011791409810760657,0.01281759242044232
711,0.9048969146701319,875,3,0.011784017199833054,0.913498405758437,0.8741081456045047,0.7306495620474628,0.605209524857437,1,0.10824922239381823,0.011857040987380973,0.03888155941502452
710,0.9055827016377339,830,3,0.011706670301115791,0.8606593906408408,0.871684674578988,0.7330066141606425,0.6067567455715102,1,0.09793078495381116,0.011662410403482527,1.7832403927586329
712,0.905671917491903,881,3,0.009352922512870607,0.8828183066156687,0.8198721472674431,0.7277353310995968,0.5253683696856732,1,0.10926543805824063,0.0089128912234423,2.1649104921290756
716,0.9034763047862953,880,3,0.012512547033828857,0.5336923975243321,0.45044225417220823,0.7308981374200226,0.5416959389094894,3,2.1386763003700326,0.00865592432195297,0.008926852512270211
721,0.8937986142033356,100,3,0.00912489234598741,0.9116075093980274,0.8475008051856049,0.6637968010014681,0.5633780002229402,3,2.613160909898783,0.008381227566548768,0.00022648191190647603
715,0.9032141382402633,882,3,0.011701900110714302,0.9127585248299356,0.8537047863212024,0.72844368489053,0.5149943701949504,10,2.1359030262756242,0.00888796104740489,0.6108813580587339
714,0.9048499534681451,878,3,0.012753855466080221,0.9120120436676441,0.8824404778689138,0.729682051913033,0.5231405197325629,1,2.11252214930525,0.011403874577757055,0.00022648010846852262
717,0.8991368423768458,873,3,0.008700966964023994,0.3461212749596751,0.3713735594447572,0.7302949659738013,0.5211700248523579,3,2.1279485699957967,0.00894218077398516,2.0867962180542374
723,0.9009485332233733,780,3,0.008598448043995276,0.38302146784794255,0.9401949667818674,0.6618859654853406,0.5665892585897232,3,0.5575884353684701,0.008842067141116225,2.85399029246011
719,0.8996642859545011,879,9,0.008767131223789786,0.361252324717792,0.821833212343385,0.6599047686045696,0.30416395473805025,3,2.5972099925149905,0.008983748316994198,2.656899258045978
720,0.9057497202250557,871,3,0.00853281834656251,0.9068761004310083,0.9447119139886662,0.6635160315741133,0.5654334325965776,3,1.723284403609744,0.00875682298822139,2.7340274669842803
722,0.9044800284141392,880,3,0.00871218088864018,0.9117307580707559,0.847315000811104,0.660739226185327,0.5689528168851585,6,2.011948607434239,0.008253638875176274,2.6979493857291086
724,0.9048156748040299,819,3,0.008690447710627573,0.9182025542837243,0.8534522986642428,0.6620025993364484,0.5628589861884978,2,2.5702240509290735,0.02362784408465073,3.017231533688076
725,0.905369163206247,816,3,0.008600757846291199,0.9128968795620821,0.8516461195430465,0.6669226309265827,0.5657900019532196,2,0.3052288068607131,0.9668603846933541,0.0012705198320353862
727,0.9055565235544292,783,3,0.008599145036895628,0.8820863524766065,0.9459944907267951,0.6649524389956907,0.5603265204859128,2,0.5003697411684376,0.014991331497976955,0.0001902712955782879
726,0.9057395399564596,813,3,0.008582198502227365,0.9159475057768031,0.9468109143201915,0.7066362730409032,0.5451753746963705,2,0.5617066752773299,0.003100568810672784,0.00019424056399210867
728,0.9025044686909306,785,3,0.02311893295712956,0.8839718562174216,0.943974109700837,0.7052002632337943,0.552945476757092,2,0.5495358109120092,0.9409350455365276,0.1651392644082527
729,0.9049903647771463,814,3,0.008592760848118212,0.6686981202945249,0.9452880247509249,0.7031636747998303,0.5481694848698632,2,0.2948307796867712,0.0034420553828811307,0.7709432776989855
731,0.9050446645601499,808,3,0.00926278705473451,0.7895425464141447,0.9051228989091686,0.7075421830054245,0.5454414586782373,2,1.9739166854647952,0.021496612361233614,0.0001955177269748243
736,0.9047999487520171,587,3,0.007668792909339144,0.8723086391905579,0.9047898229490717,0.7051210764141232,0.5857220532944702,2,1.2726629061582495,0.014968078391095919,0.00027040606216876157
730,0.9047731671654837,818,3,0.00766575391919261,0.8850837477487544,0.9066111816125197,0.701539886020982,0.550007273346052,2,0.3119167057182787,0.023900893785115934,0.0001891186947559835
732,0.9055589796810596,812,3,0.007498508233531729,0.8840792727285357,0.9042207318383391,0.705465145855076,0.5467757445493987,2,0.3164288107413009,0.024113924484180482,0.0001836298951211893
733,0.905139157475741,807,3,0.00753808376854628,0.8838458146798426,0.9012112132933956,0.7067777282122883,0.542393152609252,2,2.5043363782607977,0.01593858715668372,0.00018850771268325212
734,0.9054684655233711,811,3,0.007483591548840728,0.8827317086617585,0.9067444773548092,0.7052836554754895,0.5447071293223645,2,0.32715151217122185,0.003411190482470563,0.0001912879122009848
735,0.9048583116723895,807,3,0.007485223393310888,0.870599538863008,0.9054833763995455,0.7108954059949157,0.5366352054473876,2,0.2951276424619806,0.021287097287315405,0.027443614041265208
737,0.9050887645380499,847,3,0.007514333619333203,0.8681566658257218,0.9023920193023807,0.6868435727416466,0.5369854604061814,2,2.521971319338232,0.021729928391061304,0.0002559674744937216
718,0.8998961401274442,880,9,0.00868439224772408,0.9113152562340817,0.8113407258312706,0.660821200132902,0.563986089402748,3,0.5598506228119672,0.008557076847158947,0.00021913830393759445
741,0.900119056994544,850,3,0.010607417910529044,0.29176549660616463,0.8818359880757181,0.6429245248466129,0.5863695180757749,2,2.227749806412948,0.012749480888712474,0.0003390720924400937
739,0.9040283991028957,851,3,0.0075355028522442625,0.7121374160803343,0.8872900858353224,0.6422484252490374,0.584834540346551,2,2.259310201108993,0.013870407685919926,0.0002599047499835453
738,0.9057164921993236,852,3,0.007669960640671673,0.8694327447034739,0.9078918773391732,0.6876768891273835,0.5862814799445881,2,2.2080239275444944,0.02213736181693117,0.0002517819693692792
743,0.9030893121987958,854,3,0.01834560242231408,0.8489102811794006,0.8864835623130631,0.6420837367718215,0.5883485459480544,2,2.2597119395273384,0.012652405952238802,0.00024375439807178582
740,0.9055599766510614,851,3,0.007747286827874633,0.8510154303606821,0.8884558269268136,0.6430349319772377,0.5881166047100981,2,2.22193664143237,0.01232194201519246,0.00035363743945852005
746,0.8994658427054848,855,3,0.010664328959457226,0.2765343780743699,0.8345495055585099,0.6414172524764589,0.5858856607701258,2,2.2251254952723105,0.011811884446213965,0.00036276035365168124
744,0.9049881518306178,854,3,0.010766386218955855,0.8533792929351974,0.8868052173147188,0.6461287361910366,0.5873470368855163,2,1.9967707469142675,0.014516662847286452,0.00025590389197204953
745,0.9049945502267329,851,3,0.010179524409374072,0.8467037782709356,0.8867640974696772,0.6433631126916104,0.5862334855686399,2,0.9794243923491525,0.01283458774173439,0.0003496352839382111
742,0.9051666444290032,854,3,0.010205535040423984,0.8275401926382601,0.8866385657149058,0.6835169159348339,0.587350817783042,2,2.2588257584401874,0.012169410784417753,0.00034285695906963187
748,0.9035741978903126,854,3,0.026493953008256164,0.8441912225166289,0.889838448120982,0.7457887581114389,0.5858786544867516,2,2.995549891745064,0.012098395410446168,0.0005211532397468189
747,0.9038762385993457,854,3,0.010429690621240361,0.8268173984149081,0.8855045525891425,0.7470669592742286,0.5853319240990158,2,2.2650975115480634,0.012056976917652939,0.00035328401967273077
750,0.9046688457144414,900,3,0.010226800776327257,0.8293529218351312,0.8868950111992043,0.7509517898863721,0.5037226636484221,2,1.7700915688642884,0.011912593866854478,0.00036373163766596626
749,0.9057816231890949,898,3,0.010340387244014756,0.8267740548938287,0.9258249661268678,0.6230936420572561,0.6197300455986461,2,1.7883970141323147,0.01155046599272029,0.00037778238915351476
751,0.9055953521722225,866,3,0.009815261601653746,0.8344792743281991,0.9274581043409545,0.6850961514085556,0.6738292665179318,2,3.0143003882707298,0.010944619439798124,0.00046172713081757654
752,0.9057051583645988,898,3,0.009574636346521316,0.9636172009346289,0.9272932915592405,0.6850423470656133,0.6143953416324371,2,1.9563878134263804,0.016930618796269368,0.0004794646126364498
754,0.905011236532277,896,3,0.009704071253958448,0.9618938768494888,0.9260796892390948,0.620135266271416,0.6759153868389779,2,2.8837303694853027,0.017287933497322404,0.0005531027989322832
755,0.90551714259321,901,3,0.009540419315492397,0.8978900136229975,0.9232337406827981,0.6207772341381668,0.6170575545422706,2,1.7410533365235503,0.016830873328074755,0.00042624921063906426
753,0.9056201568466807,895,3,0.009430531465545258,0.9622565247188337,0.9263663332831298,0.7486330608670999,0.6158930133659991,2,2.0253188869307044,0.016438948556729584,0.00048448323391680017
756,0.9058734063835514,906,3,0.009486347855032454,0.8964751886185406,0.9280628301496361,0.6850492297089601,0.6231619828655092,2,1.7236776200122228,0.017126005478657017,0.0004838102296350667
760,0.9015167118626402,913,3,0.0505419912013138,0.8984213989302617,0.926278119783529,0.6839616325681929,0.6156451902786277,3,2.6544452117381563,0.0007500254910179101,0.0004512328215368131
758,0.9051950255765565,899,3,0.009560602891321435,0.9610033075918937,0.9224824358055274,0.6179726765331284,0.5058606268959385,2,1.9764998999970598,0.017332495277353727,0.0004790605329897437
757,0.9055648987105844,900,3,0.009305303316613337,0.8968125458436338,0.9267947007746233,0.7492424084184282,0.6782656703796703,2,2.6870106577663058,0.017885045713189617,0.4023102520877511
765,0.9046217475288524,485,3,0.009380664985963925,0.8962394673323422,0.9619544376866038,0.6744591079835747,0.7199861589178725,3,2.609792705527927,0.006759836980796271,0.00015295879683125855
759,0.9050151803981301,899,3,0.009525657174088301,0.9616352542989685,0.9296908742470802,0.6243204476099378,0.6180739257942073,3,2.0587137874180184,0.0009638103715013274,0.000526747209318862
762,0.9050388287698283,790,3,0.009737435438455401,0.8966660719428996,0.8553784230274892,0.7188458843011988,0.7179207063847419,3,2.6577913272984603,0.005456160405790207,0.0001403038700179852
763,0.904122632114527,794,3,0.01353104919015328,0.9013702931702473,0.9647324683831179,0.7187444928436368,0.6174515421111756,3,2.68434388674157,0.00718256283662911,0.00015359652655793333
764,0.905126121760391,792,3,0.013052518438368202,0.897658325124211,0.9607235454620187,0.7213522978057408,0.6502585401494152,3,2.050774440356614,0.005917222602239782,0.41843329602765233
761,0.9053490716191017,919,3,0.009497175376738108,0.8940425584960556,0.9617560709979193,0.6822506332061704,0.6821157058922521,3,2.642239777175375,0.016637718401234104,0.8790427635458411
766,0.9052557851018277,795,3,0.008077146815917896,0.9331540113100502,0.9611373366801186,0.7202823686473198,0.6435862808151633,3,2.6225436354676006,0.005468937066187461,0.4071423699339201
767,0.9051200576133874,792,3,0.008180485018126384,0.939101186244424,0.8552688791440818,0.7199931333986389,0.7212795951873873,3,2.454409047541944,0.005676415038381652,1.464879638932187
768,0.9045466794505866,784,3,0.01332940105686919,0.9325999520776798,0.8396649445087635,0.7177524312726818,0.6551795421249362,3,0.2041180504014199,0.005456901027444358,0.000140916615121746
769,0.9053383010743286,828,3,0.00808666135935252,0.9335041459373769,0.8512206054976879,0.6747334897885412,0.7264263895364286,3,2.0741318488679106,0.00725349317438048,0.00013392607831252813
770,0.9058424823733574,828,3,0.012971624477516881,0.9345083888390405,0.8560627324938619,0.7233080678808462,0.6568790359998457,3,2.4491017401485062,0.005171177010893885,1.4434381293265848
771,0.9040820946224951,828,3,0.013114292232883665,0.6132723621918279,0.8558097636138473,0.7210546581341856,0.6498134835871395,2,0.45326182831794193,0.005669591238327925,0.8892246548524563
774,0.9047875283226141,827,3,0.008182068729110287,0.7533263543016424,0.8355989556631106,0.6712731381065566,0.570740153934426,2,2.5100520790671323,0.009633999439732798,1.3293400673835214
773,0.9057977197505845,829,3,0.00801630383820566,0.9323704417468166,0.833602776355287,0.6694301468639675,0.653493162014735,2,2.090571319804395,0.007323521768920531,1.455335983124808
772,0.9054000578736716,867,3,0.00802936777767058,0.9316410811091005,0.8553923593745525,0.669621970589578,0.6474187073767207,2,2.4553961536280595,0.007423739238353956,1.4553907610099168
775,0.9051939093350387,831,3,0.008221253314375548,0.9284386924134587,0.8363595498900231,0.6967967904142147,0.6466337880831365,2,2.4787783914779196,0.009523115159657541,0.0002828280035617711
776,0.905095482663927,870,3,0.008282554263833264,0.8702374453176328,0.8362031767632137,0.6708737203468739,0.6554480131311471,2,2.4746311025458683,0.00974765438879632,0.0002660249505750265
777,0.9059186032945149,823,3,0.00810812697530817,0.8723894769154283,0.8244913236068819,0.6646712506632529,0.5696472142578133,2,0.21335134927121427,0.00994864964177532,0.0002763661916634458
779,0.9047109731132661,828,3,0.011031549950419151,0.8702963790535297,0.5193293261814824,0.6962567654869732,0.5723703933376078,2,0.44725552236312655,0.008954287312922245,0.00029321186598295736
778,0.9052206577779259,827,3,0.008123962233406388,0.8662494964105596,0.8298078610720951,0.6645990103853259,0.5714239084321981,2,0.38525067440089167,0.0098351032386866,0.0007971562169078153
780,0.9049019635269072,874,3,0.011099143199001736,0.8647242891999796,0.8327490345958659,0.6675408266399024,0.5704987872933455,2,0.38012272109490447,0.009229671459133835,0.0007483602318411726
785,0.9030218036845274,871,3,0.01117682734015592,0.867917031989634,0.8114615915824684,0.22560750949355013,0.513928844123044,1,1.9167870155173448,0.009505540728528324,5.044020389085604
781,0.905549130696891,870,3,0.008207695823084246,0.8681297282912738,0.830511632689174,0.6958753664119264,0.5739398329640866,2,0.4237147890270422,0.009780644774352124,0.00027496607600682087
782,0.9051709365311945,870,3,0.011261752642215316,0.8690920491842569,0.8200753590054082,0.6931289933594209,0.5722473144282655,2,1.9097572581818036,0.009486753637734416,0.00029093974505102406
783,0.9051448286880941,870,3,0.011032172392911571,0.8687443979324978,0.9081823493670628,0.6956264468359823,0.5287384738064348,2,0.4034496948788469,0.009917761880246926,0.00027659915355104746
784,0.9050025005968896,873,3,0.011182247557577005,0.8616650232125673,0.9023358466448533,0.6956429857294054,0.5126578808086105,2,1.9189894669111802,0.009331309458515328,0.0002447326379795755
787,0.9054729168062856,875,3,0.006991515505613127,0.8643935945435071,0.8045081622857917,0.6578494431987317,0.5712421700335338,2,0.14955753342175138,0.010295329113943154,0.00023463101631373545
793,0.9044617065152625,843,3,0.008985577955363333,0.912115378919585,0.3296320661589029,0.6513247249173801,0.5568094912364838,2,2.8378336073237764,0.014889028344478491,0.05931300831867062
788,0.9048188465597564,870,3,0.006903167944215923,0.8612968434098783,0.9120418536806321,0.6618151218698478,0.5687362685214876,2,0.12816193264425987,1.3397612194645678,0.0002202616350015883
786,0.9028427212660702,873,4,0.0108517000582227,0.8663465277505327,0.9430117001846582,0.795295357369139,0.5156500824037391,9,1.8331786906502572,0.010024172714295319,0.0002293874569924413
789,0.9047879459629641,844,3,0.00685853583564751,0.8815957483728054,0.9033307786359818,0.6576281194551132,0.5669080181397138,2,0.15087301611994552,0.004170782272855501,4.574059764644853
790,0.9045371715571079,873,3,0.006854667151464543,0.9154950121848395,0.9096040135036723,0.6518947052447991,0.5607604881629518,2,0.21897065607861288,0.014229934736697184,4.207530195613315
791,0.905716395505016,842,3,0.0068662632022838755,0.9153353564520205,0.9480794484295222,0.6462893031273405,0.5526659903758423,2,0.19874274151036336,0.013771123387530015,0.0002213454087994088
794,0.906090587271356,841,3,0.007247139995454961,0.8842396772410868,0.9478629615568542,0.6464432788148777,0.5604175565645495,2,0.2296050120804504,0.0040696944202711464,0.000225616576046648
797,0.9017584038451739,414,3,0.007190244784861824,0.8839004121208797,0.9426133624166337,0.6442945132652151,0.553914381147837,2,0.1294641346910984,0.004312001862663052,0.0001800049332206084
792,0.9052790185698072,847,4,0.0069880184211190645,0.9173330629930828,0.9116831868532784,0.6515346207985857,0.5609189853702843,2,2.868340690185451,0.004336609140592867,0.00021144775652734933
795,0.9051573644361012,843,4,0.007361182716442881,0.9122412848842565,0.9451002691912304,0.652029737575416,0.550116685239753,2,0.15714850694319654,0.014517935194516865,0.00020810458936547726
801,0.8812092773292474,926,3,0.17954181287462698,0.8845382537114544,0.8792620359050697,0.6327554994056387,0.5529736477368008,2,0.30547288822620566,0.007387794594562868,0.00018110461186484876
799,0.9038970619313051,839,3,0.007004700510330424,0.916754769870617,0.9476243654142181,0.6512923185766897,0.20536534791787553,2,0.17109431174983963,0.00435317736295576,0.00017439974527003814
796,0.9052878920209195,842,3,0.006812365120429547,0.88368213848877,0.9433385500185576,0.6522956821786838,0.5628680392311307,2,0.24444658432759103,0.01363558512191694,0.00021903946057821587
802,0.9019424877614807,924,3,0.00883943779261211,0.31434599142196323,0.8830412805470661,0.6797492563073274,0.6017087674533006,2,0.027881628931424485,0.013948667183584718,0.0001792415340947371
800,0.9056437933596431,920,3,0.009117731402355491,0.9172027290206108,0.8812651672505987,0.6439210306110261,0.5981561086204893,2,0.22706117429110897,0.013841793539614419,0.0001760900699358783
803,0.905740144675969,843,3,0.0072391887102340536,0.8922745146679312,0.946804429593301,0.6021906294421706,0.5492099734860802,2,0.09156828106408885,0.003289287948056414,0.0001651988049153568
798,0.9044108250128591,924,4,0.007182853088572419,0.8888140313593746,0.9482291672966124,0.6499449074638158,0.5544260744826515,2,0.23990619314335893,0.0038192098515760745,0.0001685447019132024
805,0.9048465615656305,818,3,0.005623032768188204,0.8885285458251316,0.9459493147395742,0.6325510630627117,0.5323611132495498,2,0.08429671869672689,0.0034133029454988715,0.0001679516128821759
807,0.9053929901431405,815,3,0.007317802288494234,0.8913288416225167,0.9716707626097363,0.6139923683477447,0.5354466920749705,2,0.007811598620556637,0.0038036904406491077,0.00013723417892397735
806,0.9052478090377433,823,3,0.006434525532199078,0.8877830819762497,0.9625690845145691,0.6056869425382746,0.5988092791495435,2,0.20872552044980539,0.004208368493976272,0.0001726372714725805
809,0.9057115509073637,818,3,0.006566336462511398,0.8916789831328926,0.9607901121776938,0.5783571701572807,0.6026710612360956,2,0.013272597404022285,0.004179342872091012,0.00013594803899399826
808,0.9058212535638542,810,3,0.007607061805553249,0.8899208824238483,0.9722980286078627,0.6077117347460577,0.5945464376426604,2,0.29417705761378465,0.0036567156903675605,0.0001453803546124121
811,0.9056469562973353,807,3,0.007689982962745278,0.8964211692980013,0.9726706377112788,0.6226874687069914,0.5370936325879233,2,0.06695771970550934,0.0033398512770988153,0.00016170916682384606
810,0.904684260322604,820,3,0.0063788766408071264,0.8990140925127061,0.9708162029339458,0.6022468159941892,0.595679134549813,2,0.2510364292437378,0.0034003133687009724,0.0001334947809395883
812,0.9047024680431395,816,3,0.0056051585281292095,0.9001363133618397,0.9730313060226984,0.4983890286558461,0.595558312613009,2,0.002864365687278436,0.0022949150391743957,0.00014241089642194667
814,0.8923527518257284,819,3,0.0619909734786806,0.9473012280257551,0.9722119185944381,0.49178849389495416,0.535894448659819,2,0.3034728260257379,0.007538722402729523,0.0001445809986169523
813,0.9054579838452395,820,3,0.006404692546420492,0.8998764905899757,0.9655847441496845,0.6235493106379697,0.5412823002794123,2,0.0269318853343882,0.007216156378578241,0.0001349210934497619
815,0.9056352884415517,820,3,0.00807749392403332,0.9033265279990994,0.9734015833923738,0.6815616016719775,0.5989484744000411,2,0.3222410720825308,0.0024892144271490457,0.00012356245958360652
817,0.9048085459553988,803,3,0.008399176309510547,0.9051945457183452,0.9691021661097273,0.6853241360987523,0.5366887661294003,2,0.3592534903385961,0.007360055343593995,0.00012850064475433305
816,0.9054001564684174,821,3,0.007943682564474447,0.9028194130200222,0.9660152480406815,0.6823104090041557,0.581226396104562,2,0.3183887942582554,0.0017539569210523309,1.029389240453484
818,0.9050055142361387,840,3,0.008409560721273635,0.848149529984406,0.9193935091131927,0.6830537718524257,0.5362860224747201,2,0.3761741588661184,0.007445369483201776,1.8433900066583984
820,0.9053425538754531,843,3,0.00852068175975414,0.9059758434184334,0.9361932625981364,0.6772976056535344,0.577257195287693,2,0.3927034353994392,0.006884921791493968,0.0016837974635523622
819,0.9051394782697484,834,3,0.00852861358246116,0.846402110175078,0.9337615267542368,0.6778711390347278,0.5805033668247868,2,0.36513962876195377,0.007129593149618214,0.0016154565322062846
821,0.9059717156835856,842,3,0.008414171546222544,0.9085925578816233,0.9171018595795841,0.681707847891743,0.5696225766980859,2,0.3691483408302042,0.007169533353880074,1.0607901762422771
822,0.9050378370450366,842,3,0.00850241108723678,0.8471053884290681,0.9334200640880078,0.6847614345561394,0.5762935918493216,2,0.3936481806567854,0.006609218119142384,0.0003148371311002282
823,0.9055881456336682,859,3,0.008487770644221343,0.9074491475067912,0.93653209422041,0.6801220550492727,0.5860112934024515,2,0.3806627116722673,0.005335374990951456,0.00031318477368804586
829,0.8976864954206427,220,3,0.009074571357891218,0.9235742862015499,0.7967049046196115,0.630091275897285,0.6320337819541193,3,0.5349727018973874,0.0052145527669689344,0.7561265135734171
825,0.9048592935149014,857,3,0.008713169297907842,0.8418444857884734,0.934885487691011,0.6717624696155958,0.5713770994767844,3,0.5119767275859428,0.0050626664302061974,0.00032564421388586414
824,0.9051652062532147,856,3,0.008654479503881062,0.8454130302030838,0.9351607569087961,0.6837156941721557,0.5759830842914829,3,0.44825598822872925,0.0018288129351760106,2.022544079606386
826,0.9049283277771609,843,3,0.009047436418786418,0.8553266634402958,0.9353578655790212,0.6689912733058304,0.6276328956760647,3,0.4744789266067079,0.005850518212800719,0.00023281360902254266
827,0.9052292061020311,858,3,0.008934484666272374,0.9223220683371327,0.9358673835492654,0.6312061234508891,0.5793975849409085,3,0.42807026531402176,0.005283335746406877,0.007744909058086351
828,0.9045414767343157,857,3,0.00910103968921279,0.8500341979712641,0.9172886075519352,0.6680793594302087,0.5725872970863785,3,0.6455585577740354,0.002650988680464127,0.0003194898896372315
804,0.8999612916419508,840,10,0.0072221785995863486,0.8873641129380037,0.955005278677851,0.6061872682360233,0.5371687040793252,2,0.0496373903313273,0.004204988541369313,0.0001762242850685939
830,0.9052638537552724,856,3,0.0073610205443104945,0.9208577352866562,0.9181870150918761,0.7032752678096519,0.5714397412880367,3,0.6111100473462555,0.005824332784084055,1.2227036889816645
833,0.9032217504844142,856,3,0.007654836728223639,0.9212689323044274,0.25897945947681533,0.7058991674582706,0.5596893504842848,3,0.5809121344557138,0.005054368047279499,0.7948237264300163
831,0.904625275958864,858,3,0.007507773282892202,0.9500268818964979,0.9163561635428413,0.700235790034517,0.572859554685648,3,0.5154673994793418,0.00498349066762545,0.8450590295231504
832,0.8984707641720711,858,3,0.007549536347386626,0.2378874938993748,0.9151171191285732,0.705497706352773,0.5654823028608965,3,0.6014833095964455,0.004982422837521233,0.6101858973182239
835,0.9053421477137513,837,3,0.007540802132819461,0.9477531924297736,0.5517478510264487,0.7103273175201938,0.557648813984254,2,0.22784082922183366,0.002475402639501702,1.0509443548499446
834,0.905416209167788,852,3,0.007469934426688888,0.946010947181232,0.9165476927514995,0.7044614826100393,0.5568463980092025,2,0.5000390527002435,0.005752741997459233,0.7182236460150025
840,0.9014516248870228,681,3,0.007764079724283422,0.946295634980815,0.2643635965948039,0.7043785583512845,0.5578108820903904,2,0.23684549713775638,0.007929619757390758,0.7460057567713997
836,0.9053264273630539,856,3,0.007594165879629884,0.9318876306645337,0.9098890740607135,0.70186773373846,0.5540172297584296,2,0.22960763441089316,0.0059336928271054275,1.0590096327333995
837,0.906000624848953,777,3,0.007549569473359945,0.9496053908762592,0.9169417640164306,0.7061504286329106,0.5548475960936982,2,0.5565980057879726,0.002545783683457083,1.1524653214614546
844,0.9017202615897248,297,3,0.009919061376400978,0.9310181360542376,0.9002690528073783,0.7322755615550128,0.6067492564312965,2,0.14332788862935844,0.007694065250475114,0.277646650552132
839,0.9057042428093794,775,3,0.007741692064479411,0.9477763247163573,0.916833499792251,0.7041435024531668,0.5600497270690029,2,0.6066159426784805,0.007497669564162517,0.9446579243242961
847,0.9009217112715276,296,3,0.010118908054479759,0.8784556370616369,0.8146325106564013,0.7420607040313927,0.6029367744526669,2,0.129082817851153,0.007814437374660133,1.104147838117784
841,0.9054545980241278,777,3,0.007795341886743815,0.9265453423615293,0.9056926542406422,0.7418731069965849,0.5517250950568081,2,0.21918510051541168,0.010550347467028893,0.8758703905085277
843,0.9044269093355253,771,3,0.007759255253838314,0.9419858839887664,0.8995268257005308,0.7712791868237497,0.5547658316461693,2,4.449460629890055,0.007498337253978502,1.11640194385777
842,0.9051625981675272,779,3,0.007796789588896502,0.8796776922385238,0.9010806948629287,0.7374646446178089,0.6100628640817246,2,0.2319953064389791,0.00800530775291535,1.195454850747226
838,0.8905760800541292,780,10,0.0304571428238506,0.24753625196532908,0.9137868295661471,0.7051113188293716,0.5557067916877008,2,0.15985719676041898,0.006413872781227568,1.9566226620486367
849,0.8921851298872131,883,3,0.08295220147043167,0.8765758188992328,0.8968890091157138,0.6889616621681258,0.5276438954916046,2,0.8475863824032487,0.0015158047325986657,1.0666144584731858
846,0.9061473085930103,774,3,0.009960827703152857,0.9224994563925456,0.8951524005508561,0.7296784780202109,0.6107375990013123,2,0.14776500175177285,0.007354074491689845,1.156742005460508
845,0.9062219742344334,803,3,0.008043876718224378,0.9235927519765398,0.8991589592931646,0.7654653257956665,0.6117108232048991,2,0.15386793691489853,0.008095811180279973,1.0299075824630912
848,0.9048899253136818,801,3,0.006435761336224371,0.9727656423663588,0.9099438481211405,0.6924049592066039,0.5229667049758787,2,0.8266662171776529,0.0021749901428050012,1.1457946025654822
850,0.9038074425000306,704,3,0.006375817973607377,0.9781584618366596,0.9003828361750732,0.6893126336362593,0.5249307593457172,2,0.7165020991807372,0.006686935306472783,0.8872794206728093
852,0.9039675840088048,802,3,0.006556642612605543,0.9924506738492735,0.4824655314726603,0.6918177077856309,0.5271036270716156,2,0.7837562006557264,0.0030669446719414086,1.2458860524711322
851,0.9044417884001372,801,3,0.006446468454315776,0.9811691015303305,0.8977145267359318,0.6925444922480677,0.532785237252199,2,2.7835577117034025,0.01067246752433581,1.3750888547068776
854,0.9049476575925647,803,3,0.006477025872979564,0.8791206303654235,0.9461591328752064,0.6925711114894462,0.531764681935479,2,0.8707560278617573,0.00307902622434462,1.773101864440974
853,0.9054434486079487,884,3,0.0065613007968194515,0.9792190390828913,0.9514716845119683,0.6916740665995647,0.5343861357782839,2,0.9320657765110469,0.010753302568437546,1.488559788309477
855,0.9042785386862977,804,3,0.005921277795483128,0.97185492334868,0.9554153080918568,0.6899418412990146,0.5269046443261891,2,2.8348263103485176,0.003406905385747284,1.5062756199535396
856,0.9055797744304248,832,3,0.00647203519028422,0.9844863450873546,0.9515607169681276,0.6616487491978892,0.5279521811236055,2,0.762329860584928,0.0015133282106706096,1.2593470478812319
857,0.9039337862316307,742,3,0.006315018271534887,0.9246191226493072,0.9435078828928236,0.7220071645882002,0.5903818370936024,2,0.10639833044177553,0.0027553378673717236,1.5693612944858832
858,0.904051445187646,739,3,0.006178612181370848,0.9525222998106814,0.9247193294882439,0.7766142139008289,0.5948063706444917,2,0.22313956867640244,0.002839935754366213,1.6429105446898868
860,0.9038221484727103,727,3,0.005725389628986365,0.9667707844526868,0.9502797158877248,0.7586868232005548,0.5914074262639524,2,0.11196830381739376,0.0021619975407312004,1.1855056191183126
859,0.9043600262175364,797,3,0.006729266644427783,0.940739943699372,0.9453093220240262,0.7898511612045443,0.5915526244006551,2,0.1743443026027352,0.0026227225496522222,1.4332676441727896
861,0.9036238736025393,754,3,0.00581476473185636,0.9622506893809489,0.949515688944525,0.7652290299876708,0.59259955645564,2,0.16324530238558788,0.003992795227844388,1.5204717418810136
862,0.9042469064967262,762,3,0.006148870544618384,0.9622263873647467,0.9482345776386331,0.7558629905490283,0.5922585376411845,2,0.11671576618953475,0.004654975943212097,1.5849781148124744
863,0.9050566025062434,742,3,0.007237501414198159,0.9484995239246097,0.9553831304458547,0.7784300607263531,0.6108260096062789,2,0.10142153070184409,0.004651004582558405,0.9150801996471154
864,0.9048545833922723,731,3,0.0069527672904867825,0.930097423710249,0.9229124002190723,0.758224636735004,0.5951578536213824,2,0.13905965385763783,0.0018239192724011824,1.4714083987083837
873,0.8944176689857691,134,3,0.007063129219381864,0.9272210967182495,0.8662405074770798,0.7299368454657239,0.6095591475672666,2,0.31359919250802704,0.0063815355882465745,0.6267006906621623
865,0.9050680418533099,774,3,0.007065167850726987,0.955165528466483,0.868655554335177,0.7241707656128624,0.5918744454623882,2,0.10692027462868348,0.004604729767494574,1.6783739813172416
866,0.9050883919000821,756,3,0.007193185841517637,0.9419039645848102,0.9255984911265365,0.7265220021356588,0.5943944365143443,2,0.08116124492499478,0.002862775976788793,0.9592792698213267
867,0.9047885179949322,744,3,0.0069801379124257235,0.9516063200387879,0.9274296991857924,0.7770742503676727,0.6089457585267518,2,0.26931652826629293,0.004319162699286813,0.7747396117444267
868,0.9054893311210812,763,3,0.007041571149148164,0.9568964231841931,0.9252218222713696,0.7694531651984394,0.6122736310021171,2,0.14356537873909758,0.0020675787702773927,0.684296927968908
869,0.9048310345275302,774,3,0.007108371304603066,0.9433018289753409,0.8701412276959118,0.7894298930960938,0.6100434725809103,2,0.0017857343887804078,0.004499274892467151,1.999405271918437
872,0.9057153365807213,779,4,0.007082954803124297,0.933335059288518,0.9253164076874588,0.33642061026872694,0.57730201050638,2,0.258595314100234,0.006047634864898095,0.8757662782696218
874,0.9057966174962937,768,3,0.008292349642414449,0.9109223327725199,0.886127098769397,0.7281012219124595,0.6117893718566334,2,0.28419846631924983,0.007172474008354225,0.9330999857231286
876,0.9051891358137836,778,3,0.008145533597510492,0.9223187353356943,0.882009390317712,0.7203434053505487,0.6092219011699296,2,0.2308449500096981,0.0059832556610910324,0.9008388380317608
870,0.9049051016828823,796,4,0.007232976698322716,0.9514230592224378,0.9251183769722764,0.7626264781334818,0.6098308111805947,2,0.0036633209129954825,0.004958790407752841,0.7218685906662738
877,0.9049743350350721,785,3,0.008281912832687244,0.9099180453721469,0.8878497422046496,0.7414382733943903,0.6180761849729763,2,0.2638945437365994,0.002034363165483061,2.3145331217054865
871,0.9048910093997815,780,4,0.007110766097116526,0.9420719013705411,0.924838737012295,0.7657978678891386,0.6085633591863423,2,0.10539923905450355,0.004459296707651228,0.6665541046008883
875,0.9055939120959957,774,4,0.008131176027799314,0.9096146113009417,0.8852262390598169,0.7212405218123374,0.6182600082186381,2,0.36249033968366834,0.0053283857900026715,2.33339379155393
878,0.9057427126243965,778,4,0.008403907855114676,0.9139160704292505,0.8874411286361776,0.746082484716265,0.6186807211741472,2,0.3460249471182414,0.006335689404053442,2.0838525421376444
881,0.905445703972263,823,3,0.00791415146637348,0.9157927280165679,0.8866784856359688,0.8055475771826299,0.5757201855350386,2,0.31416002908154067,0.0060813198752053535,2.251442742756178
879,0.9051895742069211,777,4,0.00807904677556158,0.9181705821305075,0.8866146082738944,0.7973705093023169,0.5773301207073016,2,0.3262153065308716,0.0011524437315320742,1.9143961787751778
882,0.9056685521955263,824,3,0.008164492643758387,0.9129166137154806,0.894403846995398,0.7452367144431298,0.5693561539460666,2,0.23789618069897,0.008402011237468008,1.8887348621706228
880,0.9050995532510147,789,4,0.008153836229148186,0.9132523734010036,0.8886657097875451,0.7467430142669543,0.5776627395026406,2,0.3585955295139085,0.0059555134766320185,0.8624154440571439
883,0.9055513412108585,795,3,0.007913546101249419,0.9096277864309187,0.8842508902854196,0.7152371976149771,0.5790616633675695,2,0.3572415947067542,0.00816206503765715,2.142272174627377
884,0.9049216383859129,824,3,0.00809796067802809,0.9083730528540186,0.8904401720316252,0.7451080566875754,0.5795612621929856,2,0.2725968082128836,0.0013181519611940129,2.5874689036538054
885,0.905734607482534,826,3,0.008092382382480957,0.919382629319347,0.889289659173873,0.7480772932645657,0.573558480012148,2,0.33441978651372206,0.008058886894129756,2.0373122838457283
886,0.9055796811569067,829,3,0.00822450368404787,0.9129361118310363,0.8927604805723197,0.717292747617514,0.5797663098482999,2,0.36360995854020883,0.008815831460107795,1.1294754885822147
891,0.9009577232115111,828,3,0.1157362631637569,0.9066210366286225,0.9100272342234725,0.7162806508055068,0.767154799417344,1,4.0667960178849345,0.008630492716023792,1.1959993535931288
892,0.9026187881965319,387,3,0.009139190089086266,0.9033540638708647,0.9105576656544461,0.7147839895641142,0.5815730613550836,1,0.4511565675856686,0.008279446021823787,1.0215829836595474
887,0.9052485819840627,829,3,0.008095075448019781,0.9114790633715482,0.8946104446363037,0.7146901773215523,0.5750389906474291,1,0.3550349098074396,0.00845006550562538,1.0388068897076612
888,0.9047763687961023,826,3,0.016596999730598846,0.9079311316979929,0.8980419266675592,0.7206749801751909,0.5778004264594799,1,0.3900530713626615,0.008522901774390827,1.161264143174246
889,0.9053067715084324,827,3,0.009255070375431154,0.9062332391628617,0.9000024611812673,0.715240635037763,0.5744645971153017,1,1.037192376395296,0.008507293898177358,1.1694115404734224
890,0.9057232053080432,824,3,0.00940047494490566,0.906541102472074,0.9094179536793561,0.7168087600034172,0.5776030938600839,1,0.43507144274867804,0.008425614204018434,1.0920548629351248
893,0.905501382409323,825,3,0.009326907507033855,0.902072041709888,0.9093645172404237,0.7138723608290783,0.5663420911771806,1,0.19808367974533378,0.008170917675332484,0.0002117276688723055
897,0.9058772162304862,805,3,0.0092117318401979,0.8956672426256739,0.6567560221994038,0.7109467048873176,0.5463390237665311,1,0.5909591884240308,0.010125503289863539,1.0918857071948718
895,0.9061243959950556,810,3,0.009262245735969234,0.9014246930092917,0.9104488630318919,0.715506086896745,0.5610180428755899,1,0.46999617621324125,0.009087664894418635,1.1949869134705595
898,0.895921233957411,808,3,0.035255513833946525,0.932034083182714,0.9364658370114964,0.7060934286817898,0.5499504145500904,2,0.6256864231846788,0.010418304326589231,0.00022117379246685184
894,0.9039081888462934,833,3,0.016405009728087297,0.929964382841823,0.9086744207665851,0.7159244627536395,0.5643192865345821,1,0.6630427582517777,0.007891562177274233,1.1134727758813459
899,0.9059603400392154,835,3,0.009110618540200148,0.930327286228027,0.9333606391103001,0.7068619662117611,0.5537286269276044,2,0.6443431294033172,0.010780249300110397,3.5554834155243094
896,0.9058206017134717,811,3,0.009225558459099633,0.8987822377194463,0.8679113441425915,0.7173313932693031,0.8108235316036502,1,0.48035913946227715,0.007591182227565112,1.2570032413506853
901,0.9057709646181541,803,3,0.008967532843875761,0.9306375252741615,0.8631900331375542,0.7018499392033762,0.5460396489343051,2,0.4952560493574899,0.01123673253407865,0.00020991151910393656
903,0.9048405660624631,800,3,0.010214339314641548,0.7310921751418403,0.8648125629709701,0.7000288605014438,0.5494494892113522,2,0.6672474165019461,0.01107780386321171,3.6466633926444816
907,0.9039068372544801,797,3,0.00877160131408021,0.8884153338748779,0.866466897892689,0.672060664994778,0.24719212324347295,1,0.5172530382708034,0.0036354138161988547,6.0296126336115154
904,0.9049320648753124,803,3,0.008769017931211374,0.5741265554269668,0.8580429967781668,0.6967722357184702,0.5491180276884889,2,1.2015565921173428,0.0036976440585141275,0.00021278835481791772
906,0.9051037368761804,801,3,0.008689864693700287,0.8869657957373418,0.8622917347909267,0.5506056859832896,0.5926137871010724,1,0.6884845236107462,0.006438622357340213,0.00021527106668056903
905,0.9050414564680404,799,3,0.008716082576182529,0.8859982035860007,0.8644944651736086,0.7359681311795827,0.6290577696946381,1,0.7073213099420841,0.0035331803996227905,0.5277936871505956
900,0.9019694506498406,815,6,0.009057997671362976,0.9281615641131931,0.8612715571772844,0.5441578491621569,0.5480070633608368,2,0.5504189734337682,0.010672971531172564,0.00017976565661761545
908,0.9051860514782248,803,3,0.008995615614647836,0.9296122514564502,0.9369629484694265,0.7356208689314683,0.5459928522374448,1,0.601887846444528,0.0060694214028113105,3.3762727869532143
911,0.8864648285251127,840,3,0.2675859185131554,0.9273618216429063,0.934257757269242,0.7411114443205197,0.6279471106792556,1,0.7250708779756967,0.005830725050762327,5.448061294077936
909,0.90517007145162,843,3,0.008904849947333576,0.9315488694049769,0.9201009508589714,0.7313509349016303,0.6290435957134958,1,0.5984299165433553,0.011375569567308124,3.426536152010304
902,0.902452343541617,806,6,0.008783169330174073,0.9358973670655039,0.8685815996728385,0.7002860307610884,0.5469189617347917,2,0.1816959017093887,0.010933171909403789,0.00021354287715410065
912,0.9052098741581363,841,3,0.010008715719587728,0.9301083043776336,0.9342904681898886,0.7367440058936126,0.5911389529018642,1,0.6210655433096679,0.006297022250135649,0.5536378485780827
913,0.9051541628054824,845,3,0.009940755919146487,0.9346565653779199,0.9342672676831107,0.7355256523354263,0.6281217144267601,1,0.6453722107746138,0.006220503084132975,3.3788349313562773
914,0.904966918003957,843,3,0.010096834249490268,0.9277017643882325,0.9344321350442365,0.7330211460136296,0.6293352296527024,1,0.620142607142611,0.00582001693333083,4.896238533508672
915,0.9048143669223003,838,3,0.009712728032215935,0.9264323674990969,0.9154199053220037,0.7313238517474137,0.6296203798575033,1,0.7157234855616604,0.006104758843657531,7.89413811689726
916,0.9053175614376776,847,3,0.010189753133951344,0.9264797990379653,0.9360146122114619,0.7382224381996746,0.5951352847231413,1,0.6666199919047137,0.005877286433463546,0.7205018539448628
917,0.9051366356699584,843,3,0.00995315113293643,0.9224893409822196,0.921623083732506,0.7321394064772937,0.5950500834401932,1,0.7143431426048679,0.005715540452160449,6.616346600679668
918,0.9057702921670192,842,3,0.009944979270678741,0.8912790546169058,0.9170375899919003,0.73794771254199,0.5921283786818712,1,0.6133917736890108,0.011307794389585176,0.8342713474381785
919,0.904970260723125,845,3,0.010068672217452952,0.8901369015916247,0.9179291654791762,0.734624545802204,0.5976018466584927,1,0.5574496422319042,0.006838661600607111,2.7090000427161005
920,0.9052348456910888,845,3,0.010227613510943737,0.8947340778559357,0.9231524823401036,0.7299511702329659,0.5947886828505745,1,0.6795275804683232,0.007148759670284891,5.096082308909957
921,0.904557563337508,867,3,0.009837731465722543,0.8944731703103111,0.9146271036846926,0.7566026163913495,0.6000840050289632,1,0.7713668840626529,0.0049096762869518,5.558749979889789
922,0.9033767640021567,866,3,0.007589368873001172,0.8928662454077892,0.9158571104755707,0.7320873918044317,0.5956960451563563,2,0.4894788172935916,2.37066000733448,7.33363880541882
924,0.9054007068353875,871,3,0.007454241941590428,0.8932718499539111,0.9172594332358921,0.7575981496056596,0.5954291065952341,4,0.7662820796053218,0.012111925003421868,0.07618352978131415
927,0.9052312264201202,862,3,0.0075511562018884095,0.8932505261599415,0.9060237527646086,0.4245158561478628,0.5654834048206948,2,0.504045806610942,0.007204047865686764,2.791878300757215
925,0.904569423517661,869,3,0.007464311485611092,0.8911087406832054,0.9183126797022828,0.7637001391530636,0.5961959996498861,4,0.8283597025912381,0.004651767406484416,3.047562596668071
928,0.905201009905146,861,3,0.0075249378303968014,0.898157883372132,0.9045079084323236,0.753720101100926,0.5606980850097387,4,0.4714591643267231,0.0044750395914392544,3.1957694374261685
929,0.9050966279441439,866,3,0.007661229326375344,0.897803688311782,0.9043810066327923,0.7598517216612147,0.5567692750351028,2,0.4739516270886296,0.012447073721893373,0.0001306375796635138
910,0.9020189915829734,844,7,0.010121727570417816,0.9268549476474712,0.9370077853337447,0.7388405086382486,0.5476595387423056,1,0.4797201995245636,0.006036993291894795,4.02149265716087
934,0.8996332402402301,882,3,0.13988843292218797,0.9096272916450175,0.9574542844093096,0.6894834642598949,0.5639140905897628,2,2.5446169149340108,0.009788159664846443,0.20377583201637056
932,0.905463394773545,882,3,0.007699098682788279,0.9052203066521948,0.9028016426754982,0.6881571792883049,0.43295227093595134,2,2.549931622239896,0.010176191949596495,0.00013445818831226843
931,0.9056257096997283,888,3,0.007643178300943872,0.880325995561878,0.9066677228532464,0.6910266732007526,0.5631653883820685,2,0.45535684226270395,0.012849332678748415,4.035965666719692
933,0.9054623420826884,863,3,0.007695589644378649,0.8803427100346317,0.8998761274326107,0.6895250117769591,0.557771915865709,2,2.3723500374725273,0.009972078489941513,0.00012764579542466777
936,0.9050926393039616,881,3,0.008478370820677646,0.8787180869960667,0.95744333475785,0.39845154436705066,0.5399848503692537,2,2.5294380530259852,0.009705284519355492,0.0001702798067520377
930,0.8997129568669194,881,7,0.007623674818064258,0.8827352975343684,0.20224036517075872,0.6909509433405894,0.5635578765100566,2,0.4833693627990337,0.01196160088297598,0.4707215663545489
935,0.905284956679734,886,3,0.008475098620762872,0.9096486467029951,0.9519185871926727,0.6924331661230795,0.5644955865694322,2,2.5522511022840524,0.009715998778875301,0.00016693368696450942
937,0.9053260224176325,889,3,0.008485416768013234,0.9087154751859382,0.9569369304161868,0.6906331328820822,0.5630395915866709,2,2.5541869317112087,0.002820075145525659,3.877175508701995
939,0.9048391558611284,820,3,0.008759007457906663,0.8770033578614126,0.8834728971664959,0.7046498590702386,0.5624823299799336,7,2.5882127237511563,0.009264720099662643,0.14119470471828233
938,0.9056033194942901,817,3,0.008354873841503404,0.8750390737842197,0.8784261624506896,0.7065309451049806,0.7472482642907213,2,2.374156943882726,0.009347232669502862,0.00016871231598919955
923,0.9024416845145709,866,7,0.007479864610458003,0.8913794039787318,0.9152101394589933,0.7605120483352833,0.5632938769075828,2,0.7940946581181466,0.006966699160977742,3.880104336005435
940,0.9054855716737735,814,3,0.008500784884322916,0.880662506929386,0.8773111943471734,0.7103593165207572,0.5402096304939334,2,2.4073422637820547,0.0028470867088251496,0.0001815763733174861
941,0.9048284293305093,828,3,0.008628158585957512,0.879585270405748,0.8794510976158058,0.7066053230812758,0.6169224763098936,7,2.4107396459067845,0.00891308083472634,0.00016418023448463098
926,0.9027087990421061,865,7,0.007370331652760481,0.8889059036405161,0.8993193123262493,0.765519522239697,0.5627962081006787,2,0.5103166124991816,0.012664569699812308,4.0044546916132955
943,0.9045308370157242,822,3,0.00859604709029238,0.9144601535311453,0.8782734414283877,0.7102094363287448,0.6116250004924373,9,2.4433303494276086,0.002755969198313785,0.7504150658572802
950,0.9046845896305754,567,3,0.009062611559205668,0.9176029623099589,0.981687260703129,0.6755859067426788,0.5804924534010447,2,0.9255487552645056,0.02056532033595011,0.0002684969096279306
942,0.9055915370040601,810,3,0.008462047363246038,0.9154494600731273,0.8799463524377464,0.7072407798044368,0.8367764204618877,2,0.9344260652068592,0.002591741321543685,0.00017242408541210012
944,0.9054520433787692,818,3,0.009307510254604232,0.9181451039133273,0.9388618882322372,0.7070830834989753,0.6151303770446164,2,2.378576813323221,0.007570408865675848,0.00023990782009487575
945,0.9058666808839732,821,3,0.009234190894620018,0.9174612787879411,0.8817809485658914,0.7050837982162347,0.580744778039485,2,2.4144643979719187,0.020068619381259072,0.0002561540598677454
947,0.9057122574903728,758,3,0.009117025354679694,0.9128629396653294,0.9400612409064141,0.7117880424336588,0.614297388824799,2,1.0824262717828184,0.007557461175751413,0.00023382026632863206
946,0.9050541891014691,812,3,0.009357625348443675,0.9437257026361143,0.9377915485846751,0.7107902838339912,0.6167445123651234,2,0.5561516638847506,0.0195074443697626,0.32121950164689433
948,0.9055993944807863,813,3,0.009417831653826413,0.9174027729655715,0.8761628699036961,0.7131741597761642,0.6095230042528063,2,2.3972243986133543,0.01951830341992046,0.00024685459190696557
949,0.9049128097091301,826,3,0.006757442552842707,0.9204888726793891,0.9363824527616469,0.6762162486548218,0.6142095774022128,2,2.4312271748537317,0.02004538448543347,0.6837564302326299
951,0.905416208027525,789,3,0.009324640142613782,0.9176564938895738,0.9360933793499442,0.6772771354437492,0.6110885099322385,2,2.7393125252813997,0.018837867359849547,0.00025441157892944856
952,0.9051861408748488,708,3,0.009416473746177876,0.9139961825399627,0.9367085929126666,0.6746435699397326,0.5123827102944946,2,2.321834266780178,0.018446926381375812,0.00024771203680586194
956,0.9054346760321084,759,3,0.010973651774937703,0.9453262448279869,0.9365797831646981,0.6736587124803008,0.5110043403899229,2,2.733065739291518,0.01749453192326913,1.425296475067926
953,0.9047578960784316,755,3,0.006663993133128834,0.9439227715504258,0.9393633530375014,0.6735216701010408,0.5835124112301175,2,2.7122636911177738,0.016002952853049618,0.0002476206350144507
954,0.9060124624518977,790,3,0.00942047173699076,0.9494108723778294,0.9429001017406514,0.6726773129937655,0.5864243569365433,2,2.3013150760351313,0.016808613886347846,0.00024263942748029056
955,0.9045983742646216,786,3,0.010828312056444576,0.9410501912262261,0.9331483564506211,0.6751741613093929,0.584624885020457,2,2.6732081506052303,0.015406530522854851,0.0002628806844476656
959,0.9043139994231181,705,3,0.006697707980044345,0.9515270346194911,0.9255538858372703,0.6716388276494993,0.5020644934070408,2,2.2385432812355934,0.0039811203485143115,0.02175798830136663
958,0.9048864579257525,783,3,0.00685811611416116,0.9461255155365415,0.9246881741036899,0.676203072495407,0.5129086877756764,2,2.7310745808038215,0.0037936335497691263,0.6844711433011847
957,0.9047779476043347,789,3,0.006749035586759259,0.9449302536594096,0.9310204495553214,0.6727771385211306,0.5409657576148259,2,2.7144832502753657,0.003748230678773833,0.2961392182829353
960,0.9050301682438381,790,3,0.010638092217722068,0.9443721156361256,0.8978552248470206,0.6696902915450593,0.5195603096789706,2,2.7228801064309245,0.014964215498470834,1.6219276305640338
961,0.9044880609592537,788,3,0.010661959389081673,0.8999486232400229,0.8974302905307838,0.785195555644447,0.5148639840300098,8,0.41346825726327363,0.004130717784922355,1.586350057536372
965,0.9042381853087413,769,3,0.010779418102346247,0.9502106136899564,0.9720960331057842,0.6374065731900564,0.5799883629581877,10,2.2533778721255695,0.024750629043656394,0.9648306561201823
964,0.9053262681063131,790,3,0.0105118334344268,0.9006678693770824,0.8939181399916957,0.6541782276318048,0.5403794632853838,2,2.198415942929886,0.0039886274757488255,1.7794063635690982
962,0.905422456745109,848,3,0.0067225526513879155,0.9001004385101149,0.896080056433212,0.7872700162357158,0.5394491186795881,2,2.198934645502417,0.00023673005613310299,1.7087088028245077
963,0.9059450066938002,845,3,0.010576055191938116,0.8989880252409638,0.9211701906510551,0.6592916844269486,0.5843230021979812,2,0.4232041686344904,0.013689901935393963,0.9133528969291174
969,0.9053772098906236,773,3,0.008051177265160827,0.9610858319078636,0.9562955724808564,0.6356863578679254,0.5419921929057775,2,2.332431784441442,0.014416435642645007,0.00031250614587787656
968,0.9055255063467346,772,3,0.007976892630651454,0.9567839774073408,0.9803807422969676,0.6369222326227602,0.5451224654045825,2,2.2982090526837196,0.02838678680423877,0.9328087562267755
966,0.9052645937859982,790,3,0.01065369935565359,0.9512254206984561,0.9826059620888826,0.6581138642360598,0.5441671521232525,2,2.3200351129993737,0.0037498537213583407,0.9269314073661017
967,0.903374398792501,784,3,0.005361728181253841,0.9572345801201115,0.960634972502275,0.6404023648513841,0.545309808918411,2,2.299975520516869,0.01456881504734907,1.3416673452315344
970,0.9053618435535972,745,3,0.007941419336431391,0.9630619022426619,0.969084939862498,0.6363121755812979,0.5421737164924503,2,2.2978110401679546,0.01508876279747353,0.00020123176780386412
971,0.9054523121007634,779,3,0.008059356380714974,0.9787295865149995,0.9635040896404345,0.6405336486575205,0.5440164909726372,2,2.3247715872543124,0.013180589723963113,0.0003565471252156043
977,0.8983324295101539,444,3,0.005205485114096368,0.9846764305164333,0.9667023227986378,0.6555354317401549,0.5719724680593186,3,0.4035065956858833,0.013487021733663293,0.8741288887554245
972,0.9033379559851161,743,3,0.008063728066286873,0.8654704723245404,0.9592253517362919,0.6578076845647247,0.5414076595010043,2,2.300953104256957,0.014304172800125962,9.349312023532905
973,0.9053961240421333,756,3,0.00797061182514888,0.958755014549793,0.9542804166054359,0.6357376069594497,0.5471660713600628,2,2.311052957010737,0.027357025208927015,0.00032041559553501757
975,0.9023702458176064,759,3,0.005017647041027825,0.9904251452446727,0.9584800563398395,0.5228570505534951,0.55024160135564,2,0.42464514386530133,0.03321366772086983,0.9246353645953275
974,0.9050477401536916,747,3,0.008040235224917041,0.9795725464984227,0.9838184103006465,0.6571121611469359,0.5494114719245756,2,3.899762028648735,0.014151434114629421,0.0003477890456917024
979,0.9054477631353135,740,3,0.008180348249336531,0.9642897942078372,0.9578175088661117,0.6523333675762095,0.5747753134280836,1,0.433012407611307,0.028994986171130343,0.5284372434908038
978,0.9054203613977109,740,3,0.008099042942939507,0.9936284422891328,0.96131315238855,0.6538037047847203,0.5670820269292126,1,0.34043421193957585,0.028956197218896876,1.2710154316387896
976,0.9039658819761446,858,3,0.005300698625417464,0.9676687005601482,0.9734425136501432,0.6565217488225538,0.5819282269384594,3,0.5575840024871924,0.026862171802360106,0.9836633600962001
980,0.9051360948811981,857,3,0.011811500391325771,0.8673022571693568,0.9561081209478886,0.6566454992000677,0.5720151704955224,1,0.563428351626923,0.005072607143980618,0.5628571709889277
987,0.9020805964232593,323,3,0.011910253435946283,0.8859089480402108,0.9169558799513041,0.7261124127377027,0.5871165681923203,1,0.5558474114718946,0.00509845387951755,0.6581215889574464
981,0.9059292135943195,848,3,0.007299310438816273,0.8655728962311583,0.9164243626692239,0.6595730058995897,0.6352793998450376,1,0.40777190669746954,0.026060811082824032,0.6508226677190412
983,0.9050338091037873,857,3,0.0071701323063676015,0.9936367897150982,0.4293302544945013,0.719038348748097,0.5846603342590934,1,0.5666672455674248,0.007523234792035413,0.6443556703815112
982,0.9056567048623372,856,3,0.008506634332120015,0.8662316951832815,0.9169384079680583,0.7270293350064959,0.5841775117915197,1,0.5883418462483184,0.027071051310307646,0.584641476508857
984,0.9049051396156335,864,3,0.011746213764363243,0.8715908499472038,0.9117959834947563,0.7232451038823695,0.6339671525673818,1,3.8923540362112483,0.00492604599292942,1.2959075636874153
985,0.9043846902595506,858,3,0.011898845584602944,0.8739193582250485,0.9144722620460611,0.7217760725823744,0.6315434752610262,1,0.5194437926580517,0.007343570105593148,0.6123989526613828
989,0.9050098060342601,841,3,0.011748669687385244,0.8765598569377839,0.627816891877636,0.7249715383527652,0.6311757949002276,2,0.41434249457800276,0.005066610716383404,0.6082794425701493
986,0.9052402433923428,858,3,0.012085195535639519,0.8638559227765618,0.9169907455246972,0.8200049992584961,0.633178798362597,1,0.3792963240182005,0.004900081141937549,0.7384060732494189
988,0.9053277790308847,856,3,0.01178458512500358,0.8752748440490608,0.9224501803937722,0.7218894338831958,0.582796469533329,3,0.5658825334765402,0.007857836381277055,0.6927399151298971
992,0.9046175189013045,884,3,0.009404012761824593,0.9335175363453952,0.9245875558365886,0.696780832408206,0.6028306500249481,6,0.3254739738640809,0.007519332252495704,1.0492007992305195
991,0.9052562908465033,885,3,0.00721936237220791,0.8683222109869654,0.9169568066512694,0.7212717501283672,0.6009502043101368,3,0.3258944876356248,0.007735212174607067,0.8042020553149053
993,0.9043935530682077,882,3,0.0060390585218532905,0.878786481684609,0.9189543817822841,0.6930160588631976,0.6348039875949116,3,0.40461635771546917,0.007190490085921948,1.2801908501818502
997,0.9052881938865601,808,3,0.009232853471684985,0.938040895767485,0.8951785075691047,0.6940914570258199,0.40319666001594157,2,0.2599326344560954,0.009111872467179136,0.7991136661974143
990,0.9045769640772742,885,4,0.0072661891081017334,0.8808350978622608,0.9259519712752299,0.7248930467431614,0.628570188854995,2,0.3099755804964804,0.007362553949415993,1.0816923026583005
995,0.9047920309933838,886,3,0.006070686968384741,0.8805434750139857,0.8981704105731755,0.6947658682439086,0.6000463933945551,2,0.285591223768353,0.00013850901612984752,1.0679115497534124
994,0.9041046827015832,889,3,0.009546948183096008,0.9317251923420875,0.9059275727277952,0.8139548765014473,0.602244512792274,2,0.3053825409011878,7.472820446876516,1.4051525403910894
999,0.9051000233434653,883,3,0.009393471853820102,0.9277388294016957,0.8518129627386626,0.6961264892026968,0.600951139810117,5,0.3629124955230003,0.011965153141690462,1.371098147775429
998,0.9060666878897494,886,3,0.009248699561420355,0.9288043929983917,0.8962910707627233,0.6922150955503774,0.5960440219368655,3,0.2700108119780774,0.01112270532161139,1.125541855859881
996,0.9051919153950353,835,4,0.009474693089518638,0.8858876545084776,0.8532463900575203,0.8219258305414168,0.6009787586889611,2,0.35769001447015464,0.011663117053072838,1.3167271423807598
