trial,score,n_estimators,max_depth,learning_rate,subsample,colsample_bytree,colsample_bylevel,colsample_bynode,min_child_weight,gamma,reg_alpha,reg_lambda
4,0.8977306761291676,142,5,0.048015824865003116,0.5524962135391919,0.5556676417938443,0.3473328819434731,0.6837136338108254,7,1.048595940157494,0.00036741139840566826,0.0005083360841988221
9,0.8938972588927443,177,6,0.03796036429592832,0.26912375591489196,0.6477016933461696,0.5615291729883859,0.729090223544235,7,1.468596393819922,0.0003418600802025528,0.0005211935654993261
7,0.896675134234808,288,6,0.06619807694925925,0.33095038424972323,0.8301097641318271,0.5983029190584496,0.9200951098804662,3,3.5148209809880764,2.192343681902543,0.0015762304969821487
8,0.8857347446941887,549,6,0.03956668123951248,0.2135646068650111,0.24152011446290933,0.829763148214511,0.8651072040406573,9,2.5891605204279458,5.453278761168125,0.22171479768508673
5,0.8905413940120317,316,8,0.00531041185404946,0.7750980656215467,0.602986801589349,0.2565485001430429,0.8921165171088553,9,2.6339460948224995,3.8948578219180585,0.19223837132042357
6,0.8988414000660683,563,7,0.040869231116168483,0.8567779571795033,0.3580099676134352,0.646497998882233,0.3719139547318633,2,2.425446723622822,0.07486315276878125,0.0004658866606248411
10,0.8965579906776957,475,3,0.16110697751397574,0.9954018821693009,0.370281097803806,0.459644775395132,0.7886763775442985,4,2.4604065578573326,0.0013702966537400745,0.013031119324275697
0,0.8969933971623201,634,5,0.021828723179867286,0.6188462170836508,0.7871086874677758,0.546023800678307,0.48724203431117347,1,1.9118141951996743,9.542674477656094,0.06015253688467014
13,0.8833436860350432,238,3,0.15515025557592832,0.23035738513251502,0.9843799529694072,0.31935860580819836,0.6100326621545846,10,1.577669650488871,2.7422834855814298,0.0008193300831216697
12,0.8932096052384961,389,9,0.12845008676646874,0.686457194161335,0.5043526548377392,0.5216671772603108,0.6476463793201894,6,2.244618195220591,1.1794921528541404,0.000459829746549287
1,0.853263293460412,800,4,0.18996802808016144,0.2925402358471881,0.32571339604320526,0.5312762851443779,0.9198323874888046,8,0.7906256955493418,0.18326334857892135,0.014655940266018479
3,0.8985611604265593,430,9,0.012600989098530956,0.4922112079230416,0.7729840666196192,0.5992064841808611,0.5537105539487616,9,1.5942969020643094,0.07278393410619385,0.0006784403029774903
2,0.8946243078755263,954,9,0.03793745690498986,0.5239167678048788,0.44834452786470574,0.3467514103974829,0.5585859422533964,5,2.2206550617334337,0.00017879629271426456,0.44143081725850786
15,0.8881683662566301,442,5,0.10375021619907603,0.466446001118169,0.44617397687489113,0.594152363175378,0.40771126569831484,8,3.389678913174605,0.0001396795513241462,0.7443610561612325
11,0.8890884373737729,508,7,0.05268379692124814,0.42740834526755445,0.46337089428917394,0.3912150701724407,0.6580059656227166,9,2.145262921990488,0.3246138745979173,0.007670289514797982
14,0.894604580032297,870,3,0.11126711032771931,0.5538224326326041,0.5341565044681661,0.5023176042988227,0.6204899068244264,1,4.406720922052665,0.5748481453791114,0.0005300146877293487
18,0.8974180312777502,136,6,0.013962462441926877,0.5599942163717583,0.8352925464203675,0.79794435587208,0.7862327688789401,7,3.4144897141369706,1.63595543687931,0.00027233373261652624
17,0.9015172128942284,585,9,0.034375591298880084,0.6481473784460067,0.6687542212967392,0.5997216119867287,0.9015533306994775,7,3.3042108898678952,2.7524555935476465,0.3733136569316292
16,0.8982682827194381,589,9,0.005489557620050964,0.41103474711666393,0.6628076751016393,0.6110298403077,0.2963344805336961,1,4.533104345783727,0.19508170180227474,0.00024060698922793089
21,0.9017505063072054,731,10,0.011060798823438068,0.9882628346022241,0.7540285555601547,0.7441741659990287,0.20904240593843754,1,4.796825369077075,0.02706658290022342,0.00011275343493907958
22,0.9017543271766831,683,10,0.012025250553817255,0.9920201145288645,0.7220460288693107,0.7259405716424056,0.28104187730425456,1,4.884468821767103,0.029290376270723117,0.00010304522735783724
20,0.8958037734071681,930,8,0.014538721663802762,0.49234960229610747,0.43865728833169254,0.8390139373835422,0.20398568180428034,5,0.16255091342413408,0.0206203397834468,5.040622979208304
30,0.9006275353369043,725,10,0.009294727985066953,0.9873975809310466,0.6889121168664132,0.7505063153764687,0.22555880341816315,3,4.991179576311805,0.008251952260838209,7.579635800328718
27,0.8938555520229361,650,10,0.02031472200343743,0.8743343938348234,0.226809487986115,0.7152791464407225,0.23823994285960462,3,0.21362716207929422,0.010177685071868248,7.300150224868141
28,0.8928290393256356,703,10,0.022747608130369707,0.839540920200575,0.26080571203118735,0.7052193884972152,0.2399949797124047,3,0.06294878503369006,0.016038604135527424,4.094455678613085
33,0.888623043795102,733,10,0.2985678791429988,0.9060901198124396,0.9411914576140872,0.9488974993792126,0.32701895050529795,2,3.9280594492560765,0.002151570983232326,0.00010209849414680462
25,0.8962219185135787,672,10,0.012309451494760744,0.928169385219164,0.711658762324727,0.7510731902331259,0.20950027637175922,3,0.17299046193705747,0.03570963770856949,0.000100778905075778
31,0.9023310831787542,720,10,0.008495698269876242,0.9631406120657573,0.7125553910746202,0.7206671471149161,0.21669561714034194,3,4.96990149734179,0.00700216540188514,0.00012143103025209436
26,0.897518443298884,658,10,0.009120560685979164,0.8804766923389686,0.6845214962885096,0.6933061244010623,0.21258212733575266,3,0.043692504617467876,0.03752676212689648,0.00011332081265033433
32,0.9010487210687895,700,10,0.0218670266687011,0.9114990534643498,0.9217117287517502,0.9609330355207748,0.3164558032453286,2,3.934078999315567,0.005270402370543864,0.00010135427278772481
23,0.8974760198877689,674,10,0.013272950693321144,0.905282083506742,0.7810239470126011,0.756886959220157,0.20350560014318475,1,0.13774106751074577,0.03143382100925352,0.00010211142159250056
24,0.8959287211527129,692,10,0.013248502159654547,0.8706269057089915,0.7897166974648497,0.737999374302611,0.22630394051330016,1,0.07375570335686144,0.023054199613970715,0.00011769254923493609
29,0.897802671958663,724,10,0.02013176812527313,0.9402893267196403,0.9918578091567725,0.9802697952755983,0.2649897146617318,4,0.031617635662676946,0.011160002404629806,5.785614701659927
19,0.8935107311524855,972,10,0.009959506881342447,0.929699598241571,0.24653073219888472,0.9542540039062939,0.21317380953127635,1,0.033339850950403704,0.048774980477528235,6.254885543286514
35,0.9023897557945736,834,8,0.00832577529319423,0.7426104468087965,0.7212721017399906,0.8993083930886271,0.4413443905151424,2,4.841424035774256,0.048812427277585994,0.00336871030835089
36,0.9017042299472122,822,8,0.009120040382384316,0.7528489854907172,0.8873581476226432,0.9650093561424815,0.4216162146015356,2,4.819833608849159,0.0032523724979885015,0.002087394479959978
37,0.9025618794156307,847,8,0.007660591505274072,0.7654304909866583,0.8993560454301677,0.9782993340306796,0.43180824023916176,2,4.81580142820197,0.0035944166835003223,0.0022557259675574978
38,0.9019850937667201,854,8,0.007885399656549111,0.796880582391126,0.7683448874799103,0.9058028388852509,0.4504278814397711,1,4.980215180642223,0.002865418867132408,0.0024910213567685335
39,0.9020652946251223,802,8,0.0074978880887026705,0.7877470573648543,0.8362200636776242,0.8779648475234999,0.43273555003232006,1,4.746671424380544,0.002896216570931192,0.0027547727386115764
40,0.9017069525153107,819,8,0.007305947246158027,0.7592910796924363,0.7439841065979587,0.8368794299611406,0.45530927763092566,1,4.947116908907241,0.0018484594907548918,0.0027475744657597446
43,0.9017748869558406,882,9,0.006885049859931232,0.7809163040063382,0.5955704822724553,0.6588439114802156,0.4819241215640361,2,4.770143798205234,0.002691283333834686,0.0029169431038907636
41,0.9022029838981478,813,8,0.0076126544238781825,0.7670301656812949,0.610672085703717,0.6593604155343542,0.993976421245553,2,4.9792994650780305,0.002850868825848917,0.0023930286881529254
34,0.9007520709913793,793,10,0.00812340104792546,0.9315440111231424,0.7399984652466163,0.9183516038039675,0.9792500234060092,2,4.021217240701158,0.002868523055100938,0.00010265761713888478
42,0.9014124592834868,857,9,0.00763487041326871,0.7874557835291097,0.7357331050382617,0.9121186252264012,0.45038862721737194,2,4.7813597497878275,0.003423912557203299,0.002427561914400089
44,0.9016695623013586,799,8,0.006599015790470323,0.7755493638077015,0.7359122990311304,0.907336446086409,0.456749644262083,2,4.922470100256367,0.0039498998285034306,0.0027535328977441173
45,0.9018870641352056,782,9,0.007307847238722026,0.801278794459146,0.7353289541519933,0.8809663753725822,0.47377659432999375,2,4.505957002742477,0.10742599533108932,0.003988641815148494
46,0.9015721235541616,814,7,0.006989639818623008,0.7601747144558539,0.5992162572041235,0.8918111726765356,0.4980399851125371,4,4.2570990646311495,0.0010526223493515445,0.0029343499040666793
47,0.902123961463609,815,7,0.006486178914463052,0.7987239575841248,0.6059932501371772,0.8943743541076199,0.48270993421446523,4,4.332710145629672,0.0007516048234816468,0.00551832023125958
48,0.902098224510073,798,7,0.006568836773927597,0.7221583827563669,0.8485553667742056,0.8932421491289162,0.522993962467445,4,4.33839915352172,0.0009842975011197914,0.04243775424281867
49,0.9018927556442413,930,7,0.006427320657204195,0.7038637726206616,0.8524817712831038,0.8903013156800569,0.5229483205200602,4,4.303939916538257,0.0009586872327609237,0.05379029519142726
50,0.9018222251287951,797,7,0.006536342216091574,0.7159791338755631,0.8372073571256127,0.8995212475026386,0.539345216254871,4,4.277119635839188,0.0010263992837785537,0.005588778003150695
52,0.9010091722608479,786,7,0.00602541434403093,0.7214778685745961,0.8422001445120803,0.888647253779876,0.5289233568493092,4,4.382752534229142,0.0008103524504001578,0.0364244859095303
53,0.9014238115144554,771,7,0.005563091994148501,0.7052396066333498,0.8534699077048755,0.8657611970212709,0.5253919623554417,2,4.381583449584406,0.0008280662157666274,0.03886952338429705
51,0.902751840703852,786,7,0.0050277651893095,0.7114612843107748,0.8483188724706565,0.8957363762311773,0.5389787045358773,4,4.33625295828452,0.0008723345065639493,0.005792809150582439
55,0.9023934206760647,921,7,0.005998925869789541,0.7083170492425654,0.825835994626876,0.8009737597501531,0.3626667342881428,4,4.235027561421624,0.000887826121864194,0.03711424886493871
59,0.9010133678967845,757,6,0.005292729596076113,0.6376236673683431,0.6305431927132037,0.7907629588229926,0.3697480805073835,6,4.081063983853485,0.0002182002288489077,0.001067412860853327
54,0.9016101853830559,925,7,0.00513993209907962,0.708254310066,0.8406523563203347,0.8766649300057958,0.547465181553749,4,4.329845499150884,0.0006484186765161604,0.005866291219180213
57,0.9018839813960152,918,7,0.005203942961327445,0.7032519847069365,0.6241521742559956,0.9979703073632152,0.5196135592884186,5,4.227767641316051,0.0005758405229382362,0.04488269052113976
58,0.9019469994023197,936,7,0.005146303680012811,0.6909708941212546,0.6265395070400894,0.995951994516202,0.37030586746449257,5,4.173914059817546,0.000399628160681831,0.007318436703385781
64,0.9015862209304377,907,6,0.016403840586570698,0.616338801106377,0.7988000111467419,0.7936561285191767,0.3755141252187558,5,4.59197682820744,0.0005232730870323983,0.015864734982420733
56,0.9017117968849109,950,7,0.005290399494373337,0.717991360273778,0.8328623801316375,0.9966370252720369,0.5428248926581892,4,4.165122223825538,0.0007143549711173808,0.03686057827426092
61,0.9015487061997594,906,6,0.005757577194180032,0.6462091900558453,0.5278488678914128,0.8293944183414322,0.3706206601803431,5,3.6879141302884464,0.0004322995131104701,0.017427487966570322
66,0.899412264404928,997,6,0.01663507772964374,0.5920340035930527,0.8004496911788366,0.20129825878395924,0.39354530434480123,5,3.6978784408318868,0.00043684147976740824,0.012262673506077132
62,0.9019143980651652,924,6,0.005374963764700034,0.6510141485627734,0.6338731220989823,0.8036333735637724,0.38349308131558046,5,3.781662541681409,0.0004031875051388898,0.0012016584526615933
60,0.9019604699379832,897,6,0.005195943648232318,0.6194073675778926,0.648996200392252,0.999758854305083,0.5863201592501165,5,3.6984410712668456,0.00047689407080676714,0.030628789494377286
68,0.8996810653055108,621,4,0.016791499284389926,0.5965939360108541,0.8031934351386966,0.7905421652547143,0.3987786216344439,3,3.6165763847283037,0.00010610661866552112,0.018038288274424295
65,0.9012009985633294,997,6,0.0159998557484895,0.6028258050385317,0.8053454674300202,0.6651819999928129,0.5820313661546126,5,4.554440689975428,0.00047782532224138096,0.012354274645822911
67,0.9003949994386865,1000,4,0.015773868748642676,0.590227018578458,0.7921777357887139,0.6498717918309284,0.3727756960678101,5,4.580056156377614,0.00038505298266934014,0.010926924816819386
70,0.9010307278697441,979,5,0.010473431372579835,0.6613760384609346,0.542166981929265,0.6698334588434436,0.40496405877891456,3,3.712166480052826,0.005892018394253563,0.012727602184457351
63,0.9019733524019777,894,6,0.005127552380870741,0.6287997921442029,0.6368557262591901,0.9938241279574005,0.5821252151776538,5,3.6382767385472263,0.0002459227610717811,0.011922816587914466
72,0.9014795589754392,619,8,0.010703921143993303,0.8370385506595847,0.5670038680321451,0.6666604976898768,0.7429246892585256,3,4.611285084745579,0.006015475967042174,0.0015971068284703195
71,0.9022823254543081,841,5,0.010577359628819756,0.8286010528268826,0.8842287983562338,0.8093272255026076,0.5836566563121383,3,4.626859549267877,0.0059660877147678535,0.09217152630518707
69,0.9004187271726938,991,8,0.01064812125403012,0.5890763803310961,0.9085262885319589,0.651696800495381,0.5854006133539819,3,3.5681283773320644,0.006456182352767595,0.0996485012720197
73,0.9011168769484055,841,5,0.010219212332572985,0.8138937189996277,0.5723055486502535,0.8570382464180609,0.6058670319695145,3,3.103657389517627,0.00022426812792300486,0.022590283669915875
75,0.9004595174230371,836,8,0.010137242223600879,0.8441550255365209,0.5703275268391866,0.6323335629157469,0.7071210827116126,3,3.06498464822907,0.005586388198938405,0.0898741574687919
76,0.9008896190238206,841,8,0.011004489300792028,0.8216543628010683,0.5629504541988947,0.9330097845000199,0.7456673899273143,3,3.181451920776819,0.0059220434724079314,0.0763367082953726
74,0.9004753741491965,626,8,0.010606234608272204,0.830050348014745,0.895382493589578,0.937985957778718,0.5755386353026091,3,3.087458724530695,0.00024480637780043506,0.12010120633429153
77,0.9025237188399553,844,8,0.01037757336343079,0.826384984678419,0.8818276598869835,0.9351843610128924,0.7043348855884439,3,4.617076380853847,0.005341118943443249,0.0003230791919984709
79,0.9010483581610664,753,8,0.008438546881130504,0.6750546452715727,0.5668476999211997,0.9273484699532424,0.7092822122260767,3,4.666336289333927,0.007176001100097914,0.10879586858729638
81,0.9023984493881926,831,8,0.009319187384150832,0.8328577163208698,0.9003484066978215,0.8565119027407911,0.3402929464998893,3,4.634378456488616,0.0016577606855294126,0.11826906363744841
86,0.9025952674582788,741,9,0.008549653145725805,0.7364040443974544,0.94479463692331,0.7670495266572869,0.3392766156430594,10,4.690123501231049,0.0014877724823081692,0.0002589983956828572
78,0.9002380975692997,853,8,0.00885651134149283,0.8305096351292985,0.9029603300669169,0.9352718074230795,0.7560964226815942,3,3.194388059608828,0.0017371463795744007,0.14857917389331707
80,0.9021840311297288,841,8,0.008477186004470503,0.7409955191845463,0.9716212383348939,0.9426669795185534,0.8577860573749837,4,4.7001825927850165,0.0016996837828679872,0.13374624535361646
82,0.9018992477699799,842,9,0.009087161884772524,0.8227526271032082,0.9600232474909539,0.9429300477768026,0.8247189489321058,3,4.679531357493906,0.0014368919296574572,0.09302829268137508
89,0.9027134603614761,858,9,0.008969251180996337,0.8729132760560111,0.9666835621399529,0.8197527624745115,0.3395129885848315,6,4.707313909936147,0.0015987368355922364,0.00021503964880709948
83,0.9016466360962647,842,9,0.008709938899192738,0.8405014090690434,0.8706021204311142,0.9341767569397594,0.8679826925087353,3,4.679319060126416,0.001716392231934233,0.14912728888678908
85,0.9029753391811294,749,9,0.008500183332331998,0.6822959535820508,0.9569918746963116,0.7758343711350931,0.8440376218372683,4,4.705880394824743,0.0015071714737484856,0.3910353143412044
84,0.9019445245753751,755,9,0.00869660809825567,0.7452777594616966,0.8882701727030784,0.9364299260205304,0.8338921412947295,3,4.644849189118231,0.017476555875630424,0.1859593604806715
87,0.9008005819628992,755,9,0.008522532463233153,0.7385341695545494,0.9524415789465132,0.5605338300460091,0.8344576443618364,2,4.682485129469766,0.0014409565809870078,0.00023250031138286566
92,0.9022959366984331,868,9,0.00936002672504584,0.7373591061687361,0.9491071620085179,0.7715887253463638,0.333480037733246,10,4.514931504944432,0.01479953489270643,0.00017179093915655017
90,0.902265512807617,864,9,0.008771647746132549,0.7430442858484403,0.9662567508864728,0.8168655501621712,0.6414455567597773,10,4.720826566849087,0.01571509139404805,0.0001665814444395656
93,0.9022142368502127,870,9,0.012511656103151846,0.7401429932574934,0.8773837456359359,0.8224154581415487,0.34094909648293936,10,4.4924776591737405,0.017219223106143777,0.0001866460671754918
94,0.9023825312398632,871,9,0.01241672387508571,0.9575862942346831,0.9380250590354368,0.7618818268653892,0.3368510984566917,10,4.489297196721039,0.01285184687834695,0.000200967539075956
91,0.9023306513991424,740,9,0.008462941384741693,0.7439060433925448,0.9598206120437465,0.7742989274295621,0.6407472596450787,10,4.45514520412828,0.0013072758399771034,0.0004000007135172824
95,0.9021138852630213,875,9,0.012289853756137576,0.9644121130560552,0.9295752128166689,0.7733254681804365,0.34194164723211984,10,4.471450785533707,0.014421302412965758,0.00021125360184366549
96,0.9023387613301098,870,9,0.01214445664914918,0.8668681384717303,0.9354894219655541,0.7684587197633715,0.34289248675840583,8,4.436920944362016,0.015484387568347219,0.00026098945995205495
88,0.9001926085989579,873,9,0.008648873954702919,0.9574016926726736,0.9643545331480372,0.8204139274250006,0.8616742813550203,2,4.478962521451684,0.001646849028071222,0.0002099021644254118
98,0.9031004706610618,878,9,0.0127267265874121,0.8909821558369104,0.9369069293533778,0.7661635668503839,0.3358584039340908,10,4.428129766773447,0.004142019565452115,0.7726644278096602
97,0.9026123389446843,881,9,0.00783225545271749,0.8886940163877912,0.9409356698281153,0.8509589731868387,0.3422321867282891,10,4.475792296671583,0.4594449694895381,0.0002438153955046738
100,0.9028253754323725,713,9,0.011602117007572962,0.8834961426452644,0.9316599183442235,0.6911229718733689,0.3445171439388515,8,4.859637881545252,0.004087928038480245,0.39146676079459547
99,0.903003644235128,868,9,0.013197347448222487,0.8867709949675955,0.9210771593633962,0.8453280076840481,0.33985481103281334,9,4.4754196777188,0.002232272978591023,0.6734243933878241
102,0.903036869144141,962,9,0.01386412468978193,0.8799272307198583,0.9283604094242403,0.853834749936904,0.3050665704730514,8,4.821124857982785,0.004452143984829484,0.00036774494953396364
103,0.9028300197238144,886,9,0.011988562445297387,0.8627153488352127,0.9274151950057657,0.8607845169431231,0.2783270429952922,8,4.861358549750056,0.079016475062801,0.8224874533813649
104,0.9023533626266407,955,8,0.014075721856917073,0.8733873324002914,0.9922742874575731,0.8510189720878809,0.31371836999484437,8,3.9290764422673097,0.004421854982734868,0.4922403489527792
101,0.9024270983455299,718,9,0.006111737971428374,0.9578304273327818,0.928342553518935,0.851148522413338,0.2951799070867297,8,4.88128505421527,0.004138199275307438,0.00039375467183833216
109,0.902382758456282,713,9,0.024658596203229338,0.8793283051228993,0.9919828138809359,0.8408639367552477,0.30522531795675584,9,4.859215507625798,0.004206253763764664,0.8780679491345282
110,0.9026283094690971,718,9,0.014364792121190455,0.8940185674633192,0.9864963500115734,0.858680579320636,0.29406343674202967,9,4.851880139047453,0.004205601014419085,0.7009499048565049
105,0.9029434449591068,957,8,0.006006498047912628,0.8759785870448552,0.9808653592683763,0.8590745377148852,0.29089569205467053,8,4.831738488718399,0.004085570593177346,0.0003856091186036584
106,0.9021165557591069,960,8,0.006014718692444059,0.6724012375965495,0.9927569395164008,0.8505417311274592,0.307710487805455,9,4.848732469694958,0.002273443364346186,0.9822339593664687
107,0.9019521025356166,959,8,0.006098803357544778,0.679236891937961,0.9188131938297228,0.7309474572106058,0.2746554379861583,9,4.828308159877424,0.0023175068666162505,0.6328004000300753
111,0.9029819844822056,961,9,0.013513282276020798,0.8843007464327123,0.9882210689186577,0.8456327746210984,0.3031990105934627,9,4.807397008858485,0.6374808363079709,0.9634599468512154
114,0.9026852954838164,771,9,0.018504072270883982,0.897538126193871,0.9195027588994457,0.7392158227276088,0.2682864662732416,9,4.8466264097497,0.9615955983725449,0.8060676317557945
112,0.9027280201524317,949,9,0.015012464552150368,0.8933517136521654,0.9992156249361801,0.8411054381162946,0.30325516897257104,9,4.8524943758340955,0.536569005352432,0.8948384078454782
113,0.902081334325494,700,9,0.014481218411736009,0.8924543855374939,0.9180932085992284,0.7319099186860971,0.2678165433024315,9,4.866538708786521,0.0024120657883462786,1.3725032222708555
108,0.9024448637960336,964,9,0.006044591572077357,0.853005580916487,0.9934060815470007,0.8498081661084051,0.3002092419922887,9,4.050875650561469,0.0023565519125814563,1.123343775307867
115,0.9023817623984908,774,9,0.018278184438235406,0.8912069433764545,0.9813512639888703,0.6921975845295042,0.26962371891333636,9,4.111033722791329,0.9909834408515567,1.6296937142390753
118,0.901427395817357,369,10,0.019513957301524783,0.8938856323110185,0.9173916379908058,0.734993420730184,0.26936737568767904,9,4.047718266228893,0.009143716159875618,1.3302683514624352
116,0.9025471829451434,777,10,0.017921047643049567,0.8977230465541893,0.917038780799949,0.6968268364242883,0.2611593309016747,9,4.09572692537251,0.5947640731843019,1.4874942151929547
117,0.9037931389641936,964,10,0.018448866560595887,0.8941930320495095,0.9167665251514944,0.7363973641460704,0.27946200822572353,9,4.805122433187372,0.5556671733639521,1.3084322210300008
121,0.902867619518117,683,10,0.017988844838965807,0.911885386376104,0.9759893054941842,0.7064719794768086,0.25409350903391914,7,4.990495615048319,1.1331905870659067,1.6990683354593858
123,0.9027004244180736,970,10,0.020208872076552954,0.916498492022571,0.9792867853496761,0.6955402237612006,0.2504729798196171,7,4.967794250864936,0.9974564424338712,1.8563087329941008
120,0.9031915004457061,974,10,0.014531665396888474,0.9071556593225906,0.9768956255971482,0.6978750901168,0.27054230493166537,7,4.919102561517506,0.49488907664712956,1.5334323855871745
125,0.9027123946716207,938,10,0.02544119385395239,0.9226165158763051,0.864921513422348,0.7035050880909964,0.2467962473203858,7,4.938075833918192,0.9533125095606167,0.32037842548001016
124,0.9021346857137018,941,10,0.017882692411335874,0.9294424164637891,0.9747167619555692,0.706869839388058,0.2627418862209015,7,4.991586097134331,1.2887883978587702,1.8812978625473844
127,0.9033244422714917,935,9,0.023970410369566538,0.9157273934930907,0.975062365783794,0.8695837535248729,0.23134056460611785,7,4.975009058363915,0.1753460141707911,2.217919476695752
126,0.8988508384035004,946,10,0.01156487527782968,0.9090483694636259,0.8707210290447202,0.7079746081313953,0.24701987493782387,8,4.966188279143074,7.071771525972466,0.2899927653520916
122,0.8993785053966977,899,10,0.018116220773772198,0.9206146461484356,0.9759731526029547,0.689355339904239,0.25858690637508047,8,1.1155524362942095,0.908562223020028,1.6865124877168738
119,0.9003197869270998,658,10,0.01380393448564247,0.9022965585003402,0.9143476010978538,0.6885319520327073,0.2584647839873273,7,1.1922412600116732,0.44196681779968566,1.5060823535130143
128,0.902906894054784,944,10,0.023494786960902375,0.9306696984999786,0.8676518590024557,0.8723168647575772,0.2884314437572987,7,4.991169814304683,1.3651455239342676,2.503618091810824
130,0.9025718973867847,935,10,0.02487962674862109,0.920295893567718,0.9713771873931639,0.8755588033548264,0.23920318586723396,8,4.770200749962682,0.1954153461332723,2.230093312132575
129,0.8997580653694872,681,10,0.02429704455300994,0.9213748336571208,0.8604340596501311,0.8731408885757476,0.2502543845158506,8,1.002159842734764,1.8462016123539313,2.1060303541629413
131,0.9032333337326788,946,10,0.013383039201633622,0.9390435903040762,0.8595321191475976,0.6827873228557617,0.2497458214039512,8,4.966774168340996,0.215259403706253,2.4729360622171006
133,0.9025760699133899,668,10,0.013340628514095874,0.9399765100649817,0.9470194079591656,0.8758266820989428,0.23099450746510372,8,4.744688297223283,0.2870235053078441,2.4787067638637197
132,0.902750737765403,944,10,0.013483113518963552,0.9330410171217177,0.9494561967812032,0.7890422424950341,0.2335614684498638,8,4.769611561605867,0.21565968178087033,2.5786822861546495
135,0.9023738939752391,661,10,0.02694502425417682,0.9420779682246879,0.9479577183684496,0.6307444200709623,0.2856491363166972,8,4.347531214664466,0.25907376381662506,2.934239417680762
134,0.9028293044748057,982,10,0.030027486085225985,0.9412259960815755,0.9485949981773059,0.6797411493029961,0.23851838118903573,8,4.766530724688376,0.21863985895310037,0.3325348363722414
136,0.9020772507394075,973,10,0.029458227915508114,0.8574843690862668,0.9499849896160761,0.6268058260700042,0.2313781015748914,8,4.767264053464792,0.11103056848117786,2.759558422718876
138,0.9018585701016093,978,10,0.03408277288582597,0.8563064955723338,0.9509977365829451,0.6195719779162289,0.23523193530455716,7,4.769507595717711,0.12955555182088224,2.9813465650813065
137,0.9023811022621967,912,10,0.023872721910496365,0.8609283433830517,0.9478487267441575,0.9126096777605934,0.2241455560012281,8,4.387279179182171,0.18333613507152938,2.7198588601034275
139,0.902218280070987,981,10,0.027111091333936577,0.9424096888488163,0.952878902100714,0.8710321632671175,0.28228824585883017,7,4.76458041916888,0.237487151912106,2.4733193221953167
140,0.9026374768800262,982,10,0.03460326886882461,0.944954364625391,0.952163725638472,0.6340073557621029,0.287024364987937,7,4.7649465258741275,0.09363384580737537,3.6983622242054457
141,0.9025081756101198,913,10,0.0275145351387455,0.9397617572118558,0.9528837118097927,0.7890600521166844,0.22509118665037744,6,4.986780823913932,0.25921483784412797,2.9793459765594945
142,0.9020852755307331,973,10,0.031820144685567806,0.8568606063599398,0.9542335360374962,0.6302725877076499,0.2877320075591328,7,4.778048527551629,0.10144982338508966,3.829832323989495
145,0.9007260743619362,981,10,0.03135554753254901,0.977973170793207,0.895938895764874,0.37882506481094136,0.20386423771640727,7,4.979599758496684,0.12318999848075275,3.96466020070808
143,0.9021467767591158,982,10,0.026951886234767037,0.9786310777326156,0.8985036311001597,0.6792755681249245,0.28594487392980594,7,4.97317872360443,0.12925185512055617,3.508624586616328
149,0.8998904090892893,536,10,0.022390599094461876,0.9834826889863485,0.8966380599182506,0.7530149077180546,0.32393662755481384,6,4.997348970487207,3.80554846373689,4.074824881932458
146,0.8926177823324781,985,10,0.032459184712615156,0.3016295327079997,0.8973636979463593,0.7495394794724873,0.2040504429808589,6,1.977568678391464,0.7011601502402035,4.593491798983453
144,0.8971080338130871,912,10,0.030037764955088014,0.3630932427644711,0.8992409126484782,0.7529459513093161,0.9377508866910941,7,4.918600924361459,0.12558495720317828,4.099562608617329
147,0.9020682783894791,914,10,0.031000116068845156,0.9436288158316087,0.9039977766892747,0.7485017726536828,0.9511244459006373,6,4.994783689741777,0.6508644323630313,3.540531522662934
148,0.9028524233083391,984,10,0.021317734383194807,0.9835419794940792,0.900134230205274,0.7204666659099574,0.3183595836028509,6,4.9927394107881,0.730200450723656,4.038550946480718
150,0.9026765695827439,920,9,0.021765195651529925,0.9734013654251532,0.8912370831989318,0.6799929291565173,0.3254174746449049,6,4.974671518115763,0.6711919890525235,0.4887529794452159
151,0.901551250658768,894,9,0.022342053123756707,0.9852057458576815,0.8951729867248097,0.6766718254152974,0.31395303241938743,7,4.552935297443587,3.0064467655775013,0.4989396184191983
152,0.9013481614459241,999,9,0.022056958624101255,0.9864785827043389,0.8196435247309346,0.7183718168962051,0.2077086204265321,8,4.583653604107895,3.172793616082566,0.519112932268607
157,0.8989776098097652,168,9,0.015377426982590427,0.8774396794017115,0.9292037970024928,0.5902008909285003,0.3070817240036501,8,4.6066092967425165,0.4129837769911084,0.5197158865380528
159,0.9020160520608232,898,9,0.04319387901401745,0.9987223603954465,0.9304237225393609,0.7166618003062238,0.31852455429630755,8,4.623088080901359,0.3537803029050852,9.395898782380101
156,0.9023081859363421,923,9,0.02155943534099949,0.9981412844967688,0.9267800645619011,0.7145241944959654,0.3214256624484383,8,4.575711664557394,0.05903660978800745,0.5181702934383122
153,0.895343871183357,893,9,0.02260499683657727,0.5008701769465096,0.9319960629925221,0.6701686955368554,0.3158655329520198,6,1.8586026425425446,0.63059744702801,0.5451160364520952
154,0.9000170563589156,893,9,0.021211320373793672,0.48829000005528356,0.9320169752748176,0.75097585783987,0.9610825471013862,8,4.607692951699348,0.350298111081557,0.43802452390345037
160,0.9035310163562983,957,9,0.016561814590229637,0.9966524739984042,0.9300885287103122,0.7159139875967775,0.31945763295131846,8,4.587866778126112,0.360613695503012,0.5783997535491907
158,0.9013893993635447,895,9,0.011518603355456592,0.503964610097719,0.9294067628821367,0.7236315451685531,0.3561952799344238,8,4.584472710566086,0.3685138679828099,0.49597012631848625
162,0.9029818867996701,957,9,0.015971790799849648,0.8793689317340083,0.931384560385399,0.7263383433729388,0.355882782739172,8,4.8782825286654345,1.4831640040959033,0.0006217086831329622
155,0.8958292978156696,889,9,0.015452692948206599,0.3194695333854226,0.9298706375149639,0.679943810873954,0.9586759367942008,8,4.566772024115334,0.05681754155565267,0.5053476118821476
161,0.9020929235791441,999,9,0.011623447310757436,0.8776758634788854,0.9302754536036116,0.7181021257475539,0.36243655779501077,8,4.593859747240577,0.053558967002402216,9.322964734652155
163,0.9010858397480985,956,9,0.016759767203016182,0.5344044163514083,0.9274659213053013,0.8109247276113887,0.3592617394167997,8,4.866969598695879,1.333835509600652,1.1184137946847321
164,0.9026941405803871,599,9,0.016478623824638595,0.9116518867310196,0.998617816280546,0.4737359965047951,0.295912234816469,8,4.882055289351787,0.07188845620491735,0.0006019390475830468
166,0.9023172921531536,957,9,0.06145454804957975,0.9092040323453934,0.972000613005493,0.82701018981495,0.35641860957575744,8,4.8676509203803136,1.3847525157828293,1.0978188643038722
165,0.9015692854394063,960,9,0.016574080885923017,0.5052723606392224,0.9723729661874605,0.8055653006503627,0.2832837762215331,8,4.889257185139793,1.4819768390553778,1.1527107013094389
167,0.9021583213904714,961,9,0.01156975335468713,0.9086469217148199,0.9746338962118045,0.4717366209464381,0.27415119893987977,8,4.8715923465226725,1.394947444326814,1.1553775458407065
168,0.9028285252190308,960,9,0.016785852396321983,0.9594651661185458,0.9991227301054799,0.8030835540409119,0.28194562378750837,7,4.867133939059448,1.6988826924498655,1.1224210616119328
169,0.9024859346271071,960,10,0.016991791674066628,0.955659680554141,0.969108287857528,0.8276818182411495,0.35653755935193776,9,4.865678861109401,1.9107655475381722,1.126080153246673
171,0.9028011742611429,959,9,0.01698860962442795,0.9101907817495131,0.9704561044858534,0.8297901663988986,0.29498554670719,9,4.864974090156334,1.628930068263501,0.714302889440374
170,0.9026254429237828,941,9,0.015679995744508925,0.9102603385438334,0.9974630207563374,0.804979664916823,0.3553536203099582,8,4.877209953629013,1.6289536569315934,1.173689769093819
174,0.9024540320431556,960,10,0.07243193968595327,0.9647215320727768,0.40649976965089246,0.8320983199266331,0.2786301730915824,9,4.709690779999443,0.519406455498731,1.1734662678868883
172,0.9027513661263665,958,10,0.016442724976704994,0.9102686172771212,0.9725603638524895,0.8318444977180848,0.28135224061995434,9,4.815002558139727,1.3867468414265942,1.1442619512562306
173,0.9022843265399603,959,10,0.019265486450413063,0.9112388595623333,0.9997845460103648,0.8274973875067092,0.29670716778058803,9,4.822219349729098,2.082562224777083,0.0007733870657389629
176,0.9012464150889581,932,10,0.019499120429237477,0.9095268628357586,0.8765340437902113,0.6574642469118273,0.27060098855578896,9,4.72991770192028,1.954766818201314,5.525038685150878
177,0.901167098618585,936,10,0.01918295077356433,0.9660833222784213,0.2969716146332383,0.8301191437718416,0.24798066142758826,9,4.720114199515373,0.8427425919969184,0.7029123466780813
180,0.9008665698223514,935,10,0.01971283571236954,0.9666265918689089,0.27885285635246804,0.7800963869749034,0.24764949143418366,7,4.700054168825832,0.7987850347562783,0.2566296586068056
178,0.9027485861650272,935,10,0.012769485177809244,0.9677344697479334,0.8660962726116889,0.8331171802134211,0.24565772438336508,9,4.714276210870008,0.16377256977183977,0.71277931514251
179,0.9033631431038046,932,10,0.019828843732414544,0.9277824112664833,0.8815062810943465,0.7360514194478665,0.3874664242722506,9,4.707381698516593,0.7788060607185913,0.9120870857321635
181,0.9021603030916514,925,10,0.019039481741327587,0.9667201233908893,0.9114286524499837,0.7819119038031556,0.251413271690033,7,4.697163980374622,0.15945783115157777,0.689717492434016
182,0.9019207912160703,929,10,0.019281798954266332,0.9539007772023796,0.8758162071494441,0.7827809247323034,0.256115433224173,7,4.706951277326466,2.188087179010881,0.2869849565478296
183,0.903577143949971,932,10,0.019526328410103617,0.9544605249890044,0.8822741073057695,0.8905176834360345,0.2570421186879682,7,4.693023292729249,0.8091793420221642,0.0007543715349430083
185,0.8997120103725627,996,9,0.014240504922509419,0.9563049870605131,0.2007078352815026,0.890491641856159,0.25646412208513125,7,4.683519153590831,0.767530338533391,0.28203866520561
184,0.9001590817482865,936,9,0.013299887115548966,0.9570190449697346,0.28838649378188147,0.7819446142635836,0.24756636703380536,7,4.715125688038327,0.838428647845603,0.7287712697239501
187,0.9021146761494794,258,9,0.015113999545232012,0.9288816047723119,0.8575498924833953,0.7325272340177963,0.3121423660833338,7,4.466504199314701,0.16305761362917243,0.8444736185819557
175,0.896379471701225,936,10,0.01916611460693051,0.9701715211467207,0.8785460115846264,0.6490548557590237,0.279039994121921,9,0.41152912200974656,0.7636526092034402,0.6847280888547707
186,0.9023292501678771,935,9,0.013252989601917767,0.9282845163134734,0.9122320663015833,0.7805041171638155,0.2541696396556247,7,4.7014203469562235,2.5076166783337723,0.8300968781457267
188,0.9025512156754972,999,9,0.014114331748905423,0.9325525739768952,0.9825148825644816,0.7352070882328503,0.3880966134887624,7,4.490035313115904,2.5959619720276814,2.020903681009644
192,0.9033360762994711,987,10,0.01457017805148184,0.9304265274722742,0.8447768926884649,0.9083461731165541,0.22042668374067262,7,4.39483577079419,0.463747808800559,0.0010298170594052038
190,0.9024604319596214,999,9,0.014288167657870695,0.9292364480170902,0.8482451284161754,0.7348831923780856,0.3282069636267914,7,4.433840991379388,0.302181095173302,1.7545416061764345
189,0.902776379240912,997,10,0.014479473855135108,0.8702072547592169,0.90965287212418,0.7355751171556615,0.3311256757995837,7,4.4110294004921915,0.49855472606352924,0.35799417018332685
193,0.9023642752481912,980,10,0.013588044663874149,0.9257044662067329,0.9115073921538828,0.7313872616623172,0.38060798208917934,10,4.461779892604902,0.5105083704328197,0.000370468959404011
196,0.9024060346461177,975,10,0.013138737316059048,0.8703801733579553,0.8204709992790993,0.8654749500716501,0.21974704406466017,10,4.418949897765248,0.4605411754751984,0.0005251273669331564
194,0.9030385494357857,980,10,0.014784438005560233,0.9333699713001251,0.8620525820628991,0.7319580707278808,0.38659359263479365,10,4.498722858844815,1.1098886058978592,0.00041147660968570934
197,0.9023792923606511,978,10,0.01462334429903707,0.8741171594659675,0.848370479217012,0.86463094144654,0.32544585149983024,10,4.99061232137939,0.495677371773019,0.0011467943471028385
195,0.9034510858922762,980,10,0.014589035109758147,0.8816924787409002,0.8425905060984972,0.8623460896040999,0.390700635099235,10,4.250780833481149,0.4924920384419882,0.0003120685382155571
191,0.9027681241164481,993,9,0.01425911390839253,0.9282199021380443,0.8494808623652579,0.7390922385431047,0.669168116437003,7,4.4245260222660665,0.4781521607550826,1.8317247664010337
202,0.8965031531466334,976,10,0.25840561103447196,0.8827801750365504,0.8283672665317955,0.9008161845681584,0.21743060303134853,8,4.300081575217189,1.1043110878539493,0.001186496238360573
201,0.9030555360106021,977,10,0.020738392264897345,0.8720346340798261,0.8199206149703834,0.8660422499452144,0.30317599513170257,10,4.997565155388832,0.4375719203127131,0.0011050667027145782
198,0.9028704216005595,976,10,0.014744182833959663,0.8699355607940806,0.8220786741628017,0.8697140630757948,0.3056520043671985,10,4.9862068404903885,0.5181099731562487,0.0004269899957772657
199,0.9027694137539687,975,10,0.015112185413181562,0.8820290239786029,0.8504154208269232,0.867707015186958,0.21925146650998031,10,4.228864138057065,0.41025632856980443,0.0004977549098667556
200,0.9028454854917793,973,10,0.012681137494955162,0.8849320296294595,0.8378800605536274,0.9123048001336516,0.22775081397243682,10,4.932985573937533,0.4865125320666842,0.0003695639385432842
206,0.892814021681053,974,10,0.27851634379108114,0.8923225672959613,0.8364758707406961,0.9085271588518642,0.40799640671111104,10,4.249567839661055,1.0580025081116011,0.0004705231693654244
205,0.90294207618733,916,10,0.017820812103972645,0.885360381458216,0.8218389157246876,0.9063323229444687,0.42327497502427824,10,4.2549696539792095,1.2109102371365053,0.00096547341095059
204,0.9034103608649799,969,10,0.015303505418198516,0.8877243786272537,0.8371926579080323,0.8848577159464988,0.3077489678021832,10,4.23325467997827,1.0183571577900552,0.0008514982772787013
203,0.9030859368681042,913,10,0.012269664102456591,0.878766499564181,0.8860731290934113,0.7031612922511111,0.4196984031927997,8,4.293805347876037,1.2033246358056804,0.0008096114891935809
207,0.9019734791992299,950,10,0.01772564383378023,0.894558241674085,0.8115782222654394,0.8851442177486389,0.3823576799613321,10,4.225837567342001,1.0685049726021276,0.0003085266155588614
209,0.902343104059981,911,10,0.017878455070653155,0.8936307998143832,0.778854364386682,0.8877953871636244,0.30217140876987286,10,4.179983317355771,0.34232037129990456,0.0009172523720269268
208,0.9022271425755738,916,10,0.017839108381751262,0.8950080471346156,0.8661285892370824,0.9072499874040253,0.40269505654774984,10,4.2421517102142605,0.6334986913301638,0.0008550721603728438
210,0.9032550281495982,950,10,0.017611565284503247,0.8484271215432807,0.8329379169295369,0.8842697421596661,0.385568763769788,10,4.255290622768253,1.0995947017440666,0.0006996783880333758
212,0.9034921219073176,944,10,0.015788572376385254,0.8998732160694708,0.758065711099887,0.8886475476733279,0.3055683547199454,10,4.2052875401110414,1.1105115486381756,0.0008787027868520927
211,0.9017569712186658,914,10,0.015615121787861565,0.8938947624101778,0.8644427759473822,0.9117302546507652,0.3877761538357634,10,4.288532242872966,0.5548673875347397,0.0008449695734452132
213,0.9017209686288394,943,10,0.018236892401698845,0.8435663644749715,0.8189315743330637,0.8942030705655026,0.4139142119625171,10,4.155602287332003,0.3190223345194451,0.0006713190503892801
214,0.9019864877003017,915,10,0.015694242793565762,0.8488629353659886,0.809311989951532,0.8859257707043754,0.41860344198495814,10,4.212037834060268,0.32192222453638347,0.0009279489341944481
216,0.901686154421174,915,10,0.017629630821275322,0.8077792020387471,0.7679175021390369,0.8903068582104381,0.41440041506321623,10,4.243246708600218,0.3182706413306486,0.0009146978261864432
215,0.9028687855511217,951,10,0.01794003705435525,0.8516966758026279,0.781276983697689,0.8892148590756002,0.42039229664069966,10,4.139675728092672,0.6236269803559094,0.0009839051575110949
217,0.9021157273960029,912,10,0.015806996701140687,0.8577361544231992,0.7914252946535479,0.9225151543731887,0.41104600854845136,10,4.180793154792298,0.6184471826020389,0.0007993063395919344
218,0.9033768126533805,911,10,0.015858016450156328,0.8420705008070526,0.7556915434833943,0.9567889724730705,0.4278825445509853,10,4.3315290603697045,0.6360269060267597,0.0015307091236252887
221,0.9025034149358284,945,10,0.01590941947261823,0.840888149074904,0.698316872643198,0.8876726853582315,0.40772021191055663,10,4.042998059156677,0.6488000812398436,0.0015793458168121542
220,0.9022857625872576,948,10,0.015740218648062257,0.8663721744681784,0.81011877606459,0.9189701800861746,0.39912515222891476,10,4.31346147635746,0.6757605039856315,0.0006231097778096293
219,0.9026071751493927,948,10,0.012473074429456731,0.8398427978781764,0.7979915931539165,0.958381608491687,0.43161776137311714,10,4.314559837369357,0.0035067695246511735,0.001765273782528286
223,0.9020721916202646,951,10,0.015638142221423977,0.857926847252624,0.7000684372217505,0.8428720378051826,0.43295550700015756,10,3.955662000973228,0.001159727819400231,0.0016225394990241775
222,0.9019946493992121,950,10,0.012265459760586397,0.8454959205612181,0.8396153872038246,0.8902490211192893,0.4085297185284118,10,4.353377279201831,0.003305763332652024,0.0006394308900951086
225,0.9031296601791071,948,10,0.012164187896131223,0.8562789445181674,0.8755293246923638,0.8493871343225222,0.3695945436777475,10,4.366198093308228,0.9047165687439919,0.0006883142283688476
224,0.9022073587834374,950,10,0.01260820382802952,0.8605444001457171,0.76111725271884,0.8516657428315274,0.3695093369711342,10,4.057390550966588,0.002989701294712409,0.0016221070360541265
227,0.898675845272445,953,10,0.012137378075982704,0.44897200411121563,0.75712241536514,0.8567937799908049,0.3454922234002729,10,3.8692810471761336,0.8730674871760126,0.0013842857342361832
226,0.9030475122075042,949,10,0.01237094733604575,0.8585525294327093,0.8857498572743482,0.9608730953618865,0.36862124765994536,10,3.8957401608326023,0.8449447014410195,0.001525954173922365
229,0.9032746280553121,949,3,0.012375271527371291,0.8603908900155294,0.7470597998746665,0.9672442878588765,0.43954268136127694,10,4.352131130751933,1.0922076940661916,0.0018533996411331493
228,0.9028973548420799,944,10,0.012567193004109769,0.8447092828042938,0.6959082081781568,0.8504240488282442,0.39212869426764274,10,4.006745178679766,0.9159707670264333,0.0017981313302101337
232,0.9026858615864167,966,3,0.012995111721150728,0.9006563527679214,0.7460823754541563,0.8532655149030967,0.34206443084473503,9,4.368558502568124,1.040704792966745,0.000703328860016603
230,0.9029743363577772,964,10,0.013087894486108306,0.900216101232627,0.74717448670557,0.8591428781545509,0.4415004323830201,10,3.9396342490056533,0.8370866432930463,0.0019407317522767004
233,0.9024631354473183,964,10,0.013588007986823605,0.9038377694631702,0.7616388209405439,0.8544226919893702,0.34894442227711375,9,4.554221039540296,0.9377755592129671,0.0005790126344210343
235,0.903020827543331,967,3,0.013571952245347987,0.9019800104975526,0.7271128856242455,0.7049294540358274,0.45929231605180576,9,4.5175959708793,0.9017728225445915,0.0013140223182224213
231,0.9024285606188777,965,10,0.013163621698375169,0.900595411449517,0.7606337659596512,0.8475502139367096,0.7870281685421364,10,4.366441105917363,0.9558402422525726,0.0006478933908504539
234,0.9026545014636114,964,10,0.013360374330937614,0.9004416341677124,0.8830065237333522,0.8517691469573706,0.36805200588161213,10,4.549652252633568,0.8957043119687539,0.0014152703756402031
244,0.8900752291594273,108,3,0.010857914165832847,0.8693806778892534,0.727267423018515,0.9782991726269801,0.4672440712820612,10,4.514390118666436,1.1564719767140699,0.001297712165989493
236,0.9029526166270179,931,10,0.013709610354390556,0.9024274018813203,0.8823660065029695,0.7625180311390569,0.37519138005781166,9,4.541531025415754,0.8232731619614341,0.0003146621349714791
239,0.903010111959237,881,3,0.01004020072559314,0.8298158420085486,0.7263969951882226,0.9485356924858637,0.4682259330690416,10,4.380178280808047,1.0142945378258317,0.0012238861694889628
238,0.9031031977902128,969,4,0.011201190172853176,0.8997151552539271,0.7280103291995916,0.9806337715315282,0.469336951749635,10,4.516400887556633,0.9257577662363508,0.0013370632150787765
237,0.9036094970898663,967,10,0.01098664814640486,0.8237887172408034,0.8834255774478814,0.9589594006820872,0.4574638250046251,10,4.369276032531337,0.935160280660133,0.0012584341012727032
240,0.9030389970650541,927,10,0.011118238571319522,0.8750489657726475,0.8844209850176085,0.9413419018852995,0.3802029423013192,10,4.541493088152234,0.7716742287761623,0.0005883589115559889
241,0.9031164218770202,928,10,0.013972587295605972,0.8211384876732318,0.885913540931914,0.9811489559323009,0.45696837705416427,10,4.516735554851026,1.1080313236422517,0.0011593790744671053
243,0.9027877516925458,928,3,0.010362841472463845,0.8263360209532105,0.7257305683344669,0.696536504391993,0.46867549715842843,10,4.392815102664402,0.7527530943321646,0.0013830930187407615
245,0.9027065946095417,928,3,0.014716419706037452,0.8139892840273192,0.7308696219032409,0.9711301646818562,0.4540319823764486,10,4.511148417134194,0.7467375083594092,0.0012266571521923088
242,0.9028029305703249,929,10,0.011446398810224202,0.81463761057998,0.8810618705380923,0.9786297582720532,0.46507771890659655,10,3.8154125688546645,1.2387737520129551,0.0012767392461361252
246,0.9033842960478056,926,3,0.011316993277808177,0.878780223894447,0.7149838536623366,0.9666852831175969,0.45141527870985687,9,4.396885311492335,0.7254586519225923,0.0011366829979057667
249,0.9032657666149706,900,3,0.009691207252285412,0.9192334197460248,0.714409715193308,0.9579569971814956,0.45786241317384896,10,4.40252126929804,1.1741235095513294,0.001056355355388364
247,0.9021268635851305,878,5,0.011307161802704116,0.831743137440678,0.8617158640055045,0.9503593906752358,0.4536293779951074,10,4.416200143062985,0.4009510111026831,0.001169819130965392
248,0.9025317835404882,900,3,0.010112681062541965,0.8072574826869577,0.8578038880414494,0.9729324628760899,0.4929960043482886,10,3.798740341510059,0.4052630149097874,0.0011518843687552847
251,0.9032210070328993,927,3,0.011379805461150937,0.8244818428878872,0.7188441120441024,0.9711140061874577,0.45932988980917155,10,4.382441492652677,0.7529537915343266,0.0011240405940484805
250,0.902344280431371,926,3,0.011861953241620758,0.819316131754716,0.6732281175669543,0.9869745836007986,0.4607948319256614,10,4.37273787230078,1.234582326097978,0.001187667528488746
252,0.9030486831056315,930,4,0.011128706381113844,0.8197385239076109,0.6759719990828829,0.9845709732717058,0.48739206992234957,10,4.382100499157561,0.6923484753460942,0.0011333267335454078
253,0.9024786265291231,900,10,0.011964852365252007,0.8204090071266572,0.6712806872928972,0.979114096453495,0.43391391527641326,10,4.329259248294506,1.1862712527171164,0.0011202510679112591
254,0.9030915564645496,897,10,0.011163927364127236,0.8018013302900487,0.8841260107634017,0.9479089582530816,0.4484426777676746,10,3.796926021445332,1.2178837173726003,0.0010589435728424997
256,0.9022012011348627,903,4,0.011229077716359177,0.7979755891013771,0.8582062547012398,0.957168203239306,0.4351715301652972,10,3.4078911508421523,0.40050251342325605,0.0024454055983828627
255,0.9028725309351848,985,10,0.011488181944679283,0.828518164594754,0.8692397101132611,0.9709474281729381,0.4936566446591213,10,4.3395065275580755,1.1636664101381864,0.0010184095595141864
258,0.9025156207677236,905,3,0.009628158970275101,0.7869213125952331,0.6687013283821882,0.9649682245567152,0.49691910214343143,10,4.312530731873976,1.241396717999478,0.0021578486124757424
257,0.9029837071156186,906,4,0.009896969333909152,0.8032971235583681,0.7137438591236114,0.9638417204123388,0.4874679434156011,10,4.122915702291405,0.4340551070260738,0.002208512284327662
259,0.9023645017044348,901,3,0.009614051376982374,0.8576027390427216,0.7118630952818006,0.9608413303477096,0.505564825846523,10,3.4840611636895735,0.5883210606186736,0.002106212316983801
260,0.9030652235335215,905,3,0.009478742000231868,0.7923600759654128,0.7127066350939629,0.9920870505091377,0.44014672559850354,10,4.318811912977997,0.5959396050472767,0.0020268205920727063
262,0.9026647649714107,900,3,0.011031761570183112,0.7884391370568177,0.6740124449147434,0.9940273252533989,0.48773401204240574,10,4.1516171538066,0.6770789453089897,0.0021634876141549335
261,0.9031120130118915,913,4,0.009875266496439862,0.8625243344090262,0.6834264994209971,0.9627876029382948,0.5005707534782551,10,4.133347097898255,0.58986815469374,0.0020009629058359538
263,0.9029403470164089,899,4,0.009747983691505613,0.8052800466718415,0.7088906424899313,0.9973575616459238,0.49111608401092854,10,4.141106351653759,0.5811268511009787,0.0020912551565370574
265,0.9016845198920868,885,3,0.020858195208755845,0.7837810873247697,0.7117601459591019,0.9623696628291526,0.4846166176859039,10,4.158602636798243,1.5883577139456997,0.0007892626427984562
264,0.9027522254286081,899,3,0.009696536052253481,0.797285493724526,0.7125123936485946,0.9555493321223878,0.4999686806908452,10,4.182773941685093,1.6636778378909107,0.0007342807239857469
266,0.9029355214231407,886,3,0.009506829103326288,0.7790928492566909,0.740190453491137,0.9998902828876712,0.47536232047410304,10,4.202287814816683,1.7935381648213313,0.0007606134803543397
269,0.9020137354263739,885,3,0.020460180465775368,0.9170377685708617,0.6998967550132538,0.9955310718825665,0.4441276722215577,10,2.8123334095488635,1.7713708340144974,0.0008079449702856784
267,0.9026023863486126,895,3,0.020738645464395668,0.8029628371475326,0.7099205579398213,0.9944639447290414,0.5119018545460058,10,4.214609602477482,0.579982158124648,0.0008164953544484814
268,0.9022318289047137,883,3,0.010721762738285186,0.7717688507034068,0.740304623285826,0.9262493366086622,0.4415736218268016,10,4.141530067173218,0.5800039401870172,0.0007961554565398141
270,0.903117780462447,891,3,0.010304163679381088,0.7770690618219176,0.7027970844723523,0.9338082715015528,0.44161302173644346,10,4.187775972546358,1.611576820600896,0.0008459739473251521
271,0.9028918277589775,885,3,0.009584901339551834,0.9170793043445636,0.7054858879524003,0.9947654372645498,0.44029240788580254,10,4.183316713573337,1.4984269796746164,0.0008048937165034382
272,0.9027003312965904,885,3,0.010070117790795106,0.9214819329302856,0.7464597224083208,0.9366404938580442,0.45436641489852575,10,4.226048031760026,1.6026255311093531,0.0035812447672752996
274,0.9025291806239932,881,4,0.010108895561821896,0.919945240882186,0.6541371797936617,0.9321516307941395,0.44495402451107174,10,4.24834085458224,1.5928850199782714,0.0007882154346170609
273,0.902743389606177,882,5,0.010505730311459363,0.9182864292030894,0.7456129277632478,0.9320602321808802,0.45044955120887503,10,4.273944489240718,1.3472884596406334,0.0007975778520042553
277,0.9025536293843418,865,3,0.012191534996267553,0.843089694879775,0.6891180515208545,0.932352331503424,0.4516786889635608,10,4.436721647812051,0.9997789880197474,0.004212981698300534
275,0.9034090469778651,867,5,0.010545191323305643,0.8413609586103595,0.7406706161902762,0.929580458080402,0.45163615976623556,10,4.266107970070313,1.4720057369163766,0.0008497748777254471
276,0.9024636204392064,867,5,0.010570974199925746,0.9196587230012149,0.6451212191781475,0.9299172449123743,0.45272924030022305,10,4.441236718830659,1.484322884159356,0.004365744397991955
280,0.903270221546727,869,4,0.01462038410273109,0.8421931571336584,0.6484888593971753,0.942225887716308,0.45271627692236993,10,4.46584805617925,0.773011157865686,0.0029895893132830284
279,0.9030652497595717,861,5,0.012112428224632378,0.8415863111418227,0.6490439756749491,0.9398894905262997,0.4500570039399186,10,4.419841613937016,0.9790092516443142,0.0009798360238480977
278,0.9025733943241292,929,10,0.01071962561153066,0.8438439579758419,0.8915072294204708,0.9314343404940393,0.44357893409483,10,4.295109876025552,1.0093153633824097,0.000992264098266502
281,0.9030477027074527,933,4,0.010518120032125686,0.763633133952289,0.7496865676616816,0.9289882524245199,0.4540823982958185,10,4.418355625816784,0.774797398330029,0.003835041323511762
283,0.9027898794994323,863,3,0.016622390546663233,0.8482399326301618,0.8377789311176532,0.9447313171575215,0.455552069090712,10,4.458414994762937,0.7739909110684889,0.0009449732503465475
282,0.9030729123273323,857,3,0.010434637116250783,0.8390082367826107,0.8389911758099496,0.9417298586564118,0.44920956239907983,10,4.426754644339765,0.7684413088983539,0.001606351765929847
284,0.9032555921237074,933,3,0.01497843948321619,0.9454709116403718,0.6917463503170082,0.9405341061520951,0.473376962111055,10,4.445988578736865,0.7551855390152025,0.0009974679529879617
287,0.9025486112386517,937,5,0.01688187495057802,0.9473290098544359,0.777141542945876,0.2895954026245088,0.4753031847974772,9,4.054910806130828,0.7284822932045473,0.0015014654056345973
286,0.9035134522002334,861,4,0.0164439938878134,0.9470014802096453,0.7760691854342563,0.9503723558667335,0.472939885577544,9,4.040703884004336,0.2569729502868022,0.0009524446545148645
285,0.903153552415065,933,4,0.014326049921799706,0.9491992631754462,0.7738274388540837,0.9565553890790301,0.4751487387931038,10,4.069236578415618,0.7813163997653836,0.0009802071090637338
288,0.9022687427167597,854,4,0.016739704009506286,0.8413458759012337,0.6919503856735576,0.9501290914389263,0.46756259884025997,9,4.021642343546181,0.23324669235640907,0.0015961780956462168
289,0.9031391178249935,934,4,0.016934935595895595,0.9466737565219058,0.7694535810507348,0.9477672519222985,0.47333148274366144,9,3.9900837951883026,0.22887980014905943,0.003068047008510287
293,0.9031960502473488,461,3,0.013998935166509277,0.8643474786545455,0.7730956271198295,0.9696246602875274,0.42681057010905665,9,4.629137822260118,0.2158073420781268,0.0016049291959039612
292,0.8918759183678683,941,3,0.014729460131501245,0.23931696348684128,0.610150935076926,0.9763586171303421,0.47841292914031536,9,4.0517376580642726,0.4997389562269119,0.0017826322706164166
290,0.9035246766457219,938,4,0.016799093306272626,0.9413343792179223,0.6906159111189053,0.9530160097825757,0.4780175603821988,9,4.024122393542801,0.7603978826787923,0.001535863939612842
291,0.9028003994143852,942,4,0.013858365649726189,0.9467618829797121,0.6828259187228559,0.9581182950963032,0.471458003048243,9,4.001270507694819,0.7272111980114133,0.0015048612782945262
294,0.9028521027423843,941,3,0.015031437529439366,0.8632763903553661,0.7779195211925674,0.9140589750693309,0.48122582195410296,9,4.030689035146411,0.2609412061290631,0.0015921415625234747
295,0.9022081278528622,924,3,0.014859791061964427,0.9435336150783497,0.6935282397881234,0.9183481956546667,0.42373723547904896,9,4.306422277055678,0.2487568287199547,0.0027896435321738923
296,0.9026297977404425,838,3,0.014799827601341447,0.9471749269193668,0.6120463810179174,0.9082173613531307,0.4661345803258128,9,3.999269906856563,0.31555469039902,0.0006108070634221307
297,0.9028771973477298,830,4,0.015186509095966118,0.936733985764967,0.7779720700145176,0.9127426841230246,0.42627537339016963,9,4.002922450927684,0.34415358356847403,0.0005948437628756155
300,0.8934031188262356,437,4,0.01493542767790955,0.23495773785792873,0.7756013981834224,0.9512747532079231,0.42926166732372545,9,4.022675380397616,0.26954929880400014,0.025763669295105793
298,0.9022811738646356,945,4,0.014809567578114708,0.9527818233716803,0.788745930121353,0.9201118224125336,0.42810823358520467,9,4.007354710498029,0.2705620294487724,0.0004977060609359476
299,0.9032626743735882,947,4,0.015065771679561206,0.9458321480468577,0.770326975953701,0.907809104661427,0.4765746073960456,9,3.9630441046576976,0.2502194568404519,0.0001444499354452322
302,0.9031117372962836,519,4,0.015268072689946156,0.9395128273523745,0.782300005949681,0.9103927782255363,0.4264239792691051,9,4.065184849185837,0.29129496817306805,0.00048750653373800574
305,0.9026394711241,441,4,0.015832387946973087,0.9337676002433142,0.7616885846237595,0.9045224223552704,0.43333568683214935,9,4.604432956774004,0.16118973148201984,0.0010157261586524542
306,0.9030400145217822,487,4,0.016270371247388327,0.9348367798265255,0.785555634354438,0.9732392990771946,0.4261161848842119,9,4.619962621108896,0.1809147370985401,1.462422082374168
301,0.9030769198198639,988,4,0.014898941366905814,0.9408585280088992,0.7876444012575325,0.9147240427785115,0.41915015663682076,9,4.018945809076393,0.19104166729062563,0.0030002900543943125
307,0.9031406779329118,407,4,0.01619319792377614,0.9974871062666888,0.7875341820974177,0.9630149463542061,0.514176583256384,9,4.591165356464596,0.19596913237607147,0.0009938903004827514
303,0.9031574708150429,988,4,0.015278961654870566,0.9383609502836474,0.786952110276379,0.9170012514019745,0.4270860363346717,9,4.62959530543952,0.26693391540460115,0.0005088428936577495
304,0.9034824159121367,980,4,0.01569237770416601,0.9358980347581772,0.7945601294084536,0.9167717066057314,0.42887772335839497,9,4.621150961882572,0.1579187799317451,0.0005732770577111685
309,0.9027218330850703,539,4,0.01646381571554385,0.983081661868778,0.7605178488809239,0.9645964614025169,0.5194882563145847,9,4.602051161754196,0.17969021861951368,0.0009639506713133504
310,0.9026619081563412,405,4,0.018979906273331397,0.9922966153039695,0.7590888222838843,0.9693246957395385,0.3988552564084508,9,3.8834084493668177,0.1814601485772119,1.56138559778935
308,0.9024285596306496,979,4,0.019125403120821737,0.9791297942639878,0.7371509983055463,0.9634762274806035,0.3993767271759733,9,4.599146718567248,0.1792742861273936,2.0035639731634176
315,0.9010376499506737,353,3,0.018242154405393007,0.9601825328909886,0.7308363518648704,0.878951311881462,0.2703600158177877,9,4.648543998354355,0.4069730609158608,2.1388628262455103
313,0.9018212022368128,981,3,0.018984814427452368,0.9835448129081742,0.755358602613658,0.8784535374680875,0.2273104848869709,9,4.598944003814484,0.18327109685732135,0.00014289237194444206
312,0.9032319439800617,994,3,0.01910642502338778,0.9788458668410775,0.7363875631457695,0.9692616455669906,0.39758635675541587,9,4.638839708931089,0.19096590263104912,0.00017109675603030176
318,0.9026086213070224,367,3,0.01847487791079801,0.9656374480640615,0.7397697937859933,0.8943149117976352,0.4647318978195869,9,4.312210062268885,0.13909804703334608,0.0014007798931756942
320,0.9007287827907728,211,3,0.017596644273525197,0.9544908098834121,0.7347890666313404,0.8999592889699948,0.4614360045212742,9,4.291587999876546,0.3829236073938422,0.001329760102895004
311,0.9026373592048784,986,3,0.018781454557129866,0.9667569819930283,0.7580601408498114,0.9666711358804422,0.5302608769985347,9,4.597073613315709,0.16688617423052302,0.0013218987872904233
314,0.902795251506759,986,3,0.01913466388455351,0.9829783300349967,0.7347339388267057,0.96728245073558,0.5146941250693583,9,4.641423181743049,0.42677068727313794,0.0013782350371747754
317,0.9034912377473413,1000,3,0.019248969825004965,0.9828329782172257,0.7380179578702708,0.8985580668969172,0.3974122967635065,9,3.9065641086287872,0.20789509905401382,0.0001169144733036273
316,0.9014417923226423,1000,3,0.019167681990305527,0.976296278716768,0.7321196592581113,0.8976139607657048,0.5326618732939591,7,4.289818050178161,0.4762405892164372,0.00011393021109047415
319,0.9028282587775627,964,6,0.018564927920832936,0.9657234389222376,0.7443965704918885,0.8986045606048723,0.3968150184456636,9,4.316071912066442,0.14713069765651923,0.0013439996269427221
321,0.9020988903476823,958,3,0.01816387605433167,0.9625980820488224,0.8038385649460843,0.94162609995332,0.4655025090783052,9,4.282196811427721,0.15247206137938646,0.0001767297343457518
325,0.8990818037793973,993,6,0.12325317448407186,0.9624891386444506,0.8055103293447577,0.9424306893402694,0.4821466355977629,9,4.474124573313574,0.1483143950341529,0.00014006802591769966
324,0.9021650948571157,995,3,0.01734916312328437,0.9687140380848648,0.7224592509965116,0.9408839012966509,0.40970544615904214,9,4.4877778199413,0.1061698657083204,0.00026380907989764313
322,0.9026559978688331,919,6,0.017504622176972635,0.9706606120546211,0.8093191231434744,0.891321730048825,0.46445836672238383,9,4.318988659526294,0.14426763025622696,0.00014248601996083154
323,0.9025995225399296,996,6,0.017612841894283603,0.9707096654733792,0.7425092292673706,0.9450735833505997,0.4020632821324401,9,4.304817403611639,0.1356747817573306,0.00011905141886631038
326,0.9034224718269884,965,3,0.0171575776924622,0.9763514937075762,0.7187133084071657,0.946401462720767,0.40068853312053565,9,4.471204080933872,0.08939460367711646,0.00010783118316204305
327,0.9024094186428083,999,4,0.022515899296414597,0.9713841495942059,0.7985009108315924,0.9411886555662884,0.4028622709485614,9,4.4808272466583565,0.12106532167414798,0.00014020860226677897
328,0.9025090396254487,999,5,0.02087694583681706,0.9997620433710032,0.8331416314600559,0.9255829631108305,0.40099203571566755,9,3.8516049475386125,0.11415014848096382,0.00010550589840318652
329,0.9021027199591767,998,6,0.0216808202860247,0.9704343992130573,0.7492962828814105,0.9401404346049899,0.4017165127014371,9,4.497212753706527,0.13669717001722922,0.00013452070647530825
330,0.9026847293051985,964,5,0.02228558804895472,0.9219103622051392,0.8323823364392573,0.9272000176161304,0.4049853696737541,9,3.9109706085519322,0.11294435678970811,0.00015979977441511054
331,0.9018253000381791,994,4,0.023500070440438326,0.9268891218531184,0.8056411035901984,0.9242624862945167,0.4061927207200191,9,3.6996362441657924,0.09210526655651627,0.0001461611888628586
332,0.9026540149513724,971,4,0.02188742296533345,0.9948854863825282,0.8487704682591538,0.5086580112672844,0.2019881387977905,9,3.747545430698356,0.31109017614744067,0.00014364349366738832
333,0.9026211422316097,1000,4,0.023713391772539928,0.9284828579505846,0.8301622244572588,0.9259140445604818,0.4041264320018517,9,4.793864528938958,0.21701416236378354,0.00016820560787507324
334,0.9024104749825067,973,4,0.021571186930568434,0.9977046681910788,0.8260351736301399,0.9221842123950026,0.3955168727434882,9,3.9001075967523673,0.22467692736932135,0.00012453186612065622
336,0.9028726784092072,965,4,0.021977205277415635,0.9989274376043105,0.8310251384611917,0.9241456276256619,0.20771994315996306,9,3.7030838875999015,0.3384060829330256,0.00011155012105767502
337,0.90178879253987,966,5,0.020739691370013823,0.9988452579112375,0.8501558964356526,0.9228489925566703,0.20604390019997915,9,3.8969687923424208,0.03621553174221713,0.00010132404903151071
335,0.9021037357055102,965,4,0.022490512296432723,0.927862330230673,0.8504350517077467,0.9227520189727835,0.38336178219712896,9,3.8861695619226957,0.08468918394380848,0.00017855408684273004
338,0.9024024283741477,967,10,0.02409951586414755,0.9177586884773081,0.8378593632339587,0.9276404009407383,0.2057296048034331,7,4.179508846254062,0.08804446677629646,0.00022792259923640638
339,0.9030875077705126,962,10,0.025357762089775797,0.9240154092154532,0.8460356809299938,0.91951279083788,0.20387562650104019,7,4.134986758941902,0.3263212084870574,0.0006487307718040235
341,0.9018247882881179,958,10,0.016568435687819787,0.9236398153371906,0.5859663938814816,0.8804441516677954,0.21195061272753446,7,4.118415646997414,0.32560648783439433,0.00010386212354416397
340,0.9030951297449082,956,10,0.016493576850724966,0.926059126823829,0.8427722458976753,0.9210897177393613,0.20207505629579914,7,3.697915637290047,0.5096456351431273,0.008845071614298072
346,0.9027111347569573,949,10,0.016933164638942223,0.9143861461313589,0.6598657083958102,0.9144864566453204,0.23723694878074486,10,4.132757389216556,2.302776674901993,0.0002017887436046757
343,0.9026423124315919,953,10,0.016482684541964693,0.951820197453331,0.6603913157687361,0.8769282743957123,0.24096526202399915,7,4.123444023058518,0.07444238282934086,0.00021306730842492874
342,0.9033253123682237,956,10,0.016312955330578124,0.9261424394678456,0.8245056085500149,0.8759610929214771,0.38110435285244015,10,4.113025080211137,0.5443137243177745,0.00019474058885323307
348,0.9025292767101604,947,10,0.01642167146583506,0.9417425655037494,0.5121829918672121,0.8756754770759707,0.22958782433199476,10,4.110168202054328,0.5955801130575076,0.0005888020318064499
344,0.9019093444192849,954,10,0.016238828167450065,0.8859871088320422,0.8506981384196126,0.8742455583507776,0.3823456236906851,10,4.144836904843478,0.5112941735517234,0.000643465864386508
349,0.9021535675577586,950,10,0.01631775670983988,0.8861361970981191,0.6569836870919172,0.8991671140552123,0.2391060704772455,10,4.1365697739150615,0.5449368753888045,0.00030887396905413775
347,0.9024796143010029,949,10,0.016426141125434883,0.8898699941103038,0.7201880726851205,0.8841840662062675,0.4398013040737149,7,4.154309617787952,0.5402921735100897,0.0006317706915799906
345,0.9023100356710774,954,10,0.01654310947447237,0.9478028048483547,0.8507015519934895,0.8763618116769336,0.38076811033460445,7,4.137135555826552,0.035533758668935315,0.00021167565332690704
350,0.8947288936395458,947,10,0.1636005579265732,0.884993823120923,0.6611172459992739,0.8977141672151675,0.439259034951274,10,2.3880186530636034,0.5484200621979783,0.0005062215939526576
351,0.9031262858366436,944,10,0.016062305773272143,0.9518834470594812,0.7219553476069531,0.8983712740309024,0.22967704699319486,10,4.41264944013043,0.6465497514945284,0.0005201361017088573
357,0.9002007702218509,919,3,0.19784253584800224,0.9073152756287645,0.3398874462867488,0.895285021671519,0.43834454805516726,10,4.4026533999869315,0.9344429686756958,0.00040837522158709177
356,0.9031661991486766,918,3,0.01545911189777091,0.8853077856181186,0.4798170701509713,0.8969131382909198,0.4376833649005784,10,4.379383466564546,0.9910642121903029,0.0004334334908501493
352,0.9032670237930027,918,10,0.015996470074148478,0.8846512503822741,0.7153321526738529,0.8746331678468596,0.43905424289789385,10,4.395914293453546,0.6028335014924411,0.0003044516282670258
353,0.9021491133861776,917,7,0.015845809274567493,0.8851243421004091,0.7220170868845706,0.8985557620365948,0.44137119745459347,10,4.403934962554292,0.6404753651630252,0.0004196708686786067
354,0.9025536801640568,820,10,0.01670390657870424,0.8848470280999134,0.6902189786189503,0.902377750175317,0.3793484809031731,10,4.404321824644651,0.5631385067487142,0.0006822908574351404
355,0.9028549752170665,921,10,0.015628474772095554,0.8855578443083062,0.719325725415283,0.8977241892320317,0.4421924236866276,10,4.380638010712386,0.5575486530341432,0.000405165154677896
358,0.9036177384551557,815,7,0.0198184426858563,0.8993214808580018,0.7601118432132222,0.9054033218671642,0.3807541432179164,10,4.425861149264225,0.9504723173108027,0.0003929957713567147
359,0.9034495489697069,809,3,0.020053870483380497,0.9096670723036817,0.7635075752829611,0.9016941918950281,0.49569534064721,10,4.403318138265105,0.9576344136127953,0.0595440162646422
360,0.902766785979739,816,7,0.01387397710743741,0.9026421301689077,0.7688956082638141,0.9031793062982789,0.4798709004277653,10,4.428035874745093,0.9660801724143249,0.00031132973172694087
363,0.9019075909227519,806,7,0.020049921499265832,0.8685596574159266,0.62530030092102,0.5412159223697177,0.5017866052058059,10,4.245050075652084,0.6948616658083288,0.0009284284851482441
361,0.902479076400909,916,7,0.013868392378510183,0.9005900092870947,0.6851292308159634,0.9056059411194887,0.48389323068005,10,4.384932198505636,0.9448132442092436,0.00027058898021192746
362,0.9026210684945986,920,7,0.019773646726891587,0.8728212477575252,0.6893451921700858,0.9517327747187423,0.4919189016879537,10,4.397227479634093,1.0916139765800332,0.0008578557989586648
367,0.901495125162571,927,3,0.08798348097451605,0.9049328934783162,0.6366348582967712,0.9512647260022694,0.48969579654679185,10,4.2487135531820766,0.7780251826703258,0.05500237329466372
365,0.9028775792598372,816,3,0.01378501052552643,0.9033563139621889,0.6859230370724952,0.9526412256644852,0.4853542979092117,10,4.520793118448237,0.4171171955989205,0.0003000175324022551
364,0.9026980543432954,917,7,0.013934886384858326,0.9060588841547232,0.6879462462476907,0.9481633583687108,0.42011492493706626,10,4.514389798324251,0.4382173847544958,0.00035999318932886164
366,0.902792751441992,926,3,0.013728919539499604,0.9056076138027997,0.7117156058609538,0.9472621312548802,0.4890554132521544,10,4.528127772371414,0.4233880783902405,0.0002370019876853324
369,0.9026927634466814,815,7,0.020779797703850713,0.906633925245058,0.7580181035510283,0.9504592977852667,0.4186845465528161,10,4.541012531088973,1.2289426722024959,0.0003635832936386592
368,0.9030372067380241,977,10,0.019686328806892472,0.9081853010542357,0.764006158742868,0.8651457472757355,0.424406031765329,10,4.516549236647891,0.40637004628621903,0.00030609748992508885
370,0.9031808273554155,821,8,0.02058398096144018,0.9059490547936487,0.7515169865852032,0.9481551122205741,0.42133613334658104,10,4.546972904802233,1.262727273378118,0.0002954208225711206
371,0.9027525747291921,806,3,0.01964310209496933,0.9065087375764004,0.752060275125399,0.602247478565683,0.42288932268322715,10,4.524667028790454,0.8221203183096281,0.0002503858716286972
374,0.9024380035933793,844,3,0.020514011254850705,0.9060405937036716,0.7629249099328235,0.412466490216905,0.42063093965910314,10,4.516336752672335,0.4244753068721823,0.000326116943859044
372,0.9029711811738738,824,3,0.019851005040827808,0.9098096739562419,0.7543565688757939,0.8742615360711824,0.41353121003778176,10,4.55136949773383,1.2159199394110716,0.05484211053347621
373,0.9031334377185883,822,8,0.019900612595461165,0.9086947682551956,0.751397252041465,0.8715542784525501,0.4164143599440808,10,4.24557319277943,1.234251852366652,0.00034109135655724485
375,0.89749801335768,842,8,0.020012037253888122,0.3656847631282073,0.758415458761765,0.8743087561545533,0.41453451144229836,10,4.552805173788393,1.2940451041677152,0.0002563329214164397
376,0.9027975587910511,809,8,0.019754610492490263,0.8678245304412628,0.755873867508342,0.868169166804126,0.41685637739459047,10,4.509065833086446,1.2513359461377367,0.07035771264149565
377,0.9033857450941017,780,10,0.019236943141603728,0.8722487178018252,0.7415003236592713,0.8807741257240254,0.3634990465891461,10,4.705127177305522,1.380210586159922,0.199991787771653
379,0.9032663955840745,802,8,0.01848668108066425,0.8713739381608041,0.7986489820577908,0.8740747353183531,0.36729195633030765,6,4.728133841479017,1.3223551554291544,0.0018919470050207652
378,0.8967649215128048,843,8,0.020079056411249862,0.35970362135776296,0.7585961482818406,0.870155715744676,0.36371576912814035,10,4.260808536610911,0.806413682384379,0.0002548418984005024
381,0.9021679690802011,836,10,0.018294370080873947,0.8712102246145457,0.7965856542950648,0.8649897188977026,0.3703153981506529,10,4.737015649456816,0.6716132103779381,0.22879669608625677
382,0.9026791046155781,845,10,0.0180210195425872,0.8667627294551977,0.9062860516130652,0.8684545834094809,0.3755415341505884,10,4.311597504631177,0.7118316984602167,0.001945984270425202
386,0.9027303707667201,792,10,0.017567967219773727,0.9319809793285452,0.7984066962024584,0.8850136483188832,0.36035146478542873,6,4.725663236546882,0.7207493098268302,0.01599391325756608
388,0.9028122104111915,789,10,0.018164115130316717,0.8471342250133312,0.7868079208817057,0.8832244087976231,0.35638074506589956,10,4.765785571686794,0.7191527391912924,0.907984805707585
383,0.9017798253591343,783,10,0.017815511144177953,0.8633208369578058,0.7926430391636404,0.9788130857591314,0.8967081001620683,6,4.713684012061681,0.6671065744764237,0.001878319953107924
387,0.9024976457368696,977,10,0.026187667220666653,0.8703382389972207,0.7925900931369888,0.863336918193855,0.3616568002393285,10,4.739962638610444,0.8195962889285268,0.13996441281106858
380,0.8962674309733394,975,8,0.017995242649826285,0.8680754911762412,0.794587805891062,0.3953169764664435,0.37270771347437137,10,0.6663974671763371,0.7857707403075056,0.15656136541092636
389,0.9023467544221226,773,10,0.01760583291890212,0.8537673774801097,0.7968912074039892,0.8913626831553868,0.3880119930073564,10,4.775855008565139,0.707794397371759,0.15101004243417798
385,0.90140316925627,789,10,0.017904983209376377,0.867822431556633,0.8049469994067244,0.887083759944747,0.3644844779539452,10,1.4467109564454936,2.014764313263374,0.0019187403639315652
384,0.8992009094251652,843,10,0.017907656623780847,0.871300840650641,0.8125845788259611,0.8832210331469205,0.35959758963879934,10,1.6126274827858222,0.695853202426497,0.0018261152787721335
391,0.9030388992684923,783,10,0.02428024747841784,0.8338698456890367,0.7856874816337099,0.8844416226775413,0.3304796313460138,9,4.7542896686837555,2.0061526408731223,0.14373731097940864
390,0.9018983412608476,975,10,0.017485525212288293,0.8303713760446049,0.9066818043688225,0.9093545155078231,0.3882941228210881,9,4.705038703201459,2.155879656676272,0.18846666899734432
393,0.9035151470112275,773,10,0.0265656114504702,0.8584917124111332,0.7369933070303811,0.9098252398116854,0.3821839321644762,9,4.636664545960051,1.8179940210570444,0.002461204644275052
396,0.9020694653273065,863,10,0.024770528544897148,0.8515979034038037,0.73491211742422,0.911029172856459,0.326805344579835,9,4.225661049850185,1.8491052891235145,0.0004992922731857184
397,0.9024574244017755,773,10,0.028047450800404317,0.8314610582843133,0.7449908585554893,0.9097171914575791,0.3176796546649866,9,4.21999389332788,0.9105518456697073,0.00043916807970388946
395,0.9026387889427202,978,10,0.023678267545864936,0.8476594356313789,0.7362614634439539,0.910162500843726,0.3232771362786132,9,4.650608423573113,2.379113901704569,0.02041846213411902
394,0.9018486385623954,977,10,0.01779587968589328,0.8507619794965806,0.7349633783765039,0.9050295463555321,0.3318508886033086,9,4.22653772044274,1.938898748637182,0.19657436229676578
399,0.9036546383559922,980,10,0.02459599783272075,0.8376900877971548,0.7450121756632216,0.9194637065561064,0.32982625495987844,9,4.216242495638428,2.0559612322105814,0.0004736618616794118
398,0.9023237477144568,748,10,0.012892667427351893,0.838161518837456,0.7320085970066708,0.9111705224755172,0.3059825078146074,9,4.229230911548803,0.918459452864643,0.002644136392646841
400,0.9024887763146868,975,5,0.014812768920104448,0.8877415612451334,0.7355417179575792,0.9089437284362027,0.32128792539913414,9,4.646494035340344,0.923028872514463,0.21376460374064693
401,0.9028701503699864,737,5,0.015379267455418108,0.8839457048229691,0.7329387211767577,0.9112729141308382,0.31686276004746555,9,4.2075524888376,0.9131612950736313,0.00047356441950637646
392,0.8976273239777435,767,10,0.026726553580863895,0.8347949764469202,0.7373201116167974,0.8883126824601354,0.3298181763738451,9,0.6955364256333358,1.9313985800597615,0.0026674016938341588
402,0.9024870787670611,761,5,0.027140078930183487,0.8517134063837154,0.73501958435857,0.9183963681169954,0.32383277885233097,9,4.666785680307011,1.7066596783697334,0.002635771394980211
403,0.9025593803390917,796,5,0.03678784579453989,0.8903609753465458,0.7445353607583484,0.9323516196578844,0.2671739068737579,9,4.638604694514402,2.625300342784475,0.0027211794551078704
406,0.9007485353397018,758,10,0.02830538180719409,0.9356870016936997,0.81716652851485,0.22097823037415693,0.3847649173377709,9,4.6885391769475575,2.7346519714889164,0.0024900377093164425
404,0.9021132922502128,755,10,0.02601775342750913,0.931298823174986,0.7716686485253356,0.9327571274438705,0.2874809302906917,9,4.619640160696374,1.6013823337272173,0.0026882417607472222
405,0.9027658074059813,743,5,0.023241972214917816,0.9319845317525559,0.8693094401375226,0.9284458201805219,0.3923494424617437,9,4.805810617068005,1.5264036121903068,0.0027308263807562265
407,0.9024231095533125,981,10,0.027545926195233567,0.9375993434848536,0.7771406499672062,0.927874506345445,0.34875381633390484,9,4.03037140969165,3.9585940488560944,0.0007296539748933064
409,0.9015079610278155,739,10,0.028351758338672643,0.9313167412893619,0.7788981962762233,0.9244869709478739,0.2945722027978707,9,4.062506977280847,0.06281542756748128,0.0007245189025860655
410,0.9019633784449781,756,10,0.021978099263583472,0.9344664001944741,0.7728590659981435,0.5738282789349536,0.34498585921003877,9,4.053982116037706,1.7209984437366999,0.0007175487742088201
408,0.9027989807751039,978,10,0.022831358207292797,0.9337218828908829,0.7701482127115389,0.9288897377238539,0.3407650628995732,9,4.053354057147582,1.534997202990544,0.000760526949937839
411,0.9023095588130658,982,10,0.0252889522664452,0.9302831172803779,0.7641214222209284,0.9324062121372406,0.3460736753057793,9,4.073055594502141,2.6225709884145876,0.00065025380966035
412,0.902216167619643,983,10,0.03598429572843239,0.9314816627250796,0.7715306591908145,0.9345161678427925,0.3486881201612401,8,4.07980075645488,3.4706123099464397,0.0006856674336933483
413,0.9028677602265784,763,10,0.02873494365927672,0.9335068383590033,0.7713094799307519,0.9375335790280878,0.34187049471784847,8,3.9814302530142713,1.5548290203379556,0.000723226139113575
414,0.901589713100084,978,10,0.022285449520933965,0.9256074031283033,0.7759492566176441,0.5700551393879757,0.34492860959718,9,3.9428987353053278,3.6201645237794673,0.03252303366867286
415,0.9022670719273073,977,10,0.02271489893078386,0.9553439962191854,0.7787404651935925,0.9305222659134247,0.34507245156714506,8,3.9568642839784998,3.0861223337682544,0.0007354447929354901
416,0.9030397580386114,977,10,0.029474591767488158,0.9788746840835904,0.7718640785074852,0.9844549039866535,0.30433204591481194,8,4.082064892353061,1.383755346888077,0.000744302775056559
418,0.902540560145258,967,10,0.023113629967287955,0.9579424919459603,0.7047317697414475,0.9776625399627717,0.35265580623639314,8,4.352448293558336,1.5490323098895216,0.07564298663565036
417,0.9027109170427305,966,10,0.02248242248088515,0.9544702821116089,0.7745455774133737,0.9845258440978327,0.3546969399644444,8,4.30570369015325,0.04925921979333469,0.03491341101485482
420,0.9031760101240763,965,10,0.024980922394979725,0.9837838096799412,0.7163550281828445,0.8912183338954666,0.3880717955246271,8,3.9435573190762323,1.3879361688897722,0.0011859477982203701
419,0.9020340702696383,970,10,0.022557741349589787,0.9538608964832003,0.7110680680694428,0.9848422635056715,0.38259567554476037,8,3.950691324112502,0.34714107003817346,0.02995571461147367
422,0.9019935301169928,943,10,0.030371130504923648,0.9801513148821612,0.8977524971346352,0.9833716813107429,0.39260527013515506,9,4.343222277383309,1.0796906815110014,1.397593415034163
424,0.9004878550125417,939,10,0.020710816692727795,0.9785447967617755,0.71395196164065,0.9790929090327267,0.26530821594855786,8,4.350438727678735,4.999270105682834,1.31627843078834
421,0.9000856165758127,965,10,0.02159726700876495,0.5657104361919127,0.7102061150068445,0.9767847060616963,0.38336821842605745,8,4.327354857674018,0.35181083808657215,0.0005554482155912852
423,0.9017822313141899,938,10,0.02128795986502633,0.982971636868177,0.7125179407812706,0.9846234281012418,0.38476339822617345,8,3.9314809995745366,0.35141393680575894,0.0288873133707556
426,0.902534345559548,945,10,0.020915548853476747,0.978366369187616,0.7048654945898399,0.8451286894732677,0.38981145387264726,9,4.3396582611041605,1.0788722939853566,0.001056531435863312
425,0.9031941604513716,943,10,0.01923637702544349,0.9773470373425865,0.7097489114877285,0.9818309625165361,0.38138151820546246,7,4.332378531461305,0.35279321252075413,0.0010964305091423871
430,0.9024642064584013,934,3,0.02084499115745881,0.8172243296184415,0.8636862795998289,0.9600759200281284,0.25641034421438996,7,4.337661323054495,1.0640927989415299,1.304636049866068
428,0.9026693548342959,939,10,0.012615502543522844,0.9821905891861604,0.4159896894788705,0.7517009512693634,0.3909237515393261,7,4.845891051597347,0.2697971868384707,0.0011981104620158282
427,0.9016339255839394,939,10,0.020865810321007854,0.9788623948397103,0.8716488049479924,0.7497622544228202,0.38689394339402217,7,4.348506532315765,0.35534376041077276,0.0011494455190776242
431,0.9023249255301797,941,3,0.02104697578575925,0.8216758115262146,0.8740055629911636,0.7505875758718221,0.26582708021641477,7,4.86385906908187,0.44645259738742454,0.0010620738050456384
434,0.9029367011393022,935,3,0.018847569335583375,0.8936057672614557,0.8712514540258395,0.7519091012319377,0.2919664764364444,7,4.819634186583782,0.4748717146506245,0.0010817828917561426
429,0.9021063079109201,938,10,0.020731100863529077,0.8217769240900531,0.8747322193143662,0.8379885238610962,0.5658838624489183,7,4.874055383590886,0.023213340617541343,1.3410058282805617
433,0.9014616330519143,999,3,0.019360054389299122,0.8154566807336227,0.7466376179817115,0.7462709911400593,0.4052910121154653,7,3.8215699614055385,0.5102363575187788,0.9669397713789439
432,0.9023210446068477,941,3,0.01927338980928707,0.8108320795176746,0.8646796598874844,0.7524982147312745,0.5489956935142367,7,4.853245222635201,0.4832284860485958,0.09718339918001251
435,0.901787618829094,1000,3,0.01680263865286461,0.8165504168788791,0.7489627656091458,0.761486875170238,0.29116747021654904,7,4.458461288342116,0.4610999373924131,0.001367305301777903
437,0.902902216771731,952,3,0.01679054332976114,0.8941727444386378,0.7521015053573165,0.8966475898146142,0.3029706310733008,9,4.8462571050748755,0.49571555495285824,0.007010812024710634
438,0.9026886104945919,995,3,0.015821718355606272,0.8969711507374144,0.7474376997833604,0.8999882712985862,0.2777399243685292,9,4.454835289121736,0.4950895425675744,0.5720680917990708
439,0.9027036838220207,1000,3,0.017013083203034858,0.8910635718905323,0.911997485604034,0.8992812013319997,0.28182323518943975,9,4.467368551585698,0.45182987515822026,0.35138201192664004
440,0.9027978954727238,907,3,0.016982390576747643,0.8870773859628711,0.7541204811918585,0.895037006877153,0.28411656362544874,9,3.80327407678318,0.5195033030567321,0.3676476144796279
436,0.9022235285498154,999,3,0.016407281681602805,0.8911673890886889,0.8672181293192854,0.8970281305384856,0.2841916029525709,7,4.451886479809819,0.4885636647581441,0.0014367598058601877
442,0.9028396531982645,795,3,0.016982462856643125,0.8938882897788503,0.820430020198334,0.8913182651028363,0.40549237429638374,9,3.5715500816356864,0.5655624855641385,0.39755278999404814
441,0.9020395382871145,996,3,0.016882666114633762,0.8805191461418878,0.8217038219939645,0.8959907425983901,0.4049000594903708,9,3.8225803451267866,0.02295298701011363,0.09799510845778692
443,0.9022071132467918,797,6,0.016598709281934017,0.9164091087308608,0.9186797102424764,0.9004217937547785,0.30696699657366877,9,4.205089269198295,0.5904336739495892,0.00019472477206060088
444,0.9022455583561092,999,10,0.015878936048008857,0.8923400619818409,0.8201002919358752,0.7180152771318812,0.30327857175289014,9,4.209575198453165,1.0571960859878202,0.623895280034346
445,0.9029191377434127,786,10,0.015733597152598557,0.8956076414877333,0.9185558443033617,0.8976545921441672,0.2766492443051928,9,4.456065482772063,1.0174576755356923,0.0005142301654539927
446,0.9026540670233857,789,6,0.015626506605723813,0.9181228355056068,0.8954901555165697,0.898980283530765,0.4089575625136934,9,4.183581753653128,0.9915064003994595,0.0005219816678056818
453,0.9028709803294588,961,10,0.051175532292880486,0.8518903645791378,0.8887559571056262,0.7207667657425827,0.2241067624904195,10,4.178543590974327,1.1477331065231646,0.0004370533948840911
449,0.9027196055431744,799,10,0.01326596507739631,0.9171730027815719,0.8270335003233446,0.9556389920223045,0.40232050767671146,10,4.218755921683614,1.053294992295383,0.0001846604191062537
450,0.9026575658825753,792,10,0.013019855909372498,0.8603343720162901,0.8235275910678037,0.7156781739027492,0.40971216452155373,10,4.205494707049179,1.0793592878104104,0.0005163253259069247
447,0.9029600053796092,794,10,0.013188670887300233,0.9166323459845441,0.8248490992930944,0.9509658527249697,0.5076341331025264,10,4.593384291600572,0.00010086107001976057,0.0005262392811387558
448,0.9020194977077368,958,10,0.013057043830666146,0.9174616819046836,0.8221896183384637,0.8610971888061316,0.4103848111981169,10,4.202019645339568,1.0106689666718094,0.0009051720570550068
451,0.9023985419015356,959,10,0.012896395003839786,0.8577782765679285,0.8198437716296099,0.7198164595508163,0.6178411336646533,10,4.217635773001231,1.038859056125359,0.0005487993973809366
452,0.9030218336354372,962,10,0.012665511560950006,0.8597836039834341,0.8917137049025895,0.955833794827845,0.36464212240671945,10,4.188308533674006,0.2324073539462173,0.00010055428163583127
455,0.9026637356939556,960,10,0.053729061830804434,0.8516136808664397,0.7229033413873189,0.9518576856445556,0.3670002097930404,10,4.584694626512031,0.8905613894557904,0.0005209562234692427
454,0.902582650827612,963,10,0.014228712277132998,0.8531805036067933,0.8907502788723455,0.9542982025594756,0.5087111615779257,10,4.582756009600058,0.24952118321371872,0.0005149662730722325
456,0.9030900280559445,964,10,0.01360142674148689,0.8589194748570468,0.7386186386639486,0.8527793417738267,0.37355481957482994,10,4.694494802870443,2.2413409881978508,0.0008970040401600288
457,0.9026223989535364,959,10,0.01424834660261968,0.8653239162373269,0.7239687500217997,0.9176819717833284,0.3702785643670979,10,4.589601058355985,0.21580516306964537,0.00010200304465576416
460,0.9020420375917061,959,10,0.014232146768329308,0.9550572062595898,0.72522608342683,0.8608607648197009,0.3661503861664299,10,4.636992359341125,0.8870963162572594,0.0009025011757302213
461,0.9026538441399662,958,10,0.014270196399011044,0.9580766073792724,0.7249609338601662,0.9200862617668366,0.3644439857459847,10,4.617541619760439,0.8406223698191885,0.00010206699047272217
458,0.9029700214503246,959,10,0.014073284212032185,0.8635578546150154,0.9414297439134937,0.9167680243151839,0.5146155010696359,10,4.598836503504632,2.394677476987466,0.0009628569302817507
459,0.902671694654094,957,10,0.014365342288977982,0.9518285269175413,0.7326342108012529,0.9197589683655744,0.3727238389445403,10,2.9368135217665214,2.1442834584714436,6.065705930486198
463,0.9030389657838376,903,10,0.01411763842392757,0.9491510615973167,0.7255904369550551,0.9155142861925611,0.3715481072005819,10,4.6251077216529115,2.3015747031360183,0.0016732561604836601
462,0.9028615754397432,960,10,0.014820969785714604,0.9457070948884851,0.7253405973586547,0.960073441410548,0.45131639837212434,10,4.563462098198482,0.2339544156909816,7.042985655658809
465,0.9030362721784206,913,10,0.018783388484335303,0.9493598632916783,0.733480143035281,0.9208011721421665,0.43436159469906255,10,4.755703374200989,1.3277724036193592,0.0008896359136990198
464,0.9022165694483449,905,10,0.014736955841932057,0.9563610848620948,0.7238172574937194,0.9196528899664157,0.4505302067806728,10,4.6710182167707375,2.0242439013831612,0.010211517544714088
466,0.9018407377556727,905,10,0.024680287835795293,0.9521787332041325,0.9424161521123622,0.9244978918041524,0.4535506608909797,9,4.654075519980503,1.3739778747007096,0.001740817975242261
467,0.9032457378943288,905,10,0.024945967072652956,0.9441936623892583,0.7277954073113506,0.913302347035268,0.4582679372249881,9,4.667041984894032,1.3638786043904285,0.001600233091504734
468,0.9032883464841646,906,10,0.024999739295447212,0.9534870433231154,0.7559846332074387,0.9238330392207865,0.4583142114434551,9,4.756724428251825,1.4104506886692487,0.8779431324054828
469,0.9032811803869402,915,10,0.02503505219083554,0.8744483119451916,0.752497677655555,0.879963879310241,0.455573119714677,9,4.765232878522952,2.045400300953024,0.0016690186496499733
470,0.9028231265295489,903,10,0.02500892488172228,0.9427911772989772,0.7549099251678135,0.9433637568863816,0.45932204310670327,9,4.438333237246809,1.3715968065327788,0.8456128632713028
472,0.9024127284463827,921,4,0.0184352429046485,0.8777751279182325,0.7595505897825856,0.8775684126587846,0.4312825002994857,9,4.474360664653678,1.3659119229688963,0.8424945085461324
474,0.9015402387583137,922,4,0.024999273481261526,0.8732435841326426,0.7610994254145474,0.8798803756706894,0.46527920138087514,9,4.44545168759453,0.6433733627961118,0.0016047163467856262
473,0.9024584442530559,919,10,0.01832026873943673,0.9114063407076327,0.7619329346364684,0.879029615517443,0.43473509166816415,9,4.436593952734604,1.3584994989646553,0.8421343475664433
479,0.9019905172379191,885,10,0.02648456151741174,0.9965131104826779,0.8049704767480031,0.9392068678046778,0.2432344545629161,9,4.898662572150904,0.0679228970065236,0.8824160330768622
476,0.9030886685583074,983,4,0.01842675160988059,0.8762519039700749,0.7537203975401272,0.8805844328777302,0.4302638551042724,9,4.406356719209858,0.10238564970475772,2.939508927664569
478,0.9020542219866557,875,10,0.03331317029119826,0.9988127493333906,0.7603332980682314,0.884745802998575,0.4699100701343263,9,4.9285057052547625,0.10124904756026362,0.7926682803569765
482,0.9018910213801451,303,10,0.03374438379563933,0.9954383079230023,0.8025874160671251,0.9346856473322964,0.31626764354478687,9,4.945221876805509,0.3081240080195047,1.029596636175669
471,0.8989147366928869,912,4,0.018591751382361736,0.8731765726498952,0.7568296853266507,0.8809515367457053,0.44949139389320086,9,0.2818521858953491,1.4274991731951623,3.1289647169965575
477,0.9024700585164757,979,4,0.019062986842943525,0.8420885726237355,0.7543758707858372,0.8797481808069562,0.4748348795478432,9,4.43860428275934,0.6289044908914907,1.0001349298995053
475,0.9032325174563631,982,4,0.011831618798662444,0.915387538639406,0.7529640001504023,0.8813749197696703,0.4650407172880643,9,4.453556755669043,0.6406163743076624,0.0015968351547788944
483,0.9019072931620583,871,10,0.026891968060544478,0.9982226092956186,0.7863169345298106,0.8206018204669736,0.24114193972601441,9,4.809335794787976,0.00016534166941751293,0.9284951854171947
481,0.902565998881995,858,10,0.018593007257165464,0.9663392454041702,0.8001213373971503,0.8834682478186118,0.4769634086133189,9,4.909892257000932,0.6554548290398182,1.9093826808909609
480,0.9029260652976051,874,10,0.007995571691546357,0.9650940800953578,0.8002957708469364,0.885218474947479,0.25289906680021057,9,4.774872640756182,0.10259135099159303,0.9920546585222151
485,0.8999736511052889,283,10,0.007935377413072412,0.9634082028296532,0.8404211886148475,0.8163902096426128,0.31883052716919186,9,4.779771298023209,0.29411453388955894,0.6720138711831266
484,0.9027761509602474,870,10,0.030646424116665565,0.9173117111235269,0.8530589633413299,0.8601745994027015,0.31566274730491034,9,4.779336521457345,0.10363250775734303,1.0833475188616144
488,0.9026313225002058,861,10,0.02288126478189056,0.9681030293082057,0.6995730749966875,0.8552706395893209,0.25335126421281245,9,4.803600132297095,0.6554558732282468,0.6155622912594799
486,0.9029501355666353,859,10,0.01963805774793711,0.9692592884737431,0.8576678739272496,0.9393847253147423,0.4928543761054601,9,4.7437968485499935,0.2808385215117183,1.912645083308659
487,0.903025891223526,873,10,0.019421033954911484,0.9688817223355465,0.8577513295134735,0.8612841242086731,0.4808587805837854,6,4.795192441095788,0.6593735086699948,0.00013059092026653096
490,0.902643578275623,857,10,0.02357977337075787,0.9249602607776682,0.8495094203118121,0.9386120698974113,0.2549303680082228,1,4.782106273012143,0.7202931215990498,0.00013140470959007494
489,0.9025746854059828,860,10,0.007901287263777755,0.9149876859612252,0.7902321472157865,0.9068543858151493,0.25551745418279487,9,4.754728574420451,0.7311641166920501,2.1883444309510316
491,0.9027744588098671,853,10,0.02302091237564205,0.9679371776599796,0.8532950761687432,0.9389571733025525,0.49954190715008906,9,4.268476628987486,0.2843591686966144,1.7835842105737583
493,0.9025203102135826,821,10,0.02300630948414852,0.918375031400168,0.8485727705403927,0.9399599010958212,0.3322612513050177,9,4.107555511757551,0.8077675785302547,0.04277419577324252
492,0.9026445108587706,820,10,0.023786156736450213,0.9676103814474278,0.8389456906709248,0.8395712857979338,0.5019771500370851,9,4.7890386531621925,0.268616122102188,0.00039261349598163856
495,0.9027312782640804,770,5,0.020166431947895188,0.9243843116001208,0.6990881255889527,0.8449389819683584,0.4931134049346178,6,4.096881069849892,0.7559613097081257,1.7803186054143427
494,0.903082063850596,834,10,0.020152834893607842,0.9201844970810557,0.8534055394610506,0.9067367774402381,0.3951599774490984,1,4.087681529537037,1.8539710217493475,0.0004123297899847832
498,0.9033032868189117,724,10,0.01741962901628597,0.9287881792220397,0.7805803283246209,0.9155176944430198,0.3320135950402411,10,4.134553677007239,1.8021090864901752,0.00016327105622688425
496,0.9033262629675276,832,5,0.019954027094659578,0.9242128814299818,0.7868286237725833,0.9394150037816318,0.5018844499325877,9,4.092949619762504,0.821053841879503,0.00013085603012281486
497,0.9025796577130981,824,10,0.017198172691656733,0.9206744294697647,0.7851476164730136,0.9057448675281824,0.3969503319237125,6,4.293025184490641,1.793293626805215,1.5892846318020024
499,0.9031753522683086,832,9,0.017543271533530448,0.903562226755998,0.9021224662776338,0.9087181205720005,0.2251817733841956,9,4.119751157907766,1.709177461550905,0.0003789941110326477
500,0.9026468580522702,718,5,0.017350901032771943,0.9389144755369366,0.9113761138940609,0.9121665201151946,0.3375474420976155,10,4.29060922077435,0.13712796220182447,0.00038791603663847484
502,0.9035451179895564,719,5,0.01690543320163463,0.9381630095310759,0.9087874677222871,0.8388195597999321,0.3921744689664129,10,4.2921548300780605,1.7190378801051773,0.00034521386069191604
503,0.903172645283805,924,5,0.01735361239849747,0.9341569526396398,0.9054040601503058,0.9022209094858661,0.39383863479261344,10,4.299274761299251,1.8183110336553523,0.00033921646459597713
505,0.8974958678387072,928,6,0.017360252230655196,0.9003932844869713,0.9115715826397011,0.44616053578806436,0.33398342021157207,10,4.269732364929732,9.155160826585881,0.00016834357754986635
504,0.9030440238387347,931,6,0.017346036754717985,0.8992127549833504,0.9082299723295022,0.9100192956555739,0.2202129030472633,10,4.287349204931997,1.729440171422649,0.00036816501157078496
501,0.9023934903081289,931,6,0.017331564262459208,0.9351359464288918,0.9565058517607028,0.8376687709544928,0.8187455263643831,10,4.096610228139878,1.845581053440204,0.0003362698167340964
506,0.9030663336176186,984,6,0.01732457569843625,0.8993709555319446,0.7837273630934325,0.9066154816615638,0.34536311084696303,10,4.2797895116969915,0.17251642432498848,0.00017107953212502702
507,0.9028859233248199,815,5,0.017240519464910405,0.9068522010162055,0.959238959295596,0.9672285125826642,0.5236032311095915,10,3.987851745794482,0.16908829230160058,0.0001767338011467302
512,0.9027905987773703,632,5,0.016050439853236256,0.8340899740380336,0.916831989766973,0.6912170939363957,0.4134648860049515,10,4.279242833250122,0.9098033711926566,0.00022902971228408063
508,0.9032205935735138,807,5,0.015660265171358254,0.8998442077436211,0.9099759566002811,0.9606172911357055,0.5330586727228674,10,3.8804874136095355,0.1593705774458652,0.00019718251282895463
511,0.9032311036061869,641,5,0.016349451597753164,0.8994097492179671,0.9100869367341252,0.9630881652436047,0.5302442208873219,10,3.973510164525928,0.8406668164682742,0.00026159535783716647
510,0.9019391200325428,810,5,0.01528402065782025,0.9005048000313784,0.8808100986446247,0.9618878768142444,0.5234184790570869,8,3.976976461462481,0.3653474303253935,0.0001854081577649239
514,0.9020702882931655,579,5,0.015497745424959342,0.8299534412820501,0.9320976659063176,0.9686444499095395,0.37522634814447814,10,3.9961012090493746,0.9143764290514558,0.00021186014965974585
509,0.9029421442230259,980,5,0.015879950482735928,0.8328835056082097,0.8121624291819596,0.9648111994959012,0.5320583297557387,8,3.8804613091073543,0.3825305557982797,0.00016244959326894206
513,0.9031593308881634,635,5,0.01562257922379848,0.9421658599775262,0.9231930630920024,0.9665265904557141,0.4135214972690744,10,3.9623065499173302,0.3734623290191634,0.0001351171612298605
515,0.9025434906973386,808,5,0.01544122400468699,0.8372175066344041,0.926915935030701,0.9574375156572837,0.3786227883480237,10,3.9584196511951486,0.3698806616335691,0.00021987955791680659
516,0.9028697893627019,683,5,0.015776129556731622,0.8295564630505925,0.9364939669842876,0.6963109921623019,0.5175953341167949,10,3.994360611583064,0.39451572667885815,0.00020745088117912175
520,0.9018247671552425,701,5,0.015331960189094095,0.8338574892028587,0.8774807853756669,0.7054225480583289,0.37503986350354773,10,4.1449861070398075,0.5464706377154402,0.00013578176306846903
521,0.9030257061208227,729,5,0.019806315466353926,0.8320932567182077,0.8109964328525003,0.9384281825459021,0.37923195502078105,10,4.515819824931239,0.4000632887971619,0.00014449509818917396
519,0.9031745756731475,692,5,0.015473722386856879,0.879614981289773,0.8916108172725157,0.9445597085246236,0.37891176934588894,10,3.9843924914688995,0.39711282168463663,0.00025720286449322093
522,0.9029900492587559,712,5,0.019527470073830627,0.9402696905192724,0.8083320438245767,0.9337149634816168,0.41604985198270816,10,4.531089656312075,0.3984022750532684,0.00012412283269808643
518,0.9023568037885195,813,5,0.015622219880584277,0.9389217814798135,0.8817972418172131,0.963821470951931,0.3821180920181313,5,3.914516593587303,2.6497934709817565,0.00014034019999205815
517,0.9034268477005061,803,5,0.015516366078052549,0.8821056199717541,0.8125509499355416,0.9587055213303085,0.4106850016576968,10,3.876920112329298,0.9027176547907902,0.0001282322910400628
523,0.9021002297766897,668,5,0.01975686900387784,0.8803375354959142,0.8795766991700432,0.7044131875379971,0.38269156930104425,10,4.3656492470558375,0.04445995779186392,0.0001307013503803475
524,0.9033484854022611,839,5,0.019463327500936396,0.8787333233262706,0.770211068396675,0.9413038105921158,0.39725196823546516,10,4.531813634025808,0.5470090570136001,0.0006349513442347953
525,0.9031390821727685,836,4,0.01962003512635396,0.8888323432018178,0.8885840798041325,0.9351285622720567,0.3536722481926176,10,4.5093368837417795,0.5143122904879355,0.0006099837142019303
526,0.9023884529300016,838,4,0.019538437316095444,0.8830491577130921,0.8901892987842397,0.9455530236416464,0.35565778525579783,9,4.536928059475603,3.0786698291732346,0.00012243704110938131
529,0.901947215900266,772,4,0.01888169380387072,0.8823592738836533,0.7727061417944883,0.9286260690410306,0.3514572296931352,9,4.366489543739215,3.1482798184522096,0.000591545503542782
530,0.9026616086472442,840,4,0.020865571517785786,0.8820321450866254,0.7718645289854276,0.8017223703464758,0.3973605605607294,5,4.397181073578235,3.206987435987939,0.0006085055091022613
534,0.9030195027096907,774,4,0.018569699755613064,0.875212320550945,0.7406747142370926,0.9502301884119994,0.3989223482452723,10,3.7161120479438234,2.9775810323149083,0.000631520706315349
532,0.9021952213673256,846,5,0.021251244288160397,0.8875426998820795,0.769454553671752,0.94875455002393,0.4253848601081031,9,3.854068389500609,1.2227746913645219,0.0006000690114789271
528,0.903141813786954,778,4,0.008833702547778452,0.881456326010011,0.8940202482607436,0.794745025607395,0.35408346377401223,9,4.388903271023216,0.5461264213963625,0.0006253877657464032
527,0.9024397240983013,732,4,0.009030111138160067,0.8844479408504995,0.8923751282025105,0.9382928192232236,0.4197875924621373,9,4.546765581601371,0.6005409318618743,0.0006209927681834988
533,0.9026322404119688,830,5,0.018835747594344192,0.8824854508208851,0.7794857654018221,0.9337926805088796,0.42680470259281894,9,3.7629579286051364,1.157221801542197,0.0006315294964591398
531,0.9018657908554429,984,4,0.008730710167285582,0.8852214160934516,0.7742388292039899,0.8633154676547143,0.3606270823618193,9,4.373659058105723,3.0301284554771524,0.0006197749109673364
535,0.9025842739540686,843,5,0.021576683880477874,0.8767365699435276,0.7720634461558398,0.9483538733009287,0.4000630068749967,10,4.536716392497092,1.1873642164464961,0.0006580143189699046
536,0.9019941633430786,782,5,0.021527770011196205,0.8507515972692955,0.7402648224643881,0.9981891621615162,0.3998704419938998,10,3.801545548302994,1.2219044742590741,0.0006189775783286421
538,0.9006385042114324,978,5,0.0989150523537625,0.8529849443533312,0.7431545964382512,0.6600017035323172,0.4198447453930504,10,3.773178388456339,1.1506728852912973,0.0008801000722452893
539,0.9027638434929048,789,5,0.0216396240997457,0.8550583240922264,0.7405618636862223,0.9952659535256411,0.42206860241133537,10,3.751005586996035,1.2150251244509103,0.0009147713454816586
537,0.9026345096874925,747,5,0.008903900107127475,0.8582678993365463,0.3761040695636625,0.924536350489585,0.9212675308586664,10,3.823234974715129,1.2891407635646304,0.000756238727794212
543,0.9021890046531247,986,5,0.018205983767854407,0.8565309235891654,0.38066489204700293,0.9993027391873002,0.2989940177543005,10,4.51476030730918,1.094383349813646,0.0008954323279160336
542,0.9015865905277041,981,5,0.011456095407123699,0.8573072087674659,0.7410572343398304,0.28568509302224976,0.40900434540021524,10,3.8057519094084467,1.0719336176892236,0.0008297836016621101
545,0.9030449431948311,803,3,0.01823121858327959,0.8536782367959617,0.7452768674411608,0.7318631244793341,0.29726648370086894,10,4.652287238265709,0.8308249273968786,0.0008427231048458942
541,0.9028939295678665,981,5,0.01823721051244467,0.8481980120871749,0.7432454150557999,0.9235325001454959,0.4195602863317778,10,3.7380217633420667,0.9661995906706664,0.0008703617516916108
544,0.9028167818778327,796,7,0.011705860472314675,0.8572380527012937,0.7408454787091947,0.9215202815094117,0.30079042436353737,10,4.644291634274915,1.0689537863415497,0.001244255212914353
547,0.9020050115777749,805,3,0.018114530270156925,0.8528316793575721,0.6952154688570463,0.7341033773865054,0.30413870796445613,10,4.673088105642841,0.9620260171968481,0.0012370832216592736
546,0.9029344560373553,799,6,0.014424576062932327,0.9850058591214232,0.7418327281973478,0.7685991259367959,0.30594438960627,10,4.655601094398043,0.9765140827490568,0.0008554781063854549
540,0.9022366797358045,743,6,0.008992371029796607,0.853435295615091,0.74019624367021,0.7347949977244368,0.41603323829034256,10,3.7585481996141956,1.0503870189842701,0.00129514038833177
548,0.9027890860283779,808,6,0.01785966862843302,0.8047224902326522,0.6790900507869432,0.9238153391461211,0.43839884313520067,10,4.484022728358768,0.716079392997917,0.0011994686653592594
549,0.9026400278005255,983,3,0.014432976573319318,0.8663682651326087,0.6987758696630384,0.9209389036225375,0.2924948818340306,10,4.650422173452175,0.9035493119269907,0.0012306427840286314
551,0.9026979134067814,799,7,0.014875279839874937,0.8115607385584437,0.7170508357281546,0.921077228287391,0.30860200259784953,10,4.644225497618039,0.8426803386380016,0.0012383002055212505
552,0.9030049385857357,971,7,0.014307886850111603,0.8054697922378086,0.6897761541151615,0.9184934695985902,0.439846805993178,10,4.466697884786621,0.8242420865804405,0.00474812403131576
556,0.9032102327632667,945,3,0.014642676484573028,0.8181237475316276,0.707081826858943,0.9743406231142501,0.43416000788761583,10,4.4375758948495925,0.7647779147349503,0.0011896994323166712
550,0.9021559239493799,813,7,0.011281099914991311,0.8071801970466048,0.6953297048992055,0.975614704983399,0.40506754383532173,10,4.589263109348124,0.8021772619044446,0.0012516045232236644
553,0.9022644882432493,1000,7,0.014350744656934554,0.9844597247522305,0.6986635645645555,0.8982058000526691,0.43500403103274826,10,3.6124885360485504,0.768816001648098,0.00045321416981703496
555,0.8941550498693289,998,6,0.014008561140207734,0.25841077315573685,0.7072866667778145,0.9782798965047614,0.4402875196656443,10,4.469696477939621,0.6629481934097213,0.0011440518999697614
554,0.9023356059181538,998,6,0.01668715594721046,0.9803817994155141,0.7021152385954006,0.9792238707643528,0.39950333109488906,10,3.5738650159511596,0.7284286335168957,0.0012369782658594648
557,0.9023924246942909,947,3,0.016693727496088592,0.7976800314353589,0.7074820810606635,0.9736765695341587,0.43856344599929714,8,4.482079388457398,0.6638429554530738,0.0004288237668621918
559,0.9012044234574551,942,3,0.04339749770480111,0.9062286772704797,0.23293473927883096,0.8939379340068575,0.43975995199632945,8,3.5714053184221095,0.7018210710273768,0.00046793510410016024
558,0.9023007258793008,944,3,0.01646898390784896,0.9061113196445774,0.7060616971955562,0.9773850025497505,0.39242148776627866,8,4.351674333971744,0.6251813671142569,0.0004841570914436507
560,0.9025931538666715,888,3,0.01705188944480091,0.9831107563247973,0.7893036169988784,0.8969678558912277,0.3942147523942545,8,4.240331798491776,0.6188081380902549,0.0009549663687497187
564,0.8934633809687602,762,3,0.01648241982224938,0.25698512127182827,0.23727460702632663,0.892677710109359,0.39484757502463735,8,4.216864219543153,0.5365460210729607,0.0009449288851216272
561,0.9023468532449211,999,3,0.01660622385674948,0.9823527101810686,0.790254233972822,0.34175459519184964,0.3925669155689884,8,3.639900141951393,0.5987695257992325,0.0004633382479283963
565,0.9013642639367816,947,3,0.01665371385635952,0.9531970235660466,0.7647280370531231,0.8906492769909536,0.39344144597636066,8,4.244794184166954,4.844766237289186,0.000415514604026127
562,0.9025169517587843,948,3,0.01655259092557471,0.9102772560771806,0.8010822795357657,0.8939143149400406,0.39718502874475764,8,4.251848417272766,0.6169492853604926,0.000444637431933972
566,0.9034288335826506,886,3,0.016383721229895926,0.9082556298586713,0.793490944006065,0.8912309906900824,0.39888522124597314,8,4.255845810624022,1.5250211831943146,0.2801498481723999
563,0.9029301918336001,1000,3,0.016926468031170747,0.9080609405786266,0.7937661662415564,0.8910832589232799,0.393766895601616,9,4.238935054693,1.5309901915346278,0.00034289652973751994
570,0.8987585434589829,758,10,0.020423472157489433,0.4137641856823012,0.7634745737407375,0.952923958170008,0.3180750534442004,9,4.2985101744737015,1.610024193275086,0.013587802402969204
568,0.902280135769146,891,10,0.012696447179458777,0.9555122986946682,0.833865553494316,0.8971629127581484,0.39465588630912796,9,4.232824096660804,1.5693779134719015,0.00045989477138464065
567,0.9022117896176344,970,10,0.012637334802547709,0.9117720467323248,0.7927582554225656,0.9029182888469036,0.39224968601080634,9,4.247483126201429,0.5524012463547633,0.0004165873680535702
571,0.9017606842192579,965,10,0.012694420941798014,0.8703267589861878,0.7955570874216635,0.9439878662726584,0.2678149221671613,9,4.328928240491024,4.812688226187974,0.01425748053194364
569,0.9021879715747927,765,10,0.012872662730329736,0.8710129769885424,0.7894076116911378,0.8963630867504332,0.3875421240079203,9,2.550886100442481,1.551931178861679,0.0003027556908361956
575,0.9028331649494203,892,3,0.019854271323974302,0.8966727370240825,0.7685586415820314,0.8636418908760207,0.41273836906184946,9,4.143182815261868,2.32157695663044,0.5071108687307434
572,0.9029252351100802,967,10,0.01254713208855619,0.9575028139424617,0.8380904725699488,0.9486762873675086,0.3197956939472002,9,4.338398249174025,1.6252693963367657,0.0007550780308888936
576,0.9033532112605203,874,3,0.020045142585007142,0.8712620048263375,0.7634902230605035,0.8629346661689465,0.41481680980219127,9,4.119847400479091,1.5209974705658136,0.4586566433908429
574,0.902391583180153,969,10,0.013092610138480086,0.8716235263012346,0.831401951221891,0.9481312177812259,0.32347460453242055,9,4.340059332945586,2.211829656565892,0.0007502379149538715
577,0.9023905863621863,888,3,0.019010589820936,0.8933441637754956,0.7680469485275698,0.8668456296172833,0.36325755681363836,9,4.1412810189717995,1.5588411197362588,0.3170887925302254
578,0.8998061079969599,887,3,0.019303658542758728,0.46579231089318995,0.7248577693055015,0.8523469389355021,0.41247943989311275,9,4.130337499903546,1.4794559939315806,0.2763149253583136
580,0.9024424172476129,881,3,0.020306861961002752,0.8926183907064901,0.7656949971602736,0.8633253725397099,0.37421644521828235,9,4.1015261278430515,1.6770455527413008,0.46438001293810344
573,0.9028728622956299,966,10,0.00720963572995033,0.870343179192132,0.8088290473480138,0.9539883611143075,0.2777013336087654,9,4.340359917764607,0.07968101672893421,0.45256454259791
579,0.9020886883380704,886,3,0.01861826353732844,0.8719779367688034,0.8086699111826815,0.8648575822837467,0.4180751917314849,9,2.1849820261381,2.028330750367355,0.24928082676351554
582,0.899241569153397,891,3,0.01880272175659113,0.46671897850497346,0.7253999897129949,0.8562652024738407,0.37122537315096227,10,4.0787979221325426,2.18166926483311,0.331434672348943
581,0.9022681414940571,882,3,0.01859425744098512,0.8716668767592797,0.7649078799934765,0.9521846639308418,0.41115024038983927,9,4.059996882449831,2.4161090236505687,0.425333240594523
583,0.9026717071969876,883,3,0.01827287014739318,0.8951368191104916,0.8104275744916875,0.8611363794077951,0.3686517316334611,10,4.109729988633112,2.363243561600044,0.616429279844149
584,0.9024097808663736,885,3,0.021860906485779166,0.8395486544661315,0.7243040282989157,0.8498073692085701,0.4226297280541363,9,4.064086266737255,2.2896658508746524,0.27146845660179647
585,0.9033898115002248,888,3,0.021992329520580077,0.8410992929983611,0.7247812937930275,0.8454822985791464,0.4170692862462203,9,4.1316440479775585,2.2944283219047503,0.20537630123456949
586,0.902238420993514,880,3,0.02123652951834465,0.8385261637767099,0.7254944578444598,0.8516992020672044,0.46871539653494293,9,4.064107719390897,2.304671261221526,0.4380409605397259
587,0.9025929023246405,862,3,0.02177120575028248,0.8402913556757456,0.7218837950117126,0.8391766000705282,0.4660887025235439,9,4.0610121255298095,2.1221025581082147,0.006662146815434621
589,0.9023669201263667,870,3,0.021794102832773842,0.833442026242439,0.7254703586142294,0.8213774306586649,0.474799500386599,9,4.154985807271002,2.236904670318776,0.6103328921313863
588,0.9027461024440306,903,3,0.02239668246863263,0.838070696069731,0.7302971562664052,0.8276285305203561,0.47300846837591426,9,4.060338236825604,1.8896219048047844,0.3872372159322323
591,0.9027453392279561,863,3,0.02153377080978363,0.8427632579974083,0.7538386662370066,0.8373656831043721,0.47203381976353964,9,4.061331821492668,2.2633185677609124,0.06230664267288517
590,0.9022408901191431,870,3,0.021169297723160885,0.8425847299634919,0.723537750933673,0.8525795849577109,0.7574417996366489,9,4.165575615278905,2.3747425340426616,0.3829081129094813
592,0.9023983140769761,861,3,0.021854121870446976,0.8364102627654679,0.9385057921653125,0.8745311970286098,0.47862604259930647,9,4.16898365734998,1.314225146049723,0.5993296182339155
593,0.9020567638610683,865,3,0.015655613677226093,0.833115734017075,0.6740512006713506,0.8773949103518984,0.4601870344165916,9,4.200358788195642,1.2533445446727014,0.24597704836270212
595,0.9025559204008813,936,3,0.022564851301340998,0.8202647706589491,0.7197187041302263,0.8208127547794284,0.4747418265912472,9,4.225822904988613,3.656799927482889,0.1744857026446529
596,0.9026679513225044,923,3,0.024166505190695936,0.8222320208512087,0.716843680845546,0.8347530519708724,0.45949741519694937,9,4.219388404240331,1.3253568315621724,0.1691984900955382
594,0.9026081965970414,863,3,0.015835091401284813,0.9171117542935617,0.9346387841187288,0.8732170391653528,0.4291904346241806,9,4.180768130105518,1.263637850086827,0.1926455047732545
597,0.9019874685545854,912,3,0.022581743882977224,0.8174832711822331,0.6793504019568842,0.820449331074817,0.45044126958997266,9,4.215493634391318,3.8980037507071685,0.1815857045522384
602,0.8970227026071097,923,4,0.24470958152006816,0.8232600509654245,0.6743493197483024,0.6778756662493454,0.45385861375655934,10,4.420151030008077,1.2695559002986405,0.19938027950112466
598,0.9017146705758735,911,4,0.015271559632997905,0.826358813874997,0.9346292244765091,0.831428621632338,0.4319798157906135,9,4.192415018173638,3.9946257879219433,0.14015729270799693
599,0.9026145952972268,941,4,0.024015262331669576,0.999224088494277,0.9392431981483503,0.8401423300946397,0.7315638336119641,9,3.8937681216243734,1.1828921975565014,0.14070636155372684
600,0.9019312872615164,925,4,0.015281951564429425,0.9266795082738513,0.9251337834095169,0.6742070218196388,0.44723922659331716,9,3.2700040012916105,1.2670854505981328,0.1202475296983028
607,0.8974223725632882,914,4,0.19896923174389994,0.7889022096203853,0.9200720386852485,0.9089949551051688,0.34344463519279894,8,4.392721784715535,0.9321195597521627,0.22040727234597834
601,0.9030942816932621,924,4,0.015529153156509582,0.7849929105715234,0.6684789732929528,0.88066606591168,0.4303460690303348,8,4.423939548121467,1.3098840452871785,0.11400806308138288
604,0.9024513733297883,921,4,0.015488995655421818,0.9205122336846104,0.9268593625447048,0.6803514129946373,0.33390638175736254,8,4.401094222552794,1.2637375206353203,0.20158592960120067
603,0.9019828989123655,922,4,0.015200810468287612,0.9405320694476368,0.9259337132131252,0.909207362422975,0.45017606895874857,10,4.387456289779252,3.7810204833171808,0.2271548550024255
605,0.9026440668403353,915,4,0.010513512963407558,0.9263394512780591,0.6728502043708774,0.8739610195499049,0.4304966672287859,10,3.9325807212618034,0.23077930535334779,0.2066561277615742
609,0.9031487142789031,927,4,0.026354513479845843,0.9402290820164597,0.7472687414483344,0.8850794548817286,0.34741315831005815,8,4.380185271263492,0.9344570029170413,0.22638127684028803
606,0.9023947604851598,914,4,0.010436085772211025,0.9389765315031878,0.7497257264132547,0.9152534985822022,0.4472828479637087,10,3.8958063621289134,0.2080445826964983,0.11189399125691614
608,0.9021649394772695,930,4,0.01554899458118493,0.941521901281432,0.7481537336530508,0.9114078254149146,0.42972562190455255,8,3.8968928674001324,0.21254807514160093,0.08299360517441376
610,0.9021058446600477,927,4,0.017953160906038972,0.7861514052541343,0.7506756042209078,0.9101000177528205,0.33631816093416317,8,4.396378256042964,0.9323928447973414,0.00027443728073446637
614,0.9030707461315892,608,8,0.017585474117565676,0.9421586081021949,0.7503356485064647,0.9160503963510042,0.4119409265081622,10,4.572316603623886,0.22880356280952371,0.08933379694152616
616,0.9026003096255109,778,8,0.017562466905108133,0.9682461771264892,0.4684006348185148,0.9292802466822815,0.37164436563963255,10,4.557542606444121,0.9363333580078451,0.002023914089936458
612,0.9025061944410625,902,10,0.01071611140132317,0.9418840034771078,0.7506812781604665,0.639050720553965,0.4284211595294186,10,4.350660525978839,0.2227229752227448,0.0020963346834063624
613,0.9037681415092607,905,8,0.010834205652769538,0.945185421911565,0.749442600697037,0.9124619288369451,0.35858834377708065,10,4.569081337979294,0.9319921531135662,0.24839911290717526
615,0.8982407606460736,780,10,0.02681554843778911,0.9659948952785069,0.7465879794954899,0.9315369982505438,0.4084045524775031,10,0.9118014614032279,0.9136919098316354,0.00011077392855630057
620,0.9007632902676754,777,10,0.07813321675170777,0.9659452636913142,0.9023718154765438,0.9281011414255598,0.4072716597309327,10,2.052530661147795,2.9508852461412913,0.022046191104178433
618,0.8905751563650336,699,10,0.01781706783994489,0.2025117388623625,0.8989822502243111,0.9281702761269829,0.3765879228306652,10,2.0533703441900824,2.7898640843164983,0.0021288675327477665
617,0.902182873002548,903,8,0.01747830467816647,0.9584317609111072,0.7454904914138824,0.71799970742738,0.41135708930321224,10,4.527630074225322,1.728752871882527,0.0001052538046184131
622,0.9010733791814358,657,10,0.0777913806803438,0.9666847889929885,0.20396434908041894,0.6463013128153005,0.40849699652868265,10,4.313262752285438,0.05810387111059995,0.0015727640745421443
619,0.9020975366273779,952,8,0.017048924125807115,0.9727733213309306,0.9049381761180252,0.7110101269985248,0.3637870993731199,10,4.584882331228984,0.9223785711453039,1.256357096098613
621,0.9030193388918978,702,10,0.0175914511615903,0.9592292887965133,0.7816727906458291,0.7131984162969718,0.36521469158684583,10,4.55732881447044,1.8252552190859788,0.00010108210955997995
611,0.9030908630325744,907,8,0.010405738303872434,0.943646351356375,0.7516304429138649,0.7761621303418729,0.9928558221769088,8,4.397825441664707,0.21901255095655092,0.11640986928694286
623,0.9022865785595029,951,10,0.01747510099494117,0.9623485517020053,0.9010552648140067,0.8072819765641788,0.3804875264906341,10,2.002105279048857,1.7788795846197494,0.00011100868026817769
625,0.9022322920795686,899,9,0.011627284856292117,0.9645284561069303,0.7816180270793495,0.9286662292979806,0.34937730069946593,10,4.505311326704717,1.8002626802774337,0.14390207404236494
631,0.9023895129945595,831,3,0.010247658694851848,0.9866171718129946,0.7329933668235914,0.8863841383571327,0.3214705729679456,10,4.481029651254509,1.739697188122469,0.29096934970784916
628,0.902665711921873,848,9,0.011295957394994715,0.9090319293832327,0.7371651161820618,0.8940776583759209,0.3557869079247011,10,4.286000055600065,1.9440337867757151,0.24620648567899148
629,0.9021619459066501,825,9,0.011507457570471955,0.9856023717375108,0.7811990936110533,0.616114639249099,0.3574060043166135,10,4.287694431332079,1.7073375529458439,0.3370854165659976
627,0.9029591862146271,658,9,0.009638810049949287,0.9875759121184375,0.7822031073033188,0.8861664808965325,0.3575920611540732,10,4.507122112656071,1.5609203393686581,0.3081741773927623
626,0.9026135442027383,896,8,0.009844174676594078,0.9857550189889346,0.7861701051897907,0.8877189167265389,0.35808092340855124,10,4.293012305850875,1.7792650295587535,0.2638411059621063
630,0.9031563573101564,829,9,0.011374468035878018,0.8960299268578699,0.7829746512364799,0.8861301889560292,0.3283588470389476,10,4.304891424200068,1.567368057510372,0.3296084904849445
638,0.898754358389484,175,9,0.013412891279674564,0.8907892139204382,0.7641803532619654,0.9562455577902735,0.3321893326380575,10,4.698267025456007,1.1655860087243473,0.2697068040986461
632,0.9025518060276921,828,8,0.011243340548677807,0.8972674259284612,0.7827060707818813,0.889175747272607,0.5989793902611531,10,4.284859672037555,1.6797428244031833,0.16607598873825782
624,0.9008024254641965,706,8,0.009922641597987933,0.9662647500453722,0.7780955614687474,0.9312376520276822,0.34587828957449285,10,0.982385991726459,1.678783007485962,0.16916831756682166
637,0.8990691904935023,199,9,0.009422190357005858,0.8899008124242455,0.7174331295034703,0.9619166134724978,0.6825898614542961,10,4.649862571783843,1.1326476352202788,0.000978690988091722
633,0.9026814144844668,898,9,0.014225195659598592,0.9849562509169562,0.7823880791951071,0.8909170229004989,0.3293067101991119,10,4.693268363019941,1.0817778113015502,0.0009835135452139338
639,0.9029993378416394,973,3,0.013726761052861669,0.8942290799957845,0.705609038349027,0.9585709163324867,0.3345469160139424,10,4.664373391878724,0.3049288390920861,0.0010131620399483681
634,0.9022266541628967,729,9,0.009839890190779908,0.8980283176398263,0.7811478536812175,0.8853054771333861,0.33240622678482123,10,4.6964125578187215,1.0920854435357799,0.27153594148629184
635,0.9030227325428157,970,3,0.009406004904708493,0.89811376508332,0.7363444738404492,0.9612638073833804,0.3329308086446368,10,4.265779215708627,0.30878810563062065,0.28281584911968716
636,0.9026827992199262,972,8,0.011774420702547342,0.8643732543109093,0.7101990899636694,0.9637688076979644,0.32923706148257015,10,4.694203271335539,0.12887755469806034,0.0010334890931357008
640,0.9028737981475317,974,3,0.009330393524472446,0.8668644146074499,0.7085090974069364,0.9595062224630709,0.49451212343004314,10,4.6901662712581285,1.0700122675958372,0.00033650214411241305
642,0.9018350105944121,732,3,0.014902488893356363,0.86184665181808,0.7075197450157474,0.9610431204289006,0.29166593424245985,10,4.01508640748256,0.30048557811160254,0.0003116878370396125
643,0.9024447211111161,973,3,0.014078536491031447,0.8693745065500481,0.540070973565505,0.9089082765409425,0.2772790099777404,10,4.6909509660447695,1.0596659744892678,0.0009974019250960859
641,0.9024663075831325,974,3,0.013404585159331272,0.8639081690592225,0.7138824748169577,0.9043510625404307,0.2815206554066945,10,3.9973680924603006,0.3024410573195089,0.16583077257422013
644,0.9027262991914045,975,3,0.013380697566957419,0.8640061474005266,0.7285874984211294,0.9014974669251814,0.28348723535718756,10,4.683315850322397,0.12978065808104103,0.0014880020687867276
647,0.9024070658240113,954,3,0.0140258688395041,0.8608910392390019,0.8117701177368881,0.9088645488920619,0.288149092154329,9,3.994874824783455,0.12137613109843783,0.00029267834638382477
645,0.9023349769490501,970,3,0.01374232618608859,0.9170811293610036,0.7340134220095316,0.9084752087114251,0.49244668606015296,10,4.0308387489319015,0.1280787656512565,0.0002870749033751191
646,0.9026325371844346,958,3,0.013575505382171133,0.8609516231807912,0.7333671509761563,0.9048889385498367,0.49185942412223865,10,3.9976642926849144,0.8222463903500713,0.0007195786520066216
651,0.9028124105653674,949,7,0.029623839358165958,0.9189813914311499,0.808867477359969,0.9103720765400752,0.273680340201424,9,4.451656004611281,0.7810323618383281,0.0007614294675241037
650,0.9024225791029371,950,3,0.01605317135140257,0.8556392534281442,0.8096101355166432,0.9089588667399652,0.28916637874831047,9,4.007434554579843,0.7876384593406762,0.0015481154286310559
649,0.9029461573408554,948,3,0.01355453748599532,0.8637139754988998,0.8113480199802856,0.9121889151140724,0.4972218643803741,9,4.028974232504092,0.8284874889070027,0.0007833641168441867
652,0.9028869091202434,946,3,0.019742074650979033,0.9180275533937112,0.7340325473968127,0.9072168636676087,0.3860741069649451,9,3.972990290097756,0.452276462356575,0.0007557228373441129
648,0.9022564227825411,950,3,0.012059439745067206,0.8623994635358727,0.8120806199914664,0.9189503155668454,0.8741164498548155,9,4.043000512610732,0.13711502773068848,0.0003053134144657769
653,0.903476750553134,950,7,0.01655507145075876,0.9173722172894864,0.8137520859189008,0.9372265955449464,0.4948624707751418,9,4.453735820117201,0.790211679616196,0.0007800771754426199
654,0.8998712422554853,948,3,0.016510113841585697,0.9291385359855596,0.8191645981929494,0.9416434273166439,0.3788183012023255,9,1.241846440772919,0.07344455521438714,0.0007500145860929228
656,0.9024260020966246,749,10,0.01610685789398775,0.9189174117653204,0.8104167082720293,0.8697543384471542,0.3831005821921448,9,4.467838365613934,0.07974956351475766,0.0007434950625439299
655,0.9023876849248221,943,10,0.01626174662034721,0.9186576993921535,0.7608713191449562,0.9345415578683883,0.31276890463146406,9,4.48122152132778,0.08315538703515424,0.0007348036893935592
657,0.9020325626898387,935,7,0.01606468611644255,0.9180953725647599,0.7622437506718449,0.9390381057645717,0.4437886526633644,9,4.155343648479938,0.4571329769562556,0.0013949420155549774
659,0.9002582207037231,853,7,0.019872912671490137,0.998739278530449,0.7612684365961078,0.867474375359166,0.3130863739373309,9,1.8021093943739939,0.4331310251668707,0.0013757541729213234
661,0.9026053403140948,935,10,0.01633915012385175,0.9496099804727656,0.7599205351340658,0.8684864567137937,0.3813534048521895,9,4.17366113248896,2.572327003700305,0.0013781000042645778
658,0.9006938672517301,750,10,0.01624810872761157,0.9257235240530365,0.7566531505828857,0.8706094145964121,0.38464565419056385,9,1.829808364452079,0.4870971742131408,0.04810010982013891
662,0.902027294066363,988,10,0.016185003133990003,0.9999617468771177,0.7627401873274482,0.9420375378041532,0.3092112819812118,9,4.164154116046047,0.08225825227256968,0.0004757748360069
660,0.8987402084090721,934,10,0.01961813022595738,0.923967174812337,0.7633357008179464,0.9374869245819987,0.31019824924691436,9,1.7080713351391457,0.46514352023776906,0.04873776725838933
664,0.9025366936652578,986,7,0.018982186835096688,0.9084607313397013,0.8355471110780626,0.5185886519909796,0.4708336610527485,9,4.561198251958767,2.6484478663168107,0.0005789490002114057
663,0.902721941714131,758,7,0.01905222297118843,0.925477877257742,0.8037596749387511,0.936444242426379,0.5110159203575112,9,4.560130860588336,0.011402416508383924,0.0005118339526996651
669,0.8994036866620359,114,6,0.01826400632051396,0.9335749256361455,0.832876294823222,0.5288729473570482,0.5176818676941735,9,4.518630767718367,0.9753572309061164,0.0005384581455365923
665,0.903244163951219,991,7,0.0201784023160531,0.9478288215420796,0.8323131918847844,0.9399585382858141,0.5039886408021934,9,4.526484946775166,0.010484772946456694,0.0005037693450072875
666,0.9022847272283994,994,7,0.018647912718343474,0.9491627226149377,0.694252529615666,0.8697563543267308,0.5061070030522898,9,4.560346579015689,0.01026719690408768,0.0005123288237036907
667,0.9031014354756455,986,7,0.01931540120266853,0.9357147992039243,0.6951180763237987,0.8683288166598659,0.48496518283929996,9,4.49841213664723,2.7952188152223707,0.000531887851662243
668,0.902844217367222,985,6,0.01890233753071285,0.9480333294255485,0.8393578357902285,0.8506637143707441,0.5575538884049046,9,4.582516633653707,2.6775042763610455,0.000578167196843781
675,0.9028245000904305,334,6,0.025424689763710522,0.9466493750280551,0.6924567637343486,0.9232221345901738,0.5061380466169056,8,4.355734081386173,1.3801567502068104,0.00036905179710598106
670,0.9021828844811962,984,6,0.02410206696377444,0.9496592749307248,0.8322853899757552,0.8456159149854042,0.4667773832294887,9,4.570902893409978,1.3508129234310506,0.0005551706258010932
671,0.9034836166851561,986,6,0.018477867131468737,0.9486446142117535,0.8243760487156729,0.8443386373781515,0.4804682267874104,9,4.362586681575675,1.2963412387409559,0.0006096226789994777
673,0.9031807010902859,988,7,0.018693803791130864,0.9421571200654829,0.6881810933994967,0.8465115006612238,0.5002830900749465,9,4.4069646779382925,1.4210538903845131,0.0005137275973235698
672,0.9027001406446068,986,6,0.018905862496637976,0.9489069837317595,0.8246197108852173,0.9320259358095544,0.5049676879152731,9,4.567740074997986,0.9568336301749818,0.00056474423460517
674,0.9030989036355479,989,6,0.023927497356998836,0.9491454570810077,0.8256338678038999,0.9218726383552462,0.508419466937617,9,4.380038031209677,1.354829882990588,0.0005569378983456491
676,0.9031813135635842,1000,6,0.023512405420717617,0.883812938066514,0.6899048917550984,0.9228376995692309,0.4815985351446007,9,4.35914674717631,1.374302038787207,0.0004028666033085026
678,0.9012044409414888,849,6,0.02693622790430277,0.5370205439169111,0.7925533325541061,0.8477297250017505,0.4821530340863384,8,4.354097077958955,1.3798329532022633,0.00016206706496555342
677,0.9025809348077249,960,6,0.020745081543139483,0.8878805912986989,0.8676242887128367,0.9239474247010999,0.4837967519132457,9,4.429310230138931,1.3488174608575332,0.00016593468399186108
679,0.902930408559599,789,6,0.02551875921610402,0.9056352556219287,0.794036904492167,0.9851945106280856,0.46122705954111054,8,4.303569503992665,1.3854193397868397,0.0008910169680270112
680,0.9033283155170524,848,6,0.024087193112124247,0.8820819920057031,0.8041092429952369,0.9218191675123187,0.467241549208658,8,3.8470631279894034,1.3648394006014988,0.008872967210743586
681,0.902692309089861,849,8,0.02764194519401982,0.8864121448348805,0.862763006274631,0.9193376450280439,0.48411672115825194,8,3.861082181731466,0.7149697351299196,0.005516280336973626
682,0.9028301773081692,962,6,0.021342601109428372,0.9745794593394888,0.8612550826753492,0.8379789503110693,0.49286320680284756,9,3.837135514300311,1.4068808742523704,0.0006687991448533002
684,0.9033228095668253,963,6,0.021435809939158314,0.9745490388384033,0.8029760056943882,0.8379659533658754,0.4788642104155498,8,4.298869921643424,1.342969521813754,0.000390554658938483
683,0.9030332519256458,963,6,0.02093515650081555,0.9706487729531297,0.8005287632586405,0.8430626245466646,0.4855603422923975,8,3.861841037854495,1.3200001120584615,0.00037696614733686017
686,0.9022256803782438,962,8,0.02105654595883591,0.9800496361873058,0.8653171844362606,0.8130421503278144,0.36952370401699075,8,3.8491445357027674,2.0420053178649784,0.0003934674963380811
688,0.9031562039067662,963,8,0.01738024928608168,0.9765480927446769,0.7961880637682138,0.8356704749153729,0.36691012460321243,6,3.8332750451861877,1.1081058876332208,0.000799252110766138
687,0.9022667784996132,963,8,0.020816343419368492,0.9738545356934276,0.8658808228968493,0.8137074194617204,0.48176250657644826,10,2.3676721976942945,2.0838909070557365,0.0008238520207746079
689,0.9022522522323918,966,5,0.017747249077172525,0.9654845468634862,0.8624233898967182,0.8023446748689091,0.53760025468375,10,4.217162198613266,2.0259839422979606,0.0003413286131319992
691,0.9015860479905402,974,5,0.0176243815694751,0.9739977494210552,0.8571384654914097,0.8278026506427706,0.3597331371601833,10,4.220911974768544,1.9711317188058293,0.000679388013739139
690,0.9033727356808198,964,5,0.017779406099957432,0.95897469681469,0.8203417552605812,0.8078265918804916,0.63884448010803,10,4.246107431329458,0.9958169580818025,0.00022156103099971958
692,0.902544203817856,963,8,0.01729521001624067,0.972920548055166,0.8432388857110696,0.8066257170877117,0.36382956114000387,10,4.230730732002125,2.069080729246894,0.0003737094626732844
693,0.9028637834451319,969,5,0.017545844966100906,0.965371481416656,0.8209507790533979,0.8551838439884419,0.3693533389703215,6,4.211167618746591,0.04586278751253918,0.0008508835082218939
694,0.9023887915881303,1000,8,0.0174940033236824,0.9094741595334566,0.9556237487842227,0.8197723370516725,0.3564737463412099,6,4.179088278929836,1.9726050853076342,0.0002376585850142628
685,0.9023198144910589,966,6,0.006635971949724525,0.9739192194909292,0.8604753012687271,0.808486859555075,0.4812531980734576,6,4.261899434745472,0.04639063615845644,0.00036300303862578696
697,0.9022896074782769,679,5,0.017505161455329175,0.9112955156101016,0.842293721082782,0.8866316654728122,0.353152663440497,10,4.209990413907204,0.9603993171047217,0.0006917426895259966
695,0.902782160906747,814,5,0.017631526128449534,0.905306785862321,0.8217104885548056,0.8830366701336151,0.5354552716722549,4,4.202546595164486,1.0107097554279891,0.00020504556023909448
696,0.9025641920971681,815,5,0.017450565981478885,0.9565939944994784,0.818693851683135,0.8149680506811126,0.5346046452576334,10,4.227635925933425,0.9770608410178175,0.0002574201214216315
698,0.9034927585541925,819,5,0.017271361570362954,0.9316528822291786,0.8452238250121793,0.8886194422908386,0.34938818964836627,10,4.144764109616585,1.0148076588404473,0.0002527376713007746
699,0.9031104588333413,808,5,0.014974858778259442,0.908201454031531,0.8218010280018135,0.884212274802998,0.26462220299332795,10,4.849697724198268,0.0002762655207085165,0.38028269945400095
700,0.9029679580302918,681,5,0.0148898614669708,0.9308191356229283,0.8427281761510529,0.8863802914832579,0.39912407722384435,10,4.1186920141938765,0.0002629855850700676,0.0002455241250075508
701,0.9026487107516893,810,7,0.014898453160853906,0.9121750001297175,0.825469106803111,0.8849697417387632,0.4101356628760827,9,4.887094427707649,0.8596507161371388,0.0002576213812324556
703,0.8990844931278321,816,7,0.014879101000518676,0.3810634413960511,0.7746173575561763,0.8897471359443936,0.39724853218827283,9,4.873961480505145,0.837956393827306,0.2238952407140598
704,0.9034292229444766,785,4,0.015493501519697424,0.9296681786117811,0.7770285988611454,0.8891997950961136,0.40370162240773094,9,4.858217220083878,0.8295472163728659,0.21334443402003597
702,0.9026879456832194,999,7,0.01523259919713055,0.9060259728381359,0.9455476983502509,0.8905967265049898,0.39535601201010234,9,4.861140199257883,0.8277374965415091,0.00010054502800489317
706,0.9030444018739479,781,7,0.015397840543109855,0.9332042982291116,0.7954374512260273,0.5913956113745193,0.3983063075489923,9,4.816458380710986,0.0002695521550663707,0.39974157556708767
705,0.9025094401618527,811,7,0.014790003067061207,0.9357085042677182,0.7745879392158929,0.8943896862204128,0.4040896562547948,9,4.439905876086231,0.17751108229985232,0.33711735165572276
708,0.9022425810532431,829,5,0.01574836104572689,0.9317585562655866,0.8441705912999639,0.8960738566288703,0.30565238405722184,9,4.085523043279995,0.7436094946156477,0.000255785820908524
709,0.9033358834429791,836,5,0.014958129026530029,0.9383919314311405,0.8465696195671827,0.8988826381712605,0.30444935696982667,9,4.100680235654964,0.7468771529642982,0.0002506039069449974
707,0.903991365791281,1000,7,0.014950658536257969,0.9344770292797446,0.7956770903283092,0.8867554034932238,0.39956229384966047,9,4.845791811727073,0.7401548896586685,0.33915271963776616
710,0.9021014785927924,827,5,0.01522778511137651,0.9365250611312018,0.8774511150359595,0.48529304729247996,0.29720960902714216,9,4.092856572790146,0.7305636760218465,0.0001475474759077511
711,0.9029674675651412,838,5,0.014943118086729682,0.9373377901670366,0.8783665751804012,0.8956590788396535,0.30439915137122425,9,4.109852563761136,0.6760249104568703,0.0001705885266822817
712,0.9024565517964647,827,5,0.015764313643757164,0.938312813008581,0.8818535362769021,0.8593364083299078,0.30666586722474953,9,4.0970768151826125,0.6336269559623556,0.00012948602011239122
715,0.9017927451477398,793,4,0.031670397344702846,0.9342174861948328,0.794741219930775,0.9028227892387066,0.34304132063657294,9,4.411925932001198,0.5769170251061716,0.00013664566729914662
717,0.9033632191213419,798,4,0.031029675399209835,0.9340357347896697,0.8455319744855774,0.9023982258309783,0.3128521041725854,10,4.434999593494632,0.618967238441897,0.0003116220412714902
714,0.9033005758054788,787,4,0.015792584118488648,0.9345309214846061,0.8827854318233743,0.9006659083797877,0.2958893141273765,9,4.782994982232179,0.6295862966131139,0.0001458099272413932
713,0.9034533870951655,780,4,0.015314622612521707,0.9342335957348715,0.8353368921269598,0.9011644195577333,0.34296021488244316,9,4.817585538492883,0.6547178253357792,0.00011452879292464383
716,0.9030980647060061,794,4,0.016125640076381762,0.9361160585534046,0.8421247556002396,0.9023458720425536,0.3051106314878614,10,4.991047042054584,0.7142976115989506,0.00014393596788371302
718,0.9029312243037919,796,4,0.015949762389610215,0.9291567843054898,0.8742519775405484,0.9072914810092172,0.3825841073629863,10,4.997060955674192,0.7065832565458171,0.0001250515801881701
719,0.9029382079589267,1000,7,0.016358925911233547,0.9302410993467576,0.798953834290001,0.8713060211807664,0.3455541268284927,9,4.955081079358427,0.6072590008252339,0.00013856665805811181
720,0.9010759633976166,999,7,0.1363060803933984,0.9262338996530161,0.7998958441193549,0.906908148043261,0.3760825840607625,9,4.881189373847011,0.5718925820759907,0.0001675100099289624
721,0.9030521030586172,784,7,0.016461242161943064,0.9562488402604823,0.793927520553159,0.9039860937207898,0.34316952717331267,9,4.804364788238362,0.6143957340934693,0.4600118125302942
725,0.9022046746802124,981,7,0.016608716751047182,0.9535480614573074,0.30753223971493443,0.874131772311082,0.3812020764170629,9,4.8914789102615455,0.5156079507833305,4.662606038518592
722,0.9023065016157681,985,7,0.016259290357599224,0.9537373489743537,0.7947237045008987,0.8742515549622177,0.34259434378968645,9,4.978610742088414,0.5582954159201202,0.0003061122322587024
726,0.9029823729318212,778,4,0.01665783718600982,0.9532487729278322,0.7977674386266632,0.8731230011251411,0.34224765090506,9,4.98491613433597,0.5393277106727552,0.00011816404361070869
727,0.9030245356027832,768,4,0.013776101009389963,0.9555940240914556,0.803772616193924,0.9161059494319918,0.38125460263626737,9,4.949104516944872,0.5649243943417064,0.00010391201123214918
723,0.9025517855789744,1000,7,0.016482277231951035,0.9548791826805189,0.7981786711707834,0.8680196260671473,0.37777808211998526,9,4.995688439214494,0.5816712639197161,0.31038932007626596
724,0.9033177924093632,1000,4,0.016438607911331202,0.9549983623823936,0.8174774549296439,0.8647548022243191,0.3812108916518205,9,4.883011973007421,0.659467211716224,0.5019557472733743
728,0.9024014403742155,762,4,0.014137294635978294,0.9518865990021365,0.8014992131065642,0.8643895866390868,0.3408347277791268,9,4.898692521167574,0.5902735267365109,0.00010120163247189473
730,0.9004361664319449,769,4,0.013371301594466771,0.6253176356768899,0.27102562587204837,0.8737649784096806,0.3417415347670107,9,4.798122313292636,0.42822745021268266,0.00010708952638845922
729,0.9034537592010107,759,4,0.013926121237393724,0.9589875718280328,0.8108065947470392,0.9201427186403361,0.37836932729431244,9,4.836786720601102,0.5193058007058321,0.00011046596770959387
731,0.9036351744456527,772,4,0.013655931943605006,0.9553628253338688,0.8127482068706009,0.8742426429233432,0.3832217154908314,9,4.864527990551943,0.029243301381107006,0.00010188919334697764
732,0.9029427604211835,764,4,0.013989624596862598,0.9194378840095467,0.8105524437818088,0.8713093769634311,0.38607901202622524,9,4.808105986389543,0.41734606266390134,0.00019878953530318516
733,0.9029039936816655,751,4,0.013702275602165173,0.9520910195066272,0.8169261899092912,0.9181302946594256,0.3875483496089603,9,4.818202420134595,0.34007784249783857,0.00010211393605153944
735,0.9036368588422444,740,4,0.014080468059247854,0.9516967163455672,0.8194665363253838,0.9228740657671453,0.37161652226999303,9,4.754690461323916,0.3828477183899938,0.00019203641791516146
736,0.9034217182651412,761,4,0.01431045135376193,0.9170567308526423,0.82383498445872,0.9210909755702172,0.39143840265031726,9,4.769650652330797,0.3915109045195219,0.00010672923695086912
734,0.9025380148500564,771,4,0.013750391318636293,0.9185530051147023,0.8183979315189693,0.9123562743679308,0.38777758116773164,9,4.782807153988628,0.42397968963572014,0.00010449535998236971
737,0.9028608927262407,776,4,0.014055504623699993,0.9172347108253056,0.8269692463851246,0.9187554115381177,0.4042486558134254,9,4.7764668403764174,0.3489636691247633,0.0001942337050055089
738,0.9037623643284605,746,4,0.01411883832579521,0.9177002695855496,0.8250749143262659,0.9207398958062517,0.3980414597631345,9,4.754652946830165,0.40061794528187866,0.0002017475556928254
740,0.9031259164674298,737,4,0.01273323969586911,0.9218083608041815,0.8249369070840055,0.9257923750887288,0.3616677910269592,9,4.800437290686674,0.296551618904259,0.00021244071704643933
739,0.8963503575165592,805,4,0.014383740154302079,0.3006723766813075,0.8308370980108102,0.9291638363635191,0.4053275610242197,9,4.705784896267023,0.8576209730939276,0.00017407941065712603
741,0.9030331025511851,738,4,0.012561212113234358,0.9461583338258047,0.8173380804489383,0.8916512496587782,0.3581092062516519,9,4.74468234915919,0.015336622963013948,0.00021647536849009344
742,0.902841866828951,768,4,0.012678856711441124,0.9208132592438342,0.8289698091846419,0.8873067797047847,0.36088584424780307,9,4.774217654457475,0.013960977920296005,0.00018516072056176672
743,0.9029194342118082,726,4,0.012470365733228937,0.9245048934843145,0.8230829704184269,0.8869785413544666,0.3241484310159332,9,4.79195720507034,0.36098823441121186,0.0001847557980793117
744,0.9030219284293063,727,4,0.013338969208534918,0.964057389852752,0.8293290003230605,0.9146969201290662,0.3619838600637315,9,4.739239177503431,0.029118697194536323,0.0001881865122298029
745,0.8951327669094322,721,4,0.012853909304861811,0.2895992138214902,0.8287836040742358,0.8946492502039707,0.35109457540476385,9,4.75017184216058,0.022644494433469265,0.0001899641620027095
747,0.9031991795852896,717,4,0.013223029261557115,0.9468150225854851,0.8331231527475396,0.8965163268103274,0.3643228368195801,9,4.876343395867169,0.43766538474024613,0.00017672440508439673
746,0.9035550889818722,720,4,0.012861034478737423,0.9466248624641587,0.8526373101980599,0.8917626385790564,0.36340360008050404,9,4.9027526359792075,0.01940350836636862,0.00020488339752563047
748,0.9027803629399547,715,4,0.01320049804410786,0.9628828417396174,0.833584609244883,0.9269166765174134,0.3610619464138954,9,4.718724416995787,0.35182095576870265,0.0001944579796751587
749,0.9029821593225413,718,4,0.012427321360588616,0.9465815203269143,0.8308573496268022,0.9319787917923583,0.3496519433665773,9,4.670541275952592,0.030297267718043783,0.0002147234836644292
750,0.9034303600147997,718,4,0.012304978289990817,0.9593943254869226,0.8417093681623873,0.906236552467633,0.3621809057877379,9,4.872972361137018,0.008581252328454829,0.00020924430565524895
754,0.9023108879797057,716,4,0.012115241969685069,0.9854921803323642,0.8496791148458085,0.43427315600152916,0.35287811352383885,9,4.887231699014397,0.272929268726562,0.000247698263413799
751,0.903169190210717,717,4,0.01237864871590587,0.9680592264151825,0.8410166385036905,0.9136942277548823,0.3655193223814229,9,4.891915372882722,0.25829181790143685,0.0001697943573689682
752,0.9035362942539134,716,4,0.013022161842133945,0.9676003174037408,0.8428269861321396,0.9120942717403246,0.35302664111277104,9,4.896719145103303,0.007819390361335046,0.0001698421934520366
753,0.9029541874534088,739,4,0.012314751468019296,0.9596497662375767,0.8589180285523519,0.9121974894329005,0.3515946402992587,9,4.904561672981877,0.006279246647905976,0.00015790533072285228
755,0.9029102322128997,718,4,0.01213817734629778,0.9851605110727648,0.849255286045637,0.9339864406610232,0.3676384178654465,9,4.9304303695676275,0.32890760532207725,0.0002620487113419468
756,0.9031530424894247,740,4,0.01202853467627969,0.9878160451395704,0.8551450873766804,0.9375266377611802,0.3652748545266882,9,4.670735526967669,0.2824902103133746,0.000275838466563158
758,0.9027206066941409,743,4,0.013123094611059793,0.9928519958647471,0.8486689016928547,0.913468069353888,0.3694186686512266,9,4.916725667275825,0.012475600361759617,0.0002226635245444894
757,0.9032749677776863,738,4,0.012513998956893873,0.9865071555699692,0.8465214447495228,0.9308116803589555,0.37190331040157526,9,4.889335897331408,0.28570180881389057,0.00014883369322704702
759,0.9032390624142902,727,4,0.012807777868284648,0.9834891311208801,0.8544904288334849,0.9136600561403716,0.36818185972929174,9,4.873221895528939,0.30467018282254393,0.0002628227250141299
760,0.9026650174256521,747,4,0.012151033402242222,0.9885920811530231,0.8444082376101322,0.9161902773836672,0.37207243448341326,9,4.916826631782296,0.33410088533134724,0.0002585235049002253
762,0.9030950106254274,737,4,0.01232586403638086,0.9826060264252956,0.8444877968122622,0.8521182273123888,0.32998312768356725,9,4.925669278853793,0.03118061127759077,0.00026732734473774663
761,0.9024844018855024,745,4,0.011557426496496643,0.9831686627055067,0.8502655245419235,0.9142468395544627,0.32762155722217434,9,4.861011373827382,0.013587133302344507,0.00026931639472418034
763,0.903053105805952,737,4,0.011941163039493915,0.9874483372681834,0.8612437842985898,0.9369542691416077,0.3445869420865011,9,4.920533131633663,0.01839221117962053,0.00025625082545776575
764,0.9031250782980635,743,4,0.01232335381967203,0.9880883769377953,0.8534838866061129,0.9383044103725335,0.33574623545979226,9,4.932746204179301,0.00635851383032702,0.0001219083162141308
765,0.9033525667838391,694,4,0.011325828615795461,0.9867188097766466,0.8569349722055515,0.9432796700831245,0.331276912026196,9,4.90148140098982,0.03753006881728944,0.00015346558916375677
766,0.9038006573266857,744,4,0.01123936535320757,0.9757230072392002,0.8529057363755743,0.9178597349778089,0.3254055326546752,9,4.915031056909054,0.005136675939417763,0.00012231521279982034
767,0.9028150387196845,701,4,0.014028810652582912,0.9704646388031859,0.8694309468765286,0.9444802945667893,0.34451061936262783,9,4.978106939854867,0.008339357516119037,0.00015737368749573483
768,0.9032003216727702,702,4,0.010916256131764538,0.9647630673581737,0.8961718542025049,0.9187369801961967,0.3257063053145146,9,4.9624708098120545,0.017757938821379375,0.0001359306789574735
769,0.9031572359208526,693,4,0.011089207279013339,0.9621131127101602,0.8723845148962979,0.9478672512060663,0.333693964592038,9,4.970940656274513,0.004196552590322626,0.00013441403815524284
771,0.9016680275832979,751,4,0.01137836545418358,0.9655273188188025,0.862788257127844,0.24998891421419978,0.32915735580279654,9,4.721891524574351,0.01715705883823597,0.0001337427208279239
770,0.9001398668713992,707,4,0.014390036590290742,0.6594901235712042,0.8692792544693202,0.2247592574714809,0.3284544014638557,9,4.7238686616888055,0.007317578266204811,0.00013293316177174477
774,0.9021128093868158,687,4,0.01421356890353614,0.9652971128882468,0.8726119226735096,0.24990675971988524,0.34070973879496336,9,4.726914452818959,0.005353172927248965,0.0001290100084107352
772,0.9034412171435481,708,4,0.010991292908032245,0.9638925017612466,0.8781712377663612,0.942233159150327,0.33670383013468747,9,4.987773246831267,0.03818445850652235,0.00013583993289501385
773,0.9032074975002393,756,4,0.014065674504830384,0.9646513571923928,0.8711914227384819,0.9462516352925349,0.3265206338770306,9,4.991697647567593,0.01924527842233632,0.00014113958672671317
775,0.9028736603277364,706,4,0.01100250111580355,0.9645290305705658,0.8755488238432554,0.8971004218218603,0.34826855991113415,9,4.738641687904893,0.0043320341479151135,0.00012919873307214928
776,0.9025255667502696,684,4,0.010864430699303535,0.9677733367757497,0.8927975523315416,0.9491710023995303,0.33856918209437126,9,4.722788599379458,0.002016817442657151,0.00015906492718124353
777,0.90233967346454,698,4,0.010761525914750115,0.9672528323290678,0.8942909646949464,0.9238952138055901,0.3247640141828156,9,4.724985130169012,0.00866075824277811,0.0001368052160260603
778,0.9026434758039829,684,4,0.011695384725850659,0.9627174294967046,0.8780290866248731,0.9270987691857459,0.3261127003601658,9,4.747964245071232,0.004678178418517381,0.00012913381763888764
779,0.9025895082176174,672,4,0.01149710424357558,0.952559972187035,0.9120838599265936,0.9284540725174678,0.31984377688587495,9,4.7207379519746935,0.005266989172075168,0.00015619186442771538
780,0.9029636591625397,710,4,0.013649666274630637,0.9470436271741759,0.9060677208690849,0.928324857937787,0.3500100030178844,9,4.727427521819966,0.002563660140593634,0.00015608822517748872
782,0.9032899547111839,703,4,0.010849465911788907,0.9474506013419155,0.9137516445091175,0.9004508412850178,0.3184720924101977,9,4.6396667479485085,0.004522914322480866,0.00016274021999972021
781,0.9031925063857772,696,4,0.010776538444682343,0.9465050004939424,0.915589143311834,0.9285863149230604,0.3191821452268103,9,4.6348947944743255,0.0036258354853422677,0.00015510728320701413
784,0.9031626998333817,731,4,0.013464954758514598,0.9463359187763078,0.9012142322128679,0.9000101977440905,0.3186447240765158,9,4.640883284854185,0.004648248242800801,0.0001698405478005662
783,0.9027253983075699,669,4,0.01043582305705695,0.9445789821485481,0.8947854173547239,0.9026412116717142,0.3205854343839743,9,4.631271168614717,0.004822840682688458,0.00016194323752597705
785,0.9031496803857847,754,4,0.013057953388430047,0.9466614724961516,0.9171106648730989,0.9249451504606229,0.26357899097201387,9,4.627020093789419,0.0070535750765986305,0.00016663018553817705
786,0.9017725980677923,752,4,0.013355594824093903,0.9441431082209576,0.9183126224634548,0.9258865923761728,0.3186676237273181,9,4.633218861779429,0.4840711186666678,8.124705127914606
787,0.9031614784596098,735,4,0.01373318497198156,0.9439281941203421,0.9176911550527569,0.8977361260554712,0.37843861060681466,9,4.648034731703868,0.005193108847521684,0.0003320614267575875
788,0.9024251458350843,731,4,0.013649893341489432,0.9484241742211054,0.9075666828780459,0.5523594708139861,0.37883243541984724,9,4.833952688360535,0.008949913396741838,0.00019489101987524591
790,0.9027413232214603,731,4,0.013274633883119656,0.9443551899527737,0.8133783672599623,0.9051364401229086,0.2611905663723129,8,4.640265655699215,0.0036972799960083855,0.0002002862334701306
789,0.9024231736360964,729,4,0.01340797568718308,0.9446455432535089,0.9156354860106936,0.9004124723983484,0.37651356643860884,8,4.643609790887294,0.003303690122289739,8.859233405562001
791,0.9029857683311426,754,4,0.014807463218355384,0.9453372259985563,0.8123960467287027,0.9025654354950517,0.3725138517117899,8,4.635638744864476,0.008898169985166663,0.00021202427899476983
795,0.9007657294423949,725,4,0.0390824490317805,0.9371293174830958,0.8106966501987402,0.8804292634772957,0.3891991397497059,8,4.810333496753797,0.02558483504888649,0.00021809156618261987
792,0.9027250814664743,755,4,0.013488274991992389,0.9968442869077824,0.8181186850983516,0.9044283002678034,0.26822015475073807,5,4.800537638544766,0.009827540556760212,0.0002323291823078559
794,0.9018599080102658,748,4,0.014409227449387123,0.9958850502483441,0.8112903286068369,0.885484086264238,0.26627497807681283,8,4.828919226941867,0.0031665866719452337,0.0002044124112196375
793,0.9037099234783144,754,4,0.014570984072418422,0.9411119616792006,0.8123395175281819,0.8782716263711107,0.37812103645853196,8,4.869267910955775,0.006767723830798137,0.0002074042334817461
796,0.9030792021704042,729,4,0.014759057786502914,0.9767643314729795,0.8174284812338387,0.8794740750365996,0.3777463116831073,8,4.788599003285868,0.010666018836266755,0.0003287783234894696
797,0.9029969378919693,756,4,0.014773732913348167,0.9952274596900986,0.8196454311525647,0.7871515393210391,0.37029111870190706,8,4.846041113521419,0.003481123851712457,0.0002213109389854772
800,0.9022337146717618,715,7,0.014737613525219124,0.9966897830636582,0.8104428861668113,0.3580118298744977,0.35356381761956485,9,4.835330321704792,0.024725166674547924,0.00020307382413988208
802,0.9026123188760546,753,7,0.029736228597554412,0.99524070325683,0.8092105354752517,0.6951207935808529,0.3564715678827768,9,4.79376874087153,0.010348905797720975,0.00041877983595488635
799,0.9027760106318736,760,7,0.014872724175039554,0.9964252019868025,0.8135817685220331,0.8861715181781256,0.3743273269242765,8,4.841123824736041,0.0034140453484710264,0.00010056091524757447
798,0.9028568007022073,725,7,0.015138706218816097,0.9765375336256262,0.8009088152598338,0.9065126807602663,0.3549810511448516,8,4.8195399363470806,0.007386847063671366,0.00023397993144808293
801,0.9028606909756967,762,7,0.014907991765953695,0.9738465360814421,0.8164452006651031,0.8810737683858963,0.35785783004771593,9,4.824664889783373,0.0026361444197115476,0.0004164332987222473
803,0.9027713740182032,762,7,0.014685430166434133,0.9312202406858606,0.8340124715520104,0.8812655308178536,0.35524194647138446,9,4.818342233429071,0.23815018658194193,0.0003486168827081757
805,0.9038352549603875,725,7,0.015024994399149663,0.9282782365640432,0.8320483969457233,0.8759233243564578,0.38877467776143254,8,4.865070514318706,0.0077469921769013446,0.00032901733810765187
804,0.9026747792937229,762,7,0.014930138934793743,0.933846840341576,0.8337451083125625,0.8780265464507231,0.35155978229806495,2,4.8602576300458855,0.0012744038593536673,0.00034726854545783723
806,0.9025719559963059,718,7,0.015013841710085992,0.9304115654605094,0.8351975681495106,0.8624445770974377,0.35310368664161257,8,4.8606242004879165,0.006702287786419865,0.00042505355018667497
807,0.9030018066631987,716,7,0.015583651081137401,0.9289634829158275,0.838657800162749,0.859943277193732,0.35802886268161954,8,4.837024492436903,0.006673919148787986,0.0004214269356896882
808,0.9011277188736463,764,7,0.029211425203760712,0.9287554523958091,0.8342363704543831,0.8574826509050759,0.3563550035209773,8,4.9989822403238104,0.00952446116316804,0.0004311419935388103
810,0.9030131195170832,723,4,0.011894206429217258,0.9267599307976263,0.8361036584358899,0.8592343756173714,0.2829971806515489,8,4.895632046939109,0.01101765272334269,0.0003624250238869664
809,0.9022803781130551,719,7,0.01513595374094948,0.9279212246570092,0.8356555509701564,0.8565328141239086,0.3912287027139573,9,4.9796256415371465,0.006191123274457673,0.0003218646530788319
811,0.902783317665612,773,4,0.011936202858642738,0.9295790739126952,0.7881041550982726,0.8651389539677562,0.28850267277997615,9,4.907872877351166,0.006124337875428927,0.0003979576455665745
816,0.9020781929007647,244,4,0.012212372838189177,0.9295312912022693,0.8593694583710795,0.8566889701922383,0.3864786359541411,8,4.971427038801984,0.0058397057809386034,0.00030556758575591493
812,0.9034081414569606,742,4,0.01191481568408716,0.9301963805319354,0.8368324276738173,0.8699926405639288,0.39043980386736155,9,4.9150936362383515,0.007021325897153102,0.0002994635772189221
813,0.9028159189267491,712,4,0.012314136458298588,0.9266388529819058,0.8398657887497424,0.8628404632830252,0.2900350635843394,9,4.936228809473739,0.006759412078276873,0.00029172373797436616
814,0.9031463233753196,715,4,0.01189555160941052,0.9282224007073122,0.8399379704267094,0.8599342452093348,0.3890528425975994,8,4.931258249970179,0.00645103077420677,0.0003398851090153221
815,0.9032698780994934,738,4,0.01253104963012633,0.9247497687456459,0.8541760732599022,0.8553724874074816,0.39272585452853315,8,4.875117647407245,0.006380264668331289,0.0003044989834144494
817,0.9030778102132786,690,4,0.012080295328854957,0.9249354724738806,0.8509978444106759,0.8600588333466485,0.3973020654048369,8,4.996441082201083,0.005455819228700009,0.0003200804599059148
818,0.9029472329129907,691,4,0.0120174897228567,0.9579672976060983,0.851875661667011,0.8660751794979491,0.38561643092148734,8,4.9279878188395445,0.0061329430474492365,0.00031271543380003146
820,0.9026706526817103,741,4,0.012053223448677089,0.9578782177410968,0.5874939315650952,0.8747368587783001,0.39423798374942326,8,4.971440099685784,0.01269583698403031,0.00029370340495278
819,0.903287119485095,694,4,0.012279083587128457,0.9599821794267617,0.8616655763988712,0.8833175813105297,0.3901397077312018,8,4.704979272881319,0.006424342461849162,0.0003087333696154851
821,0.9032083687372344,700,4,0.012767056479607092,0.9596319441357141,0.8566436269618857,0.8779932215451054,0.3936258494429419,8,4.976187556947954,0.21605224340936818,0.0003334721439873632
823,0.9024483570299255,703,4,0.012880353891651907,0.6955820194307266,0.6374329784761722,0.8756248648144953,0.39727703987551066,8,4.989882735938666,0.006416770382553201,0.00026339919926655897
822,0.9011625165855064,693,4,0.01008017739546704,0.5761461959460382,0.6261246995836195,0.8812338294682467,0.3911238977238085,8,4.732031949237851,0.009969338869520497,0.00023474641397888652
824,0.9035130164677095,729,4,0.01298346388552754,0.957374877308769,0.9490596006172882,0.8775602377845785,0.3965544529051259,8,4.719507140446494,0.00785905963972338,0.00026292380537741323
827,0.9031432340986212,737,4,0.018503649398430876,0.9562565559136964,0.6429054647029032,0.8851142630111447,0.404602469191445,7,4.714716313822247,0.005148157763253139,0.0002333594440839715
825,0.9034885220968386,692,4,0.010077238499158644,0.9579996436488791,0.8940505497069509,0.8827346055775271,0.41778757548824674,8,4.7164048988919225,0.013214428206744698,0.0038552686013938573
828,0.9028195586464355,750,4,0.018399755315073214,0.9744189201023313,0.8779162343865197,0.8769496798113848,0.419647364120678,4,4.732525284783037,0.00743204067428301,0.0002424605151694976
826,0.9028101861401906,695,8,0.010128777170362337,0.9586353551660237,0.8866559679914328,0.6634203297787228,0.4156704683479103,8,4.696506772188119,0.012051475733373876,0.000254457185861361
831,0.9027405472344394,736,8,0.06180587250577133,0.9708242088104402,0.8922417808659346,0.8871049126285854,0.41639953683021946,8,4.754800069604778,0.013346301401832348,0.000211928587301402
832,0.9012846785163615,737,8,0.05894371161398271,0.973740808545164,0.780415568152262,0.8362810384160482,0.811294703308221,7,4.717009737441561,0.008480261744452391,0.00022240818437536722
830,0.902954319191801,739,8,0.01809083914794075,0.9721901014628938,0.8887130773184091,0.8811414123121023,0.4052230032812552,7,4.713517118390215,0.004292065836548507,0.00023287584688776167
833,0.902587281131827,737,8,0.03303828679147095,0.9689124463216628,0.8853394189963011,0.8907188959457742,0.41744943261701534,7,4.72565591865362,0.008026822748105632,0.00022225495370527113
835,0.9040490564885711,743,4,0.013432168896617221,0.9729054926848132,0.943605509322203,0.8451051901987862,0.3727338659203876,8,4.711738191030766,0.016441367067330175,0.00019828515618139887
836,0.9033874500914459,655,4,0.009335609941141307,0.972213877559815,0.9437744515757922,0.8913478186676008,0.4086190120473424,8,4.746899600012229,0.009955009378099186,0.004161282926172026
829,0.8924666766482761,746,8,0.03407938696185655,0.9761468404223759,0.8847323724910251,0.8918250098887711,0.42291644503922726,8,0.025917485256327755,0.0050267836979551,0.00027285245828314816
834,0.9026467212207031,740,8,0.010566468415961759,0.975138993150737,0.9607947059826386,0.8904432991178748,0.3741731620920651,8,4.742026997064143,0.004234753333070116,0.0002242492770074598
839,0.9030415886169273,656,4,0.010589273914279735,0.9754741234020233,0.9630430403981207,0.8929192620481141,0.3737578146075198,8,4.818653218453148,0.008667854133544426,0.0020697228836827554
840,0.903507182501809,655,4,0.01081585243801094,0.9783838530266424,0.9448607805764008,0.8976724430630636,0.3772949545341549,8,4.7721873918152165,0.01649602591181236,0.003427172881034358
838,0.9031731663080057,665,9,0.009272965597948764,0.9737177182201122,0.8868810034169315,0.8948462298049163,0.3742414408946836,8,4.710615992064597,0.010790767140413795,0.0020507549258167836
837,0.9029424320254222,702,9,0.008362631361719275,0.9765765850079146,0.9494151256449921,0.8924936651647204,0.3732849657646858,8,4.7690452673806725,0.0139065307556538,0.0028431670856164794
841,0.9028228811449385,675,9,0.010349183474755854,0.9765537245086425,0.9580749577953116,0.8866231451992007,0.37571174071662233,8,4.813266111939705,0.017383075724998826,0.00296188668646399
842,0.9028295842193431,671,9,0.009260230310068337,0.9801946650020839,0.9320792888885102,0.8925540169331935,0.3644195981628896,8,4.822499280523863,0.016346037086560093,0.004411342052639561
843,0.9025534610054967,724,9,0.013252595375698192,0.9790294357740602,0.9437677865376936,0.8368262400118032,0.3713010712233099,8,4.833090247469754,0.020798929384487977,0.00018102706882626514
844,0.9026093791258518,774,4,0.010973739976461177,0.9791716777515728,0.9282346115520772,0.8460225901334462,0.3733267598139444,8,4.819715599860159,0.007958254223858319,0.0001745456680809453
845,0.9022511200271911,720,9,0.013132503618757473,0.9895599353321722,0.965467401102358,0.9004177970055471,0.3698776636498577,8,4.806329615653402,0.022104533254957995,0.00019086023688840678
848,0.9037970872390637,777,4,0.011137830057824306,0.9451921943192456,0.9600340400456269,0.844348111095939,0.369541807536645,8,4.609044374796825,0.014080516517265072,0.002755535459969974
849,0.9031023204718146,650,4,0.01156620034902539,0.9446331779379453,0.9701022715987924,0.8552332413647155,0.34326946420633675,8,4.583276621718951,0.01981009055990004,0.00019781184105709115
846,0.9023169062881342,715,9,0.013832120216601188,0.9968639454331583,0.9764381605410688,0.8526457097403926,0.3666467742884599,8,4.834488917886845,0.008129275239696275,0.00017665458162315537
850,0.9030090905115884,649,4,0.011530077527234455,0.9463026931170444,0.9791684447240333,0.8570087956079959,0.3609710323935999,8,4.572770829230945,0.016873554648227113,0.0022033107631716036
851,0.9030053400343501,573,4,0.011086815147598215,0.9451677628537163,0.9709455278197836,0.8339443971073475,0.3380855021859992,8,4.599355985778506,0.021447329080300555,0.00017879231322177463
847,0.902702385518501,771,9,0.013492153408908122,0.9466161822863567,0.97227402418584,0.8501807214351281,0.37068627615257144,8,4.596745171270951,0.0158351921550748,0.00017832280956283373
852,0.9037503238347089,492,4,0.011140934048252669,0.9529225958509566,0.9738482705321695,0.8451719497018577,0.34162756090517554,8,2.696868534768508,0.02120248054450181,0.00017507258699765962
853,0.9020988135699696,647,4,0.01128052042742801,0.7632753998994799,0.9654675045209915,0.838853522825431,0.3401594745694303,8,4.587654242431997,0.027020855125509995,0.00019055750356644324
854,0.9031733640296205,562,4,0.011419865280283962,0.9466082139446311,0.9720155582324328,0.9118483658191919,0.34738886861991597,8,4.633314660697039,0.013738915904039833,0.003720216866534828
855,0.9035687069915579,607,4,0.010947680663792054,0.9485157183441526,0.9416709474376774,0.8439761627328711,0.3362997627542983,8,4.616807779342539,0.015457717340653392,0.003735380810691469
857,0.9029015731312426,602,4,0.011072159257313783,0.949199742915578,0.9457772754348989,0.8306822818340004,0.3459395263845437,8,4.657259239200934,0.016295996937685853,0.003141855275762498
856,0.9032902508755092,552,4,0.010604327366208767,0.9482962522191452,0.9870786737430681,0.8425351510236725,0.3541289366532203,8,4.593297277721788,0.020824299561642407,0.002632860254400943
859,0.9029546230338976,548,4,0.010844873360503639,0.9522191478931825,0.9373671341613884,0.8273009462494058,0.3460839215109994,8,4.601508303167024,0.018839983487128543,0.0018368763921917041
860,0.9032819400301906,597,4,0.010193383600861094,0.9599935830455585,0.945159617430161,0.8490474804207814,0.3508806852684981,8,4.592934570041949,0.015106254202262897,0.0034523378312225675
858,0.9038086339989105,766,4,0.01118141205944282,0.9511882521971905,0.9610694866196026,0.8393366278517698,0.35022866470055447,8,4.613126251384936,0.02177551412625113,0.0025365620838637623
862,0.9033537902861021,775,4,0.011101739245606335,0.9989248450637741,0.9711439160663984,0.8287553635268169,0.3446171274239421,8,3.1305018247637864,0.026475974314091193,0.003702109893041916
861,0.9035980540939578,773,4,0.00989233000009081,0.9531400263569529,0.9900562088713802,0.8396515964614178,0.350733654933965,8,4.59910965218373,0.014537814376785701,0.0034910193162963265
864,0.9033755649775408,530,4,0.00934337055307618,0.9611585174384896,0.9529482892758628,0.8516726860065507,0.3540566116475092,8,2.6359298051954188,0.025734193269205407,0.0035908486106394377
863,0.9029063607917598,623,4,0.010195103235855138,0.9579055860227601,0.9487561677311392,0.8155730051206982,0.35490909285657674,8,2.864289755312406,0.0143777485894478,0.003235671214443113
867,0.9026578612107075,411,4,0.009866813047179842,0.9558319316440332,0.9589780188464165,0.8139951429898494,0.34230775460043816,8,2.563727635186841,0.02760733514438394,0.004665360120315853
865,0.9032174455352588,509,4,0.01011982637588612,0.9511451547527071,0.9525425455088199,0.8364206420235587,0.35445027351206004,8,4.617677535045805,0.024720990305023866,0.0024765370165603993
868,0.9029710668434976,445,4,0.009824824032314581,0.9608307853665417,0.9508563689934344,0.8230232392949987,0.34276057298802654,8,1.2769151744745053,0.014688625956721817,0.004814314210262457
869,0.9026147471042487,494,4,0.011535682350715764,0.9563921020382757,0.9900060272995211,0.7992550334693278,0.3415325174162027,8,4.6750840940835054,0.012177706914398309,0.004793194808956545
870,0.9022595862523561,355,4,0.0101449238963805,0.943693698875547,0.9813567100211329,0.8232885363116398,0.3301662684198104,8,1.2350766488981921,0.020595752524390224,0.0024775995339601496
866,0.9024940944255793,632,4,0.00994947098319558,0.9524942149976126,0.9998759632179764,0.8238935358248133,0.3408493299208288,8,2.4748363052792532,0.02563339705006473,0.003300225265566772
871,0.9029474776134434,515,4,0.00946028931796458,0.942103903442401,0.9594804688340057,0.8189648078655408,0.3595307791714242,8,2.6927463956796496,0.02420800017686038,0.0019102377419356665
872,0.903059183332042,536,4,0.008400398310552943,0.9390411030557687,0.9554290565712295,0.8225247578869052,0.3337112585264648,8,4.54526988805406,0.022203189446703648,0.004692719186328292
874,0.9023905488095227,426,4,0.008380274410928635,0.9395172247024789,0.9587918303255667,0.7897553724915088,0.33730679842484906,8,3.302873947978097,0.030563333989450374,2.642805899151306
873,0.902474026175818,455,4,0.008362921206111054,0.939774070591164,0.9868818482061947,0.8255217292328316,0.3326653653115525,8,3.3408507601009525,0.019511774793838334,0.0024806835626935524
876,0.9026162364398397,586,4,0.010020595596844914,0.9399561598969909,0.9898599460560605,0.7678267635183156,0.3239178082804091,8,4.543394945930968,0.012084991279871726,0.0049935751594640245
877,0.9024766356298212,582,4,0.008336505085807995,0.9423702291660384,0.9983852296382939,0.7980594632843614,0.3283838318536224,8,3.388930058372085,0.02080409484704211,0.002759223909159432
880,0.9032931049539474,470,4,0.009329179290667485,0.93940856683401,0.9980256869227645,0.8330889706226215,0.32775479085708076,8,3.3403842645093897,0.018303634997306653,0.007227828019155299
875,0.9023639356018345,777,4,0.0086321838423658,0.9443412080521041,0.994102894415557,0.8212244304297203,0.3294765970416983,8,2.2964252942063275,0.022842751206073958,0.0067951251088008546
881,0.9019676599047142,474,4,0.008469595957683264,0.9370276469893766,0.9884146572246361,0.8313308591286184,0.31504873691420077,8,4.535942069975966,0.018793149492163232,0.0025260441178393952
878,0.902333355723032,773,4,0.008419301332187741,0.9161115327909377,0.9789574574347715,0.7891694416707437,0.330167211194076,8,2.9939144945766643,0.036486368901428264,0.0025608310296327185
879,0.9021079272364998,761,4,0.009075385881523656,0.916032935118579,0.9986617309859385,0.8004987965225308,0.3366924932718139,8,2.9115395158626116,0.019526117912164458,0.002445757976377067
882,0.9025983417595226,464,4,0.008883554995154523,0.9369383242217926,0.9942627285632526,0.8348897717784394,0.31481838732641015,8,3.1849544114444064,0.018267452191860323,0.004357323144178962
883,0.9025520219174978,487,4,0.008491018925365986,0.913814278761915,0.997139743999328,0.7975546432200418,0.32434807171409763,7,4.571654690928894,0.01850030320871092,0.008417660791764082
884,0.9031773618679247,768,4,0.009406717713455649,0.9129321478286582,0.9862289572340055,0.7879751943912245,0.30713391258903683,7,4.556979213081142,0.011555438884837602,0.002444154263565753
887,0.9024012528389509,777,4,0.010909811420491983,0.912669884236633,0.9734547624231994,0.8419527262734674,0.31611713741274566,7,4.639482386114979,0.03111379172409467,0.0023194217217070274
885,0.9015324617841596,773,4,0.011212718935627721,0.9080470888094021,0.995977195343467,0.8574782223702696,0.31255823822583484,7,1.4354434734707833,0.033684856615875315,0.00301496068611495
889,0.9034377353883043,764,4,0.011188008120864757,0.9133854977943594,0.9784293361938348,0.8063807259288607,0.36477528158509087,7,4.629651840209765,0.03383688334249228,0.006239575123172929
886,0.9038077718080023,776,4,0.008975679511306527,0.9188942166543747,0.9668566269886372,0.8450286385272872,0.3154597401630409,7,0.6171773558209455,0.0007189303171674916,0.0023660205634868504
890,0.9029033687414912,756,4,0.010842129244022081,0.9145665680887297,0.9321072574590186,0.8407748570356367,0.36487527963544836,7,4.652379043184922,0.03309638430998204,0.0029833107006039367
888,0.9023946571773266,758,4,0.009075743749726875,0.9240105287603869,0.9823376443884604,0.7895269694997555,0.3619479302403542,7,4.65854565364633,0.040397312645053786,0.0024395978718227086
893,0.9036399979104299,782,4,0.011400229180436735,0.9690596128667307,0.9298476958415866,0.8477760931464614,0.3640639351866477,7,4.662332300826843,0.01196613427064151,0.003703246334498353
892,0.9027560796697847,749,4,0.011567936703401943,0.9688992250558148,0.9712737232834345,0.8478719448046523,0.3624254881405399,8,4.64257434347129,0.014512750363826248,0.003998267989100601
891,0.8998652076032861,762,4,0.011395059347090935,0.6032531914336403,0.9345091949280472,0.8424618516663119,0.3669290616733907,7,3.0247397322118825,0.010877317789059161,0.0038888719225096584
894,0.9021561379387473,754,4,0.01139143574605313,0.999525426947426,0.9308606754264976,0.8540759065128246,0.36372102141063883,7,1.4520412143771266,0.011696018011319087,0.0020622672257373663
896,0.903404304471765,751,4,0.011679129497443961,0.9657140760300346,0.9309074978507544,0.844613127061121,0.3642826842597623,8,4.667887837012032,0.014821172181799923,0.005888964570013612
899,0.902939112187533,786,4,0.009725255024761483,0.9994159647057759,0.9650124731352053,0.8427471368603354,0.30179446722335973,7,4.907809329186224,0.0010735888712552226,0.003992679169280016
895,0.9013772464398555,758,4,0.010873086510764155,0.9664434980699004,0.9321883433131221,0.8462799612768552,0.3646996418378341,8,0.6179854675087368,0.014079779454412047,0.00327985768920931
897,0.9011955246164854,751,4,0.011797278585798014,0.9683310768296768,0.9271632201152837,0.8388356067354766,0.36180760373880816,8,0.35755781673088727,0.012984206093031728,0.0031455650042516974
901,0.9026775082472946,752,4,0.007735601398177914,0.968830259660976,0.9363515765879378,0.8461310279566524,0.31258447363905695,7,4.998602963190617,0.012751981255430436,0.00327391310275171
898,0.903123434114749,755,4,0.007770179866991505,0.9642421121939779,0.9652998342941354,0.8480916070128827,0.3011402237713945,7,2.782893644466609,0.00040113479671355037,0.003634313315434378
900,0.9033444573089767,745,4,0.007509899625687833,0.9657552976514522,0.966673645638191,0.842521539035607,0.29839155931638495,7,1.7041297042592674,0.014175315463155674,0.001734273724239103
902,0.9022664859841297,785,4,0.01002338477153426,0.9811634520509195,0.9282171246054779,0.8415248191698389,0.30144151879941306,7,2.766437952599323,0.0002038312059605303,0.0035200243271528036
903,0.9011408734044071,795,4,0.010504506432327768,0.7520587606917928,0.9313379759460227,0.8177325846564495,0.29852097979741404,7,1.4108029944307445,0.012257182611952936,0.003493299479914106
907,0.9030714260324428,388,4,0.010299320832215053,0.9760070089889565,0.9603284252540681,0.8155759961265538,0.29356651061352,7,1.575318149682674,0.011641514723430507,0.010384675155408361
904,0.9020555194539824,794,4,0.007465623985288321,0.7544288914024784,0.9612185959325104,0.8311362808210898,0.31394272344082447,7,4.890201233795806,0.015331642857698422,0.0049100945792125905
905,0.9015824923462503,796,4,0.009753744577616777,0.7477796904778278,0.962403640835164,0.8418465410360122,0.3028144673200484,7,0.8535346077334574,0.0006990866416626356,0.003303895492543322
906,0.9029030867164278,797,4,0.010299688731936077,0.977904183688555,0.93746328901957,0.8255782131490195,0.31094060402546597,7,2.7947931822994967,0.013384607828482028,0.0046650705849360236
908,0.9037390133373681,777,4,0.007533902315393067,0.9710282014277005,0.9587919188082663,0.8126240158662252,0.30134336797628686,7,0.20595682554953232,0.01035506770826014,0.0030978766580413734
910,0.9020075847714129,784,4,0.01032186286502474,0.9850309068770582,0.9572796989516219,0.8279490470114014,0.34601229621693264,7,2.1129144081671853,0.0009164832146313878,0.006040964546095286
909,0.9021775216719916,792,4,0.009836101850887607,0.983548190300438,0.9499003808139783,0.8144149356128103,0.29853093719358337,7,0.2607247471643479,6.678588419620146,0.005458979437209052
911,0.9022601447532026,778,4,0.010040262964379877,0.9763044054782074,0.9490379784603086,0.8205811419790984,0.3407470855215714,7,1.1226656001266684,0.010672434111973295,0.0035633856906492527
912,0.9023964936089929,780,4,0.010491269933393792,0.9782188079188057,0.9448624468144955,0.8148011053933648,0.3445793550435541,7,1.3426640540718653,0.00011800151991286028,0.004902245052549978
914,0.902936480536409,615,4,0.009340993864108667,0.7171779155833238,0.9567468956245923,0.8224737002588834,0.34769066918983277,7,0.40547610182334193,0.009366819064960664,0.018943892106047838
916,0.9035672039728103,785,4,0.012283300864619505,0.95564510653283,0.9464793714409107,0.8239176015847939,0.34456218012547407,7,4.787668280640429,0.009796891114070262,0.005691146144444091
915,0.9025364581629273,789,4,0.009291219371909883,0.9787854574237396,0.9464058484977785,0.8554056091999008,0.34822494347556054,7,4.781062059795379,0.0007051968417080593,5.1842809063234965
917,0.9032429815744436,780,4,0.012371912008318456,0.9552826748611571,0.9474924294305509,0.8125927818106109,0.3432088351366434,7,4.783626627727904,0.0005788392759226497,0.6969017334054
913,0.9018396313204173,791,4,0.010262919228796645,0.9873857194089838,0.9558943559033001,0.8089445124785938,0.34604179281879954,7,0.1451686541623909,0.00012586918677190553,0.010361538344688462
919,0.9022525220946491,778,4,0.008956912671660575,0.9545872365493003,0.9771101887519157,0.8074041908184922,0.24240793812814973,7,0.5436397800173232,0.0006470009018076,0.005193912549118314
918,0.9030103169025177,776,4,0.007374378262271399,0.9599787353797263,0.9511605188317167,0.8236305552954585,0.2838609298225298,7,2.20663985872519,0.010441456857938253,0.00600679437760132
920,0.9029979707422486,772,4,0.006416876179724186,0.9305758089293766,0.950655537172727,0.8034532760202117,0.28115565051567154,7,1.9153902617813423,0.0006180865071885606,0.005660254363408809
921,0.903143528514543,778,4,0.009044406717437814,0.9566194719454456,0.9748319866952954,0.8055222800971531,0.3812289218309494,7,0.4610120691614106,0.010683665049916621,0.0030653917503104863
922,0.9011952360539139,781,4,0.012246907130686125,0.9591005218955835,0.9711876994806545,0.8633703836412784,0.24825951187957787,7,0.7114244688777214,0.00047079312340655413,0.0028131191554456973
923,0.9027961478295413,775,4,0.007293054948734301,0.9295650624930921,0.9773308140492066,0.8068739476354366,0.27295837353762076,6,0.23141209465317858,0.0005291870542589392,0.003053609059713686
926,0.9030632279971496,785,4,0.006498321033207614,0.9301832150759121,0.9762602578466444,0.8319518462253054,0.2685489290046818,7,4.765328503056883,0.008529746996161651,0.0028972397739673713
924,0.9029671362046962,781,4,0.007363532256037579,0.9290962848526307,0.9814826177080409,0.807429609116489,0.2722555229252393,7,0.46194726248273577,0.0016808075686063299,0.002884952276765782
925,0.9027729762398369,777,4,0.007156040272418514,0.9280292159225222,0.9833212692990854,0.8187695995447313,0.28331967728247764,7,0.9937466192235582,0.009504844282974064,0.002731629417454771
927,0.903160741241533,771,4,0.008164743524645088,0.9319426036259603,0.9830148703886211,0.7753648761121479,0.38467909025009933,7,4.771060482258153,0.0018144811606477255,0.006182067200076332
928,0.9028381080658013,775,4,0.012128755331407587,0.9318158407828626,0.918451276898336,0.7751509939682145,0.27874679297791816,6,4.7610823433992815,0.00931232697756894,0.006000832626015678
932,0.8983857020681757,275,4,0.007224387736293163,0.9331014760198788,0.9786240219590608,0.7744434093530487,0.26849187130892893,7,1.0658204692354487,0.015935516489366447,0.002892779363668346
929,0.9031776142461487,770,4,0.0078587258605913,0.9314314935378356,0.9712444374292923,0.7741988841717861,0.3800025483914781,6,0.11195327226314573,0.0018614472784750891,0.004169180396082137
931,0.9032277300238987,796,4,0.007627864219733543,0.9294130777254991,0.916287372795462,0.8319841729759222,0.3257358227258619,7,0.09208828342701635,0.001758118322747458,0.0043208330592530274
933,0.9011045352731711,762,4,0.01207400096699907,0.9353511032549401,0.9238265852291162,0.8290551959690853,0.32534059146836425,7,0.3904549864345505,0.016708427432344772,0.004030900127198584
930,0.9027026258099365,803,4,0.007751011547354831,0.9273964907407598,0.9787043922553745,0.8274315294481532,0.378823810222615,7,0.13559143919583683,0.009824403850595437,0.00406983678518819
934,0.8990515993512116,807,4,0.012018325311817315,0.3381696218121343,0.9189045162781146,0.833780162317975,0.32618795453154525,7,0.4207500896752796,0.015515951453003293,0.0040959750952926765
935,0.9007040316326609,806,4,0.012026876807023707,0.9401823733203623,0.9223053402568951,0.8563026320895071,0.381370224368358,7,1.572234839280599,0.01574254375752279,0.004560626786425344
939,0.9030366534063703,747,4,0.01175256314053025,0.947912521058254,0.9189052831388849,0.8359411762184445,0.32251053480787273,7,4.862793098248493,0.01775515575945936,0.00220482259518436
937,0.9006760716982816,803,4,0.011637814029609542,0.9424757074958904,0.9177413249136477,0.8325758784090698,0.32221793774233815,6,0.547059559611898,0.019811917924830186,0.0021948905505504725
936,0.9034764943740333,797,4,0.005495194184945704,0.9415060975670619,0.9365799491239593,0.7733071741116215,0.3794817865534482,7,0.7440352765161593,0.019075603688639912,0.004326992417610985
938,0.901343117986394,797,4,0.011613522170178466,0.945828337923341,0.9371463267658108,0.8574102842448788,0.32294546558615966,7,0.0533780272759814,0.012884324428815153,0.004603346103240175
941,0.9036762982609498,746,4,0.011734699029213078,0.9519748408768016,0.9226798715538627,0.8653195742335502,0.3235068456274696,7,4.901770779489988,0.01734316653830983,0.0021368202516650666
943,0.9030310604920804,742,4,0.011410704958415235,0.9531233781652475,0.9328399650947506,0.8584611665882332,0.31536632716134766,7,3.4882975685736026,0.01672081017563315,0.0023271727355973666
940,0.9016067972814185,743,4,0.011976831238938073,0.950035728116936,0.9237644044311685,0.832659362562799,0.32500880318593917,7,0.5403902436064352,0.015611732805932236,0.004439041893570355
944,0.9019936849647163,739,4,0.011424926357979114,0.9509316829745211,0.9229020898040735,0.8609175574365344,0.31715291176740446,7,0.7716933195218286,0.024199638539232876,0.002316670150358015
942,0.9022501082337696,805,4,0.0110369769484299,0.948918699082733,0.9366881440952793,0.8584627556830369,0.3196597002011785,7,0.6141468466599272,0.01596118010496887,0.0023034245023048606
949,0.9028920778566751,738,4,0.01084118471340469,0.9114822684696671,0.9395984684601161,0.8636555437821835,0.35780935844933914,7,4.705063310908185,0.024826067665602664,0.002360867532146333
945,0.9018595276945268,744,4,0.010974613413036667,0.9491142706163058,0.949051329691576,0.8497237385315539,0.35819241856838707,6,0.18759297892548377,0.011351372168616189,0.008361348889325385
948,0.9027667928213173,735,4,0.010654855293347452,0.9091324644033726,0.9404830854263972,0.8613705200742323,0.35435931000826043,7,0.3326785902657624,0.02511849767802198,0.002434959668202125
946,0.9018172808721511,736,4,0.010762583204843548,0.9564255155499916,0.9416080609665075,0.8554958805657567,0.355001134019641,6,0.23117359447053137,0.01228631828068111,0.003472562370947036
947,0.9011459538084605,736,4,0.01103416849019115,0.9084658152673011,0.935016399468857,0.8626873667619297,0.3583907737273112,7,0.5368064291649448,0.00017046229677424905,0.0021973388943255056
950,0.9034926505332722,741,4,0.012675366571896557,0.9581865249629024,0.937345212853885,0.8655657242856356,0.3071681664343514,7,4.905523833142945,0.02876703164521991,0.0017654572419890224
953,0.9024974340280283,312,4,0.010591823227957495,0.961607109100852,0.9629649598878611,0.8609579752040262,0.3341715691668196,7,4.893917074000457,0.026700097787997888,0.0018391255043825724
951,0.8984260860807997,757,4,0.010453278351986471,0.9559152772656881,0.9561917333178642,0.8631436664749883,0.3358949183080322,7,4.879875631405623,9.338778450386135,0.0021587019370308074
952,0.9034481229567246,757,4,0.00614943794757816,0.9579995257526219,0.9625239302318979,0.8655153555326006,0.2916230268528994,7,4.997440934233223,0.029379431679562466,0.0017987181305244148
957,0.8951221822275377,334,4,0.009469527911200204,0.9587795568223273,0.9676183825182838,0.8494795379401391,0.3371311005809378,7,4.8957002305189405,9.1851340606876,0.002544586263677075
956,0.9027556367155947,763,4,0.01290047145771542,0.9608963273962224,0.9562068176859596,0.8608723726387697,0.2975818288903616,7,4.999257030879117,0.00015377268288028546,0.0018237178242821166
955,0.9023119085911615,760,4,0.009705571314818631,0.778202178793718,0.9633377732315647,0.8602878693701775,0.29393661917682035,7,4.8628847115658465,0.012404732974401811,0.0017024160317491756
954,0.9032775862777763,764,4,0.005864690320448983,0.9121034659631185,0.9637726484885654,0.8543168052347941,0.2938486460425446,7,0.2255973129045401,0.023069772385572535,0.002140146173088319
962,0.9023201191693484,765,4,0.009587327019343441,0.7718080631998753,0.962765353799996,0.8457068088303448,0.3361244140695287,7,4.999306681570364,0.02160791874650844,0.003345644013747662
961,0.9032717592294717,764,4,0.00900715186460886,0.7952024254467112,0.9654446286336072,0.8702825201948374,0.3376702514033022,7,4.999245917986197,0.008486941884554627,0.0018399232504676352
960,0.8991152107504122,764,4,0.0059718423732664635,0.9673169568910206,0.9618242216314645,0.8689305769552117,0.33672576256383985,7,4.853315779836536,6.091294393311297,0.0029662666549491994
958,0.902945572689976,758,4,0.005909209840233651,0.9670998420715207,0.9560171452399989,0.8733732074886035,0.33612182674835384,7,4.865714762931143,0.02858888303160807,0.0017230318058151068
963,0.9028917797919114,759,4,0.012619563438439852,0.968063016767233,0.9618789799194473,0.8414092982572413,0.33574228275485,7,4.830134882556549,0.008817900983859019,0.003237288330924857
964,0.9034189579163264,761,4,0.012877653891615411,0.9713475402450426,0.9677410576413161,0.8484455973307331,0.3013391208825489,8,4.82847792162108,0.02128844664337425,0.003291218627053098
965,0.9022127721443038,764,4,0.01253676623097352,0.9169160982642517,0.9657472060950245,0.7905119553184764,0.3373348796010492,8,4.803551639474193,0.009462866446739476,6.134636903821541
967,0.9018901287062047,764,4,0.008877235852819285,0.9747717228996904,0.3547955081244909,0.873810337183653,0.33507163161456455,8,4.788997502741608,0.008442223551886147,0.0034278794870031444
969,0.90043858135707,381,4,0.006779949326220211,0.9741580668158693,0.9838560893961881,0.7874054161121092,0.3126606867462658,8,4.780982315047071,0.009273916593648688,0.003645405112550478
959,0.9038535104199367,761,4,0.005812100094389245,0.9667248317161985,0.9713535888761544,0.8680374015597555,0.7100525040979214,7,4.847399924607703,0.021550876093309548,0.0019643131294052743
966,0.9020959227750609,770,4,0.00881370815695702,0.9715044017835394,0.9055297317146271,0.8745327734292007,0.3094333458491716,8,0.8767573366579392,0.020620349275915533,0.0034187377768091646
970,0.9038709619180112,788,4,0.012764615406009996,0.9186069567604926,0.9860223057642808,0.7977433789236765,0.3109414645042674,8,4.7656833550944215,0.010556555074568583,0.0026382992652560664
973,0.9027208258527007,556,4,0.01276702336450054,0.9175492715592443,0.9076742912317087,0.7908775365538765,0.3147589488924284,8,4.734144232632137,0.012886148887639826,0.0001271674609175522
974,0.9029263645026319,567,4,0.013133527127624488,0.9843514433906354,0.9071453612188414,0.8438383007970783,0.31077037473588315,8,4.710134313921677,0.012585567292769002,0.0027893428809096644
968,0.9035464023058492,792,4,0.006747104733382566,0.9733024943141421,0.9912699060862642,0.873619366770777,0.3377423687204511,8,4.789760974016315,0.011392376916180075,0.003115980727113855
972,0.9029366667793755,794,4,0.012802610685835497,0.9193353412445484,0.9040467846264866,0.8381036115055446,0.7016608183191804,8,4.763076416224692,0.011797144074487419,0.0036120237442350536
975,0.9037726849254305,790,4,0.01270304537749069,0.9164003164101896,0.9129614244538127,0.845362659949816,0.3712864500366297,8,4.663699773466225,0.013579534831211637,0.0030972524985296503
981,0.8980740834535119,140,4,0.009832697130944685,0.9199309501904951,0.9449358260799666,0.8050490800576277,0.8433729507467136,8,4.673641167907433,0.015604523857916627,0.0015912546369678683
976,0.902403511396002,790,4,0.013176477396997956,0.7302487171504259,0.9035009996830208,0.8319762360365993,0.3763990474597778,8,4.68750558318655,0.012644362959609261,0.0025704943946753406
982,0.9001926957910731,499,4,0.10942371643204264,0.9017730415114771,0.9867182847279552,0.8031281713737959,0.7144413103421235,8,4.667087095386401,0.014195605323466996,0.001964751696609466
971,0.900307651183374,791,4,0.013156045971612218,0.9218041751143824,0.908067860114731,0.7924927113147207,0.758684224312298,8,0.9019454208826526,0.010201321559495765,0.0033151342619277386
980,0.9024013055951219,746,4,0.0066482771173861695,0.8952904044036021,0.9995132833679613,0.7974963966390463,0.2638907803944396,8,4.678797574775772,0.014577176241973884,0.0019326647745761473
978,0.902728978885612,793,4,0.0067889973098221625,0.9195893804728557,0.9851811773113761,0.8323359634826092,0.2749407544243045,7,4.690795492604121,0.01304437402173518,0.0026224786723738447
984,0.9003335206354774,811,4,0.005160282524400912,0.8986337882913532,0.9887098385673614,0.3186218525513745,0.2576828940652164,8,4.686686224614777,0.014318762104595094,0.001894095334164001
979,0.9025163309235571,793,4,0.009762823034334317,0.8967445542223474,0.9984848466954834,0.7948290794849777,0.7802874371857027,8,4.6821062709044305,0.016055275075243562,0.0018156034766575121
977,0.9034458782348654,780,4,0.006498536361187811,0.9816236266646539,0.9460501049702529,0.8426164418120871,0.6955648262671056,7,4.684257975851388,0.013662106694911254,0.0027953466589039078
983,0.9025920864284126,810,4,0.006820449966307876,0.8971634537314844,0.9985925015051429,0.308408783222974,0.8484148324894288,8,4.649276739923126,0.015714890054569008,0.0016610101010092963
991,0.8979324628575271,806,4,0.2947002380471642,0.8954016073642446,0.9999455953301524,0.7553551954218404,0.9593232835715325,8,4.558646705541261,0.007313685805823428,0.0015776967037521737
986,0.9021999300456216,813,4,0.011668019867339622,0.8990666599572681,0.9958616275690685,0.8136455438684923,0.7761833402012069,8,4.531999287356729,0.00037047129179863775,0.0020664791413723487
989,0.9027896452133826,813,4,0.011514239820141279,0.9044169442776434,0.9951871516641041,0.8219240424885909,0.6995256224341986,8,4.526054542251167,0.01769526925919374,0.0016258161152368498
987,0.9033902705701328,808,4,0.005645197736499333,0.9021117997613143,0.9954429143809824,0.7612376547356996,0.6265750324768438,8,4.509939375654412,0.04435420933147941,0.0390652761072657
985,0.9033545281883366,813,4,0.005065753143322245,0.8957049267289736,0.9979245391763482,0.8258790484970424,0.65811299038789,8,0.011725502630833162,0.03960348894194759,0.00207811536321564
990,0.9024843212308955,810,4,0.011796248141008128,0.9060616360719281,0.9901397189341905,0.8194762177148576,0.9962933860839338,8,4.518904814682622,0.007509339460245655,0.002048337908308151
988,0.9026130969915664,822,4,0.005905836845837496,0.900488626854353,0.9701774024026999,0.8156499925972456,0.633190202276299,8,4.6227843392232915,0.04849368255746154,4.006891076210094
996,0.902954761309798,778,4,0.011669824741980606,0.9077228853819864,0.9776283301986031,0.8247465421748293,0.2925910300636007,8,4.537857409467042,0.018880921238248194,0.03758148611547524
994,0.9031475959849118,811,4,0.005517286968029382,0.9054927408267678,0.5032115834205826,0.8707806658800339,0.9338066389882479,8,4.52074642412069,0.03998041272398626,0.0022263574757237165
995,0.9023544661732299,781,4,0.008073486247429205,0.9064123072429492,0.9808118727855235,0.814256025022812,0.28233093781352914,8,4.5248146029012455,0.020226245249561504,3.6725142027356172
999,0.900054345545561,777,4,0.005844700372217794,0.9299650696394981,0.4481525452565489,0.8485601739853357,0.23898416610927992,8,2.274301905063905,0.0012447270348774357,0.002329269313642025
992,0.9032044106561019,814,4,0.006074472833377596,0.9012962004274162,0.9801652459856581,0.8484392651636683,0.9165882442909716,8,4.541032628059315,0.054540772173115495,0.001513678055019195
998,0.902754435866558,783,4,0.005336464893382714,0.935443104342031,0.9798479973575024,0.8723979056303163,0.28171660774675644,8,2.298935104447707,0.05558554712437816,0.0023594864752945767
993,0.9023524077703546,815,4,0.005776355390198756,0.9040017550261574,0.9803311007311154,0.8238778827697898,0.9077647064411069,8,4.546742473227202,0.04489809643529463,4.220359056932176
997,0.9026127859278038,780,4,0.008306556896777197,0.9166867764340025,0.9768496790422172,0.8693450673563563,0.7198772494002552,8,4.879001632842657,0.022844706016364933,0.002534498416714552
