trial,score,n_estimators,max_depth,learning_rate,subsample,colsample_bytree,colsample_bylevel,colsample_bynode,min_child_weight,gamma,reg_alpha,reg_lambda
0,0.889394351480402,117,4,0.017807819776572305,0.30375490784435677,0.7330400970807092,0.6922483991209711,0.26551320538698553,10,0.686853736911841,0.608422582866272,0.01311127707284224
3,0.8878050039486549,121,5,0.18853625478579952,0.8585506541902981,0.8355647156929927,0.3048286394367325,0.2353571473419548,10,0.1216997724718405,0.01552600376935549,0.6320862100510941
8,0.88796834640389,498,10,0.0331934997981695,0.2767054999694805,0.2189305104037474,0.31194561175955915,0.9487952574496094,6,2.435878351097685,6.022559863623235,0.4459905072002201
1,0.8984856415642973,254,8,0.05457692715392419,0.5477586729101223,0.6666603111186068,0.6564739834985559,0.7749951928978058,6,1.0806673028830627,4.774055153386176,0.7097489259714213
2,0.8848659723397116,856,3,0.2744328232204132,0.3265545032405177,0.9720034421165036,0.2801178606030327,0.7317665012195365,9,2.718942519873857,3.8165688269449203,0.02628260041901268
12,0.8951689366618231,342,3,0.16013955251313097,0.48859166530868436,0.38159741697643845,0.6219473080933775,0.5607289799649664,10,3.008094173216305,1.7413965030467389,0.9159497027859944
10,0.8963202324506826,338,7,0.04135100523032494,0.6308542899637892,0.5858446324904132,0.7950707036024308,0.6079051616113359,6,2.8163106308535104,0.006719263071453426,0.00022603157145895803
5,0.8925565073322869,640,10,0.03759847497700843,0.2686241238628568,0.9859346485876217,0.36419946939711684,0.5173826351301914,8,2.1770602779269375,0.00401471800212408,0.011309020559143004
11,0.8860938112511306,792,10,0.08519552690841359,0.2972531582673878,0.5134602583461214,0.6141389605889643,0.5038461527531035,9,2.9920222935162215,0.3572505393874557,0.00024077156604053514
4,0.8941852390179896,461,5,0.005384756691833617,0.27506781121307045,0.3885891652755767,0.9246150030474286,0.4552804568030193,1,2.0620406252177825,0.013036233550374341,1.4360887025076583
6,0.8689239101092013,853,8,0.23209483225778796,0.30301087852601444,0.6254252930106231,0.7897131057356235,0.37768429698090894,7,0.44874811181093155,0.0018080965603088557,7.0415192592110385
16,0.8944807065665895,150,10,0.021603186348596818,0.26624475420599636,0.6362818108739141,0.43189185845154676,0.7492842620027379,9,2.0697098198701545,0.10187109075113468,0.28735057865205066
18,0.892594916637344,137,8,0.007236292103382426,0.3514669367218331,0.5955132803599262,0.495833495314481,0.5921514214193977,7,1.7666033532693248,0.07141327074280808,0.0080529363973394
9,0.8989750641344759,421,8,0.02404364781885802,0.6793715819521243,0.8354367871907343,0.9904634088991323,0.6716677283640478,6,2.786556937977789,0.0007106322432718918,0.36596562630481
20,0.8977679589303396,303,7,0.06238114938276441,0.6327711261659769,0.6256231136964782,0.4896248392551956,0.7713144876606123,5,4.903567530880663,0.0001629857546234161,0.00025663639571802657
21,0.8987269638735471,293,7,0.07445400482502262,0.597018787743637,0.5417780880133238,0.9971967905078827,0.7151357687784627,5,4.60718478385348,0.00013193995746970302,0.00011566225484762181
13,0.8944286167654306,415,10,0.04383412566150283,0.9314599512528374,0.3666079978668455,0.8459076712331735,0.8843959678140894,9,0.6654542928846496,0.005378772199131308,0.0057811337306269105
14,0.9006802979692857,624,7,0.010637200225555936,0.517237914581742,0.27522917585466733,0.9648252003539619,0.4738530900826982,4,4.132840047846812,0.01172456113898553,2.1068823285151104
15,0.8979832729034454,954,7,0.029993648604791912,0.45011347577988076,0.22566901041257115,0.9439043914378799,0.37455429737319385,2,4.168506117338712,0.002324122530850982,0.005262873746485219
17,0.8996061999660171,214,9,0.017658334808331073,0.5651383382073843,0.42187354557111684,0.877274386352954,0.906156643458168,6,4.62342250503433,0.0001457642167269084,0.009418649698932573
7,0.8991782357503302,701,4,0.013286413458136045,0.6914327389780435,0.6048081060927142,0.8966675023361388,0.8892481755402771,5,2.054077147807418,0.05670223297618176,0.0008161041687211699
22,0.9002948014829381,314,7,0.06581552785960904,0.6370564911507542,0.7815896391482756,0.9755264774229218,0.7744138948304808,4,4.5683549871492355,0.00012294428395269685,0.00010887705868992802
23,0.8969813454939904,303,7,0.07665141373320823,0.7340362033710046,0.8106683879185885,0.9862763483876036,0.8634785177303488,4,4.365124301932817,0.00010969325337519274,0.05232989426201546
27,0.8995490330295592,612,6,0.01162722737858241,0.7687386689618517,0.22276215608225447,0.9915883202590671,0.3639154811019061,2,3.960068987200194,0.0004943040573287127,0.07260046059866718
29,0.9007733325644413,594,9,0.011602693194297633,0.7493402671203768,0.29873950265210436,0.845350147498681,0.8978296084493219,3,3.580967374882124,0.0004889285892530695,0.06737339559643987
33,0.8975805950093332,199,9,0.00881093040944408,0.4257566230546049,0.3132661556960594,0.8750231989977227,0.945187953287003,3,3.4935489124596955,0.00044500833467838304,0.0015878333184441674
30,0.9018947368132986,650,5,0.012217590436296494,0.750035413873619,0.46044086335150675,0.8846236998499433,0.9966140562143744,3,3.752939372989932,0.0469010925549873,0.0011093411048543114
28,0.9011890615294462,622,6,0.01209961486728025,0.7324525457185599,0.7677956584209418,0.8794041939795735,0.6454476199721121,3,3.7783554111486506,0.0011397828567852512,0.09187485854457081
26,0.9010849384841763,576,6,0.011928188990891403,0.7950217208818202,0.8243458767724453,0.9832972841883161,0.6655872672702303,3,4.120998767699117,0.00011348767524780799,0.0010547735163387504
31,0.9008138908092608,573,6,0.011331189925800693,0.7639667524804853,0.4568309957507641,0.8372438381697707,0.9740831959143378,3,3.792534538762522,0.0004776471479565838,0.06454230854983672
25,0.9001903428962585,503,6,0.010935545505461757,0.8303082663865323,0.8313127273541945,0.9825104579252603,0.9196343319998206,3,4.208209151467477,0.00011756124231043677,0.002307184418007587
35,0.896574815107105,590,6,0.12945769873344382,0.8437889854204704,0.46865216537175797,0.7427595626888227,0.8328087664166905,3,3.5282349287678216,0.0008010100101956036,2.2006144201633924
32,0.9011025882359881,580,9,0.01076270644559119,0.42994797079446945,0.45127414040249003,0.8628299208571084,0.994061548290932,3,3.741201066977648,0.0003483487874085817,0.0015438771479656375
34,0.9010754296784871,572,9,0.009511195702599926,0.7786045007054189,0.29148088679962214,0.7553814530675549,0.9748696324749069,3,3.6336688934484647,0.0005145018150477887,4.713698813173181
36,0.90155528437735,551,6,0.010817954067795395,0.8285201046143318,0.4644589476800116,0.7385855015325568,0.9856490551845715,3,3.6406403974128843,0.023299802790407904,6.316560091075011
24,0.8975870415245494,529,8,0.012445446940639327,0.7807749658416576,0.8277791366716781,0.9858064650019459,0.8763477904396273,4,1.2160430336677341,0.00018165381158562655,0.09534609974637202
38,0.9013169237873713,550,5,0.01613114484980895,0.8324944176763005,0.8942968946931864,0.734613552551092,0.6636404714054853,1,3.6161511573414775,0.3202181646773983,0.0015577239170717217
37,0.9015000789974247,549,5,0.0055290177846982315,0.8104321949399633,0.4598653063290703,0.7770845407358636,0.8111862741030514,3,3.673844576485293,0.001384482232155631,0.11120129213682504
39,0.9003427018815982,711,5,0.016204662024281214,0.8359135562936223,0.9323191366363062,0.7301424792015779,0.6701396797958895,1,3.3166881747128354,0.4877979747515905,0.0018519521511385134
42,0.8984143045787978,701,5,0.015550762962603775,0.992442763351121,0.9002127472736806,0.7527946606998912,0.6628700121144611,1,3.310541548033025,0.0017530853033712538,0.0006377039241005032
40,0.9003127017125353,692,5,0.016135803060723777,0.8302126613613029,0.9243177706273489,0.7566592506290155,0.830112532405227,2,3.6202734718842513,0.0011889731429164455,0.0008620370074833206
19,0.8995999520086084,977,8,0.005164002138376555,0.9733421009838574,0.7202219229156315,0.9905383655768107,0.9854143733534748,1,4.914749104204898,0.0001790480857128447,5.228065067066256
41,0.9005380062904816,711,5,0.016045307952089336,0.7986327864663142,0.9122858164865034,0.800542242792877,0.9922502077937426,2,3.793775805338616,0.0013167144352478127,0.16588237576968115
44,0.899949801743222,708,5,0.01652981567654348,0.9871343959537009,0.5257572233697693,0.6807393998631164,0.8315413852969333,1,3.2587380485960673,0.035237497866897206,0.02475355000802803
43,0.8940970468159781,718,5,0.017601390279213692,0.2003387808961633,0.8997659440837921,0.6957090271279888,0.6812077821540842,1,3.217042453112116,0.0011527456473714214,0.0013639538330973082
53,0.8993507776958951,448,4,0.006730680250843558,0.8967281742868284,0.734516553888165,0.2128773293041783,0.7153761629207623,2,3.136070472760907,0.2121496245167601,0.0201443221982223
50,0.9017064580212306,661,4,0.005138484643529406,0.9008240899693676,0.5265195365607543,0.6869694797367681,0.7132154948824101,2,3.2847302887040275,0.026867558298215546,0.027730997152634475
48,0.9018170205881033,706,4,0.006953869735715575,0.9172650532742977,0.7070146016631242,0.671928036598792,0.8269623205290948,2,3.196928767868548,0.028657857787495345,0.02335714702606467
49,0.9012162156779299,675,4,0.005175435058112907,0.9116806665009043,0.5156424662421847,0.6629483943597176,0.8163433944584555,2,3.2974572308869887,0.027574471988616678,0.21192422222015084
54,0.9013519430143349,447,4,0.006697010889436931,0.8975694925910731,0.5639597920825432,0.6289823832316874,0.6285879935682082,2,2.585836273654783,0.18485262297376978,0.01671796158591317
51,0.9019836006302523,778,4,0.00675472673359509,0.9044740161970759,0.7034209037128912,0.6451020679401144,0.8256487357309994,2,3.2654675642991973,0.025018820321954773,0.15991340461215958
45,0.9007051103215152,701,5,0.005074003006511701,0.916126069544204,0.6884444026557084,0.6972224195197575,0.98537579567126,1,3.340435538225245,0.03293815128515402,0.021117113557181492
47,0.9010365242829813,684,5,0.007032660065993466,0.8899328876278418,0.909702387341062,0.6900962981429626,0.8362095572739852,1,3.2627914848138584,0.21469230714387671,0.19685779340572448
52,0.9021051727410356,773,4,0.006633559027069813,0.899785309285449,0.7255783751954479,0.7046692661580056,0.8205903744346579,2,3.18517210047683,0.12870879652018422,0.021469871636444357
46,0.8994321508967575,709,5,0.0055080390369337835,0.9843114538044071,0.9133287889362555,0.6761777715497964,0.828309935587874,1,3.231420833210113,0.24290132136353634,0.16026688886121732
55,0.9009203568670655,659,4,0.006798050079034235,0.7221131864934303,0.688559429455556,0.9187497524950716,0.6085257476900114,4,2.5407255717374815,1.5691144491490634,0.002832704115288783
58,0.9013657653591611,804,3,0.006560419184459841,0.8998714399497713,0.5667915019419052,0.5765759680643974,0.9363999895040481,4,2.668167619640627,0.011056952911227755,0.03908488828223157
57,0.901563268879381,774,4,0.006439196985073695,0.897110543164966,0.4876090101525437,0.6079431797546916,0.8142228437093595,2,2.5229483646401016,0.024433174672159642,0.03759875454117268
56,0.9016220472355949,792,4,0.007644488774400556,0.8805939287283877,0.49717953607918786,0.6119479499848337,0.7892131360576493,2,2.3977169530974844,1.2544692483450846,0.002699651219223172
59,0.9010689780700959,762,3,0.008274130551384614,0.9499837730310474,0.4875658906353477,0.574519366394966,0.7927767922989751,4,2.449843751049177,0.009183803410040645,0.035644570288351086
61,0.9007201113942747,769,3,0.007785406651111081,0.9518304739344479,0.3452013289044767,0.5377758573293654,0.7999156952586145,4,2.956660922558381,0.009539609255890475,0.039754800505422114
62,0.9011239713610923,773,3,0.00830453108643026,0.9561690136837481,0.34587745707098844,0.6279568294111131,0.7905387475301329,4,2.946322339581697,0.009101387747802855,0.7278332374250748
60,0.9017645657507304,790,3,0.007635604444182915,0.8759051883462761,0.6736171127256027,0.5605980929892049,0.7964625997114395,4,2.9907368626415387,0.021989101184580646,0.03704629345030769
63,0.9007886429525602,767,3,0.008507241894994291,0.9448509339086684,0.6632872620413731,0.5770690936771972,0.9469843728326579,2,2.8476738569809354,0.01899993938626645,0.8480054235567136
64,0.9009764858600692,774,3,0.008351629596148252,0.9540002495266627,0.6673771399102582,0.5774199319454196,0.9291535087459132,2,2.874682474674199,0.017421882644722265,0.04119892525806267
65,0.900501408863426,774,3,0.009174770672486681,0.9381092362558651,0.6540106975182115,0.5877047255106009,0.9404522825618417,2,2.8966769834242623,0.010394927097611039,0.038764659955860606
67,0.9003221786668762,764,3,0.007606213810890551,0.9531272264007101,0.6692069118905021,0.5576897120917514,0.745023160937411,2,2.934609725241693,0.1208838774050983,0.004893706872764351
69,0.9009839691784766,914,3,0.008196847226630489,0.8708261365142133,0.362902887873674,0.5441093466440737,0.7329739725892133,2,2.2411732318745607,0.09545813648546309,0.004482165540577913
66,0.9006420409273556,777,3,0.009356131945871449,0.9497369855483406,0.6621945738609067,0.5559326888236854,0.7883536953438071,2,2.94851326440152,0.10869395872887856,0.8461752796456314
68,0.9007729798430681,887,3,0.008359093988874933,0.9436464274213265,0.6524348363118471,0.5509012111640061,0.7400648302545363,2,2.922662815916647,0.11363740259330014,0.005185273496272894
70,0.900585479014477,851,4,0.009105583959598018,0.8578039327820145,0.4163601071971707,0.6380171789523725,0.7446246403684033,2,1.8940155347907282,0.057026678682278995,0.004321468823577951
72,0.8990365348038084,887,4,0.009338246175550988,0.8788847181697521,0.650154153049884,0.4651089929616835,0.7505374487254485,2,1.6859178895520646,9.707866694237657,0.005322923034373234
71,0.9005492514127404,871,4,0.009254752138257362,0.8653609698098012,0.4229867148505469,0.5928355905604114,0.7552887251602877,2,1.8831296670581597,0.053493471871191245,0.004894423486157834
73,0.9008303804574359,890,4,0.009400924598148588,0.8638099976120578,0.4062991523440006,0.5332167562619746,0.7381954461965895,2,2.255789834156797,0.053857526451468095,0.004090711266999219
74,0.9011472883723453,862,4,0.006023428546241804,0.8735138119324607,0.4180839820657335,0.5301513054023728,0.7487898857307169,2,2.2847152921299774,0.06086416184009105,0.004478227481296066
77,0.9012232926065831,866,4,0.013371650383881575,0.87166235807824,0.42750688243453594,0.4511304078100832,0.8544394992447181,3,3.9664046885467394,0.003775800234726266,0.0005253075447262597
79,0.9004951766416474,826,4,0.01303860191713904,0.8703957301218553,0.410829920125496,0.45213253213932736,0.8694087965431961,5,1.5967143858330748,1.2194423620004162,0.009640230185320278
76,0.9009901112434558,856,4,0.006212163388281,0.8684358711058099,0.4117973314532355,0.46400562983668103,0.7602122564941141,5,2.2879733149057677,0.06107115325947757,0.013949732055804147
75,0.9011741736467996,881,4,0.005943123242015047,0.8656691503456184,0.7358449228684971,0.530555604595582,0.7393111679014336,2,2.2529305158230453,0.1088451044376628,0.00417383056879263
78,0.9017579922102094,846,4,0.005920912938954671,0.862452139760163,0.7268166965707193,0.5153920959518135,0.8575331174731715,5,1.7350369095818698,0.053636924279349275,0.012836964984679658
80,0.9020704556837826,813,4,0.005900457478612684,0.8695284010859212,0.735905400794614,0.45293602498727403,0.860404400623294,3,2.206109550976133,0.004125051325250492,0.013216990862316938
87,0.9004381079958652,745,4,0.024101161501695563,0.919030523358616,0.611857203065771,0.6503661547705263,0.6899058705339138,3,3.104446796678266,0.03728949653966578,0.011958266155949724
81,0.9022247598818846,812,4,0.005989438180967547,0.6732292554659359,0.7474792849423871,0.6051399606323664,0.8681412079866444,5,2.3202825605262714,0.003826412206140467,0.012305260029876466
82,0.9017417152591036,831,4,0.006105293613438681,0.6915556745322833,0.7401963664885559,0.5182413838662432,0.8661930757569701,5,2.323636536581872,1.0792483762230554,0.012753398285554688
84,0.8997750442665323,808,4,0.014013040729565513,0.663209387889273,0.730444702888981,0.6472244129889235,0.8561215597308695,5,2.714104436029596,1.0990262806526778,0.010367909465081872
83,0.901621531684657,826,4,0.0058474023743236535,0.9220187112347208,0.7301969124799006,0.653394502464311,0.6929558706976041,5,2.750991232361809,0.003743511524207306,0.000543411930692346
85,0.9012321462931355,812,4,0.006016964541213325,0.6948003368163453,0.7370350070638659,0.607486088340111,0.7018529772861174,5,3.11726251745222,0.9271733642055929,0.011408245106310588
89,0.8810535504629347,737,4,0.29781621567129846,0.9179754373289042,0.7813372385952797,0.7176488088925207,0.7033005450370535,7,0.13349575562995142,0.040318503194106,0.4555990351737495
86,0.901542637719756,738,4,0.005824033751911488,0.659654035484205,0.7395394994112882,0.6530514004060808,0.6993321761348547,3,3.117577061799875,0.03617483663503471,0.013223036655599837
88,0.9012090349853384,737,4,0.005825339547629165,0.9212754548482553,0.6108805558824743,0.6048175234618671,0.697676330807112,3,3.1017405440993997,0.005860167721657054,0.4269094197135555
90,0.9013956387309717,733,4,0.005703525894508847,0.9181279290612419,0.7663420514007901,0.4006141739100567,0.9020945855093149,7,1.2242223624396298,0.040137122555716706,0.012388099911609897
91,0.9014732515723164,808,4,0.005703681224566784,0.6794910078016214,0.7203783325103605,0.4154975891947592,0.8912795020485341,6,1.401417007022973,0.005927655092907698,0.007788059386688435
92,0.9017311055674393,824,4,0.005968283434578714,0.696834447093472,0.7700984410605275,0.3832926417324847,0.9077186586724466,6,1.1140206767941014,0.00424410278819811,0.006967451562857617
93,0.9016041949730637,817,5,0.005792148373493572,0.7128100237776831,0.775974586290633,0.5004609169939236,0.9050150599895587,6,1.4298969180584233,0.005281433394316923,0.00836168980891968
94,0.9018122571011631,835,5,0.005755571509743382,0.5947773770693755,0.7913595860013546,0.39660897370422926,0.9000321900994258,6,1.40557632386246,0.003269549567859179,0.01728396315491897
97,0.9004105296695233,733,5,0.007293458253317175,0.8059815170971817,0.7618899801639173,0.4047840637052702,0.8450202005861313,6,1.5319009725748138,2.9283703299288106,0.015745776950385433
95,0.9009120096093465,937,5,0.007122900078651747,0.7005873210522031,0.7797626436174533,0.37193601724999337,0.8855252994085037,5,1.3872001554203262,3.4793536494503026,0.008393542492836246
96,0.8999025186069647,929,5,0.00726521276242645,0.7033145122217331,0.763894634351998,0.3806387567445007,0.8967949420664657,6,1.1566898085826283,3.586722365199188,0.006617219742352155
98,0.9011800656900988,951,5,0.007104097653378337,0.7136525869288474,0.8640210684969843,0.4031073551945108,0.9005598504407909,6,2.106414788151539,0.0060870763786807225,0.0074063670853426015
100,0.9016953946569037,657,5,0.0051115236571229825,0.5941387906840508,0.6995144951111227,0.5123731439237054,0.8836083769031043,5,1.469105802624326,0.002280498920824498,0.007233850748390047
99,0.9007835145814408,917,5,0.007203399681474817,0.5659953532419003,0.8720704364882675,0.3967661397391059,0.9072438797286818,6,1.2034065656466422,0.0023399570112969245,0.006934068489149986
101,0.901219375194833,646,5,0.005088750703083593,0.7117938054464104,0.6978560301714497,0.5025145275891731,0.8562075868191821,6,1.979384791736082,0.015133794400474432,0.025039831509449894
102,0.9000079431484908,917,5,0.007057034118640034,0.5907051005276999,0.8664967885118726,0.5054793131934351,0.8528851648229744,6,0.8612559543339435,2.648274400295917,0.007995639247676361
104,0.9005533338585637,839,5,0.0074057219026115815,0.5856444445829733,0.8539295122319382,0.3265627286295877,0.8746798558116988,6,2.044438943633187,0.0022812742760166104,0.028568027952557622
103,0.9007477489382782,941,5,0.007293554266389554,0.6094697706516558,0.8036148102416721,0.3805503693055168,0.8467066076119847,6,0.7748540332163905,2.6441380311566824,0.01745838383663293
110,0.9004655119379766,836,3,0.006389498826754685,0.6058822239853823,0.7079120998970855,0.3360070697871143,0.962226068952462,7,3.4242190630450526,0.0027800329915334356,0.029635909578108403
111,0.9013695795390954,835,3,0.01054516254175032,0.615632602803398,0.8127960405372558,0.3382377403162904,0.9632693287972697,7,0.7000803834035063,0.0028379203891008417,0.018544473362526206
107,0.9008149336938551,641,5,0.01046955747102766,0.5988551010352614,0.8085435705299154,0.5031120469028172,0.872738120337299,5,0.8453460362934151,0.0027117921983071122,0.026397315297957448
105,0.8998832081000152,916,5,0.007362489971732854,0.5742169321950557,0.802937705898821,0.33169680993775524,0.8738276066728935,5,2.0473675717840756,0.0024191406091985854,0.05670718061540202
106,0.9019201985833494,837,5,0.005129846680323979,0.7593874035261384,0.8031649009035872,0.33037517474058664,0.8721931030568465,4,2.0799732583211457,0.002400029647203496,0.05509842459127539
112,0.9018919182350503,842,3,0.006393300017653687,0.617865529622892,0.7023721843249471,0.35168835261293385,0.8711360690693789,4,0.9802609737942931,0.0025651347997697298,0.019261761397539275
113,0.9021366594330406,792,3,0.006504162304020718,0.7527391168171305,0.7937048940225024,0.35096921281233384,0.9250751165551974,4,3.430833956773932,0.0028682442169706375,0.017262011107989306
109,0.8982551411116585,843,6,0.010217760120223237,0.5239070196673281,0.8146292305930392,0.30946820259626623,0.961676142637266,4,0.7070712152421377,0.0024891201651915397,0.022872597637377538
108,0.9018542047185119,839,5,0.00507035064761082,0.5876307559695528,0.812923573819219,0.5019402983762308,0.7748460419164205,4,0.8428247347007325,0.0024214567803657154,0.027070421034741263
114,0.9012378970958503,985,3,0.010251806391195061,0.5138209686857353,0.8134478310759481,0.4390220890154982,0.811570468965093,4,3.4951540724019967,0.0848910219727784,0.05996935794094708
115,0.9020433523150138,979,3,0.006529582190641995,0.7610743221378172,0.7993070338049689,0.47929755126895035,0.8101366224000759,5,0.970523763289737,0.012999340423323107,0.019991475762836906
121,0.9009428454391971,791,3,0.006317625359030613,0.5067702954183699,0.7534606140305709,0.30029728946281786,0.9205595772327784,4,3.4119961344447276,0.0015837412275031962,0.12208916520817921
122,0.9015382894406045,790,3,0.006511565406005088,0.7624636456738585,0.6788805416345828,0.2799538489634186,0.9205981462362037,4,3.5142598657479915,0.0008307149950650595,0.11265248259618926
123,0.9009212743227234,792,3,0.00534684708208393,0.7496725871069577,0.7495110864083334,0.2779047309360091,0.8161955075706164,4,1.0099934450483792,0.008250529661617002,0.0845000178614548
117,0.8997822325608776,788,6,0.006454226023347008,0.5250990040502731,0.7511016265565069,0.8115159042268663,0.21314747481186852,4,1.0365481655111912,0.007864035370632268,0.07935800736389875
116,0.899270284702097,792,6,0.010134578756392324,0.7606686077501924,0.7542566607785739,0.28996563525365976,0.9234261329416965,4,1.0553274029214719,0.07945669443502389,0.08204251164562462
119,0.9007678930535418,791,6,0.006501088467179917,0.7532031091406989,0.7464860634874636,0.284663030040787,0.8073934257660217,4,1.6971367565356876,0.07788991334941614,0.08980986230698171
118,0.8994532695568493,998,6,0.006472725671136921,0.5303389455142674,0.6860421209485366,0.2619979744201463,0.923475008469846,4,1.0496627401635887,0.007675033311308989,0.0790593617873051
120,0.9006935542115114,794,6,0.006467148579554963,0.5185837676367453,0.7504767017940082,0.42926830720613535,0.8078075842646341,4,1.8182609961910356,0.0018014194599245072,0.08497218323059187
130,0.900687522067891,754,3,0.005012435919533888,0.6501564686918975,0.842791574810551,0.3645393454605815,0.7832933112815448,3,3.9054214450498845,0.013335410515280744,0.017836803705897273
131,0.9012567175177366,752,3,0.005446964913504707,0.7878439969257977,0.8444895799288707,0.4203597283543337,0.7823581165336486,3,0.4685457476544498,0.013426928173386978,0.04503708832583118
126,0.9005381193285598,679,6,0.005433460481204944,0.5429279866297336,0.7934819600505875,0.2608235351536466,0.7800103058534568,4,1.3059346233902158,0.007525542058976921,0.09846964792791364
132,0.9000180399498309,673,3,0.005406083844912209,0.7875140769356795,0.8469384834796642,0.35841827132895343,0.7763993591579771,3,0.5012336013117591,0.014010112803317978,0.049638880864287124
128,0.8989050517545639,754,6,0.005463972256992003,0.6414192487998862,0.7906364748838752,0.35277669566686404,0.21314420948197677,3,0.4655388635643349,0.013540386914913112,0.05254892900933548
133,0.9012063573436043,673,3,0.007785892173840615,0.6475882329489863,0.7922249161740237,0.35748400101423616,0.7682762711445807,3,3.8752444493642866,0.012905806377213263,0.04444975451639214
125,0.9012619919185452,788,6,0.00541993617157027,0.7652363387226498,0.8362500240139915,0.28395009069634525,0.9262425427972483,4,0.5009156614746704,0.0017610971014771363,0.09872118338151598
138,0.897914788856121,619,3,0.008047256707161563,0.8130953475449239,0.20289270073372884,0.4783149210056986,0.8257302408189973,3,0.8910812477142298,0.004535117055150556,0.03226113232239115
134,0.9008634690670047,723,3,0.005448791154389067,0.7799634845451434,0.7932891209842752,0.35242079431490575,0.8300723904841597,3,0.5697865924185745,0.019333229173447392,0.04347727735470902
136,0.9013608436037079,603,3,0.007984554191032273,0.7333641602924964,0.7098409937121767,0.4807623752768132,0.8372394637625084,3,0.5549857007297656,0.004669161031602583,0.05232188599596752
135,0.901521654142828,680,3,0.007990625854145866,0.7340886077021223,0.7957430763373459,0.4719596516234358,0.8349194827848381,3,0.8987520999435215,0.004720303846508681,0.03155440429407907
127,0.9016963820486957,898,6,0.005294620526308942,0.7468610646834031,0.8401654990573952,0.3606247898924937,0.7754967333664331,4,0.9895198154420272,0.00748371237639382,0.08139799146429696
129,0.9013976779774275,971,6,0.0050290225289612465,0.6412790219606697,0.8456196874226278,0.25454868679384957,0.7793313931367325,3,0.3834128103033717,0.012255066271731832,0.052023379876920316
124,0.9001582901776706,752,6,0.005294960786958169,0.7584042375286534,0.6802378540477363,0.812855298437691,0.9186946251808613,4,0.3581747644904071,0.0006929263439093752,0.08805743887783074
140,0.9018630212324888,618,4,0.00856405727745853,0.849790888264509,0.7176788698636125,0.47306915561168394,0.8259887001662019,8,3.7161522716680917,0.02124191989984484,0.02224899981421164
137,0.901367149866568,901,3,0.007946076168995819,0.8201082744049212,0.707476958209315,0.47463108382478314,0.8286283543247168,3,0.940081829457387,0.019898901267449805,0.031238685980157648
139,0.9009413526067995,867,3,0.005007268104074871,0.9743439327785817,0.7111322450481448,0.4717467210935284,0.8300393735392029,10,0.9317828023934898,0.02329510855123631,0.03297957807729
141,0.8903721493271476,875,4,0.12421590225552978,0.809960102992972,0.6377756698652509,0.48368322134983494,0.835456658531859,5,0.5910045728471218,0.0033743175825780916,0.022610912380476435
149,0.8985779351404993,813,4,0.13822743707282267,0.9665749947916233,0.6322247558444003,0.7054683950732318,0.8468861790480631,10,4.079850473503597,0.1451641308626079,0.020231289592487604
142,0.9011496291803717,874,4,0.00845805449681903,0.7359326873775874,0.7129721342568692,0.6689647261234646,0.8301167349112911,8,3.710840037230341,0.003363792940500326,0.021264535821271035
146,0.8989567398790556,858,4,0.022601957403429105,0.8171798736519112,0.7166491741015698,0.5601756368349964,0.86218123250164,5,2.1604957766105732,0.0034756694885636603,0.020069293001954605
145,0.8961827048669588,855,4,0.02037687230027308,0.8384224631981806,0.6355939374227995,0.5670795377053275,0.8638971347703498,5,0.21854677349625673,0.02674524649190582,0.021265093298730612
143,0.90216732984873,899,4,0.006100024867076529,0.848455681218483,0.7134455276737677,0.6689705528044098,0.43627590061332244,5,0.2601370940223562,0.1526563599563717,0.020081132834843717
144,0.9011234040422111,871,4,0.008727793549112527,0.8503579453587073,0.7160029856526059,0.6688223303886187,0.7996442760237511,5,2.632970667762654,0.028649269320178417,0.021541904448331598
150,0.9017000413809066,848,4,0.008710447482684366,0.8376052858746307,0.6308504323382369,0.45256759777401256,0.8642808430834934,8,3.646438234441468,0.02975467045434828,0.02004869152954722
151,0.9016143582137314,852,4,0.008678991104404768,0.8489382259859245,0.7194382654438983,0.6684323806952102,0.4014385711577455,5,3.6555809931381837,0.02974380649814583,0.014994557585922415
147,0.9010677927286368,856,4,0.008791925447267373,0.8473004370778446,0.6409312951667862,0.6737064423521656,0.8632109756153054,5,2.4050149961271017,0.003628585160700846,0.02217391081258316
148,0.9018626748965888,866,4,0.00672867160102137,0.8446842387725941,0.7182793425960035,0.678212673315785,0.8011592818332907,8,3.6982929838679173,0.020795928589059032,0.021050685254868497
153,0.9000684656510805,822,4,0.0069195098951397496,0.6748642266288908,0.6958061646907371,0.4468097991971159,0.34189434307288663,8,3.4286607909675286,0.030926986301930786,0.015269557998078121
154,0.9003044772991565,848,4,0.0068506731575363,0.8484815414525325,0.7297799356338639,0.43979851331751024,0.28001346020049334,5,3.4214791697323483,0.02706399028488522,0.015123796136122056
156,0.9014935172396219,813,4,0.00683982411214745,0.8467028811261841,0.9689432645534148,0.44763433608127856,0.34220821289488307,9,0.04375001243822074,0.0010001976731073337,0.00019948538973889234
152,0.9023585803183662,856,4,0.008679612715371739,0.84017468820229,0.7216339932581287,0.439976418018,0.9995947718248337,5,3.709288835796889,0.04355863651179878,0.014102415877361461
158,0.8983465915013367,820,5,0.006807058700771924,0.6200249352145711,0.2435168085806757,0.911337708720969,0.261437614568399,1,3.162259628402905,0.32061964754866334,0.015833196309765884
157,0.9015947296494058,823,5,0.007037782537699462,0.8859926238448388,0.6915241872076657,0.6393366376160972,0.4341114588281819,8,3.364478913607746,0.27359879169093543,0.014905013536911486
155,0.9009246574072035,817,4,0.0068258210151918184,0.8495468956808848,0.9686858179673944,0.5265895718274485,0.8850962625984227,8,3.427169612493459,0.030147437294494928,0.014842529243171802
164,0.9002773031580604,374,5,0.006212288171934112,0.8868332501555917,0.7734421997955522,0.6230681579007469,0.44900517245307753,8,3.7596553170909734,0.04212342506672043,0.30119771442758964
161,0.9012086326245135,826,5,0.006825951471052988,0.8919963847209689,0.9529241227912941,0.7225120918454807,0.42008228659313296,9,3.1922862536100887,0.16723755541745486,0.01501481700021634
166,0.9003853616312366,388,5,0.005949054573643397,0.8844705651083736,0.8260251934101581,0.7104169195654401,0.46757047900803156,8,3.780136865081024,0.0414265370811494,0.2777931161935108
160,0.900807956652246,821,5,0.006874932870733109,0.889598524564518,0.6911621704360779,0.6337240572741023,0.5495458891153798,4,0.02156194702195094,0.30070646103634296,0.010145061508162622
162,0.9011500858177183,809,5,0.006804078436653219,0.6204477580179157,0.8203356283473947,0.639760785653751,0.577395781354706,8,3.2072935839480468,0.4775251390881535,0.29091916626781583
159,0.9002068045699797,819,5,0.006725635160487907,0.8861368151146597,0.7776757998912155,0.5983604225358422,0.8862752417414479,4,3.2044532740950027,0.04733152691066341,0.011479090493094587
163,0.9014162480735635,805,5,0.0058927800030462735,0.9013906844945732,0.7737469172062804,0.6400372349308476,0.558039156192772,8,3.1870687776232964,0.41105365673891514,0.00016668702738396692
165,0.9015782670634742,961,5,0.0059812337262098985,0.8928409675018769,0.7737258967485546,0.695171461640343,0.46072346158429456,8,3.8037943481235184,0.0456587147952137,0.24086619083788133
167,0.9013324724144519,968,5,0.0061062505804281705,0.8978037303178957,0.7751202928644549,0.7717904877654317,0.49893951853826163,8,4.043794242847044,0.17095911651159504,0.010766909181167125
171,0.9012134085783297,894,4,0.006075286482375546,0.9300780534142763,0.6708786023985683,0.42192792211817093,0.9960509885861468,4,3.968481969235068,0.4531942967312884,0.01032040106700764
169,0.9008773727505954,900,4,0.005938955412574787,0.9051027544390776,0.7663762937194419,0.7111670570012396,0.9805132851114071,9,4.425025483537187,0.1688179491086928,0.01017962631711905
173,0.9024204169361235,889,4,0.005955735251941019,0.8254663453498019,0.670823828643384,0.39446004033855536,0.9972975835049971,4,4.060545812036846,0.01936526226988667,0.010139429083284203
172,0.9014847284720462,900,4,0.005994883053623748,0.9077321685655471,0.7704016231101039,0.4249058628619835,0.9991244544694763,4,4.010481704931067,0.4595618841861538,0.027462600935430164
168,0.9018593952719767,901,5,0.005952450752376196,0.558583673097484,0.7724739617329499,0.9595883387972224,0.9983695098396612,9,4.3784649330497585,0.16621344229572602,0.2560506969152509
170,0.9009141720802303,966,4,0.0060166574753048535,0.9066706528802521,0.6777685067248274,0.7002089529980557,0.9791323541238979,4,3.840745787265586,0.04533599611072792,0.010397686555048701
179,0.8925904861832349,778,4,0.05034895327095247,0.37749010465569177,0.7355118254045873,0.38593287611366217,0.9602473132818824,4,3.5541205313128548,0.020903770855780653,1.1969643754284556
175,0.9017628787695425,769,4,0.006216169314013828,0.7993258110394251,0.6779376109668916,0.6941939740751594,0.9742460948764735,4,3.0270100596612766,0.020500596932451366,0.03015465458079125
174,0.9008858921880366,904,4,0.005971998276491677,0.9109755373109074,0.671248839678503,0.9505856389449148,0.9931324313793537,4,3.5566568118631516,0.021328881377908827,1.219806155195725
180,0.9026391979170707,775,4,0.007553147845062199,0.802259035460531,0.7384501512219036,0.38867113107328083,0.9521696947515977,4,3.557900794615689,0.01948539740819626,0.026310609386093756
182,0.9008548242766444,936,4,0.007588857029430922,0.5495920301163222,0.7360770161404682,0.3877696361799903,0.9557537749691113,7,3.5690649572710984,0.017446546506640584,0.02905794639878756
176,0.9009054917896803,900,4,0.007521744601783249,0.7985992540609003,0.6728368676228337,0.9473300232100814,0.9948766625235944,4,3.0004043987315216,0.018055392784595562,0.009484092220177017
181,0.9021397578318437,769,4,0.007715434152291342,0.8324122909863154,0.7400282099035727,0.4924946026573782,0.9414761332238268,4,3.580242800770246,0.02022163138130165,0.026799887484074168
177,0.9018087324720282,895,4,0.007583348652881987,0.7961107973823868,0.6751179076800752,0.9557896718578304,0.9982334033523176,4,3.5578383331074352,0.01853207082505904,0.027742341180142443
185,0.9012558784361598,938,4,0.0077782330696182555,0.5741062701742686,0.7339914668096498,0.3217132859850083,0.9490152148464187,7,4.3475792346641295,0.0014799764007823305,0.025097582006557127
178,0.901403586060427,898,4,0.007343032626349669,0.5753961886760036,0.755734712871289,0.9649384072155788,0.9777122597879473,4,4.343449442746114,0.020746560105431487,0.027147125645377204
183,0.9012764365429315,935,4,0.00740927340421845,0.569469400453624,0.7404168780615163,0.8939054990885502,0.9459041929765662,7,4.35804151640064,0.0019010128115343372,0.15658252884625584
189,0.9017613239828519,585,4,0.011681672591395272,0.8253994709038276,0.7524856537447875,0.3283956624885988,0.9399576717193858,2,4.302534056108544,0.1234440195174242,0.14995531674613613
191,0.9016488494228809,636,4,0.014682352592962758,0.8328695328201581,0.7490697201342233,0.31823695952593917,0.9742713242417658,9,4.753527183885856,0.12872046643076393,0.024490035108317217
190,0.9018335755353428,633,4,0.009627932353129249,0.7851938896288563,0.7493127083098655,0.32446595152556734,0.9527156112030759,2,3.7049941612984383,0.13102041816617396,0.0255218865523335
184,0.9009239093946364,927,4,0.0075403782142367225,0.5509356166055707,0.7463596496244456,0.8622100262182866,0.9502144516667977,7,4.488267889617044,0.0014312059421471676,0.1589285901074799
188,0.9009166502519464,718,4,0.011560821701824181,0.7985419908810706,0.7489697915456044,0.9639985128300383,0.9723736787474806,9,4.692117675176705,0.06973332047244392,0.14292335159927513
186,0.900664844820232,938,4,0.007749871384717464,0.5790557246774037,0.7433643549796211,0.9524983810937723,0.9650464146260858,9,4.293936132242847,0.0021542469745044653,0.027344109445387194
187,0.9007529252004461,926,4,0.007756121260953251,0.5613261026779899,0.7476349614993085,0.8389563991760487,0.9671079930508736,9,4.3185325130610295,0.016834658548314986,0.14364840824016176
194,0.9016564388617706,638,4,0.00657151979415662,0.8252823270574458,0.7267160455997425,0.459939852816188,0.94079970243908,9,4.5387520683524825,0.13254367685415572,0.0031846382840385458
195,0.9012949072841463,704,4,0.014245728865876361,0.7763062008087996,0.718730571607122,0.4898251160669586,0.9725804031544207,9,3.6908581504350915,0.009784343711537441,0.01797458102631777
197,0.9007559551834656,511,4,0.0055612958699234345,0.7803720866668359,0.7277688437341859,0.4658477362334807,0.9649708168308795,5,4.148366610320387,0.09179493353523252,0.4843476504310792
196,0.9015243655363487,766,4,0.00944135028606073,0.7802638212235222,0.7040207775505911,0.49527795885457115,0.8010188759891596,5,3.7051989614557934,0.07155513635242934,0.038750358673882816
193,0.9015401579516716,879,4,0.009833230806310116,0.7801283110786318,0.7257593542215023,0.4956052990093483,0.9458999469295586,2,3.7050856416762814,0.07207208634719785,0.15201796157131647
199,0.9020340245830984,614,4,0.009738916205293862,0.767640082184412,0.7203604111222269,0.4937245300591013,0.9291668335899071,5,3.7079212568991533,0.206733381658383,0.035229695245407776
192,0.9011888791633741,716,4,0.009736118407802091,0.8259192831594795,0.7024852564006168,0.9292291187586705,0.9377324821587423,2,4.266052224203262,0.06792547543537203,0.03787636519932879
198,0.901745737575055,874,4,0.009840757528740618,0.7695690040666703,0.717841948737607,0.4916503409971559,0.9620731321997511,5,3.905145528131067,0.23931603155781342,0.49793523580103477
200,0.9017960785927682,608,4,0.009104150882968114,0.7802896232735556,0.7214808171028229,0.46070450073268904,0.8119974939572191,2,4.142455298197049,0.010581627958756827,0.03953566926217722
201,0.9021158630112893,609,4,0.009581286951534037,0.7853705774334836,0.7032047311227032,0.4926291252527672,0.8150481254999675,2,3.6419941853867552,0.21144255573917103,0.03736545745759825
205,0.9023116529441836,559,4,0.009527766977970809,0.8620953640414863,0.703229690271869,0.36805006135835694,0.8163752031023532,2,3.8613560331905785,0.0029021133530483605,0.00036699807680192013
202,0.9025523902224662,603,4,0.009500007325866498,0.7662403419860305,0.7074558558349066,0.4939025553792931,0.8452164871398411,2,4.184071145359007,0.010521665106013397,0.0192265314219425
204,0.9015127805396806,612,4,0.009244283513014012,0.8157645935122074,0.7008600511636602,0.3365018612197561,0.8460201988502791,2,3.887424995512874,0.2217647188745966,0.018096666419537583
206,0.9019091291376193,605,4,0.008406357496221458,0.8150785716549817,0.698002398506239,0.3442670067457029,0.8162028925436208,2,3.888035268132662,0.2394858125121738,0.013010308563323152
209,0.9013580119504434,565,3,0.012301128168378523,0.7241355584280312,0.7875082085121766,0.33781156122268813,0.9096164661360672,5,3.857357588299526,0.20862989756875075,0.013882933610020026
207,0.9010895358727975,572,4,0.012877619926084457,0.7398296254966789,0.7080565586018999,0.34065908505638104,0.9116006852072789,5,3.939307354622032,0.09940582521143794,0.0372509207202243
208,0.9012519308454475,618,3,0.009130143931722248,0.7479401765492878,0.8016987688402962,0.34021347904077565,0.9105593434492583,5,3.908896291132423,0.24757824677264267,0.018886466094797032
203,0.902287355838822,603,4,0.009678396703478389,0.7806852111316219,0.7117159575540344,0.6558334611700978,0.8134686895726587,2,3.306346249532332,0.2359634579008348,0.03720207029218457
211,0.9015337697419066,620,3,0.011346950741742183,0.7477708480511067,0.6927084528524519,0.3447999434139743,0.9153899707111126,5,3.616536152567172,0.1665391490409483,0.01791508625931899
212,0.9010960153796248,497,3,0.008472099806182637,0.8578788290341441,0.7058982892730173,0.40667939728565033,0.8147142768153565,5,3.8821795734801117,0.2073682951927525,0.01836739397025488
210,0.9003214836385327,624,3,0.006438036961794453,0.8583650041320148,0.7003407382331256,0.6559838522610201,0.8454765180191648,2,3.307915274684456,0.1840874316590695,0.018914304530620533
214,0.9018949339267728,564,3,0.01250371487352218,0.744799908854943,0.695907653695961,0.373250369913867,0.8190875307442236,1,3.4785456367905905,0.003048126519029076,0.013518494789162122
213,0.9022686042128069,594,4,0.012311579098763514,0.7395400118366608,0.6994031148165594,0.4076145190920303,0.8464428272887163,10,3.8713104267933915,0.22758816867921244,0.0003804208118913419
215,0.9025991255763497,532,4,0.010971580121019115,0.7390073142357824,0.65676890840916,0.3745193179249637,0.8137666348591676,1,3.796563062541235,0.2083297357410346,0.0003154428723493777
216,0.9020980020067414,553,4,0.01083491706479059,0.7428057632143649,0.6917835054119712,0.36835910896797497,0.8202487670967312,2,3.988096380441737,0.014366880299031442,0.0003310059580212736
217,0.9014537165095616,540,4,0.01080460229422545,0.8627358583301837,0.6917431133156121,0.4031634836896518,0.8058301610978571,2,3.613912191198066,0.7324426260257683,0.001256992272261091
218,0.9018173890451067,588,4,0.011181167669642587,0.8609070454925948,0.6987006532686248,0.37607442468561436,0.8219418038778632,2,3.606136870463759,0.006009595958600791,0.013382335921939242
219,0.9016907394949542,583,4,0.010981641979051172,0.8075750387820194,0.6906197922727559,0.37520328109699,0.8215936453336109,2,3.4967189903809417,0.37315673181172476,0.06639648445568895
220,0.902256890366413,525,4,0.00843977577733519,0.815794511192363,0.6569230613401337,0.5125878947750522,0.8187864141675423,2,3.339984316038983,0.3544327946396987,0.0004278444883932345
221,0.901443418033695,592,4,0.011086225348813847,0.8097515231413067,0.6919227852164397,0.368183441927046,0.8430857759021397,2,3.337666673248689,0.37990430614161363,0.0007149380953913662
222,0.9022969716772036,586,4,0.010541520500715218,0.8107093542760638,0.6561981846902294,0.37700573493210776,0.8134043159856625,2,3.503008659790955,0.3240252558516007,0.00034891728595745863
224,0.9015389585469679,589,4,0.010839899606440231,0.7635929573479552,0.6610324220870782,0.3688328682723493,0.8817915595683441,2,4.060345736429263,0.31268551243196946,0.0007399123883501366
223,0.9021083752078471,552,4,0.01178502126594261,0.7593427891173159,0.694153411635009,0.37762116170803595,0.814842899789205,1,3.3045101485773625,0.0028677023011827174,0.0003413685235315155
226,0.9019214594862406,537,4,0.010820451580653779,0.724870679727294,0.6892855273478586,0.372219603256569,0.7996264366467187,1,4.110373309828693,0.3090477706025676,0.0004979426870626887
225,0.9011149666276929,563,4,0.010771798196640196,0.7632125948331712,0.6558573243793931,0.40870464424783753,0.817788195635024,1,3.473546116505029,0.3649878578611636,0.00032298583075153714
227,0.9018781006793292,553,4,0.011152659430318406,0.7619588997747277,0.662555494047299,0.37695200221147424,0.8177545253964867,1,4.037106176801922,0.3242265156968628,0.00039054114027975493
228,0.9019687060580626,552,4,0.010791178334131213,0.7662655586759991,0.6546512015561434,0.3707679646648898,0.8210497219608986,1,4.105594603008194,0.2977175421803316,0.0003650018307336336
229,0.9020610945801686,528,4,0.010341296285705282,0.760906656504135,0.6543839625033248,0.3695600125687798,0.8540899211681511,1,4.169454182999699,0.28766604628724585,0.0004013373610776604
230,0.902599692667178,522,4,0.011040358648681258,0.7642901635445749,0.6549899255405796,0.3943436640820366,0.8455275454127696,1,4.008033825932244,0.3030963733766237,0.00038536536293606855
231,0.9022932400523146,556,4,0.010468820173229072,0.7589987945927499,0.6647552785136438,0.3913508849878426,0.8003126264458448,1,4.02525424386615,0.28444449925674975,0.00036851332167484627
232,0.9012870050330907,544,4,0.010294648977486205,0.7650012598245827,0.6550505969826792,0.412581406389228,0.7921768441743287,1,3.791716476592775,0.6013530585084456,0.0003553674759835132
233,0.9020045823827594,527,4,0.010177638971419333,0.7629505663617212,0.6496225594577869,0.3919311684199163,0.7909962563395786,1,3.325583687738242,0.2815998371214642,0.0003637019999118512
234,0.9014342278175048,532,4,0.010402093993961727,0.7198509307554336,0.657557562625679,0.3931003023205968,0.8498208655665779,1,3.349834174013097,0.3511647920171685,0.00033054714531583694
236,0.9025407603754513,515,4,0.01209538394628516,0.726377650725105,0.6460467550865442,0.393506086882923,0.7944947484203871,1,4.2127467703061665,0.30679772131495714,0.0003504781154240593
235,0.9023034843276772,526,4,0.010092041376767846,0.7213262479634964,0.6508323669697679,0.39464497454144104,0.7935614022331116,1,3.372917963047503,0.3046740669571458,0.00033679160411738103
237,0.9021684340034593,522,4,0.009998535549427522,0.7195276436610097,0.6446708221716873,0.3945702454994612,0.7913875026408883,1,3.3417721015143087,0.25888334767834076,0.00043387033044884455
240,0.9022258989286636,488,4,0.01348696814936525,0.79437548168172,0.6419589089682602,0.3942676492410128,0.851096964263132,1,4.208325666410942,0.6070497339140529,0.00025265446228783756
238,0.9016491537210827,503,4,0.010200977662996177,0.7928572786294101,0.6511235685892668,0.4316289817067218,0.7920977047923485,1,3.332699492606286,0.5167551286361904,0.0003695137393889505
239,0.9016868778040589,520,4,0.009985231515655642,0.7162290546029846,0.6464057671533241,0.3975763807503732,0.8531922501860176,1,3.376557198807659,0.5965611869831845,0.00030256193064822907
241,0.9010597636043114,503,4,0.012370361965415296,0.7235639869140816,0.6534920174028884,0.3899404751020947,0.8453685638116102,1,3.9781808598986474,0.2539929158680564,0.00026210071981490975
242,0.9015002431953054,518,4,0.013152518774651128,0.7350463861748169,0.6150614869500266,0.39432897254023774,0.8434256972996296,1,4.239863867002486,0.24881626908859586,0.00025622056694084473
243,0.902111276341141,479,4,0.013259467285883246,0.7935534161530834,0.6236215902849757,0.4372026957886273,0.8476171465410337,1,4.216753831352149,0.6397981546736637,0.00026462473693047566
245,0.9012153471015486,490,4,0.013306039760678496,0.7337922700159395,0.5979724062600011,0.43460668094214566,0.8431898456721573,1,4.196766950668534,0.6197094945982925,0.00022980126973961968
244,0.9023663755367295,490,4,0.011838056204810732,0.7346609188997638,0.6358229297399345,0.3944690976408963,0.8405676914123508,1,4.005297273956056,0.2031172993350983,0.00041601392516965407
246,0.9004605712541569,483,4,0.012631879018785314,0.7056052701785345,0.6279629901986582,0.43162293997470874,0.7606497766096757,1,4.198948842270595,0.2533842657404703,0.0004707398599117393
247,0.9024128701430723,510,4,0.013611655799153789,0.7249894921869353,0.62860510084742,0.3914028857145876,0.7689759434325113,1,3.975444789266519,0.6410110388620935,0.00025874539408277293
248,0.9018394231844002,478,4,0.01244026259425841,0.6865553664991402,0.6114991888465202,0.3937891645645544,0.7587278014811564,1,4.191708096383522,0.5831228834547677,0.00026023500504898596
249,0.901427458227755,474,4,0.012058964765205368,0.6780736292734875,0.6125716527084952,0.40286333488733805,0.76385132132733,1,3.989871125819849,0.5852610748781417,0.000255306624135304
252,0.9020031262668322,483,4,0.013823382303345432,0.6939515514147271,0.5970867201475308,0.41789113643084297,0.801033868368982,1,4.218721200388914,0.7855129846671709,0.0001901657312935087
250,0.9016749438108771,479,4,0.012774403494882493,0.7066577298145864,0.6245285746759164,0.4189794162734306,0.7628939636367147,1,4.1890112837314035,0.24522735743469937,0.00025584130309966514
253,0.9015367041708815,460,4,0.014024127565855467,0.6819442424182636,0.6189664857161169,0.41185315493220126,0.7655377916451532,1,4.211148476379667,0.7672019169261612,0.0002020529955748443
251,0.9026893032804182,525,4,0.012919810204126206,0.6894635295143206,0.6208190619510935,0.41423636048979035,0.7620771819613077,1,3.989595282580751,0.8606868962739143,0.00020814439016193507
254,0.9012544447454063,464,4,0.012023417686531243,0.6929980325626304,0.632288756516438,0.40929204154057724,0.762018085842347,1,4.005925444333873,0.3953402564529691,0.00015026117449363374
255,0.9021601750781185,477,4,0.014471424223194657,0.6893049938809666,0.6183727663648027,0.4169714786915635,0.8002532439412041,1,4.1888093461420635,0.18198291119924478,0.00044327617800930146
256,0.9026111912319061,473,4,0.014163396085340237,0.69385696756395,0.62473889649957,0.4162882089665623,0.793961629989377,1,4.056402678689952,0.7884496185761644,0.00015512017877419558
257,0.9016213160229036,475,4,0.014459665222067755,0.6920945316508132,0.6171595230783851,0.4201109716749929,0.7971169005433906,1,4.053480933190149,0.8765433451366466,0.00014914773813277485
258,0.9028218081573994,455,4,0.015578565947559556,0.7089857620786701,0.5881223788942586,0.4165398385153167,0.7948438305143346,1,4.0430442473469785,0.39726612931882754,0.0001272369202764467
260,0.9012935347875104,450,4,0.015162803514955837,0.7950855950935389,0.6335654028338811,0.41467369721493713,0.7980813762683687,1,4.103377357023596,0.44474341225073805,0.0005539340220287991
259,0.9017238698381508,447,4,0.014437379446676541,0.7934329653144973,0.5834466538903584,0.41254163226881463,0.7972576188529005,1,4.066625582540964,0.9547530766108433,0.0005896812383592474
263,0.9018835883093299,448,4,0.01526759005679624,0.6633743795648189,0.5843993892206766,0.41399070342909644,0.7984055215566936,1,3.7944800641185856,1.0342164788209147,0.00013352602525581954
264,0.9012575081001246,434,4,0.01577604526674546,0.7952816309403088,0.6296797059731992,0.38490090490876894,0.7795885766187816,1,4.082447247043072,1.520102160210175,0.00012952752831993025
265,0.9016366999959985,434,4,0.01539643847126792,0.7312461845255736,0.5727341142202086,0.3846356983712408,0.7822931592238389,1,4.110518812392728,1.4693628777646555,0.0006299966079450208
262,0.9016701375260634,433,4,0.011634003205173589,0.7966912473532357,0.6395653750525576,0.3894805659801325,0.7871927672533372,1,4.031675776992491,0.46402585977274474,0.0001227694605797188
261,0.9022174150674299,503,4,0.014288409089569023,0.7914308992073816,0.6319429185969542,0.38600107488375573,0.7937494393757596,1,4.009451619993738,0.8281849885225891,0.0001309465689803519
266,0.9008733350791014,422,4,0.014118282011086784,0.670398226437238,0.6333051856175141,0.4218325516704515,0.7793408614356416,1,4.071371338779628,1.9155498975230498,0.00012912081529340585
267,0.9011849359816789,516,4,0.015510475205399256,0.6713330735002592,0.5908532488676524,0.38816766656956014,0.7820729645783661,1,4.041351002746288,1.5969373214417868,0.0006070071459007818
268,0.9007742280510307,441,4,0.01794477066551317,0.6700325909745509,0.5866003164551927,0.3871274023992808,0.7815506977366566,1,4.085560900424664,1.429551775429393,0.00011310557186413398
269,0.9010258193413426,510,4,0.016307838640009918,0.7110670112129364,0.5710833189483695,0.38833500372491064,0.7800612919519032,1,3.820102950131695,1.0544950101553647,0.00010806457135361339
270,0.9019171271707721,419,4,0.017681150883201328,0.7092693725281661,0.5458849078233793,0.3927929478621212,0.7776885932377209,1,3.8163425491852285,0.5199909827867386,0.00011476825061743942
271,0.902190252100912,514,4,0.017705674065227023,0.7099975394852296,0.6407726438950762,0.3915118482555827,0.7836529753273102,1,3.960710111646911,1.6634425031462565,0.0001205548131019651
272,0.9009156465924015,514,4,0.017931709097201404,0.7172176191964013,0.59962298576664,0.39324362488706077,0.7754742162710131,1,3.9475510305357813,0.40637232941438434,0.00047185237536359213
273,0.9024575270254507,506,4,0.016680121481314026,0.7127099007083586,0.5996957566562439,0.39769895480421785,0.7767564520389186,1,3.9699154520611195,0.44468781266652924,0.00045433417154840827
274,0.9022147287596967,508,4,0.01811461862481662,0.6698374753388392,0.6466469328091833,0.4002349535957623,0.7822473279830353,1,3.833438277831706,0.40965177048849577,0.00043838617998483826
276,0.9014737926651468,504,4,0.017448300228057996,0.7145786133602174,0.6029266514143359,0.3996983696922021,0.7270356639018366,1,3.9514117817455343,0.4461170036333636,0.00010638859773773833
275,0.9015911982547105,509,4,0.016571882270687757,0.7127489753351227,0.5591940912022366,0.3989171760278109,0.7774579930764339,1,3.9394895450054546,0.43004563272318497,0.0004521323535009273
277,0.9018613148668289,502,4,0.01916843079421435,0.7117576052210652,0.5614781982756899,0.400774968955443,0.8321863522710559,1,3.9229425339057764,0.4115569204259019,0.0004691614617500271
278,0.902599840369253,505,4,0.017485901970289503,0.7060950788456708,0.6051225611433401,0.4367184875425119,0.8053865071908902,1,3.922509949017951,0.4040773487221427,0.0001819687865695616
280,0.8933026095786719,498,4,0.24136682646074648,0.7247850739052909,0.6703377760385689,0.4048651793899536,0.8272104494785173,1,3.966510152253286,0.4032007501337793,0.00017577462528666426
285,0.8994777033417432,494,4,0.02110597946126637,0.7015766965257233,0.6410452239422909,0.4384767326493768,0.7505578030127191,1,3.8980449688179704,5.92623085360785,0.0001645656363602155
281,0.9012129041259522,500,4,0.013270238539092385,0.7122603912846983,0.6688992408129069,0.36022783201412856,0.7327122792863832,1,3.967542005482463,0.3661400683002411,0.0008907421066339718
279,0.9014849973460757,497,4,0.013596106630040811,0.70738049762462,0.6037063037016918,0.40164719904120644,0.8335020694158879,1,3.9294037548026046,0.36271035067696705,0.0004339188985216527
284,0.901278688790527,499,4,0.019503183871709028,0.6513345788242599,0.669655366207168,0.3607013538494765,0.8339512693102221,1,3.9065858797589175,0.6987289229095822,0.00018050071912078576
283,0.9024465833887451,497,4,0.01749782447367306,0.7255396606389938,0.6709210520368247,0.4036540734266186,0.7538814545817957,1,3.8864394305825436,0.34454467314888254,0.000943780561306022
282,0.9015751081547114,533,4,0.017016223707196874,0.7272761442442104,0.6661679202332768,0.4025033403665795,0.8304704728592603,1,3.9063591606577583,0.3752334761943049,0.00019180519079122459
286,0.9022532041239939,534,4,0.01837399330916817,0.732246262816511,0.6682678960937855,0.3590179966406791,0.7555297944643202,1,3.850044926278747,0.7534133181557444,0.00018055780991773306
287,0.9020343280451076,541,4,0.01685665877580322,0.7346678156257175,0.6662097875416788,0.4345157514282316,0.7372966948552494,1,3.8829799757693135,0.763147540059811,0.00017859066278110076
288,0.9005774812093771,534,4,0.021021627321954887,0.6556129613589702,0.6683187799773604,0.44246826146762774,0.7534945478047688,1,3.8582858951669654,0.675254019863354,0.00015465824731782907
289,0.9012311123786108,540,4,0.01910106026994381,0.656244710115413,0.6684071702410304,0.35623394917512785,0.7442799791600005,1,3.837033771915976,0.73525154282451,0.00018857391753590848
290,0.9017081110225795,533,4,0.013813851717215924,0.744085470358907,0.6061355539894896,0.3576987334477297,0.7357295234917309,1,3.800831358418547,0.7510698382022375,0.00021209006530759132
292,0.9021940112441491,536,4,0.02484698895593245,0.741921152056639,0.6657731298632273,0.43624868880193457,0.8064860488320025,1,3.7943736194986286,0.6525981244097047,0.00021297034408608305
291,0.9014842063836002,561,4,0.01641409558416256,0.6535789680805143,0.6060251781732987,0.4317443774582323,0.7407207189443475,1,3.8278941129808945,0.8255520275514774,0.00019918642457860438
293,0.9020943910977017,535,4,0.015802735625098856,0.7415730737590207,0.6776055101186783,0.43138844214638394,0.7466789922792358,1,3.8002052557254022,0.72729194447073,0.00022845946052808304
294,0.9019276896555457,537,4,0.01635513044153996,0.7306914999790611,0.6739872314832219,0.4301965100306689,0.8078048709235089,1,3.7691873034840615,0.8262254877351661,0.00022584881836914948
295,0.902268272624309,535,4,0.012038215646852887,0.7421882525421198,0.6207696001907341,0.43314320798774764,0.750469346588976,1,4.445613610275854,0.8466385462304471,0.0002177444477720479
297,0.9002793259087106,571,4,0.02582512946032348,0.7456574827680897,0.6817879557091291,0.4492026929053191,0.7533954629728559,2,3.800495007467317,0.5335768868120917,0.00021684295221811945
296,0.9017638306611445,540,4,0.025978551818141706,0.7439875969488202,0.6783305459543783,0.4388620121299436,0.7434599270397079,1,3.7982412859624968,0.5680154085532207,0.00022820587667774685
298,0.9017031601524097,572,4,0.024471011359294345,0.7475329563616707,0.6783824617676567,0.4291228392168353,0.7304385388007097,2,3.7711843133066307,0.5447938855004572,0.00029684480801271603
302,0.8996304731258544,257,4,0.011884638787560815,0.7426198320734015,0.645623350465246,0.37389560040482517,0.723491506770407,2,3.7399846613631134,0.5172761457247375,0.00029245681403919664
306,0.8987708712990254,245,4,0.009110954965018379,0.750588040381664,0.619263493585006,0.37455973776006574,0.7650012172827091,2,4.42581240735152,0.2941981723092995,0.00030635587187905904
300,0.9012208609575996,563,10,0.03076555416705205,0.7487334196695038,0.6809008733258701,0.42789263458138094,0.7239063743298805,2,3.737932815616325,0.5359937313088727,0.0002863099899871082
299,0.9022408096925888,576,4,0.011608926109387518,0.7451715123635104,0.6156650467707638,0.42711096807021903,0.7266108602284624,2,3.7540637544924276,0.5481756695204812,0.00028973120162843486
303,0.897557012164752,460,10,0.011879791637080783,0.22797195430983297,0.6491102282523964,0.374275896985772,0.7139798707234687,2,4.285383728118614,0.5233819064465851,0.00029824206615618453
301,0.9018867551999341,579,4,0.011747875869302923,0.7452810519728553,0.682639055909625,0.4258972169157611,0.757440789963315,2,4.415212702883794,0.5104532074709782,0.00030469154901771324
304,0.9020305327935398,570,4,0.012395626523093853,0.6927550230701842,0.6455495138378795,0.3732999035446145,0.7608967593377446,2,4.073329393596894,0.31261654637272585,0.0002907220680927239
305,0.9022045893125181,572,4,0.012374552391827408,0.7507901954870736,0.6419101372147179,0.45482573895985184,0.7611233376221173,2,4.392357638223725,0.5461699755699109,0.0003024494450542545
307,0.900977480169457,270,10,0.011891485788780975,0.8166409940406005,0.6164463125117847,0.42300011435592255,0.7160226993814495,2,4.516305258559002,0.3180111012674732,0.00030415990852654065
308,0.9022801694449152,559,4,0.01183123956510642,0.7746603778181793,0.6211345960068914,0.3715000614645111,0.7238579676681276,2,4.504785488566757,0.2973762102416241,0.0003046300024367954
311,0.90167936613111,460,4,0.011557614258799353,0.7734489858431901,0.6258747458535757,0.4161444524433957,0.8109467398295416,1,4.132373477822066,0.311252757291916,0.00087562303210398
309,0.9024315198295699,574,8,0.011738148313325293,0.694191765601265,0.6233740788857419,0.41419703785383416,0.7104284774010532,1,4.462936871528444,0.31866440352026937,0.0003056603730879106
313,0.9010293900371049,583,4,0.011443321295043421,0.6972354452833652,0.5875287835123534,0.41643103329652836,0.7669121530292006,2,3.5310555022720096,0.3226095404663117,0.0009628025877686217
312,0.9017654613133373,577,4,0.011555771566512043,0.6968265073545784,0.6162774552433582,0.4518888855471796,0.7138872258333145,2,3.6204976884524567,0.3380641069225643,0.000355677618862702
315,0.9008662551857644,517,4,0.009178896733706374,0.7235953696350288,0.5855703384452147,0.4131120084870727,0.7670530172222005,10,3.6395068976941736,1.0525742855457496,0.0019146134848105243
310,0.9017671013917047,463,10,0.01168516697000643,0.6966701679331531,0.6478353360730497,0.4162023523348837,0.706474012281335,1,4.151085589192878,0.3068166871357624,0.00031193741563185145
314,0.901945178326196,588,4,0.00916533019822763,0.6954744386531274,0.6194337296891168,0.4563584337221547,0.8075175577390292,2,3.581648937720615,0.3624595186990669,0.0009357073064188557
318,0.9011738189489706,520,4,0.009053622631130208,0.7729998000568657,0.5821003639465773,0.35574133080140047,0.8084675618880431,1,3.6247875046469016,0.20174440777215538,0.0005826610083396762
316,0.9006406480580195,551,4,0.008961126864868368,0.725456827135476,0.5836855277753182,0.41604231424731986,0.8074980243006171,1,3.488092862713381,1.1676067054270083,0.0005595672610218826
317,0.9018256251651862,589,4,0.009577789620279654,0.7738678433580001,0.5840874309940974,0.4123936385226347,0.8049479784681972,1,3.5421775733995813,1.0016809050024393,0.0005219691669396295
319,0.9011319256081434,555,4,0.009157902711161072,0.730979156298562,0.5842862300618028,0.3543175369125646,0.6781038330111091,10,3.530745176264311,1.1198820543215273,0.0005386371347757477
320,0.9006371917686508,556,4,0.00910333950447187,0.6978358234980113,0.5729921118177753,0.4140864814449377,0.6549514640916135,10,4.630322457030927,0.19388698845810776,0.0003833291037138702
329,0.8971914661770002,102,7,0.010665624117073369,0.8097645209386504,0.60727071759552,0.3776835039043578,0.6906090485909414,1,4.589291632379515,0.2431606193630134,0.0003632166262903521
323,0.901692578435199,557,4,0.00984205012825349,0.7786653209061302,0.600298258820882,0.4071315054158318,0.7945142964904166,1,4.667080091933641,0.00034747982265847193,0.0005480131617505356
321,0.9005251266391359,523,7,0.009660306587848388,0.6871425010829344,0.5923691497723033,0.41154468000829686,0.6942939225944371,1,4.891078765756029,0.2131803968926349,0.00052256355958797
326,0.9014774294961667,556,4,0.010478255483965512,0.8284328777835746,0.6038630021805167,0.3777097980578653,0.6876750083475746,1,4.452220693645618,0.00024692153168529214,0.0004371943168535631
324,0.9020710915704822,551,7,0.00994145551240216,0.7771573055600921,0.5952429149171288,0.38186594563992615,0.804389986638788,1,4.570915049379967,0.20896720814851305,0.0005663192177977025
327,0.9021968965657953,554,4,0.010447164581984036,0.8331978768251931,0.6000389158259126,0.3804893621984471,0.796697745487407,1,4.560205006838186,0.21496696500308615,0.000393192224508743
325,0.9013793461962709,520,9,0.009978928019867765,0.7754689225662355,0.6049256972993582,0.4073711118654936,0.6913717723680998,1,4.530267992012139,0.2070511430132016,0.000561074445430579
322,0.9017681495975267,553,8,0.009062230436722033,0.7776365716403598,0.5865648321715123,0.4101467680108402,0.8045646319249625,1,4.483875019069292,0.21179095861648484,0.0005368627646697057
328,0.900601487775711,552,8,0.010331556844885318,0.6840587228712518,0.6291757015283804,0.37815194657615897,0.6767718677338286,1,4.543377388666374,0.19364886452934613,3.07143211985022
330,0.9026315262272059,521,4,0.010110235826085143,0.8252952210055077,0.6053517389838268,0.377221342913898,0.8278334861276629,1,4.506916196020877,0.24696293347098064,0.0003859925171344955
332,0.9019530642334811,521,4,0.012981180234129877,0.8276257400032218,0.6292152957132039,0.3910924265848496,0.8199219461450333,1,4.4768302899910575,0.24454000279966312,0.0003941932787745656
335,0.901813094206284,488,4,0.012903514176099291,0.8312165032933991,0.6296327165563548,0.3856757247916539,0.8209023174048049,1,4.343159017998014,0.2660633320428936,0.0007473249423371116
333,0.9010849168951957,485,9,0.012972768328921127,0.830633383734942,0.6271452148788583,0.38226557078206064,0.827660365654522,1,4.459516822247207,0.26168849960895135,0.0007005020910982728
331,0.901058940562435,518,7,0.010161289998110239,0.7201635273896829,0.6329083130361894,0.3818508723565789,0.7971267142109757,1,4.447028858140499,0.22931682673484724,0.00046695758065250735
334,0.9024623673661212,478,7,0.012953983251626344,0.7259316637076394,0.6305858895989942,0.38358839909854897,0.8214910720758607,1,4.287241849263674,0.24168094095113482,0.00039467202410273683
336,0.9017578106803302,600,9,0.014857429916505552,0.716493195373228,0.6293925664799885,0.39996934526532113,0.8261540127603595,1,4.313367685665711,0.25120292037456504,8.231545435646739
340,0.9017575060780582,486,4,0.012561613353365548,0.7177447360232084,0.6312864666405283,0.39564142836614263,0.8323294225647231,1,4.297687551806881,0.265699806401057,0.00023114216500503285
338,0.9018614394595724,524,8,0.014499737485835119,0.7217962590471897,0.6328630180667193,0.3920258312271526,0.7728234984505641,1,4.747438224102909,0.2727803521948071,0.00038779425915241714
337,0.90223032330137,489,9,0.013062292671224085,0.7213276840888304,0.6288650106496486,0.39782122895168903,0.8205497805803131,1,4.293998389242612,0.2700833428367424,0.00039092282957293463
339,0.9004349762253632,598,9,0.013008744484836533,0.7194183093556841,0.6332980793000065,0.20113484498830386,0.7758389107680411,1,4.273099332242496,0.26599049472248626,0.0002415389040819803
341,0.9018898290450725,488,4,0.01305295157214268,0.720294061184732,0.6307651680835851,0.36592788325398967,0.8351363194979896,1,4.345455433385756,0.13984285264615173,0.00016804734189690946
342,0.9021979859731223,603,4,0.015164442864738071,0.7211488421910839,0.6338571456555157,0.35939003518989765,0.8346943575242148,1,4.819051671109109,0.15725930132427246,0.00024039988031444845
345,0.9014759749766078,460,4,0.015338114737436315,0.7198502328347871,0.5540179911294403,0.3597500679930724,0.8632280229865702,1,4.262038155492488,0.152382542997579,0.0003583172311513932
344,0.9019300189089063,465,4,0.010957671382506893,0.7193082701666665,0.5530628767585178,0.3642451835573032,0.837133659675013,1,4.280850654173095,0.16379494753688004,0.00023295758878440404
346,0.9012102391791469,470,4,0.014494219218479007,0.68134169990385,0.5531727839759899,0.36880921798081806,0.8723898315352189,1,4.024594434107379,0.14944741235124467,0.00037562818530022387
348,0.897919129989624,470,4,0.09522730702410435,0.6805429360008366,0.6534853814666558,0.36260456179636447,0.8660363742920252,1,4.018248271381906,0.14432280267682593,0.0003725144710669501
343,0.9011568220357692,599,4,0.014962990184647562,0.7249953800630133,0.6417369372720483,0.3654498010388641,0.769975739752841,1,4.293329386674965,0.14966620222504975,0.00024068902348838158
352,0.898610321880146,171,8,0.09766430232238753,0.6787681325029647,0.5589401802566998,0.3429983378716764,0.8617177973595995,1,4.037466232509191,0.4072922219988427,0.00035173425670842674
347,0.9016780346839439,403,8,0.014677637388284571,0.728454285693438,0.5519242527903955,0.36046829338094843,0.8634139291676839,1,4.022127414045074,0.16539064914138746,0.0003640384389935151
350,0.9024413651648967,454,4,0.01100132218689611,0.7593109065742494,0.6583942049628523,0.36251214954338684,0.864464085291562,1,4.028845440274522,0.411726716734826,0.0001446755560834722
349,0.9019358328061771,472,8,0.01531891107337778,0.8126664194876108,0.6564927755466807,0.3519597547390565,0.8551535790885184,1,4.0054346900283715,0.39363148633331174,0.00015187748940725845
351,0.9017928923176921,474,4,0.01104314341544687,0.7601379505803718,0.651716488945882,0.35282135643588763,0.8722835857988016,1,4.021041200664016,0.174901361721913,0.00035499387767171624
358,0.9008187885431719,504,4,0.011235473427267127,0.7582271448597111,0.658926522782885,0.3450539957636753,0.7901491939123462,3,4.163603957438445,0.3564788779180281,0.0002916955811420123
356,0.9022030063233212,499,4,0.010880065187255265,0.757511339822204,0.6508631521659065,0.3358216407018669,0.7815171092811434,1,4.13464055248522,0.424676272437456,0.0002623568984786584
353,0.9010755145140589,465,8,0.011025371022446644,0.7592163475695486,0.5338033928980229,0.343463562677866,0.8615681429501868,1,4.024842078427407,0.42968009058884205,0.0003448629249075567
354,0.9007166274345224,405,8,0.011012494012916011,0.6789152001048177,0.6540365091887415,0.34783987225963714,0.9863672828993822,1,4.032328333078657,0.4291226130764732,0.0003334217903881902
355,0.9025210212816266,501,8,0.010923875841150912,0.7547837796424725,0.6566064188470717,0.3423097870996648,0.9873649883587555,3,4.0132410136879795,0.42841825181812837,0.00015036730628089227
357,0.9015261956585594,500,8,0.010940442773625703,0.7574521844138403,0.6596982859821209,0.4007907896221034,0.7921709751141122,2,4.081730854902326,0.4087338918620389,0.0002837310478122486
359,0.9027393746639264,504,4,0.010984252987718567,0.7610840780765281,0.6592772550688212,0.40136072220205476,0.8426834696341806,3,4.127865130466698,0.35728503057232447,0.00014653345803614326
362,0.9016663697928443,502,4,0.011005368644774005,0.8058930043254503,0.6099849241459059,0.33171547444929583,0.7870343265139919,2,4.064633507509402,0.37646175783877783,0.00014884538177623033
361,0.9021285859904908,506,4,0.01102085902389209,0.7584831647528961,0.65649937566894,0.3456650114517458,0.7915478653477271,1,4.140467467834632,0.328484637099466,0.00014572516508330958
360,0.9015317539848697,509,4,0.01075890627709807,0.81158156461473,0.6533510259274068,0.344025755081621,0.7882230293136567,1,4.175455075375292,0.3951962831378902,0.0001518813228526113
363,0.9015900869543325,501,4,0.011351533099986202,0.7021416847967966,0.6094713979005091,0.3153091018985824,0.7884958087430252,2,4.162199301510467,0.43198343764880254,0.00018024496218646994
365,0.9016023099661912,437,4,0.010413493162301725,0.6976028918816602,0.6157303234665915,0.38160093048156346,0.9816649944462491,2,4.137942844188451,0.31246568220805276,0.00010198917415073035
366,0.9009434734200727,439,4,0.008391351198148225,0.7024063537441675,0.6099691391180603,0.384556129447158,0.7903570354114765,2,4.154623865574249,0.3069533010048122,0.0001555457239462658
364,0.9006145050187995,445,4,0.008255423479772844,0.7031373110065544,0.6138559345081702,0.37943322631300747,0.986679108405183,2,4.117893653522192,0.3425875947583787,0.00017645322136098973
371,0.9014274822492968,426,4,0.013630448088357004,0.7061602642086799,0.6822615763930928,0.3066770250885636,0.9988253210263464,3,4.147138045824012,0.4922897330149063,0.00018705264945894964
367,0.9010751040193574,451,8,0.008430941653745026,0.6986771893815987,0.682420646431872,0.3104938930548803,0.6332506536752884,3,4.121057114859418,0.32988115658030426,0.00010330763359988021
370,0.9024345686649387,513,4,0.013666211743371712,0.707328547615929,0.6824765778287908,0.3163654231056219,0.9879183834867563,3,4.152733827403624,0.47239376805960903,0.00015635029754618407
368,0.9011721664797445,454,8,0.008326293150231994,0.7033325866073057,0.6822112735988453,0.31370544918657917,0.994350415858851,3,4.199118264158269,0.3291821445948422,0.00013867189125311662
374,0.8993990516447337,482,4,0.037495013801562935,0.7370146032953514,0.6796186826628958,0.44510511284809084,0.6304334917433191,3,3.8821421119298187,0.4929475968552593,0.00011920438420859536
369,0.9013979929180845,448,8,0.009613758563117653,0.7016264682804656,0.6776620191239745,0.3093376907084444,0.9864923875944327,1,4.11213668934877,0.3583929569332225,0.00010277664500490141
377,0.893272552852561,486,8,0.18211992265624732,0.7406330891666133,0.6795919606298988,0.44512154948825194,0.977232090086737,3,3.926262926490141,0.010193496442441207,0.00012126905889492715
372,0.9020998154811114,458,8,0.009919239357444917,0.7073511897922201,0.6827659664741834,0.31991625255208617,0.9918341339872534,3,3.943787068920468,0.5033417669713285,0.00018429198283844328
373,0.9005996464789223,445,8,0.008510995777245747,0.4652057762272377,0.6815281644866329,0.30515555162312913,0.9875772107712437,3,3.954752092499422,0.48735626910867574,0.0001261580180108862
375,0.901191126697882,450,8,0.013840563854768576,0.7373903331985661,0.6784314986445253,0.4448297692800307,0.8440212495369712,3,3.9273686274263637,0.48803675363639926,0.00012279504576609817
376,0.901588282602067,483,8,0.013787371264215899,0.7367171957394166,0.6805082788653357,0.4424696170530944,0.6239836326747574,3,3.912925033863327,0.4961590073447868,0.00010670332758039885
378,0.9012258454275208,521,7,0.019991984654735184,0.8445611477837339,0.6648130342911652,0.4435642144413656,0.9981788050330841,3,3.9207936724590047,0.48695861492002196,0.00012994473424339162
379,0.9007819740100297,485,8,0.019387511363197562,0.7374277983372924,0.6764117057393751,0.4532972668049085,0.9987496155440199,3,3.9331946157524205,0.6487614132702871,0.00014796584327078204
381,0.9016902746477135,523,4,0.019753201588494456,0.8445244080340522,0.6429989123590834,0.4247821545495058,0.9790133355697997,3,3.9178676690982788,0.5682748303433276,0.00013081749386814777
382,0.9015869185433776,519,4,0.01623371629052634,0.847400747150807,0.645697476081963,0.4219842099419097,0.9771805333038712,3,4.238771301319393,0.5836678331942794,0.00013892106990095744
380,0.9016052133800109,524,7,0.013402662125630791,0.7351129900834045,0.6656528582660043,0.4397195491437669,0.9807292014701631,3,3.9384042124738206,0.4818688565996284,0.00012994356455233938
383,0.9023464404696935,522,4,0.012489105144027488,0.8435498586854632,0.6638469713162913,0.42364333653705133,0.9587111792811249,3,3.9388490150899953,0.6218847223695797,0.000191477527129485
385,0.8995426971198597,520,7,0.01951517069625988,0.3214758291799799,0.6418631377260368,0.405058609330567,0.9560257683996956,3,3.9325280318237392,0.6594678138814327,0.003241173205996741
386,0.9017303881139223,523,4,0.019739073478746767,0.841715281147768,0.6453519507491353,0.40229230733788846,0.9578543916005596,3,4.25013605810729,0.6468550929524269,0.00020141664258535678
387,0.9007538888747664,334,4,0.019888257170202022,0.6652124914273869,0.6439426429367856,0.4043233896962219,0.8443899392188288,3,3.6866059269819833,0.10090578715020194,0.0001952689324026904
384,0.9010990797985888,516,7,0.013712638392688459,0.48223711286466764,0.6432203692596729,0.4041174429249917,0.9696235826994882,3,3.8832533042045165,0.6444686662019663,0.0001458116195768016
389,0.9016879241094424,333,4,0.016640645390422145,0.6719807869965332,0.643728612764814,0.40774825671683695,0.9606145769454689,1,3.6703652522675783,0.10609669113949274,0.00020184840915958178
388,0.900438823168856,519,4,0.016935161742010884,0.6685549016788532,0.6464067024895331,0.40620740160845814,0.8901637897537802,1,3.7168117608669,0.6340833834246338,0.00020725320750728877
390,0.9012605784484565,532,4,0.01635756820586287,0.6705857206238945,0.6454329968981611,0.41075375595986513,0.959006477733738,1,3.70542389178271,0.6412550647713205,0.0033969123231609158
391,0.9015089460630639,534,4,0.012254844944612453,0.6864809936985267,0.6603882300073808,0.40217369914676876,0.9651708320715477,1,3.7166695906177796,0.008191622427196975,0.00020418545467396887
394,0.9019925685711634,536,4,0.01703398448757043,0.8670300582455817,0.7060533725355624,0.3998265419728117,0.9708205938296747,1,4.245525164046605,0.7103441701819163,0.00020292246734110675
392,0.9015588935379863,540,4,0.012327220727682794,0.6664940717004069,0.5709134474730878,0.4045027458825589,0.9535835372387839,1,3.7326333241094387,0.3630792365156042,0.00020611274497644438
393,0.9021592754865821,537,4,0.012570533455337696,0.669426090108175,0.6438149396977975,0.4072974303351499,0.9603682671473207,1,3.6877766694433154,0.9068859044675225,0.00018630899181092193
395,0.9016127251289774,497,4,0.012398727672057375,0.6788788667659524,0.6022127208975883,0.4262636668403811,0.9552446464066795,1,4.056433939403712,0.03407966336475311,0.00020617839472814224
396,0.9018710877574424,499,4,0.01248349718754489,0.866919429494698,0.7095163854100724,0.4237189455607286,0.9614102443169155,1,4.04645577691114,0.8244410597761916,0.00023522768980592583
398,0.9024336603313854,494,4,0.012495416949604272,0.688651086167583,0.7167474931166496,0.4248446000797642,0.8959772995986757,1,4.0596143980930055,0.8474708031617519,0.00022412812631690768
397,0.9014318278678346,494,4,0.012260085526560032,0.8671055840599206,0.5725059021171791,0.47319248465468045,0.965806866094961,1,4.038075453824531,0.8203849699935122,0.0002246805355874716
399,0.9012642659831738,498,4,0.011941473281650279,0.40240423917045215,0.6618453969974182,0.4678942784907389,0.970368008835179,1,4.0612033646058485,0.807520644148909,0.00023637604963471642
400,0.902154753507358,496,4,0.012423548991839525,0.8666953775269991,0.7052340667146303,0.46718328696016553,0.8320236912806137,1,4.053564641013897,0.926558453332368,0.00024789157571784945
401,0.9017179349969782,491,4,0.012419481494033713,0.7316008136537389,0.7037257656533843,0.4257003790476635,0.8360972869126054,1,4.038616519664029,0.00673914647389341,0.00016297143084514502
402,0.9019558064141044,499,4,0.012420150996385304,0.7314858152093929,0.6015458146554824,0.46820777539690783,0.8225164252414143,1,4.046198368741319,0.8940629079122981,0.0011162832365281658
404,0.9019195446804934,492,4,0.01228019380622246,0.7299997282868516,0.6039566190086675,0.42399373219144193,0.8329553034992673,1,4.0584264891966635,0.0006465498968635967,0.0002521267999611884
403,0.9011068408090601,492,4,0.012181442480610925,0.7288414400301652,0.6178892644082344,0.47037493471689085,0.8323275886182733,1,4.056153033202016,0.034058953793827236,0.0016401674776466335
405,0.9020077409114344,495,4,0.014256351537612087,0.8656807533864879,0.6994251815896506,0.4256713461489092,0.833896433278729,1,4.382734468201272,0.006310486662708102,0.0012760626310185717
406,0.9023267128545168,478,4,0.013868116845929796,0.750989346390931,0.6158010790770557,0.4649490426815918,0.8390366574472505,1,4.38603445515536,0.05390708543283939,0.0007573929404243361
407,0.9028059557642395,477,4,0.014046002078630595,0.7050078876514466,0.7189124845830549,0.46064263249412957,0.8827945681415835,1,4.369698444870051,0.006254882811061138,0.0002523804462381832
409,0.9013491466332075,470,4,0.013876569726863608,0.6878002959039872,0.723204682542545,0.3859665248670103,0.8491051844619325,1,4.217121523982777,0.0006071130565997874,0.00016238201558064138
408,0.9024245749433792,472,4,0.014744219830174975,0.6922440228205153,0.7282464378402024,0.4281728177183462,0.9295081739955003,1,4.3433888276941035,0.9110715266879167,0.00016098320092168084
410,0.9023422319107756,478,4,0.01453992691074132,0.6964518600069718,0.6950256264071534,0.42380299787595044,0.874417855267464,1,4.343450718733675,0.000829682954168659,0.00027881835533891954
412,0.9018269106977594,469,4,0.014097224996124466,0.6875373721813128,0.6959499067465991,0.2932260122462943,0.9323807381404573,1,4.3830563847235915,0.014477910324110362,0.00016664814574698014
411,0.9017448747760067,470,4,0.014285109219935867,0.6870140164486143,0.7305352536719854,0.3754475230706684,0.8922831113422415,1,4.370401151906241,0.4352095768679974,0.0013055396918027326
414,0.900986534086203,471,4,0.014483544501838799,0.6353188584592763,0.727771005983242,0.38064781384007446,0.8788216168725081,1,4.337385295322689,1.0906731091942048,0.00015501829435662952
413,0.9009021714956859,475,4,0.013623417242286323,0.689568464680118,0.7230509361903742,0.380124336499274,0.8923294743151748,1,3.8357267829812396,1.3169130390173465,0.0017723852902091647
415,0.9021481057737205,464,4,0.013759045934599727,0.7080507882179686,0.7201395873195748,0.38371411651685794,0.9374637959924338,1,4.231965397616966,0.43243575080990165,0.0007002259477789447
419,0.9017034522878056,470,4,0.01617268380298479,0.6947371158079558,0.2617216491020129,0.45542565600332263,0.8959414371891228,1,4.364024384830462,0.00515588834660461,0.0001533472228639832
418,0.9016643810980508,470,4,0.015395613848179553,0.7075802777349504,0.7302432142788889,0.29330263783199745,0.8940491410651639,1,4.3753450386555715,1.299238258179952,0.002350360345790624
417,0.9015981496023917,468,4,0.01550342202085155,0.7070858286167274,0.7368947903675924,0.45763926387355847,0.8785657331849853,1,4.226465723564309,2.147459507553645,0.00015963666333428998
416,0.9027511667323662,470,4,0.014925274229958194,0.7551837720252822,0.5934495917101915,0.459627308038118,0.879407141880363,1,4.329842460514254,0.0538380020703571,0.00016065980083087441
420,0.9020702228420658,422,4,0.014916629341951988,0.6879918025955368,0.7302726316318534,0.29132241295774364,0.896798557026305,1,4.257751191899345,0.015403238639387407,0.00016036908552454558
421,0.9021637442535303,463,4,0.015553735731034541,0.6424591598865913,0.7338318709759192,0.4544907017505695,0.8986977188747629,1,4.239757439315738,1.2933781926384436,0.00010171716564109287
422,0.9017152224631945,421,4,0.015428834866845997,0.6386819417131295,0.7301664403815398,0.4574167900529777,0.8771026280902583,1,4.192353447638193,1.1720216393324887,0.00016499041573826841
427,0.9013690782794542,424,4,0.017640337296122188,0.7079102642836612,0.3269048361944665,0.4473141230440203,0.9233984013544159,1,4.229878771576193,0.012618587516382632,0.0002597587115296477
423,0.9015481930053649,424,4,0.01571485421438602,0.7153377333834288,0.7387739290707948,0.45133362840374114,0.8842304414122921,1,4.2355231337860335,0.01147807070456847,0.002135444032443628
425,0.9019799797629153,430,4,0.015679178810545744,0.706647214854645,0.7419750326898154,0.4585860296407146,0.8772388065348824,1,4.250035845591168,0.025095081799882103,0.0022915386195816686
424,0.9019496353864435,458,4,0.015569642516843434,0.7085343953233056,0.760455650178684,0.45230794599576923,0.8857644366229483,1,4.2288042220503215,0.012003172739482888,0.0001512484575043241
428,0.9028364866117305,431,4,0.018051335738433538,0.7111053724158508,0.5933738240787881,0.43746804735424344,0.9318845888451791,1,4.17578839492683,1.083307470027903,0.005912667783934645
426,0.902043808876343,508,4,0.015471356193712305,0.7086989150448384,0.5930022925691881,0.450561112585262,0.9061111425383555,1,4.220887063529626,1.1630088608443858,0.0001029467250580528
430,0.9018504145601194,450,4,0.017218102249947534,0.7686240656337309,0.5926369225341672,0.5199372634198943,0.8772399694980261,1,4.15264619328841,0.008504548946417131,0.00010296003977496664
429,0.9028500016936707,511,4,0.015572630244514347,0.7640166210245023,0.5986803160147219,0.44434759517153977,0.9148753306495531,1,4.238738307285109,0.012808448627954877,0.00010896771095819403
431,0.9016988741316213,405,4,0.017835189495236138,0.7700677057521111,0.5924332437820398,0.33024886993553926,0.8839548372114893,1,4.1679440064981135,0.260507244902423,0.00010178872003597272
432,0.9001907486778726,405,9,0.018024735094478977,0.7535474110010436,0.5931784721263015,0.4416972873119809,0.930828935141736,1,4.562863967366651,0.2759222095791061,0.0002607155589413996
439,0.9006663851635903,509,5,0.060007661729785104,0.6549365720876446,0.5815102172850818,0.43071398268371125,0.9202074599087346,4,4.58535955444321,2.213796962551026,0.007055313538140519
437,0.9007608398423603,401,5,0.01762903293737686,0.7673838071649458,0.5858430824126476,0.43596561000888273,0.9171148727373453,4,4.649935190507001,1.1098228437605864,0.00012290797516285726
438,0.9017532481837586,363,4,0.02300734341183603,0.7697599014807383,0.5753832024999274,0.43615348145598837,0.9153351543235196,4,4.677485727360541,0.008488972008989994,0.00012795557613764564
434,0.9012291532546393,509,9,0.01781608138670059,0.7539473677625371,0.5906113774054095,0.4367127467961085,0.8546456066898115,1,4.574258798607536,0.007782548751572697,0.0002766743397090494
433,0.9009970975592045,445,9,0.016504352233618465,0.766740913211147,0.6215348295672035,0.437290504198136,0.9174661507747786,1,4.644708955322198,0.010469333985465039,0.00013480411238622766
436,0.9021768527936811,508,9,0.017622498961454715,0.7605583831363129,0.5748327719549827,0.5290285447014372,0.9111703128977887,4,4.475212554810232,0.007939783291277647,0.0002686324614940222
435,0.9014972951591911,507,5,0.013367389299115878,0.7523213823007915,0.5923473551679515,0.4871526489576712,0.9089252007784602,1,4.591169283265922,0.007923621273397092,0.0002551531364635568
441,0.9025469740489507,448,5,0.02198683116467235,0.7916529961058568,0.5736407692373503,0.4806776530831558,0.9173275961689611,4,4.466782436686639,0.017276430325570438,0.0001272490962452094
440,0.9010839737456104,365,5,0.0177971949360666,0.7848524484081655,0.5722293902463916,0.4399466403082886,0.9219124751805675,4,4.466567179032711,0.009692672342270156,0.007039109159277246
442,0.9014088389482724,450,5,0.018808649517560855,0.7872128076640321,0.5719677050300105,0.49595214930421067,0.9072486103074001,4,4.469949311338009,0.015883491595895326,0.0001416298817692127
443,0.9018359288102452,446,4,0.018631787615409387,0.7877477279375152,0.5665763755149661,0.47805645210085435,0.9186902143420088,4,4.440449946235445,0.006906634458522564,0.00012900759405218282
444,0.9010949230076137,446,4,0.0170436883687549,0.7908749565331853,0.5640947832252925,0.43313753628081886,0.9175333586175586,1,4.391486720030068,0.011298360970230651,0.00013991067570711784
446,0.9011855161475237,452,4,0.018343542340651428,0.7893001658976507,0.6118294882422525,0.4835534906823219,0.9078647172318373,1,4.437280008628029,0.015648133809191837,0.0001304641410043427
447,0.901843328129274,449,4,0.018364805066182145,0.7830565485645624,0.573502601608791,0.48571392575209393,0.9398606904562233,1,4.404296799643574,0.016768845599198185,0.00013447217342840188
445,0.9006349280424073,447,4,0.01806999826717255,0.7806403740319793,0.5661058904186684,0.4749888171470029,0.9407897595135903,1,4.454282775621113,0.016474842149064802,0.00642649432799973
451,0.9013018737593177,436,3,0.021160618550523577,0.7927338600132647,0.5457912831019469,0.47573428298302983,0.9319527356045585,1,4.433963593300592,0.013785890607925531,0.0001354159793280119
448,0.9015966489401878,485,4,0.018883331980258926,0.7809840711729079,0.6061377710226535,0.49247304741972153,0.9051933026015707,1,4.448688317545835,0.01681553459805037,0.00017811578145044538
450,0.900993980840175,389,6,0.02220764096488279,0.7907091384623379,0.570927181245008,0.4770259704152969,0.9380706906107958,1,4.450623199377421,0.004502646410665443,0.00012846558605891084
449,0.9020471741727194,442,4,0.013264626566289682,0.6789695022632879,0.5642488925601922,0.4782012613210258,0.9427200681689443,1,4.339440099273459,0.016643474902337613,0.0001676411629077788
452,0.9005911668746709,389,3,0.014693351628203535,0.7893308103182705,0.6071837645118756,0.47138273332505426,0.9031664132514357,1,4.342625506653045,1.7394458609518118,0.00017554069451311167
453,0.901335561311063,387,6,0.02228745817093091,0.7978906655811684,0.5452449715344269,0.4812976943383795,0.939670114908794,1,4.345579850425569,0.014709588045532686,0.00017841737949236112
456,0.9017589662989323,386,4,0.020360414847372214,0.747432114216307,0.3862627184777129,0.46598451109139366,0.9275824914927954,1,4.29670656104716,1.7172951586136953,0.00017563500731072854
454,0.9012833635650012,484,4,0.022511832619391894,0.6789220119403762,0.6066040679967848,0.4799775582365916,0.8615636940982148,1,4.391270521150759,1.5961392105309176,0.00010010656030942823
457,0.9014628397543015,484,3,0.021732790859792055,0.7479286138776908,0.6020316543633399,0.41832172699710773,0.8597022396138413,1,4.332831609023695,1.7498622063118636,0.0001802253103286828
455,0.9016406490310439,483,6,0.02162331158496293,0.7432896108863629,0.5999263178772333,0.5093643760436064,0.8660575452841798,1,4.33531081631872,0.9343049304852091,0.00017770440570517686
459,0.9014012194824556,479,4,0.01462980802344214,0.6848943260201498,0.5385729475251,0.5038541321147476,0.8550545539501904,1,4.288070680295644,1.5621894565771115,0.00017340559291530874
461,0.9025096276971174,482,4,0.026629347070878884,0.7403590595026865,0.6041200155574843,0.5098345945074351,0.8660328333463582,1,4.139370096454856,0.38234979187021595,0.00017816721674831072
460,0.9022414802432852,479,4,0.013305746940074012,0.7411353739650941,0.6046640898589405,0.5097826567686896,0.8675429189444207,1,4.326330977058914,1.8906827719171633,0.0001839311442007539
458,0.9024558914321181,480,4,0.013338795881273246,0.7484703340919349,0.599847767921616,0.5023207193861666,0.8673549914402704,1,4.385047169031101,0.9771280734932204,0.00017678061959308753
462,0.9015820652797256,486,6,0.01623292662680956,0.7452777292182611,0.6156804738031684,0.45516981064861534,0.8631645262326512,1,4.311786208058322,0.9964126497664059,0.00019575034507395784
464,0.9021143929841529,482,4,0.013126504870954042,0.7363445724824512,0.511237764279544,0.4182157698375635,0.8686943012814239,1,4.119866099937255,0.9050362179008631,0.00020926049172295487
463,0.9019837696172377,485,4,0.013487406766572346,0.730675728911722,0.6184887770912644,0.41981360316908967,0.8537625111011132,1,4.138337776937454,0.39397684511386943,0.00020919362210451503
467,0.9017875816565184,487,4,0.01638198885023966,0.7234633593367997,0.624580545523151,0.41906195968971927,0.8953105737155163,1,4.11806422016475,0.3616031500817726,0.0002141437458668172
466,0.9015246591920955,477,4,0.011339021847691111,0.7295347845192459,0.5990018678264036,0.4159506206370094,0.8654354283271485,1,4.133583823664728,0.4075184738499704,0.00021499290164277087
465,0.9021559980664786,488,4,0.013146781783736952,0.7365278503776832,0.9925473953404512,0.42053377622642685,0.8626159224771948,1,4.140888751406582,0.36413310813051386,0.00021913294683072223
468,0.9026232220714304,464,4,0.013317885147356377,0.7263087284919183,0.6217045666326746,0.4181108512565575,0.8887717567761988,1,4.136593669538522,0.35510216687690216,0.00021169046038301597
471,0.9014040682396661,422,4,0.029281501583776248,0.7569050969686403,0.5175132815535964,0.5433081517439786,0.8796311427434989,1,4.120964067407721,0.40353173376058554,0.0002146911974258913
469,0.9019610932817891,512,4,0.0113954053816382,0.724244589125441,0.6141816618578183,0.33088218242410816,0.8820290943536474,1,4.143713150639878,0.36858287983687404,0.00021190026884654694
470,0.9018700118052194,514,4,0.024971172013786364,0.7240479922061936,0.6202922600101322,0.5266423752342303,0.8492100843339836,1,4.203580750133512,0.39211033308315646,0.00021846961894856108
474,0.9024594990724036,416,4,0.029760743827929502,0.7663548288563446,0.5903901270835564,0.5087265956846461,0.8892299697566501,1,4.135415235579267,0.4975527030706634,0.00011686680641576277
473,0.901039189989962,416,4,0.02493473176915525,0.763103739936854,0.5905180755074774,0.5361055230030212,0.8882669019741457,1,4.135100903943522,0.3957309776927572,0.00010425465198684432
472,0.9024481926800098,421,4,0.013427782474388165,0.728525095729183,0.5919111137387034,0.537274087741514,0.8892233822170897,1,4.1235667522899675,0.4132288937372319,0.0002310088031799704
475,0.902229790646486,421,4,0.02896956437314885,0.7627587620107883,0.5899049815106245,0.5023625182886347,0.8812619263834625,1,4.162376880758641,0.4545953964802058,0.0001191025576046115
476,0.8955401005736345,425,4,0.02608180180457274,0.7623886284840777,0.5901313945084743,0.4882957199354512,0.8970085633478712,1,4.199956128494062,9.67404255790877,0.00010026062715654267
477,0.9013183429587753,416,4,0.029852669112857076,0.7616795835672804,0.5802880726257726,0.5318300301067027,0.8748496398531558,1,4.150405115896735,0.5352254942377053,0.00011605875207601143
481,0.9017136028715533,458,4,0.023525223855798624,0.7645531651069192,0.583200825379468,0.4962561268251039,0.8906486888975061,1,3.9641763242811856,0.2556486025772011,0.0001033017167175166
478,0.9021877223893053,427,4,0.014877814448712674,0.7614464135021559,0.5833121954422377,0.4994117173086279,0.8847344354447447,1,4.166997715311119,0.5227369918777147,0.00010028568410237993
480,0.901628708500354,430,4,0.014868755475876724,0.7659826377637617,0.5835386787401954,0.516667505134044,0.8456621621909225,1,4.207689436265278,0.49038921776417227,0.0001135683842434371
482,0.9022782131335925,420,4,0.02860769603605105,0.7651685572767202,0.587573583143968,0.5478993610044472,0.8840079834993763,1,4.224693021984889,0.2457138223937049,0.00010002812700415644
479,0.9024084167316667,461,4,0.015306923428163486,0.7653039904044053,0.5892126684230078,0.5153805885396896,0.8888387461124985,1,4.189173670154157,0.5054127776667932,0.00010488390358078114
483,0.9019732544913899,433,4,0.02932386932249681,0.7685279274263564,0.6269694246914184,0.5265021698995767,0.8890773694060743,1,4.016154696734839,0.2711487258889688,0.00011845135492389814
484,0.9009906749895127,432,4,0.02927339690229713,0.7654184806264115,0.582503576580305,0.5162304008852455,0.894174714305527,1,3.9844647042906205,0.5429028369243549,0.00011681793297021531
485,0.8998622787235913,420,4,0.037220870409101665,0.772575063647051,0.5823638300660885,0.5522409214236615,0.8918482156899245,1,3.9695719175510407,0.2770721090934517,0.00029999376777310174
487,0.8999512098920832,408,4,0.03630120769921028,0.7442111625047765,0.5820666150093277,0.4975432875697057,0.8941601138714524,1,3.9952544308473747,0.024288076576051962,0.00048247918693353187
486,0.9003441348881941,407,5,0.03791379554639591,0.7479511659982534,0.5842776799359222,0.508574779295742,0.8883679398273321,1,3.984292594765034,0.2587296171575514,0.00030317776766470856
490,0.9005405814605755,407,7,0.03077200114417067,0.7394970541248774,0.5557449763917189,0.5088658079178795,0.9001328239037051,1,3.9677474860694577,0.2938552780430499,0.00028533142925395513
491,0.90169183665607,405,5,0.026528742654832276,0.737575342782439,0.5539260493154319,0.5556253568406693,0.8111492978283061,1,4.7540768394054815,0.30522950688546446,0.0002710433617284199
488,0.9021160342788009,430,4,0.016179003067938375,0.7456182744658211,0.5530106179537713,0.5620239718475396,0.8934931743234341,1,3.9796850324080317,0.28536745463030855,0.0002879996882569742
489,0.9013288195437319,403,4,0.016472355972274387,0.7458585776935687,0.5991078856357256,0.5510503129017827,0.8457927628909894,1,4.284694146536427,0.2637978656549534,0.004892090592466456
493,0.9028199849527846,402,5,0.026769889279496705,0.7487322193317258,0.5511638813988239,0.563189150036598,0.8158773762024175,1,3.99034402324576,0.29605497904146943,0.000473068774692278
492,0.9025987615283636,409,4,0.02799379031092971,0.7447127530694946,0.5622425197719244,0.5086723272647498,0.9023449850906663,1,4.028171787707527,0.28299477652284966,0.005297094223473718
494,0.9013945028009118,394,5,0.0324719568166199,0.7490812221270625,0.5562293375788363,0.564924770541894,0.8147311828163702,1,3.9865442134722304,0.3104543682274169,0.00029584025995861715
496,0.9001262258283995,459,5,0.02710024227032543,0.807417923383097,0.5562333534001783,0.569376279042551,0.814196135983602,1,3.849588089929221,0.3162715194109443,0.0002831149131533345
495,0.9007333671803952,465,5,0.02064379111856019,0.7462814782653685,0.555729160276042,0.5413004410314508,0.8206959331875603,1,3.854532923240082,0.20298252666274127,0.0004726460792553947
497,0.9016799751836189,461,5,0.026189803286551978,0.8067734456032291,0.6008635186372047,0.5807275201734126,0.8484939879357235,1,3.857808443466528,0.3340571796842447,0.005098706924510148
498,0.9018066858518713,463,4,0.03438806037514712,0.7164024324222339,0.6029331045328208,0.463370565166247,0.8189844910917268,1,4.745641736873516,0.6836785668381441,0.00015236737112005395
500,0.9004423670304279,460,3,0.03232995609772473,0.7177412500738529,0.6100025418762851,0.516267872654958,0.846906258985561,1,4.265730811959446,0.20192362783427,0.0004674924918909393
499,0.9011322904923225,655,4,0.01620717643269404,0.8075695889330134,0.6099221968134718,0.5167391549344988,0.3178459761748227,1,4.2921323679170875,0.6396057524059828,0.00014194897847640011
502,0.9012192445967038,461,5,0.031631843215491166,0.7175104474543075,0.5635218246644481,0.576176182689291,0.8167044279324784,2,4.295305100684178,0.6825379718013526,0.00048150787808554714
504,0.9015852592325733,375,5,0.026037340919325035,0.7170044589132236,0.5651793190389781,0.527112444700141,0.8307945087965328,2,3.867196729641584,0.19810694677264884,0.0004369625345541081
506,0.9009885037005946,354,3,0.032678199037312526,0.7195644573865921,0.49639031576468806,0.49673173445404406,0.8412023310904164,2,4.2622357709407055,0.005104358007743743,0.00044108192834043985
503,0.9009059766295333,385,5,0.027108458115546425,0.7777641802239214,0.5230386842911195,0.5732126498589838,0.8114575532204608,1,3.837657136903278,0.19014896815392662,0.0004819745804558535
505,0.9009146592006093,353,3,0.020867061300951593,0.8082306947292267,0.5653725369891948,0.5297497212065221,0.8242616496397726,2,4.285700022820073,0.1789764676069801,0.00045232220207344983
501,0.9017031444167796,465,4,0.014407521379887383,0.7159863673515741,0.6082223820840654,0.5722636228241867,0.8143790300580247,1,3.8232062037539336,0.00539355164494434,0.00015111274345319241
508,0.9009439366709451,388,3,0.03193528945255406,0.7840676012207103,0.5303139488938999,0.514286694292985,0.839158559762701,2,4.291126979145836,0.17205364379495902,0.00042429757054013447
507,0.901115112049242,376,4,0.03400891968983031,0.78209737193496,0.539631033526983,0.5198102784930495,0.8316380547708722,2,4.28713603011524,0.1929519189375594,0.0004788454405213193
509,0.8996640382893645,390,6,0.03358798317461315,0.778427586887687,0.5190218278546332,0.5956935537013532,0.9106697740994634,2,4.10426500323024,0.19129116108767444,0.0007046701902417596
511,0.8989166144780935,385,6,0.028607313578782656,0.7844780638062636,0.5337988855585859,0.4907830547599606,0.9118897902674946,2,4.556218093994191,0.005519260582755451,0.0001482389394117897
512,0.8992413883076757,443,4,0.03436672062094155,0.7756522545200758,0.5229746692120012,0.4704783405983909,0.8051330573328048,1,4.1076949970765115,0.0056909202645786345,0.000737143110785727
513,0.8991804424634207,538,6,0.028038055466276558,0.7740093880870328,0.6277369759949847,0.47994071598456495,0.48550867138638654,1,4.084829854579471,0.009996633851846579,0.0006178144568789139
510,0.9014827013883966,693,6,0.026876531976693544,0.7151327459558728,0.540543315789427,0.48720310214303286,0.9123585005864867,2,4.526290524634931,0.21141683735433497,0.003990524322856573
515,0.8986613938824977,440,7,0.030812023220893426,0.7788259063436634,0.537708805292157,0.6007624983809905,0.9062804226378512,1,4.064859602501,0.01038159953324619,0.002926552405407147
514,0.8988491791687135,530,7,0.026637912682565566,0.7847677291256385,0.5347492057636247,0.48499657731181933,0.9141759251639239,1,4.10619437063751,0.022534939428911854,0.0001595513895066229
516,0.9015923389738753,533,7,0.028580818954053008,0.7846519089188575,0.5367457727796481,0.4893959240781278,0.906821258333758,1,4.551035628044788,0.010403698986155474,0.0006287011762434325
517,0.900120248265371,538,6,0.028667021548944654,0.7508730565021865,0.6249681118027396,0.48594746000913863,0.9215900252509788,1,4.084781200331532,0.011938726951181878,0.0001533609519524393
518,0.9009824815912891,527,4,0.027598559326450132,0.7499067151111007,0.5357421280588238,0.5904356650413383,0.9211075291606066,1,4.088264158297904,0.11921159845703774,0.00014402223903474835
519,0.9019167739932936,537,4,0.024941927771911804,0.7516128030084803,0.6301931996540693,0.4887151748372326,0.8692655128258793,1,4.060887100736668,0.010838500544514915,0.00014546330870264483
520,0.9015669657642554,536,4,0.023886921837847266,0.7524261311498673,0.6256050791008012,0.4607529181692026,0.8689400342189693,1,4.077282376500886,0.011251014598511532,0.0006772019921551296
521,0.9014309148972115,539,4,0.02399193312424819,0.752234306093478,0.6248755679558365,0.49094020163895696,0.9289749326185984,1,4.0640778049072,0.021340262387310502,0.004198003649190829
522,0.9018742099497349,509,4,0.02771162851646179,0.7524530831690655,0.6216737527204684,0.46125745982184785,0.863714235010128,1,4.534193292748686,0.011101756315642248,0.00013587011211788495
523,0.9005923329076756,507,4,0.024355465072252704,0.7524170604883278,0.6252761970445534,0.45604744072456266,0.8665547486365135,1,4.092734648040787,0.01270120290513326,0.00014292689404165064
525,0.9014193527058048,504,4,0.023469230729930245,0.7345535609874053,0.6197619772016408,0.46322064385326384,0.530369955858485,1,4.098611624172302,0.11332851857174119,0.00015163131068440631
526,0.9002686524383325,504,4,0.02328363746700066,0.7504844834235948,0.6270988354702735,0.4519797724255217,0.8621248986237702,1,4.001895798273311,0.237495193183831,0.00013592320400881836
524,0.9013204876415554,510,4,0.011302153788406743,0.749849037724696,0.6275026048138234,0.4567144091192545,0.8659549044676719,1,4.046628028043068,0.12697430420897,0.0001444702647705106
529,0.9011456622812049,506,4,0.023680187382903693,0.7354583037231022,0.5705978663687389,0.4515446853806591,0.8577637072934706,1,4.210908706458179,1.2163249595842143,0.0003394664118663201
528,0.8973719372078113,503,4,0.02358706579444049,0.26517578548408854,0.622580680168844,0.4670299673477049,0.8565745492973372,4,4.203650783564186,0.24694162430968195,0.0003441111303108459
527,0.9030088176086293,510,4,0.011678044396741392,0.7319821420111409,0.5734591076802172,0.4583383659880355,0.8674976350682617,1,4.20409216091086,0.23986606835182178,0.00012698169086552733
530,0.9020523287698892,505,4,0.02320972278952439,0.7330640602703995,0.5771604372060798,0.4566496074493116,0.8535218070431971,1,4.2095623255173935,0.3404859213045547,0.00034176893156653674
532,0.9016757017057241,507,4,0.011293687971355961,0.7321299424358851,0.5757989683164926,0.45196735977795177,0.775776078198456,4,4.402598721866739,0.241272936934773,0.00035445706455471045
533,0.9015386514361173,504,4,0.022897798418075863,0.7325468939564133,0.5989722409757613,0.5067586759160683,0.7985273741408312,4,4.237890401798704,0.34638483973705964,0.0001930442448082802
531,0.9023879960646026,507,4,0.011383793274287896,0.7333245767483955,0.5747683572962463,0.44863204089632724,0.7789036971200649,1,4.1995173229241995,0.32908396510299415,0.00018753248535804587
534,0.9013722072373074,441,4,0.011219981937852161,0.7325143332860861,0.6017819518394025,0.4472342501392161,0.7793291425545524,4,4.214110404503078,1.2655053618814243,0.0003475264744606345
535,0.9018996017076336,440,4,0.011895776539339438,0.7315759396753436,0.571280441976612,0.4363573451021234,0.7835666615733126,1,4.380523719019828,0.33921746140898557,0.0003403782633040775
536,0.902607824719249,476,4,0.011639448683781495,0.731250528715114,0.5749207381961571,0.44418940792711054,0.799428351392039,4,4.401903556219353,0.08047845986013806,0.0003309810861344975
537,0.9015438746011055,443,4,0.010050066359409632,0.7304113524123379,0.5744574227765368,0.39170930942592325,0.7970194614784508,1,4.21085305997129,0.5531971912724579,0.00024067876388748243
539,0.9009517756754096,440,4,0.011650852059346966,0.702371858222379,0.5747331768968241,0.4408158901260246,0.7977389061984425,1,3.9316213810776537,0.33677268943357525,2.495528252320119
538,0.9015836028104353,438,4,0.01168350858832021,0.7307339202571431,0.5999256400010791,0.44177312701730603,0.7991642646244385,1,3.9123964895081564,0.33682457873978694,0.00024312486012954284
540,0.901172306884136,489,4,0.010136859194302272,0.7053570718875468,0.5782158467153906,0.4427164947600723,0.7761251479451969,1,3.9415267060091423,0.3284760483349404,0.00017183044330513426
542,0.9005747756692066,436,4,0.010182662866621079,0.7002166541009164,0.5703091794978491,0.4321574467259256,0.7969276896682427,1,3.9362635670915354,0.43473042535400935,2.1021833686005205
541,0.900928431829966,441,4,0.011569054086202957,0.7026105489852825,0.5683483016835131,0.43983016898460947,0.7925654040385123,1,3.9298947908815642,0.33248221962064844,0.00020173108408630955
543,0.9023342200424311,440,4,0.011920467809062144,0.7025830591411816,0.5983020959508808,0.4360010870668466,0.7981935254525889,1,3.9401133839224793,0.5202359050341869,0.6191100534747604
546,0.8990171028208345,491,4,0.047204932856529325,0.7054297294809145,0.5592446442159922,0.43393903074176454,0.8034005000700709,4,4.359866577380612,0.07345529698274268,0.00024358730824874277
547,0.9011225397988296,476,4,0.043150990035137025,0.7037976019666186,0.5636309618631421,0.43750069643991185,0.8300347933803324,4,4.369901537379889,0.06638037629492496,0.00024468885788243313
545,0.9017191838130809,478,4,0.010214911579634755,0.7008078559972623,0.5658024510314278,0.38776154740554586,0.8411758884415802,1,3.959683540164851,0.45830652952566914,0.00024546938086366315
544,0.9019061120015637,475,4,0.01001698440544728,0.7027512028609848,0.5633675271252347,0.43524497150170965,0.805989260155056,1,3.9813898679817132,0.44785027925035115,0.0002394880112386268
548,0.9001446043603416,474,4,0.010084582089621968,0.7973713213831327,0.5474398517011764,0.23042510484330478,0.8282207783841954,4,4.39847502885184,0.08482846187434652,0.06246646237711558
551,0.9014859698384304,409,4,0.01289721423290889,0.8014473441213581,0.5523537992797031,0.46918516195945814,0.8377329813349098,4,4.347441980475154,0.047373992444285494,0.00864033572043348
550,0.9020230147351178,469,4,0.010237124813771639,0.80204845394488,0.5559474705705546,0.4703372488296337,0.8244848491280254,4,4.360392587776902,0.06397196270613337,0.6211993389946228
549,0.9019413980500832,467,4,0.010259976078556445,0.7993706410396255,0.5592484186750136,0.4683679992271895,0.828884537685305,4,4.360445490242451,0.10082353577459688,0.0001208875308286816
552,0.901582678057094,472,4,0.010409646972977533,0.817822192003348,0.5518898967778441,0.4752345457838751,0.8382623573897071,4,4.395869758436074,0.09461467155334023,0.00012981314363174994
553,0.9023778815511762,471,4,0.012680233847068654,0.8024746951080521,0.5590069246991498,0.4703917817292348,0.8278444575702214,4,4.354070203934102,0.03051082958651646,0.0001278265403815484
554,0.9017114426431869,466,4,0.010341032270934735,0.8023538214645851,0.5580945649531522,0.470709622755794,0.8265548733918563,4,4.489872936375253,0.05118491901024182,0.000132967940334741
555,0.9014624567019311,466,4,0.009468786690670474,0.8016864580681273,0.5485050367371311,0.46914754875312137,0.8391321131483015,4,4.658724527022706,0.04037404743654308,0.00012005507463431255
558,0.9011989894958358,304,4,0.01307094982900384,0.8013654120850411,0.6376605046770703,0.4667543732996749,0.9404458733057218,4,4.494939910996307,0.14691466115842194,0.008742864519411005
556,0.9019331659589334,464,4,0.01285047315509377,0.7668483295006187,0.5557814722080419,0.47746339155095285,0.82721865531424,1,4.649166277183912,0.055626658543137614,0.00012054530901994205
557,0.9019222771308719,412,4,0.012452673416449019,0.8008911255872989,0.5438195862076944,0.6189087243618672,0.8238940072175508,4,4.444827447421684,0.08301801359695903,0.00011192223577308606
564,0.9006024817050113,318,3,0.013054509155930783,0.7668870645474297,0.6104291993776897,0.40190912237719933,0.9317964765305675,1,4.6631159897094365,0.14988892375414564,0.000195941328211921
565,0.9004131959846442,300,3,0.07010322058111801,0.7694631162048126,0.6411571561052049,0.3946782980232789,0.9354775548707432,1,4.174557268248884,0.25312583600666305,0.00019005440348547576
560,0.9015554183202509,459,4,0.009243454623227615,0.7718682684822434,0.5045241720804265,0.4043983521429075,0.8751329469601619,4,4.183480658226364,0.02846032071761782,0.00011994858316036768
562,0.902277214795275,370,4,0.012742993788979315,0.7726286798610416,0.6099755267155907,0.4091094203828605,0.9457408698821674,1,4.520208180296222,0.25723146248877254,0.00018194080974301844
561,0.9017941441744964,522,4,0.012996821999726271,0.7620393787078172,0.6398465524669507,0.4169270986662752,0.9313888010989575,4,4.464545169511637,0.038168527567586014,0.00011893632183342642
559,0.9013900427759804,317,10,0.009391906105543368,0.7696220873585919,0.6361420398527738,0.47306815335297486,0.9389784375064265,4,4.279837012807323,0.05245422381792646,0.00012227219074993544
563,0.9015794619831432,524,4,0.012804674304914155,0.7687027527036869,0.6117450142392782,0.41530509275375266,0.8810664771122969,1,4.179570294331393,0.03948554647745061,0.00010139575024564019
566,0.9016845901322912,521,3,0.014184027508155193,0.765950476537514,0.612800404159477,0.4115871674919076,0.9272462788482824,1,4.163615063129592,0.22689205530110926,0.04628183744133705
568,0.901413460282418,524,3,0.014424341662273034,0.7669576575643834,0.4810621028731401,0.4096833308625818,0.9312670129411913,1,4.258190687849139,0.24233488088366784,0.00018589419618718928
567,0.9023783956577809,520,4,0.013847886456016164,0.7187669567618167,0.5909829788972175,0.4111576663456715,0.8783984725373268,1,4.168919806957857,0.22194608424053636,0.00018364258649115545
569,0.9035328638105075,521,5,0.013994539506252573,0.7206565647702524,0.6417614064559761,0.4105849987975443,0.876730192057821,2,4.172377839079401,0.24180220337455033,0.0001818345015099705
570,0.9014116271955233,523,5,0.01478525919921159,0.7222369104733196,0.5918885723784517,0.4127446672887889,0.8772714915327333,1,4.27093881227093,0.23471598286216555,0.0001621538972624221
572,0.9026643870882328,525,5,0.014245774610277383,0.7190347790623755,0.5889905939238662,0.3678707061705622,0.8554016072942872,2,4.268690577664338,0.22123087176018874,0.031345603077478426
571,0.9024418542617317,486,5,0.011093720453658959,0.7214863617773366,0.5935078884546316,0.4172004612645029,0.8747731969884246,1,4.270198344593016,0.2276772574829319,0.00010055736958124348
575,0.9017059196650316,550,5,0.014425849080892901,0.7245259282715326,0.4378897531101994,0.3660210160676148,0.8487306291457751,1,3.7851513923538467,0.21285363413544678,0.0002810646759596912
576,0.9019536543576232,489,5,0.014312472413361248,0.7217090473470703,0.5949272159333854,0.3614759815559428,0.905199450346864,2,4.2612409957797555,0.22053513375217587,0.00028728661173040856
574,0.9021120257980412,550,5,0.010888812577947387,0.7183191785520044,0.5878184659647929,0.36545650737317853,0.8495265418502725,1,4.143945266685314,0.23030319760780693,0.0002681537861837386
573,0.9015431315296784,523,10,0.014508571800440153,0.7161734007623443,0.5956628617182986,0.41858238418215854,0.8500823134860701,1,4.275978976447774,0.2187067581413827,0.00029747222476775753
578,0.9016006631222628,546,4,0.011186396196847944,0.7227946291422658,0.5919481375895962,0.3675330598046849,0.8524004309876233,1,3.7867036997527306,0.15210373577807335,0.03220110003770057
577,0.9013603317016118,551,5,0.011420043107414561,0.714959206398212,0.5880257547618915,0.3644661243002226,0.8527873819752393,2,4.109119227146122,0.18544895855881632,0.0002853507506053698
579,0.901870680227425,495,5,0.015283663839935038,0.7207768447405145,0.642900867843753,0.3715784864117554,0.8511271604243429,2,4.2882243010236785,0.1795619696884536,0.00027137314425851956
580,0.9008394753476343,559,5,0.011075263918064689,0.7222232032400672,0.6454590001902804,0.36090848687197946,0.8495257396845806,2,3.8172105641852165,0.122207803574353,0.00028536655298697013
582,0.9014068701700738,559,5,0.015313589324954816,0.6818581535385221,0.656028103312396,0.3679003127788923,0.8562196222621759,2,3.8177762995751627,0.17343155472281707,0.02538898705806068
583,0.9005116693305238,547,5,0.016083202647317236,0.6757020957978886,0.6576281393894874,0.3673321727046154,0.9029740574835805,2,4.067000021149686,0.13809869728812119,0.03146219321269583
581,0.9023581724842786,547,5,0.01553561946438551,0.6848857113137847,0.932757586428865,0.36641889153042073,0.856480049275654,2,3.7959350800736993,0.1558561125735677,0.042482834248746125
584,0.9011872429619011,553,5,0.016789611569165176,0.6743080735145435,0.6561980816504327,0.37945433033568665,0.8510511093642739,2,4.015399281555743,0.1640322149782631,0.02485859794150055
585,0.9021327053808375,541,5,0.01544400079279378,0.7403781368149733,0.6609383705593125,0.34531196342477605,0.8569999593309604,2,4.063534100571376,0.17397722021054843,0.026897366730639947
586,0.8995302809474388,544,5,0.015831854839172273,0.36173253100532055,0.6569701444567907,0.3491573942721404,0.8535447014618818,2,4.048023905870185,0.15270032774808914,0.0332150520958977
587,0.9013590110489362,497,5,0.015595931624771266,0.7417271031013718,0.6592433451951101,0.3890221761981561,0.9026622952237985,2,3.999402329655215,0.17118605008587745,0.023444832202158473
589,0.90087488066767,569,5,0.015945692984699,0.6853216705269527,0.6577260094295175,0.34962437528999535,0.8091496221429169,2,4.060546771264286,0.006775393757568381,0.026089070036305027
588,0.901813994177908,567,5,0.015594118318085408,0.6669158001299468,0.6541581488026442,0.3897817098410625,0.900926579004288,2,4.021601629646128,0.17473529260927664,0.0335928247634377
590,0.9011614092380403,546,5,0.01595061959713457,0.6832402422292467,0.660374313218696,0.3872185975923512,0.897573745670578,2,4.033840473716796,0.02089131626446151,0.023849484344439904
592,0.9018378496213779,498,5,0.012020051033514495,0.745694394736051,0.6126241307081494,0.3900969552880205,0.8114824159704513,2,4.026544865930442,0.3237663105561492,0.03360407427803669
593,0.9015109692698193,498,5,0.013760551778525375,0.7465690781597139,0.6150463113243333,0.38773663052281854,0.8736658819787941,1,4.055122027992082,0.2845554589095814,0.04581235357282467
595,0.9014222158303298,498,5,0.013883682609767335,0.7471906650847684,0.6136279457568925,0.4486904917260969,0.5849542225466409,3,4.0122178642996795,0.019234079938600265,0.0462138666645048
598,0.9010407523023888,209,5,0.012031974590229083,0.748271995353499,0.6107596958839856,0.42872253960228884,0.8793795711881144,3,4.859867929032283,0.28396464500576707,0.00020684691150444568
591,0.9016867887875227,541,5,0.013760954691242394,0.7412932299111137,0.8791586217294468,0.38642812333056514,0.8985369724173915,2,4.044952713355751,0.1390716807410846,0.0002151079041912293
596,0.9009201063132626,497,5,0.019730346400831947,0.749040481913553,0.6101845167528356,0.39260006531369646,0.8096419919074579,3,4.015048943637865,0.018010744554560417,0.061907760782964276
594,0.9005311040501291,497,5,0.012152977999906538,0.7454261267058306,0.7599836647143653,0.3954089683045914,0.9021887565990082,2,4.029430853057344,0.2873711225469113,0.024307286906032458
597,0.9013166907936195,512,5,0.012072874750216418,0.6959988192078086,0.7576007792737612,0.4257683737873442,0.8802765788527293,3,4.135202440827389,0.02212030139325899,0.05529767618538329
599,0.901253507829259,514,5,0.011902692383734304,0.7409780366725832,0.6090468522459304,0.4310543331351091,0.8783576130047971,3,4.571067070813225,0.01756591963256341,0.05672269717813959
601,0.9016911662574085,520,5,0.02010707363449058,0.7367287005971189,0.6106916007756279,0.44650622821685765,0.8760664795687217,3,4.548554812836795,0.29139019569851277,0.04602367602805271
603,0.9016532381433622,517,4,0.01889845258923476,0.6980127573474919,0.5784351344399604,0.42520604289782604,0.7636131011670515,3,4.181329495072608,0.2919162997824127,0.00020112679679172265
604,0.9014943928856342,519,4,0.018971386171113165,0.8235682591326442,0.5764746070910904,0.4473699535652628,0.8089603058906466,3,4.49445909459255,0.28718338424979933,0.005936150661563385
600,0.9005531154601792,516,5,0.013932190778362797,0.7471438397829948,0.6136958395853888,0.42864008591909825,0.8720083194971365,3,4.585205922374613,0.28872485225421723,0.0002040310796059707
605,0.9015979660960568,518,4,0.020702363950096694,0.7001623459974424,0.7614789850288639,0.4273125297465854,0.7645478666855396,3,4.177011772419414,0.2854313958028459,0.00018644483028582053
607,0.9015457104246316,520,4,0.02079949226543464,0.697952409672462,0.5768564623067388,0.44223294793668366,0.7641297921965472,3,4.175163579511499,0.00891335765264519,0.00016667332214602104
602,0.9011458601548543,670,5,0.01944429050836385,0.6962964876245498,0.6108322104930942,0.43065521746756164,0.8756900909677534,3,4.19389611902952,0.2871678405390002,0.00021327115049701148
610,0.8931035489152176,528,4,0.11867596581282851,0.704360135680544,0.5781940625843338,0.4463777754250575,0.7617520369254457,1,4.18596417248096,0.3988488425319943,0.0001661987336122226
606,0.9021787045048721,521,4,0.011894523513188714,0.6925159301112126,0.7621985310771956,0.4550560761224605,0.8758704533099755,3,4.169007438421061,0.2852368273408103,0.00016924082706797156
608,0.902065708996718,673,4,0.01878389522575731,0.6572782812920062,0.575315801652901,0.44716675830556374,0.7684457773180092,3,4.493549427440524,0.013405975226996507,0.00017107983583065646
609,0.8999287739240873,675,4,0.14078910668069902,0.8242597766864357,0.5754368532646608,0.4453306710113428,0.8170907367313801,1,4.195157627651556,0.004007735432439269,5.860042946665778
617,0.8990659335981338,133,4,0.01737097929937906,0.7121877196619906,0.6393038144355956,0.4595730939274747,0.9160280842756598,1,4.310677495136362,0.004071969911667725,0.00014723879685486934
615,0.9006996342461804,457,4,0.010731273937393638,0.7094405513576898,0.3684431226253809,0.4524465278555693,0.8380794576210527,1,3.8774958490298395,0.3847095235997606,0.00016253536443079262
611,0.901021004010442,451,4,0.00930448849355534,0.8188261176448258,0.6389747100068149,0.4485887275539188,0.7676703782641208,1,3.8777911155995013,0.013384064105235368,0.00016418023797300793
612,0.8994127166332575,454,4,0.008783814051981599,0.6577183854848485,0.631986248887424,0.45230020955742584,0.91535441489289,1,3.8901069067665266,0.008176988774976707,4.740133616979564
614,0.9016759010997244,452,4,0.012901139398628608,0.7071823110234607,0.6387759599355218,0.45471046016443323,0.8387908839596624,1,3.872509975322919,0.4378445435638764,0.00016908368121240072
613,0.9012545060915589,483,4,0.009032575527405858,0.7080351696059324,0.6365234562439948,0.4508958642188749,0.8358364570366758,1,4.264709453394041,0.39895188170022583,0.00015935065531955735
616,0.9023544385028461,453,4,0.008985238357956626,0.7332636506422406,0.6397782512685134,0.4549855312195715,0.9178278899662139,1,3.879514659096477,0.013685584954957628,0.00014255661699444434
622,0.8928549880640304,483,4,0.22890707170176045,0.7311566277062054,0.6308904881881973,0.49984893659188356,0.7907899847564092,2,4.407171904629434,0.026744534879241524,0.00023875546015898074
620,0.9018260846911991,455,4,0.01715314214741405,0.7137465950717379,0.6334398091258847,0.4041100490541433,0.9177149860029675,2,4.3299382803879,0.0066329630964043484,0.00014912457631081826
618,0.9006875118815412,451,4,0.009029112588158078,0.7322784794957795,0.6398931824673447,0.40371094965973203,0.9506932549673465,1,3.8814925056861176,2.676075971655542,0.00015698132309435628
619,0.9015153267470929,457,4,0.00870496978521775,0.7134761794801192,0.6323297666015613,0.40332396387585695,0.9184570384925466,2,3.8681667469850955,0.3873239987581885,0.11175614761990578
627,0.8886008313946835,484,4,0.27541716599183996,0.7301084088236321,0.5916892318405573,0.3367013456497793,0.7853018946975935,2,4.40261362658266,0.11540199312178175,0.00024971934539306574
624,0.9014869522890827,484,4,0.013243501338154318,0.7336130103379052,0.633678684297529,0.4077601240567688,0.389068113235591,2,4.2719305501142095,0.3724222816647618,0.35536956740209275
621,0.902325838956908,453,4,0.008982281805926572,0.7145541977408827,0.6325908273556095,0.4087983322584562,0.8377636226755645,2,4.389608713597855,0.37407236946777517,0.0037480611454545555
623,0.9008034433390211,485,4,0.00884766928501597,0.7299033921274067,0.522013764851208,0.40260305928925244,0.791888011158396,2,4.387624278228774,0.40948186570459105,0.0026142186404196147
626,0.9007582343412691,485,4,0.013729355496731006,0.9971912818159812,0.5193942174489159,0.4000277706999038,0.9509849205277766,2,4.379580177379672,0.7368566758777375,0.003405087864951522
625,0.9002159551810329,485,4,0.010797524028958394,0.4324546613310101,0.5956933379608542,0.4015004666989126,0.9467663739369355,2,4.383595019494669,0.7288143074138161,0.00022894789505953245
628,0.9010067194029716,486,4,0.013593042197198426,0.7821150696339998,0.5915238669307171,0.40732729553042407,0.8125910115792663,1,4.322993040007204,0.7181105875244553,0.0003683763657714625
629,0.9019055448347177,488,4,0.013604276313802116,0.7828305342391308,0.595958203280684,0.4062378435551707,0.9497532313960775,4,4.420574047657545,0.7027811175122456,0.19880549374073972
630,0.9008071246403002,493,4,0.013616537567757568,0.9991326483158031,0.5935274531841875,0.40754748877732233,0.9474016770706692,4,4.412596106934724,0.6942076620158494,0.0004183978517391848
632,0.9013425889043344,491,4,0.01359110874676918,0.7605646242204089,0.5358863229980855,0.41825242245420635,0.8180925383177358,4,4.343066047354716,0.38340788465126285,0.00037938807928496144
635,0.8932880489515236,496,4,0.010794056148114172,0.7871338948735606,0.2860567515879464,0.484334868659995,0.2544584670629729,4,4.120294060993641,0.7046386138937815,0.0003675390682655132
631,0.9011390530124412,738,4,0.013736789364001805,0.7589308078389484,0.594868665508845,0.3361526188986356,0.8143870393293245,4,4.431308012650496,0.21666742333233918,0.000352669459595571
633,0.902089588917835,494,4,0.010899590809019418,0.7817446882114725,0.5380167502491028,0.42167007840657217,0.81821803419497,4,3.630675611138749,0.7017701136903491,0.0003794238031725261
634,0.9022142224828983,534,4,0.013993561593855982,0.7848788464840114,0.5264974881293384,0.48393710010531965,0.8026852031157866,4,3.7159578247263796,0.6244239285099116,0.0003481381212650703
636,0.9016685352284121,534,4,0.011006508796780785,0.7847167020227312,0.592327125612899,0.4217449676881907,0.8209349453132081,4,3.744892862963387,0.567956035002379,0.0003373433985949742
637,0.9011738986913672,536,4,0.010854622673835171,0.7822371461382654,0.5383225740965627,0.42488634312019974,0.820280042231833,4,3.7159739982845466,0.5469538066912157,0.0014120135282091036
638,0.9015822509145517,402,4,0.01065779776161157,0.7631168440460122,0.5457861924437255,0.42190123740822605,0.813636408516292,4,4.101525742120588,0.19991284463532616,0.0003652163126526582
642,0.9016375159682439,425,3,0.012175330517224631,0.7566999726633555,0.6924652726724118,0.3779999731011946,0.894727373992473,1,3.71298047335009,0.19974670441713938,0.0014674030587996537
640,0.9012165832987403,418,3,0.011046630027963142,0.7551424232675439,0.5394277970024517,0.48026596015429185,0.8633159278995841,1,3.750371788035549,0.00016543741429987543,0.017951159793645793
646,0.8987028654020106,177,4,0.012114284478499545,0.7577922468752389,0.6908555615871108,0.37881221967477713,0.8643846843253649,1,4.132184511472086,0.27163107198120184,0.00022987061962110824
644,0.9022884000157143,532,3,0.011796454398636167,0.755326770306571,0.6912210251514413,0.3800395711552504,0.8612291923056524,1,4.115212381225956,0.1921814430668335,0.016725283764027994
645,0.9026030854819032,404,4,0.011919283288630367,0.754902648085306,0.5654341292454464,0.38171390296861357,0.8680236602816771,1,4.101661716573995,0.200805424181827,0.0016939444628740437
639,0.9008669055918135,732,3,0.010744622888523332,0.7564074713174089,0.5372269618995396,0.42205520539048275,0.8637456219610278,1,4.106264783816854,0.1989407916240953,0.00010005333835961914
643,0.9027562560304713,530,4,0.01208854037525809,0.7552184651350373,0.617338663739889,0.4267553676125628,0.8662837084985185,1,3.635341817147486,0.23521060786695466,0.010764949257417172
647,0.9013005920276213,429,3,0.012303696827205349,0.7558667284207375,0.6900405201264607,0.3752646795252556,0.8633225071171661,1,4.984469896898194,0.23295297666500864,0.011540104489179429
648,0.9016849295505953,434,3,0.012392075601315401,0.7561260765814998,0.692367264636535,0.37598887421954025,0.8694060889018467,1,3.96163187708399,0.21146925773407996,0.016045422438842293
641,0.901348895015159,729,4,0.010845129763037316,0.7569967091790327,0.69017936022185,0.4835273395998944,0.863667793993581,1,4.246341091447227,0.20871751679884162,0.00023313717203117006
649,0.9027909121976767,513,4,0.017296192102494175,0.686300792472928,0.5726452338041431,0.376595918816201,0.8649121301318831,1,4.259302890570292,0.2324402173928689,0.00012756222222443756
652,0.899897780813952,508,4,0.025461909157759508,0.6864120048860667,0.5676895726037521,0.43454325807493666,0.7432909239422794,1,3.9689085599826424,0.21813141216265913,0.0001328936519883817
651,0.9012487079299184,509,4,0.017202503845972515,0.6861506353842343,0.5692223177031631,0.5007307104389844,0.8934295581796574,1,4.263572500225119,0.23935207474781847,0.00012073249640684598
653,0.9012409545972183,413,4,0.009871380450690827,0.6744210044066381,0.564501188331936,0.34884918951794114,0.887784884141966,1,3.9549003697956446,0.11667930652048915,0.012702878392307161
650,0.9020891307601376,508,4,0.008019470408252134,0.6881590644017571,0.6703558308874874,0.35281015798124715,0.8635194064751449,1,4.728476362604861,0.2383209929929531,0.0002364396171909451
655,0.9017612451526658,369,5,0.014780607424082408,0.6898375355073445,0.5678383970602973,0.43501509993088067,0.8386191784976799,1,3.566679232052675,0.11355180166250903,0.006188209324764527
656,0.9006731107391859,385,5,0.012625444370659364,0.6761809302677039,0.5618183563201491,0.4326058174059232,0.8899560785210622,1,3.6097539702698227,0.10977249390790238,0.007578241378687053
654,0.8998296833918221,364,6,0.00976774236748802,0.688195253715292,0.5661378696595702,0.35809967471936194,0.8896845194401976,1,3.953920873446944,0.10278064003201301,0.001150290155812067
658,0.9012580218266418,404,5,0.014847158843832402,0.6753496154704044,0.5622134236611023,0.431998755213609,0.8410125262376248,1,3.4637644598833597,0.10133697012503692,0.005500542932256676
657,0.902200560535076,567,5,0.014623514962931114,0.7298211716451821,0.567663287155646,0.4353623999798089,0.8918714964335671,1,3.6625570549467548,0.12409680956084389,0.006913816263525894
659,0.9006223486603337,365,5,0.01699979260954803,0.6581578489066949,0.5626806725167582,0.4323081502088355,0.8848124563254076,1,3.4200501171035045,0.11004568135958957,0.005712346870966768
660,0.9003842489625431,376,5,0.01736900979230935,0.6730345245392736,0.5584028393108762,0.4309492397617934,0.8868660728774146,1,3.587985597053212,0.13755792351077156,0.006177105399136138
661,0.901575474103136,369,5,0.017036211828122177,0.698978598938137,0.5641168179812882,0.4353485516207232,0.8854809011146044,1,3.6499503523512886,0.14318105279571963,0.004680171042528799
663,0.9018094268922315,351,5,0.017267306589267443,0.6582907198186936,0.559645522821854,0.43525756347689687,0.8877005316600276,1,3.5196911711828496,0.14770211119714166,0.0056668635563440406
664,0.9010930244696196,386,5,0.016522050432421456,0.6513641476060077,0.5766098682589216,0.3890589001368696,0.8832673309158869,1,3.5134465073308228,0.13853616104229735,0.0074264077383591415
666,0.9008567520813907,394,5,0.01701921877786924,0.6665406140836437,0.5831412478085995,0.38643386674127006,0.8446339456625462,1,3.5599959203613554,0.158132285551257,0.009890919436743785
665,0.9020925253232661,567,5,0.01679206441931544,0.664850603254904,0.5534994200566099,0.3903012502448427,0.8437930571507466,1,3.624593176183162,0.15576816412692077,0.011157918569191648
667,0.9012245330607568,394,5,0.018135513263238055,0.8188909178563123,0.5500478908519429,0.3946415787540065,0.8473464918346951,1,3.612674467309785,0.1868417310620617,0.00822643845952748
668,0.9014955293478171,408,5,0.016923400192218125,0.8154614265720536,0.5754600974191812,0.39269184712101657,0.8450763807252385,1,4.243570665122195,0.1831517170973195,0.019514210758889032
662,0.8998737085684658,998,5,0.016906531331905776,0.6648417594812145,0.5562357259467248,0.39003025264108254,0.8474850930182641,1,3.597371365759046,0.13583373829531897,0.005155303867670799
669,0.900743593667654,404,5,0.017884940582939934,0.6642644680534486,0.5815274359653039,0.3814493548281356,0.8465535388896015,1,3.5550003713927496,0.14617067539047734,0.013323752853651706
670,0.9008166876464934,348,4,0.015937481698088823,0.6600298675728578,0.5802059693751618,0.39538515517414097,0.8449811801214677,1,4.248873270453116,0.15643966422464406,0.010995332676204247
671,0.9010093135774497,392,4,0.01581705005055961,0.6551805045746438,0.5785996119661639,0.39337963049268004,0.8457570894163475,1,3.4812336236069537,0.16706767992432495,0.00848930877222309
672,0.9020852239908429,397,4,0.015047668075345895,0.6487485054752451,0.5851245941217278,0.3828247208856475,0.842966541344958,1,4.556752774505331,0.17105306538251888,0.0027434772800202798
673,0.9013146977658263,400,4,0.01501783165525128,0.8198162691263678,0.5861456228198596,0.3916688742369694,0.8439497247665981,1,1.6043006228893504,0.17913712317712435,0.01008435104794589
675,0.9029622579312745,416,4,0.015184518202133138,0.7223278089683712,0.5816608667183477,0.4596164937234107,0.9092455782043648,1,4.58970515881807,0.0709837955389457,0.002013683744165311
676,0.9020142740866433,535,4,0.015195829149205793,0.7155588458409161,0.5795671237460049,0.41486753618267813,0.8557924267843304,1,4.285350127026077,0.02753524633117696,0.0009648842362478474
679,0.9026373586727556,433,4,0.015156190517527545,0.7251468128031147,0.5987798894126031,0.4700754371375155,0.8719185932312649,1,3.7795354432374495,0.08140322804884233,0.002335360107203356
674,0.9017458376141342,406,4,0.015504728468404097,0.7226490410535198,0.5463273840854869,0.7813448337280184,0.8482303128665338,1,4.531937675491425,0.18158346347851462,0.011118375848807985
680,0.9007947001819676,538,4,0.014911900878126667,0.7181951003269555,0.602281045051135,0.4593123554835095,0.9016093786061691,1,4.622377286703931,0.07359985288735259,0.0025913678542536056
681,0.902373710468904,543,4,0.01478056552607603,0.7160236238503748,0.6042597256245323,0.4651032299255933,0.9049710193369501,1,4.511731365506654,0.025841074397458193,0.015539257223452342
677,0.9006880807967903,533,4,0.015297619657141607,0.6318891572753875,0.6079871041578441,0.7535681528236636,0.9104654815605129,1,4.2703442502259366,0.03189412112554028,0.0031558885057088528
678,0.9021938493267948,540,4,0.015008238373790263,0.7148201522246529,0.6042762531223895,0.7660761468852528,0.9134346068582765,1,4.268188251114677,0.03177097384120388,0.015043372606128466
682,0.9017499306263955,536,4,0.02157424559828304,0.6288107612099594,0.6025694956107269,0.46523984185200307,0.9038259854668341,1,4.619769794076193,0.083056399201639,0.0019504116779247036
683,0.9020925941191373,629,4,0.012805782356915657,0.7137221259501078,0.6021763133850809,0.46586549874088595,0.8700607877518794,1,4.485375248766349,0.028827459954357457,0.0017536067707473791
685,0.9014294501913026,428,4,0.01315750096079522,0.7144065777744185,0.6020102286754412,0.46549638614318856,0.9045317537481931,1,3.7775001955659913,0.04828977412339342,0.0022495747729081145
684,0.9009325448348395,535,4,0.014275140437959223,0.7106669779835229,0.6029738729110483,0.4623037674619764,0.8653315753445799,1,3.7928823154031415,0.07822009217752425,0.002402836355375023
691,0.8998128758383063,424,4,0.05425702478145574,0.6980056236219837,0.6225769926663005,0.4162006498755597,0.8730618506456035,1,3.7465129895554283,0.061686363738315875,0.001963250055701574
686,0.9017299754147121,419,4,0.014392192783680091,0.7132489116603445,0.5996530259048634,0.4608952476880093,0.9022667277918951,1,3.775112710260144,0.07776911520117609,0.00218652653960359
687,0.9003829236727976,431,4,0.014581500492579896,0.7160824981451,0.6181366121017026,0.4165761043033844,0.8750690206722072,1,3.793529139142834,0.05802544939956049,0.004475215557815987
688,0.9028489274138336,429,4,0.013775327722124198,0.7028750937693055,0.614258716294787,0.4192603829292018,0.9041668438205342,1,3.7714933716872623,0.08359876857188417,0.0018736368745737532
692,0.8995138966595706,243,4,0.013325615292896583,0.7034664385449796,0.6205361100669495,0.4178788397152964,0.8725362732301815,1,3.7552218962187616,0.06600543324168286,0.0034101584523480214
689,0.9015076580219118,426,4,0.013010538184550323,0.704536446634652,0.6135297616190626,0.4599978450227773,0.902022159725327,1,4.800634120859857,0.05998740246208844,0.0022015663774491508
690,0.9012552303866543,422,4,0.013166676280338995,0.6973775285856828,0.6173397376908023,0.4643742674643358,0.8778719467400418,1,3.752061053347926,0.05713730003128803,0.0020432971151634963
693,0.9003314368427449,278,4,0.014003173176183463,0.6965838377348492,0.6175907324001928,0.4149550909428818,0.8747385857805426,1,3.7496905695405633,0.0667538272947703,0.002518117405817154
697,0.8998534400124936,237,4,0.012969102478783426,0.7285136401529925,0.5050716413695129,0.4238546366063093,0.8749940442500398,1,3.8458906459634754,0.0772448317640533,0.0013241749380510572
694,0.901508567343693,420,4,0.013766530974692291,0.7317410165254485,0.6197029115945868,0.4195482806700465,0.8789651476415515,1,3.77528214851674,0.08920948169297638,0.003707687029715501
695,0.9023576342801146,430,4,0.013917353796790894,0.6961370611136526,0.6196269694917529,0.41005731663383505,0.869083049903699,1,3.8061218515307793,0.07010694240787158,0.0011149691877282923
696,0.9011656712372871,428,4,0.013839560586851578,0.7381466780090157,0.6216935296452255,0.4157714255447696,0.8751781868491113,1,3.832527205262611,0.06575372152553344,0.001901618857267316
703,0.8996501600716487,440,4,0.08358233949607614,0.6850013155439403,0.6184222176692202,0.370752279821388,0.9263568646842475,1,4.736299015902371,0.08315714824945769,0.0006260548156866955
699,0.9016290633502182,441,4,0.01337527899252035,0.6899883353309358,0.6247207554978338,0.41765875522596596,0.8742881451535479,1,3.7965693913386707,0.06010565593465589,0.002995706083317079
698,0.9023957264400064,431,4,0.012847137434862415,0.7337271512087692,0.5853378808148744,0.4454688153733557,0.8761618875342407,1,3.8717272184963907,0.059582518312877475,0.0032098764814057126
701,0.9015308794031031,429,4,0.013986728816500484,0.6983664051572473,0.6233491603690794,0.4174690864679525,0.8723253328490408,1,3.862474751111718,0.09330294050128476,0.0017704575002968474
700,0.9018586166243422,432,4,0.012988695964154376,0.6897000863456484,0.6205742912596097,0.41977531219461156,0.9252643692659229,1,3.671546977589563,0.061042271790158836,0.002819698849450864
702,0.9012399336816923,444,4,0.013713000449371985,0.6888646150636213,0.6217236549145098,0.41146862088121705,0.9294478046565834,1,3.646008347097779,0.09124167165739144,0.0010040583943888184
704,0.9021326814353132,438,4,0.013970947631036552,0.6845708153076433,0.6217979910026793,0.3727609535684735,0.92455459604495,1,3.6503221492271463,0.09781314722829981,0.0011217477465375867
707,0.9021935511860134,458,4,0.01604297596012506,0.6948732226783749,0.5906210677659163,0.3669847449867079,0.9277894366710021,1,4.755912311983966,0.09272182499545309,0.0014304761477449658
706,0.9009229642685952,444,4,0.016171425769732434,0.6831194209883233,0.5865882532622781,0.3746304418533322,0.9259641264226816,1,3.9144100647349984,0.04151847070149155,0.001315619055907283
705,0.9025463060068327,470,4,0.012725249834503993,0.6856445529299744,0.5921882388874945,0.4400589625935617,0.8272137112099667,1,3.6675346446660884,0.08007147481367842,0.001708436969552512
708,0.9025416181573422,468,4,0.012106391887426907,0.6857070594442973,0.5920718624017526,0.3587346055140814,0.828307536318367,1,3.664364722873836,0.0468072043668514,0.0015697623402197369
710,0.8977295940955414,467,4,0.016474481102723048,0.2034266767455014,0.5919302411985463,0.3729422817069311,0.8258694269375015,1,3.6717457090531993,0.08750676560762102,0.0015911116726672597
711,0.9011183148961411,450,4,0.01612477659324246,0.6809657077574547,0.5866578819430055,0.44203047935665624,0.8270190627439495,1,3.675760762703795,0.04302276959886108,0.001229619284303097
713,0.8998655379755034,516,4,0.016183183043280754,0.7298708873045774,0.5905987302039258,0.43994984717847807,0.2973544504939085,1,3.9691248143618982,0.12125078144364938,0.0014426690838938753
709,0.9021175361572855,469,4,0.012039343857025743,0.7339484581978033,0.5901691232806768,0.441867812318802,0.9302208216365797,1,3.6406517803306113,0.04625044956793781,0.0014776455311994877
714,0.9013766858105179,468,4,0.01587901991180415,0.7291933882429079,0.5935982442829859,0.43806645716220216,0.8280662289042617,1,3.9253586330636487,0.047007736453224654,0.0009415885850876209
715,0.9019434204966632,471,4,0.016137089210562536,0.7372382761991917,0.5949657366611523,0.4418431021960365,0.7883083544751459,1,3.4553612111790146,0.11341900346308761,0.0022452360947540478
716,0.9020952560252413,465,4,0.011864409705975219,0.7309450471703027,0.5961027640017593,0.3991281158891581,0.8216197805105969,1,3.470405967893057,0.12257262454230247,0.001545654984364082
712,0.9026579395847886,469,4,0.01193339782186124,0.7275230870514159,0.5906848248386631,0.8621023008696527,0.8296291288599774,1,3.654636382504991,0.09638199023398744,0.001552109511252279
717,0.9026080385565814,469,4,0.012316976726177408,0.7268608552803694,0.5992681757252706,0.40044421345961195,0.8253290233252464,1,3.974658917218834,0.13031173687350453,0.0017143141010439581
719,0.9017118054748925,522,4,0.018507136281805694,0.7294140890866915,0.6035824916560911,0.40092747474043294,0.7841436951666755,1,3.9461053052925954,0.12598540988694595,0.0017023980749531506
718,0.902261103866471,519,4,0.011868398940115887,0.7312376894111905,0.6015569187054226,0.4392838310126088,0.7841054652272936,1,3.9642028131688916,0.12695576852157175,0.0005792366194796184
722,0.9015012872961803,513,4,0.011809854092986476,0.7245605328762995,0.6078658666889815,0.4050772943333796,0.7837010707571419,1,4.625718137760524,1.2831066444500503,0.0024394352959059076
721,0.900944465220882,524,4,0.011809004512846463,0.7327824382341735,0.6000043242427288,0.39306088756175,0.7872313701176522,1,3.9369255926513493,0.11354057582509183,0.0008524667771018036
720,0.9024078678850473,520,4,0.01156667348449449,0.732211191798553,0.6080001295785482,0.40006117920651946,0.8009790427914013,1,3.940231344797794,0.1097756319872018,0.0016750207805977216
723,0.9011205868322787,512,4,0.01171764616866572,0.7403463238098091,0.6079024881527068,0.3953601341341414,0.7825165700004456,1,3.482995194496173,3.2925333834412522,0.003806234457324538
724,0.9011261181723633,511,4,0.011586452712926345,0.7083290429777938,0.6036264136247069,0.40173832534486614,0.8564359049664639,1,4.104081896989633,1.1768266431231136,0.0019247161308332133
725,0.9000406344904095,512,4,0.018941841297816137,0.7075396572191807,0.6082514861257271,0.8153099215570447,0.8961837631844232,1,4.689721458069254,4.716431199944231,0.0005538213583282101
731,0.9006112279787837,458,4,0.014482682447505862,0.706111693853635,0.22020609579376993,0.8831451845877202,0.8600408566961633,1,3.4003896688667914,0.09038111203697391,0.0017035977052025696
727,0.902052995823779,453,4,0.014755132174536898,0.7065977155080593,0.5789199598479866,0.7945686511199321,0.8019621200575908,1,3.5498521398128626,0.09600919542076922,0.0019658347562245175
732,0.9020963424678845,452,4,0.014568779938301857,0.709796857602126,0.5717395072412434,0.43489498844586966,0.8912115523302131,1,3.3896030952096243,0.08358039591503795,0.0020088816950055996
726,0.9024491961875197,498,4,0.014736487916962651,0.7097790174017118,0.5756002627250195,0.8634263322264102,0.8594828423731489,1,4.620144122797282,0.07846500007965924,0.0020943545667286667
729,0.9027743424270174,455,4,0.014809793220456504,0.7109049942667017,0.5759488026179015,0.8847947325589895,0.8046904601842361,1,4.6405021720330195,0.08858661561196889,0.0019666434772215753
730,0.9006353397533893,453,4,0.014555032041571056,0.7119020489929192,0.5782363568011174,0.7126053178157133,0.8033837817759839,1,3.4215593953107226,0.08703209804375134,0.0019445115926500953
728,0.9020967113809929,452,4,0.011851313170684828,0.7102618394721547,0.5744413359305895,0.9155018900368443,0.805921816149618,1,4.098387907756974,0.08377072548571185,0.0020798498498610296
733,0.9003175580168886,454,4,0.015175606290352911,0.7106079800745815,0.5758065883500544,0.7223750231774226,0.8566239302372824,1,2.7541742344043367,0.09606115054471347,0.0018109672532086961
735,0.9019105972643173,452,4,0.014545485596034914,0.7102212893044095,0.5775010592706862,0.7888338392539898,0.859641520189413,1,4.117663377787925,0.09633264713228483,0.0020260434039341938
738,0.9018400068470516,411,4,0.012639477253066085,0.714947668890765,0.5765250146398558,0.4516275078930056,0.891345356796136,5,4.329427199413927,0.08093030486648212,0.001056104305386635
741,0.9019914620598903,408,4,0.013411625743857757,0.7182447335197423,0.567493716386322,0.42493761226459265,0.8951414950038477,6,4.8706769679343225,0.07000048784816021,0.0014700181091316655
734,0.9013176169152765,453,4,0.014616135452061104,0.7082725253097986,0.5769826743835613,0.8355963346386523,0.8598602590009616,1,3.389068489672939,0.08359443874297161,0.0026385238158587077
739,0.9002117710997621,472,4,0.012651521491646533,0.7182601290290147,0.5795641783251636,0.2582815165831592,0.8316585935151823,1,4.469237063673691,0.07409828920557884,0.0011769670953611776
736,0.9025761276107007,457,4,0.014617582548335409,0.7074868449029631,0.5664664673195307,0.9372707463189942,0.8068336769869527,6,4.1166426796129745,0.08075808069593739,0.0021695362391128833
737,0.9023740033644755,471,4,0.014993821785428215,0.7157312873792717,0.5744630869032187,0.7183730787255727,0.8926820286252894,1,4.467170491414666,0.08515210190309228,0.001817251040101391
742,0.9018705473487698,407,4,0.012819751757842016,0.7210470835229359,0.5480521450644765,0.6346312599010501,0.887341220029271,6,4.797239154707793,0.07688932897078929,0.0027365524559323333
740,0.902457450779861,410,4,0.013124115006450492,0.7251266914377497,0.5748017513523086,0.9086458556782167,0.8928864512357519,1,4.923774413185067,0.07086168709486275,0.0010388639262750683
743,0.9024830287047086,402,4,0.01285037225822525,0.7208419033039423,0.5588330265044961,0.9341447278739282,0.8936817754859944,1,4.703228464486355,0.062306941502879507,0.00256627971939333
744,0.899504815908634,400,4,0.01287132425108839,0.2775504903577004,0.5636360272112292,0.8409164637242398,0.898596756440488,1,4.7515734810642245,0.060597287729533746,0.0026074391598990498
748,0.897798701638707,475,4,0.012990104605285316,0.28483062757762434,0.5447961950443956,0.425719428159292,0.9114025698973197,1,4.706683169724522,0.05292460920734608,0.00252417376049144
745,0.9013296327033284,412,4,0.013012494689995237,0.7456582249086268,0.5408008001137843,0.8969331510537715,0.8287523732365141,1,4.915028212097656,0.05776390643914537,0.003060873503730377
749,0.9012438904705267,482,4,0.012766576586244367,0.7412810228797105,0.5417884780594721,0.6326959094920221,0.8346377619555861,1,4.646177115112791,0.0719015758816042,0.0024995620115396944
746,0.9020959704380569,419,4,0.012916091446016513,0.6713041668821922,0.5499004410189176,0.8718960174870245,0.8336414188184159,1,4.607034661588661,0.053687135792659366,0.0023389111261183176
747,0.8989413712615031,474,4,0.012857830668087145,0.29925992912371724,0.5443388618660735,0.8479090104009122,0.8328097420511387,1,2.541020179842799,0.06465127380357383,0.0012250311652126596
750,0.9018596211960977,418,4,0.013197229442762947,0.6749279061042188,0.5910132091725087,0.8177336791293432,0.9087952997482284,1,4.807127057444254,0.0534179445151907,0.0028391120101127956
752,0.9015580894244767,440,4,0.012943719315418881,0.6759187986495984,0.5518276739994512,0.8833430112404865,0.7474497119245247,1,4.678982709649427,0.12150430365287536,0.0027575595759276005
751,0.9021453303734333,434,4,0.013811324376708413,0.744437408803845,0.5451066432825535,0.871304991165129,0.9088112084359159,1,4.68895532608029,0.0530230649053722,0.002750988407971433
754,0.8984772293115839,435,4,0.04143937523003772,0.7453564438221912,0.5457868096571582,0.8869478629648058,0.9100814540616182,1,4.548112052116027,0.11087480406934229,0.003131138104690553
756,0.9001558044042006,438,4,0.013686530641405336,0.6704696796192972,0.5504538773247363,0.3546306172120795,0.7529877786623531,1,4.527722440788301,0.1115895630482952,0.001239283431711852
757,0.9028246969758522,429,4,0.01575608362110865,0.6928366929864326,0.5907659968412557,0.4052211285839772,0.8357749038089894,1,4.507426495451642,0.1134927300602433,0.0013900230046634977
753,0.9016057896689613,475,4,0.013699406755599814,0.7411676057710082,0.5466390964326008,0.8117389941805514,0.8317808193453723,1,4.62073390164929,0.12606361103345373,0.0013605676872720186
755,0.902573272468017,435,4,0.013801565449358138,0.7438316602831648,0.5461019214545372,0.8559310467897996,0.746271438938143,1,4.635461619094032,0.11448727114844422,0.0013913165490381664
760,0.9024944836353702,437,4,0.01383744286440336,0.7429759178878405,0.6058507943090617,0.4057426884455557,0.8560908650818504,2,4.566185678313795,0.16964255226430125,0.00421922039477419
759,0.9023317512968896,438,4,0.015860515341692676,0.7427384143367769,0.5914098404983374,0.8979799912669434,0.857526687110931,2,4.5103239651211355,0.14963279234072507,0.0013847822733121097
758,0.9010756213186987,434,4,0.015874644993893097,0.6741719119898613,0.5902855103823609,0.8930690020103603,0.912362076101123,1,4.53533686784167,0.12190901588675504,0.0012982217102804245
763,0.9025934394645592,479,4,0.016604655647079435,0.6898565908867695,0.6054606999604774,0.40684669909333204,0.8615474329669603,2,4.527644682359072,0.13317531693480608,0.001444743808097831
765,0.90281062757403,481,4,0.016155191179073675,0.686124109966017,0.7811516124571469,0.42378911584064105,0.812053581709389,2,4.542774780005029,0.10246322441743905,0.001341222118549847
762,0.9015078178107752,438,4,0.015515021203100833,0.744072289441843,0.6016170002173223,0.8561592156450759,0.8562274822235525,2,4.554896292077663,0.12322929603509904,0.0008900465225073248
761,0.9019558714851164,383,4,0.01572185494169164,0.7449631227765098,0.7810136722418884,0.8522391120964956,0.8619067552545211,2,4.506953652287692,0.10994529873170183,0.0014434513991305054
764,0.9012024739116933,472,4,0.01520494213018187,0.6929570954713081,0.5217712026650285,0.9223879907568795,0.854088479240634,2,4.4398677774060324,0.10771206035669267,0.0013944201442521896
767,0.9014184132810786,477,4,0.01602495383929195,0.6923260460361457,0.6083790220232947,0.42494953012869596,0.8108340895443659,2,4.523319724083347,0.11046333547531684,0.004154605948288483
766,0.9017025200847456,481,4,0.01597512179847955,0.6923063417137544,0.6075706834116041,0.6855273537315042,0.8123776234398978,2,4.4002886215989125,0.10065792400816033,0.0008144066064780123
769,0.9010865994673665,485,4,0.017991232478513915,0.693466766102301,0.6112857068142425,0.6884269239296925,0.35368824860668735,1,4.427886692972739,0.09477364349427948,0.0010791915681781393
768,0.9018622748923075,477,4,0.015733094379135296,0.6902517802706035,0.7800859349406681,0.7324072682715281,0.8200770855343309,2,4.425497953061786,0.10339898481747083,0.0011542820907097402
770,0.9022911393076711,490,4,0.01767083215165151,0.6939247081346857,0.6142869732687327,0.9245305268076914,0.81479385060751,1,4.4267857306284855,0.10649065180014143,0.0014435261808603743
776,0.8997106993741142,498,3,0.018384479165560012,0.6431627195413135,0.6270679141970885,0.41350103834884505,0.22405821814698945,2,4.346224649538116,0.09636019458659449,0.0008427544548799305
771,0.9029972719890458,486,4,0.018100194900578324,0.6927427913114599,0.6077212299280357,0.9219616474977206,0.8087420055837012,1,4.402540699002381,0.10635262472660673,0.00092269848898069
775,0.9020353377860555,488,4,0.017751368207809048,0.6449168582778106,0.6273663960694664,0.4223418476018226,0.8141541639726243,2,4.83273476747962,0.10036974481000485,0.0010617936520144237
774,0.9009760603138954,497,4,0.01848597913953214,0.6500220161955707,0.7663422568724557,0.42481449823185,0.8140683442306302,2,4.447033046340126,0.09973841689526178,0.0009888460460553503
778,0.9009788182301488,497,3,0.018218926947427272,0.6402145913483653,0.7709547475459335,0.7488463427112654,0.820424755760054,2,4.835698880602731,2.1909159179692077,0.0017197025633095327
772,0.9012724672872212,491,4,0.0179725077559699,0.6932801974523503,0.8148800467585295,0.9742267953083912,0.8201541278977481,2,4.440052924000979,0.11822034090603278,0.0015390666124780003
773,0.902045710379021,496,4,0.016993874470735505,0.6928968939573488,0.7801501715292798,0.9157477874417843,0.8219440138750463,2,4.4696539520653715,0.10415321282077523,0.0010050925894111663
780,0.901999117710055,460,3,0.018654053521879075,0.6446684954800611,0.8314106498880713,0.4204234571917972,0.8305529212193009,2,4.652372622180552,0.14841364997433454,0.0008915309779244252
779,0.9009423851530087,497,3,0.018239974321698254,0.6609186582737158,0.8043878145082793,0.9069364810123689,0.8353195246333247,2,4.7550212291385225,0.09160307037630577,0.0016654650197267503
781,0.901945653131734,457,4,0.018868952709895026,0.6658787030691662,0.8383862890870368,0.4312521618156718,0.8377238430049883,2,4.681753955098264,0.15536809973705057,0.0016337903881925907
777,0.8990159209001645,493,4,0.017826182415093605,0.6570898275580365,0.7711617042637747,0.9060589384056392,0.8256323129248855,2,1.9341852509146966,0.14225216882773162,0.0011207760661862114
784,0.9012010852993395,457,4,0.01910391421077934,0.6634987335071586,0.7899452254237092,0.9740385954309931,0.7730381334504395,2,4.672861110420476,0.955737066041722,0.0010115671142832952
782,0.9006609434481823,498,4,0.018727383167179413,0.6531061149151565,0.7789652325886709,0.9465257797468163,0.800394418259206,2,4.614976052195873,0.03526588430095964,0.0009226369032136769
785,0.9008254359727393,457,4,0.019818900798717835,0.6651146181156472,0.8369843249366782,0.9072415721937596,0.7724009028525354,2,4.335018912858324,0.1500463530157289,0.0009252390951104475
783,0.9011693002385005,953,4,0.01956349308608708,0.6597242242210477,0.7719459611605306,0.9096137765112896,0.7749216273363191,2,4.32773175554187,1.1033654114443217,0.0010419104505185834
786,0.9007138896629163,462,4,0.01908730809402749,0.665364842898945,0.7948327636619251,0.9430316017763692,0.773303786827531,1,4.628823717488291,0.042537786790254814,0.0008831753830393449
787,0.9015436954277701,460,4,0.01933786500651857,0.6587523006816401,0.6367764732102998,0.9852439314728456,0.7997810558743953,1,4.627851914109639,0.0367308943332563,0.0008242226556642714
793,0.9014553570440343,421,4,0.017115134252225304,0.6677859743432547,0.6298302184229002,0.4501148154600923,0.9406936708341552,1,4.312402467258441,1.4397794948223512,0.00012669999572852814
791,0.9001413348460622,448,4,0.017233348562076863,0.6983394552815798,0.6381058522889951,0.958507794748054,0.7721417685216082,1,4.318583730758724,0.03909081764889647,0.00010026963172085671
789,0.9015445348894346,457,4,0.016627703899245415,0.6675505897123483,0.7986005581019971,0.9580203367644469,0.7718306248800177,1,4.604487476259058,0.06554007436316776,0.0007101384157321741
790,0.9008970219916911,458,4,0.016817228685526726,0.6740034252009687,0.7877096102312781,0.981614880704406,0.7945864923303816,1,4.27666399124336,0.04544679914112673,0.0007094683903397934
788,0.9009760419936688,955,4,0.017214820387680397,0.6783839190178846,0.791763585504984,0.9709743240987758,0.7673257263283148,1,4.337971486336182,0.03843286848907712,0.0007648621995887653
796,0.902084524705517,425,4,0.01587019023845168,0.686731571259897,0.746944625469431,0.4519719882801702,0.8011084805004373,1,4.328792800195578,0.00035092124882135666,0.00012413628470361721
792,0.9016659370250044,456,4,0.01683292919196609,0.6768099918630232,0.8173735281496622,0.9796713329787495,0.7967299713026791,1,4.317271070139902,0.03978829212732367,0.00012400208520344034
795,0.9014819740525996,419,4,0.015032218408406548,0.6762861912570305,0.747085018752836,0.45003328390936886,0.9355262245723482,1,3.251924876742512,0.07277357710378762,0.0007427353440437447
794,0.9007520742601335,416,4,0.016703443494376916,0.6804298443534107,0.8170549740491319,0.8919750781205633,0.9405898543946088,1,4.311126786605173,0.003347970337181413,0.0001241345870665631
798,0.9023296059299517,380,5,0.0170458629672765,0.6795303295349603,0.8108122039148454,0.453930450637198,0.8837780624421256,1,4.545039709539418,0.06385204034408619,0.0006982491296149339
797,0.9018189898224073,426,4,0.016901406174851998,0.6781729116715152,0.6291022135813091,0.8714716413654436,0.8825931305967933,1,4.335015347135459,0.20470347701013697,0.00012051850404405537
800,0.9008655280020024,425,5,0.015104679631934825,0.6801242540788872,0.3122311023069515,0.824745691090028,0.8827866320697506,1,4.2401655671527125,0.06765958745684225,0.00011970080731399315
801,0.9011798799792551,379,5,0.015015023968704314,0.6831906161151405,0.6208927468540215,0.44941119987635225,0.8814694291323031,1,4.246067773482595,0.07302204944526759,0.00012916912976788534
809,0.900415421550084,160,4,0.047243094093719955,0.6079958478750422,0.616381803899614,0.43201194400228954,0.8504127840365004,1,4.207604848824659,0.2634996195828805,0.001867180965242049
799,0.9017111904169981,420,4,0.014896464182521487,0.6859535324362349,0.8071332114122214,0.8709267449140543,0.8813812950629177,1,4.245427934454205,0.07123315296762235,0.00013675736325437286
803,0.9010878006964909,382,5,0.014570131107170998,0.698506616879319,0.6172249403750094,0.8903639533578164,0.8468827549372938,1,4.258228455664619,0.0031767292623463166,0.0001238225075031511
807,0.9009644990346988,501,5,0.014895167555548285,0.6992099553266143,0.6153543951471137,0.43293346392294074,0.8462402391382647,1,4.209712940373674,0.24162916945990723,0.0022038458965472065
806,0.9018459520266093,504,5,0.014457326699491879,0.6966348124434659,0.6203489056184762,0.4308657236404309,0.8473341734239901,1,4.245959738575716,0.23692823935959623,0.002042947888147813
804,0.9017452570682017,384,5,0.015212165397841669,0.6988055094305681,0.6190843389358235,0.9983971387226599,0.8413506106218251,1,4.219488669850668,0.0748676544501432,0.00013452341365604258
802,0.9016954496936007,419,5,0.015032761071204569,0.6831852740933326,0.6193078752021915,0.9962263344333071,0.9433505661519834,1,4.220452826798796,0.07437934940702662,0.00012938858785790664
808,0.9019580312953863,511,5,0.014800490612706711,0.7009138460453883,0.5866841250113345,0.43306513328232854,0.8460718181108903,1,4.214288753756524,0.0020868793101100225,0.0013009951104837154
812,0.9018780552208419,506,4,0.014476721319577113,0.7018524164339991,0.5889456976542228,0.41126341080655904,0.8397765146378309,1,3.566491927445426,0.22388396348176132,0.0012237837475418216
805,0.9014792666880084,698,5,0.015160159691025034,0.7012592729085091,0.6183531672529815,0.878031375592583,0.8809154337737856,1,3.550209421712812,0.0033094715074856043,0.00013656468288667295
811,0.9010759303299878,508,4,0.014725514221388384,0.6995627810583064,0.5893308220306492,0.9243077733547722,0.92081482736038,7,1.257384972445494,0.23663139389542895,0.0021645106913839446
810,0.9017110939507434,505,4,0.014820914300628412,0.7090558834411532,0.5929881025449084,0.9230673861139577,0.849038035625584,1,4.476930392771016,0.24275627262417793,0.002037301563660497
815,0.9019109720307762,476,4,0.015699125444888325,0.7046625875380904,0.6014416898522814,0.4083929414475854,0.9150838793098962,1,4.477256950924441,0.16251178173613393,0.07454963080937624
816,0.9004906428036874,702,4,0.020805747530933675,0.7181834832044669,0.5904810720419414,0.41348796389406123,0.922944072486292,1,3.5627058133413447,0.0047565288633084225,0.07727963913780861
817,0.9015986070759313,702,4,0.016307796264009147,0.7168419866753766,0.5923799118976402,0.4069245247878168,0.9132718816526396,1,4.486841418005951,0.9676463902906572,0.00018288551483387446
819,0.9009521256601515,558,4,0.01592383477356497,0.7205252360490659,0.5923545433627593,0.38179086036489085,0.4178831823624253,1,4.459781242346819,0.004634930387111482,0.0001977970670116735
813,0.9021357741328011,510,4,0.014388745757770511,0.7009381009167387,0.5910680266383308,0.931723299616459,0.8421077473628107,1,4.480271832653132,0.1785732622642635,0.002024106047513049
818,0.9024449047694862,476,4,0.021137782395925335,0.7201409665062446,0.5913294048000123,0.9316449706541649,0.9130428231666624,1,4.497079170407401,1.5169529561324124,0.038407368606221494
814,0.9025714956341,478,4,0.014083928954978146,0.7028289394004057,0.5849436508813938,0.9350214903624088,0.8377702702219655,1,3.495587923427071,0.16757590405419065,0.00010047679053828279
821,0.9018934271831659,564,4,0.021387792464209666,0.8389145816719478,0.5995621887988722,0.38418485490925197,0.914359493549841,1,4.473361085530739,1.3479302798816042,0.037599211989929424
820,0.901750957547307,477,4,0.016024218807729935,0.8364906092629317,0.5975388241965842,0.9374642880250159,0.9182471806842964,1,4.469946341552198,0.9478772460335028,0.00019775294243788184
822,0.9021519222341811,556,4,0.01375116278199864,0.7236698487698787,0.6401084555823591,0.40450416239457654,0.9038033257100311,1,4.425251693875185,1.4731727075379646,0.0002059141417988387
824,0.9003571992621555,476,4,0.01382129309852042,0.8372094539907382,0.6454103794748458,0.38469122659008076,0.8667967581906345,1,4.427909719501379,0.9659748209670728,9.287592883239315
825,0.9013133865393254,444,4,0.013872908573844269,0.7122911354275545,0.6488977273086866,0.9411668156510108,0.5359275319341689,1,4.396310552038446,1.4374279025367829,0.00017518438961840378
827,0.9019807522531295,480,4,0.014019105395089064,0.7231890786870888,0.638081713682165,0.38919063654066477,0.8666237301604282,1,4.408666263483124,1.3929636297639452,0.00354929713914542
832,0.8895752089843729,336,4,0.17784547968978637,0.6266778162863108,0.64113997115632,0.47004599764930965,0.8662099171807668,1,4.714597893722466,0.0972240132746989,0.00010055317071418348
823,0.902244810191507,550,4,0.013908854208131823,0.7224747380253757,0.638738904947423,0.9441586786146225,0.8726466503338315,1,4.425962810308856,0.9033612390543325,0.00019282934452187259
828,0.9014780811184965,441,4,0.01375258258467903,0.7220616486425787,0.642601781313935,0.39748816197934567,0.8677110378585186,1,0.13547303312154568,0.1446584900952939,0.0001672044019652945
829,0.9014843509689558,441,4,0.01401205246204391,0.7225835626062254,0.6416034305500243,0.6133798816791136,0.8682864917655475,1,4.572760694422582,0.1381955236276159,0.00016976918545602733
826,0.901352830671118,441,4,0.013950358916753504,0.8403708304879788,0.6420270947021173,0.9417113466658785,0.7904256780767962,1,4.3912725406688935,1.4773907377481348,0.034474495799965726
830,0.9035383762222251,445,4,0.013874165987496455,0.7261883170377702,0.8554078726408824,0.47349986480296846,0.8670488296455777,1,4.749501584571127,0.19094295125763533,0.003516594562217426
835,0.9008776049841719,189,4,0.016527719968467497,0.7269223874868577,0.5746396851011287,0.4675259417426341,0.8099473930461197,1,4.129133477671191,0.05340389383419192,0.0012388842035123337
831,0.90153969652522,443,4,0.013857809640028631,0.7258799233470207,0.6416267780248609,0.4715521333452107,0.8651487831178051,1,4.392227772900742,0.13582335027819967,0.0035735922015182778
834,0.9014399929875342,443,4,0.016154272955073296,0.7267094256317297,0.5712672430834943,0.4651777237983057,0.7947004011013126,1,4.587907523142068,0.1398012045211185,0.003688939390018983
836,0.9012910683985125,445,4,0.017230038536939312,0.7151526814501455,0.5695765784317399,0.44607518164407434,0.6044317094524722,1,4.5820277524297905,0.14068860902726926,0.0015068987088407873
838,0.9018634385687687,443,4,0.016120662407266895,0.7292844766799191,0.5686866524045181,0.42547230658049806,0.8096933185607776,1,4.1640153396891435,0.309893283369743,0.001245989711139592
837,0.9018641564023733,446,4,0.016381798169739854,0.7314115908612153,0.8566786177917197,0.444240485519594,0.7883041562701592,2,4.148148552123739,0.28084303272175576,0.0015291624261349196
841,0.9019345454491828,443,4,0.016373089534785955,0.7380857545014001,0.9855960924017184,0.23275590681217123,0.8927056941790253,2,4.86887154130347,0.22152519606633092,0.004613047630441927
839,0.9010918780491395,529,4,0.016722102512979106,0.731970793765748,0.5704883961741064,0.4418988332287834,0.7934262583659498,1,4.121931478033652,0.1844044119996323,0.0016388601994963767
833,0.9006239787043862,648,4,0.016572121419778235,0.7217241070610302,0.6384033032601216,0.4582069977917822,0.7917050423368679,1,0.2832191867409617,0.0010568523912602918,0.00015854853578211144
840,0.9014035613547273,521,4,0.012400882312629855,0.7316875356996093,0.5653777804889596,0.6586946192027854,0.81200926891948,2,4.1701657017346525,0.2956007358016623,0.0015332039012606476
843,0.9016923424007459,391,4,0.015872587144433688,0.7696943458424237,0.8278876376890232,0.4784921842690242,0.8961269026113757,2,4.856685183798916,0.2714020686688862,0.003948444815460074
842,0.9011892461000267,403,4,0.0073160522308449135,0.7383741159715469,0.8435102947408203,0.48148381088712466,0.8953437370175471,2,4.927235435186509,0.20196254494238894,0.0030023370852979604
845,0.9010731434510527,390,3,0.012606723388844682,0.7569863304642808,0.8834771798859302,0.24511199302450576,0.8843948590448231,2,4.701419801588743,0.18635481780991794,0.003019975279254077
844,0.9017037455634644,395,4,0.007519292234853114,0.7553225371319742,0.8481183409313091,0.48882183469551094,0.8980652917548149,2,4.701711109305139,0.19905098453701156,0.0048626770985344585
847,0.900951590648724,401,3,0.0122033208038552,0.757654731941982,0.8808479168990409,0.4794698493406769,0.8893285445669652,2,4.733898688515821,0.18973738989324082,0.0028169059860714894
849,0.9008166693262669,403,3,0.012024620362846869,0.7650831441136018,0.9088206785419626,0.48502678198700216,0.8949290539374053,5,4.845803062042425,0.17682263852914817,0.0029161249394897707
846,0.9024871371485299,412,3,0.012304676997605337,0.7583129932266759,0.8939553376024985,0.47397998182160955,0.896822454828785,2,4.653358766335865,0.20352441820984812,0.0044323646993122585
848,0.9001182496122802,527,3,0.007132045675648694,0.7592667886550453,0.6033905693841297,0.4834722127282058,0.8923090446789824,5,4.986895472363729,0.18811386433824864,0.003181718981927652
850,0.9012956505076086,395,3,0.012292833619447963,0.7611718329345315,0.9269523446927475,0.4789917058719675,0.8876389951536375,2,4.728224227687365,0.19477447798841913,0.0033095288485220494
851,0.8986695791468449,391,3,0.007293144648104196,0.7567863902316581,0.6033651818983055,0.4784150277492443,0.8955944000852735,1,4.775806774990094,0.20516847746653946,0.0036179519674602928
852,0.901564012787001,466,3,0.012569498238929375,0.7603806586132158,0.6055562455137565,0.4815484296107079,0.8826937263481843,1,4.8523722938893386,0.1948269359789696,0.003267800517938063
853,0.9013495227679822,466,3,0.019870467669301572,0.763036094083363,0.8679454532422632,0.46454984169944713,0.8806087372369106,1,4.804666436232755,0.1825379979754554,0.0021698989521394493
854,0.8970719474519347,982,4,0.10881293797878079,0.7724315913329695,0.5275539138874202,0.4634601705426629,0.8815862111167847,1,4.685932507716219,0.0886636077340337,0.0024381930026276745
856,0.9024673700042338,468,4,0.01832638609516687,0.7714099899653079,0.8755679263036222,0.36654680959543584,0.8565911877282795,1,4.803617346640925,0.08423920694603565,0.002478104569131131
857,0.9018726819972349,461,4,0.01834901928307735,0.7056545223286609,0.9589002760195735,0.32435741003885776,0.9514942240717389,1,4.776323165082346,0.0929635912710603,0.002091585005063058
858,0.9037641649558668,468,4,0.020260369071877064,0.7052897637749307,0.6058817586920596,0.4634167832761616,0.8552199643067468,1,4.576544970646436,0.08468119091442772,0.002272173144660225
861,0.9008344752941179,583,4,0.038803433976635694,0.7086931154627295,0.866803148712965,0.45706540508265736,0.8594423643846125,1,4.782555981679316,0.08555664310437648,0.002219391118811021
860,0.9012050386673846,462,4,0.019767661933291193,0.7019626790817135,0.47808538946660634,0.8350684527317371,0.8359044264939459,1,4.776202268496709,0.08674834965151998,0.005372565249040596
859,0.9018118513195489,463,4,0.01779455515081289,0.7110411979947029,0.9353943605653265,0.4585528357798573,0.8528899393899381,1,4.546060004326216,0.08826553405023391,0.0026077654829509637
862,0.9009129671262464,489,4,0.01845217124839471,0.7060522259516512,0.5215946306600873,0.45843891039620316,0.9512064014210947,1,4.788755442881731,0.08651621054226538,0.0016110904905434487
855,0.9016652447332921,470,4,0.017960827848368832,0.7530528949767151,0.87935366182339,0.8355161372957708,0.8811441869254667,1,4.6082949439822585,0.09019817033009728,0.002427840441365626
863,0.901384853134726,574,4,0.01543440652586567,0.7009697861075157,0.4017861098772456,0.8320800961545255,0.9619170231059408,1,4.592244663857819,0.08911933256975525,0.0018021645656052475
864,0.9016879792221569,492,4,0.015179739216004875,0.7037297510619307,0.5821144708296876,0.3666523117902325,0.8525300661351617,1,1.7939095690988978,0.09400731862692562,0.002385940029101832
866,0.9013636148230306,496,4,0.01485944422059653,0.7028590273495648,0.5793412956932068,0.4509666959285095,0.8366302649163003,1,4.56280308862669,0.11967549224663612,0.0019250217316798535
865,0.9024200063654046,496,4,0.014782424743161318,0.7049798999225311,0.5823598828119692,0.44946967042536573,0.8302432685611763,1,3.621777417064263,0.121460984250202,0.001806080637586013
868,0.902299069609198,495,4,0.019911757257646077,0.6870852132534137,0.5821632485653156,0.4568019241326979,0.8347236481017425,1,4.663710574221582,0.1134235164522932,0.0018958046409950154
870,0.900533585110512,489,4,0.021793276589543994,0.6850326409946691,0.5823395582935806,0.4511290008432987,0.8357789295668622,1,4.6022068683109225,0.12682828497188978,0.001820490988987134
867,0.899384523096986,494,4,0.01980791768195022,0.32879910201045115,0.5818746192171553,0.45410772408764055,0.8339639002145013,1,4.52962543643189,0.11979377571422242,0.0018174990799219944
869,0.9021102632554212,492,4,0.022206420271512536,0.6809167396815164,0.933506011229118,0.4542443357551974,0.828599766728374,1,4.614350340085039,0.05384211408647871,0.0017537106310199942
871,0.9012279341613934,526,5,0.021008313541650475,0.6815908961623456,0.582696066056932,0.4442817479377163,0.8303056620381433,1,4.600168883103982,0.058303351198017446,0.002610036222229267
874,0.8988140658320388,100,6,0.021234902285296797,0.6849270189663821,0.5821697659859413,0.44425170056302643,0.8301918425280245,1,4.5827971029967465,0.052934674137831726,0.0019325742945251216
872,0.9015934581040593,530,4,0.022430950762219095,0.6937785684580162,0.5797098330069246,0.44425393549523323,0.8448071004858672,1,4.580976862274738,0.056967779781967064,0.0018547038713995852
873,0.9011438507072732,492,6,0.021839200398333883,0.6797288633965565,0.5824086054620388,0.4448584464928955,0.8406661663629623,1,4.516283104216038,0.05300498792485255,0.0018178556146920914
877,0.9014379693246737,424,6,0.021819398940845346,0.6814468190900853,0.6031441893719456,0.34720581871098366,0.8258398495798563,1,4.5897770309673085,0.060048369822386795,0.0040906714498643035
875,0.9024500085109233,530,5,0.021598046158686497,0.6840394772220889,0.58080747357024,0.4438865837619117,0.8291635161857732,1,4.6022398602373515,0.05041368174096119,0.001895319700571784
876,0.9020022840685364,535,5,0.02142676392402091,0.688352122490991,0.6057883256935823,0.4501544827658374,0.8415967403072737,1,4.585620607754154,0.051095527678950724,0.006602048676789777
883,0.9000146862841376,427,5,0.017938065820136725,0.7333507382930069,0.2555688011364962,0.49334659688831317,0.8591481489532812,1,4.358675891251266,0.06671733599359059,0.004145638832474836
879,0.9023952028312093,524,6,0.02107524364562592,0.6873364045034488,0.6092818993513592,0.3482324785154812,0.8564563408955419,1,4.553190022276615,0.05630069146766061,0.006766643795713765
878,0.9000435845789972,534,5,0.020598757410846717,0.6788474761726437,0.5970435044076672,0.4958980687459218,0.8509623974067171,1,4.554425599273774,0.05617776265024437,0.006652045999519722
881,0.9003466457474513,421,5,0.017934667439076714,0.6720151068301149,0.9013339166917326,0.3392164250694991,0.8571094721934072,1,4.542604098549357,0.06075854138318706,0.0012396866640155561
882,0.901758427486628,425,5,0.018337436979369095,0.7373679759580769,0.6055622390059466,0.4295299036889351,0.8521032259310373,1,3.688916066950464,0.07482244591575678,0.003934535961560227
880,0.8998917788492939,527,5,0.020859272819692663,0.6884155660036543,0.91484454031031,0.4344190234319967,0.8561927760140412,1,3.708790902935554,0.05608130382843383,0.007532157444348089
884,0.8980382757726513,537,5,0.017704946036261295,0.3897354305527938,0.6084159359903929,0.35015459037952384,0.8625251626707475,1,3.551747870971446,0.06855986124710038,0.0012675364128207488
886,0.9023184115113905,424,4,0.01757884894499475,0.7369490548541029,0.5575708220147332,0.4998867692068023,0.8637578655856188,1,3.725366476039872,0.06803448913778519,0.0013203222428694876
885,0.9010686940685766,551,5,0.017514294064213908,0.7395170400760401,0.5569718165828357,0.5002959173329168,0.8594560525260762,1,4.346111859351211,0.006218420570129024,0.0010947851009965542
887,0.9020348991648653,427,4,0.017766127032131453,0.7377372814419519,0.5536587517368157,0.4944059743030732,0.848527177349095,1,3.673436235146563,0.0703034477109498,0.0013558160220688733
888,0.9024668888892403,428,4,0.017107062878869348,0.7376600991723433,0.8972211472041469,0.4284988172153555,0.8650993386645545,1,3.680808729996507,0.13636243571201168,0.0012647235901635555
890,0.9015916666747753,427,4,0.01763974738129222,0.7426299530661016,0.8963552096662839,0.42577403287015353,0.8689150457145722,1,3.726357983923703,0.14858737854664433,0.0013686883667482855
891,0.9006010183674181,546,4,0.017600998981587065,0.741687352408968,0.7505280360844893,0.4285801687835798,0.8655242380221967,3,3.6866840378357586,0.14036204287870666,0.0013249945369629658
893,0.9027238207156181,512,4,0.01718560151646868,0.7167142730313795,0.5619762322116043,0.37587858007620734,0.8751784423017164,1,4.3478496978458825,0.14741714028522207,0.001236308563350171
889,0.9020544343796549,756,4,0.017076234852899885,0.7377157120326103,0.5576491350917915,0.4265676943753271,0.8658475834717496,1,3.6864208621347196,0.07147149898766464,0.0011638320606561772
892,0.9012171233273254,549,4,0.015441841625229087,0.7137529156291973,0.5575266926375468,0.4231908609104195,0.8717398686770822,1,3.5450048576091877,0.14205209378809938,0.001221701110010158
894,0.9017856014756889,508,4,0.0166530940998945,0.711999590630153,0.5586942584204497,0.3789032398861799,0.8699553579646244,3,4.383127181270013,0.15013331625101817,0.0031313631763493356
896,0.9014857468789936,512,4,0.01570647066510891,0.7159721742704206,0.5605736195010698,0.4183698544220528,0.8731665896009619,3,4.961709961678485,0.14480884000402697,0.002433965379746106
897,0.9022449444384779,510,4,0.015696636953781193,0.7135097249314173,0.5632167359745617,0.3780368745332721,0.9350203535143846,3,4.414550624544731,0.14713666768734926,0.0029647901787222424
895,0.9017844675981024,511,4,0.015783121692832025,0.7160220129156923,0.7444543762952517,0.4718504698966593,0.8707272331351616,2,4.949198702965552,0.15504835740548817,0.00304164015831091
900,0.9014499634477273,451,4,0.015517283086521486,0.7211949853427367,0.5633076176150323,0.3745732551211792,0.8129652384892628,2,4.354855691661755,0.10698319149955977,0.0032642746642039
898,0.9019560943685357,454,4,0.0155077082116685,0.7177658475107744,0.745151552192563,0.4710146793031655,0.8153126827218252,3,4.377066167776363,0.15415337769493412,0.0029216739828321673
899,0.9012630441532966,509,4,0.01566727755427857,0.7119910749418247,0.7488552208823259,0.3768782212451851,0.9304404799923779,2,4.303202106763503,0.10788649905995189,0.002892764425353187
901,0.9012112352369381,510,4,0.016048769963246695,0.7130607322734113,0.5300258165219789,0.4731261702654756,0.8763809042552206,2,4.387126031979978,0.10197256564440643,0.0009810254651652047
902,0.900044828986083,449,4,0.015843779677307674,0.4866308343317335,0.5260393430007618,0.4675867216156649,0.8791910795100938,2,4.342973371726428,0.10258107108072856,0.0009687643827288238
904,0.9011932291909289,455,4,0.019242611163159347,0.7158252216350866,0.5448629606598868,0.47037616043996305,0.9256701923662174,2,4.334853968098297,0.11096490645409211,0.00010035135145956709
903,0.9027543764968614,510,4,0.015808234066428607,0.7169558119573585,0.5293753174261109,0.39736517539427413,0.9243923571268987,2,4.331309056694266,0.10766659550120948,0.001020965041596063
906,0.9019787536000387,449,4,0.01948161132884263,0.7204688687126789,0.7184645618881836,0.27056367733475806,0.9135525928068635,2,4.308153403302047,0.10197429517738718,0.0009774441139262932
907,0.9012323541250826,450,4,0.019506945279989765,0.7154868724177452,0.5644615930379308,0.4002319160242528,0.9089789036129667,1,4.339981919986302,0.10158556041969681,0.0010318773691299257
905,0.9005722033877793,455,4,0.019498700317040527,0.7179396531948102,0.5010532333519351,0.9018172339363701,0.9249733981174055,2,4.340114386192681,0.09251535215151539,0.0010077256957706916
909,0.9011541511595957,362,4,0.013804908359519556,0.7016074973504915,0.5197506213748178,0.40352311609038277,0.9267272496097967,1,4.283307733036366,0.10797940357874242,0.0007984016303752669
910,0.9007406485202061,361,4,0.0189386148794971,0.5071253613561543,0.5261418058764886,0.4029880622183889,0.9164566773128671,1,4.30500248821953,0.0938731323776334,0.0008012406090273318
908,0.9012489831894209,468,4,0.014275934085300715,0.7004443151225996,0.5694056875447094,0.3979283204723185,0.929488333425007,1,4.31872382260656,0.10925825043941453,0.0009210428635505325
911,0.9016562525427865,473,4,0.01960722764013584,0.7000934561271626,0.5218337122086759,0.4048587948789082,0.9108526079374243,1,4.29077255659451,0.12206999677873362,0.0014942557523345368
915,0.9022667959076294,484,4,0.01909275947054503,0.6988001835878589,0.5142300313546077,0.3952245889915891,0.9421215440054673,2,4.251151639655353,0.11697876017509903,0.0009405007010404689
914,0.8982461388868381,483,4,0.01974297109506045,0.25459194118441514,0.5109347654553487,0.3977581746283494,0.9691405061367563,2,4.261781804073387,0.11539980137644397,0.0007071731872482478
916,0.9022771746580155,485,4,0.019124073261684617,0.6942728913205286,0.5383705360536606,0.39432959616595314,0.9235860721899527,2,4.463115464804652,0.11811631015564149,0.0014930704211838543
921,0.8918933631763994,487,4,0.21681078789413677,0.6528100260821122,0.50868993456089,0.39175835167666667,0.9568196612068396,2,4.186592719756663,0.1727182059577527,0.029339531711860233
913,0.9015626924383957,478,4,0.014185316867350643,0.6977233113362008,0.7201216906740431,0.39602064087105515,0.9082639882258329,1,0.6323546546411953,0.11927578920771117,0.0014908617696519548
912,0.900898396312748,477,4,0.019052443364070196,0.6972052637835763,0.5352585946780706,0.8994904966431347,0.9055030898358717,1,4.254318302290989,0.11444244570470526,0.00010212702811506978
917,0.9011648386932183,487,4,0.014282662510366988,0.642319616081994,0.502616463774508,0.38792215761674326,0.9486626390266667,2,4.269137958480076,0.12383076484190889,0.0006956237592251567
918,0.9021783609816211,480,4,0.014258148109242984,0.6686886152043132,0.48677063044223895,0.39240158638184364,0.8993260770928252,2,4.2253137760968835,0.13451882890717834,0.0008545795831513415
919,0.9009898605376179,481,4,0.014384218564882418,0.6666808303319008,0.49994312539251984,0.40003786926729584,0.9605366493357661,2,4.213686432340185,0.12688776756152917,0.0007346665308545578
920,0.9025127365103233,482,4,0.016486913840867007,0.6635901018147391,0.524756690399152,0.3621898298703639,0.9587302604850871,2,4.223593605736754,0.17834009151055388,0.0007026810995805821
922,0.9008623616435211,486,4,0.016953557877529352,0.6741666529413606,0.5314399581233142,0.3591247578965406,0.9552410004159483,2,4.479822743796654,0.1648586218822531,0.0006191013175485378
923,0.9009343694837874,518,4,0.016997772735343215,0.6425121500166112,0.5310034867479291,0.36073380844218,0.7308816774223952,2,4.200886568725388,0.1712291713488453,0.0006450910498621755
924,0.9023154379333835,518,4,0.016620793776958336,0.7476547604352378,0.5048484534367229,0.35569406608635246,0.9333239361745065,2,4.182723695515509,0.16430322843273837,0.020520978342319637
925,0.9009951350144438,499,4,0.01704417358092564,0.6633904887450357,0.537544112503873,0.3548425454851008,0.946914953228138,2,4.491197493211171,0.2501511306763905,0.0012373662945988407
926,0.901098064432343,507,4,0.016882979226338385,0.7437380809533384,0.5528051814901859,0.3628500545365426,0.9461063565232638,2,4.201771716166193,0.22140436480820014,0.0007618153617013625
929,0.9014568576302209,516,4,0.016791007409727016,0.6651314565424696,0.5357565649445762,0.3626375402699319,0.9400398043789038,2,4.457374213782955,1.9779202696418294,0.000586679076697717
928,0.9018179593286714,516,4,0.01677569120090171,0.6690423071928916,0.5315257876699262,0.35892987725502157,0.9375760077704165,2,4.430886811825875,0.23656624639697613,0.0010656499866983572
930,0.9009713244973387,519,4,0.01674872393062242,0.7283416948263876,0.5412733917055186,0.35865598023696443,0.7337954721527769,2,4.447984556105474,0.16938330667292495,0.0014721517990558069
931,0.9017935401391449,517,4,0.016743949988094347,0.7275111031236042,0.5332797672715212,0.3615288649464252,0.9432256268253473,2,4.425403356680931,0.007608305077556171,0.02179696032670938
927,0.9000173509268727,518,4,0.017003955466717822,0.6738181076706917,0.5526395963609911,0.3608621206724706,0.9039837850384768,2,3.3007210166325023,0.24640804195628416,0.0006788615630486608
932,0.9016447259275873,519,4,0.01686722363463759,0.7457907405701664,0.54402396206594,0.4155249474563589,0.934441923334202,2,4.447784258193803,0.2503048678559656,0.001162708861939943
934,0.90215429937859,509,4,0.01359907033662407,0.7304334118813277,0.5537666149603773,0.41156624709488504,0.9053059589021606,2,4.4573149679312225,0.2187952978373592,0.0012063969900930258
933,0.9019688999027826,510,4,0.013054706268482832,0.7490984523858566,0.5476387260763749,0.41715256955193236,0.8976842638437861,2,4.728818290412633,0.25132310669814306,0.001178182339055603
938,0.9002868032977502,560,4,0.01356570135198047,0.7266742690593911,0.551542683805708,0.4123511837290863,0.8982748579243044,1,4.736305209119569,4.345988674680871,0.0015357910279890558
936,0.9009601939335086,547,4,0.013454740314852555,0.729629910868436,0.5459982912817463,0.4091094540130444,0.9055931772628137,1,4.716287677388438,2.1772549817025513,0.0011321516281840804
935,0.9016916599152957,557,4,0.013104670802696677,0.7302260180706791,0.5640513069059094,0.4142760398321712,0.9055525216522872,1,4.441684132854772,0.2429807513275268,0.0015144914626454944
937,0.901848209291362,561,4,0.013466134761846224,0.7280473874248737,0.5559502977730596,0.414307686765124,0.9055559279401173,1,4.707524239166081,0.0015631969496437447,1.194166592428298
939,0.9020654879377196,555,4,0.013603322232130951,0.7733501226524085,0.5544144116639517,0.41309855754197833,0.9012734392267939,1,3.29811650329044,0.25519078843346377,0.00013914460945892946
940,0.902631161951167,553,4,0.015090774014690457,0.7782170936724774,0.5594613676316144,0.4186078386640115,0.9078942476387594,1,3.2892710814158557,0.26481393241987367,0.008952584559872925
941,0.9020849492634632,566,4,0.013222050485284654,0.7724541824788866,0.5687022869918309,0.4136452786738348,0.8843928811639795,1,4.069408727422664,0.28276754291041795,0.00014205461656948754
942,0.9013565623720246,541,4,0.013509642901786634,0.6934093996518637,0.8578403152360156,0.41449283787500185,0.8869236976722702,1,4.70907859123488,0.08283048361038463,0.00014805274887396815
943,0.9023613096520258,565,4,0.01323636169509164,0.7820576510041639,0.5695445231246683,0.41455597185807735,0.8829507593186174,1,4.713367467780825,0.08181769385268822,0.05251085955935358
947,0.9014625084698741,466,5,0.015221662569367921,0.7739195564578956,0.5747575306434658,0.3266361932002769,0.8815924950474983,1,4.092432805088457,0.07057564185750079,0.05067639059655818
944,0.9020651657753966,552,4,0.015065981867132011,0.69647578427819,0.5689047293826377,0.3794946664367193,0.8849665217429448,1,4.09725680013713,0.28645024124115254,0.00011943148421451914
945,0.9013440590835058,537,4,0.015314689716325327,0.6979652865497481,0.9511075567026503,0.3777878846500536,0.882982818792499,1,4.663441956044806,0.0016163337199073876,0.00014188725432843214
950,0.9003947431075506,468,5,0.015317946159975348,0.7048758374817248,0.5901548386948553,0.325278679956036,0.5712317134997633,1,4.074607366018437,0.07752833298238394,0.00013187975583336094
951,0.901139317553471,466,5,0.015216897323455112,0.6943636420998965,0.46864425765118645,0.3284519255870138,0.8202101600128392,3,4.161630862042627,0.07808367146813043,0.0021270299678435153
949,0.901883576450594,540,5,0.015325001055068893,0.6953980883144123,0.8521788143463374,0.3816834967633049,0.8804974384217876,1,4.043259030501068,0.0754557293715568,0.048849911698141575
946,0.9006777452243655,576,5,0.014681492882973242,0.7770779191572577,0.5694768866400495,0.8557260211325083,0.8825918105954197,1,4.078835605316923,0.08202300225316311,0.008542096424568954
948,0.9001878822845933,540,5,0.014888703804252772,0.693769214792948,0.5763668814128278,0.8686802971283561,0.8133228985672827,1,4.110483741812722,0.0002463236764915248,0.00014853346748147728
952,0.9017377168126588,467,5,0.015375737251068028,0.7019696061607542,0.5900443510030488,0.3758612737664632,0.808611452614403,3,4.0835880866917735,0.07981062116681231,0.04434466013212254
957,0.8999497493671388,502,4,0.011369597938829204,0.4621106807768156,0.6216343803823015,0.20964842844538678,0.8137210700676346,3,4.370736090710742,0.152823349050343,0.002013657891856205
955,0.9013245329148031,498,5,0.015339541032261421,0.7073601478196366,0.5914652391039033,0.3790677752309656,0.8148089736438321,1,4.355401459414136,0.009270779994762043,0.002260224984251826
954,0.9002880642766591,494,5,0.015207820120674918,0.7016785462976156,0.6230578136262371,0.8840101247548459,0.5121094002932173,3,3.4576557713729033,0.16070199629887946,0.0023196861307675496
956,0.9008375886683758,498,5,0.014534804807484317,0.7116765424253776,0.6225699903443916,0.4375853718222662,0.846978175076221,3,3.406727905085936,0.005796504592272092,0.002262417376801121
958,0.9012981079265371,491,4,0.01854066404054248,0.7116692186941824,0.44784040097508704,0.8631759914420245,0.8145256812401437,3,3.4604525720673016,0.15453176994541235,0.00010551890124396105
953,0.9015840618043255,499,5,0.015200839241648757,0.7040362943836045,0.5917302897852418,0.8604214004833488,0.8167252319468056,1,3.438443843869204,0.16224816024649047,0.00010324648402477675
959,0.9004908307950572,499,4,0.01141901517822777,0.45297001014018823,0.6197154662649229,0.4271546122234116,0.8106312010638521,1,4.379304785762948,0.0059870843253216725,0.0016684559063604584
961,0.9018273033283396,501,4,0.018458144695838702,0.7074666991692765,0.6241016535234065,0.8834038671867481,0.8482309267975201,1,4.38664940294418,0.16704512538766483,0.004858367066927293
964,0.9015248531888507,411,4,0.018365591269878558,0.7486863184962133,0.6030487940144048,0.4349719898019032,0.8472894067459169,1,4.529771657831328,0.1762025699529594,0.0017049689173728776
960,0.901536473913761,499,4,0.011798084608969195,0.7464400092003483,0.6223965796531338,0.7668792432707663,0.8448152012930567,3,3.4286191305315534,0.15057388386830806,0.028659473328021556
966,0.9013135872256239,443,4,0.018644560941625202,0.7463814270898823,0.6100689777738773,0.4343337413029895,0.7558703492892802,1,4.53340840231197,0.34893836004230294,0.0015112060446023298
965,0.902093590785069,406,4,0.011634482669865042,0.7423165765874193,0.60738392770684,0.4445128839859434,0.8485952604607984,5,4.5259567157865215,0.00255744182885753,0.00010601020261701164
962,0.9010599403450856,496,4,0.017738791042952635,0.7453128531455065,0.6218273871041498,0.7660871216494433,0.8518752264538252,1,3.452557316334902,0.008876283227363151,0.00010076762722516663
968,0.9022332869210793,409,4,0.01810493944612173,0.7510935751892632,0.6047752929782265,0.43788744918227174,0.755450280851492,1,4.515531459700636,0.20174430150373415,0.0016640238011211917
963,0.9011322256493631,923,4,0.018362725558965412,0.7504522194706192,0.6158342026642427,0.43705132182010603,0.8470811172027402,1,3.4532527986170978,0.009129971397117399,0.0015186542916063993
967,0.9021162717575875,410,4,0.012263062906604,0.7481154431939954,0.6029246900767001,0.4349991779786487,0.7546086192942343,1,4.502680247077659,0.328531034913869,0.004862853247364275
969,0.9020045179198878,445,4,0.018115942572496737,0.749701591855899,0.6091391701989691,0.7755469838513549,0.7560210456016174,1,4.283343205435748,0.021999476237168393,0.0016717699471660381
970,0.9019935428119215,412,4,0.012219290534300013,0.7428758876064236,0.6054075148911945,0.43312373010121197,0.850083539318047,1,3.066439133685639,0.02275451983886471,0.0016168426364241194
977,0.901841896338959,222,4,0.014055821487086017,0.7222164055509188,0.8224465663298574,0.3936234829327442,0.9271831692672702,1,4.269817694399561,0.12696767324611988,0.013486006910228707
972,0.9027132370219515,439,4,0.012465999114071275,0.7510777720896047,0.6061702020943782,0.4349405859587895,0.9733040721612453,1,4.264284820258222,0.30552425883848355,0.00018423709428493494
973,0.9020611855731607,439,4,0.013913268950976608,0.7238302655297648,0.7132338737226984,0.4289512001424887,0.8563034971573441,1,4.260780227042473,0.3312580725504651,0.00016447166387928324
974,0.9021504916601464,435,4,0.012913043513559512,0.7232136970315262,0.5959553528152765,0.43523092430297705,0.8315877108407143,1,4.263749699836216,0.02441521689890042,0.012864923021637569
975,0.9016609103653501,439,4,0.013081516079076459,0.6807920178937636,0.592196543385803,0.4362399928842456,0.8688579837166027,1,4.279201167152687,0.20416779042959665,0.01354815818605755
971,0.9016368186593742,446,4,0.012325947804551044,0.7449327579751011,0.6014532389285289,0.43440841479739684,0.9236223052743547,1,4.264194644607774,0.35542449821887834,0.00018031803800825025
976,0.9019533023204079,440,4,0.012728256739230592,0.7249643667222374,0.8247819799508255,0.3895579601640354,0.9238561005077799,1,4.289804186755244,0.3378893663273048,0.0001655542890838274
978,0.9019399036973349,467,4,0.012712480473354012,0.7230315081093772,0.5849965925936569,0.39097294884859246,0.8719176522886222,1,4.245772108215746,0.12408893877479397,0.00015020116615330583
980,0.900522352835217,230,4,0.014112285455820812,0.7239144125078371,0.5797489550277392,0.3897127606487293,0.9288016814340847,1,4.206457987184089,0.13028019328281382,0.012117517168419224
981,0.9024711083946835,528,4,0.012840047216488697,0.6805717145721298,0.5863637464250535,0.39276827346667254,0.8732865099037153,1,4.191487937929863,0.10205191398042338,0.00016682746554248356
979,0.9018876106252813,461,4,0.01253218873191766,0.7235925282607668,0.5837804464333889,0.8052210806405705,0.9252365600128375,1,4.200615296411926,0.004153015397486647,0.01392601402448528
986,0.8974234158279704,527,4,0.010863293930112787,0.7632397267024855,0.57947805005889,0.46818154517022903,0.9681131354094319,1,4.204979446839829,7.980972276531573,0.00020491653429453483
983,0.9015964976652887,529,4,0.011351087044106313,0.7623375802289752,0.5878276605678341,0.4454723534970089,0.8710115228685736,1,4.186459613279079,0.36812319497313156,0.0002246629478206722
985,0.901061440627202,526,4,0.011018674347063991,0.7296063802136068,0.5847894480429386,0.45992684754646257,0.8695008809183069,1,4.206069542392741,0.32457234445291727,3.382755345982944
984,0.9024312884321863,530,4,0.01100272300389747,0.7621644620919815,0.5833304131904901,0.4567827883894767,0.9741131960505942,1,4.1919944915953105,0.21195203774298288,0.00018526652361915713
987,0.9018428856311894,529,4,0.011251918975696712,0.7621008507693997,0.5854343348280151,0.4610567744668669,0.8735873396889242,1,4.1808248334474545,0.3046155083780027,0.0001767948979979766
982,0.9019015313368006,528,4,0.01076938928684778,0.7261864058020606,0.5851645463042502,0.801548324254186,0.8696092863531946,1,4.191230031663013,0.3534551675723411,0.00016611346786472986
989,0.9016148210845161,530,4,0.010300094647406928,0.7633754727330139,0.5838817637926796,0.45715412459691973,0.9813677573899678,1,4.171446161944296,0.3147999707185902,0.00022575717009535565
988,0.9025448489026777,530,4,0.01113370815553354,0.762592038065397,0.5842659833310051,0.4613057783237115,0.9789190278340097,1,4.133021176731204,0.31210689580837164,0.00016774845093330278
990,0.9029895504316763,529,4,0.011043022226369055,0.7684691677341292,0.6273793810187562,0.45389014181772624,0.7849386208157819,1,4.3793337608026945,0.30706308770025076,0.0002326038067560213
993,0.9023998170957238,463,4,0.01106670574835652,0.7342033650148707,0.6296405047065874,0.4557487947822365,0.7828968060346188,1,4.372891118282957,0.30886466659363887,0.0002423094799441209
992,0.901734462957992,537,4,0.010924550181091461,0.7673664374948785,0.6346247194031494,0.45900338144957764,0.48453509536911765,1,4.379426330886568,0.3320340421798405,0.00022809666364772315
995,0.9010793770411469,467,4,0.011984447567724446,0.6847861066867168,0.6305184603255787,0.4575187365408706,0.7975219507704199,1,4.110042745398131,0.3059299927846809,0.0002560839326781576
991,0.9022800925151673,533,4,0.010864850383772095,0.757946620608521,0.6307400905391657,0.45732844971690556,0.9865553960375684,1,4.338490328072745,0.3039429988688492,0.00018497643587113627
996,0.9007805619082567,473,4,0.011804314319709913,0.6864863482412674,0.33643051649510597,0.4598597222300295,0.9804600889311399,1,4.02060812122639,0.22802765222058807,0.0002582863194278256
994,0.9012044148674734,483,4,0.010428301049531833,0.6831757941907394,0.6216905298860885,0.9191059748817441,0.7883390431426873,1,4.386110333482634,2.7780022668147235,0.0002057111582925533
998,0.901617311799126,475,4,0.011881569403403234,0.9714809921265516,0.6236986331527087,0.42757487571197883,0.7822320027331514,1,4.404446992754416,0.20377718959307295,0.0002524466347329862
999,0.9018281044011479,473,4,0.01407982597736498,0.6910712139726092,0.623407693119314,0.4160780146264812,0.7918294242228898,1,4.342316057965006,0.00012040261252320115,0.0002493821706133874
997,0.901888997337197,476,4,0.0120085830790635,0.6893950567495113,0.6180354156553759,0.9114726716393705,0.7846403763050431,1,4.388929503766011,0.22496123731142184,0.0002139319327430332
