trial,score,n_estimators,max_depth,learning_rate,subsample,colsample_bytree,colsample_bylevel,colsample_bynode,min_child_weight,gamma,reg_alpha,reg_lambda
7,0.898788301740242,295,8,0.10795022052359146,0.9755459781359518,0.4709621594243931,0.26785155896319524,0.5503996646854212,8,2.470779045034583,0.001448099261184529,0.0013713099679713717
6,0.9003363925020194,157,9,0.02583984293347619,0.3182927196108229,0.5576048908831892,0.42449990414296335,0.8122763946171739,3,3.7537151363207686,0.0002734662630645569,0.005929348609776616
5,0.8987283194182725,532,10,0.1652503326436351,0.9945132931767624,0.7543343693778208,0.2889549030576874,0.9518585561050523,10,0.8215832414370716,0.0003123412583265345,3.1015197111689035
0,0.8976838906797269,554,7,0.1269449351068128,0.5434131668572338,0.6426149198273383,0.9869865821629589,0.39219321101321347,1,3.9057092903248263,0.0017577844527505498,0.0001370530127075162
1,0.8867964938765744,534,6,0.1412863310415306,0.44838129138707083,0.817868704709255,0.8204170676910004,0.6867244410839877,4,2.80498239789617,0.0002706820636414244,0.0037154229144340974
8,0.8977699208669601,704,3,0.05108971118145464,0.38171140399186654,0.32696342488103014,0.3208836902837187,0.5874494457631306,4,2.192250380247907,0.0017372392653336667,5.096406367314042
2,0.8922866213573764,837,6,0.14706310057479702,0.9523077357576519,0.5591260550411092,0.6565128484316994,0.8889731765880592,4,1.2440183296527736,0.04365363962855166,0.0005046163180825002
4,0.8955995185414072,381,10,0.041019301424481146,0.37887652941627536,0.9453547154418519,0.9533164415539718,0.6834101523337656,9,2.173713473154888,0.002369399828880997,0.0033324070975236414
3,0.8966549653378275,428,8,0.00691965802194808,0.4205062266982708,0.3560935069845399,0.3271667410367757,0.829564485222703,5,0.917169897619981,1.2362797409920956,0.14318437783794594
10,0.8903853366214669,772,8,0.14976043629430724,0.6427282172120031,0.8844312150987669,0.40357609436248004,0.7044515611199662,2,1.8063036523067721,0.010835581183536499,0.010755279037831786
12,0.8998672539953905,801,7,0.09266519324112504,0.8524449302474099,0.34608584895825767,0.2603731631062801,0.6085181748074123,1,2.368591755341381,0.02069886439116686,0.2473888848674665
13,0.8906418557486347,176,6,0.2274619606395056,0.56867304122882,0.9871667477659102,0.9798120141848223,0.947082064299452,1,0.9117425743050506,1.3860185639157723,0.0013035103346446266
18,0.8951401555099883,236,6,0.02394857702383061,0.8598239152173393,0.20696409225788281,0.5709883608711191,0.25704179065544785,7,4.4254192230568785,0.013267662724348105,0.024276766062997234
20,0.8789497700591126,106,4,0.016068115788073576,0.231465264689925,0.21849425167279246,0.4976787982820949,0.3720870735530204,2,4.6974853903059515,0.24155000838437674,0.06332362501859533
14,0.9015728379669772,392,9,0.036257984737915215,0.7899824247430967,0.5460535330753529,0.35297449859931174,0.6294321891068746,8,1.2104922510199156,1.4505681967198027,0.010437394059956334
17,0.9008296986561437,843,6,0.1282199213336283,0.7561146638601177,0.7648616128053782,0.29133057187703415,0.4124124534110061,3,3.5250401719853186,1.9448957357121066,0.0011039632854150372
9,0.8997930830000825,532,9,0.02672401464956988,0.8642894924201114,0.7603140913458758,0.2967779274941025,0.7786369624877664,1,0.7135053966476845,0.0010068215086899825,4.238961385914864
19,0.8694049856117045,979,3,0.005084255136179937,0.22006255074758385,0.22331453883673474,0.5727450173803263,0.22571588504526985,7,4.970613318110663,8.552630500751654,0.13032713821001043
21,0.895200525217328,995,9,0.01582196095076619,0.2200012142184048,0.21088391155992792,0.50837469997729,0.24175675881311054,2,4.771325618139281,0.13909011028402424,0.1601622890206206
24,0.9003427718177326,341,9,0.014440386252360349,0.7033422447115798,0.6502565976966244,0.4404442456968149,0.811157417337176,6,3.3759809254599302,5.1856120440309565,0.9104809698155268
16,0.9019069703155773,973,4,0.010879188432291957,0.6893761963645926,0.24928319988096437,0.3732481055993689,0.7424189443139657,3,0.06401347460698592,0.12316933507734204,0.2634386498585824
23,0.9016984797526376,955,9,0.0632502952582317,0.7334422853965361,0.46310305779334227,0.20384402646872668,0.794638077249453,3,3.4032951475853173,0.14034224743651022,0.2840903517096237
15,0.904253688249282,695,4,0.007871125666883536,0.8054878317338351,0.4131144295837097,0.7432416176535858,0.8146574351946798,2,2.581741623534235,0.5617250273658169,0.002219411984182952
25,0.9015167706241964,991,4,0.060605556618844696,0.7251126736573591,0.7050280818333566,0.20172710246631587,0.44903295087331213,6,0.2580885427610804,9.495473310330022,0.00016008891106455826
22,0.9011302967803715,989,4,0.01057422151106446,0.2269857554453485,0.4481368306855852,0.4758052295514825,0.7827087744213087,2,3.3960007702049984,0.1504531586543784,0.2574733021856508
28,0.8988476744015624,881,5,0.05854220506634526,0.7323510892103342,0.6578154753352243,0.2176002961247483,0.4498059764030289,6,3.4156953324533217,7.1837021505461145,0.0001937956447199454
26,0.9015380512016427,943,4,0.07148574239803607,0.7128399588996712,0.6745398446573824,0.2085258407005477,0.46472617378841696,6,0.08713138748548177,8.941052558983154,0.00014348576393330165
27,0.8994183154769152,922,5,0.06523894321150381,0.7249755133610404,0.6567500258051457,0.21881148868894268,0.4677115086872498,6,0.021402478265181157,8.297924226646193,0.00011348306904014349
29,0.8945709276766717,658,5,0.06034338425887042,0.7432124377888645,0.6664887267380959,0.20152569925369185,0.4846044013807123,10,0.07724356221819706,1.3699241071855122,0.00013274448717629818
31,0.8928111913200866,916,4,0.06655264500351196,0.773925550385773,0.4770772184934981,0.22314094393244122,0.7152242176567642,5,0.37226760238257883,0.3145097104197425,0.7789447285042423
30,0.8941254018134988,919,4,0.06772453027380212,0.734820566292364,0.42671570165235373,0.20049188066129092,0.4591645778701492,5,0.04376156031789445,1.126162983216554,0.00018741043750439886
32,0.9016384193606573,913,4,0.00904018208667241,0.6486658075123911,0.4304643922160277,0.2045608655923073,0.744800404040141,3,3.0049684547344118,0.2592136283613925,1.253576428284435
38,0.9029867782241258,624,3,0.009181535701132924,0.6092237406015721,0.2965083652461287,0.7191651028008949,0.8776330493715614,3,2.888606074125238,0.34302850638765703,0.8398740303626889
33,0.904447681811752,900,4,0.00865090319289667,0.6438673821269637,0.4158903994872834,0.7303772940034006,0.7441880236866748,3,3.079751252801623,0.3199985205896287,1.2017366778035206
39,0.9029426370447204,659,3,0.009068720996008956,0.64062913198286,0.28326990151811116,0.7388851725128915,0.8730718553871571,3,2.978058533092383,0.060963843015223174,0.757165127050859
36,0.9038329837084079,690,5,0.007981356744010801,0.6221545099704173,0.42513612478757334,0.7583897700738483,0.7355634786327879,3,2.7665469696103546,0.38443024981578783,0.8984659243806125
35,0.9048881071262246,686,5,0.008974751436011636,0.6565682459162835,0.4308776881815231,0.7858996436282015,0.8896623406867035,3,2.874105363648681,0.4437556142418634,0.8749707109998413
41,0.9034280315216145,728,3,0.009808479862336203,0.6303246380797867,0.294455931567853,0.794950102544937,0.8854702421566079,3,2.919406797886865,0.06077864443786621,0.9532337946487354
37,0.9032339073610153,693,5,0.007889463319447081,0.5815590597906681,0.41145448448499633,0.7537464032389295,0.8811179736220071,3,2.8727614067185754,0.4695910731584194,1.0122879332640407
34,0.9029579902307127,899,5,0.00966394092823867,0.6316238785460324,0.42230821329895635,0.7456046843821488,0.7273094617887338,3,0.032271861240793065,0.3715828887069036,0.7584082926051924
42,0.8986605402055539,641,3,0.005550330864296092,0.5456182247143709,0.26810106533364875,0.7267611144398782,0.8976249160786663,3,4.224961903469355,0.06914536683010918,0.5284350611050292
43,0.8997899122325841,655,3,0.007203616165221683,0.5695977604460342,0.28634285596000425,0.7505505457503674,0.8768625470351227,4,2.7808674171835417,0.6053347780468601,2.024804362092028
11,0.9006278526341049,840,8,0.006017692147708002,0.973876942625348,0.6678649672353466,0.582030063140614,0.7322442834941566,2,0.8301952717739741,0.0015419866411469996,0.001074892923985959
44,0.8985024081443609,616,3,0.005809787040144765,0.5267755480294938,0.29183321547203767,0.7560448719195447,0.8797958474559844,4,2.875123900196926,0.061056158172472744,2.1225700665571
40,0.9028803490348267,650,7,0.009995127812929477,0.6213600656422393,0.5533049657809131,0.7554983665763502,0.6363579534490202,3,1.4499043714694182,0.5300973761730166,0.02028342800810532
45,0.8974799309140458,584,5,0.0061011939345028835,0.5263360801927004,0.3932212984716447,0.81095245429572,0.8817809477727754,4,1.7736165507633246,0.5598054722935695,9.174418973258202
51,0.9020119785090517,580,5,0.012898821983152045,0.5060843675400256,0.38203340824755966,0.8810075338979,0.6626488749644338,4,1.8108933770379556,0.7708256271433366,9.048078458185216
48,0.8979346878148267,591,5,0.005634258917026875,0.5033918573744944,0.5292514832830874,0.906284055416483,0.6613510366536433,4,1.8208824746271808,0.5474382620992128,9.52223263906035
47,0.902602453472098,586,5,0.006411770245760702,0.5019414277472403,0.3884895484448257,0.9170886456921141,0.9826767608974393,4,2.621531371105643,0.6404815009455664,2.1813717359515645
46,0.902003811260861,744,5,0.006164918589535363,0.49668612883239405,0.3860482496738145,0.8690047436054262,0.9180557563781716,4,1.8504285353532102,0.586802026624956,2.4431873210227684
50,0.9017421491672065,591,5,0.006428964577492807,0.4692666315051775,0.3788665998431478,0.8767352749873131,0.9341022342233847,4,2.5864573561814765,0.6192650277120351,2.1849977429942267
49,0.8973406627567705,579,5,0.005642759993701419,0.5078943939056091,0.5178495264527235,0.8787071812573065,0.9692936405745908,4,1.747882473847836,0.6304338471943148,9.59770408316207
52,0.9014236468604697,588,5,0.01237626497926231,0.45147816568742927,0.5127641765489256,0.8812054027807266,0.9883413489358253,4,1.850235908579073,0.7241651471125552,9.91560595268293
53,0.9040015318445977,749,5,0.012854849230319121,0.48600557027216595,0.38925819018341895,0.8871543910306408,0.9610943741786109,2,2.5596746944552464,0.018628770245070706,8.220401023846371
54,0.9016664022523327,756,5,0.012563008121605643,0.4795889742644066,0.3839174214868396,0.8753679022982643,0.997465034973354,2,2.539504961726741,2.9308596961077282,9.719994867671751
56,0.9049108643443329,478,6,0.020664994134232294,0.8207021247272709,0.4928685278740489,0.6745829591810057,0.9664939284038523,2,2.5959604679725103,2.913212046714656,0.06674172801094523
55,0.9034969060710282,486,6,0.012763181621954611,0.8077445736243644,0.5101070839842755,0.9014526277465553,0.9805505038536977,2,2.639165669878323,2.869855887740964,6.324737381889212
57,0.9044482692752804,753,6,0.01969126587025008,0.9205375540339547,0.601162011175459,0.67061713235703,0.9931540182516373,2,2.536574545890448,3.06016594569619,0.07470979687149691
59,0.9026779960518315,750,6,0.022122768290617646,0.8210051905360258,0.5916359589717646,0.6664754162739301,0.8447845374851757,1,3.165560771661324,0.03487645766734644,0.06343452920053524
58,0.9035188406273477,482,6,0.012210106635501693,0.9096080622843932,0.6044129284352262,0.6647288626376942,0.8398065977895961,2,2.1943803644211264,3.2573325043928674,0.003414415195578604
65,0.9021948347421308,492,6,0.02081305088890318,0.9040027038599792,0.329760910058794,0.6750587550942726,0.822311478144034,1,2.1004329607475807,0.002870634719117056,0.0033201841969025727
64,0.9032557460592205,799,6,0.01820785154603842,0.8106254250205888,0.33098691410623005,0.811746403460599,0.8350956370007824,1,3.1888586972195965,0.0066696545536287415,0.45985866175152923
62,0.9029046053187708,491,6,0.0074469484473666065,0.8299675741377365,0.5958512743108854,0.6856527945198289,0.843136023132262,2,3.1368325360875837,3.2659007207813424,0.37275654379696377
61,0.9023761658353591,715,6,0.008036737113755719,0.8117301021466327,0.33379278384378686,0.6837972212108687,0.8396995837229045,2,2.189213211560163,0.023632195319439796,0.4506122162367366
66,0.9006575279802311,801,6,0.02392947080589462,0.8890899414422081,0.33626613779478215,0.6701710340612967,0.8355650996139304,1,2.232929678603934,0.028298544050690884,0.07706369860151291
60,0.9037117003882489,711,6,0.007855908554299957,0.8185544749864893,0.5075772268950489,0.6642036408517159,0.8339520699110731,2,2.1789082661905823,0.023589319305927246,4.5743927363396795
63,0.90118992539274,751,6,0.019959411940637307,0.6753587418285099,0.6068830803769291,0.6805584438403277,0.8420127494224998,2,2.235304315921452,0.0038100222336458186,0.4729703323337215
68,0.9035282262846265,822,6,0.017778168593763122,0.9242961504677016,0.5924168557231874,0.6729521018268123,0.8396582120572286,1,2.2616431943777178,3.977561139331453,0.00406743400851895
67,0.9019558758181159,824,6,0.021804639213051567,0.9177665246751634,0.6077035915671669,0.6706781081618336,0.8416597102579243,1,2.2745150387993194,0.029579222932288318,0.0028507205522242283
69,0.9003071633028197,810,7,0.020003916011668902,0.9383328623634444,0.34233734353095957,0.6185915898290374,0.9499749480656547,1,2.3383457806798145,0.003685927706431253,0.005932634805805674
71,0.9009876613502638,707,7,0.030422940690578076,0.6699214185949753,0.4823047651692073,0.612796891985596,0.7600739391593286,2,2.4310241208416694,0.19496861859822662,0.06272984710318102
70,0.9003903763561377,798,7,0.03117019858303415,0.39652722815867475,0.4899257624147679,0.6242866109333738,0.9494347736776543,2,2.325226681289338,2.269204388865735,0.37506500183498287
74,0.9038707255794878,836,7,0.034377485201278264,0.9575463572087053,0.46704452987243517,0.6139299378929091,0.94480500908364,2,2.414098033970103,0.00013990048915925204,3.434984492804264
73,0.8988297360111617,790,7,0.030590511422141146,0.40947718033968095,0.47193040732657277,0.6188872672623918,0.7665593908652695,1,2.3678183463854134,0.00015910349397385378,0.09337165999249462
72,0.902019778592537,694,7,0.018922639722867646,0.9341905137333708,0.49074096666309736,0.6240738624686283,0.7614280532687722,2,2.325333017741209,0.18581337997986072,0.0777201891055665
76,0.9002727768458365,867,7,0.027512827060325717,0.9591731550208676,0.47861047698266185,0.6192454688940178,0.7655175526590194,1,2.410299331762183,0.00012444489862017843,0.03975275587633546
75,0.9023779551361523,829,7,0.018098626752649442,0.6889271366566363,0.47727388987660485,0.6267959021587866,0.9252729125095709,2,3.5905874021194952,0.1987709761206893,0.0004982557144226922
77,0.9002170245957478,686,4,0.03095072263512168,0.3490671520480685,0.4693369832062825,0.6087749161698898,0.9472766454842814,2,3.7411212499527458,0.00010276922931630383,0.032007843747157795
82,0.9028947597553915,687,4,0.0392241086218304,0.9536043149792377,0.45310776564065536,0.7105229688995469,0.9180801617139748,3,3.6821063914260086,0.00033385954981123993,1.4095327680659104
79,0.8999960147806068,855,4,0.030589103083365897,0.3171588649351289,0.4885607762102203,0.6175203226501862,0.9203472725428271,2,3.5717060033656463,0.0004555466423684154,0.03480865164271647
78,0.8996791055733991,872,7,0.027214836528867054,0.3551965068513482,0.4753585365254966,0.6028811369377666,0.7629444911993346,2,2.4250864317828076,0.00011031892867554568,0.0004252695733733479
81,0.90407057682533,685,4,0.015160054599358094,0.9660252344573611,0.4477860823603754,0.8393613413425811,0.9118392365104775,3,3.6375461516299707,0.0004395535579163037,1.4108914294092416
85,0.9017448166225908,771,4,0.037054236591955454,0.981136958787587,0.45730877197689157,0.7820232266449934,0.9264617682848242,3,3.70907513178744,0.0004537630330949232,0.0006138147531021505
84,0.902765699841166,861,4,0.045345032710668726,0.9921826939497055,0.4372979016929624,0.7840144555519856,0.914359894627698,3,2.72167077928136,0.09278138757278938,1.3861062894982372
86,0.9021672521588069,872,4,0.04706124698664365,0.9910090985665775,0.4455752301726637,0.779851991430045,0.9134642671128286,3,2.734168844800242,0.0007580075420886791,1.4019742328354152
80,0.9024016773208793,870,4,0.014571585918391939,0.3569090077428841,0.452772399198861,0.7836220439393083,0.7714176801044,2,2.697196207313876,0.00017839278253806086,4.155711976086433
83,0.9037889092724003,849,4,0.01482365207398683,0.9866717841683652,0.4477574813933375,0.8396620460475914,0.9253924383824934,3,3.8004586847293007,0.0009483080871416183,3.5916267820709478
90,0.9026514844035731,342,4,0.047920727680774496,0.8764807212104055,0.4357870177612685,0.7925126697884486,0.8070952002772107,3,2.022327744861714,0.0007131973656485933,3.559337560379329
92,0.9020596111739456,264,4,0.014507254972272525,0.9947231156394832,0.4354508557710896,0.8298753479737978,0.8046469616304964,3,2.7119157315104996,0.09508752407458597,3.3006589313360046
97,0.8888371344939975,245,5,0.2719709625111822,0.5950445523638166,0.3682494344438175,0.5504967054458709,0.9657788737103226,3,2.5389864111602196,0.9140228105071289,0.1749166265376931
91,0.9031636412345637,326,8,0.014714317697118381,0.9986839641206311,0.3607198618338176,0.8415861634765534,0.7028424779411662,3,2.777090086515119,0.902893671196898,1.4503122125936263
89,0.9031123546347042,257,8,0.014912818158228616,0.8715898831193251,0.43837621787933156,0.7830185241620661,0.7979136230182037,3,2.7206026768892295,1.151605005228949,0.01437029834669168
93,0.9031196298170945,317,4,0.015945578065439076,0.8817983296860951,0.361314967077319,0.8429906527523657,0.7921800440203643,3,1.991617470361457,1.0011282755661832,6.305778852860853
94,0.8998146350361544,281,8,0.014444843121935011,0.8749429238942271,0.4149676476085088,0.8409172290357166,0.6955685171489392,3,2.0517464831895964,5.85769583840532,3.3975765617475417
95,0.9027645237738463,331,5,0.011014897718655901,0.8815231359600351,0.361497973646613,0.8303900406450124,0.9700204398782126,3,4.053638402618685,0.9942863468984482,0.15618120631557325
88,0.9031850133371249,865,8,0.014231456619318385,0.9916494042486839,0.4388935023738282,0.5394191225975526,0.6951202160220374,3,2.7441226863744603,0.0007164528291574777,5.305887108044249
87,0.9028926921543942,854,8,0.01505952335096018,0.7797510000254714,0.44563247101829967,0.7839600578121215,0.909617587716304,3,2.6915586958903477,0.0004621695773435127,1.3593651160816116
96,0.9000686074237876,357,8,0.008608465129454537,0.8679313668203893,0.4129175871138544,0.5542975172202699,0.9700614777777262,3,3.969072815323021,0.9424637741978807,6.17482399848315
99,0.9001918790586523,673,8,0.008533605448790641,0.8495444580360664,0.4066140521973583,0.9422798102364218,0.6830582247877993,3,3.026451270069691,5.810879607584202,7.084965738888843
101,0.9014022517245946,671,10,0.011051816618247418,0.7753064230558662,0.41676556138575965,0.851629235046315,0.8973410224664428,3,3.8752129398680215,5.474843503979018,2.778155629088283
106,0.9038487099884733,730,3,0.010782811592680757,0.9699103316132999,0.39823841518974656,0.935342546161352,0.9653755295874905,5,3.8663031056119554,1.5520140805043638,2.768213101584064
104,0.9036474531783663,730,3,0.008613095201862963,0.8401286453901072,0.40438961639696314,0.9387367118846701,0.9984832527840396,9,3.0530411119252356,0.012294805289016365,5.841280171437926
98,0.9040008970221438,732,8,0.01079543976236243,0.7689512565250193,0.40113985219288606,0.9376456408768176,0.8631159872907253,3,3.269124361049191,1.1516335860130993,6.5743786456433435
103,0.9047458476788564,779,10,0.011144403992426607,0.8431479873761553,0.4044069920673147,0.7033706760054437,0.9022094608921545,5,4.007154318110098,0.00024226928614827064,0.6201221487752403
102,0.9044923171051499,954,5,0.010696262166054507,0.7831378513564901,0.40878063545009313,0.7030020598016147,0.860992622197941,2,3.8814059358432345,1.6626794417693944,6.205315632783643
107,0.9048201678205723,731,3,0.011244910863286677,0.9622330637274091,0.4012354253079403,0.9584371697182561,0.8646370852693063,2,3.214643721096219,0.3936164478362417,0.6760514264200694
100,0.9046509270125827,774,8,0.011235013682857604,0.7771712067742245,0.40819615442061175,0.9630107742867807,0.9642264963922934,3,3.261802262632159,1.5410295902827644,5.906769146680539
105,0.9047106799896423,728,10,0.00848612517689877,0.7710629323165079,0.4023198746041187,0.7038456969040647,0.8653240026712131,2,3.292886386573495,1.5906308308072792,0.6487606928081947
109,0.9046737752236831,730,3,0.010774634774632821,0.9614252376219377,0.5324166257240823,0.7035178227080201,0.9967024544324381,2,3.039389270376016,1.7863709033362065,0.6322161400380292
108,0.9040504066360512,953,10,0.011181955557209172,0.946015918597975,0.4019614813626614,0.7041193218177509,0.8603656973359575,5,3.28033089416622,1.736234257221356,0.6639271874115021
112,0.9037939154833371,629,3,0.009867723915233334,0.9707013971524295,0.8177087952425662,0.7171592144615183,0.8668676982897141,2,3.338768220591731,1.7427763207142244,0.575530928301956
111,0.9032337259831713,775,3,0.006961281255585031,0.969959744768137,0.5354715229986772,0.9897734406429087,0.9352914574093876,5,3.3054606783895064,1.698702451663444,0.6206096159862381
110,0.9030620838571956,774,3,0.011516054375272517,0.9650472329373496,0.8483267499395636,0.9920664951588034,0.8667659984355657,5,3.3103181249758755,2.0655304712481057,1.7824220422652466
113,0.904088939773677,778,9,0.01068437536779484,0.9673253684980746,0.5317490252603858,0.9742284233349197,0.8992952944124856,5,3.3531398236911434,1.6807172971766517,2.0244641686933216
116,0.9038952745309505,944,10,0.009968690875556687,0.7507093173807697,0.30767294811450785,0.9766326884636605,0.8915216794281039,2,4.1542892998658125,1.637712968438304,0.5778111388087884
114,0.9027401828063656,767,9,0.011808609162455862,0.7922211329477125,0.5700039724331271,0.7047923253716596,0.85979502293652,2,3.293076740710898,0.00022234083604420643,0.6362850052020174
117,0.904539267436629,951,10,0.006743970619241339,0.7476098884923387,0.5286589356503156,0.991259211895628,0.863315302794393,8,3.4609639194088815,2.1012210070865667,0.6333888184211329
115,0.9036396930801052,942,9,0.011643682997096507,0.7500234435909261,0.8230623173538851,0.997089227043415,0.8600343191850499,7,3.27127256953468,0.25178044079490064,0.5923025322667541
121,0.9028229555661074,770,10,0.009749162229670214,0.79884313741367,0.5649767106960281,0.7343964249755623,0.900142025218503,2,4.382805884959584,4.1001887973555045,0.22973022244380348
122,0.9036513885302551,932,9,0.009659853454333019,0.7988015420772395,0.5580977884355737,0.6430460958496382,0.8979025723895252,2,3.4745781630427457,4.033529690408902,0.217001251129958
124,0.9033558076395071,423,9,0.0076088307543949844,0.789233762494539,0.5492510376178127,0.6524290852966541,0.9827094152823056,7,3.480032239811243,0.41566496197279884,1.0768168469801143
125,0.9005008838102958,518,10,0.007403767138231234,0.7072902895225371,0.5783038517125835,0.6389033544744276,0.8188205640798133,7,3.4671025877363473,4.094621076737154,1.078344488190472
118,0.9044183214823006,777,10,0.006768808396580463,0.7943532897971805,0.5442703779720609,0.9754982883173533,0.863771042090069,7,3.339654671929197,1.9256210311433748,0.6482699652921844
123,0.9035693856761309,891,9,0.009411906577882953,0.7883824637969646,0.5547426740302992,0.9640744598468586,0.8933935347241697,7,4.41540247760364,2.3860551150905236,1.0450258990113115
126,0.9000063292961737,412,10,0.007566221853471576,0.8039011999610054,0.5599327603847762,0.6433552710955772,0.8216915009600116,7,3.5116969152169837,4.012417411269658,0.2976462307576478
119,0.9043549083368372,780,10,0.006954208882907114,0.709176892347867,0.534380375893267,0.980713228028,0.8919179953456321,2,3.4917468616960403,2.1950366502310876,0.21771288378601342
120,0.904318331358499,783,10,0.006841137724831148,0.7491419308658008,0.5715612837783244,0.9960734308475186,0.8946967248437268,2,4.133581947103057,2.1912195512754966,1.0409792650234975
127,0.9007024760097775,904,10,0.005130982855650327,0.7128712337409487,0.5602028169895581,0.6387247304546351,0.32472851840383643,8,3.5324554316566994,2.432844782916485,0.22008480610768566
129,0.9034428192131466,895,10,0.007455331677758874,0.7115502730072432,0.37349783718337903,0.649952879780495,0.8146469101272777,7,3.0613195614699715,0.44416356608187424,0.3856083071335804
131,0.9033434502286426,969,10,0.005026782167382131,0.9012148330791144,0.6401618659418774,0.967436262711356,0.3348125809806693,8,3.1134535995544934,2.3446299728492668,0.32030895767020706
130,0.9039401714767118,977,10,0.005013957093792186,0.7082983438668929,0.6319416569128077,0.6955217599057073,0.9434753715905407,10,3.094572078133253,2.3760942266271297,0.3268711425179693
128,0.9042264282843864,892,10,0.005183969452393491,0.7107162580589628,0.6967850738254758,0.6431827086863361,0.9900053276357048,9,3.129762141800561,0.4142614015867229,1.0502952347130377
134,0.9028193467095413,709,10,0.005387520742778974,0.8310962216533566,0.6886399790617681,0.696642096311869,0.9409267886133835,9,3.075550253043689,2.8095818351044617,0.3218294004243554
135,0.9042631263586614,997,10,0.006406038756701993,0.6597341435651677,0.5107588457081089,0.6917200601815366,0.9451985560622004,8,3.109103630680403,2.5059275847749887,0.3530828219074058
132,0.9038605850680638,899,10,0.006622896935246222,0.8351014329017223,0.6345932899029237,0.7319558262536792,0.9984328525661993,8,3.1034043864666208,2.563736827990832,0.3222624841208438
137,0.9034057736627086,815,10,0.006346722510844425,0.6568037524243264,0.5266406912203708,0.959247998959891,0.995153090000457,8,3.133943220116259,2.9185270652514332,0.33903286977096747
136,0.90378747238891,966,10,0.005245038939790032,0.7172369878520835,0.627684683124908,0.958651305273218,0.9420666646109935,8,3.1600730856773125,2.661647908091302,0.11254081247857323
138,0.903293811308904,971,10,0.006559592629113371,0.6706112715893754,0.5019188396665615,0.7002215418450392,0.9372068097321797,9,2.904735069474351,2.812679298053668,0.7880950907609414
133,0.9040985160829391,994,10,0.00682255682675723,0.8334646527082212,0.7016755293981063,0.6961375515688472,0.9421810512870539,1,2.934957817671914,2.575185433503624,0.3472716495086787
139,0.9044619757693797,713,10,0.006596756461592384,0.6511162403954442,0.5007697900474481,0.6929727350667868,0.9415568871346681,8,2.950706217038297,1.2884611924363634,0.445593756951919
144,0.9040863405060238,818,10,0.008231650219473146,0.762282455617355,0.5009585306254007,0.9627724919508481,0.5534735442643866,6,4.17120193395605,1.3853378466657682,0.8013928256490023
140,0.9047717881313393,813,10,0.006866843500033666,0.6675515502035028,0.5017177289126028,0.9206910338917524,0.8803565315322074,9,2.9379305042001884,1.3631254528734489,0.42471300120927724
141,0.9027242956731912,710,10,0.006117219612494163,0.7641182956501761,0.5041864948953462,0.9638583288540407,0.8755592237937254,8,2.859944531664153,2.8962955514350264,0.12301573605910546
145,0.9039133918666344,744,10,0.008744440484932354,0.7358486784275309,0.4988492795738139,0.9828225797163149,0.5694056129304101,6,2.9013032540169235,1.3231809520532536,0.8423561878045284
142,0.9036309579048935,745,10,0.006554310484164195,0.6636283806407215,0.580388891184709,0.9181783313465182,0.8762458557968771,2,4.0849040618089045,3.254100664797757,0.11061672310581701
148,0.903951510328594,796,3,0.008100479469658105,0.7623164812531318,0.5797088150163098,0.9201878687990925,0.530246647218834,2,3.9941185532581343,1.3012890173542415,0.45616177390144086
147,0.904312338591963,744,10,0.008440045975445449,0.7689488517349992,0.5450344423903987,0.9009329069331028,0.8800907691677108,6,4.295081497733368,1.289681324394006,0.044559647664703946
146,0.904175714704723,748,10,0.008369266166335416,0.6876755486721609,0.49796404611386735,0.912176820295134,0.8764528194890151,6,2.8640837242483244,1.3114702978190635,0.8526716817268765
149,0.9043399578157402,746,3,0.0083822186966779,0.7637563609641806,0.49816091014261,0.9173778208365907,0.9604568186109331,6,2.833580174742733,1.2133010937964022,0.4786016689039171
155,0.8948920096385372,182,9,0.005764719085392908,0.6404327487090639,0.5204562635975306,0.7480640762108482,0.9631671459733945,10,4.284400140588149,0.7702161072307843,0.4809104294090968
153,0.9044987418793505,758,3,0.013460674958759442,0.6414871977612869,0.5251308906402311,0.9187625065949897,0.9747317729537529,9,2.993783030996776,0.8259537529255176,0.4479136095988826
154,0.9042277750110772,796,3,0.008105973976058998,0.6909670295744437,0.5382700870605002,0.9213261748936964,0.9586881960479104,9,3.2280672117528484,0.7576409980800157,0.046636521118112256
143,0.9036839647056046,742,10,0.006854338997558426,0.7690110101619974,0.6214407390064351,0.9641827677026172,0.8809104800495655,2,2.8897138928045702,1.3178232111376962,0.10993243433115699
159,0.8988921440527469,718,10,0.08994093030695467,0.6136721947253945,0.42178065223791716,0.7325188882232265,0.8528703398459222,9,3.238062303500252,0.3099852518222836,0.16569497436322753
157,0.9047828938374346,728,3,0.013632388754339283,0.6403036974989449,0.5367852619674263,0.7200486930989496,0.9618382498448186,9,4.556517100841082,0.008170783989270519,0.18635332316764547
158,0.9039238879120803,452,9,0.013249242165036397,0.628664904924753,0.5186411645453287,0.7203359660336004,0.8563829204767476,10,2.992877089098956,0.769270528546005,0.4473370132722872
150,0.9049679159621868,744,10,0.008730562906792964,0.687840992771348,0.57639403159986,0.9216289031262601,0.8809877637111667,2,3.9758718130328043,0.7779204937040933,0.044172434287685594
156,0.9041152204046397,722,9,0.013017479331907228,0.6319382701226179,0.5220768736205225,0.7211393011844238,0.9609791494513166,10,2.9882723150982815,0.8478513805005677,0.45784592496782506
151,0.903811006658285,742,10,0.005952619722853637,0.7331891920812074,0.5430206503975843,0.9184585912237334,0.8732496865645747,6,2.9627267137463265,1.3244137311399016,0.49059973420641834
152,0.9044047638305395,758,10,0.008908371457258266,0.6827161224861826,0.534517708042865,0.9469567636078486,0.9602885081485196,2,3.2235049623021808,1.2757349521416772,0.5020874561787662
160,0.9048760563701055,725,3,0.013012905818537531,0.6151243591460703,0.5331109085856163,0.718381792232404,0.9798847050560637,9,2.968701181366475,0.3075772422532736,0.1844337955167858
162,0.9042476668241344,757,3,0.013041125861858759,0.608378159966329,0.5225061664549231,0.720019248401665,0.9810682738355788,9,2.9957803907082776,0.3164091898848367,0.7022386562657152
161,0.9039838501654203,763,3,0.01306738678320959,0.6139453903751857,0.46390637748151586,0.9401377435986578,0.9769719135195414,9,3.406967689074067,0.2961640978587081,0.6910956628607816
163,0.9038401784642438,762,3,0.013723067411720698,0.6457309202544703,0.45966071085669,0.9376443759275831,0.9835092786500961,9,3.4070998388621265,0.7976667000251029,0.6532820391782027
164,0.9040767540104115,727,3,0.013623087123950328,0.6038216425380167,0.4658321486168249,0.7199402603700447,0.9798168048107698,9,3.0073300105401,0.0020356710047471287,0.5453309004002663
165,0.9042319854704337,722,3,0.016912912952500372,0.5723406728054498,0.3913667562369038,0.7666775791135703,0.9776975265994592,9,4.539595542561096,0.00968991034307212,0.6424991458538067
167,0.9040229362546123,675,3,0.016644455765226707,0.5836381891079836,0.3494026334767469,0.6779281273573334,0.9275962130500932,9,3.8041167915294367,0.60896380892803,0.026097118508882033
168,0.9043015521595243,670,3,0.024579051706501567,0.6065316813458516,0.46329113472449523,0.6826642442110978,0.9780907824484648,9,3.838028493094976,0.005712259668052739,0.05756922344248898
166,0.9047639265496661,697,3,0.01367874654286511,0.5973065831547587,0.46381319716309344,0.7664886641589931,0.9727673153802187,9,4.892786981757811,0.001820620577991037,0.06475762400610778
169,0.9050404293190762,669,3,0.016768648783122057,0.5918384307013411,0.38415505890162155,0.6781763286461077,0.9768405921807232,9,4.650895425230514,0.0021212707566893338,0.02905607086081945
170,0.9046710572926543,697,3,0.013328695085820316,0.6015222108825755,0.45843514096578475,0.6788458701397275,0.9759949017378042,9,2.5589638800113916,0.30741178368896066,0.07287930189858327
173,0.9045431424305933,682,3,0.024002127144573646,0.5923917629509626,0.3859889902348655,0.6798844953159922,0.915696778256167,9,4.959319202380401,0.5088755145217044,0.06241230893126318
171,0.9043440135794081,700,3,0.010261906325109633,0.5997172406942566,0.3883403052826533,0.7694724418870819,0.9746938827805965,9,2.606126888496865,0.5709875435754899,0.054965708271405955
174,0.9032929989855003,671,3,0.010348132449155148,0.6477334282175534,0.383983586970571,0.6790576967527839,0.9166782246673272,9,4.791373237994794,0.4542325966712122,0.06249299114885951
172,0.9035553409800083,679,3,0.017664772473041775,0.6432170120430537,0.9857309859604291,0.7658185564470499,0.9152171526523863,9,4.642121731016843,0.0019132817021365086,0.06980896769758366
175,0.9032616260917485,694,3,0.01041453490220992,0.5948031969966544,0.34905228376976843,0.6812133407772463,0.9162778502344435,9,4.83380781437732,0.6738235336701535,0.05485341204055254
176,0.9042775601885575,698,3,0.012094806591925668,0.6409748735698393,0.42474260153401583,0.6661925456735012,0.9057969800869929,1,4.59327518540103,0.5357520752606453,0.08944282631994928
177,0.9037559514890132,697,3,0.010512393230241305,0.6480983026300678,0.3817776687795498,0.7618553591023713,0.9089863987284196,1,4.655281603752897,0.4523596229883397,0.07374029616940694
179,0.9047205006952869,697,3,0.011860341887764515,0.5589570941203478,0.42669668946378514,0.7561256684816846,0.9122992804890946,9,4.601872507953376,0.001440545807051093,0.0307770059197477
180,0.9040431786605515,642,3,0.011824162656872965,0.5632740226781399,0.4882851628198984,0.6622289195020075,0.916776872295244,9,4.749599238267493,0.4861697437384298,0.017131942694486292
181,0.9047693637800395,689,3,0.011994035803589981,0.5545951696715113,0.37708605271086,0.7677902128281321,0.9113562104092819,9,4.951460854446389,0.0012150357433440343,0.021686084067776463
182,0.904331889694418,689,3,0.011899568162775952,0.5463510962431303,0.4260011298904902,0.6607844615602433,0.910014953402024,9,4.97480012151357,0.4840735206077811,0.028513239861908363
178,0.9049130375336893,697,3,0.010458890960194618,0.5905227533759163,0.9634524517747577,0.6611324076521415,0.9136170853167073,9,4.888416275044935,0.0012869374698157151,0.07811143435914865
183,0.9041495393580495,652,3,0.012037378525292998,0.538805417837691,0.42814978699340334,0.6616360852137332,0.9057316968920246,9,4.920170489218225,0.0013238452198533663,0.019001720603629754
184,0.9041091569417936,628,3,0.011925660223901376,0.5459796902437506,0.4234988327280522,0.8638006619727888,0.9046194744049129,9,4.923971073193815,0.0014637857148737687,0.03364739051582275
185,0.9039025963881088,650,3,0.021811125372770836,0.5888148210611318,0.4279659786686077,0.6617356884597475,0.9987756533567174,10,4.661060383236936,0.000985317281374947,0.022675927560712107
186,0.9038248071100602,708,3,0.011766356487017817,0.5452595090878568,0.42514084205732144,0.7433567739979848,0.9316420400686767,9,4.985858794208252,0.015740809387593816,0.018909779892537656
187,0.9038269308119998,640,3,0.012125442896958714,0.5601934892085904,0.4849132965945893,0.7075534493888535,0.9570651011965007,10,4.892438591758831,0.0026635760931942587,0.03655268421041091
188,0.9050135080883267,643,3,0.011912209583744948,0.561177201039567,0.48078316801654614,0.8011498330085968,0.9993452062837729,10,4.611960208352697,0.0010862878172742255,0.016711600276230733
189,0.9038096381145607,638,3,0.015971592048702413,0.5828865185868566,0.43419200193319635,0.8040675777501868,0.9529422104542979,10,4.9730762806862945,0.00275497815974054,0.028723544284895784
191,0.9042295158126816,611,3,0.021922456633442996,0.5604525846629514,0.37349901199459773,0.7433025471802948,0.9562751819187978,10,4.9117848575098835,0.001256728267144083,0.036898266462059924
190,0.9035164596060443,658,3,0.022126143955327665,0.5421480168513317,0.43078188178257704,0.8049603805762116,0.95298660252103,10,4.88536468153731,0.00115652184057862,0.0268597889500934
193,0.9041637778228747,620,3,0.02223256972151757,0.5539785790444824,0.9305525869151295,0.80066361000934,0.9314043798467767,10,4.8829528440072,0.0009450169479331223,0.03890291501499121
192,0.9035530661552045,631,3,0.016049098418140294,0.5594856944193766,0.892163083253272,0.7470509507644295,0.9995227354041653,10,4.833919668841319,0.000945102791279773,0.03537509576842442
196,0.9029161599084237,606,3,0.00936021631457462,0.5753567099968605,0.3651186522733239,0.8057309291933135,0.9560941355300758,10,4.515484688775855,0.00156947045950567,0.012775496505129026
197,0.9033093245878299,609,3,0.00930209098588833,0.5709600729453803,0.32058194074758983,0.7367008529603969,0.9337734192735915,9,4.83201731552882,0.001100093709995914,0.04400831808400483
199,0.9031983158740309,604,3,0.009223276272178867,0.5228876273805069,0.40071746595743135,0.7370982875544536,0.9311648012802024,10,4.559019054950034,0.0010546420818085182,0.014055497028788196
194,0.9045902270850608,654,3,0.009529698891480412,0.5818488139189633,0.9229462013756062,0.8032446099565541,0.9312571352124118,10,4.872153691425681,0.0013135898632249076,0.022351435371805072
195,0.9046008500037767,715,3,0.009172548563995924,0.5670206717806893,0.7357511466042806,0.7400143421944232,0.9333305470546666,10,4.857143807906131,0.0027212880270637654,0.010699509438659863
200,0.9040139090200221,660,3,0.009329442829000653,0.5751260825229553,0.3992473117819009,0.7979789894407232,0.9285832663367587,9,4.509162823433271,0.000823928096494537,0.012152402806872369
201,0.9034879581987468,559,3,0.009349506383554161,0.5188411315874402,0.7512423882287451,0.7546345628489346,0.9271750160803267,9,4.524923413628492,0.0016265304862372436,0.012276248277038678
198,0.904827140833252,660,3,0.009372482540175435,0.5784787634294796,0.9393195105906095,0.8077123338815813,0.9502952290311447,10,4.761009228796821,0.001086976984751342,0.09352351811663537
204,0.9039558487254655,726,3,0.009463958541517556,0.5202733128060749,0.4007660613851628,0.7323478301608993,0.8939559238701452,9,4.731820680225085,0.0041326247940457125,0.011126989609321033
202,0.904196100251685,664,3,0.00922516894181865,0.5164677275537494,0.7491204215297783,0.5914182793108246,0.9992891369563138,9,4.507646207059722,0.00171357609617238,0.011607321264040429
203,0.9035226852903147,727,3,0.009437207591305423,0.575408822104794,0.40290668115737005,0.7060605080724861,0.8941339296265021,9,4.5771678557787965,0.0017396932671188748,0.04783398481485686
205,0.9048422037842869,727,3,0.011343894239710103,0.5146684279231185,0.7495816335536654,0.7106496649564477,0.883209124213579,9,4.733206584938569,0.0037398863014365268,0.011048289213375974
206,0.9044322734370278,727,3,0.01129329370260485,0.6186077459014534,0.4777009681449059,0.7174620830117375,0.8913169215875852,9,4.684256439310846,0.0005922614821779233,0.14943287974474265
209,0.9043917631592743,544,3,0.011264887448221657,0.5260795496551012,0.7731480773945231,0.7706274672910916,0.9871731411617649,10,4.718079494886226,0.0021991089140184295,0.021219057487350926
208,0.9048578262243963,560,3,0.011178531829725426,0.6197217524711812,0.9593111524512228,0.7585681737560119,0.988206710516051,10,4.7488412097965025,0.0022384471979115137,0.0908788117921137
207,0.9051850136107881,667,3,0.011072312195261612,0.6218241946619032,0.9590698694489802,0.7739323866823337,0.9705849360217486,9,4.7239231598637925,0.0015507147690958457,0.09720572811902008
210,0.904666655269104,729,3,0.011007826672165984,0.611861638495382,0.924078118107775,0.7722775011764357,0.8879908647223643,9,4.738501914356819,0.0033794928649171357,0.008322473511450185
215,0.9041216188007546,706,3,0.011154598186189413,0.622491591232023,0.4490085143092362,0.8199876463466496,0.9694784473998159,10,4.657020880520527,0.000605335565178741,0.09275488152691112
211,0.9049551501090944,732,3,0.01091584961905722,0.6110354957648075,0.9788852264853698,0.8228733405864771,0.9859129558952427,10,4.726613311464839,0.0005959474045244187,0.10376580513843112
212,0.9042267263491501,705,3,0.01110800095019357,0.6159683577491402,0.9394492529476597,0.8190750641567393,0.9863328170231475,10,4.422971132320435,0.0005549670766026633,0.009280985142297906
213,0.904276978350327,703,3,0.010858827108459817,0.6218414570898444,0.9493552638025698,0.7780740692250722,0.965760388416052,10,4.702610727367477,0.0022284458150312403,0.08806551847949175
214,0.9048845336178133,704,3,0.010983616161614668,0.6242851490456385,0.9417580363643752,0.8198490996701063,0.9724787574331508,10,4.725985825455195,0.003491185864110755,0.00740122036869312
218,0.9050565987053666,453,3,0.014107457228916003,0.6134448214590562,0.9623978174417781,0.7771421348442662,0.9679140785270458,9,4.760543258874784,0.0037719804315221807,0.007780292366925836
216,0.9043319635834642,714,3,0.011178702969433333,0.6241927842148433,0.9740149280548009,0.7767319957152945,0.9716511108878425,10,4.760175997557508,0.00252552510443146,0.08243579820444003
217,0.9020306661283003,711,3,0.014018273530620372,0.4625737687573225,0.9825007679889505,0.7808332268990879,0.970533314921214,10,4.4213481882653065,0.0029073338343429318,0.005916091171847723
223,0.8910848678638841,513,3,0.17410865777238999,0.5954001013935949,0.9871121405464827,0.7779496813394199,0.9742162325879388,9,4.760762888796946,0.00218642069068718,0.12991880378631124
219,0.9042449217548448,701,3,0.013908193372396429,0.6280489566790315,0.9674054730505108,0.8230568245078158,0.9752211485147968,9,4.354659364683663,0.0031685251607139024,0.08383495207084393
220,0.90412539930492,705,3,0.01291772457495321,0.6096904699820217,0.9565324486251887,0.7747396298962186,0.9739765040690387,9,4.7164779617283665,0.004552473011156942,0.006814284067434989
221,0.903696216376075,685,3,0.01385978303699157,0.6263948865417766,0.9785974564613892,0.7797951282557934,0.9787635888414127,9,4.754177628494884,0.005074114293312063,0.007084499515196709
222,0.9040404413450507,682,3,0.013605185511023823,0.603911116770301,0.9752454021403107,0.7852480162669809,0.9767244857908467,10,4.37555529660721,0.00036260806040420014,0.09180973511164645
228,0.90324525138209,384,3,0.014160062362638287,0.5946117302151356,0.9653557216446863,0.8326629715679501,0.9490173223179166,9,4.770514030027942,0.004054825887961785,0.1380468372661199
225,0.9042631106230312,465,3,0.01280410933392111,0.6685812648230515,0.9644339384887967,0.7862027635507233,0.9876544959265419,10,4.772147657963366,0.005111440863563293,0.007658695741336971
227,0.9043511799046848,516,3,0.014111285453563608,0.5931836860875309,0.9742158385234025,0.7874440470620115,0.9514862136121851,10,4.7901220997677205,0.005435807646586263,0.007262566088599547
226,0.9047292308533412,458,3,0.014359866559692135,0.6668073682542587,0.9608735217531007,0.7927948328788983,0.9515274588076768,10,4.781834088943318,0.0065198921104072695,0.12397776047031733
224,0.9035190702763278,689,3,0.01272568421294679,0.5970139972810965,0.9677636024245536,0.786211641963813,0.9700690094732312,9,4.4208452279452,0.0020690234649502724,0.11435121522786289
229,0.9047642295555699,466,3,0.01258114488794836,0.6704364594481581,0.9644736332894545,0.8214457028393444,0.8499110163826616,9,4.330844001306078,0.004787268523987135,0.00630797583329747
230,0.9035306060136319,467,3,0.010207047367993802,0.6582200970403792,0.9561831323398972,0.7587510629044903,0.9973432772130555,9,4.627075922909809,0.0014150332575895896,0.15476918699615147
231,0.9038303756227206,449,3,0.012335870990854973,0.6787253007804122,0.9344778700655584,0.8563629325482774,0.9917596330729942,10,4.6254392717812935,0.00023206054401493293,0.005422045235090242
234,0.9032196246539834,734,3,0.01018914513046,0.6669392158798965,0.9107523905175661,0.856654118522526,0.20090478553547753,10,4.8207739897661765,0.007027419810582328,0.17830632856675074
233,0.9038260260512709,473,3,0.01022177059998476,0.6709413153991862,0.9628252292258448,0.7598003144812704,0.9964419338549347,10,4.625100858206343,0.0015287301467982594,0.16995477995316524
238,0.9033741345555413,448,3,0.010227857407505366,0.6581920984021039,0.9422563305091745,0.7632055927389423,0.9479872901532708,10,4.610301415926159,0.008639984304269198,0.1692689054581845
237,0.9046275240254948,452,3,0.015386606522830746,0.6648816735062372,0.9953743181218682,0.7549281916227913,0.9499234127546361,10,4.612290000249481,0.008036063174998023,0.016580280536181987
232,0.9044678374816814,679,3,0.012491503336840721,0.6700356895245654,0.8986525733342999,0.7532277162148691,0.9987327438124224,10,4.639328189720349,0.0015761423819237745,0.1059626688961936
236,0.9043352666214778,452,3,0.009998296623064942,0.661222057644908,0.9955565768114336,0.7551576603858925,0.9977361212354463,2,4.570560128000315,0.007565745693436315,0.17431347779329578
239,0.9039343701223348,451,3,0.015051673586442374,0.662912771916262,0.9102767435312764,0.855639710850135,0.9495610727250513,10,4.631687847696054,0.007936191877645268,0.004732689559663492
240,0.9041496620503547,441,3,0.015481850729123345,0.677876596502635,0.9400488054146325,0.8160839079801768,0.8421536655635186,10,4.622502668377365,0.006960214560035357,0.00551570609798063
241,0.9043008822929858,442,3,0.01521223585974322,0.6644916391415664,0.896822122338276,0.7593718753734123,0.877503094577673,10,4.587682638281143,0.003829177384180798,0.004573827284301066
242,0.903157860708992,436,3,0.01563360975058383,0.6343635258642455,0.9082730092017748,0.8166848310202831,0.8481883183698318,9,4.565032909251785,0.006377253635356151,0.1217027622601385
243,0.9030612551140038,429,3,0.015231086876532818,0.493285321826262,0.9498757579438951,0.8134104248923688,0.8449702503583646,9,4.5593917895780915,0.00927231930539266,0.09995920768287887
244,0.904277710779299,439,3,0.01591488521882089,0.853799905511791,0.9907171930938051,0.8147402558649611,0.8469885347020082,9,4.991162853519234,0.003471871513252532,0.0044870991274791805
245,0.9029882230134397,414,3,0.012377941201377633,0.6330011499579992,0.9532546209122922,0.8158761463780686,0.843111420428634,9,4.498133169536593,0.003931555223201725,0.0044539010166478364
248,0.9041171597640512,417,3,0.019271937268108597,0.6907130403366278,0.9496178536300537,0.8208353658963873,0.8501271931024057,9,4.988521958271753,0.0032042297234734893,0.003847815063026526
235,0.9049241804123606,737,3,0.0101644914345514,0.6593902537912915,0.9946971810408567,0.8617467235292644,0.9977067225645552,2,4.595655450932723,0.00024059846427599985,0.102583260657994
246,0.905269704977154,409,4,0.0151178864606845,0.6958134508418565,0.9465759916361846,0.8189426757220911,0.8809837939242757,9,4.2466372320315,0.0032299152363675803,0.0669948907476227
249,0.9046144890703202,487,3,0.01927029325000518,0.6263624713689615,0.8700014098076246,0.8108190370194581,0.8779587469061118,9,4.978874502506866,0.003546636661541891,0.050862671142303986
247,0.9045230988105141,490,4,0.015042319302739103,0.6418637562909286,0.9540785552009953,0.8220198140366815,0.856284691386773,9,4.483069541639783,0.0038254158623977534,0.058247093952153745
250,0.9045051880144792,499,3,0.012011777323518559,0.4898470421683414,0.9474511781607551,0.8009470750307564,0.8501775349109636,9,4.89620018850837,0.0012962166594682448,0.0675235369977025
251,0.9046703077597364,498,3,0.011914813367305106,0.6953367638743988,0.8589264537625212,0.8960577979556416,0.8607327111691843,9,4.25170344032541,0.0008156816308070641,0.06808981472351885
252,0.9046632092421026,496,3,0.01209101800791151,0.6977813560727477,0.9507691407801181,0.7960175081039949,0.8644701409368326,9,4.985619826463701,0.0033921732620847316,0.06353626192886841
253,0.9047475796624262,493,3,0.012054831507439844,0.6984811899553304,0.8704633997827131,0.7100616710106271,0.8714661821796411,2,4.829970769437694,0.0007554595656155164,0.04989562836897404
254,0.9050757032047899,483,3,0.01161839459980417,0.5849516214935093,0.9507117195963551,0.7063272596869999,0.8670656529027119,2,4.849234320660543,0.0007864087456694687,0.05603641241601775
257,0.9037893573197652,387,4,0.01177392979785623,0.6993530929140997,0.9263899698238309,0.7944786462964881,0.8819834717947388,9,4.8251239222404765,0.0002559139173295603,0.050117921751928945
258,0.9050369561538142,356,4,0.011867821894750318,0.6997049432969508,0.9593813756124857,0.836206117825843,0.8896215823860224,8,4.303369300014863,0.00026600007369862756,0.07115585680426557
259,0.9038289656494385,396,4,0.011882892084569182,0.6963785460244128,0.9957755737356561,0.8399717937864916,0.9586830518810843,9,4.177193417093729,0.0019891876340579207,0.07813650602445822
255,0.9039202101836257,740,4,0.012059897041702227,0.25838341518260244,0.878969724502342,0.7144597281770579,0.8849725813711984,2,4.844534421676408,0.000853017083569487,0.0517399232495512
262,0.9042174602674576,358,4,0.017020890342560824,0.5869288383492289,0.9776996706743513,0.8416691911167032,0.9617923844613385,9,4.222717597095833,0.00018283421834469548,0.10229406830409069
261,0.9040240927094073,377,4,0.012882999369468634,0.587708415139665,0.9337246239711241,0.8397576000607345,0.9587467373750209,9,4.019310899868758,0.00026449089985978666,0.12890679862206408
256,0.9045830749750632,504,4,0.011817505230988347,0.6404583526436631,0.9985128162139137,0.8920777918804953,0.8707086239276656,2,4.826720507669269,0.00029631007387256875,0.06635678335112585
260,0.9043645422673927,666,4,0.01169842276436393,0.5856823158459079,0.9313565987598975,0.8951189083001417,0.95895733472155,8,4.248665423426576,0.00025114306342749427,0.07541465893273695
263,0.9053683801495952,361,4,0.011092529445969952,0.6863540043738966,0.9975468843488227,0.8398615281527966,0.8821809570869369,2,4.838410626321356,0.0002337611111995946,0.08583082033196276
264,0.9051969276113574,403,4,0.01088904240080915,0.5879652070719471,0.8248984708778052,0.7181998447921726,0.8732193059289172,2,4.05015268856586,0.00016434651350196667,0.08369224762968032
269,0.9040982342859284,536,5,0.010875498366673399,0.6133335331114609,0.9153414147332105,0.42613120642598046,0.8722842088110481,8,4.715585048535586,0.0011292372480265539,0.07153725151545848
266,0.9048964917085544,477,4,0.010669370641078955,0.5877120035378978,0.8265074502298216,0.8383542887813968,0.8865991390691007,2,4.273567170387577,0.0007276896414098495,0.07850378927166511
268,0.903901370073197,351,5,0.01061011994215114,0.7238744781150714,0.930232764750076,0.8374282595789609,0.8225844650744905,8,4.3044739354010835,0.0006946327190429798,0.08063227185405623
265,0.9048707922316644,537,4,0.010592121682449995,0.5843460899652976,0.8035871955735626,0.840390089795616,0.8902775561273786,2,4.212618359507332,0.0005740055572029883,0.08517743269668479
267,0.9048611741127568,523,4,0.010670448865691268,0.6091571003703139,0.7815098115199333,0.8456960260233838,0.8269008860711228,2,4.2949204862789445,0.0005386552202716838,0.04454602095846201
274,0.9054761213255708,340,4,0.0105870067310153,0.430005741589216,0.9718187975048006,0.8426133109526831,0.8879852253888714,2,4.292870764026789,0.00015301445058955743,0.08727957711874512
270,0.9050806704187302,663,5,0.010637029770688587,0.6136267380465884,0.8393346745051774,0.8654596493255896,0.8706984069719754,2,4.720582891445526,0.0007375119978578143,0.009246968985726956
272,0.904752234140218,670,3,0.010550772348494608,0.6135669492515775,0.9743480545656589,0.8790758104176722,0.8920297362796692,2,1.1074541932498263,0.04569484479598822,0.08320784465057982
273,0.9048279044294143,299,5,0.010604757869377531,0.6100999432240877,0.9777923425620048,0.8777036030198524,0.8934498231309308,2,4.332156286783,0.00019161912993165622,0.08796019561291553
277,0.9051095730465896,362,4,0.010523574225058742,0.571694055819846,0.8138345005598255,0.8693260801344043,0.8961553134295323,2,4.153909601973055,0.00019264053568107645,0.10058163527369252
275,0.9046341044075941,404,4,0.010385971671231448,0.6118831835900264,0.7796833322171293,0.8667098709978533,0.895701973801985,2,4.265741741653882,0.00019673591270191488,0.00905435519385046
271,0.9056012491566614,555,5,0.010595122737490588,0.6072322753434292,0.9740881911770888,0.8747501190867836,0.8885336330362498,2,4.7177594235576095,0.0006095047199325683,0.04479108563985295
276,0.9042410431880563,356,4,0.010257551066222698,0.569946534572307,0.7998129325042527,0.8769368891001089,0.8971508760775314,2,1.236147925655572,0.00016837235955881506,0.09444928325155741
278,0.9053064184829891,575,4,0.01000103787498651,0.610969312108265,0.8521300943741399,0.8712623244864689,0.8970779482010661,2,4.437703448125026,0.0001404893752841589,0.08882561474496634
279,0.9050501545086853,564,4,0.009982417256443435,0.6163548476670591,0.7939261932411688,0.8540904344827098,0.8973908942421555,2,4.20037859768027,0.00016206137382781893,0.09377367035410981
281,0.9042449922231018,317,4,0.010155150729804682,0.6089281227501239,0.8248655726888804,0.876480659194656,0.8990668682778165,2,4.107089853611958,0.00015496286508833078,0.09509063593236287
280,0.9041791256876394,362,4,0.009784403791572487,0.3822051851561198,0.8080066258220212,0.8699608805188144,0.894344002424371,2,4.079133595793972,0.0001451926764083953,0.1065897235722693
283,0.903205809758876,298,4,0.010069588248356598,0.6107977486900782,0.8105583396401586,0.872503839263794,0.8989084348654516,2,4.095207062722071,0.00012497635568842717,0.04206336766219291
285,0.9033941488328511,319,4,0.009852306269724932,0.3839414941470357,0.8179604818724125,0.8509406462479526,0.8854658200456662,2,4.094849102115177,0.0003974734637667416,0.11166806904430697
284,0.9048558465756896,366,4,0.01006176399002648,0.5762049024207576,0.8065059755153458,0.8616434082582222,0.8990424201880596,2,4.104198090202251,0.0001350217785940442,0.04369641779293308
286,0.9039352482009082,338,4,0.010069375248775334,0.5761758317400645,0.815379488757084,0.8633951117628448,0.9018201101723555,2,4.129898704420363,0.00012538320662976602,0.0424968734814061
282,0.9049127279142601,561,4,0.010203249950138625,0.6100991309160179,0.8246471882449778,0.8642868927305383,0.8889467428629887,2,4.141254003228482,0.00015450545794575048,0.009146564464370113
287,0.9039242169159818,564,4,0.009715818513729968,0.436872033816607,0.8381041588007436,0.862007568048045,0.8308438205857321,2,4.016750171028149,0.00038169465936848816,0.03884355413233158
288,0.9039468732588183,328,4,0.009848624647271749,0.6035937471421586,0.8315525408380369,0.8636306251310982,0.8914682245461591,2,4.08750756877374,0.00013896141641407518,0.041560825540075716
289,0.9032488960429162,320,4,0.008838821582055054,0.596396331158618,0.8240818076953988,0.852766377863736,0.9052802960119539,2,4.045442592749707,0.00012788279748196293,0.11417500146640308
290,0.9054777468845885,560,4,0.00866290393545699,0.44350353853059266,0.8046480615849466,0.8591585139347523,0.8862339385200971,2,4.142998189019539,0.00011427094734530492,0.11584274978886698
293,0.9039878234500602,554,4,0.008847577990910065,0.3223831003958899,0.8386868045936626,0.8526552323630245,0.8723490981157884,2,3.9372853512563712,0.00010503490546568882,0.057485959373578026
292,0.9045704202596102,567,4,0.00874534246796509,0.587827843705016,0.8484446967374094,0.8353450493066947,0.8752143459843161,2,3.954102658844795,0.0001250130010280534,0.060146036702767934
291,0.9046475561669258,570,4,0.008732676836137505,0.5831736241621451,0.8481959908237585,0.8666396333532617,0.8797656220731757,2,3.9378454771695606,0.00011861156438556395,0.056324707838558155
294,0.9045485014389207,568,4,0.008900013141930575,0.4229441447730893,0.8398370780393897,0.8529188158448898,0.8719418715145212,2,4.18228187640101,0.0004381888769488934,0.06181058202022039
295,0.90494784634411,560,4,0.009061565735464702,0.5908177606706075,0.8442588266492544,0.8519516092094129,0.9179032317931901,2,3.944572768788686,0.0003391600651052276,0.061785356173932264
296,0.9043517255585677,579,5,0.008742176371254812,0.29735420016866393,0.8383274006722639,0.8549534328793049,0.8718960141753672,2,3.9373218043201796,0.0003205962271244238,0.06165784339400376
297,0.9035255006758263,561,5,0.008689198670745366,0.3057006404353076,0.8322108248118524,0.8517807321629326,0.872115062953148,2,4.442298958876748,0.00011284302785295634,0.05971670538341324
298,0.9051244721798314,583,5,0.008658227826239765,0.6308673197712497,0.845666070200392,0.8482044549223053,0.876980526761678,2,4.42204455559724,0.00020838129635375287,0.0591301065311514
299,0.9048642506945267,585,5,0.008639823585364678,0.6291955315511172,0.8487583366927182,0.8279703691781436,0.869622341239167,1,3.928231210718538,0.00020277036238578754,0.05733568848433014
300,0.9057665343160799,566,5,0.008806349521605588,0.4262822673933726,0.8429232083952013,0.8320381879094961,0.8718152113218404,1,3.90073225472555,0.00010791325911741257,0.06091798400810439
303,0.9029635895304755,372,5,0.008203040048994713,0.4074357521079706,0.7957033765989183,0.8907853285666848,0.9182939027872333,1,1.6042041732553287,0.00020062332519964988,0.015153586748143093
301,0.9040404239370347,575,5,0.008013533957799267,0.42836780793162627,0.8507855058056342,0.8339551298262039,0.8738780171918707,2,1.51965544725432,0.0002083710867216812,0.0020188218923321427
304,0.9038409961088751,378,5,0.008212413576138429,0.6307623585216404,0.9869538240871704,0.8993230965088511,0.9212417410022521,1,4.319131275658477,0.00020908862490411436,0.009201573253507593
307,0.9048989955741982,530,4,0.008238478760495424,0.42475856925769,0.7856654268906952,0.8884938773157346,0.915719704226127,1,4.375895419211488,0.00020380119893809891,0.14093249110504183
302,0.9040351987955904,586,5,0.008603551655829208,0.6298097154221641,0.7898875975949066,0.8864349604611712,0.9201084096863024,2,0.6170541656846005,0.00020316307484649648,0.009366120134303688
306,0.9047802410534352,594,4,0.00844280739727173,0.5607606665348043,0.7922519826791405,0.8950509307688298,0.920729977140669,1,4.478179207999387,0.00020727689994233086,0.13268353985582787
305,0.9045699994265238,547,5,0.007774421373698406,0.4660402808015256,0.7908641453746021,0.8863435817458799,0.9191341484408403,1,4.388867541609588,0.000191709882125762,0.0723629232847015
309,0.9057266016955925,590,4,0.009700659570368496,0.4067415234256594,0.7956419651298523,0.8866541494224501,0.9181317269621708,2,4.353366873348738,0.000172205091175621,0.14187956989295483
308,0.9043668957703478,589,4,0.00794796333286056,0.6258013009762707,0.8611770823714728,0.8946363827497347,0.9181382587360345,2,0.35944924734749195,0.00018447314470247574,0.07785401105148755
317,0.8978710339218224,545,4,0.009686845298794603,0.39671612593587624,0.2613079141996194,0.2554858043296466,0.8566707907849177,2,4.173985816364214,0.00016298057467942,0.032956985652118374
313,0.904594787833229,595,4,0.00780525381653228,0.4144147615228916,0.8604727453222064,0.8825552189714505,0.9126018313539157,2,3.707072954493837,0.00016464828030093945,0.13213074463800187
310,0.9051561229936995,544,5,0.007692188810078953,0.47449187465422427,0.7912077744182272,0.8925176303407915,0.9222397298195248,1,4.381582475337893,0.00016457251469779573,0.13259657155643131
316,0.9042326763178126,547,4,0.009494758416898693,0.4078809179409456,0.8592688525137563,0.8767815949002328,0.8607819780303673,2,4.219498832022074,0.0002902211972668765,0.07551466874938008
314,0.9052118284169852,546,4,0.009436247544287842,0.6473535416710539,0.8680783584730247,0.8714335552564951,0.9101600607932633,2,4.42812182951352,0.00016474446233503992,0.07325012795574741
311,0.9045483579938278,552,5,0.0076778308494765924,0.43921047764758403,0.7889251135546291,0.8887012212321284,0.9182414644339983,1,4.420762743693002,0.00016048236201005373,0.13792789852875598
319,0.904461577133414,603,4,0.0093850228494633,0.4406155898642171,0.8824052164761064,0.24247680491078272,0.8597590724767668,2,3.8617369520106735,0.00029190497480916026,0.10816781544355367
315,0.9045129317689694,550,4,0.0097085101606563,0.44263578824699257,0.8678670484108258,0.8768443244529927,0.9072786335251463,2,3.842027271771833,0.0002912456626630187,0.07303996012363059
312,0.9048050856371006,592,4,0.007937783961749503,0.43958469759061836,0.9959105893982111,0.8827414010828292,0.9165285015351048,1,4.393022320281064,0.00016514883980483705,0.07543052736594028
318,0.9053066338406724,603,4,0.0073920483390586865,0.42463141755954886,0.8688403340617308,0.8700082725508949,0.8578332798688595,2,4.42670721356076,0.00030210377354106396,0.10809231183501732
320,0.9046875553027582,598,4,0.008975499450519672,0.4388651322338253,0.8810133252306904,0.8796804269020803,0.8578982703460154,2,3.8400655006808657,0.00030127314320489934,0.1084929080300934
323,0.9044794718897485,610,5,0.007539683668475715,0.4370540077619886,0.769304665563432,0.34289724768265184,0.8593306743087967,2,4.420414430564414,0.00026364958026530783,0.10897783291854365
328,0.9033966603002487,391,5,0.007393354937726263,0.4483646088168963,0.7699490769121073,0.9129635327001038,0.8829419069982305,2,4.495617905760704,0.0003271306733011352,0.11163195853660866
324,0.9044847194563663,526,4,0.007494383037337754,0.44840533923640086,0.882888888561803,0.9063689110601723,0.9023540630096205,1,4.44512158282988,0.0002941150097471824,0.108344158110589
326,0.9045852918745038,530,4,0.009223178482184532,0.4636608879723969,0.9964982280900022,0.9038808863328367,0.9037085654229601,2,4.478207660644266,0.00026771347291060433,0.10993696038822945
325,0.9050995087807554,607,4,0.007336962280486226,0.4594807022961621,0.7290039055641365,0.9070177729196038,0.8571924475409616,1,3.8031062738109087,0.0003119783036583898,0.10442502476332427
321,0.9045788568379356,620,5,0.007402479923647142,0.4096862400882739,0.7595573554236745,0.8350881759381298,0.8591696651010673,1,3.8115918974141665,0.00030147100308355814,0.10664562672677587
329,0.9050615088301364,621,4,0.007314158244723481,0.459097597439059,0.7649776143059592,0.8333451063841328,0.8375108312080815,2,4.462475176679901,0.00032707753224418893,0.10247760502872456
327,0.9051381175558306,619,5,0.007485225787065613,0.4510345988713217,0.808389458275323,0.9025798679206927,0.9353224466675351,1,4.434697214994102,0.00010643136139141603,0.23532099498460182
322,0.9046710021799397,609,5,0.0074121386360872215,0.45436407629040554,0.8869166475402799,0.9099833032365954,0.9339261611702264,1,4.43535577799229,0.0002592292658972629,0.11230542987577766
331,0.9051756417887011,619,4,0.007554093875430653,0.4604681575430624,0.8111860395612713,0.9047183988539731,0.8826940099537517,2,4.48935079580453,0.00046180413007260987,0.14620734856651982
330,0.9064793672592103,626,4,0.007388500866208721,0.47285913026377435,0.7674197029513173,0.9066309742307871,0.8851282960415159,2,4.337194698739575,0.00010209667436843352,0.19805295169099382
334,0.9030751904969078,623,4,0.007172691894289867,0.4009813767845591,0.8150706776803852,0.8433273963522238,0.41169267438582063,2,4.2719204061310645,0.00010256986522808024,0.25205869517797735
332,0.9052669396871995,626,4,0.00735893713268724,0.39783428370087714,0.8067992571138218,0.8325055702650361,0.8308797628410982,1,4.30707833976456,0.00010398455175390096,0.04886306250724357
333,0.9039940917041515,574,4,0.007055984003026007,0.40033397957012873,0.8059939699952118,0.8315940499975341,0.8369818780888648,2,4.302044654819329,0.00010153357865624627,0.14155591690425853
335,0.9052564964739418,627,4,0.007091028316702619,0.47805922554584585,0.8026113871985198,0.9213524415044092,0.8355791813561307,1,4.2649535822718745,0.00010374910502721434,0.1907392376904082
337,0.9049107863503396,622,4,0.0071161822615797175,0.4727831077083487,0.715381406802341,0.8467327635910034,0.8340390611541121,1,4.313166855671439,0.000141725249950936,0.2133518582345201
336,0.9053725480391307,624,4,0.00703294067731569,0.4704142814566215,0.8299650304818502,0.8305032173896623,0.8839536183734609,1,4.267753671033043,0.00010917683420521771,0.14405491443716234
338,0.9047982465673217,626,5,0.007010461560294441,0.4775962749014464,0.8069698393373866,0.8453911068031734,0.831199159109783,1,4.249563786853464,0.00010036878316715238,0.21050036884650952
339,0.9053554729799009,637,5,0.0074592918567573325,0.46498543010650883,0.7986004647076804,0.8675101355475487,0.835438846220505,1,4.289639542864486,0.00010645884192301959,0.1590778580168232
341,0.9044693991099502,626,5,0.0070391337492511355,0.4800156095116647,0.7175288528336671,0.905249301148203,0.8320269363941333,1,4.326523795202318,0.00010168482165748174,0.1945119721805206
340,0.904987635747557,630,5,0.007086516142278117,0.4836459304555194,0.8102312193627923,0.869373268467502,0.8224812359205068,1,4.288022674845323,0.0001021721824066749,0.2018754114952709
342,0.9052218423592098,635,5,0.006249083352439981,0.4812836755444087,0.8043581541516897,0.9283461263884227,0.8381452801630308,1,4.355671576033723,0.0001287394166714932,0.22406975204617416
343,0.9057716157843789,634,5,0.006081797926239392,0.47759943011096284,0.749302670102713,0.9265669846995341,0.8154202728023067,1,4.335766982500129,0.00010128594314859639,0.2065377587328132
344,0.904785120087032,621,5,0.006119015334621315,0.4750687511583637,0.7332398768040812,0.9307434979905594,0.8087119602723158,1,4.345589152381489,0.0001060346136475886,0.1989592730145165
347,0.9052922215237393,635,4,0.006639054632587065,0.4790109829492095,0.77421129710601,0.9305601988689205,0.7937157098636602,1,4.363997112062537,0.00010530026812350971,0.25190001889035746
345,0.9047735080281208,633,5,0.005871570740701398,0.48127737417902416,0.7409067432026464,0.9304247433225157,0.7979359742510759,1,4.332854399974788,0.00010842424594666952,0.2059717551755988
346,0.9046763982088079,631,5,0.005991280254180001,0.4824092679485477,0.7691343738497379,0.936214466691194,0.7819224728102372,1,4.345544791850492,0.00011613322645250712,0.25869904623381434
348,0.9057283418890565,638,4,0.006334245749230417,0.4936399682439403,0.7405010347318851,0.9298504560542401,0.8370154071785062,1,4.404149356495304,0.0001261965858028174,0.2411549367789739
349,0.9041748022662226,647,5,0.0064165134903761785,0.4927957226691744,0.722976479764702,0.9095693051614946,0.8142423637084168,1,4.361842182029687,0.00010403544560329535,0.2352319322958526
351,0.9053643760018352,606,5,0.006375472379742687,0.45918917078388327,0.8271373636767321,0.9057634325764878,0.8101805381656458,1,4.210272172598192,0.00013089904872867812,0.17085990587389618
350,0.9042292327233726,600,5,0.006115034147040285,0.48409059677632016,0.8212729293130693,0.9295190694325778,0.8118221048405737,1,4.225039230969163,0.00013331293177997605,0.2262883445179573
353,0.9051335227518056,604,5,0.005706154589919866,0.4977490112517214,0.7386853988926274,0.925137573190734,0.7998266203068106,1,4.381456912452411,0.0001456236424685042,0.22327796869269667
354,0.9044531747629805,646,5,0.006005686559723122,0.5057681951802457,0.7381362350012921,0.9298684073807134,0.7855221581964971,1,4.19128126257255,0.0001354854080930154,0.26927082644463396
352,0.9050184106113427,643,5,0.0060987517647850984,0.4691379931779352,0.82161778928246,0.9335703981386275,0.823216131294664,1,4.322664654089057,0.00013179775033260495,0.26085922988872706
355,0.9046170252434174,643,5,0.005803363575496401,0.49899453365701246,0.7809732048646194,0.9434272383229487,0.7795294409522798,1,4.186555779914596,0.00013178542747569746,0.228492722784375
357,0.9038628884754616,644,5,0.006608152203530924,0.4246724864802014,0.7865576021709916,0.9232225640851388,0.8072980571893186,1,4.233489176134858,0.0001381042846306029,0.26155045011220523
356,0.9056946209656125,646,5,0.006384819903898249,0.5025045242521968,0.7718326916925872,0.947672941675059,0.8404620909492073,1,4.189714742274959,0.0001361391084145963,0.16862313260578893
358,0.9047038749757201,646,5,0.00588180455134598,0.5042731705760505,0.7521811843463376,0.9186991508183469,0.7938593316310975,1,4.20698959821356,0.0001396784746978851,0.28850680503836373
360,0.904271981033442,638,4,0.006412877859880912,0.5041928213422077,0.7842224609502066,0.9292801779970451,0.7906636711803374,1,4.208314414956572,0.0001358796888507864,0.2646969671841946
359,0.904421408326438,647,5,0.005631935384020272,0.5095681077231025,0.7518892546438775,0.951159908315252,0.788754123223353,1,4.222920496268475,0.00013630031920809437,0.2570075004632378
363,0.9046659255007456,640,4,0.006683951571186341,0.3678947480806048,0.7793793108821637,0.9167499062253581,0.796591766775977,1,4.192271543812461,0.00013482666143267892,0.2966408559229115
362,0.9056266656962773,638,4,0.006520728252940158,0.5024685878360577,0.7761437318227414,0.91587783460821,0.8078046978208391,1,4.156362542837578,0.0001378786337194751,0.2644488370367259
361,0.9045989901587088,645,4,0.00572506161358994,0.5021996825960974,0.7779636709543678,0.9459330450167359,0.7722047620214811,1,4.208627510820536,0.0001375771926325528,0.3012942094283861
364,0.9046345182470672,641,4,0.006553931298410921,0.45485973218216713,0.7837013308213641,0.9165225281726327,0.7909434139776256,1,4.187047465025256,0.00013691627025416556,0.16450418218868784
365,0.9051705592561567,613,4,0.006551240259483761,0.45350895505965144,0.757418591047653,0.9147917843189249,0.8125783249303452,1,4.495403826682701,0.00014725054897979538,0.16340525836819297
366,0.9041593746590614,612,4,0.006376310912275976,0.4587936436389817,0.7558642787643014,0.90684459027469,0.7981901775906222,1,4.444489728984494,0.00015195411372249902,0.15627123014240388
368,0.904490832710699,587,4,0.0065852140460585604,0.46199565905167356,0.7808025603948395,0.9542243994815824,0.8166221877965029,1,4.070625144441892,0.0001579474973345279,0.18834013648008918
367,0.9040245958694868,609,4,0.005284240784309611,0.46231978150871483,0.7672461771648739,0.9148055167109519,0.7891078815306202,1,4.050231875142748,0.0001353720656328413,0.16472709905202648
370,0.9039368144662469,587,4,0.0067922831578520765,0.3590877712271624,0.7673946591402379,0.8990428681691985,0.8170532782278725,1,4.035639817712874,0.00016776592973964167,0.16320075161692202
369,0.9045039252111493,584,4,0.005339365954250524,0.4584884112371841,0.7567632585771498,0.949989951800105,0.8200726520165722,1,4.476267539070712,0.0001631602880703087,0.14984808522734644
371,0.9034430067484113,591,4,0.005473460606321778,0.45815134060019574,0.766672171585417,0.942681121508134,0.8190315169460747,1,4.085789795628905,0.0001682155344201879,0.16676791659480253
372,0.9033264743722988,594,4,0.005260037770600282,0.4598757899982177,0.7686586330089411,0.9453539941850599,0.8178954842071794,1,4.069518854149823,0.0001662318287391779,0.16497075501347774
373,0.9040475843329437,612,4,0.005331911929421525,0.4571014137188548,0.7714321028248814,0.9535679729313336,0.8182291083546366,1,4.05843630305275,0.00016875380365709842,0.15854672993024616
374,0.904618870797188,611,4,0.0067494476200092345,0.4628498971221996,0.7594664515122065,0.9526176938278141,0.8378956252634552,1,4.051500720623123,0.00016725357027007904,0.15606419617928022
377,0.9025131616003919,591,4,0.005336569297231822,0.42398221928070984,0.7657781001166046,0.4617457518101715,0.7581203110155562,1,4.502999209345601,0.00010787931235180554,0.1545334367617031
375,0.9035328109783191,591,4,0.005470833666378497,0.41803771359387226,0.8000420669167139,0.952981474187367,0.8271653190912294,1,4.048817991252435,0.00016778643112497,0.19175456909294347
383,0.895977234708829,196,4,0.006226666550543527,0.4224481510702667,0.8015638595778999,0.3845010960737472,0.8324712027754175,1,4.2987256955442446,0.00011319983891937793,0.38439743601079907
376,0.9044329950715093,592,4,0.006665165364543404,0.4241558235484523,0.8001096391263067,0.9593113971004867,0.8223101660249704,1,4.040973052459533,0.00010112116189810244,0.16283270921841103
378,0.9047515562158204,664,4,0.006843499084180385,0.42216822701662926,0.7974236780588201,0.951433867199066,0.8384580898419767,1,4.030149208467878,0.00010240262452762876,0.15511520020075784
379,0.9039804334811885,594,4,0.0054791158064461136,0.4248415052758266,0.8330341380692351,0.9527628893160757,0.8400559945136946,1,4.118305947413453,0.00010520211162313904,0.14552507823330174
380,0.9050729806366913,663,4,0.006810100310605497,0.42449141516987365,0.8069555360366493,0.9463647697449221,0.842692444117323,1,4.099764307520599,0.00010168935721601268,0.35210664696965105
382,0.9050344498556093,659,4,0.006871778528492686,0.41644222766959127,0.8017079135780374,0.8839840210870166,0.7416395140157397,1,4.304715688959525,0.00010232547478303211,0.3775154246272472
381,0.9040294086157912,667,4,0.006935169914128424,0.4226816295671015,0.7999552416081743,0.8880342417351353,0.7560516597482292,1,4.30697784271631,0.00010280662503289521,0.3821171367387915
384,0.904796698546192,632,4,0.007875654766270206,0.42187849789361404,0.7999975929313649,0.8889032358067337,0.844138622473235,1,4.29151702219328,0.0001029048596826726,0.19721752087683492
385,0.9046112362798988,660,4,0.006350248681650391,0.4243179739195465,0.8020639927953146,0.8890722462342528,0.8454411751092673,1,4.306746035234026,0.0001023170132107847,0.3638895216338671
386,0.9045772339395317,656,4,0.008013912767954066,0.39070365273143787,0.7979161023897154,0.8965547362195815,0.8460379661283143,1,4.324324286826306,0.00010822356465881021,0.3436574555403099
387,0.9051130888576899,660,4,0.007918825144257215,0.3845672667717382,0.8245005281971198,0.8890518504061917,0.8475927907559689,1,4.3400774726397,0.00010027185524117079,0.1390113868559114
388,0.9052802148577918,669,4,0.007814672478601703,0.5312121603781869,0.8243846987665164,0.8822278481059338,0.8452475745670887,1,4.367166587006137,0.00012119345329809885,0.1261404693885419
390,0.9051288086762647,658,4,0.007876482935706109,0.3843303911261937,0.8230742731385297,0.8907043852044325,0.8457186896711708,1,4.351885756731381,0.00022372745184454145,0.3401329825284779
389,0.9047564740943788,659,4,0.0077053672132410345,0.48694857723650287,0.8320318516243747,0.8798379222791706,0.8509483889902051,1,4.374686180095664,0.00022263319457045238,0.3634807658505038
392,0.9051960632159407,631,4,0.007789905619239272,0.38481479598850066,0.8273834631275615,0.8872413194075407,0.8557049001823371,1,4.365498608602275,0.00022693178240333931,0.2052902695911221
393,0.904543666571513,632,4,0.007829091780669921,0.3810506226225819,0.8246670721945337,0.8952939077077858,0.8542705465622309,1,4.391257189356109,0.00021814866116498757,0.20033232487464772
391,0.9056258819554678,628,4,0.007880288544633438,0.4752197550975687,0.8159681135932368,0.8934247214926864,0.8507560229126315,1,4.365107332569971,0.0002233197150126551,0.13010206197677548
395,0.9053081849785212,633,4,0.007896474632697258,0.38476777418499125,0.8282706615501174,0.9031049348302131,0.8616652982340708,1,4.393673669368594,0.00022199133612523078,0.1333505009597681
397,0.9052727157277365,627,4,0.0073744441720246506,0.4866388923112476,0.8321454595106703,0.868484298268922,0.8592898883708305,1,4.503713285416857,0.0002298186193478158,0.13021462126226643
394,0.9051890990973132,628,6,0.006160516423765475,0.39023475030340515,0.8595964200443857,0.9009100946490772,0.8535954062892532,1,4.418929958333477,0.0002318670374853986,0.13131120805940077
396,0.9048932836164448,629,6,0.007482687751790881,0.535389656567088,0.8276769337128208,0.8725528262252957,0.8489705823209296,1,4.518942285074339,0.00022191113534339893,0.21129503938932928
400,0.9042619027803809,624,6,0.006337532005427091,0.5383063247712926,0.6852889235334505,0.9759653684264007,0.8031568402850988,4,4.145285443407877,0.00012884743944389219,0.125744934262715
402,0.9045752850779276,633,4,0.007261768028331061,0.4849809140788338,0.859501869089678,0.8701635359167702,0.8307877598096575,1,4.165087466770148,0.0001304505429038727,0.22010675827493356
398,0.904886245760806,634,6,0.006252895645082197,0.5247913903777053,0.8566699043849076,0.8685246486444447,0.8551085868467497,1,4.410903034664993,0.0002190125500267674,0.12656233667893552
401,0.9053962531959293,629,4,0.007205333984705507,0.4928621395603902,0.8529906892001661,0.8683558004374478,0.8610203098129634,1,4.166340220034624,0.00020591532170670393,0.20258067252764483
407,0.9041581816398307,614,4,0.007209921489625063,0.5211406354062879,0.848545460778381,0.9152257950259672,0.28094432576691075,1,4.1965701274396485,0.00012858740140580057,0.1346602929711718
399,0.9050493641923587,633,6,0.0060682399876569836,0.5293404267831096,0.8313507112724179,0.8680535381666811,0.805073211858332,1,4.150219804231916,0.0002229272662844243,0.20568757721278974
406,0.9052641761456481,617,4,0.007070288835239448,0.5293116523209139,0.8478158196945558,0.8674508492742171,0.8291627493418656,1,4.543994170367229,0.00014113398471763254,0.12980061423217107
403,0.9047646788192154,624,6,0.006183873924824447,0.5301409513133567,0.8532461407375075,0.9743511296337015,0.8351495683758526,1,4.190374098876878,0.00012987691571015727,0.20590075463159663
404,0.904490494432658,625,6,0.0060842246556203705,0.48674343048541163,0.8560409048413896,0.8641621008711462,0.8297683344922228,1,4.5353559988327,0.00012735009764098694,0.12756893845828762
411,0.9050881427906123,616,4,0.007122916294189278,0.49321253710397717,0.8370935564708739,0.8590145763157575,0.6145751735745242,1,4.239733807110201,0.00018535966346163701,0.12479687176212313
405,0.9044259430766086,623,6,0.007244780317240178,0.5197464035794581,0.854948182328857,0.9283120515552712,0.8307552838416941,1,4.500200704993901,0.00012937540065602757,0.12451974069740483
409,0.9057087940553556,606,4,0.007179043590763322,0.49894011958092876,0.837127983707015,0.9207212605131515,0.8070485074489612,1,4.49790497306582,0.00018704639705468087,0.12202872584048131
410,0.9051782393079509,616,4,0.007057370289610047,0.4948403342142728,0.8455300612053507,0.9190011172585586,0.8297348970183727,1,4.518373298172927,0.00012353901706723094,0.1905137642953304
408,0.9051315875733584,612,4,0.007180000973282146,0.489541136085677,0.8440020711248427,0.9264109188675536,0.8637728706690845,1,4.235532416031665,0.0001242397197700637,0.13218168803147126
415,0.9019680149066135,274,4,0.008278099349005894,0.5036076142164139,0.8409846497342334,0.8536409361504398,0.864705159453055,1,4.516584568296551,0.00019032339337010407,0.1317587874739116
412,0.9053104961397078,609,4,0.008070199179522662,0.49264496498942806,0.8373595994090415,0.858452372084987,0.8648321353767349,1,4.543981150797743,0.00017490474899125742,0.1860123177316105
413,0.9041533935992261,611,4,0.008219305208621422,0.49280375493298134,0.8482470630392732,0.8515314071200609,0.866043275058387,1,4.527875132346053,0.00017903960060920962,0.18736352764683245
414,0.9050065018559834,608,4,0.008176046707277859,0.4971998466731291,0.872548474678672,0.8526831168244373,0.8644997786576906,1,4.520892904618143,0.00018096981199488936,0.13545599539900988
421,0.9025963250142578,281,4,0.007498158721644251,0.5019299352603143,0.7389584332751303,0.8518694605627144,0.8076308708102604,1,4.428540965598404,0.00018001387435233345,0.27958066337171406
416,0.9058835034889616,603,4,0.008406111445299722,0.5056757257151671,0.839695133169658,0.857652841564045,0.8665004606721715,1,4.558613765199611,0.00016274276916497946,0.27791047344058706
417,0.9043759718842145,577,4,0.00827543311379275,0.5109896230862306,0.7090153694866745,0.8513799131428514,0.8685515942097325,1,4.4728489784057786,0.00018129415637333277,0.000337062777833282
420,0.9048556058281492,574,4,0.008199208864947882,0.4764990968794792,0.74101046900668,0.8293654183264165,0.7695857263983222,1,4.460141729803013,0.00019318384656702797,0.288557086316124
428,0.8970369357507073,102,4,0.008487264464222821,0.47247047473592213,0.8160494839630622,0.9010523248414244,0.770470108336159,1,4.417325444710117,0.00025501692825284666,0.29984889041732654
418,0.9039586663154859,602,4,0.0082933762223462,0.3428883989507206,0.8740749208947094,0.8513735162536163,0.8692581653344498,1,4.5463189493070475,0.00019512732374544044,0.28272135186347086
419,0.9049016788412301,579,4,0.00828227047279973,0.5052812360843084,0.8787420254295816,0.8499657477412628,0.8681487129295323,1,4.521061404111866,0.00018163281651821885,0.2840027339443152
425,0.8998622798638545,576,4,0.07418489315711496,0.5159943226977554,0.8201994959280087,0.9023201060483578,0.7754707412333548,1,4.422857518222674,0.0003634304323891962,0.2815395972276876
422,0.9047579020838171,575,4,0.008355740227742617,0.49941431992091395,0.818206239133039,0.832480770774832,0.8051289448621481,1,4.265649495468285,0.00019098417429463534,0.09090940963422545
429,0.8983559440149691,217,4,0.0862225209764177,0.5134750984152369,0.8205421223714124,0.904621997681588,0.881711633562654,1,4.641891394313851,0.00036587514504448146,0.2547824537225835
423,0.9056501675061638,582,4,0.00793237522662384,0.5083020907276561,0.8694881069793698,0.8500287707406795,0.8793427521853522,1,4.565852029145105,0.00018399790183951158,0.28954163887198375
424,0.9047296085084666,578,4,0.008377358652997019,0.4712366911589612,0.7397177853457092,0.9051782447560726,0.8790705835374064,1,4.438020508086641,0.00016977157228422176,0.28772042820328
430,0.9045706993199897,574,4,0.00873795972277448,0.5145441248216144,0.8767462770524183,0.308682223683489,0.8883872790240382,1,4.680358444288781,0.0001526689929338067,0.24695873833979828
426,0.9043477416314726,572,4,0.008535910387301324,0.471447753140031,0.8168387183198089,0.9049682806871941,0.7780431109923494,1,4.411218489653633,0.0002411051132325032,0.2815691904992439
427,0.9053187082382456,576,4,0.008619127359807376,0.5094986071851051,0.8753391529738531,0.9025176325194737,0.7781102913853823,1,4.641677713931521,0.0004084422843864592,0.24798272606321145
432,0.9049015217129804,575,4,0.008820133442923369,0.4401260556124233,0.8209856753540851,0.878807149558565,0.8860011461609474,1,4.62746599840621,0.00038418480214862414,0.17305665280954763
433,0.9045419606619582,599,4,0.006533602622227883,0.44287178812867045,0.8330634941138163,0.8763166914810572,0.8094015618026458,1,4.637897815068118,0.000253728874331623,0.16970615011684004
431,0.9039486766228558,565,4,0.006694153010113627,0.5076355161472936,0.8363276065400972,0.8823036515205936,0.8783478367397045,1,4.621739137264498,0.00023963065184360018,0.1768323427595124
434,0.9055631145029663,599,4,0.008961767436056117,0.442471377011556,0.8311799261399229,0.8779965595362353,0.8833831353499078,1,4.667193201321819,0.0003952885728481446,0.16133031862572167
435,0.9045200884400192,647,4,0.006722525243051433,0.4426016473689682,0.8375726518741314,0.8767370767185907,0.8855755194279995,1,4.414850694270015,0.00023346928835567043,0.17060502920115372
436,0.9050953175538361,604,5,0.009071828466744774,0.44313628783398595,0.8998009358735786,0.8795801938716709,0.8773304169192799,1,4.626857868389427,0.00014974412827595807,0.18082586880460225
437,0.9045440469632696,599,5,0.008864022919705955,0.4513212015760375,0.8970307054701239,0.8787561538892696,0.8846915661581021,1,4.636732126408039,0.00015487146262612992,0.1804483091826558
438,0.9050935889910552,597,5,0.006676272822236626,0.4393507842368296,0.862599947923414,0.8793367198411614,0.8823197530156427,1,4.670610914822102,0.00026747905344640365,0.1659471924631236
440,0.9042794442832196,593,5,0.006555193752973035,0.4405977426743858,0.8880606451050895,0.8817265570555418,0.7292651085686503,1,4.641795596452454,0.00046567961279147944,0.17397559961626854
439,0.9053030099326339,598,5,0.00679769312669437,0.4482733728185669,0.8978268837777761,0.8855254273086262,0.8813236734236206,1,4.59734679903196,0.00015825286709841477,0.17250043666968995
444,0.9055193821458765,594,5,0.0093222148677629,0.4427218126929583,0.8944431804242519,0.875133871785768,0.722835387442765,2,4.601401032530949,0.00044917616117536935,0.18400135344556892
443,0.9056798661896739,597,5,0.009293578137798643,0.4436948695093775,0.9038419521162445,0.9351774872926398,0.7527245188480969,2,4.611530160966073,0.00036904509352957967,0.2228766024913264
441,0.904849261328468,596,5,0.0066532002681813,0.4401438464473668,0.8682081078005709,0.8803895185581981,0.7915702959532994,1,4.600938356872813,0.00039129918454387986,0.19306020336297702
442,0.904824866008448,600,5,0.007700590352228808,0.4389763917892545,0.8688845316818528,0.8792727490643866,0.796597814598819,1,4.58774874896562,0.0002891252845608288,0.2319503159345885
449,0.8988116836704722,555,4,0.05461383803622367,0.3655893660448946,0.8623903075719555,0.8597825150187953,0.8537974357935179,2,4.567403589880855,0.0005375569169821021,0.23897829266175688
445,0.9050359088602027,598,5,0.00919737924772112,0.4439308562388038,0.8663851465209089,0.8923585166939312,0.8970543380500975,2,4.6066217979242845,0.0005511728613878141,0.22552521656109684
446,0.9051854202285952,601,5,0.009066844958614529,0.40562458053197215,0.8693177648805491,0.8653625211855701,0.7172037346389618,2,4.613505123372951,0.00039923130758727623,0.2152057019937735
447,0.9052843670877146,553,5,0.009136055970119683,0.4080530580822994,0.869640561281733,0.8630251757798005,0.8974765250960928,2,4.649567351216441,0.0003906790456641249,0.22852888856116774
458,0.900385191047883,149,5,0.009365638763798789,0.4685721849126531,0.9004448838591775,0.5184138969086938,0.7472317050757592,1,4.768804522166937,0.0005164849717205467,0.44469404821406067
448,0.9040480252346601,548,5,0.009361028492148066,0.4042685262823169,0.8722121604359403,0.862863510965689,0.9035889368515128,2,4.586642878871096,0.00046953945299577294,0.23393326892547023
450,0.9047176964083355,553,4,0.009416956544897978,0.47381330018628226,0.863850481273716,0.8612041132806889,0.8554446935923764,2,4.579354788606847,0.0004894501975250942,0.24471661061492164
451,0.9046458084477255,555,5,0.0077925925052174435,0.4061920267724377,0.8748341296833306,0.9076857185949145,0.7334245852138174,2,3.669964709889719,0.00020137441424027965,0.22574650064687135
459,0.8886076874923907,561,5,0.2680583534224242,0.47172823839128153,0.8930572249045979,0.9104973894347312,0.6711786055043942,2,4.722205922938742,0.00045059333858559234,0.31482383828558036
453,0.9050019614805151,562,5,0.009262622345596968,0.46871484933957186,0.882748639607934,0.9354530194230536,0.7173344849707339,2,4.733007389671539,0.00041972589160731237,0.23602056639513577
452,0.9049710884780888,561,5,0.009294179859596552,0.4690575751474336,0.9060567376894453,0.936652477689316,0.7137229466835273,2,4.719296466090195,0.0004680755320472022,0.22668772501018805
454,0.9043721517749121,556,5,0.009180889219410968,0.46639871354943613,0.9012635518345579,0.9200122668867736,0.7495443077183687,2,4.722976264671371,0.0003465212257677464,0.23489341862433108
455,0.9048593372249852,559,5,0.009477313435834585,0.48227900534556367,0.916407299398825,0.9028636192251717,0.7177461567526252,2,4.735705537970369,0.00040704463043364096,0.23123447364119337
457,0.9053875843080099,557,5,0.009325940379070355,0.46966066383077115,0.8923241398299894,0.9345473187417208,0.7503567716801476,3,4.709472807176338,0.000469450795236217,0.3404274219576246
456,0.9046228093418135,556,5,0.009372486097755916,0.4736219063957566,0.87953936497092,0.9355874656464414,0.7278979568811605,2,3.6191479754805886,0.00046874881460311283,0.43117676786036885
469,0.8930326930447116,582,5,0.13820378855085974,0.4938514072341584,0.8444697090535148,0.9659169031905759,0.7387061350939231,3,4.140017817986494,0.0006321037012289049,0.3917191497774645
460,0.9048502681047321,646,5,0.007889139305712363,0.4692597190459231,0.9191726791524489,0.9359756946273443,0.7214646140992145,3,3.9540498757278186,0.0003423151086801074,0.33889208730999293
461,0.9044216876148701,648,5,0.0077696110181968885,0.4884987199264817,0.9118116397517757,0.938139416361179,0.7076710555263801,3,3.961133638357732,0.00029514812513623516,0.3741659279056499
463,0.904231055319847,645,5,0.007973806263167538,0.4887671847573908,0.7790195468534876,0.9398329010401228,0.7359851529813863,3,4.756555429754904,0.00029664266339956034,0.3088796474991836
466,0.9040365123786349,650,5,0.007918950310683332,0.4914982062013116,0.7220046300462686,0.8348534854487349,0.7596074835089296,3,3.929216781846764,0.0003049112631790421,0.15049227719845543
462,0.9043281525962665,583,5,0.008016257958995762,0.4880676928627544,0.9192044362123084,0.9393575690413483,0.6602146538110352,1,3.9639656147480475,0.00033310216302073043,0.33896129168741823
467,0.9052012096792339,641,5,0.008058355454781516,0.49331081889446005,0.7867271313745927,0.8361845224226166,0.7844867732751617,3,3.974745601897832,0.00030448238466129464,0.34932435772328874
468,0.9051069358461852,592,5,0.008403311762533594,0.49590073169345195,0.7859546481043862,0.9340115315302171,0.7579677205276187,3,4.149465783797042,0.0006730124978002478,0.3825243763077992
465,0.9047405760146792,653,5,0.007958281509357767,0.4913166793690955,0.9209418145992354,0.9197389311811032,0.7271200682759777,3,3.929532184383882,0.00029682850730868623,0.33551758714984614
464,0.9045457788708221,644,5,0.007951982626819221,0.4894284501520426,0.7820614859132302,0.9283716040377208,0.76724458296957,1,4.137037357985699,0.0003145387510969508,0.3653311799012134
470,0.9050831583967087,516,5,0.008368845307336179,0.4934341068294772,0.7257714596125001,0.836613733472566,0.7566536219601868,3,4.817652964575649,0.00033211480190459443,0.36974153405323446
477,0.9009856592003661,134,5,0.008650333984537106,0.5194804233472348,0.8882292355031625,0.9183148698581667,0.6871143708998263,4,4.851381256922483,0.0006245801125669743,0.15799419174412271
471,0.9042829531767242,529,5,0.008455668185018054,0.49048626019790315,0.7256087643267916,0.834906436971791,0.7561419889199775,1,4.847557247392965,0.0006389397803454882,0.0008198352181939535
472,0.9048194225446367,529,5,0.008389479463903435,0.5146458819521027,0.7869172510292456,0.828311742594987,0.7503662605038776,3,4.81502073304591,0.000653567503094359,0.3056521724787436
473,0.9044226660365929,537,5,0.008538198990666544,0.5124724415778977,0.7861182105782419,0.8293611056311003,0.7829872027869088,3,4.827001591314687,0.0006022596851560625,0.15984116720564492
474,0.9036519106187013,527,5,0.008627353582769354,0.5112540404011522,0.789770232313403,0.8406409707160777,0.6982774118301587,1,4.865150456272505,0.0005826341539543525,0.3450501639463584
476,0.9052432987652198,610,5,0.00880019635602399,0.5189057495299982,0.7535637078788614,0.8257107612119207,0.6982362745964373,4,4.817678730896083,0.0006565582631587495,0.15336434093940438
479,0.9051391336062343,612,4,0.009981580615160619,0.4541734264720799,0.8494431713129804,0.8250645505160816,0.7536282836267885,1,4.832895620943667,0.000597133759176783,0.5103233992338138
475,0.9043360298375523,584,5,0.008503924170979837,0.5092038888991002,0.7859084894110919,0.8215625806417415,0.7810153473570622,1,4.809905162328012,0.00014185993848220627,0.31999728028233587
481,0.9053879422745931,608,4,0.009910211634309368,0.45107294320856445,0.7542121072354893,0.8165739880605687,0.7757727034628532,4,4.530418973137108,0.00014996852994366593,0.18278311716396056
478,0.9050893509373328,614,5,0.008776550907343056,0.4561556469285096,0.8896570559758336,0.81953106843209,0.7696507511686161,1,4.859059299862248,0.00014736228934441044,0.16446291297880974
480,0.9042144604634004,537,4,0.00579533569689554,0.514169577440574,0.8441083666594604,0.9669258214409722,0.7742188886185499,1,4.262961142035609,0.0006195413511493285,0.15323159465032973
483,0.9037553006268588,615,4,0.0058011031393398705,0.4521300968311511,0.7521894580062823,0.8972116385152851,0.5011210757708433,4,4.24877347437804,0.00014723120558272624,0.18943300833822174
489,0.8948238977730754,583,4,0.10641129817523168,0.45453374646466005,0.7528351088676328,0.9008052167796047,0.7656032599595263,4,4.259728214960079,0.00013131989405129583,0.19550251311114208
485,0.9041482279795134,608,4,0.006062939953381024,0.4551836658048146,0.7490068137492106,0.9704209832315508,0.8098492346571036,4,4.259339279898336,0.0001505076235719518,0.19679992692523945
482,0.9044941853121469,609,4,0.005894545909449141,0.5447762983070801,0.8446080785943255,0.9023340099499345,0.7678749756122413,1,4.268984125795921,0.00014677929592289698,0.5305156138753911
484,0.904218636714865,606,4,0.006059602749256064,0.45288959271378443,0.7580826823749441,0.9781404546333589,0.8148854682901745,1,4.254852831866814,0.00015679481853113903,0.19556065731952238
486,0.9042176805662807,612,4,0.005682685943479342,0.4553301400874532,0.8479769523243801,0.9002026983263187,0.8169235265024208,1,4.256833697590893,0.00015829921988537722,0.18758785739583095
491,0.9044141486516253,579,4,0.009946880718187879,0.43350989935468587,0.7009480051251582,0.9078458195961433,0.8053248949402397,5,4.526224772115456,0.0001264500887686633,0.11221025249073315
487,0.9038829985348684,580,4,0.005826453074888131,0.45406922186847165,0.8452983576080505,0.8936832107697398,0.8131508724435164,1,4.264694530845542,0.00014556334607350807,0.19560249812923958
488,0.9047239847310568,614,4,0.007109072492916254,0.5392316025311146,0.8413902416153222,0.8969200946194623,0.8124777588410994,1,4.274521419409229,0.0001622827518260477,0.19237887149821714
490,0.9040161620277928,597,4,0.005914318746094753,0.4336864079552568,0.7623547386805767,0.9744789545763765,0.8076979115896645,4,4.261288093519393,0.00012722188426126144,0.19745465543950133
493,0.9049143014772824,581,4,0.009805022372810935,0.4400775069098178,0.7123005386950504,0.8025909702410715,0.8086102947209893,4,4.497317501046606,0.00020803608522615934,0.11173934748307238
496,0.902201230021527,339,4,0.009901521494453943,0.4340220314797715,0.7653606069681688,0.8054051510687329,0.7430387823577984,5,4.5179662017727615,0.00020927337726874053,0.0980344143781137
492,0.9051542980406813,586,4,0.0071137343940830934,0.5428881356429268,0.7480450902741597,0.8053192338076776,0.795486396268295,5,4.488846930818702,0.0001305049335165483,0.09528453538250214
494,0.9046802205226188,575,4,0.009962355191756884,0.43445374059822367,0.7666319142763436,0.807034710435103,0.8025180037279454,5,4.5335568968894675,0.00019839376569059662,0.0941655844308269
502,0.9003772523844269,305,4,0.010318434245545113,0.47084414309758166,0.2298482428468469,0.918343103075677,0.8481614086674782,2,4.691803370530787,0.00023436141210158917,0.27479500850743754
500,0.9018532840701177,306,4,0.010090667264210474,0.43575909131013535,0.7747135557111736,0.7993601609899441,0.7375397028870889,5,4.505081689727482,0.00020780337829816583,0.26768430592160913
495,0.9049247450706275,575,4,0.01010537332324747,0.43876604056788165,0.7674089115671878,0.9180081473983943,0.8029599008609111,2,4.511452621193493,0.00020195995844352152,0.09089621934511301
498,0.904544519564299,574,4,0.009969332926596807,0.4380844390420738,0.7715809314731125,0.8011309060077874,0.7376074832920102,5,4.6922144729114645,0.00022087076407304978,0.09098481589967519
497,0.9054281468858291,578,4,0.010139986955882719,0.42779501114113894,0.7668472080365348,0.8094637691664565,0.7402936681684085,2,4.513168962473325,0.0002114253389279115,0.09210186045677414
503,0.9024859703553497,307,4,0.007349516297325128,0.4760064531778035,0.8145098572902648,0.9200975542428907,0.7806874562063497,2,4.655327854431505,0.00024599929924637166,0.2710977277019875
499,0.9038899856107923,573,4,0.009950334446404464,0.43153263756028604,0.7741924845354933,0.8078030573051113,0.7940656576518395,2,4.711099515018201,0.0002310746162850956,0.09733904457945095
504,0.9052719268177343,569,4,0.010986989436870513,0.47136688885524874,0.7347519958672577,0.9201450023407615,0.740422569255365,2,4.706605898954717,0.00024072293805808134,0.27428750395834367
501,0.9051800520981631,678,4,0.010134822222989748,0.43505485789627285,0.771884515191083,0.8094178179915301,0.7402919413901887,2,4.502003367383561,0.00021647780342408615,0.09499099407478986
505,0.9049788940348369,629,5,0.007243128437247762,0.46944783838517634,0.8176224869968023,0.9157109274677622,0.8438722170476552,2,4.668660507539977,0.00024918094225003467,0.26633364859057934
506,0.9050568287344346,673,5,0.007380936437032434,0.47508528843367565,0.8150687814592585,0.8495977651879465,0.7797112834114921,2,4.692838445479756,0.00024139634487982896,0.27933378753504545
510,0.9041910615052421,634,5,0.01129119677802861,0.4120678298310458,0.7363960701034539,0.8459109125327895,0.9024977636197675,2,4.3681938841731505,0.0001211338823861793,0.12300351446500905
511,0.9048207099776484,632,5,0.011337303903881135,0.4097402614916865,0.8064119521488214,0.8461064918838976,0.8999116530467451,2,4.374729572319682,0.00010128896303292796,0.1304765298882195
507,0.9057999875057575,675,5,0.007123184855141147,0.47356542271648683,0.8130854143477406,0.8471867128304204,0.8414074230447522,2,4.145320444742499,0.0001212270252625258,0.14053414551186283
512,0.9049279676060691,679,5,0.010874757154379248,0.4138446019256435,0.733831086773627,0.8459210884685052,0.9000983362769452,2,4.37094813203774,0.00012389168722551003,0.13305848592189742
508,0.905778742960624,674,5,0.007546849705448505,0.4781373900264538,0.9815595779855271,0.8466923695230235,0.7802724547851683,2,4.677457378947306,0.00011522464441126837,0.14271025856195854
509,0.9050452813664475,676,5,0.007401729217044688,0.4718118098904243,0.8123161719308949,0.8531455121387922,0.8328238153846454,2,4.361780770763568,0.00012034720171370671,0.1433969095351376
516,0.9031785688743822,233,5,0.011213402422655745,0.40215620087429377,0.7394554650689009,0.8445737762910177,0.9076011283779342,2,4.370420129588843,0.00010331031935940678,0.1331904003872701
514,0.9048825418823183,625,5,0.011219828470790522,0.4172087417429185,0.8069454824835047,0.859231398512678,0.9010069836572592,2,4.351538881080892,0.00011597551929350838,0.14340540853791042
513,0.9043272923818144,673,5,0.010941308366756356,0.40462221685752364,0.9984153185558652,0.848305400004879,0.9022564929146422,2,4.373133312940815,0.00012008619458247854,0.13207175485897665
515,0.9044418982454786,630,5,0.00937906039510757,0.46314000959040424,0.8018848631806146,0.8530368084117707,0.8979896902562544,2,4.383944121187023,0.00012089151960518333,0.13479704587750502
523,0.8998308799838771,687,4,0.04251949163235771,0.451077037566112,0.983080780918153,0.8163300719942583,0.869276858339148,2,4.143559193362993,0.00017627980611392295,0.1165098800865457
517,0.9039664064211343,623,5,0.010967729337566779,0.4133828475265324,0.9997819108388339,0.8428327164172155,0.8729564953980717,2,4.370872560983107,0.00012007527560067389,0.13133880135245746
522,0.9050177135305256,598,4,0.00919078707267322,0.45130097593145213,0.9875712131385221,0.8259755443135748,0.8711890138156474,2,4.117944974738743,0.00016974670796233234,0.07944086006024723
520,0.9043734231682237,595,4,0.0064077560544916565,0.45359296057142773,0.9904855952015627,0.8285232039787152,0.8723166624123851,2,4.127880579086132,0.00017315677057748406,0.12757042625231235
518,0.9045630410852288,596,5,0.009311320361282915,0.4189841205837313,0.9830318079198299,0.8420037882981016,0.8313268905668079,2,4.131760185063353,0.00012090165084462425,0.14217046347278883
521,0.9049855286174404,672,4,0.009213818505682763,0.4776243893474851,0.9996134975638908,0.8239163257078992,0.8699525571957353,2,4.096343642892872,0.00017889894063035465,0.12723902380306296
519,0.9051629862370554,681,4,0.006533691922159123,0.45265897882753886,0.9990035897944078,0.8179710759650842,0.8712044796271088,2,4.067009984636043,0.0001735078667043742,0.1340766904448912
524,0.9046443772655506,658,4,0.009114070611427954,0.4529694693243253,0.9803039105330487,0.8303385540720422,0.8696169473971652,2,4.097777074395343,0.00018278503083505066,0.07532205163865133
525,0.9049215048230999,667,4,0.00923306260553723,0.4495255708307712,0.9605735566301905,0.8230970325925134,0.8699054253842576,2,4.114806587044435,0.00017004600892875477,0.08537099640875309
527,0.90487023304666,653,4,0.009124741796369441,0.4791106727568959,0.980299369655541,0.8209215445932716,0.7584855968792246,2,3.786945026542679,0.0001710864886156989,0.0816077559161197
526,0.9052345773491821,654,4,0.009114979877907874,0.48023033837517853,0.9936921575636976,0.826998326246922,0.8691544586344246,2,4.120285019291291,0.00016789335910036485,0.07273358881570714
532,0.9044080072708038,514,4,0.006962627934798912,0.48393961105201466,0.9740610165378106,0.819773101737939,0.705316603298741,2,4.585578424011021,0.0001762090336323202,0.08451542361745942
529,0.9050331853798937,647,4,0.008959423211461518,0.4757659522955715,0.9344190751901454,0.8152370321172538,0.7589054565745926,2,4.587288217880296,0.00017523017371250278,0.07196107419737872
528,0.9049277679079986,654,4,0.009145894814386858,0.47595627558494186,0.983836075101254,0.8250985281448789,0.7070841707353634,2,0.7495063953895176,0.00017348198664076983,0.08014348739070552
530,0.9052800407016139,658,4,0.009141739922561959,0.4795327578299915,0.981331264111409,0.8148680634018098,0.7549961985185899,2,4.559634309416541,0.0001733709407943192,0.07969842227090145
531,0.9047288439240763,656,4,0.006937798415448784,0.4790589888369705,0.9668551631164722,0.868376960842529,0.7543135089099356,2,3.7512365462536916,0.00018059633061629946,0.08355694687626486
533,0.9052489070350521,652,4,0.007112016442865953,0.48014033457570404,0.9699063784118727,0.9562408331799493,0.7097210776069985,3,3.7449949653445684,0.0001907597240523549,0.08085931691945487
534,0.9056845065282036,653,4,0.007232380516723171,0.4770621850008009,0.938044678444736,0.9544246044444951,0.7099887732570482,3,4.581830689943897,0.00015035432872784364,0.08062705295452467
536,0.9006663638026623,548,4,0.007054125007407071,0.20747230646861492,0.9359806086739523,0.8627385778653449,0.8471083706805327,3,4.539964425383636,0.00014019656769058986,0.10889539899891809
535,0.9052117489786589,652,4,0.007427540163691537,0.5294259985894627,0.7520151129695462,0.9512153469213663,0.849375515593475,3,3.7649179657046696,0.0001453519828531999,0.10187564518548584
539,0.9046367387193319,537,4,0.007535627490532712,0.5029688308904374,0.7494370215323282,0.9494484386166281,0.7180329758852477,3,4.550951587902686,0.0003865604208140022,0.45021704522824924
537,0.9027586165270396,545,4,0.0050134130524670875,0.5317213229996257,0.7510014673953602,0.8695345990249406,0.8495333299410963,3,4.57533686593371,0.00037491759418052515,0.10169143737612155
540,0.9043713250081765,545,4,0.007553459563656505,0.49891217843046726,0.7459023965794791,0.9546846671644574,0.7273729211265567,3,4.579967586915253,0.0002740677966637339,0.10664286970678083
538,0.9050027582963412,647,4,0.007506718523545122,0.5030753885973483,0.7475614806469218,0.9992477540027214,0.8486084204153829,3,4.553614392315569,0.00010093375386404347,0.1063914763445388
541,0.9044982253401844,539,4,0.007518039234507681,0.5039121159760905,0.790147599474355,0.9549199971714236,0.8470398154003671,2,4.4686392640863,0.00010052140908795222,0.4717767818630688
542,0.9043642416940502,546,4,0.007728360560187009,0.4966611198918388,0.7532591532178436,0.9524762225625988,0.8500872787654491,3,4.466369160740003,0.0003960946344295942,0.11184293479825326
543,0.9042267223962381,541,5,0.007551160335511632,0.4996470956828827,0.7481393480114722,0.8670328522409807,0.8909749372237321,3,4.470405957351605,0.0003971649728567509,0.4684609934931454
544,0.9049478239189364,536,5,0.0075452497178124115,0.5028679303037342,0.9327588652641927,0.9481317392308062,0.6931496753786888,3,4.473059565016069,0.0001032377766558428,0.22172655247643028
546,0.904814838535102,540,5,0.007591946084203236,0.500965724110882,0.9047780363541399,0.9632452406705205,0.691004025600952,3,4.443587827260104,0.0001004960809023441,0.21983500483012208
545,0.9047719933026726,624,5,0.007693779258671645,0.5064488491781904,0.9219609606933237,0.9611529378434548,0.72255550890167,3,4.462391025297739,0.00013517711134787067,0.4570112163420401
549,0.9048843587014599,688,5,0.0077902628737750385,0.5043524555556846,0.8923281134593124,0.9414255271967983,0.7325797634763999,4,4.436734255738303,0.00010084870452792133,0.050589506866012164
547,0.9047650617195508,684,5,0.006440471448090934,0.5022425601259237,0.9086524975910183,0.9848046881249284,0.6892822554940152,4,4.461542917083067,0.00010326506360054579,0.23199163858316624
548,0.9057563030397164,685,5,0.007665091583969531,0.5129677205934624,0.9117365090293458,0.9693494731239344,0.6735486495962723,3,4.419299785200506,0.00010129922207939026,0.05294899378239968
552,0.9049058522040282,686,5,0.006577778206165896,0.4275475678467944,0.8987835109671952,0.9862601637463274,0.6966075887753183,4,4.694507325994075,0.00010003294112433792,0.20703770297784754
553,0.9048279262464474,622,5,0.006608944358346593,0.43452268769992897,0.9075318638126567,0.9364326323415343,0.7311536381104429,4,4.6733012526878435,0.00010091423378605531,0.21604520949726214
557,0.8870291506426767,620,7,0.18226557474692515,0.4262019346270314,0.9103998558514661,0.8861932207907041,0.6788453909062966,1,4.650667030258044,0.00014521786089509024,0.1729474966036787
551,0.9048821361007041,618,5,0.00638800878067119,0.4373034457160076,0.9102139470208228,0.9838630563102699,0.7408904990792529,1,4.43844487358201,0.0001288375906479079,0.21660890932256222
550,0.9047526359689202,683,5,0.006333685958898899,0.42658896587432915,0.9176955857562538,0.9659760683293441,0.7471354098440512,1,4.448801908541735,0.0001326823357953968,0.21340812924145575
554,0.903697075146194,693,5,0.006657601686567114,0.4276997899691663,0.8966963737316509,0.9679722134112593,0.6796642513187421,4,4.652910878410257,0.00013364173595208038,0.19750599379099115
556,0.9034694268715547,682,5,0.006417470245628962,0.434397182112383,0.9106910352364118,0.930062512316564,0.7430125068474734,4,4.673316661739881,0.00012860183692477018,0.05515682968727815
555,0.9040912915282286,615,5,0.006968781818830081,0.46132613128708855,0.9120128884235933,0.9297628629010586,0.7308808082432837,1,4.669886986156493,0.0001359170219892517,0.15694847368938478
559,0.9060254300555342,704,5,0.00813500703533115,0.520902642397424,0.911976629222834,0.9343246916876989,0.6556142871635492,3,4.636806536215136,0.00013016082171598626,0.031792510678707586
560,0.9047512789798617,688,5,0.008347734393699393,0.42827233041790586,0.88570389389888,0.9722768066457625,0.7673236849036683,3,4.705351404065942,0.00013837723765902,0.030326628880387396
561,0.904949931201088,677,5,0.008434847992642856,0.5319178634883964,0.9426903700977661,0.9900733419617977,0.681390986611047,3,4.631953562501587,0.00013890147904204657,0.048281565333542824
563,0.9047129402190789,696,5,0.008343445866195676,0.5245793042079823,0.9464627773975139,0.9325031590326627,0.5868389479650352,3,4.653039065018865,0.0008941421230190455,0.03687987221273772
558,0.9030698828764354,594,7,0.006688458958698924,0.43505267696312705,0.9411882989860147,0.8899539439689679,0.35385722876754166,1,0.9568166679700338,0.00013101838206140424,0.16774265845987946
562,0.9046218633035616,682,5,0.008462226074792677,0.44464474942896687,0.9446463800893721,0.9938056960026067,0.6564099629968514,3,4.607244284906985,0.00013231593051378404,0.03880215250450527
564,0.906310234472141,672,5,0.00831657928501504,0.5277760118999971,0.9330914899753994,0.9311321782220345,0.7706656333744123,3,4.602921640361082,0.0002746169083680993,0.046306408037705346
565,0.905535148335149,589,5,0.008253006611658497,0.5204870043736123,0.94119992267665,0.9347019981357639,0.6709087798522582,3,4.724024048102002,0.00014190092127386742,0.04229115157634635
566,0.9056494326446307,564,5,0.008513745922855896,0.5337980577258514,0.9379315086805131,0.9334367235050117,0.6487693952504217,3,4.602163771585641,0.00025827653199946476,0.0482668546015741
567,0.9054084321176162,587,5,0.008285953381070526,0.5175415195040698,0.9472704885484166,0.9323163685927905,0.7686466270090951,3,4.594964582753988,0.0002671546347329988,0.028498049476307484
568,0.9053282634146325,704,5,0.008402332680430773,0.511214485553198,0.9333679343790336,0.978079453838307,0.6712523972029,2,4.593597955983125,0.00025763783329888797,0.03294304296948586
573,0.9051038010349819,706,5,0.008365328953345443,0.5197016934093361,0.6692701055505623,0.8870184121743858,0.6281919748907833,2,4.308020298831713,0.0002566178750853619,0.037084419438887
571,0.9047603358612915,700,5,0.008452825884164631,0.5236580379289546,0.929816769371815,0.8884038312659276,0.6059992612214481,2,4.292562783802886,0.0002638626513640158,0.026496735976712135
572,0.9054220050489024,662,5,0.008276817653476357,0.5244883651663256,0.9322922973758504,0.9157289889288865,0.6316100831325727,2,4.3579406164508825,0.0002588600747877112,0.026096492669221077
570,0.9047796363339259,706,5,0.008159450946753733,0.5246960387887059,0.9436358315571162,0.8886778495690598,0.8249878843761878,2,4.340079120030094,0.0002605836091499171,0.03481462957259674
569,0.9041682707633998,708,5,0.008403513657242775,0.5263208764883252,0.944023358562626,0.8889548280811054,0.6408073856740276,2,1.082331964053414,0.00024860360244414824,0.038001127318305926
574,0.9044102916738174,669,5,0.008262913483518694,0.5428181465228717,0.9155815920801603,0.9164331383069476,0.8240921069736394,3,4.342977202972388,0.0002890569013300878,0.05722261445926481
575,0.9056522810977711,717,5,0.008146580020970292,0.548214070928168,0.9278889001106391,0.9419814883966425,0.6867968524701783,3,4.749111247904986,0.0002731495551233065,0.02864421790005337
576,0.9059711418271965,712,5,0.008257835218418325,0.5333616736589127,0.9283816251731372,0.9434387910702203,0.6455266986013943,3,4.89470074786388,0.00027581192830605143,0.0272038543150313
577,0.9055194537543967,664,5,0.008195158962377248,0.5438945539387209,0.9363217034416862,0.9454018626912314,0.6363207210094964,3,4.8970383110224045,0.0002632909421956588,0.03353080594535824
578,0.9057845447711064,706,5,0.008087317192987923,0.5496770934343034,0.9602242891079252,0.944397854897712,0.6382324467251841,3,4.752526634918885,0.0002622101628399787,0.04748302880746152
579,0.9061855857035702,668,5,0.008072836212254603,0.5291888896170491,0.9543934224664292,0.9387994200734298,0.6339241148854292,3,4.755197344763526,0.00029067752706909153,0.021880865331202936
580,0.9061283309668567,715,5,0.007860282587142853,0.5321442349294558,0.9261016651555429,0.9457805478263975,0.6511762227768577,3,4.803342944108543,0.00021480783191380257,0.04579737752639174
581,0.9060657017902555,716,5,0.007952172008102162,0.547371378250295,0.9608399441807667,0.94312185050408,0.6950660068434928,3,4.8967988695266325,0.000206251441998289,0.04379240561249894
583,0.9052579205104682,669,5,0.0076736495346406445,0.5371336377620762,0.9564868766430332,0.9450188361984201,0.6561052997881895,3,4.913542498381235,0.00015679234894983788,0.045511299352521115
582,0.9055891442760557,717,5,0.007974113613522626,0.547160798120542,0.9605648145442489,0.9450940173614659,0.6648178269804892,3,4.778240929215549,0.0001940383404389606,0.045150186856310885
584,0.9052209560707423,669,5,0.007787644386832985,0.5514253441373771,0.9229166093041663,0.9443620968532376,0.6512865025785853,3,4.754038650176412,0.00020432177829801012,0.04382867846881049
585,0.9054385591599491,672,5,0.007578320122427468,0.541239463373795,0.9258257714488575,0.9439732661634929,0.6466615558809612,3,4.784635159880816,0.00020188568735718894,0.029091685631520033
586,0.9054423193674319,731,5,0.007839492478884302,0.5534835253116417,0.9246880430794217,0.9463816860224098,0.6509185301671917,3,4.961901413647777,0.00033897477985405,0.020665324740156695
587,0.9050087715876123,717,5,0.00769393768803599,0.5424131829125125,0.924384344909704,0.9463091732160795,0.6469375243320868,3,4.943367483699968,0.0003559695157107771,0.020505496028692317
589,0.9050767430486827,717,5,0.007195743015957163,0.556057996383903,0.922073298843608,0.9678850023707928,0.607973750193987,3,4.897904982158612,0.0003311940273387589,0.019075311034285666
588,0.9048111367090877,717,5,0.007147899681511865,0.5510167016377151,0.9544040977805172,0.9597005642464951,0.6635006258449073,3,4.906446781761747,0.00033872409544073094,0.02597980601811824
590,0.9054584528734446,721,5,0.007105290193699102,0.5628731973303716,0.9572985679839062,0.9618240222024802,0.6439528946977191,3,4.980824203036731,0.000322020254835847,0.02182063811506276
591,0.9050213419996164,723,5,0.007041390899622968,0.5570342662734896,0.9273697087780072,0.9584164606248476,0.6533507604318685,3,4.938160591444458,0.00035217403493378044,0.02792260073309642
592,0.9050554837561469,732,5,0.007213655837799924,0.5551591606299632,0.9251241640001425,0.9670940584130786,0.647499565007811,3,4.954850237341383,0.0003262777683851741,0.02461547927116217
593,0.9057030780686729,718,5,0.007164261513546244,0.5513886029697541,0.9243811977375322,0.9661292653890088,0.651479597622076,3,4.866196246836408,0.00032858018416994495,0.020532605742621723
594,0.9052891602975119,719,5,0.007108045355543064,0.5591226686971218,0.9546418638993115,0.9595583214844895,0.6180946391134943,3,4.881356372366578,0.0002965863202762242,0.022926540107659602
595,0.9056015870546148,731,5,0.007065666333037209,0.5604723742539369,0.9264706043894121,0.9709872139226337,0.6074715288790171,3,4.947646992228663,0.00032914135305717293,0.030372720591600687
596,0.9048311077324186,756,5,0.007331145693429993,0.5536819875243466,0.9536362178561751,0.9631791296813246,0.6142255485983673,3,4.870905338359292,0.0003184349520225077,0.02204062148709572
597,0.9048840046877886,720,5,0.007205891702541069,0.5603885819782738,0.92788348462926,0.9661577201774298,0.6162327265641936,3,4.8317741535006515,0.00026841003198348125,0.015123010378113673
598,0.9055068012434523,722,5,0.007344571862403848,0.5664529568297074,0.9526939938161672,0.967290042264374,0.6087947495375082,3,4.955017250919074,0.0003122640453068239,0.024043172935098285
599,0.9054259625218947,754,5,0.007012518943833178,0.5631827290910372,0.963508550120084,0.9646185926458586,0.6218740660039467,3,4.907952068378589,0.00022092894088375262,0.02311629469373165
600,0.905479801790657,759,6,0.007030868937064565,0.55838995913375,0.9571204755484317,0.9588910011612607,0.6137746165127603,3,4.89333187902453,0.0002273820921306029,0.025832987788764472
601,0.9056359026632531,745,6,0.0071314136349953355,0.5349344245449971,0.9564609610047873,0.9640291948391592,0.6214693202300654,3,4.9987531614594385,0.00022681315895573301,0.015586873327243053
602,0.9062856437870502,692,6,0.006992502522623566,0.5381297146847577,0.959595601213622,0.9273531038848013,0.615999848572213,3,4.7879758264053365,0.00022567214614242382,0.035731991362988595
603,0.9049875156398481,761,5,0.005749211138493456,0.5437716112860823,0.953568832003855,0.9725514006995183,0.6045358215653982,3,4.993255586144114,0.00022840310549594584,0.018530771438085628
604,0.9055617464913649,753,6,0.006253512300671954,0.5435968553676134,0.9450142160049334,0.9302484727212964,0.6239288471435672,3,4.816635322888272,0.00023335162779742756,0.01817072268912547
606,0.9049251725932574,699,6,0.00565585267301308,0.5327784833288404,0.94252626128594,0.9993543911990759,0.6670882146878551,3,4.774076779066071,0.00022456516316271584,0.016784903631263122
605,0.905218750801985,700,6,0.005625772561487729,0.5297684357983468,0.942459573772738,0.9828167498225742,0.6729489822768747,3,4.80480435242933,0.00022213764519157794,0.013485256366756732
611,0.8929663973142337,747,6,0.005769440180969527,0.53423449888845,0.9378937583958614,0.9821914518064069,0.592930574204659,3,4.996268110611938,9.795161859877698,0.016763370930713138
608,0.9050095312308626,696,6,0.005983628613493274,0.5353080096710748,0.9662067191007714,0.939525780891945,0.6359657930429665,3,4.817270350995269,0.00020643046309089727,0.03562189825104015
609,0.9048728554236446,697,5,0.006030770228097406,0.5304163626461004,0.9426948088156981,0.9284232494728759,0.6697652842157388,3,4.795329228414987,0.00024014262046404838,0.018138494217753584
607,0.9053481537833564,740,6,0.005831168710646767,0.5319366415505417,0.9658603784556441,0.979608018014114,0.6279556612715335,3,4.795808807423956,0.00021506242882118494,0.01822340680992453
610,0.9055000868424345,711,5,0.005809444356903472,0.5372961052150438,0.9449224510165688,0.9840082792238419,0.5881454993562238,3,4.731002370128121,0.00020514674498938726,0.016426646359196856
612,0.9050958772709631,693,6,0.005637308566899497,0.533338210771088,0.9681854350289926,0.9867518505012507,0.5780166365986443,3,4.836502109915825,0.0002106405171944337,0.03393151765738166
613,0.9059179154878374,697,6,0.006066001453293383,0.5334949027664554,0.9396005035448969,0.9313713885347319,0.63670239214898,3,4.751259431748998,0.00020253879941522718,0.03713505333342884
614,0.9058270720981947,704,6,0.007965339370212118,0.5358818678477936,0.9083754733526799,0.9905724177634653,0.666803472413128,3,4.7898118635231075,0.0001876680708439764,0.03709280438102469
615,0.9055071067579348,694,5,0.007908296040594754,0.5328745875689178,0.9696222948483747,0.9834905081742876,0.5761885732020348,3,4.804205083500921,0.00018919837611562013,0.03479277332875475
616,0.905822213741368,698,6,0.007869338919826739,0.5288566725615257,0.9660832797876658,0.9306525172649934,0.6446434240447009,3,4.808605174753578,0.00018430157914477207,0.035213462641107876
617,0.9057951045192487,692,5,0.007912922160159304,0.5335925044095285,0.9687449940058136,0.934878197491475,0.6386380529861356,3,4.7864873692926695,0.00018209536403821538,0.03926926460140416
618,0.9048808587780247,693,5,0.007803112744630446,0.5239839625877265,0.9047501698266454,0.9263869176547005,0.6651609817855538,3,4.780473086406433,0.000188286324444295,0.03513025116135679
619,0.9053014914823262,700,5,0.007896778315560385,0.5475307314328914,0.9039601374632709,0.9431733101887804,0.6367707869269985,3,4.769828361871668,0.00017800473151874407,0.03445384380867484
620,0.9052893539141795,707,5,0.0078080177831428114,0.5213682306570034,0.914742293411253,0.9450364203196063,0.637895804006576,3,4.7337295237251436,0.0001797527431861083,0.035527331102008314
621,0.9046566296201787,693,5,0.007909737039808365,0.5169803984171208,0.9067570417735873,0.9442106441310141,0.6367474714457766,3,0.16376205619661688,0.0001708194170334727,0.00010236081754624457
622,0.9040381178690229,691,7,0.007849134576412384,0.5184883957815614,0.9113971816464881,0.9442353947100199,0.6349890417066281,3,4.763034805604132,0.0002733666894917239,0.03558184962753825
623,0.9054806191312181,698,6,0.0067402662301387145,0.5676747280534594,0.9098012579239413,0.9258153038241707,0.6354963098800227,3,4.761573108615132,0.000166598340449949,0.0345990433450108
624,0.9047143273870997,708,6,0.006474527255991299,0.5671798270170103,0.9189994198984687,0.9492864195810325,0.6366099827734703,3,4.759250805521941,0.0001573092560441068,0.03366539137833394
625,0.9050790019858214,708,6,0.006511897315211052,0.5460996991448107,0.9147247338440231,0.9998830849372116,0.6337617171006972,3,4.778326007033859,0.00015977397752427592,0.03083751482005537
626,0.9049869709741933,704,6,0.005041750404678344,0.5196780954571781,0.9100871167969635,0.9970378630299847,0.6366629751178147,3,4.876569233762384,0.00014960163623184137,0.03880320839930375
627,0.9062802034399577,704,6,0.006719607491396403,0.5221345018652588,0.9688939715789888,0.997326331963154,0.6363370438412392,3,4.891358687575121,0.00016491423917738872,0.03968365400974847
629,0.9054685856310801,684,6,0.006586797612563667,0.5202288093740927,0.9775620594269068,0.9960689593973185,0.6328273254372183,3,4.883191383554238,0.00016110373345114412,0.039806593169247804
628,0.9047658538222894,695,6,0.005025896464735838,0.5176308604932539,0.9751863468143182,0.9467590283357992,0.6394536411316898,3,4.867616872154363,0.00015830933227012274,0.04344542563727584
630,0.9055712971827171,687,6,0.006395903820284746,0.5188758710513628,0.9686576420073469,0.996970281386037,0.6369224392635418,3,4.884737622761119,0.00016114851468980413,0.043895536860760205
631,0.9051032895129734,681,6,0.006573886110501269,0.5670969559663515,0.980921055508482,0.92061054003311,0.6600778211903705,3,4.8562678590538795,0.00016402960567819355,0.04811791876165851
632,0.9053965881291987,679,6,0.006393800102200938,0.5711706574823859,0.9764604282326507,0.9974386651743888,0.6570037468580381,3,4.885916371427427,0.0001563354667745976,0.05249760006991019
633,0.9049555901746178,732,6,0.006554979608275334,0.5691556972415756,0.9776467820756959,0.9240402319271901,0.6625075102301714,3,4.888085229033251,0.00015742651103872285,0.05159852727199553
635,0.905527365583662,677,6,0.00656346492909353,0.513354593123526,0.9700788826095311,0.9219922883555037,0.6501964255644002,3,4.87993058075247,0.0001416997479838345,0.04731981380559189
634,0.9053157253860992,679,6,0.0064501745589308395,0.5495704679575786,0.9792280735375489,0.9989582055201607,0.6578969625754151,3,4.881237257175861,0.00015354316776775327,0.05192209237743221
636,0.9050556376156423,734,6,0.0067331449139291415,0.5471744301662824,0.9786593841251896,0.9219507328545202,0.6630768976078549,3,4.893665246271983,0.00015537263544001192,0.05192285650122679
637,0.9053513660564303,730,6,0.006711256847637112,0.5466390497656076,0.9644675136188499,0.9788342762860404,0.6497298554615585,3,4.899257255412187,0.00015438733565802524,0.044828290549465036
639,0.9061419208500536,735,6,0.0065297715916266845,0.5460264523215016,0.9680005195356874,0.9230006055809259,0.6600275253259712,3,4.906225871460623,0.00011470451160292229,0.047720819330231305
638,0.9053595986036855,735,6,0.006167467151347292,0.5473298319275064,0.9621746764978876,0.980377303206907,0.6558779704851536,3,4.887872681210206,0.00012006523372802814,0.05010883446239417
640,0.9046384444768515,734,6,0.006683225094390588,0.5454744361344149,0.9729025716717953,0.9806209448132721,0.6654527891311212,3,4.960695678277646,0.00013320486099290454,0.04648352008236047
641,0.904982405969043,735,6,0.006208519611756837,0.5460657605151804,0.9771300595237609,0.9826484920240913,0.6014783467559386,3,4.945301135885165,0.12056758939111858,0.05266606695494388
642,0.9054028296251169,740,6,0.006166590453339177,0.5488775925378202,0.9637795431583884,0.9757691215621198,0.6573766446308308,3,4.826714199392446,0.00011973670509951248,0.02756487125196957
643,0.9054027829503488,734,6,0.006823535281941265,0.5466980423575163,0.9605456015691931,0.9789036384675961,0.6493492684019003,3,4.9284321998830025,0.00010036468939508312,0.025753863454976954
645,0.9052548083524907,730,6,0.006900375100096774,0.5432595427748136,0.9430039802277739,0.9698072567950448,0.6203987639754536,3,4.994126319455169,0.00020481501683475756,0.02983327985973554
650,0.9008117310750083,772,6,0.033675886114107934,0.5361960225800857,0.9587871887152905,0.9148092326159617,0.684608897562621,3,4.738850951267108,0.00010237540663237978,0.026359457583009074
644,0.9052120403538793,739,6,0.006085404415168545,0.5465611503941473,0.9618248879381585,0.9747525276823605,0.6708879973387523,3,4.988254958734548,0.00012354797896017977,0.027830620740205054
649,0.9051415609982355,717,6,0.007485015065233154,0.5424250067449206,0.9552519136779803,0.9162789289808944,0.5955518798043167,3,4.985805144509227,0.00012524818926967085,0.059368793006388164
648,0.9045136005712626,742,6,0.007388286606231146,0.5404854598907542,0.9541351814864302,0.9769906770496686,0.5955501885883303,3,4.993566695541017,0.00012170335403459003,0.0244255624845764
647,0.9052356342210033,720,6,0.005408120800620509,0.5366417823323886,0.9575319788728308,0.9805085589956974,0.5981931438647143,3,4.978408768708167,0.00012195532183932995,0.026406052445666288
646,0.9058360940875749,721,6,0.00546632793648336,0.540912118202812,0.9632671923368121,0.9663597023368746,0.5980919020639839,3,4.9924015049267485,0.00012500178888593573,0.028676438878861
651,0.9052076220625759,716,6,0.007394977379271082,0.5314470913359108,0.9579535160684604,0.9223592668119226,0.6214044766499222,3,4.976095138692859,0.00010116393890095817,0.028633374828734556
652,0.9049471912249732,716,6,0.007392512397036031,0.5317699556948386,0.9532931170895034,0.9116664806494756,0.6790771800416764,3,4.968539445953558,0.00010242074007516014,0.026390928457796854
653,0.9052892279531202,713,7,0.007460651893166929,0.5303428200162654,0.9537612411421332,0.913802859265703,0.6830710455805152,3,4.970186356529615,0.0002672422674555962,0.029262577897329153
654,0.9051963700227214,709,7,0.007385664481097645,0.5679288687967952,0.9548719747397233,0.9152652329842672,0.6785064241313157,3,4.750740938823878,0.00026957276989814154,0.024029428381760923
656,0.9052435801821428,713,7,0.007576678776681525,0.5306298443113524,0.9496346049656624,0.9305880224904882,0.6189581994849607,3,4.732887008878681,0.00026045257634358705,0.0389421219064017
655,0.9046596716139691,714,6,0.005374450215951655,0.5206708049786858,0.9429460293686698,0.9559232016445023,0.5954971590080939,3,4.7158502532016024,0.00028376065583380554,0.02306872963278129
659,0.9057487908346445,786,6,0.00866094886834338,0.5233907053158856,0.9356409661383854,0.9551513764526319,0.622379682516767,3,4.7211587059647355,0.0002694542160700257,0.040327424494182265
657,0.9048541045578048,711,7,0.007309503437133722,0.5756680062529044,0.9435920407032834,0.9300840901023485,0.6206066937509794,3,4.711417867380441,0.0002598505850508868,0.03897085057321296
658,0.9052948101489372,704,7,0.005411165289537875,0.5249340706252006,0.9335637202219566,0.9555009369418396,0.621067633866126,3,4.7544526628828985,0.000267553279865749,0.060213955349492365
660,0.9043905956819362,789,7,0.0051570577072694605,0.52525014086059,0.9449139284634939,0.9332286714722867,0.5724801992616384,3,4.713401471170503,0.00019590077528540168,0.03807131435766332
661,0.9049104292199495,705,6,0.005273043768093075,0.5116022423325992,0.9847117512111359,0.9326081875736678,0.5593003809202157,3,4.716694827852406,0.0001986885443777107,0.04008531835836404
663,0.9047759733528734,702,6,0.005559613379323951,0.5763431282048627,0.9368263822455309,0.9345898150081614,0.5729546991120873,4,4.730371969851788,0.00012277298211826754,0.038348465322047345
662,0.9047491343730991,701,7,0.005448419958067287,0.5127064060499162,0.9831639301786558,0.9338977533821984,0.6161287562141312,3,4.747792862165516,0.00020417508849172213,0.03961526080760925
664,0.9052827440372756,693,6,0.0052518579046788695,0.5128885254139482,0.9857156108604184,0.9535902581443894,0.6137842885054683,3,4.710119354662525,0.00019690097080064716,0.039267285149071074
665,0.904585396170565,689,6,0.005406571628943286,0.517802132524644,0.9859155536091316,0.9558529911270589,0.6224827024893934,4,4.726119111136519,0.0001953794285861337,0.04109725974458031
666,0.9049170657790089,670,6,0.005263773186781624,0.5176027818562339,0.9820861593552689,0.9345590124611509,0.6142852803848937,4,4.808355843914727,0.00019462738508987422,0.041549030573206615
669,0.9047678931447628,755,6,0.008841497865228613,0.5126122249075927,0.9802269980455727,0.9501002441541284,0.5820497782222634,3,4.821173426289134,0.00019800416144794952,0.04235503897037269
670,0.9058760303569041,794,6,0.008578872961961873,0.5194972881383468,0.9888777723878247,0.95733268556653,0.5488202292791511,4,4.828794482327119,0.00020264764089484406,0.0373968320582812
668,0.9054376892912697,772,6,0.005143942997892258,0.5115026716676345,0.9881333356511989,0.9498273720013469,0.6269556191663483,3,4.8142877331663465,0.00020729690712640512,0.04022153402253105
671,0.9056685958295928,673,6,0.008890823817098652,0.5110039867648751,0.9884746799372448,0.9552527470601241,0.6255452704568183,4,4.814980729580264,0.00012340089446080237,0.04318705316116055
667,0.9046009398565056,688,6,0.005278425141655715,0.512073055733761,0.9331962260647163,0.9583865244576762,0.6160815260666894,3,1.9148198700472645,0.00020710698568197393,0.04202546328589761
672,0.9051691155310883,678,6,0.008388999458829337,0.5105656738899779,0.9897253478812891,0.9548671722696482,0.6234119456070283,3,4.839775403948237,0.00019677187607685499,0.06278647697122086
673,0.9048686567470063,779,6,0.00845951342909147,0.5623907242475504,0.9904141361817353,0.9557751143067412,0.6072019005305705,3,4.82918897415455,0.00019894592264745652,0.05632186990305086
675,0.9057147387027905,777,6,0.008855036084262885,0.565998795420747,0.9322706637773094,0.9617313457155415,0.5858424616773088,3,4.837764294640774,0.00013203078488482087,0.05603606329969644
674,0.9048315492422754,846,6,0.008745579707077424,0.5588068669424837,0.9983303581756121,0.9572641352486125,0.6421180349061899,3,4.856802413807298,0.000100550523253929,0.059112354298173055
677,0.9056235064074271,763,6,0.008197339601310959,0.5643462124118656,0.935766105706743,0.9586360273535814,0.5221184659874798,3,4.833294006849153,0.0001223734249090936,0.06183896347389899
676,0.9058388238013221,754,6,0.00870768528344557,0.5647886912245156,0.9989021110949393,0.9595861150278067,0.6327113453759047,3,4.840734813364904,0.0001002170909792165,0.05974961682882898
681,0.9048923966438196,676,6,0.008743850683466958,0.559381994882708,0.9690550863597809,0.9618061385463186,0.512198447606353,3,4.853849053249487,0.00011922639914658239,0.05787972114306808
678,0.9054764370264031,802,6,0.008174911606796127,0.504669983357334,0.9692313627554672,0.9609080630792819,0.5172654622536839,4,4.85175460419947,0.00012368140949302805,0.03254431163872349
679,0.9056805327114409,801,6,0.008319020706095259,0.5627013276798509,0.9999222215363792,0.9637819416950982,0.5482485519133217,3,4.907217336284894,0.00013461786093016127,0.061341409560281605
682,0.9049282055409609,764,6,0.008730676834015941,0.5648286719334146,0.6912942338653666,0.9671593539161757,0.5143848391179903,4,4.857642600803808,0.00012370520196680135,0.03218448291151854
680,0.9053191353807877,777,6,0.008485820570213572,0.5738639762905358,0.9983051226101117,0.9695103731462764,0.6483949521414878,4,4.858983292936592,0.0001215143003675212,0.05717495857467118
683,0.9057236319944799,672,6,0.00868800676321335,0.5579493637508744,0.9995134451270804,0.9706752326887989,0.5454405904662419,4,4.994474431746412,0.00010101777970208944,0.0318922328239166
684,0.9052981457984742,819,6,0.008465848066285378,0.5572042723909518,0.9706164728099435,0.973477689104147,0.5333694106792075,4,4.873098096504841,0.00012433357829127009,0.03134672280208968
685,0.9051850262296993,807,6,0.008047206700283112,0.5272067625793447,0.969069313104452,0.9692522038571437,0.6429928363757822,4,4.652681369583175,0.00012371847913152873,0.03045430601343727
686,0.9049843892665914,821,6,0.00805164373973238,0.536408904616319,0.9700273236750494,0.9687885926372904,0.545415626735441,4,4.648982722489784,0.04505124135406194,0.0322281530729631
690,0.905834085400169,816,6,0.008776564936921711,0.5356776549905379,0.974161310549591,0.5711265875702948,0.6449613468996974,4,4.989871510433783,0.00015961923131246956,0.03137397331048369
687,0.9048843695719677,830,6,0.00814842265689647,0.5790979056575238,0.9706642221712738,0.972717773405125,0.5367841387484462,4,4.899462502152585,0.01872434134372992,0.033627087766630884
689,0.9045179138823471,804,6,0.008597613318208117,0.5731276167594571,0.9984187777076797,0.9885187102513175,0.4566917644185537,4,4.893966022395708,0.00010013371752522714,0.03213877777044541
688,0.9049706003694817,781,6,0.00802144146966519,0.5795747718667181,0.9933526935990954,0.9714094641739993,0.5522196680523762,4,4.987176979026478,0.00014651516569250703,0.031025972975771615
692,0.905732683098577,797,6,0.008121055573256725,0.5332620184478214,0.973809083832158,0.9896476596801029,0.5376666071924303,3,4.992909931922623,0.0001537660808870613,0.029923969729811022
691,0.9055538744192717,806,6,0.008174343050063693,0.5806348836005959,0.9773193122668894,0.9843334274946964,0.6419454278152932,3,4.663511930067272,0.00010057792929020179,0.03293181313922504
693,0.9052459054825915,801,6,0.007869263802750751,0.5335915213653276,0.9656168759300666,0.9990893492279602,0.5610715683752914,3,4.994658994718244,0.00015782268883343642,0.03023733837493346
698,0.9048728717674152,848,6,0.007661719900727107,0.536537539990833,0.9652962601335928,0.4958143600048379,0.4878606964742172,4,4.993772827851862,0.0001530375899095661,0.021955139001511314
700,0.9046824756588805,734,6,0.009186234100659562,0.5346763984513053,0.9691852106219904,0.4938548013020075,0.491793528484173,3,4.999683456808496,0.0001666471380412856,0.02151877045737306
694,0.9058144693027197,828,6,0.007870653080337983,0.5319389078757047,0.9677268529127457,0.9893288420495406,0.5600735717170096,3,4.655692030658852,0.041555382289829315,0.04812173902401055
697,0.9052027473619786,874,6,0.007841932257032551,0.53160895600164,0.9708149325979138,0.5367787797402195,0.6674041272646402,4,4.995275740409164,0.00015627319377807853,0.023233894369257282
699,0.9059603237714624,749,6,0.007733398930133585,0.5331810515887615,0.9717756819063131,0.42383161715393947,0.6681590401188224,3,4.981249147205318,0.0001564479755303232,0.048369801801373964
701,0.9041792548414354,829,6,0.00931165549543194,0.5407840551996699,0.963630253628854,0.29797536548186704,0.6623720245310474,3,4.809903372056509,0.00015664244213504374,0.02012766408290178
695,0.9059776093232529,748,6,0.007822251941854992,0.5331559876684646,0.9716657334215628,0.9873767077292205,0.6705264949356796,3,4.771166290663564,0.020424209308458688,0.047443960685717074
702,0.9047890135532579,751,6,0.009278538492733824,0.538007678034929,0.9519795773900466,0.5732548295231539,0.6829036794991731,4,4.789919913304175,0.00016403135824879427,0.023844351706665372
696,0.9047051349664008,784,6,0.007757820288250926,0.5831153944344377,0.9654367200096536,0.9894590017480813,0.6757779452098486,3,4.666561317121838,0.00010098122554673,0.04870696001194128
704,0.9052306927009907,748,6,0.009331452011038239,0.5488868715885964,0.951651484006901,0.31740889232242037,0.6664156041314145,3,4.788781727861844,0.00016729320355387953,0.0215144453681126
703,0.9051174039931951,744,6,0.009366281704404079,0.544811928381194,0.9542373845285297,0.5517870213300239,0.6621428937335674,3,4.775113899236247,0.0001662420667572962,0.021600674594452352
709,0.9046511134836015,837,6,0.0069497321575904955,0.5469972572320501,0.9503505412684057,0.4162455704710875,0.561634235844824,3,4.7939480925772555,0.00023910789316098488,0.04824501056295805
708,0.9047123886738371,824,6,0.0068929835585309065,0.5485469648852798,0.953209915649394,0.3540783472918668,0.653604365205751,3,4.794770084212956,0.0680233963369373,0.04667905539944028
713,0.8962721106129361,840,6,0.20177955816646953,0.5522569109307942,0.9825300769302805,0.41240495916834485,0.6531468576571503,3,4.9120876201709605,0.000246175764859891,0.04823608589046663
706,0.9047449487714776,860,6,0.009183374151080108,0.5480863065727107,0.952278199522183,0.9352910191728332,0.5633543897184935,3,4.7758161021210785,0.00015870676979381042,0.04562371160811423
707,0.9049268962148982,837,6,0.009279959926265893,0.5475850378092004,0.9532996433114234,0.939950593801509,0.5612748042832323,3,4.791834256216138,0.00024027986666651902,0.04377854121705499
710,0.9051075356245546,749,6,0.0069796813826516315,0.5511847540009565,0.9534690277182744,0.3796383983728378,0.6896696212323631,3,4.789661384080225,0.00024084461243825995,0.04841778237916619
712,0.9037045131581491,858,6,0.0069090051963980595,0.5518041598773468,0.9834037289934676,0.22807182357150574,0.6578313660784738,3,4.900378163579052,0.08715586176672142,0.04704223860113914
705,0.9058176218260094,836,6,0.006940020869581186,0.5505835737916217,0.9508958894084092,0.9393407578665031,0.6752733926177453,3,4.768176314705408,0.00016016327083975015,0.04456304633860263
714,0.9050763024510365,763,6,0.006966783348751997,0.5523809520426892,0.9828738776784147,0.46755514499805817,0.6935492858803254,3,4.902286464708456,0.06071745572080197,0.04861338691676761
716,0.9043608156596614,769,6,0.007600205741569682,0.556332998235758,0.9836432456023955,0.3519185528270232,0.5916848244708718,3,4.906238771813478,0.1778384362529038,0.04507614825397683
711,0.9054764700180143,828,6,0.00700741262615309,0.549662896625125,0.9844309834438184,0.9423946298773327,0.5611705009973472,3,4.907619931202404,0.034177710520245264,0.04762078266653899
715,0.904802484773079,761,6,0.006992519448060919,0.5549327299008575,0.9840690334132615,0.441461253873921,0.6472889996797467,3,4.914750863596011,0.04089439031496381,0.046890485943770516
719,0.9048497325611817,763,6,0.007570944923606348,0.5253791448197528,0.9839933311453641,0.37595683312661343,0.591822695315919,3,4.900667223064875,0.028096440624018833,0.0644786560263509
717,0.9039219222506008,759,6,0.007511346716584323,0.5568784937238184,0.9834202856957545,0.37084420808256413,0.6886682267541916,3,4.901687470388291,0.014552519063676644,0.0015908226116473172
718,0.9049279181946698,757,6,0.0074427288903007385,0.5268435218491071,0.9842614669717027,0.5206380426917372,0.6017427233831355,3,4.8996424987034946,0.010415747294303937,0.039403661928713425
722,0.9043951904099437,818,6,0.0074839100038964195,0.5290005237308409,0.9846184059905061,0.2630929579802828,0.6991076641484381,3,4.905970222786384,0.05293611060249003,0.06405266842441801
721,0.9051576189428161,766,6,0.00764676958222762,0.5252151023715093,0.9819831286703151,0.6049942614532516,0.6004689713416717,3,4.880026103271994,0.034973722416177945,0.06560156002126764
720,0.9052032135775349,760,6,0.0075360868523457105,0.5242806403514866,0.9830036866471851,0.9917831921763864,0.629960214322568,3,4.897771503369133,0.028652210168589647,0.06483515939394134
726,0.9048222105638348,819,6,0.007698437923124831,0.529983063320594,0.934907480422334,0.2786815701455474,0.6365361111814407,3,4.684436072887506,0.00031362751055349214,0.06464146146680895
725,0.9052707357749599,752,6,0.007547241893682659,0.5251803085661974,0.9347849881759113,0.4432974335390732,0.6367225964115653,3,4.889593755506558,0.024597328513846058,0.062280541190717166
723,0.9049592087614287,816,6,0.007386768853361661,0.5227310169439441,0.9334218387934243,0.6275336117851745,0.5997488116849791,3,4.898490435135124,0.036904834987786704,0.06480938196511056
727,0.9044890969262521,852,6,0.00784466736818431,0.5272547154223717,0.9335279470579678,0.4442085751262179,0.6359617887150427,3,4.706817079258363,0.06294456599863557,0.03668155735983229
728,0.905029351207347,793,6,0.008670906428734278,0.5743213434920806,0.9312298579340587,0.5314165744428934,0.634334293966166,3,4.699001833254419,0.09308585579911098,0.03486925871601256
730,0.9049884058812274,871,6,0.008580574772355323,0.5749897871064955,0.9336621152685823,0.6029005231098568,0.6346183989466267,3,4.689257087628295,0.02775361843717532,0.03650995058255022
724,0.9056275408861845,887,6,0.007234346421700069,0.5279859449976535,0.9394080915726721,0.991948649327601,0.6351908623237766,3,4.905012953170335,0.026686747268884422,0.0002372930526372142
729,0.9053318644413922,789,6,0.008657158705073085,0.5771263556345088,0.9341749520578954,0.9925092977547322,0.6362145569421583,3,4.715108441380594,0.24740553983806243,0.03528077550115409
736,0.8946857062521809,792,6,0.12207802067600033,0.5818749891897734,0.961406614663584,0.9954210671660771,0.6779856056542644,4,4.678041910634148,0.146993355321696,0.029567176277732456
732,0.9041184453726423,854,6,0.00865243390951323,0.5748687235130442,0.9301327379147134,0.3991721143395155,0.6371467796732774,3,4.678232348326169,0.020786354606090053,0.027183110814164368
734,0.9053301638530652,850,6,0.008550461250996821,0.5777421676114023,0.9625462228482505,0.3941736883399492,0.6749216687606449,3,4.996279150416883,0.02259330584850628,0.036573232825571594
731,0.9047952286710906,874,6,0.00877278356169728,0.5757928250100217,0.9380421958754968,0.9950036370500703,0.6339156970740426,3,4.99991373097536,0.023109370151948833,0.034961727864055596
733,0.9058617199794886,882,6,0.008761733642067065,0.5736822154421695,0.9294449307809939,0.996550068178576,0.6520979224466895,4,4.997362593125173,0.028154209693354026,0.00024072566948968717
739,0.9052393251004922,729,6,0.008804200856035407,0.5683248038561282,0.96358811711444,0.4792269716764864,0.6754323727610101,4,4.990321442010588,0.00022225119763969215,0.028669605832374507
735,0.9054575295644366,787,6,0.006060422912697292,0.5648814266469411,0.961731673065971,0.9983979390305887,0.6468226883873652,4,4.6865594682981015,0.0002223780928452297,0.03459275963177838
742,0.9042203672541017,731,6,0.005840306518489134,0.5043211798380641,0.9650308003124074,0.33457632510942353,0.6801771147366096,3,4.787773543784397,0.0002184020264952596,0.027148194827310363
738,0.9052159312355087,729,6,0.006244225111992921,0.5887339035305313,0.9638727903349937,0.9946516602163719,0.6788642086390233,4,4.995646398482532,0.00022042245558959894,0.027107428483725333
741,0.90532508998652,731,6,0.00639106315198347,0.5049601246493406,0.9673466487552085,0.9436072607031588,0.6738938277539357,3,4.997130821328579,0.11110528934462462,0.024102551866538122
743,0.9048344564569721,724,6,0.006386914868767017,0.5396572529279929,0.9677722987840536,0.943785228234779,0.668808411146152,4,4.774861432977732,0.10632574050486063,0.026145212243046227
737,0.9041822901456824,733,6,0.005980999735896022,0.5779623127815748,0.9637652177842086,0.9944774861456811,0.6739577325386614,4,0.5840006191132752,0.023275236693260135,0.025279107428887913
744,0.9050738937593493,727,6,0.006155070255326191,0.5049915866963377,0.9676170884865481,0.9445690853863637,0.6552903636927709,4,4.798595170395655,0.00021786648883926132,0.025225776072386106
740,0.9042774928370194,725,6,0.0060524752652477525,0.567402055277626,0.9629449646414417,0.943492752545175,0.6731011694816854,4,0.5591565859320724,0.019286590150437363,0.028495819159184494
745,0.9053572875945338,726,6,0.0060257726792349075,0.5046239799143613,0.9670613455184993,0.9994834134871452,0.667013899101011,4,4.7964796481808785,0.046085394361065506,0.0026224591277638066
747,0.905583751135854,730,6,0.0063492550432077965,0.5960348791650789,0.9200982746971551,0.9762504952606482,0.6647718289276067,4,4.80314133392867,0.0001915537160850657,0.002206034069283623
748,0.9052235453040804,724,6,0.006111002689227814,0.5396242168175216,0.9984747724923995,0.9841347219435953,0.6650907285902914,4,4.8042118151017945,0.041397657595651956,0.0006466508958815032
749,0.9054045465572145,723,6,0.009719611930367512,0.5960272653117483,0.9463772436847553,0.9811922514090579,0.6583093444696162,4,4.79474458143975,0.04877336043837332,0.001231707592265623
746,0.9048184340885989,923,6,0.005984978347226476,0.5079440145455519,0.9493812778341675,0.9983558559869906,0.6529554241242141,4,4.797076534623933,0.00020723735928944678,0.02612353354403416
750,0.9040269717215977,884,6,0.009607883095268164,0.5371467300491609,0.9991614651324998,0.982907964509781,0.6579628353222166,4,4.772319156244757,0.04268139264253045,0.0014034693427776809
751,0.9050071397951565,898,6,0.009534592356087827,0.5376925145540195,0.9398369011685042,0.9813934154553454,0.6583636644616117,4,4.80971727291472,0.042579787431356,0.0007429177181426441
753,0.9054252863459002,915,6,0.009926256791556847,0.5376370460598479,0.9211615531118242,0.9810055912252325,0.6558183706971155,4,4.807639525048437,0.0001930317423965262,0.00024561011961823307
754,0.9050521985062371,935,6,0.009787319072947293,0.5394488714351108,0.9181426131993815,0.9809219708333079,0.6974190064361114,5,4.81037173786032,0.04234919320453068,0.0001993299973978892
752,0.9053243514001276,883,6,0.006845652131019665,0.5940092347090027,0.9225063818493383,0.9774645496950599,0.6506954387094533,4,4.81230976369109,0.030347629004838034,0.0003637449717248523
755,0.9049254850253357,912,6,0.009705419899915734,0.5342416064113438,0.9223131601408177,0.9806012201938603,0.6511416475280102,5,4.814236641608859,0.03626353098846875,0.00032446265953215813
756,0.9051456760555826,923,6,0.00807452581616889,0.5357564570461077,0.9478844174243669,0.9816814084816735,0.698913515220006,5,4.8244211805477,0.029552550811561804,0.0006274539141117494
757,0.9040662180557584,837,6,0.008096294067195246,0.5409879309035176,0.9459306737068253,0.9813141371975916,0.7028517544200099,4,4.857507602192588,0.03823102004885591,0.03899834874548921
759,0.9060380922207057,833,6,0.008096945684047311,0.5386342829300703,0.9190885004750352,0.9790387954828345,0.6065762733893488,3,4.8713761228525065,0.03596254827128642,0.053524311705848676
758,0.9058745117545615,818,6,0.008077208299436058,0.5374951403291027,0.9211660455291716,0.9765241124351359,0.695157076647453,3,4.896455208715859,0.0348979879701946,0.05293037655167802
761,0.9050811408912685,908,6,0.008139551727023941,0.5556158718846822,0.9206590789247954,0.5688861636489098,0.7027557487313721,3,4.628196959159838,0.012963679883225002,0.05503768713615426
762,0.9056719555766891,747,6,0.008136394991311136,0.5598882696362298,0.9486128053222332,0.9705017834430419,0.6999269978714184,5,4.997725224116547,0.06600922971412794,0.054550529940515256
760,0.9065549790909204,892,6,0.00805668872834287,0.5589925533902387,0.9209149859359592,0.9743355275429976,0.6946697144904413,3,4.998703529974893,0.03797233049995716,0.00014415585483037015
765,0.9054913255171899,833,6,0.008028605309871713,0.5590996081127464,0.9467357400384853,0.9595842778703282,0.42939543732679614,3,4.987603224559518,0.01845864252112309,0.013033974099389353
763,0.9050631097594721,813,7,0.00802579952837605,0.5542476238072122,0.9463624402736762,0.9618405063912089,0.7006623120985912,3,4.993995355543295,0.0326951809799431,0.0003485041899341427
764,0.9049406604063084,816,7,0.008117000554779772,0.558684925435815,0.9993492744245023,0.9600063523078946,0.6060486033757657,3,4.633615639562387,0.03346008225202581,0.0523826394507231
767,0.9054267875402269,748,7,0.006990775079670313,0.5560313157007051,0.9961945761042175,0.5639958935273244,0.6048359299110432,3,4.642516547731596,0.0729072745743247,0.05162171586660079
766,0.9053839199586416,747,7,0.008091025615422381,0.5583909314579477,0.9452785223946455,0.9593138479327276,0.5841231043784825,3,4.6312623418912064,0.00017323290644346068,1.6816920931891326
769,0.9057341043224545,812,6,0.008524695382600886,0.5616589502311252,0.9110243669192857,0.9609306470640788,0.5709204900491263,3,4.9204779019570175,0.013848787872314097,0.00012378503988736404
770,0.9047558268050485,840,7,0.008843473587596733,0.5595264111733852,0.8959491975648245,0.9651546540923316,0.5786265687940011,3,4.925098708178687,0.052184870028855954,0.053711382668336506
768,0.9057997027440627,841,7,0.006904634117205327,0.5592626037054248,0.8970066106023614,0.9624811681636952,0.5806351903882965,3,4.992551341902534,0.07537392288906951,0.05166876721276128
771,0.9046390778549724,817,6,0.008863573500742662,0.5627805918025278,0.9009249857362346,0.9995545673361153,0.6148609761366447,3,4.919677527994444,0.03425779097067066,0.0009358886070420649
775,0.9044044878868791,862,6,0.0090939155055412,0.563931363498804,0.9030068803678465,0.9996143767241499,0.2893038344453903,3,4.909906969127146,0.024726188387155314,0.041089043368672626
772,0.9053473354545674,863,7,0.008495691316116353,0.5636007612576941,0.902638565215759,0.9643269294214156,0.6897660337302691,3,4.99022709910174,0.02773443429141099,0.00010924382838265174
773,0.9054403758270556,868,6,0.008870905326528686,0.561870149962449,0.9114328428149466,0.9537615561189666,0.6904062504322883,3,4.919950450255543,0.033791110905922836,0.00018382191643458298
774,0.9054276988384642,887,6,0.008880644265315445,0.5617086582604052,0.888841616503818,0.9998131571635468,0.6833332772716766,3,4.910498159954653,0.055913089790636826,0.0002237307999329067
777,0.9054336221249711,875,6,0.009177117664513434,0.518895034431459,0.9106545541108122,0.5851401278717763,0.6820247254874501,3,4.994651312637582,0.027705566623160875,0.0009883475959928613
776,0.9053146074721955,864,6,0.00882057235300206,0.5187706659885859,0.8896594515693617,0.9676448008695923,0.6899839566350026,3,4.9984075509498,0.0569159719872306,0.00020028600940872834
779,0.9053781310711406,862,6,0.00907016962179262,0.5199409196545814,0.8973069085596457,0.9993027351797136,0.6899218188572759,3,4.990379446742234,0.05387217063794956,0.00012214455535182188
778,0.9064344761667993,951,6,0.008820534688701046,0.5167436822509099,0.8981773958596834,0.9986975401236239,0.6855225210878321,3,4.908091985272664,0.00028511550850732176,0.0001937641967267229
786,0.9007322437932288,904,6,0.06426678298446578,0.5184816961266837,0.9205669945341968,0.9742669884192864,0.6246722525213972,3,4.902606111132646,0.01797652595288435,0.0001450413354714833
781,0.9047897364040202,866,6,0.008913972828007878,0.5172731589468447,0.890591183398337,0.9413850806188588,0.689157117772394,3,4.917744098914284,0.02971723943489497,0.00010755913209640947
780,0.9053685692052105,868,6,0.008887194182248636,0.5137886929951052,0.8981439225656161,0.9473002854842781,0.6918077281764148,3,4.903276559875989,0.0559231379517511,0.00010041219991977141
782,0.9049239476466612,868,6,0.009130210105065477,0.514668438057795,0.9214293038860121,0.9444041833158681,0.6875423201712485,3,4.911069947736946,0.027574905476495423,0.0001996081441172869
784,0.905605793409024,880,6,0.00910131585206953,0.5169359820346403,0.9209430931920739,0.9443494355114538,0.6219906345224469,3,4.995164580929647,0.01701606049937199,0.037954670963420936
787,0.9037560687080559,897,8,0.007069969525164291,0.5149330516506134,0.9141087710679852,0.21190355201251893,0.6283350201187584,3,4.8852566013102665,0.05135560420161469,0.018135283037927972
783,0.9043374962918647,869,6,0.00896013649812675,0.5208225269285168,0.9184469050562053,0.9498962786628905,0.679929003567417,3,4.8979241981756845,0.049890459260205924,0.00011033724244009442
785,0.9039339777198071,904,6,0.006960927611264669,0.2816348574378284,0.92381673540905,0.9419857143411345,0.6227641491229488,3,4.9966143829362455,0.030272144955368747,0.039833404600565
791,0.9039189198619472,779,8,0.01007252722057114,0.5021911198227387,0.9152999942862582,0.2087953654392139,0.7170902190848798,6,4.868751271982723,0.03987829261934991,0.00024708499167892963
789,0.9061591488565686,965,6,0.010177111344890858,0.5144442863211519,0.6493699307066463,0.9758073132730237,0.6185096136382225,3,4.8929226547557345,0.034765142191018575,0.00022263131146863074
790,0.9043878055342471,978,6,0.009893708394953073,0.5027042041225542,0.9224385156305862,0.9831121764552947,0.6163430714122915,3,4.874885547599795,0.023289794801423166,0.00012626048881282014
788,0.9050200451404299,893,6,0.006956460989584252,0.5886199903965634,0.9232336246841489,0.9421027015214478,0.7133811296774735,3,4.887064019784372,0.020632514272280612,0.00013422572122269574
792,0.905686010231109,986,6,0.00974842007102571,0.5024326338359988,0.9203982266630046,0.9777989416390854,0.6222855087098617,3,4.85819733482681,0.017678479524387725,0.00016588654081160312
794,0.9053517676570799,776,8,0.009901613804808548,0.4972438551241286,0.9236793985279561,0.9732101373544403,0.6097752667974138,3,4.8473947177969805,0.040479361863843044,0.0001459754765358743
793,0.9042281892306381,959,6,0.009619893435916023,0.4990544925569361,0.9221941785100609,0.9787099798842538,0.7143764621464309,6,4.869747200327657,0.043155932617541685,0.00015595395732380832
796,0.9043093108134521,985,6,0.00960250882035139,0.49625373522342137,0.930449306507259,0.9751894743944375,0.713762363552736,3,4.855209614393313,0.023178651661238243,4.2891842279153005
795,0.9050125057970974,946,6,0.009952950618690486,0.5394713450308674,0.934389530986403,0.9811426851192449,0.7082369907997906,3,4.859142252745943,0.038531352026268166,0.00017368575536378796
798,0.9051605558043525,960,6,0.009657109087533129,0.5390913528945691,0.9349558325192141,0.9801758479211727,0.6105285216110491,3,4.839423549828439,0.021775315463045706,0.0001608546579734847
797,0.9050621984612348,948,6,0.0078413820600716,0.49587327383995494,0.929875873579893,0.9793611266579338,0.7155030912653111,3,4.855881121164114,0.0360111044643056,0.00013985037409192731
799,0.9050764455160417,964,6,0.009905016433082694,0.4954736186803109,0.891215817203059,0.9812182760794603,0.6006801201101751,3,4.857074513660385,0.03450827640961371,0.000236313322819623
802,0.8969107109865533,919,6,0.010317728412200633,0.4948651291756046,0.6802438067050067,0.9825645869489489,0.5933863950129569,4,4.72197940049431,7.103882522282485,0.0001467246155825789
801,0.905317633350268,779,6,0.010037261423685238,0.4980932867254763,0.681721451567021,0.9777433718741794,0.5932173108298453,3,4.999490566145154,0.04306565556730151,0.0002703107494263595
800,0.9054116446947603,964,6,0.009948476595154352,0.5008020708665343,0.9270919236419294,0.9822078865212256,0.6088643196603679,3,4.855008051580896,0.03860212963462864,0.00023233487700525946
804,0.9055701558554119,952,6,0.010250117296530147,0.5368739596570085,0.6805049898528291,0.9998946086199544,0.5945103230154438,3,4.998958530952908,0.03319594214398451,0.00046224135824937164
806,0.9052406033353819,971,6,0.010130630687283313,0.5415482963052766,0.6098373263200171,0.9862514668402792,0.5990033976281487,4,4.721476168959099,0.024209726469744834,0.00029174169697958346
803,0.9052155961502043,989,6,0.010535892969083503,0.5387616978226893,0.935723595289938,0.9922999554591105,0.6475367666165062,3,4.738148185295912,0.03891496326675197,0.0002620402643688561
805,0.9053362517935577,958,6,0.01071940771097121,0.5369840333361412,0.9374404268400368,0.999606131327151,0.6000500055821644,4,4.727459389105843,0.037586682883890506,0.00028808192876338703
807,0.905624104589428,967,6,0.00819076823059194,0.5292642904372673,0.6062464191096869,0.9974658806248415,0.6464259933325653,4,4.720658763516186,0.03764728971154352,0.00031325011805161465
808,0.9051499598718624,943,6,0.010781140091263129,0.5382660396505178,0.5780412623812248,0.9949316398263394,0.6512368584377451,4,4.69837292211401,0.036489354801431555,0.0002244062697017178
809,0.905515291642194,947,6,0.010537371213502436,0.5380280197869687,0.891257633687698,0.9966910456726882,0.6450603046708552,4,4.713725701829354,0.031574495813494,0.000303915140562643
810,0.9049042441290439,997,6,0.010500868016391461,0.5417222682695225,0.9020032616508823,0.9934362641243932,0.6488810281200509,4,4.994031952086768,0.02825118976793736,0.00030389059838748184
811,0.9049124822255795,947,6,0.008408328333975458,0.5429374337982589,0.8899069632987869,0.9991218899874943,0.6514108803414808,4,4.709624667497036,0.033890332426057206,0.0003212804959217178
812,0.9053981388869599,803,6,0.008296540232012628,0.5400818117510054,0.8862225872700917,0.9659971913980828,0.644638378464713,4,4.702399584306464,0.029530526139890392,0.00029568593038372114
814,0.9056875280732765,806,6,0.008324464299423804,0.525896868501436,0.8856356384646324,0.9977357890900138,0.4727283659950792,4,4.7253895313520875,0.0004139495087131699,0.0001820998952882221
813,0.905430599819723,948,6,0.008113650104286128,0.5281470123300624,0.8998306304543566,0.9643357935809949,0.6530310100961292,4,4.721531362345798,0.028786925344217687,0.00016033867081642186
817,0.9047101521998806,764,6,0.008478918912271705,0.5868462573497748,0.6602115479395961,0.964128804980041,0.6634527143356698,3,4.7381706149927645,0.02642089378392231,0.00016321145340550094
815,0.9047195642352447,944,6,0.008289709471522213,0.5236748145392851,0.88658517847867,0.9988184530334064,0.644508335026336,4,4.709992093941581,0.027122000413666924,0.0002155320475906422
816,0.9055231414411491,925,6,0.00822950545252614,0.5243688039929129,0.8830346330296616,0.9653095257711544,0.6450255365472628,3,4.752630024432086,0.030751878451530948,0.00022130161504216718
821,0.9040394158684724,922,6,0.027474402610319387,0.5876685560689064,0.6417895912933909,0.9631627095987804,0.6686448395889573,3,4.787283046177066,0.07806275139342758,0.06004157469256965
822,0.9031553039351421,932,6,0.02850221386822645,0.5891218743877745,0.6466162999861421,0.9678592278602732,0.6625677903750954,3,4.996657944755986,0.00031808863645592156,0.0030444778718068492
823,0.9034227423734038,931,6,0.05019510526345104,0.5844212818591293,0.9475810715751753,0.9619611609356317,0.6651628378714299,3,4.910885716992992,0.0003303628695574598,0.0641138477943019
818,0.9050613011502243,933,6,0.007643695950906973,0.5865982839094722,0.8863977447952961,0.9658645262473844,0.6653397556370942,3,4.917869714928793,0.0003691447539022667,2.541204593127947
827,0.8878412899318603,796,6,0.23647117986490032,0.5162349344127669,0.9481319104870438,0.960936284461559,0.6745756131467058,3,4.999596189204707,0.0003110379345502046,0.0005281325479325868
820,0.9058253050705399,807,6,0.008365133734112044,0.5800497985675604,0.8857623182250867,0.9617881138164818,0.6715076540705097,3,4.9132679852587975,0.00036337974897295385,0.019644848756072624
819,0.9052703567515188,1000,6,0.008188701447494244,0.5889433930508132,0.8861027197437292,0.967901174550132,0.6611653737734049,3,4.994932880673959,0.0004419338058078783,0.0030346497671589886
825,0.9053468448373815,752,6,0.007733458409547142,0.5181746661263477,0.9456029294443105,0.9565308193267638,0.6670649890128139,3,4.902802039377338,0.00032148220877399706,0.00042568979756546754
829,0.9048581326510892,746,6,0.007341639892124118,0.5145821211006973,0.6304633481551367,0.9224079113741553,0.6250738060148495,3,4.894664100330284,0.0002927481746371356,0.06814256469105887
831,0.9042691020972692,791,6,0.00748594111379345,0.5142964204290797,0.5897146465227302,0.9209074509676243,0.6271695069922788,3,4.99901438865676,0.0003104363731006729,0.018374189007603712
826,0.9052076568025905,923,6,0.007310940096115264,0.5179482777510744,0.9418337720788472,0.9569575750185729,0.672680417216424,3,4.998189652738191,0.00035698983749340714,0.06710803922260278
830,0.905216390229399,745,6,0.007626302981551536,0.5125748101552153,0.9471195100097844,0.9539716638983275,0.6229199829345333,3,4.913115647060136,0.00028704773863089155,0.06915819274950474
828,0.9050002627166089,790,6,0.007154109209651476,0.5139030512886481,0.9473617141839251,0.952499242947021,0.6291951352274654,3,4.922749466666044,0.0003247372440956096,0.07004457508015278
833,0.9051301478012018,742,6,0.007462284266260027,0.5127179239906458,0.6237549343264692,0.9242122602775339,0.6280381932866922,3,4.814010562967932,0.04960400886054775,0.00042969589332428364
832,0.905301078783116,750,6,0.007356546737307987,0.514791119709846,0.9075103879787534,0.9250936478649097,0.6269167853432844,3,4.8925053071805165,0.0002650315860410048,0.019055026716608022
824,0.9033362621623497,750,6,0.007517290178312128,0.5887831907354804,0.9458113676980728,0.9675351369297988,0.670773147430402,3,1.3297770910554743,0.0003210587977356143,0.033023017032479195
834,0.9056803175057929,742,6,0.007338346510761121,0.5099131737696839,0.907054480081714,0.9253556368094079,0.6227876262634575,3,4.8189105720360565,0.0002715366164112789,0.06780734978718773
840,0.9045576249877307,704,6,0.009237891512157727,0.5502477964223866,0.9771842211647056,0.23631525713112644,0.697671268633874,3,4.623586153164239,0.04662827483749053,0.03226397229564342
841,0.8987378224466287,709,6,0.08051716246287137,0.5511821651713493,0.906494210136518,0.930646148885016,0.6854266801462225,3,4.616205535280833,0.00025603392521848887,0.032188528710494116
837,0.9060223584149043,710,6,0.00912978194087107,0.5508395425913285,0.9082789227131096,0.928850470817105,0.6287651774085979,3,4.593709686339384,0.0495997627244737,0.03203650591680421
835,0.904896804748773,709,6,0.00746373296154294,0.5491847152553904,0.9082893891988505,0.9268647493770273,0.6237151236544459,3,4.621088857961016,0.05047775874652163,0.07015751825069463
836,0.905658786982684,779,6,0.007457165117484008,0.5491355714331301,0.9059940819862691,0.9118005725422692,0.6233018807639926,3,4.604213493276336,0.0002577761086940439,0.032750639136302766
838,0.9055607560588713,706,6,0.009206661983679918,0.5499421044835324,0.9509507005486647,0.923058353706317,0.6281707652396425,3,4.5750444019115255,0.0002481450255949555,0.0317862977666357
845,0.900841257958884,709,6,0.08031488996297416,0.5679436494948571,0.9980459348010993,0.980097400165605,0.6993747487774437,3,4.636887831448921,0.016116353744261024,0.041519054127415383
839,0.9054293047089399,714,6,0.00908581956821567,0.5709893941239076,0.9998675461254809,0.9262916098012655,0.6987600705872691,3,4.594657494405695,0.01552109595611805,0.03175902333885314
842,0.9051523876439515,712,6,0.009020325448886972,0.5492457302745701,0.9067717874864463,0.9765861377691086,0.6963020043583633,3,4.578482692351101,0.053285666905009334,0.035470104989509914
844,0.9050118134293677,710,6,0.009103792207601198,0.5513289429768631,0.9750207547327462,0.9793185098738925,0.6093005983924322,3,4.56371864566038,0.01291700285744428,0.03191449442884111
843,0.9048924734975499,715,6,0.00894746190036056,0.5511734991557655,0.9109487836294448,0.9333387731084986,0.7060680715188207,3,4.646641367234743,0.021179326167332178,0.04367699601515732
846,0.9055813787045324,714,6,0.009079492825876343,0.5699971448174316,0.9977992947163211,0.9783596125389773,0.3806255178391149,3,4.807020364027381,0.020328312451224427,0.041855244303033536
847,0.9056356511972398,778,6,0.009201146413690919,0.5679103119237402,0.9746630695000251,0.909364146840283,0.6098347913108374,3,4.580394077713911,0.06993272749986879,0.011921629494145387
848,0.905098135675979,771,6,0.009149144012484182,0.570273116173707,0.9720638270363099,0.9050111514455631,0.6074775915289914,3,4.587165978805666,0.01780728989959533,0.042343620441248696
853,0.9043481007383187,771,6,0.00943226135254762,0.573407650378812,0.9736743591187311,0.2848362226387394,0.6083302857298427,3,4.813562475725974,0.06627505623988762,0.04945529680019812
849,0.9049075846437035,978,6,0.0094047223235168,0.5749719035459402,0.9808568858376069,0.9121419635848821,0.5791135627142692,3,4.807105846472038,0.059602254620716666,0.04336915056300225
850,0.9038051765692787,768,6,0.009116811491453165,0.5677974127586053,0.9726905896143313,0.9133752777866733,0.6058965482016702,3,4.809417580217196,0.045228167515262964,0.015022787150234328
851,0.9040702900871793,769,6,0.008966938361046494,0.5748172841023473,0.9752874834663314,0.9097018380794524,0.6065549948530041,3,4.80786575315298,0.06010157713899972,0.045357653119466275
855,0.9051687151467194,772,6,0.009548766245191125,0.5694703851446835,0.9708010092611093,0.4817431197697325,0.5823164339787018,3,4.793224727438107,0.08783857515618086,0.9305585574189242
852,0.9055693652730239,771,6,0.009323713324986617,0.5642426013594729,0.9756126789313341,0.9432089779951893,0.608712856656659,3,4.805077346286853,0.06479390109824848,0.0444815344857987
856,0.9051637455002179,764,6,0.00865252059947776,0.572736001970261,0.9338205469547943,0.9452714205307713,0.5852207660738706,3,4.811797392820355,0.047272087842670577,0.02313680415756097
854,0.9046698785647209,977,6,0.008712693585253105,0.5762421377620651,0.9334150461649797,0.9106707052983046,0.6074311427538274,3,4.795058133564343,0.05492319105968467,0.0001756068700983739
859,0.9055591165126267,740,6,0.00849224961857544,0.5309026852540846,0.9295128423502164,0.47852947125829437,0.6430629038810483,3,4.811697311319835,0.05069348019514462,0.00018582691696645325
857,0.9048382160563146,973,6,0.008619371749846975,0.5289378733496103,0.9284347002651261,0.5051623519206718,0.575903482739181,3,4.813894314032385,0.08245621428906562,0.015385108444500362
862,0.9046632217089788,738,6,0.00847839449237732,0.5306290116161019,0.9370681721805972,0.47970935838514744,0.6434630472740557,3,4.877287923356013,0.09327392093175542,0.00016985793611621513
858,0.9052346223515642,693,6,0.008550704236415465,0.5280762408589009,0.9301236915682738,0.9444346919127518,0.6417776019227212,3,4.824430777689301,0.06384373172132736,0.023494572954924742
860,0.9058970963368426,737,6,0.006653134430981576,0.5316591035363045,0.9300338982510219,0.9457495918938574,0.586087462684408,3,4.8086525133893625,0.06709783888459539,0.023503089183852882
863,0.9057573228909968,690,6,0.006714047317883777,0.530691625465476,0.9275890157425017,0.9418934187726338,0.6344807250562077,4,4.902696484884597,0.04689098364554525,0.024230265213909787
865,0.9049159041550213,691,6,0.0066507175203833965,0.5314498306214384,0.9363236984982982,0.45686303479463797,0.6390917167744351,4,4.902778452554028,0.010578527638666447,0.02278417943018728
864,0.9055819410822732,733,6,0.006656614555176669,0.5283988716100834,0.934590238609494,0.9473831699153199,0.6404059914877822,4,4.92005594034715,0.04568810194608452,0.020204584593935027
868,0.9039667796672427,825,7,0.006675692965250686,0.493944014993429,0.9529623258682867,0.9497693507193707,0.22319587028842547,4,4.912040106080593,0.035618089145104934,0.02508506320562793
861,0.9044661891174023,734,7,0.006640965051902835,0.5263803066875606,0.93602231011617,0.9467145225971101,0.6421582367658794,4,1.6396116446601416,0.08530508936681683,0.00019436038593046264
866,0.905091361677212,728,6,0.006654762134736908,0.5283975366958374,0.9549539322727535,0.9471765129972639,0.6388250498694641,4,4.999806506100994,0.07917928858385571,0.023725962192561525
867,0.9060183725113531,823,7,0.00661725358187857,0.5292183995131531,0.9552000259912096,0.6368758326789387,0.6401694770729434,4,4.913081941724608,0.00014945339847710878,0.023912757509838966
870,0.9042631079624174,847,7,0.006683975045737063,0.4872280421914953,0.955758575702992,0.43008880372620395,0.645397528577771,4,4.9170640990993055,0.17944296360775747,0.05764029821407818
871,0.8997912692216424,730,7,0.006516440849617979,0.49069628697296597,0.9172234363002002,0.9464489878657967,0.5875243420104662,3,4.720168600544167,4.670603321466508,0.022637272123605154
869,0.9051689624317681,844,6,0.006720559063015182,0.4953633992434255,0.9558489777141351,0.9476535179489822,0.6386186365202913,4,4.900669639164803,0.03507430387295898,0.025522039809730952
875,0.9028259315006579,726,7,0.005738518973194438,0.49469850684129446,0.2937548907336579,0.9318916377186033,0.5877857771555008,3,4.684551006157216,0.023682112124225392,0.05582866098315579
874,0.9051419416940624,724,7,0.006536744250431418,0.4922730515466868,0.9179554409783589,0.9352201502815581,0.5834127666469946,3,4.669257114499602,0.07432442333341298,0.05489826371028822
873,0.9049284899985854,743,7,0.006608176353953584,0.5054780188613307,0.9186725918142087,0.9503400092531837,0.5690875414498145,3,4.687445805110297,0.1333626332108859,0.01926413198481405
872,0.9048410792568575,729,6,0.005665914956811972,0.48738142677079305,0.9544318889589244,0.9509407379705975,0.5742786695972117,3,4.706620764888853,0.039933663869217026,0.022879308012087252
878,0.904546133416616,850,8,0.0069007169352908355,0.4954025863655113,0.925494740791254,0.6327738308380203,0.6539901002698303,5,4.708123403177216,0.06640325662989126,0.013077962885004863
881,0.9036109950154388,809,7,0.00774097246723681,0.5133173920852308,0.3022263440980878,0.9283884444506922,0.6833270941001623,5,4.676187764675027,0.11026907274718861,0.019659177632972275
876,0.9038570948748733,721,6,0.0054794066687867075,0.49612652613718267,0.9105961284488371,0.935648099007505,0.5730545696124594,3,4.690847694966211,0.12702499576423906,0.054101944508023164
880,0.9015894319112135,797,9,0.00693965915066505,0.5068478101680887,0.9180288787908677,0.928618122673174,0.6556919867457685,7,4.678889303814859,0.07022153397697775,7.881953871581894
877,0.9060989317924438,721,6,0.005565998898584716,0.5045582974096281,0.9154512700961919,0.9350291559463817,0.5868697508076505,3,4.679549244644461,0.05488778496108334,0.05492373700478484
879,0.9042919680204559,829,9,0.006925262364097485,0.49638219174294906,0.9192502437867088,0.9296431577518375,0.6570702676408837,3,4.655562632859102,0.0315191566248776,0.015763963594536877
887,0.8983886620390434,896,6,0.15609042056671585,0.5502961096510983,0.9000060909595213,0.91491395404318,0.6189469846695393,3,4.551107340952918,0.059935340113411284,0.038944163705693875
882,0.9048368736626233,752,7,0.007754994377297267,0.5099123107119736,0.9156291862884246,0.932082378876645,0.5344447515549683,3,4.646854336373066,0.07389133451864893,0.011264148196856177
888,0.9024300805135186,789,9,0.007676118672018868,0.5465630313579894,0.9032218634847027,0.9074651760466848,0.5293769418608231,7,4.610634727346951,0.05714799831479503,7.891680572598523
885,0.9049182543132046,803,7,0.00775393984280535,0.5075293887906672,0.9036204456670619,0.6437582467091878,0.6848849374676813,3,4.650938593930292,0.030135504774730194,0.00012843990360838944
889,0.9021953544740334,690,8,0.007769160190377506,0.229914017299243,0.9010706145228436,0.9191830224692112,0.6205042279701837,3,4.75394563876745,0.053006322541082763,0.03968705187012512
884,0.9052731296432273,797,8,0.007617339258526464,0.5490464153350187,0.9135356831876342,0.9277582201381175,0.655682069527339,5,4.713938192439577,0.10096485569258415,0.014660363878283426
883,0.9047512819445457,791,8,0.007734252752936143,0.5108758049443934,0.9203299801942539,0.9331119883830818,0.6823989984643012,3,4.701292854791668,0.0433944314659358,0.018872123754965175
886,0.9046418830541342,799,7,0.007746247120829362,0.5089773838243477,0.909078785496182,0.9284395257889988,0.6786169978744171,3,4.573303278003638,0.05708626287852229,0.017943789013783795
890,0.9051997759884804,698,8,0.005965215893945523,0.5139066177647741,0.9011644194546286,0.9011070894010174,0.621151904674868,3,4.58069497759811,0.04563909353672111,0.014717453948004907
891,0.904940284043481,691,8,0.00592818109822693,0.5102223985230725,0.9033494406005664,0.9140199479895205,0.5922538591900763,3,4.54033149775449,0.0884276772453493,0.010188486611686112
892,0.905438809713752,678,7,0.005862338286373674,0.5094458630450336,0.8752371614551727,0.9037253894845498,0.6789864833645596,3,4.567445077010274,0.049060545394226766,0.00013992295212425388
893,0.9046222426310727,688,7,0.005971328119525488,0.5135200762880185,0.8788369351077814,0.9051888026602373,0.6811559314925411,3,4.562172180076669,0.05754017797086314,0.030835505196436703
894,0.9046846711213753,688,8,0.0057322587968285195,0.5147945231715486,0.8787842671963196,0.9111245930289784,0.5562036406192938,3,4.570835791772636,0.047970053418074136,0.014711908273162436
901,0.9012055823448115,675,6,0.05770313626705325,0.5243807129809723,0.8719939710756672,0.9730303024545439,0.5654709062158306,3,4.755008140272433,0.04653251425115885,1.1458430995379885
896,0.9046762199476829,690,7,0.005953754324412943,0.5239302518113707,0.8725339478647023,0.9047929222995634,0.5472508597800565,3,4.534074932514426,0.04662973569213004,1.3638160422465608
898,0.9058852984150526,693,7,0.005954689903229439,0.5210940802698348,0.8815719271487985,0.9017566561823105,0.5472477900329857,3,4.746970439959373,0.04367015794955666,0.0016180820866545796
895,0.9056049871670234,685,8,0.005919867807753118,0.5204680594816912,0.8762327771599262,0.9191120609282825,0.596142473784981,3,4.580547062424572,0.04642772656046916,0.029629579092978295
897,0.9053938318853311,689,8,0.00601492754215703,0.5211132733429521,0.9361199019805675,0.9010754222557751,0.6014119566723524,3,4.583373049307647,0.06377048088416802,0.03038925138521565
899,0.9052900069048249,697,6,0.005650073833480456,0.5225892062137273,0.946267870095559,0.9034642731986978,0.5912886298240769,3,4.5695041987875635,0.045119024718463685,0.02889787300679284
900,0.9054003219585962,676,6,0.005835534517451698,0.5184522450911704,0.881052872973305,0.9092388052201559,0.7052316915361786,3,4.547236463689466,0.04205464901990815,0.03253687172690699
902,0.9051189923796372,696,6,0.006187666053798012,0.5244511314150782,0.9383451524431758,0.9743943746904228,0.5935422571070103,3,4.7780792819655415,0.041235680694312514,0.029175600475489297
903,0.9056801324791071,706,6,0.006160751510526068,0.5270212871625672,0.9399679302648875,0.9711072422668042,0.5636669921386006,3,4.781610398553288,0.04243676525504102,0.05292362549796571
905,0.9054070061806515,708,6,0.00621079159475411,0.5365501889497227,0.9355896393842357,0.9521528759054794,0.5539000490509577,3,4.761308168404492,0.02254434687942943,0.0495391730944406
906,0.90506066541556,704,6,0.006316471080893915,0.5399256226497906,0.9383133974116484,0.9710470658290823,0.5947580677078399,3,4.787716251404842,0.024552900625271542,0.05306910161152585
907,0.904097699730606,697,7,0.005503233468388949,0.5286595260421952,0.891344881097157,0.9028474257649346,0.5172240641837119,3,4.765808069659009,0.0767000343387559,0.005334118492243705
908,0.9049485042758952,714,7,0.006317789466542138,0.5384654495981346,0.8956372378634254,0.8996945623085214,0.5393532473101205,3,4.755866405914983,0.07548563978744227,0.04871816505921028
904,0.9054491246854243,908,6,0.006196827569830421,0.5269044498828468,0.9398974539532451,0.976427163688693,0.5987093626277015,3,4.744697416936636,0.03717442544895003,0.045754717323262986
910,0.904729746784367,710,7,0.006263436312524071,0.4891303800696215,0.8870320933882264,0.9360135442216716,0.562447765999938,3,4.739787023367626,0.08047132637411215,0.001089493933525923
909,0.905166038037108,720,7,0.005329064320085916,0.540420771166801,0.8909581737670557,0.8990096167010496,0.5541713378239965,3,4.762446777528277,0.059706323313630745,0.05242628430388872
911,0.9044063085829152,706,7,0.005402504165688303,0.4877084100206791,0.8941643423524114,0.9384949332791637,0.5697198298172019,3,4.761759939666708,0.07413579967464282,0.05307441714937956
912,0.9050218720699041,713,7,0.006312586598172324,0.49227518885169724,0.8986075048469125,0.9352392073746415,0.5255873275065772,3,4.746166377891994,0.0673849241916865,0.005623599934000241
913,0.9043682083651644,714,7,0.005346339348744089,0.5388511867195349,0.8951846370055598,0.9379128096127295,0.5134776651643667,3,4.750255976045355,0.06701996730068163,0.05131688992442801
915,0.9039483858557755,720,7,0.005420378371048058,0.4850492266268175,0.8884289022062791,0.9379112572322891,0.494549253604025,3,4.75439035550625,0.07756053094988964,0.006999669106793019
914,0.9043750416576104,718,7,0.0051072330354509045,0.4840370056648996,0.8945204818472083,0.9352735822928201,0.5265309945958175,3,4.756696469021719,0.07609773991359836,0.0037155536571402553
916,0.9049053709369994,711,7,0.005387447677625357,0.4879364432298501,0.8927086324490875,0.9217038746235682,0.5522891498581922,3,4.688522690159208,0.0775661353556201,0.0019796514968284788
918,0.9045056490608427,661,7,0.005080073041830516,0.4870685894374554,0.8966430474271283,0.9362162089378362,0.5308197401232687,3,4.6615610456064225,0.05284505857633755,0.003760343879432976
917,0.9049371341047877,720,7,0.005062128381241836,0.4856602191304934,0.8965713801935971,0.9345314122330115,0.5408376903116192,3,4.857276162746426,0.06689954433612764,0.0016263180684396889
919,0.9049009928589733,670,7,0.005371330660805755,0.4880878033624697,0.9180522171975234,0.922391295989505,0.5796837780409756,3,4.8450489565276715,0.06571654478988034,0.001831237228229962
920,0.9046723545319285,660,7,0.005193274113230128,0.49622377962521574,0.9184001916177887,0.9217895174077548,0.5688277180404925,3,4.846096803480422,0.10878670754672937,0.0036049870139412137
923,0.905064311748772,660,7,0.006930229454411716,0.5043701747080644,0.6555152934070402,0.9208089277652529,0.6103217767316526,3,4.845488264446951,0.00020663938378743006,0.0005200688414678138
922,0.9046431813576538,665,7,0.007005700114697292,0.5012946902502905,0.9158380888628125,0.9178956810362731,0.5505672350143241,3,4.871136938418148,0.00022041692219508982,0.0007773322989986684
921,0.9047635390122609,659,7,0.006901773914216138,0.48751468832657224,0.9548202368506576,0.9207879532828637,0.614468431483586,3,4.657215515734634,0.00023498898333681467,0.0014810743683973367
924,0.9046576714405274,666,7,0.005036811556029852,0.5019255361228464,0.5623300109155907,0.9524862128587213,0.6161249371362534,3,4.876149712975179,0.000221354356983722,0.038164571792389794
925,0.9049663097876411,745,5,0.007004011241821047,0.5487052227870366,0.9185824514285704,0.9178196954643951,0.5398918775727437,3,4.857988428504088,0.00022255982195169445,0.03688015382184694
926,0.9050058008222542,742,7,0.007060238422702603,0.5042885098638692,0.7002046803305737,0.9555349343525723,0.5414084592625505,3,4.88136333721825,0.00021250033732207613,0.07327473637238091
928,0.9049855695908932,663,5,0.007199427247789389,0.5034914329413589,0.921763032339224,0.9547239386893895,0.5730057202087651,3,4.859232937151868,0.0004282081445425778,0.07372575261443952
927,0.9054399156929023,750,5,0.007088815023774842,0.5053862946285892,0.9228964931919853,0.9546965871178081,0.5765001263369331,3,4.8698810019699375,0.0004144300540263052,0.0733684888426265
930,0.9046750586277655,744,5,0.006926248915208473,0.5496753280443849,0.6572779420707794,0.9573945358678664,0.6133238849091526,3,4.893658574733216,0.0004544145063493321,0.07061474245351843
929,0.9055861389227184,662,5,0.006999386397187816,0.5078941752529009,0.9527534846707006,0.9532132014865423,0.6130927516985182,3,4.880414182355742,0.000392053847826529,0.07257306269552022
933,0.9049363077181397,737,5,0.007132305796198373,0.5492281687072208,0.6983336528699161,0.9542678676135486,0.6273619680726585,3,4.897411983928736,0.03652264953248131,0.0729716457094437
935,0.902564483092301,748,5,0.0071036835486201705,0.5488196073646455,0.2372349955183521,0.9552849690936898,0.7112232700054395,3,4.661166375859836,0.00040193325726898264,0.06936111716935446
932,0.9058077693450342,734,5,0.007006623921093969,0.5472896073932628,0.9567691404832971,0.9489883609378154,0.6158413603380462,3,4.661805395360011,0.3420704508231699,0.0023758437686973045
931,0.9046785420553951,746,5,0.007001920501334183,0.5467327437091667,0.9528442662170831,0.9577948369749948,0.7151830809144396,3,4.653123321197484,0.00041160958487628554,0.03765442100452625
940,0.9023621113329743,738,6,0.006352218861007108,0.5533944308229537,0.2401214506023393,0.9461334543803348,0.7121250563403173,3,4.631486043602555,0.03465079639747757,0.03555077566316302
934,0.9047401108633683,747,5,0.006969208741771605,0.5535947369233027,0.9532423559216348,0.9550282895537245,0.7107692077499911,3,4.898926893473331,0.03491927997314626,0.06865262243390698
943,0.903040008136309,697,6,0.03924380574297305,0.527932863078685,0.9502630380709722,0.6140353747389389,0.6651435890083073,3,4.510085312367463,0.0002685547080295344,0.03712181068373495
936,0.9051739612690041,758,5,0.006635758620579192,0.5439727833619438,0.9520841208214722,0.9552240760162857,0.6666242118379282,3,4.477754119059633,0.00041149888154820964,0.04067988354356445
938,0.9052858055675731,737,5,0.006551035713681109,0.5423485365106457,0.9512029785977991,0.955720010906793,0.7224845449543461,3,4.64073678032797,0.000293625244620421,0.041038348992654024
937,0.9055149581532579,763,5,0.006551065060068271,0.5441675027145159,0.9526628675510589,0.9528606520422103,0.7115376408925251,3,4.50965630910004,0.03702292014129852,0.002661915683169841
939,0.9059557889452744,684,5,0.006675930411550872,0.5434206204008039,0.9474204347137236,0.9520586286787254,0.7177288570508478,3,4.496374716346254,0.03530267967849427,0.040151238623331115
944,0.9049165202771612,685,6,0.006357206465353463,0.5293055367699193,0.9381897951918553,0.655656608980368,0.6643072572408861,3,4.514535643277663,0.03595672792751603,0.03931169382936754
941,0.9052788327829461,757,6,0.006497659687273912,0.5397202407168032,0.9596554853598352,0.9690436754558642,0.7113661604863225,3,4.4987473954190715,0.35267477890424787,0.03972087657496961
947,0.905068737793864,688,6,0.007801376438558386,0.5295663322977979,0.9316052219000677,0.5895016017223671,0.6642475898060084,3,4.65281200785739,0.10045466372147967,0.023657584575527985
942,0.90434342147881,682,6,0.00642328244470891,0.5279244681710985,0.9490272908550899,0.893121267758094,0.6619482299152524,3,2.145332140324066,0.00027511514017901926,0.04039116028946857
949,0.9028764306348487,687,6,0.00800350516454095,0.25661653890714103,0.8633799385225843,0.89289250005646,0.6575048674899607,3,4.531928031520849,0.0001626209848141397,0.027888387796862757
946,0.9050492250802653,697,6,0.006515083103690079,0.5281247544350609,0.9319635967602207,0.8961234711410512,0.6625811218102107,3,4.488587247044563,0.0002724799216963552,0.026850535206458203
945,0.9033052923895986,682,6,0.006552815143615652,0.920878977498248,0.9426198870055186,0.9721032085665834,0.6625425143590324,3,4.507824281613387,0.0002680023575944856,0.02668923153089466
948,0.9049605934968881,679,6,0.005747296977675912,0.5272998660036945,0.9337091849084442,0.8965762269717309,0.6313066993748278,3,4.508768312279482,0.00017726887672810603,0.026472498533645885
950,0.9048454023742041,999,6,0.005742196532499749,0.5233848318731266,0.8640724146397295,0.5486943107584197,0.6337844491457235,3,4.786271794296699,0.00016407035603276205,0.04167102129432557
951,0.905163333409148,677,5,0.005849453220305707,0.5247553504465277,0.9395770067641345,0.8995030566204294,0.6319707456976171,3,4.5192254265923975,0.00017424968627862076,0.025253458898001967
956,0.8979151207486888,701,5,0.10403320507312873,0.5140569235647224,0.9341328653700132,0.9123516049391198,0.6926386852944111,3,4.450748850733794,0.0001869188459458537,0.025806319452277158
955,0.9044693321384998,682,5,0.005714101654800538,0.5168480270619639,0.8610348154749988,0.5450794561288973,0.6314103879016644,3,4.467355177688598,0.00583692428851933,0.028266249195051576
953,0.9053235491870563,681,5,0.005831846164402181,0.5212889941121526,0.8636393706225619,0.8923150937993549,0.5056037706365406,3,4.501215832755464,0.00019345948756256353,0.022980909044993513
952,0.9055520458174117,673,5,0.005775244573817153,0.5226457777549071,0.9345980153327119,0.8917755185841933,0.6315779067535985,3,4.515226171778278,0.00016382495827586054,0.02549194972466337
954,0.9052201727100204,698,5,0.005658283643167057,0.5195102275589543,0.8687170614319552,0.9130008888570251,0.6831999755120617,3,4.490152021270815,0.00018148379602661783,0.02739582837007174
959,0.9036861824412382,1000,5,0.005738602269487729,0.5152390307936164,0.9705090202980633,0.24839183085519614,0.6845790987870463,3,4.610807596442889,0.0512410025366114,0.020807597732082392
957,0.9048238569516579,680,5,0.005786049345347055,0.5135686080180185,0.964749957810541,0.9164261503789114,0.6311885414620958,3,4.4648281278582145,0.0001796651890453518,0.020226235634959792
958,0.9052123497452561,706,5,0.005698125544268194,0.5150520616527405,0.9688578993799275,0.9184384354913345,0.6922365422958346,3,4.618731634943594,0.056426402659979266,0.020952407456277675
960,0.9055358250432661,706,5,0.0057716938812599865,0.5083413887863888,0.9643696643873633,0.9230397226031387,0.6891758019327482,3,4.6156143601555115,0.05595654070411387,0.03134102894359506
964,0.904725304775592,717,5,0.007464179371836605,0.5557880040019092,0.9768548720389499,0.927524415494116,0.6467119058199962,3,4.623568098340752,0.05329763519766497,0.02034450849445379
961,0.9047992005874148,705,5,0.005738572921508767,0.5140640140359172,0.9648500226024392,0.9272081446650028,0.6857984282156363,3,4.6182325560126785,0.04994169374906066,0.01901839027087027
962,0.9050148484295445,719,5,0.005852372788087034,0.5586792281156079,0.9740266001280469,0.9330901137293575,0.6817935729495228,3,4.614512177599161,0.00019133922677284926,0.018741843960225234
965,0.9044485856602706,718,5,0.007344893181360167,0.5078989312488998,0.9694510053543032,0.9275989599744247,0.6833357786065484,3,4.626883819198803,0.22080387136456306,0.019510863152465096
966,0.905667630254834,721,5,0.0074194976657414365,0.5594627787072224,0.9651499714395066,0.9329672588415991,0.5954001885769745,6,4.663279130421072,0.05106395777237999,0.01713021124530717
963,0.9049240673742827,721,5,0.005734104271580137,0.5117489297109155,0.9678913480469957,0.9271754214014919,0.6834277175848984,3,4.617399161658685,0.05111241629550618,0.034313496573430864
967,0.9043699908243792,724,5,0.007440809202599782,0.5618540550591095,0.9691757477833619,0.9318569675734721,0.6026243454497706,3,4.661575387231379,0.0519884413671446,0.032827426322312565
968,0.9056709428710571,720,5,0.007272165900969612,0.5611849988821153,0.9605266867672316,0.933015009960703,0.5840700924096971,3,4.640093046476576,0.04959992142954079,0.016896309333794032
973,0.9037881814804981,733,5,0.007434167779015261,0.5599455705625347,0.9083530339202887,0.30599820185197857,0.5957299639100044,4,4.999392142182116,0.00013862272007937718,0.03426996861702012
969,0.9048217814448367,722,5,0.007509581198762996,0.5571743843200099,0.9118276149195444,0.9337745175682287,0.6465191299325111,3,4.634323239474016,0.00014567672545734713,0.033293349267169495
972,0.9050432944960749,716,5,0.007910931410659117,0.553586003733885,0.9203972950707829,0.9402515614685131,0.585233805449239,4,4.9992199983659775,0.000522347826637307,0.03347016757273161
971,0.9048739689285309,722,5,0.007542580672665315,0.5561606682434524,0.9099243585206044,0.9350910435326469,0.6028283631112573,4,4.714154996903773,0.000148052595793386,0.048110518862764566
970,0.9046207459217808,721,5,0.007594841730816107,0.5599346736100769,0.9091947681086618,0.9406472960291244,0.5881717856497369,3,4.710272483773881,0.00014157592978816325,0.04860537616301032
974,0.9050878011677996,725,5,0.007446808422201907,0.5575079944515244,0.9067325989172571,0.939981677266117,0.5839902807364039,4,4.768651052175919,0.0001409412106455586,0.0345321898759745
976,0.9047325961497178,648,6,0.008111455802966416,0.5380777301721572,0.9089499567777775,0.941221898272194,0.5883611262385161,4,4.747487069875207,0.0001371381990541255,0.05412712726694913
975,0.9047337411258647,659,5,0.006326467686225144,0.5397587337887841,0.9071102281768996,0.9410299518927098,0.6525313242936689,4,4.998637744475014,0.0001387596222074804,0.03380672832222847
980,0.9008104279823839,667,6,0.00639065905843554,0.5391134581907271,0.2140725853750568,0.9723694351603293,0.6120473085112333,4,4.7747785293759275,0.00023806091309331047,0.05135024504069623
977,0.9047394520953901,656,6,0.008039673319517052,0.5322098481133564,0.9127110456492549,0.9389974555074596,0.5880809535003915,4,4.756038768572082,0.00014584012645721276,0.05481294655791078
979,0.9043545692226033,702,6,0.006358642864821828,0.5390119517066466,0.9165901360068244,0.9467352992558534,0.6485894644588968,4,4.754932872149982,0.0005106050337204134,0.05082143616069328
978,0.9046238535187058,658,6,0.008090562472621039,0.5380275565368811,0.9127374520425209,0.9705862719704219,0.646583576187104,4,2.4812146939049122,0.0005293414958358883,0.0505030965093201
981,0.9052590177476016,655,6,0.008188700574124153,0.5415504092556611,0.9300980977374403,0.9834626841722034,0.6500818959965168,4,4.762373874494082,0.14817664289139132,0.04964350585693637
982,0.9049459896917786,656,6,0.006517856233508128,0.5374881167550933,0.9266076807387943,0.9810278954140049,0.6504586288088975,3,4.788387829590706,0.0002335111959563385,0.0533504383988964
986,0.9052506378023416,665,6,0.006467239107303215,0.5367142375720817,0.9282517292173298,0.9813241156411416,0.6208199865544601,3,4.820977966380354,0.14552676269705403,0.04450015186275118
984,0.9058748663763729,654,6,0.006263567439014727,0.5367483749588936,0.9418709804398255,0.9793869289012391,0.6496877126455285,3,4.801629831216588,0.029082975040363654,0.00010162297000099639
985,0.9051856289727527,663,6,0.006295759854635373,0.5366269365450592,0.9442740147755906,0.9707824279910177,0.6488299810177429,3,4.845753451105591,0.029856633831424364,0.05628964958433079
983,0.9051465286682809,655,6,0.006230027026805698,0.5362213331827985,0.9418077133405646,0.9841773489238491,0.6524585488103216,3,4.79037091306964,0.030979749771195244,0.058284191671775586
987,0.9051294957227668,668,6,0.0081732244752077,0.5357525778054731,0.928677643141411,0.9816093926730592,0.6253291857320079,3,4.818521051834589,0.027798261296418374,0.0001286153127989741
988,0.904557327075002,967,6,0.006504204491348531,0.49884366297653765,0.9433672439540295,0.9666818347734846,0.7265242163949697,3,4.825180366824147,0.029543034171227216,0.0001363292290705567
996,0.9039106794848857,698,6,0.00843530449055091,0.5025338777170926,0.3251325326412308,0.9635547300695896,0.6718837587993549,3,4.916937490833561,0.0003060069932368006,0.0011969259368909018
997,0.9039705593352151,698,6,0.006995279453027754,0.4971410006139282,0.951846049402626,0.3222795612265019,0.7300718361535834,3,4.930044024526502,0.00032725498060541037,0.040116838038336
990,0.9059088693248804,696,6,0.006641804809700124,0.4976846192858948,0.9434014005242644,0.9685539225632398,0.7280203552365595,3,4.899819734593693,0.029425061030496177,0.7975163608077607
989,0.9050757515519436,960,6,0.008205646161728399,0.49691071180125024,0.9455022525821547,0.9713185004528927,0.6710588548065236,3,4.833806490539862,0.0002318817995971173,0.013166332652873676
992,0.9052478950895955,702,6,0.006617692422732861,0.5049926157015584,0.9437954377977628,0.9701758657127096,0.6238908561787325,3,4.898792186832358,0.029411021941112555,0.01061373826176562
995,0.9049522221416098,698,6,0.00691371734591951,0.49982278567423805,0.9512863272664235,0.9110507354286416,0.6327168706809797,3,4.927976671531518,0.0003172166416103683,0.04072964066628512
991,0.9056822570172397,971,6,0.0066934424938957975,0.4985664487259161,0.9466519790520539,0.9096272959583903,0.6242806204106152,3,4.911855364348661,0.00033213745296165314,0.04285657990221879
993,0.9052032231557445,699,6,0.00687442701672538,0.49177666947243837,0.9472869913471437,0.9101358398977393,0.727195732190405,3,4.918826275702335,0.025953703420073807,0.0001294846064435181
994,0.9055765353991777,963,6,0.006890749569037708,0.49575613216847003,0.946834873700229,0.9148681776056942,0.6324365326599889,3,4.9118457698533,0.00024770602475548747,0.01313825537190591
998,0.9054699987970984,697,6,0.006917542016762524,0.48401763755659777,0.9520650353979723,0.5239673161234953,0.6754470962146174,3,4.902718029900171,0.00022005149808912563,0.011846133276870017
999,0.9050143172950115,758,6,0.010699728452677878,0.5004904741467158,0.989853520917807,0.914073625169268,0.6276407352688191,3,4.919445825188146,0.00022487407890885006,0.009791983342163194
