trial,score,n_estimators,max_depth,learning_rate,subsample,colsample_bytree,colsample_bylevel,colsample_bynode,min_child_weight,gamma,reg_alpha,reg_lambda
7,0.8999523577568965,111,3,0.05874578003255946,0.6758313337373523,0.8430248896607366,0.6866056700011072,0.7598146845852375,2,2.5503345222699574,0.006584880933879073,0.15527482373530815
4,0.8978566759574287,532,4,0.0591009123528496,0.7310679553740592,0.36465524906784375,0.450351821275844,0.6681157048188894,4,1.533658232310151,8.9784240307103,0.059509854718447906
5,0.8849330266491944,635,3,0.16330619744468253,0.6744376101645276,0.42614081986695607,0.9643998804315094,0.43414140559065156,3,1.8215770331086807,0.00018351573503913335,0.0002763620345472581
9,0.9022151733862724,131,10,0.036567472623500616,0.7614156074008263,0.9607591741606503,0.9103124507459434,0.3062231195721939,8,0.7749693421079817,0.00010942615025862665,0.0009663922735697686
0,0.8951391701706697,314,7,0.06435861827113366,0.551694799019628,0.9625851284091924,0.8073350585160636,0.24766753844962236,8,0.1729543782508336,0.0027964991589749006,0.24650543583776433
2,0.8929265971162961,897,7,0.12638893386363365,0.7362132153447577,0.4336379859591438,0.32579936753521577,0.20140553855988907,1,1.3957825266181245,0.010750788314311624,0.0016401245452231925
6,0.8832622697322371,253,10,0.0073550526595013875,0.6914560149458462,0.42932444888538224,0.26452788929451815,0.23539709149291596,1,1.0176967905231922,0.023869943155606806,4.382978174823776
12,0.8825263956454965,178,4,0.009536195985207312,0.7308826148457956,0.7267809632789883,0.22211828985640905,0.41159027987525443,9,1.574493564981399,0.7884903016604651,6.710428756375795
15,0.9003234330322591,194,3,0.041089321442099994,0.5288108603965535,0.5822197334642475,0.31682989369562287,0.7124930230591843,9,2.0829573116308175,0.7914285978143032,2.056769311656583
10,0.892379895331757,340,6,0.0070011869357279365,0.519253793281131,0.8474960815481392,0.4805868762070673,0.8509755367699916,10,4.250496559451465,0.06286593772130308,6.8803177932918596
1,0.904094180726769,813,3,0.007970363677801792,0.6322739684126462,0.6310719806124517,0.5912254907545974,0.7001258349257738,9,3.3642040042099692,0.13413913257872578,0.0016579679008946215
3,0.8997946763276646,245,10,0.03976689815525132,0.8936514231663735,0.3992170721040547,0.833490555215732,0.38099119485476174,1,0.29968206986665635,0.17716403508972134,0.007649643474258491
14,0.8923595465012655,461,3,0.02933327816009149,0.21273893954554293,0.6759268203934141,0.3941983409115614,0.2535020749636748,10,0.694765628168722,0.0022346537101201984,0.00017898333819257208
11,0.8947596852271896,370,10,0.012631915408189198,0.2566190536315001,0.3149673703058861,0.831111930898949,0.9873242235776218,6,0.8519080215122427,0.00021320617727524615,2.6005317587468153
16,0.889702692903015,186,8,0.010579706723317343,0.7156344519122756,0.206477714509146,0.265786392167747,0.5436292292534552,2,0.7979554366986852,0.0011798162720336822,0.00010460629217585897
8,0.9034475310841792,995,3,0.009083655502274423,0.9124390779388807,0.6928684936100032,0.507331085038495,0.6306837610902222,4,1.5610950004199058,0.15617999285362438,0.07754366345324822
18,0.8974312511075755,227,4,0.02096338093340735,0.929675686728435,0.7587919868280563,0.4937526518107069,0.4949449867348616,7,0.372756685380492,8.207889127550864,0.05950337320857236
13,0.8926446926167024,988,4,0.06524496509862603,0.4802943904594356,0.2736960435000448,0.7297220835346333,0.7916188539765,6,3.1688001523513214,0.00017474068658010125,0.00036549106901452686
17,0.8922380750377016,987,3,0.06152905760591296,0.894991176828485,0.9889621856298119,0.6250594586159868,0.43393185998317335,5,0.3688405027799685,1.04789730787114,0.07742928999757304
20,0.8958411752518035,954,10,0.01708199997509421,0.2647615052018498,0.22105405317558902,0.6929050369791763,0.5425897913491482,7,3.4919616567565646,0.00029816815041913024,0.005184983239556054
22,0.9021553949433377,980,8,0.020821408729722487,0.9872946866342115,0.2335911462488961,0.5698211925639988,0.9726479207128246,6,3.2739068047170217,0.00010416550488354887,0.0030577069007365724
21,0.8958343109442023,938,8,0.015147730497051507,0.2310377136470958,0.20409605491679106,0.6133699777286883,0.9797847472481336,6,3.5973821582086565,0.0003103645607363109,0.0001355002390636233
23,0.9026955836212979,985,8,0.01963139537329867,0.9692127072281838,0.20994505746584624,0.6194356076863805,0.5331521491103346,7,3.3570038945140492,0.00073362024631875,0.0023637073397496213
19,0.9022559066234628,998,10,0.0250659020092717,0.9686108725337508,0.6439296709389198,0.9810281755078858,0.9893058711138414,6,4.900438873293788,0.00011606512155896767,0.008824072190065577
24,0.8985931209358744,978,5,0.01911082173144082,0.9627301643087038,0.9837551950828747,0.5871792174067315,0.5852429290142516,7,3.5233789177239183,7.054190538427984,0.00206063329712607
25,0.9033799461722859,982,5,0.017983760018176895,0.8792859610887793,0.5768735854645543,0.605004303468179,0.5810166749093143,5,3.260596729654321,0.30551467050648384,0.016132676753431958
27,0.8991810125949504,780,5,0.0051595261865133805,0.3757246625370807,0.5786090569066843,0.5985408745096996,0.6097693683437206,5,4.73891602759636,0.28255269412474004,0.005795320026018179
28,0.8991456902860655,780,5,0.005331787083001365,0.36303083274747117,0.554062950053695,0.5772793250772356,0.6233692440328413,4,4.940538264613441,0.16073024082817278,0.011416832873990129
26,0.9030736523580579,969,5,0.005472613095226725,0.994991691506628,0.6666209366071011,0.6019797855905074,0.6022977597693899,5,3.2925604022511537,0.3160055924044518,0.013736275012797724
29,0.9001665725164127,766,5,0.00509458045893651,0.4098443040742693,0.554765882186877,0.5834727232059143,0.6104572546466003,4,4.250360398133039,0.17176833877472658,0.5825346865441744
30,0.9036432261471867,803,5,0.005441521481622184,0.8213285027368666,0.5442315702705903,0.9905968891678795,0.61584746450408,8,4.963523857157204,0.21741903396419787,0.0010929648817733072
31,0.9032098398286162,806,5,0.005002781538917518,0.8220993207803676,0.5634370025224615,0.9975115425083833,0.6166014773348689,8,4.833774160467558,0.15118838480262528,0.015876389880563748
33,0.9041483692200977,830,5,0.007077445753414085,0.8348717057690348,0.513864778255309,0.5545045860629093,0.6385450162918704,4,2.6912606104370083,0.2471483057510406,0.020346688857310835
32,0.9029890117714068,800,5,0.005016156654798732,0.8382359457173885,0.5692522174607154,0.5669360653507772,0.6300715207870162,4,4.751316868993468,0.1723379485368859,0.013464805904710659
34,0.9040009151143176,808,5,0.006100061572304765,0.835072506207609,0.5301017562872151,0.5172445104279318,0.6473984224653266,4,2.7115515569975015,0.1790063089016149,0.5641055993883679
35,0.9032026118531166,825,5,0.005086081935312328,0.8352255205486225,0.5515800053369062,0.5343039819430023,0.6147497878457069,4,2.5564551586297406,0.1989161063656128,0.016661967008762376
36,0.9032154744765342,829,5,0.005088112765839009,0.8282261177455689,0.5136097185682275,0.5243327680035816,0.6571030878654144,4,2.6655374482706597,0.07556310123883038,0.019088524121565992
37,0.9034475260670216,827,6,0.0077440349697493645,0.8056902756165634,0.5353223848090499,0.4304872429777245,0.8535134165886806,4,2.4887377933732897,0.04003721395665467,0.5750607426988059
39,0.903245949147065,883,6,0.008747262275602264,0.8136129433740709,0.4739008845443774,0.5194853515735868,0.8624249673119542,3,2.665437793100198,0.058154466602094786,0.026879348997408663
44,0.9022315797192265,697,6,0.007032011909648406,0.6078372625419793,0.4922544943180219,0.41671609466176174,0.6916848357154339,9,2.7031604866378522,0.06299223600864035,0.0008264881882237542
40,0.9034667605564337,858,6,0.008262453134330099,0.8206633827671657,0.48602521675963145,0.5112489954956426,0.6903233382156843,9,2.742496729506143,0.042364780062634416,0.0006905540204466874
45,0.902765593188561,680,6,0.007600879682844394,0.6101766797045398,0.49903515771762297,0.41467811647311953,0.7120804896932472,9,2.7390976679922616,0.04590745031668982,0.0007481720513558194
42,0.9027328537275412,870,6,0.008030500413834973,0.5981386596496127,0.4938060930430068,0.5247683739636587,0.6905611051293536,9,2.650611366796192,0.055085834889286284,0.0006186872914818129
43,0.9033824819652955,870,6,0.007991430312286668,0.616627808455294,0.46895360209574743,0.4056156692805589,0.722633982320628,9,2.688756047208165,0.05382418224057434,0.0007502951383942611
38,0.903056985893091,845,6,0.008542063219608393,0.8209131605083444,0.5539035423728623,0.7501823236817671,0.894648816381082,3,2.700318888034135,0.06004413203431776,0.7320061250537684
41,0.903484759532812,865,6,0.00795931449628962,0.8338603124380575,0.49777774931933694,0.7688934013326674,0.7011218925541837,9,2.5961092254011686,0.05050866397615469,0.0006171917804528102
51,0.8788374375759187,880,7,0.29716433405674836,0.6335920634391805,0.39210945966688376,0.7866663635933873,0.7596535422577553,10,2.1719209962796144,0.013178523631952255,0.00040274645578072165
50,0.9031593803755802,693,4,0.011266399509885764,0.6161761572063024,0.37313256789761545,0.3673899786164545,0.7296408757302852,8,2.1582135748670077,0.013161890809333238,0.0007002921782141474
54,0.8877088070999651,729,7,0.29830041676098695,0.7613840787058038,0.34732196446478086,0.8866445438844709,0.762874517113253,10,2.1791916026478546,0.012547246248476472,0.0012731934626484705
46,0.9031520319122837,700,6,0.007485928296711386,0.6416113954242096,0.48352149554334245,0.7825883938832323,0.7118991343488181,9,2.848710903597167,0.036327850100030035,0.0011229324115645122
48,0.9031028231757888,695,7,0.013106530481064412,0.6078577989972941,0.47699617282841944,0.7389982731749949,0.7132411897502388,9,3.88557942469652,0.017066789291428748,0.0010313136184807792
47,0.902286109987403,687,6,0.007109547319038596,0.6115466065732019,0.47821208856271175,0.7696702444775485,0.7364130713713594,9,3.8827021822480967,1.8875465333552999,0.0005164714061215793
49,0.9019539244479333,654,7,0.012381719724271002,0.613591791909595,0.38348623893035694,0.7515554544838207,0.7406557808870374,3,3.896742088779157,0.013840008696859805,0.0005845763958972064
58,0.9047860842934753,599,4,0.013325620497650747,0.7730207275560967,0.6195720687699721,0.45901672430373797,0.8106449112021186,8,2.981947894427125,1.7981656557210854,0.2318951177296048
57,0.9036818110527554,743,4,0.01299097653591428,0.7651334502040955,0.6190461768667026,0.46099536467969116,0.7702223630904228,2,3.846988272328264,1.622867578323183,0.0015691383560395903
53,0.9031482291349799,724,7,0.01211453500724452,0.7617735219422906,0.4331942214857716,0.7759825038761661,0.7716685895481032,8,2.1949789125069814,0.009195795530860912,0.001475639796427598
55,0.9029457638740823,701,7,0.01184351331077644,0.6556583598176174,0.37215257010471414,0.9018333921881405,0.7776760907912306,10,2.0558381144564146,0.014620888330995294,0.0003016504429608632
59,0.903673133118749,561,4,0.013493585363662174,0.8704216520620204,0.6157775971424232,0.9261899169240292,0.4804862593834075,2,4.091740143697728,1.6818853619685918,0.1723881830243574
60,0.9034985844622343,604,4,0.006249199647295918,0.7814716296627219,0.6241571966871655,0.46419823100506075,0.6658053025316499,8,3.0197556214020342,0.0998559282583867,0.00023301964118282588
52,0.9019370227847061,732,7,0.011676575271874098,0.7609400952241512,0.6233247571862889,0.7874563433284887,0.7632460102573846,8,2.2792746293442487,0.014047384969062923,0.0013196814974471345
56,0.9044785831687199,738,4,0.011590763205087621,0.769682195043727,0.6377842056053155,0.8857408854687493,0.7929924192620867,8,4.0283588170757145,1.3222117664854147,0.0012134761727090775
62,0.9046123985880442,576,4,0.009926458331532731,0.7788199102107876,0.5984665206495217,0.4681480096942307,0.7976517772897623,8,3.008170269387603,0.47996999208450525,0.00019079375031753838
61,0.903454021537532,921,4,0.006510684798206433,0.7701513289487856,0.4521276491410119,0.4671361626073476,0.6576760113477411,8,1.8980207677159548,0.5594508507270667,0.19644363940829057
68,0.8980020018762345,493,4,0.014962711682057494,0.6946073371245777,0.6076548488144393,0.3239928534654295,0.36387731527310385,1,2.997913062285178,3.3391246643854773,0.153230757988566
69,0.9012194822275255,542,4,0.015468366895994812,0.6982878402211663,0.7283456793010099,0.36614602894911535,0.491977067086905,1,4.221048964775333,2.294939624625991,0.17336526415562692
63,0.9017453981567511,585,4,0.006118142681375929,0.7745943055862613,0.6203521937329892,0.4640782051252394,0.7904104737718031,8,3.0308420273935033,0.5061494358533183,0.17464602300693488
66,0.9032743766653162,630,4,0.014719923451332913,0.6988627442467049,0.6238810412791299,0.45706782204588675,0.6593365231244084,1,2.9596698879100547,2.9204619459716716,0.2772237745449161
64,0.8997549022037423,568,4,0.006231281339944877,0.7678081238889062,0.6157251427017161,0.4709856387388018,0.6604713991573985,1,3.014472094467668,2.8494988740496914,0.3037207655605416
71,0.9028219936401903,480,3,0.00976660981311203,0.9316773529630488,0.7168159617953717,0.6710615824062967,0.812126435313605,1,3.0340546168579827,0.5278828796502877,0.3185592595437939
67,0.902738899782371,574,4,0.00996429090225602,0.8752462847121969,0.6341924494447149,0.4694408640844134,0.8243753792853501,1,4.295766174134698,2.935557199868776,0.13722638315163788
65,0.8995049800304971,582,4,0.006148457038109881,0.6993631393295515,0.6202689728190603,0.480996383474694,0.8101994234483008,2,2.9532643300475625,3.373033473184815,0.15395708868303093
72,0.9011139717101647,459,3,0.009928101921243505,0.7027181301950203,0.7293166299776426,0.6677156946593829,0.8067666884452342,1,3.0744555661120305,2.9749589443261057,0.0042545677768343745
70,0.903899388372017,605,4,0.014953613804765217,0.7004853628934177,0.716690521838175,0.9350428188685138,0.8177431535350816,2,4.225411473012204,2.6969787501412203,0.22520568542367492
74,0.9027602365367772,421,3,0.0099712834340243,0.7330419562278107,0.706578641338741,0.6511735451769551,0.8011295700914903,2,4.5083085626090975,0.48841946190218066,0.003394555432650727
76,0.89759245260489,403,3,0.009790472246484813,0.9290127524745361,0.7029245332164118,0.6710946508723603,0.8296607744284511,7,4.495591376260074,5.319412176528183,0.004511273271814056
73,0.9036317350321774,606,3,0.010027473945580795,0.7100848693184786,0.7417970163621201,0.6538096527850824,0.8035273656378822,2,3.6784656735429375,0.5411648698973324,0.0031812553790738765
77,0.9010160561809737,461,3,0.009552992032440987,0.8652880398016305,0.6937221692324638,0.5512067489106293,0.8272886474037155,7,3.654675415538704,1.1913110837468484,1.1844389055859983
75,0.9001319576267302,475,3,0.009723015608335384,0.7244897063464405,0.6976683612122018,0.659824075405268,0.8193258213019321,2,3.5593775197527893,3.6030281599344938,1.0266089881202956
79,0.9034233318133881,435,3,0.024402628975961405,0.7289736384302685,0.8430520064892274,0.6478027057491522,0.9087983636027124,7,3.7371172342767314,1.1546284753365927,1.424777332788613
78,0.9033648030987667,756,3,0.01026828686427708,0.7334373910690414,0.6699309459727385,0.5494807113839146,0.8164886282470394,2,4.4943987566502,1.1621140055159318,1.2309040215057718
81,0.9034194889748421,748,3,0.025656480345653994,0.8645790268719249,0.6565803478558361,0.9580129119454756,0.892560510933408,2,3.70109676345276,1.2669266854698873,1.3204333571872537
84,0.9048446773189331,623,3,0.02485244752753418,0.7910524637004199,0.7649752639010617,0.5558878433800628,0.8966731297013626,7,3.6284589042662367,1.0350719811215874,1.491963512056498
80,0.9035182401648205,755,3,0.023555676759961314,0.8615156904185115,0.654321615524961,0.9511622936077805,0.9141633605419633,2,3.739481511886479,1.0640148735907915,0.0029735221989774232
82,0.9038253587693283,762,3,0.0170119525683006,0.7398440212041963,0.7917345505026423,0.8521319588274818,0.8645843065199039,7,4.436281049306057,1.2539847024933866,1.4979928761165933
83,0.9033914871547998,758,3,0.024331624444857296,0.7933670682460197,0.7855202252642317,0.8529646217810969,0.9294266332970404,7,3.6868496095814303,1.1633959143924397,2.20185852176464
85,0.9043085875826022,766,5,0.023046031942234715,0.6663158652843928,0.6648062529980808,0.8631800625125976,0.9031409816508205,7,3.677630056193879,1.2273493235361628,0.9578175608212494
87,0.9026517434713404,767,5,0.02451681027361485,0.7970953808894338,0.667433890348513,0.8409846670547313,0.9092389721803654,3,2.3368457575865813,1.0899281499237468,0.04519397968776591
91,0.9026980716752939,641,5,0.03130123456379496,0.7943215002302968,0.7916583500896297,0.4945937846027603,0.8754377619717748,3,3.4404439341850326,0.7902928456283037,0.043211655848855994
92,0.9030556939750447,522,5,0.036362849857670236,0.7968352831225046,0.7790775898269631,0.499139894923497,0.8741433010806533,3,3.3827261074481245,0.790305857691088,4.2960365547969745
86,0.9043824478942352,754,5,0.01713052829102761,0.7962709411249984,0.6611840824636246,0.9453255728095069,0.8962729416245746,3,3.4079901223265927,0.9399921002956865,0.027069716812066436
90,0.9040267847184561,529,4,0.013603167096936207,0.7916539226076007,0.5961354820132257,0.8493655116025315,0.8546771671634772,3,4.074229141581503,1.8054998655083643,0.03300504991199034
95,0.9038456083969336,646,5,0.0365214246052132,0.6788781893663944,0.525432268060422,0.43461252236848563,0.8756743347839947,5,3.3860227778285825,0.3489749560961961,3.8354391333862057
93,0.9023423267046446,646,5,0.02113651803952543,0.5713567494669369,0.789931568498461,0.4952159700409102,0.9530758934109942,6,3.1887341582282835,0.7740905285693049,2.3859483978360805
89,0.9027171735141035,521,5,0.01667244694476939,0.5618938069981406,0.7948588237802524,0.8505895983505277,0.8765039893033926,3,3.353716886054885,0.11233189845013195,0.045774416244705234
94,0.9010480767441434,644,5,0.034133741429506446,0.5737606227334423,0.7686635615775248,0.8656681895129873,0.9636609832381156,6,3.374911004296884,0.7211734918418315,4.070722072659824
88,0.9022691497906721,757,5,0.016305708563639196,0.6706004366726731,0.7895210483085779,0.8344852775685299,0.8835008311875852,3,2.395542215274083,0.8979489726006988,0.0368290682461744
98,0.9008913199162178,659,5,0.08742944701626088,0.6700251981566013,0.5256704537111919,0.43396982123210853,0.9648239045224755,6,3.1637971685435153,0.39009241872232814,0.47985341993377356
96,0.9031018016521226,655,5,0.03292769144805482,0.6641789825406558,0.5929311910606543,0.4962071846360919,0.944490235613263,6,3.4368227323687295,0.7322982766758693,4.496969187931828
99,0.8984202855626154,905,5,0.05217148918650448,0.5693753666229017,0.5863636359392674,0.382750118323643,0.956046243605472,5,3.2027298873593217,0.3811668293311849,0.4521023261175247
97,0.8973319573804333,528,5,0.04235029403971181,0.5363109866491752,0.7658217549970967,0.8703360295481188,0.9631880454671303,6,3.4035921122502866,0.1031070274900126,0.48547260410905607
103,0.9020685183008268,789,5,0.08316361589405946,0.8896183146763131,0.5920551616136628,0.8842232511979019,0.9409012254965042,4,4.066067219638754,0.2565745076800713,0.008169032506875068
100,0.9028477770404415,811,5,0.01975630253002659,0.9015316209693414,0.5301386098286357,0.8185855334429976,0.9402779266054577,5,3.1866200751769274,0.3500285340352191,0.02365009505819078
104,0.9039521517645739,798,9,0.04712815382969084,0.8418398515620019,0.5937140428203331,0.8937693255030237,0.8426491605786797,5,4.000293152821655,0.26197877299037237,0.007637971932088133
101,0.9029061150270616,793,5,0.01973005875049566,0.8455692101934269,0.5856471561476888,0.8761626989451088,0.9630699651764358,8,3.2120493303553497,0.09917435003753995,0.026217802251229494
102,0.9013141250497003,792,5,0.018332659701991966,0.8509505679104025,0.5976402250495808,0.8136148348840805,0.8443388774875991,4,2.433051225966957,0.10273842439467164,0.48151538489361184
105,0.9028775013418615,799,4,0.018947828988988526,0.8400348998205835,0.5959870146572633,0.8126886383451722,0.8427356797226944,4,2.822191700809631,5.11269749655072,0.40835876744485317
107,0.9027549125725344,797,4,0.018539257634056155,0.8948456572988926,0.5991618805256683,0.8203071875727064,0.8485443591910353,4,2.8557522657351107,0.2328747351920365,0.023355369058259284
106,0.9046268440486236,907,9,0.019403613929639296,0.8475053756803926,0.5908892914238768,0.8872851428107741,0.9346386538774066,8,4.02186986812544,0.20836869497152824,0.02575555951823896
110,0.9019321090110946,816,4,0.027871662280254346,0.8494339861381563,0.6813921647368925,0.9221635771547738,0.8454166128896015,8,4.074850708848796,4.650475536492521,0.09752378280022052
111,0.9040310588044911,608,4,0.01415137892706303,0.7433715306914656,0.6418154552445551,0.9357027218935473,0.6417617539478304,8,4.022318950091375,2.0234704890529107,0.09717573340180818
109,0.9045066574334752,800,4,0.013553462393783898,0.8479073271773191,0.9206486757346684,0.8100566564829804,0.6378906218866344,4,4.020366206287845,0.2908457180463528,0.08636718019028873
108,0.9035588174140246,795,9,0.01941132880130454,0.8423875253471567,0.5988293142528058,0.9031248063590482,0.8455945354157903,8,2.8047462818267705,0.261076812933253,0.023184965276312145
113,0.9018755618456182,836,9,0.02874999576047327,0.8551889208241061,0.8639337446000411,0.9090786718586011,0.5776455715912766,4,4.077618632791674,0.2255076177009744,0.09214441722438856
115,0.9040189584089202,845,8,0.027070145171702763,0.8091161578936554,0.6424940359947223,0.9041964276023438,0.5927365051340513,8,3.979837885215905,2.0390713481818654,0.7208677138409745
116,0.9035956774816716,827,4,0.011007478883821144,0.8096036747579579,0.6468867914687216,0.5504910776630649,0.637256704439789,8,4.0406608239897555,1.8046728225029005,0.7986587366137886
119,0.9026759997552845,294,9,0.013762984046145113,0.7469349721321821,0.5629163920572093,0.9108474340604666,0.9929540136044193,8,3.5440019836149164,2.1305531654319343,0.08818254701864427
112,0.9039347282789617,851,10,0.011062291365679398,0.8374975714735252,0.6456774342245659,0.9731873097330124,0.8471807986432479,8,4.030969417610111,0.21682823996743822,0.08513571338192212
121,0.9050120354005765,847,4,0.022184944684040007,0.8113979330864947,0.967642598582016,0.9411037925138757,0.6787365013457773,8,3.8212739907070894,2.111311464070159,0.07502207178818314
114,0.9034466419830627,841,9,0.008668684961053576,0.8143062782714671,0.6805212254363096,0.9247866480997257,0.6404674911067684,4,3.996440580547134,2.0493830825691215,0.10480722965107209
122,0.9037503042221843,547,4,0.013853792077613855,0.8109989905985358,0.9384911062500263,0.7004675379973171,0.6781668632121073,8,3.9471922991517516,2.058595874138436,0.06373672723417395
120,0.9038168357590631,840,4,0.013226385319303188,0.7481849786565039,0.9267206983103485,0.9824978468709488,0.5885679450845257,8,3.798203693735251,1.6526480233455203,0.07438205303713916
124,0.903187940544434,546,4,0.022097120652160223,0.7492397002655757,0.6371990807924149,0.9763752685440723,0.6832188561186759,7,4.3372103696460105,1.4971515668461244,0.00016043739313785022
125,0.9035757535131961,615,4,0.022324691962358152,0.7499181197985498,0.9253602660234819,0.28204256749163636,0.6853670516698586,7,3.8300784466770765,0.44114140278217867,0.06696632652929237
118,0.9011434515391847,842,9,0.021851515772039677,0.7501339293588777,0.9398485925336798,0.5365374755129233,0.9197240358350761,8,1.3024881108819555,2.063752372258767,0.00012135692059688026
123,0.9044098000684035,619,4,0.010820296363486736,0.7511476184435726,0.9132190129414532,0.7086830613546045,0.6401095766066737,8,3.8195688570308204,1.4991323543707702,0.05591196803202766
126,0.9034736521543308,549,4,0.021980128352582944,0.7498982871299059,0.9730438502023989,0.7016614790407385,0.5619824737581406,9,4.365353540142102,0.1535738750554388,0.11638195653172531
117,0.9028342025888045,847,10,0.010921147813007986,0.7485941860715314,0.6428282939089351,0.9240584920646758,0.5898386422547963,8,1.2644002451848555,2.1185742060901473,0.08979149953735506
128,0.9020958520027337,896,4,0.022171488710368153,0.7546843744474934,0.921601953134602,0.9427030603152076,0.567249243707737,9,3.773988100175612,0.12568831197547134,0.05822366631746246
130,0.9023449823773104,624,4,0.02166750507451358,0.7918267134478549,0.9640652293521329,0.9480926944376425,0.9249490365075478,9,4.17623938602337,4.06092712187221,0.038528372733911964
127,0.9030669167481473,952,4,0.008943319979414069,0.496927186406081,0.9342553732098007,0.6261166346145467,0.6864591030038325,9,3.8269259217955334,1.4741134389564106,0.06509092140321648
129,0.9042695161647949,928,4,0.006950740001712008,0.6420149720959422,0.4095360259915075,0.9504994435555424,0.6760751496719913,9,3.791404996888676,0.14369249207755952,0.00011339468204281284
131,0.9033122468539989,925,4,0.015485379272283082,0.7794396413238295,0.9410977597355459,0.6321252234602117,0.7857386760741116,9,3.8145354541482854,0.12756916296068213,0.03312124422437033
132,0.903641941830894,898,4,0.012295487468758425,0.7780234720256466,0.965889029450425,0.9337946323336048,0.5570077262198619,9,4.192177088603174,0.6395129596649295,0.033778515379447975
135,0.9036872485111813,936,4,0.01198050348355599,0.4923872659178936,0.8991578752183094,0.590920916652531,0.7434460791665128,9,4.170704770576293,0.6435740816297911,0.05263821057361752
133,0.9032334083819006,949,4,0.016078729444358727,0.7810545335923206,0.9777100234332847,0.9415241514315537,0.7868976987651919,9,4.169781220605635,0.13237746635829753,0.03581989266765429
136,0.9029520507524703,893,4,0.01581216252810758,0.7172320747903473,0.8895518368109891,0.5941545009378517,0.6248518634551055,9,3.577636576278837,0.5940007909054706,0.05805808504371987
134,0.9036653624540504,897,4,0.012185374259578633,0.7743202980559037,0.9985541243698963,0.9427255234017815,0.5486044869995991,9,3.613920107609698,0.634607977000681,0.03175238073237663
138,0.8988675440555076,716,3,0.012265637726337379,0.7836264839452233,0.8911518300856769,0.5698054610217091,0.6203670406584122,9,3.5867442794377875,7.324395445065657,0.011843210146879765
137,0.9027349318949762,715,3,0.012178474561543253,0.7841329679837444,0.9008649184487878,0.6184883872465083,0.7422925079268771,9,4.20493109205161,0.6778354575588843,0.03448992921957417
141,0.902979720299857,716,3,0.012259835270323245,0.6337981292812666,0.8923859775038132,0.5874740234649949,0.7489854019712494,7,3.605855064405616,0.9265583024254384,0.018922982661764908
139,0.9035949118330358,720,3,0.012188943511137435,0.7213812583725588,0.8772805886495616,0.720559544411256,0.7448953194084288,7,3.5981973653931623,0.6175444105924854,0.002230698319527703
143,0.8996886134668778,678,3,0.00560596738654328,0.6383998450036968,0.4176514327386915,0.9483572137000632,0.6256499489853804,7,3.555600614818429,0.9200332687733525,0.00019828608589370574
144,0.8952377356498046,721,3,0.0069434069180927885,0.5915523751977471,0.41161904555050427,0.9943736285371374,0.6703880299370801,7,3.582950743633088,6.771976129877627,0.00042741166280049796
145,0.9007018535781819,717,3,0.00726949957680194,0.6494400376235713,0.4134980983753489,0.5696378133587179,0.6104651155921857,7,3.5586800094348154,0.084732823662068,0.00026869436846481984
140,0.9034137790695624,921,3,0.012245884376266164,0.7192054812979568,0.8989931273971294,0.9632185678477287,0.6071947813961067,9,3.6299178806044403,0.5823619909727266,0.000261320846845127
142,0.9024973639398588,671,3,0.0067763373005687595,0.6387384028252484,0.8909926091589073,0.9649134512767554,0.6297510994096448,7,3.618882105323174,0.9050462455716051,0.0002418226207775037
147,0.9016062847711819,588,3,0.00674586642197325,0.6472943749042355,0.41022692953303413,0.9607663022377776,0.8983360088272258,7,3.489405319430139,0.07231646247011998,0.00029952227496256686
146,0.9023269849212829,716,3,0.006755232531365616,0.647412539825048,0.31057488446754755,0.9655222015903394,0.6524465740958018,7,3.493115713107604,0.0714350654819319,0.0001840869391296432
148,0.9018145642334202,596,3,0.007180550020279176,0.6384801359717471,0.6668324692484435,0.9962918958193367,0.7102340976217563,10,3.8801233936842268,0.9215886446548687,0.00024291307675858068
149,0.899144380275845,590,3,0.005660824167701501,0.6476685783245596,0.4568539740451475,0.9978877596852973,0.6452536404906688,10,3.9149826505370537,0.0038681537205070425,0.0002167699569771627
154,0.9022286643706533,588,4,0.01429834193643174,0.8242751835323855,0.3389271052972655,0.7957351907947963,0.6469297531962682,10,3.9197958307621708,2.583250894502138,0.00010041261462634988
152,0.9004630621968193,508,4,0.008159834077307516,0.8228277602171229,0.30895604544725236,0.9643377352526763,0.7046425234819481,10,3.9235100547345496,1.3298815682572074,1.8134109365292397
151,0.9029657193898359,505,4,0.0072493543211800135,0.8256334375426962,0.5738774625740071,0.995954080234804,0.6461610695671297,10,3.9563625503470408,0.003186794827893437,0.0003898280061703028
150,0.901967986704107,587,4,0.0066948558653046174,0.6472725865660011,0.5774791086912048,0.9662471085956867,0.8966510592271839,8,3.899291116626028,1.4314667188921015,0.0001500236923393281
155,0.9038507313708077,598,4,0.014662081674002698,0.8232002014990325,0.5731842350097506,0.8616074788232845,0.8970355070499155,8,3.9143759500224844,0.18084012790167517,9.147505550792948
156,0.9045256755009585,596,4,0.014133372043947776,0.8840688639360571,0.8090644759644134,0.873406986920207,0.6488849345525268,10,3.296544137530346,1.3560802326008772,0.017641996994330902
157,0.9038874027629273,597,4,0.008106371240169673,0.8159320010922619,0.5716329417818259,0.8728244630274573,0.7068341395555555,10,3.9327324010210343,0.180042894593799,0.11677270480784246
158,0.9037143990108232,776,4,0.014198966829877327,0.8244561350757333,0.8143241564363205,0.8833542595328581,0.6464120471543215,8,3.910041240509523,0.1840043154441287,0.0001397104505805572
159,0.9036300119426592,501,4,0.017729627990078885,0.8218758901766207,0.8220924636074848,0.863528208760281,0.8946234211178131,8,3.300226831759065,0.17521036711110483,0.014689267672461538
161,0.9034181635330617,868,8,0.026260143766847953,0.8109017729822156,0.6286339901356628,0.870620064324122,0.6579137729119696,8,3.7297840527788524,1.4833667678233025,0.9374603440071209
153,0.9043315862324091,868,4,0.008202766338410815,0.8239808363058027,0.8203519230310251,0.8657780905649965,0.7027889393411986,10,3.9372703607647135,0.18217203438447788,0.00012693238619724436
160,0.9039597885623891,873,8,0.02705334820959172,0.803376149593459,0.8313950300025764,0.8616193371849086,0.7054448210268479,8,3.2801225932596934,1.5030552868599691,0.6776677461301311
163,0.9027552598206448,874,4,0.02753423515312627,0.8073972764232149,0.6325342743928214,0.885350182973186,0.598951772652889,8,3.316389255910771,0.31360884261846533,0.6803739555078616
162,0.9037421451838877,870,8,0.02699912056481621,0.7987830037579456,0.8135601666774229,0.888571257281248,0.8989872931924743,8,4.617058625259993,0.1680397410839372,0.6834239447865622
164,0.9048164247170354,873,8,0.01752159573235049,0.801271624359353,0.6332219848025327,0.901504453312829,0.6695793579454675,8,3.744304591857225,2.5374517260957594,0.01628173638668746
166,0.9038328138852295,564,4,0.0178768773466794,0.9108342533565759,0.6878638027456194,0.8885777429545515,0.6650090222935469,8,3.099852695735835,1.7121878845629086,0.04637767314956086
167,0.903594610499518,621,4,0.0178410779107594,0.9131524495657425,0.615038684407248,0.8883324103942752,0.670565946328883,8,3.302393840279849,0.37600606580990575,0.015466176270884974
168,0.9036850470433009,566,4,0.017168824838634928,0.8740705840509152,0.6307019990720977,0.8340834617115134,0.6729003599418767,3,3.0945797493499567,0.31500614981520414,0.019609859758495767
165,0.9038620208873083,869,4,0.01071410026828602,0.8009750857841443,0.8309549430011871,0.8836440684955288,0.6737441097822263,8,3.3050563627268583,0.3354637337472024,0.015372242120297011
169,0.9027584873732438,569,4,0.017209590013747687,0.9235141981273068,0.7447913724795322,0.8358401844852603,0.8631137310038622,3,3.1199031774341197,0.2910651453141015,0.018296671250277306
171,0.9041139673315547,562,4,0.016451158961625568,0.8786365461007154,0.7479088716388494,0.8996295749625628,0.7256843503531092,3,3.1470637049321057,0.2938652638920839,0.016795387289577444
172,0.9034363464718801,559,4,0.008831971451756092,0.9144594759162971,0.6142482616740841,0.8338767345916498,0.6685020046494429,3,4.657899754503923,0.399943204297858,0.010454476583393036
178,0.9017211792734352,775,6,0.22213112627863923,0.8621896114278894,0.8633904861640508,0.9162578495622882,0.6949651681481525,10,2.8818025118447967,3.00973054352514,0.0092499627336683
173,0.9033873067223708,624,4,0.009082587542286495,0.9161028545808417,0.5492777418258317,0.8408821623916939,0.6743783995020396,3,3.7150135533854485,0.3014226970551467,0.01865127370272602
174,0.9049274588967094,622,4,0.008899724380283863,0.8647122633574883,0.7489615601275719,0.8338609505129551,0.7260063642622884,10,3.1371538255488822,0.4212719996169596,0.018725692471849346
170,0.9035963983559778,876,4,0.008802554780226627,0.873411177554928,0.8217197445638775,0.8392827460062064,0.6703252354369758,3,2.9145389174205616,0.3404988462189519,0.01862700087164512
176,0.9033728199842687,816,4,0.00909153203975481,0.8770099454487393,0.8571094591346758,0.8291452821275829,0.6929749131499997,10,3.7512394562664997,2.6562807058744062,0.01931516666075404
175,0.9037817567823151,821,4,0.009163656039219821,0.8609180575554946,0.8630188832098415,0.9147335901408988,0.7274475051917377,10,2.9106628326977115,2.569801254954518,0.00953988671491163
177,0.9043893597888149,824,4,0.010610296202528116,0.859071342487247,0.738711138782854,0.9149044561161381,0.6894520720542167,10,2.930332354268133,2.5155488661395666,0.00010862725851038178
181,0.9041519979172412,816,4,0.02023325142466281,0.8589076085961955,0.6752029540847597,0.9156170723217746,0.7198253008746973,10,2.9151676336380454,2.4168727421334224,0.010277841046538914
179,0.9027834776825282,816,6,0.009052431773186749,0.68372745608901,0.6559115387752883,0.9240556685385861,0.7245405256697053,10,3.7529159696887553,3.1911049554078277,0.00935499831722578
182,0.9037932570954466,822,4,0.020417529788097598,0.8836431942667866,0.653120200555106,0.9134792383132632,0.7186644282841271,8,3.729446934261022,2.4510316583867042,0.007377035729680589
180,0.9031932379025387,822,4,0.008915455996088973,0.8831714824761259,0.8550242712521587,0.9016309563533917,0.6936469716230812,10,2.9414264456312362,2.4976995173698526,0.009854617521629668
183,0.9036285809125193,815,4,0.015558147557515962,0.8931972290428843,0.7503725737623181,0.903362056919856,0.6945818977482733,8,2.9488036758382763,0.46146630964484153,0.00011408149899373844
184,0.9042146149310362,817,4,0.007735207846285402,0.8865428144062593,0.7500600517172399,0.44422882440031974,0.7257953809079868,10,2.9742288631022302,0.4549949750600706,0.00711631834691119
190,0.9044115448989375,742,4,0.020520852959251625,0.8511587401604187,0.7538484047558098,0.9008074091272382,0.2056704230213584,10,2.7773918940274442,0.507045945535865,0.00010624815654655777
186,0.9046981579247918,917,5,0.01976097093616352,0.9427503518759741,0.7379429752403942,0.9083386935999801,0.7533668490308767,10,3.2190449774306646,0.43933835735685645,0.011584034632182895
189,0.9041856672247773,970,5,0.019666577875071218,0.8887600244278295,0.7247733673744563,0.44343446703213313,0.769323583987056,10,2.719033717667148,1.1724962762771682,0.02618102152375784
187,0.9048901809606598,742,10,0.01990365435302027,0.8470478309036557,0.7511866783418095,0.7989107892286453,0.7208239587827178,10,3.43058258836005,0.14082356268413176,3.0646598657965365
192,0.9035002540354062,908,5,0.023397990314040173,0.854445312460903,0.7484986924951194,0.44784728342254765,0.7731624532603254,10,3.0161929188267553,4.135143741141411,0.00012294202102943683
191,0.9032170063819459,906,4,0.023949187290759216,0.8941462037517833,0.7468787398422181,0.9017530676719777,0.726448545091451,10,2.793404716234653,0.48059483596629576,0.00012367889850800954
188,0.9039917185126543,915,5,0.010268290403838738,0.8847278591584096,0.751413617257031,0.9024811633401577,0.7234927329683412,10,2.9583489886864043,1.1412054761050108,0.0001350213095464643
195,0.9042723802775481,747,4,0.02426515576431647,0.7674305082077646,0.7214193568796157,0.44485948573885614,0.3212238301830101,10,2.577329088484325,1.0783931365761432,0.00010145093650594307
185,0.9041712606851771,918,4,0.008004676338439489,0.886125734789285,0.7527540628710881,0.9053587797284947,0.7612110470169914,10,2.541934247693834,0.437611407920887,0.012435874363584008
193,0.9051207800080444,918,5,0.010360511295159415,0.8406068043375639,0.7607485498440986,0.4492119146131054,0.7517553052145297,10,3.1083258732826233,1.0953524577225624,0.012739475315984412
194,0.9031069674238703,914,5,0.007896073626530518,0.8511586551352007,0.7141830921208986,0.4200099631288902,0.7303848032913371,10,2.6902866134958345,3.8805537960138596,0.006075262162984595
196,0.9032084256743698,745,5,0.010282446623533557,0.8476438082777438,0.7275616798588674,0.43705620531383044,0.2537817363485163,10,2.783153062494951,0.4489777548735903,0.00013828069989324155
197,0.9030498486825309,914,5,0.010191487339920178,0.946252761673992,0.7683369675616518,0.4047916391066242,0.2801748576818611,10,3.025910082595022,0.5004850089548607,0.00010108478742450801
198,0.9045376005240711,910,10,0.023892351425308524,0.9597506741173258,0.7724631662394124,0.8025337385599005,0.37871126060776905,10,3.2074046888926953,1.0825379747676265,0.00016714115037206557
200,0.903270123940209,742,10,0.010720163138692283,0.8360767640043651,0.7683832151439206,0.40244946688100236,0.30173084125539723,10,3.409305570880669,1.057979678109542,0.00016834320884795688
202,0.9036855835750792,741,10,0.02093130043762044,0.9621910939045979,0.7088150456145264,0.3899742149259659,0.22727827270198925,10,2.5549301401923334,0.9632006649551934,0.00014570986420263371
201,0.9042836660691892,734,10,0.020777609910209258,0.9629859322009752,0.7743230172841891,0.7647030956296937,0.2268700576594309,10,2.5500140296362677,0.21587512647536447,0.00017485541890462832
204,0.904258429615119,753,9,0.020582008963375184,0.8410088323874209,0.7706984667220241,0.4135544261885243,0.2525815735261365,10,3.43225789129879,0.991861487879774,0.00017000674142887852
205,0.9036360139833348,745,10,0.031204801187775636,0.9404981615179497,0.7688846589629208,0.4023162253718134,0.7975908062395207,10,3.1930477329395113,0.9175487761273164,3.223428165743647
207,0.9032681442915026,768,10,0.029875931426598803,0.765131940818877,0.767176214922882,0.795035697598588,0.21068357032211305,10,3.2107552577730134,0.9620265631817734,0.0001839825602443762
199,0.9036891801168043,923,10,0.011122782513689717,0.9522774173303393,0.7709536262297862,0.7902354536408632,0.519843801470875,10,3.494922407320373,0.21799398014290267,0.0001005130160409044
206,0.9039491133436076,734,10,0.011017939299517065,0.9582608339307331,0.802018768877665,0.7971873945200795,0.20634229504007112,10,3.221627811061303,0.9811303682942174,0.028129679089395194
209,0.9029145608795265,949,10,0.030431315239627735,0.8414467265024275,0.7755796928461611,0.7991509985913021,0.2052025530390595,10,3.1658097743978106,0.8081524416479642,0.22385913719713016
210,0.9036190416998154,767,10,0.023667281198467432,0.954567709145999,0.8032154180355089,0.8059273673859272,0.4290231736878404,10,3.2388626953968376,0.8082524965193538,0.00019083443691716276
212,0.9033758251095534,778,10,0.022855423757392353,0.789486848033061,0.7814272473945705,0.7656268296030764,0.22383702857466664,10,3.219692494820635,0.22089941580300146,0.025896882117276965
217,0.9019440359346454,141,10,0.019314980164215415,0.9890004006756088,0.7326520650699944,0.7677155849350207,0.4078139637587368,10,3.361102274917907,1.4049751467738956,0.13421368534659683
214,0.9038348478864753,697,10,0.022833867553801377,0.9733742698932277,0.8036833648037129,0.7746993648216255,0.20636263622383375,10,3.1190980292449897,1.728031232511185,2.6931090009060297
211,0.9038195784718092,942,10,0.0184600914747102,0.9612345045539717,0.7718639109853661,0.7996219006749726,0.44395484777333405,10,3.1390657237409223,1.5900836640840665,3.0879926474430395
203,0.9019558509603813,778,10,0.011130424686027466,0.9762965071478462,0.7734375093963114,0.8000594388636938,0.224027562102659,10,0.17880418197065717,0.923773288769625,0.00010018888510150532
216,0.9023127744309114,661,10,0.022960772369441888,0.9798840249528928,0.7408256543548181,0.8519703339145582,0.4231675316954101,10,3.3138170327575027,1.7199477766506959,6.663642212937894
215,0.903897740007738,950,10,0.018674105057899654,0.9806716902682514,0.8011662479851366,0.8220355668141096,0.4546717417898457,10,3.098295598704898,1.4038355380037115,2.7614484957168703
208,0.9048048413927532,956,10,0.011224546369515111,0.8381474080201857,0.7765690698395826,0.7996749121148654,0.7965856955414559,10,3.4775966836642827,0.8985112220962573,0.000179197506143309
220,0.9034569753509791,688,9,0.018989184079126118,0.9949212036630866,0.7379274031663609,0.8209285236050128,0.3684188325007569,10,2.4282191865659457,1.679324256814812,2.83391599810902
222,0.9028673655435249,638,4,0.021123069631967913,0.979750021790688,0.7338492459394563,0.4839283318072357,0.33531037496482996,10,0.02826419975334593,1.3370514389450368,0.00016179632677822044
218,0.9038929844266216,666,10,0.01957291016601518,0.9809637363304353,0.7361198451515761,0.8124303989660312,0.7580632371568253,10,3.0746438063556005,1.4119472710717547,1.944313475864848
221,0.904748492176944,891,9,0.025754299666368434,0.9760625135162442,0.7350458725963187,0.8534169741097516,0.37624111997139953,10,2.6158176228617758,1.3757406023207461,0.3424628746467433
219,0.9047038684382119,853,10,0.019297841399857876,0.8324856285937855,0.8024334491689024,0.47803309223851587,0.7517393720966036,10,3.0746331663752398,1.4324994899401255,2.9091667787942015
213,0.9004270257791889,886,10,0.018849200454228443,0.9823258681028234,0.7920902333665129,0.7598731812286569,0.21122920836142928,10,0.08302367388445209,0.2236794259339717,1.6522532661409586
224,0.903268962544274,855,9,0.024679312980789347,0.7927334030150562,0.6969234720697143,0.8728816424032632,0.32105666814618633,10,2.4150890320560756,1.2258111811326542,0.01261495267935223
223,0.904092785044784,854,9,0.025363273621125157,0.9945239461717192,0.7318368201934635,0.8238792801762957,0.7530513069191466,10,2.6374777114119237,0.6869737795976226,1.6051360514286745
225,0.9033517385727702,852,9,0.025198185809838552,0.7689324477235291,0.7097286605886087,0.7453801631118012,0.3661496253867089,10,2.441137359170464,1.268772364843881,0.3372247484164764
226,0.904071229739958,890,9,0.013389218723818985,0.9991783532270543,0.7844138213713095,0.4808801225818914,0.7541143491226663,10,3.473714930875283,0.7067760031657268,0.0003349820206040566
227,0.9034647943628313,887,10,0.013414394980485118,0.8325866385480412,0.7873898669344745,0.4807034150549055,0.7813557307238012,6,3.478457444321084,0.6533692620639461,0.00021313965622330534
228,0.9039436315669575,885,9,0.013553760196608207,0.831252123371222,0.7888015783725163,0.7444313888047667,0.7560325018270841,6,3.462684648893506,0.6775086459626626,0.0003219631532951131
235,0.9044380586756869,882,7,0.013080620681015967,0.8269768423473858,0.7881090039940225,0.4758346577867692,0.7852252421007991,8,3.463210136593598,1.9895494837530108,0.3793246644520587
229,0.9046453763640434,993,9,0.013114014569752473,0.8275974200272465,0.7867056175340762,0.7398763911198297,0.7952441248904087,8,3.478513587774291,0.6882984882230752,0.0003189717677464219
233,0.9041130632549834,890,9,0.012805575616841843,0.8315295722130636,0.9147650420710476,0.47449302451473385,0.7499751002949504,8,3.4400499397723006,0.6317373254924576,0.9997379101399979
231,0.9044386596703369,890,9,0.013113876697731718,0.8352941970364256,0.7899753349013704,0.870753385641173,0.781127863763108,8,3.4575256770777587,1.2106139666387243,0.2573616757197243
230,0.903371370861955,979,9,0.013427638625936225,0.9378812305004923,0.7598715413728456,0.7473715060944257,0.9185621328858767,6,3.447027417900534,0.6422051456351041,0.2752890708186123
232,0.9050959735091654,1000,9,0.013068946184097948,0.8325409802798496,0.8404511703170849,0.8668630623579472,0.7789858975851699,8,3.452929697292799,0.6771851291020208,0.2882370227558009
234,0.903258331111594,890,9,0.01295675075263892,0.8295074472394962,0.8389492975281996,0.8524093041830941,0.7735425606287375,8,3.4754466768357664,0.7271063966773759,5.381187095605613
236,0.9037255204525488,614,7,0.01357146525182509,0.8306381925037462,0.8442125161724741,0.8521817570231408,0.78846422063747,8,2.835668612330139,1.9273082080758415,0.0458857451081449
237,0.9034343719163486,615,8,0.015488828571059099,0.8326123335412678,0.7616472743474125,0.8620494153617756,0.7917099808993019,8,4.132120871317021,1.8542716371332695,0.024422551159928526
239,0.9046722795786366,992,8,0.015371803647692599,0.8096346370067764,0.9541071227438326,0.46004861747710324,0.7979274226421991,8,4.125241047789416,1.8772746200864256,0.3667382836193174
240,0.9035626723393587,867,8,0.011534185978380658,0.8136083724481872,0.8118883217512061,0.4565861682730506,0.787650753549365,8,3.3571259504997277,1.9482288249494608,5.217319040744734
243,0.9039622186910219,988,8,0.014851382952896562,0.8623567825848168,0.7587940867657904,0.4633646440274687,0.7895294243242847,8,3.3619708872280487,1.855273084347943,5.037915148532514
241,0.9042625683899377,977,8,0.011515051129209355,0.8132125396465518,0.8217459763459506,0.4668345264555067,0.7848192155068596,8,3.326063904524958,2.0693614778422122,0.3335286675305557
238,0.9027021903814827,987,8,0.015789914022207797,0.8623842455665194,0.9132561954073645,0.8582231201141516,0.7915860508623586,8,4.102506093762532,1.848687728487712,5.332226088675514
242,0.9044270615226349,998,8,0.015258736480312823,0.8644540409771212,0.7588129626947699,0.7188190383982002,0.8004327015138317,8,3.277487814098513,2.061938756540573,0.2726401119816889
246,0.904541028991021,971,8,0.015016370881775558,0.8540200767365177,0.9562768790416645,0.4533068774490083,0.8044875808690479,8,3.351128019794903,2.0530064894095323,0.3735839756082875
245,0.9043097135543647,965,8,0.011488947223028139,0.8536789808735227,0.8127696216158682,0.5099715265030729,0.7960944582607642,8,3.302315360632742,2.013339830031917,0.34044870382812314
247,0.9041790498981548,996,8,0.011522995000269338,0.8624108288397555,0.9476315428365654,0.4636515783172359,0.7990397678829406,8,3.3308886670338445,2.1896366168343735,0.20661875149981904
244,0.9032982438154867,997,8,0.011611992067130695,0.8627022403720266,0.8146963022826781,0.7246330837853028,0.7961760354635472,8,3.360540961805837,0.0009841977592692207,0.20523798133673482
249,0.9039296117285694,982,9,0.015236269953722771,0.8099834870047747,0.9567959097822935,0.5083938215629364,0.8134532322032808,8,3.6531554372410935,1.1861540883906199,0.39621544140744086
248,0.9040342682649161,989,8,0.011807080635242814,0.8039219369459979,0.9516120939646459,0.5085897956942425,0.8127492613854452,8,3.3518671613007713,2.0631607020747307,0.3713327719888767
251,0.9040493271110039,991,9,0.016109199782104684,0.8542761855682219,0.9587860966799763,0.5218869082166071,0.8075110642858224,8,3.6379561735891923,1.1429567812552586,0.22602488522867212
250,0.904247894116571,996,9,0.011595175866660964,0.8553671486718076,0.7986179928957393,0.5184756296684331,0.8131557748063464,8,3.029914321670428,2.354371327225652,0.35410809432900575
253,0.9041590676242282,965,9,0.014631484103280476,0.8511134703219346,0.8064652188004207,0.7153760995772488,0.8109072279482835,8,3.6754650780752542,1.2161588683983828,0.22818886933910545
252,0.9042009364113909,994,9,0.011672844099328748,0.8496139339771019,0.949516802843684,0.8814019488360552,0.7988034785339336,8,3.6610260672561967,1.2068701474599817,0.19702529147395403
255,0.9037766624670525,957,7,0.014991037912817005,0.8441209617752905,0.944233270543674,0.4242830687564993,0.8344109398382223,8,3.258720182739679,1.1948141054464183,0.22520318285140178
254,0.9041537435839679,963,8,0.014832137149665837,0.8462776574210489,0.9867012690103657,0.5066314651624975,0.8117831186095028,8,3.2980366491644575,1.2088718062549924,0.4079131488928294
256,0.9039553979414695,995,7,0.01476393378792946,0.8459113130476377,0.9508530338267235,0.49275117948237135,0.8265552261135902,8,3.2587742610022405,1.2010646985785474,0.24716470325805634
261,0.8972291284577185,963,7,0.01704050988961475,0.2958356474157971,0.7858738363790517,0.34308187032786536,0.8135308511055018,8,3.2569148137538266,3.3539567149327514,0.2471144065848763
258,0.9036098389407314,965,7,0.01652357368041456,0.8468750926776079,0.7935321736775158,0.3535099239433299,0.812820376796799,8,3.052644072639058,0.5297365132704192,0.24042504362406356
260,0.9037885266001174,964,7,0.016868448706737354,0.8410850894580674,0.7895504694378656,0.45583235323191307,0.7704683154863099,8,3.229016957141511,3.343549931906646,0.5289988065407973
257,0.9043852899619024,969,9,0.014447968709920198,0.799414788990136,0.9813987280408214,0.8818708255212183,0.8165058039122441,8,3.6529271976561986,1.1361517847105178,0.26030044926639495
265,0.9022849105826994,942,8,0.016958211273510063,0.7830598053839214,0.9739687409300776,0.21714142125982433,0.773151107173943,8,4.270655269499063,2.913178205699773,0.2732209107485478
259,0.9043443897902002,953,9,0.014757297161367422,0.8449981247376179,0.9669686150187071,0.8786113643129815,0.8277763827738358,8,3.230342904703902,1.4087560251841045,0.2706733549160252
264,0.9044765351042298,939,7,0.017190485220656443,0.7873717795802103,0.7840565164836935,0.450732178986465,0.7700008028108625,8,3.249309752557033,0.5472432262870157,0.481809388141252
262,0.9033716353269673,939,7,0.016239812126015357,0.8394243298494568,0.9870953909167138,0.8780152591186119,0.7714340321599289,8,3.196813131493004,0.5109690857014795,0.2675726577682993
263,0.9047395852781154,938,8,0.01684731788191005,0.838552477315064,0.9917401357039388,0.48372372099508154,0.8313037155300141,8,3.2401258724883717,0.514576046370795,0.2801383629826254
266,0.904119628661628,937,8,0.017220908410860446,0.7856160939892664,0.7876936735514775,0.45476467211625543,0.7646417107709796,8,3.0791486646869064,0.5343215142343553,0.44162109148958745
269,0.9045995580097126,934,9,0.012790394636163068,0.7837387841074757,0.7585417003739078,0.4367630375616919,0.7774695893687535,9,3.536452824169167,0.8144591528622888,0.16912076929491515
268,0.9042558361247985,923,8,0.012767734125932947,0.7864685619174235,0.9787929191157284,0.45678366736455184,0.768639169286636,9,4.299967649638246,0.5126952970968719,0.4611048642995482
267,0.9045040840878024,941,8,0.01679342751348985,0.7850627819381489,0.755049510415998,0.883068160979226,0.7631177061849507,9,3.543023236228273,0.5659720120842432,0.15055523970167664
270,0.903995078867891,932,8,0.01328906568835686,0.7844455128699985,0.6076147050745336,0.43979784084107876,0.7729405192719165,9,4.2849040820663875,0.7876399426259364,0.16157712849655542
274,0.9032405380667244,916,6,0.012821262608925165,0.8153604723418161,0.6061852293378582,0.4309812244003308,0.39919033238268303,9,3.0982977771678484,0.8505694831197282,0.15795277503254046
273,0.904260074178521,920,8,0.013508580282919336,0.8177486998060052,0.7611853853708592,0.43365653344233496,0.7707914337695677,9,3.532754619342615,0.8291533075245185,0.564658842277817
276,0.9046035411766324,922,6,0.012679301103393138,0.8126617244170207,0.7774445536664957,0.48282630874941757,0.7450583206384058,9,3.5694397294395395,0.3967184689042463,0.5968604109875395
271,0.9042182691700722,934,8,0.01252738476050435,0.8243346621522779,0.7608971920791898,0.781933628114402,0.7686020577486173,9,3.526595654439834,0.5367181000626926,0.013875376796192994
275,0.9046608568794108,939,9,0.012987024448224893,0.8150530778267101,0.993351733859755,0.44016487636108215,0.7642757057615247,9,3.50250421494066,0.8127403741495689,0.5326598472928337
278,0.9046895834506538,936,9,0.013748086433459133,0.8065717745686574,0.7608866024332523,0.4449946826506926,0.759533261098262,9,3.538563302012906,0.8367702541629668,0.15956903040246176
280,0.9030047133457726,931,8,0.019683029401374504,0.7647526886195737,0.7646767617164902,0.4316274453218152,0.739208270978984,9,3.574293730705387,0.3702565992427912,0.5656880946831155
279,0.9037733005154476,926,8,0.018785044448924617,0.7790947270870185,0.9953441662800994,0.44693854554360174,0.7428582011435589,10,3.552194122252462,0.3770811338107085,0.0005458076061328099
277,0.904810352968278,923,9,0.013617695498878233,0.7782715520008364,0.9959915870684395,0.4203749969835784,0.7387263283953703,9,3.548802951212277,0.805705708511063,0.12571640655050637
272,0.9045680659204625,934,8,0.012842467336738935,0.8184176878807373,0.9975584523971797,0.7842767054825988,0.7423735642678517,9,3.5151298403251183,0.8290234359742087,0.0018461504183816682
281,0.9037710564017287,931,8,0.018677782024978027,0.7657183882778656,0.9970005170879228,0.42568354535696146,0.7591871000414062,9,3.521106402366865,0.44032195943851365,0.11484351956735371
282,0.9027933010487865,936,8,0.018177011937410094,0.7673337045806102,0.7454459741852068,0.4874652196471329,0.7451685611241554,9,3.5287463991291963,0.3580827763565703,0.0008675867697989031
283,0.9045170199161083,936,6,0.01801175897517962,0.7689033164873743,0.9900646500437028,0.48128683039451936,0.7392949612873495,9,3.5520318938239543,0.38535347550617904,0.01349974616557969
287,0.905350421082424,914,9,0.014047494372836516,0.8045776621277182,0.993969828436265,0.4918733105179728,0.38511630373187744,9,3.541307078469182,0.4108626653968456,0.12256962308574254
286,0.90368053175362,905,9,0.018421088438389494,0.8033278488122885,0.9721920515803083,0.48883901419436887,0.7315285381939924,9,3.8013834529066304,0.439336595674623,0.6093854605468092
284,0.9038706998095426,905,10,0.01827925080938462,0.7607689124977169,0.9964508890183684,0.4746574450654451,0.7348061220039193,9,3.7880492408666875,0.395720940545635,0.12390673159496624
288,0.9011178195658681,950,9,0.014056073072363376,0.44027472668453,0.9810036018995895,0.48304007360379964,0.7382825931405516,9,3.811735912467939,0.4080147561560031,0.12324321307172587
289,0.9034038973218352,906,9,0.01410524405876598,0.8004156419908715,0.9854221722453025,0.4221936503736935,0.7383382726052817,9,3.4179248554273163,0.0004484464873789127,0.10986792832331903
285,0.9039793639144384,908,9,0.009807918636566134,0.8023374188036883,0.9875672673113196,0.43191057253635734,0.7406821639483783,9,3.5660335170575106,0.39757595242684224,0.5274190593384882
290,0.9042638556709145,905,9,0.010293191515804349,0.8035899280478342,0.992871759989458,0.4875087123639871,0.740873363937764,9,3.789703796550569,0.7991402335348474,0.12688173635493483
293,0.9045434353261645,904,9,0.022119737057605907,0.8024728126277242,0.9988324038848801,0.47221120287849644,0.3812281706227728,9,3.692936573322757,0.9062663929344255,0.0016266648876062965
297,0.8986595684733745,903,9,0.13801821934271516,0.8026196662964349,0.9682047048713892,0.4193231384637669,0.7486222774997743,9,3.680838131875024,0.7217309039658208,0.16923326466801566
292,0.9039639301498568,905,9,0.009724744590685817,0.8035209801292026,0.9909308762157143,0.3837316166837317,0.7365461227237456,9,3.7140105664594345,0.7626031233517725,0.17929370112238505
299,0.9038637660219123,974,9,0.01235795851858424,0.8126034996593477,0.9645490536586041,0.4623546675604858,0.3474545170128207,9,3.647988144008379,0.7208509482871872,0.18235245402172992
294,0.9044054607593216,920,9,0.009779051175786079,0.8058915144526596,0.9725685291320585,0.47126504658135954,0.7370848796403768,9,3.7534812792385623,0.7559345824012433,0.16154859555171172
295,0.9043026078910825,904,9,0.010010684151716,0.8089934305219066,0.9918367319286799,0.4642172138756727,0.7301884934845959,9,3.7012064294468456,0.9504323370753346,0.17918605742244584
298,0.9043966364915559,957,9,0.012434727652496855,0.8072785479728665,0.9670471210945126,0.3755080017933166,0.7600194504952414,9,3.636321970367461,0.7576071616169566,0.14314334557843023
301,0.9039335522496508,918,9,0.02167244821035383,0.8191258768218431,0.972195234946184,0.46164664948082396,0.3552906067731909,9,3.6180298957174264,0.8067129009512578,0.18283403062460424
302,0.904092667749724,952,9,0.021821504683383185,0.8154582163521761,0.9788705099317965,0.5372518198700319,0.34719447141783333,9,3.701944119367581,0.8100529813608628,0.1927962501409127
300,0.9044303203184416,972,9,0.012477214116492177,0.8161263454762567,0.9644442778622268,0.46778762115441425,0.7558314267995191,9,3.643647297839592,0.7231668658707482,0.8385260874519148
291,0.9020931849274374,909,9,0.01025826973695904,0.8013702539150446,0.9857540660912865,0.4815140611463942,0.7424195783212171,9,0.6019778670967049,0.8131251761674699,0.12272538870614222
303,0.9034578284197826,953,9,0.02197157281832615,0.8125394182409794,0.9755824073770206,0.4653962689202085,0.33906581462403834,9,3.6770531895825616,0.6464019647262541,0.18170188505018106
296,0.9025474595729615,956,9,0.009629810591593421,0.7977439184570769,0.9786085815510593,0.4664865546527095,0.7516032307621153,9,1.8152186681499975,0.7923203576824555,0.15420030460875628
305,0.9041619715701709,951,9,0.022309542749639442,0.8149401114651161,0.9957091835650705,0.4686504408837471,0.3850662977720226,9,3.621516850407902,0.8673144715382035,2.140838847814986
304,0.9037008414350798,952,9,0.021914675951502084,0.8198250923025765,0.9984260891664865,0.5359748965094953,0.3917143549153858,9,3.618055851712476,0.8577507871017302,0.002822612423259793
308,0.9049242589384765,944,9,0.022302770589717497,0.8204896407462887,0.9791548125896062,0.41319150467002214,0.40158639566757803,9,3.454342046317625,0.6256315453641669,0.0013664748386191183
307,0.9034767262275221,953,9,0.02173569210558226,0.8231662128118931,0.9964297316768009,0.4083599953874057,0.39445264752800085,9,1.9320234630683824,0.5754301089067075,4.069151162864783
306,0.9021015446520325,953,9,0.021352198812608556,0.8271242903975614,0.9764139559249637,0.5321391689958207,0.7140489059926233,9,1.8776359374059308,0.6040769839438718,0.002555524421963743
311,0.9035414357760667,872,9,0.020803291219605904,0.7882188974944377,0.9954624243395966,0.4435366310558171,0.718167211465763,9,3.4219175133433923,0.5872676936232671,0.002984837097452363
312,0.9036854693967381,887,9,0.026398866580269693,0.7871395523154138,0.719179331375615,0.40249388959712745,0.7208281020714504,9,3.438745047339908,0.5788085833983547,0.004426641987426686
310,0.9024848021178364,879,9,0.014038900851748349,0.7880628808743325,0.9993809001050025,0.49658422340677943,0.40209694534619655,9,1.6358544924724394,0.6121497808637453,0.0023181583334593962
313,0.903593541616926,873,9,0.027155063793929155,0.8266904050017948,0.7282988335146144,0.49859014979942395,0.9378746186025287,9,3.4470479542113,0.970183630313697,0.0013719727495004309
309,0.9042695505247217,949,9,0.01249218240326092,0.7920420938664838,0.7169524116981155,0.4416911808123232,0.7111480790105292,9,2.0389937622959926,0.545448256873728,0.003324034903846896
316,0.9036993156870885,925,9,0.02616131059429183,0.781774677395209,0.7165311251581863,0.3970481818052933,0.7080370739684153,7,3.4244356640378264,0.5579138909304348,0.004056688236675847
315,0.9028560913065492,876,9,0.025991857091898028,0.7747762113828934,0.9996119624319991,0.4995347902001107,0.7102847567424623,7,3.4490845626661004,0.620990065119831,0.002144593746638692
314,0.9038282050939778,880,9,0.02617014157462869,0.8287315564086108,0.9976055263560913,0.499452715178415,0.9764404870057214,7,3.402574776776166,0.5903555093989672,0.004116404001808648
317,0.9038534741595713,882,9,0.015968066954635894,0.7801442898766354,0.7080115374870604,0.3959920684250648,0.711992510849318,7,3.41890901307753,0.28016813522571266,0.004548616981732656
318,0.902753568050352,879,9,0.025902722907297338,0.7858081528606605,0.7361144599735048,0.41675271052659574,0.7116609621285874,7,3.4145220021411102,0.2965836580095332,0.003552086423298369
319,0.9018486109680293,928,6,0.02831079399976687,0.7807313549367342,0.7194326338781319,0.4137021182969842,0.8328165100974572,7,3.39770371072618,0.2844544831191387,0.0038245202720835385
323,0.9048246193315395,935,10,0.015821656264582512,0.8323495665833387,0.5628855484937878,0.41508016072582005,0.7794202944699306,10,3.400292271884087,0.2775881831119266,0.0004425137560744884
320,0.9035169601055099,928,9,0.0137689568364907,0.8327219687254089,0.7387128230177862,0.4196465050729467,0.7762698791323066,7,3.4211006573224685,0.532714216157335,0.0004735142019801184
325,0.903688394019451,930,10,0.01582912024148539,0.837011061098035,0.7421116275406148,0.41814173154998324,0.7795946797710167,10,3.5101679595660125,0.45410820917953726,1.2296860554758677
324,0.9048759540505003,926,6,0.01564317236517507,0.8342121895810003,0.7440040661018082,0.41895942145289095,0.8339102340226726,7,3.521224188570682,0.29184448094120713,1.2073219024451218
326,0.9042127856450184,976,6,0.01574225805485617,0.7371666577143314,0.7459020866669605,0.29492557403413333,0.7881300813884404,10,3.517649564339942,0.32571955855165646,0.07505536829998513
321,0.903963350820205,927,6,0.012607381561995767,0.829099315843723,0.7285440975277477,0.41928870909100496,0.7745507428423017,7,3.437189348971605,0.28730461638898885,1.276871995101578
322,0.9049600261780073,927,6,0.01116149495011142,0.7752523056142052,0.5829151123657903,0.41940569401215944,0.7794974199163225,7,3.504981296358227,0.31699362461905894,1.3393359991706169
329,0.9036891266004581,982,10,0.013633751640116064,0.8381247347634287,0.5872850640871724,0.2912141581644654,0.7827682732808648,10,3.5168422713239558,0.4556720946743932,0.07357241224279389
328,0.9050778703127434,928,6,0.01084339412329298,0.8372985463264335,0.5569737227503385,0.44043531586761375,0.782156464042794,10,3.500818879719785,0.4535315155671034,1.1774115567349546
327,0.9040529039641869,975,6,0.013551561644230128,0.8333879691573496,0.9335336127715984,0.4419747871083835,0.8342815038349646,10,3.1374685963164146,0.3158931323765811,0.0004529148203459551
331,0.9043768457818233,318,10,0.015929531542601467,0.8370690259679451,0.587270798929823,0.44007780556811876,0.7808529518206568,10,3.050184561991483,0.2593652388113583,0.00040160088448975396
336,0.903437331431111,323,10,0.01983106121301681,0.8732354583275681,0.5821568863930232,0.3594601644527924,0.8306437016581792,7,3.100345063891914,0.2261101879284556,2.2357821835626783
330,0.9031103945985223,922,10,0.01586696055882486,0.7362965552819646,0.5842876907146163,0.42874471082363985,0.7900606997533497,10,3.5305223190960358,0.24027885729508425,0.34159405153728295
334,0.9038010172697251,854,10,0.01987057359741733,0.8361698951731762,0.555265361518281,0.38071962885048594,0.8565927504132034,10,3.131309768437384,0.23769729488360425,0.0002505945990005978
333,0.9035900216248608,575,6,0.01569117018996221,0.8707663124536317,0.5905589544042511,0.6799628109974215,0.8285174090981637,10,3.1327655540862436,0.2513335886871573,0.07665953888313522
332,0.9044193973585062,976,10,0.010826900435890316,0.8374221455173877,0.5966219451275239,0.443501292933616,0.7884299057706786,10,3.1470754347012817,0.3081613244232118,0.07910168849186938
335,0.9036627427376798,975,10,0.01972277622041964,0.8730030664966273,0.5720117304536024,0.8448698086259658,0.865391881752852,10,3.149292559489794,0.2308281155889909,0.0003581380725470063
338,0.9050377655885515,854,6,0.020017937115032556,0.8406213257975846,0.5567468292173713,0.3923449587839839,0.8277299484431941,10,3.102813129560629,0.14394104918154918,1.411506257028288
337,0.9048784347307951,850,10,0.019829691496496105,0.870406804359205,0.545747401976555,0.3666671092954872,0.7976829106978893,7,3.07893730285217,0.22501770258708342,2.030161462819895
341,0.9045583948173311,384,6,0.0176260710562479,0.865418432018296,0.5123730975089307,0.39933805436821546,0.8488609028922457,10,3.36340053175588,0.1729368163274637,1.3868985091531718
340,0.9040105062469996,847,6,0.019757502935713996,0.8696223318518557,0.5432893317688242,0.3900114441864005,0.8511941645620924,7,3.320981355011844,0.14318773087041728,1.1058870200732773
339,0.9043638024647198,900,10,0.019719783763053094,0.8756322332794183,0.5550169115207572,0.6848973880185676,0.8274784560507269,7,3.339793419922575,0.12214912167005378,1.5564382770872587
348,0.9018994640398736,245,6,0.01743852214010613,0.8693328015526377,0.5666559922184313,0.36767246734070247,0.8527117317721069,7,3.3478858983404134,0.15081882806572286,1.4376390440552924
344,0.9041444134194915,899,6,0.011167447034937463,0.8683068591978192,0.5390718460796856,0.39239135967434297,0.8806576126315317,7,3.3662153006969193,0.19208413144813333,1.081540082770241
343,0.9044928202652294,969,6,0.010811572705368448,0.872350405677965,0.5564411564007451,0.39801358394726805,0.803247864395083,7,3.334701362449729,0.3488908420910542,1.6181868657839846
345,0.9042136131719296,892,6,0.017397693676690393,0.8675769981169006,0.5419981315735866,0.38903707730619086,0.8795805908017108,7,3.337749267201931,0.14099179448815305,2.095605970701377
347,0.9045957598694786,946,6,0.01774091925372432,0.8221757246155359,0.5194078580190472,0.39047302398580563,0.8013751091384148,10,3.3330856792224948,0.1265992823073879,1.5040317331201398
349,0.9027990618858162,840,6,0.023862599762081233,0.8981015967122401,0.560693768920694,0.38987633050136533,0.8238657731003634,7,2.993430327752194,0.14667499146679183,2.393764143319
342,0.9034653467062574,859,6,0.011094953981418184,0.8623991833625279,0.5579423301025788,0.9306867617670707,0.8639960437661877,7,3.293824330392091,0.14435998927084484,1.5407314824510627
352,0.902179090978032,838,6,0.024279601293531353,0.8978783940414192,0.5399980048807516,0.3822288590680253,0.37207212038780196,7,2.9602387049227987,1.4905308470933016,2.056918901632504
350,0.9049147346252099,851,6,0.017596118067776834,0.9000666087763881,0.5214476752463424,0.34220226698356165,0.8270921812733598,7,2.99328298925429,0.11171251162486655,1.5850100819399562
346,0.9039367317591662,893,6,0.011083182660243622,0.8466294403265874,0.5365252324294159,0.39788695876209346,0.756125782597722,7,2.280153521693254,0.13491732187339778,1.5861853064392846
351,0.9037264913485353,853,6,0.017759420943261803,0.8976523017835148,0.5329833669696651,0.34734063893795725,0.8056382799133487,7,2.8716329739227247,0.13016737200409245,2.0964000747224767
355,0.9034508253041583,841,10,0.07487646235566818,0.8504195499527261,0.5230805086027841,0.372138994191866,0.7562512344588924,10,2.9648393161721454,1.5810422353510996,3.541063683884149
353,0.9031199096376493,843,6,0.024287379783962608,0.9086334345659769,0.508700719638252,0.37519533905046165,0.8042455037676716,10,2.8501494457857883,0.3770662317028756,1.7633228530373375
354,0.903281716994736,842,6,0.023873091928564346,0.9087720912121482,0.5135524830661835,0.34523805133952884,0.8175737138529902,10,2.982268255731384,0.1361027175497905,2.2925347795613873
356,0.9043891806914969,846,10,0.02349647645752971,0.8520468663743861,0.5120373723804181,0.34861238392194605,0.5180544049067193,10,3.0458264144713865,0.0952184589294317,2.6487095646817544
360,0.9037331608231884,847,10,0.07702858475643477,0.9063584207994457,0.5112010882320359,0.34061200164095373,0.8348263639230638,10,3.176473268018033,0.11019162817353549,3.041259498101431
357,0.9043927160391044,859,10,0.014482885260645307,0.9037972776617061,0.5499596710251259,0.35685116134001876,0.5248902271110596,10,3.2001138105949574,0.08246871319085862,3.3840551812600377
358,0.9029947560366134,838,10,0.014682944196293634,0.758243402521326,0.5398191714920493,0.41060481503016627,0.47567627730031325,10,2.9661412289075706,0.09759555059115416,3.2486077281415677
361,0.9037962664777135,856,10,0.017134423515594112,0.9093777045653876,0.5025497513477938,0.3494197360696664,0.46140170941854286,10,2.9067419304311892,0.10997216547318588,3.263857208729011
362,0.9044005935084429,860,10,0.0165702241602815,0.9441828822833523,0.49094614375330775,0.41063809803748813,0.511726824253017,10,2.977269849505916,0.368028077783233,1.8868062759477358
363,0.9035407194628127,858,10,0.018516651527644007,0.8529582949556043,0.5723139746146981,0.31770419624813173,0.8354643658342246,6,3.2086302757651772,0.20038332637269773,2.632669589650393
359,0.9025043811947452,942,10,0.014300734328898836,0.75461414278054,0.5280622061916656,0.3624966996427547,0.7562810259646537,10,2.307831256145042,0.0017867457034249359,3.5445367702647466
366,0.9038011534931517,634,10,0.016588969049078372,0.9409683267297994,0.4922887808216305,0.2542403658111629,0.8223805500351825,10,3.191064666980226,0.08049546504682635,0.9787489018910738
364,0.9044127053826619,868,10,0.01661053919242486,0.936232328633419,0.5135906215385645,0.35178095902681794,0.835238894730127,10,3.045227241315042,0.09581200087709905,0.9241830276443059
365,0.9050348939500623,864,10,0.016464014893779008,0.9268188663420778,0.69072716378845,0.3586996178345995,0.8416495101021557,10,3.203780437603819,0.20112191026934842,1.1705972424634297
368,0.9045794177713434,645,5,0.01885220172573129,0.9291386303035821,0.6900511176975319,0.41141972493589135,0.8193117674184777,10,3.0420118199116923,0.1939051295610139,1.9314882292574365
370,0.9045953425331987,646,5,0.018779115454519223,0.7992550511473562,0.5722291305461192,0.41752081865275575,0.8384315658796456,7,3.21862902810656,0.4443222712697689,1.122970085349561
367,0.9039326018783994,866,5,0.014865022466923136,0.760084820055302,0.5658006749475732,0.4199916438801311,0.8201690126920089,10,3.1853965277725194,0.08891566214606,0.879020385455902
371,0.8988562770021895,651,5,0.01905233954504946,0.3159063327689719,0.7580859757444617,0.31938994323092706,0.8413454690310789,6,3.2004261634515614,0.024417605694135383,0.9143242165915593
369,0.899923360335168,638,5,0.016783894978807418,0.35048262886171233,0.6961458190752797,0.42660046009202746,0.8203706959398469,6,3.2258079327089524,0.20020434085211414,1.0225002335114548
373,0.9042146030723005,648,5,0.021085493415623848,0.9325738613481579,0.7589908978942007,0.4302191191138475,0.8162277323185719,7,3.0608575492217165,0.06654391974281358,0.8369078642414037
375,0.9041001520563595,894,5,0.021001937125624103,0.7960474740732035,0.7004782799124,0.4260995263089008,0.4129839539611314,7,3.6033880299233756,0.18200170404408425,1.2658392633771316
372,0.9037969315551473,911,5,0.02004885706323669,0.9339603884547583,0.5666004861902965,0.4249632732469848,0.8199010210701383,7,3.230963769056628,0.0018013381546972181,1.1028003279141911
376,0.9042877630343622,891,5,0.021029618666754554,0.8427414967598543,0.7472098366062467,0.3063912716332306,0.4233984155340081,10,3.0812229289384674,0.17682911312683894,1.2057996165824372
374,0.8988312767346077,908,5,0.020728226949310563,0.33868309564597604,0.7573336718058532,0.30891737810953657,0.7987449602477908,6,3.592865669102072,0.05786432681490923,0.7895387312721326
377,0.9049305012705876,896,5,0.020912796477786405,0.9261827119721149,0.7067599991426092,0.3323933278923282,0.8473465365511254,10,3.2505992297580897,0.28819377549695846,1.1302191598335558
380,0.9033248583154734,896,10,0.020076808353597073,0.8870293398703148,0.693610016099771,0.32904636078075394,0.4149024347547266,10,3.5859745131906964,0.1752956690459637,1.257080214710634
378,0.9049259578544179,892,10,0.020415210761046226,0.9320125755817898,0.6801837741305333,0.3722181373671539,0.8557789685659275,10,3.2458742516042127,0.26293256500415413,0.8133540106180882
381,0.9041985818441903,889,10,0.020486661320711867,0.9247274679777019,0.618933147887288,0.36560361316328216,0.4177777484964578,10,2.788037200525361,0.2786844332820809,1.3614921972674823
379,0.9034173841252515,894,10,0.021117594296774917,0.8413029447978728,0.7020076308117674,0.3187718946891352,0.78347735276524,10,3.2688515381246717,0.17808503669677847,1.2127350528843925
383,0.9050766218767283,914,10,0.019911337899191833,0.834186004101434,0.6260176394697128,0.40631457143530847,0.8619976202231204,10,3.8612041136485287,0.007525858428923981,1.4147120945215006
382,0.9035771030525359,894,10,0.020565120197686398,0.8342095659525637,0.6201757795032322,0.3233445494072901,0.8597413296755505,10,2.8113963916704106,0.2735564480140975,1.2634223223245458
385,0.8992598755446961,907,10,0.029316398993530123,0.8257965860904599,0.6723895873640913,0.33230557086392953,0.7856416061593562,10,0.9401125053173696,0.3127690583105911,0.0007184618281299724
390,0.9048243224830564,825,10,0.022894772869999743,0.9235356081900739,0.6804944068107117,0.32591766559291174,0.8558407042805058,10,3.086926695675477,0.2502992781917771,1.7286408814255882
389,0.9046689835342365,868,10,0.02289745802661475,0.8860480682624851,0.6667641881589437,0.3658984565895457,0.8719699259644612,10,3.2758946685746246,0.23222683568540356,0.000695392236693249
388,0.9037643543155521,878,6,0.018477182274566902,0.9550534574145835,0.6804770727904594,0.32789234473383666,0.8731409325014184,10,2.75941771384198,0.26516538381989735,1.7451148809825496
387,0.903349894387315,884,10,0.022841128899783986,0.9219037776088098,0.6797331017859903,0.3300121450043904,0.8723938160016975,10,2.785820923715837,0.27557572302081434,0.0058929721993711505
384,0.904554468055424,912,10,0.009342703371636406,0.886531903658464,0.7413023658588714,0.3647814728320257,0.8679947135295949,10,2.7999493648540175,0.2754233456151699,1.2501685904206743
386,0.9031388035684943,917,10,0.00844775153577443,0.8247946517526188,0.6101260657306574,0.32942235251906066,0.8545892364796254,10,2.7465059653352553,0.006302026855236812,0.006190706786946613
393,0.893730603517216,914,10,0.02254923039061551,0.20299077830532086,0.6712102190216714,0.3294955942211064,0.8663838661099934,10,3.763235230260358,0.0002497482978943625,0.7293635631188734
392,0.9038940510286876,916,10,0.023151941758583504,0.920035312947533,0.6826521400175851,0.37367041308818105,0.8702216126476783,10,3.741345032174552,0.0005831910816867081,1.8281702987086914
398,0.9042813073970416,608,10,0.033782194957543026,0.9162720838645617,0.6282883341398801,0.37259139446074035,0.8598387662176588,10,3.824029329263599,0.24843227826479117,0.6819604917141682
391,0.9003032260504924,826,10,0.022814248487060762,0.8868062856133188,0.6882441067956978,0.3336852047440254,0.8617936663446097,10,0.9805787398828545,0.29870110694410473,0.7388052411480481
394,0.9046276206437847,874,6,0.022720599511442337,0.910760430486113,0.659121165969744,0.38230314157838985,0.8689369290432254,10,3.8661756020058373,0.028559177565865606,1.746449305402343
395,0.9042063557016254,830,10,0.023047073951553813,0.9199248128460238,0.6692380564812538,0.3695279202370768,0.8654670812369852,10,3.9033393188757324,0.252577982611225,1.7427418929587017
396,0.9040232577327776,824,10,0.023061620493503347,0.9577629561840888,0.6751996619148275,0.33973774579270116,0.8671095769931029,10,3.7577606472765335,0.004037799712025693,1.8522982353093302
397,0.904050914509218,823,10,0.022878079060964063,0.9169644661798573,0.6546819549838082,0.37079002968562175,0.8528754954271673,10,3.845170476519809,0.23841953538237348,0.7132155411253257
400,0.904781538520762,810,10,0.024850086059211043,0.9197487546942228,0.648455914854401,0.38015792396048154,0.8498199955366058,10,3.4228027491691457,0.33767481731532945,0.8006165547833995
401,0.904424963818693,829,10,0.022095290495607708,0.9181403603058432,0.6493636991180533,0.3794433627167483,0.8492677176612459,10,3.8350812295569394,0.01739389419028524,1.5405399697967501
402,0.9041049844151885,827,10,0.024915718182123642,0.9209224737440164,0.655021242274712,0.39054948164239256,0.8908710960943239,10,3.8704926297069524,0.0069467987820865905,1.4766242148028066
399,0.9036886542274811,824,10,0.008502829974371085,0.9207384740812584,0.6490502552535894,0.37801688380641596,0.8535203976774466,10,3.772067217483131,0.0058328316222767945,0.001032873830353822
404,0.9007083997523896,805,6,0.024535098582420554,0.9236859014432219,0.6455010103556695,0.38184350780062204,0.8837427396971119,10,3.8208892924835647,5.394338121424577,1.858961728314094
403,0.9041248436167223,828,6,0.02573551159242872,0.9493989419435417,0.6394453688998389,0.3783170409235671,0.8451403741975879,10,3.4391268374653228,0.37166470231088206,1.5178521599203485
408,0.9049917991520579,797,6,0.02822293545961577,0.8974108359138936,0.6345389865911495,0.26170655149658484,0.8438313771006084,7,3.1138622808268814,0.3526513089176286,1.5074485882530224
407,0.9033983694025398,807,6,0.025643994849320326,0.8953305001331064,0.6423288271187065,0.3963054810643766,0.8847306890779768,10,3.432773691531332,0.011434760589710132,0.000984255249043009
405,0.9041075982782087,826,10,0.024722848745878125,0.959857329824156,0.7163448080604506,0.40314164877752906,0.8507620630633117,10,3.4304493566229626,0.3235800763285375,1.3700963853692996
406,0.903858364747834,868,10,0.025308208805216358,0.9043928255843232,0.6462864786187466,0.4038547370309651,0.8957232117372378,10,3.46690901830641,0.007062139836332003,1.4861913431380542
409,0.903774914139712,863,10,0.11121039538441548,0.9297486410287906,0.6151629103959355,0.3972772847046466,0.8898614933805817,7,3.450674260551645,0.019094774709086278,0.9824327738119836
410,0.9027099452345336,806,10,0.02788374751278966,0.9408461015006913,0.24567342663863878,0.40460437651024045,0.892684305907788,7,3.4287706140975245,0.3175164625862302,0.9050131941217285
412,0.8978278809704022,792,10,0.23112893075633076,0.8993049387983935,0.6432832990304329,0.39849121761109246,0.896549578947753,7,3.438126335230466,0.3462356060551759,0.9773912781851789
411,0.9037053983063534,859,10,0.02484205145378979,0.8965846768422847,0.6306270507788958,0.4038127574936323,0.9111294639585305,7,3.453046318031922,0.37093099658723927,1.0029289675627673
416,0.9018953757406998,799,6,0.10760056953684537,0.8877062282982776,0.6168492920724697,0.3056638976695855,0.8382689984897573,7,3.1059909786777555,0.20036481335869827,0.9823185110421008
415,0.9041669413687072,797,6,0.02842738742460422,0.9028306113058687,0.6273371420447121,0.24391485904938207,0.8903940456742735,7,3.0619412846072285,0.21041637363649915,1.0179014460293259
417,0.9036458497404519,787,6,0.03119275364460731,0.8964672546595641,0.6032654473825948,0.2941321504924652,0.9028338893514127,7,3.0344135733575825,0.21671325059254054,2.2907673252527285
418,0.9034213593863475,793,6,0.02836540587186413,0.8879990782500712,0.60479561978454,0.41016565612400135,0.8402581785345994,7,3.083649732985307,0.42043685924657415,0.948956094581411
419,0.9043264454704312,804,6,0.01832081384884589,0.8825593323539932,0.6290656530129176,0.23888895190616355,0.835989794361726,7,3.1435974434546345,0.3869260273306818,2.44994373856099
420,0.9048831703953167,793,6,0.030402569964007423,0.8805828089251901,0.6054230080605639,0.3096209183789179,0.8337072698002497,7,3.081210913579533,0.04510290553655128,2.364462440133611
413,0.9044796131303329,804,10,0.018362196139931314,0.8987370969792725,0.6339835873808328,0.40990248121698253,0.8438646123029604,7,3.458641321267003,0.36074218482847265,0.9724154288398431
414,0.9034545098741915,800,10,0.01846397897324587,0.8958709009085221,0.631013553099211,0.4041759102864367,0.9016998150995145,7,3.1182812504889634,0.3583116449387862,1.0359968897726277
421,0.9051682705201436,861,6,0.029286518713417434,0.8834964551408213,0.6017934729622346,0.29669052969715565,0.839547507942594,7,3.081171168108843,0.2045645946988223,2.6021251381821267
424,0.9043830520056042,623,6,0.03191771357010132,0.8535560813445718,0.8773537910695316,0.27806399037339397,0.830243773881867,7,2.8971367837205593,0.03334323837546696,2.604563268821073
422,0.9042900772362504,877,6,0.01833098463707698,0.879228540912936,0.6051762131483244,0.3639893300496703,0.8394756980197697,7,3.0704373898781094,0.210700648821523,2.4332183377241727
425,0.9022608299752839,874,6,0.040419780309946446,0.8593506377772774,0.7050901891637295,0.2545227422939172,0.8369445645605612,7,2.8800779248652884,0.00012649338294355833,2.3288776928835504
423,0.9033484502061413,881,6,0.011497672383664961,0.8547948301100778,0.6009478974089723,0.2061910531174553,0.8371005235520597,7,2.891326650984065,0.21226708349965184,1.2205601026127757
429,0.9040430699554731,776,6,0.03410449419491885,0.8611461433457472,0.5885518999982647,0.27118875268302267,0.8255670363178924,7,3.2721957817546135,0.16034275870361842,2.351067579663561
428,0.9035473262229974,877,6,0.031165170335509692,0.8595067982822533,0.5810709338018116,0.2627455727051286,0.8294301084200654,7,2.9080767983046627,0.042785516327159885,2.1442560862289692
426,0.9035590994390879,926,3,0.010482727260333984,0.8548679644440308,0.688114799588539,0.27495296342813536,0.8083540803988633,7,2.964191469479995,0.16654573186321703,2.086584977635516
430,0.9031082552369698,875,6,0.030273579108775418,0.8605401725801379,0.5789536898956338,0.22992383269020764,0.8100635866134621,7,3.309032888218942,0.039921141146477865,2.262101581261084
431,0.9030654496096773,843,6,0.034764167359844576,0.8725316684824618,0.5822652917326124,0.29235265858777937,0.8321003000997846,7,2.9395278738615938,0.17464642744966904,2.2489139707424664
427,0.9038820048336207,880,3,0.01168033483241348,0.8607862386314385,0.6964805317718445,0.6359796170890665,0.8054187700090812,7,2.916016177800138,0.46449247557754353,1.273445470672847
432,0.9028757893509038,847,6,0.035734399993482,0.8697946624627412,0.586979601658775,0.2677573744732704,0.8397906213745353,7,3.2735418045050544,0.1569590098549346,2.3461352635630033
433,0.9035483356598755,843,6,0.03774967368472983,0.8649156626458959,0.5881262202881388,0.31309416855017125,0.8227272945014275,7,3.300588988932173,0.15405554095244284,2.243873404090011
434,0.9037992294892826,843,6,0.03210963234260234,0.8554473416973065,0.579684928385776,0.2751685511983687,0.850992849080605,7,2.9731505148221373,0.04324127459179796,2.071266188764699
435,0.9036948192497567,845,6,0.03572359729035198,0.8632895869451173,0.571551906174251,0.28981148896821507,0.8073336730955845,7,3.303454898556185,0.03989419977435005,4.287396761664345
437,0.9045165203288532,843,6,0.03521763070706992,0.8751745649651302,0.5580172438350882,0.30175570429751164,0.8135501293613395,7,3.1328281587585645,0.15656058366551145,1.8450946382864988
438,0.9038493470914535,833,6,0.03815489297444533,0.8793272855853072,0.7062936616595037,0.2987196602122262,0.8493852540899548,7,3.303500246791717,0.17134820967865022,4.47679249479642
436,0.9039403584798535,845,6,0.03145941768863432,0.8764094831375855,0.5516865976061884,0.2812379690657345,0.812493368419903,7,3.00683159636691,0.039721727131997744,2.037177682055945
440,0.9042561186819847,840,6,0.03859095840655234,0.8781722421570762,0.5610154069463111,0.29897523275973065,0.8547040027613364,7,3.1781263334396805,0.24594573550778007,1.3881006022388667
439,0.9032705057002814,857,6,0.02828488230700871,0.8782573764780699,0.5561586477825429,0.30409234943061236,0.8570119724190981,7,3.1473216216393105,0.009237586633527509,1.6211216463594298
441,0.9040385101195154,840,6,0.0364096445080455,0.875633806262486,0.5481656014072926,0.3063018947173344,0.8524457261714667,7,3.163830285467071,0.13971870074378573,1.7850685761274423
442,0.8952153927272745,857,6,0.028111344464945023,0.25627479967606426,0.555538884128413,0.28931981616300284,0.8492677366203631,7,3.1522182111007333,0.27135702496032543,1.7285455015794235
443,0.9024807183797148,853,7,0.029638711351811564,0.8732493893968736,0.5634858455703011,0.303039979322681,0.8554291105571173,6,3.204948673835071,0.28313848409902515,1.5793536155988253
444,0.9037109010638442,855,7,0.026959183736920134,0.8770347776718561,0.5564187561504577,0.30400572580692586,0.6921781709993708,7,3.1742306478374953,0.23905874233992244,1.5338328226651599
445,0.9047313918798918,899,7,0.029623647178659895,0.8804156651244035,0.5558471094711146,0.3480099207350885,0.8795785573023086,7,3.143525003086074,0.24235115559699005,1.520046933571641
446,0.9040896405793534,858,7,0.028687831412143976,0.9415463732993746,0.5282911075052342,0.3556757838026601,0.692908989024647,6,3.1623158393267996,0.24963496604883031,1.5991248003473608
449,0.9026989817572506,895,7,0.028387602155801606,0.8166759127270042,0.53289965264324,0.34774736027737135,0.2858806309196651,10,3.6371478166317006,0.26606764108180003,1.5304090942827702
447,0.9037600297538722,857,7,0.028633282702656172,0.8223759734096021,0.5600163940745726,0.3462607979204065,0.9260240121214998,7,3.167874685710729,0.11001941434543518,1.4783593196393545
455,0.8985403796644208,170,3,0.019840217163973873,0.9376325907679798,0.6040755221971749,0.35077389510708884,0.8766118885922987,6,3.654821819253808,0.11542787658897005,0.0536534080058164
448,0.9038370721596168,897,7,0.0274109520674087,0.8175581971613907,0.5502837908170892,0.34086290200140906,0.8774283488660829,6,3.18139508089919,0.11543305906972703,1.5014263358755129
451,0.9041123189672756,901,7,0.029288643997370065,0.8206246675917557,0.5278760312436968,0.33161821898215127,0.8690338005910367,10,3.6463764402418106,0.2881335670533043,2.8269845798347464
450,0.8973575666245063,896,7,0.028181505620033454,0.38593578641752446,0.5445957322698012,0.3443429107444834,0.6909723423552595,10,3.573691103258074,0.27400928145625486,3.019985830647879
452,0.9050561857781039,901,7,0.020637967557907318,0.8196404900571155,0.5281141617026555,0.34668687979469986,0.8785915891754146,10,3.6742419327414133,0.257308748507707,0.05058267195971093
453,0.9036143205546434,904,6,0.020438220662810713,0.8186917479126339,0.7234769273307453,0.34830517899434527,0.6933855341810335,10,3.6479310468536483,0.43532872000077155,0.05470436642551337
454,0.9037922665869355,897,6,0.020063463229593806,0.8164795978921414,0.5378485295542595,0.34958587617297576,0.8799780661954769,10,3.62723004255322,0.21373519636279964,3.0537389695480566
457,0.8965113969444843,924,3,0.02027823947212237,0.8408703115640068,0.6096581720763087,0.32873008118705427,0.7890956004848008,6,3.583922940485127,9.288507593816224,1.2417339110726062
456,0.9040533428894474,900,6,0.02020309756494758,0.8109066933786558,0.6641437586446833,0.3367496398422709,0.8761517886335749,10,3.6954480987496723,0.48838942028272836,0.05878240753665039
458,0.9049855661701038,919,6,0.02037907782404227,0.79471104984841,0.6117546069359592,0.3213886961935801,0.8764346792831373,10,3.625066320651313,0.4657401671385778,0.0982091768473547
459,0.9042491303137628,919,6,0.020866066216369366,0.8401679245460286,0.6660716554900953,0.3388300950370359,0.7913794204280009,10,3.59033878982284,0.42172525292273016,3.048116300640613
460,0.9049301166218487,925,6,0.02150844105040514,0.8412118107233498,0.72564397127878,0.3212880957272695,0.7903444209022432,10,3.59926084833644,0.4758088160829548,3.183767171193679
464,0.9039853291626262,683,6,0.01934872018320113,0.8360455493698109,0.5214069051203647,0.32232444246422753,0.5412714952286386,10,3.9470512662202024,0.19848968967970512,0.031807592570918426
461,0.9040324339617409,934,6,0.021108366519150396,0.8351086716898938,0.6584253574620518,0.3202566469094859,0.7810190876540748,10,3.01468038436764,0.45123138426852244,1.2351643666804777
465,0.9038209908776522,935,6,0.021316492401013108,0.835991125380594,0.4799510245174148,0.3284996996252508,0.8242347729806917,10,3.9596537896005115,0.0026213893386721845,0.044081505256926626
462,0.9045629758621818,923,6,0.01589330269049963,0.7954116375831785,0.6634926331977636,0.36240320484167754,0.791721668597348,10,3.042481846806122,0.48592386178885405,1.147366391068665
463,0.9048798406751477,919,6,0.021320457525400408,0.8423289836635061,0.6684269357454764,0.6042433083721533,0.8818713967091375,10,4.024023551122813,0.420730760628812,1.1649040640959374
467,0.9031671020089671,872,6,0.01734540790380565,0.8387689227325191,0.47333913361736774,0.35826845022559417,0.825746201220765,10,3.0239655653979938,0.19874314989815842,0.08502289109626356
468,0.9049244575723016,926,6,0.021844272550366237,0.8409639619970911,0.4960348864877313,0.3150849270506113,0.9249801275382353,10,3.333042970110923,0.3358834786630442,0.08728475347609259
466,0.9031853740403394,878,6,0.02119615631799214,0.8448964922418754,0.6207689521242291,0.5618530227861894,0.9141699994507675,10,3.049929045476044,0.42839206236631844,0.03149932555142781
469,0.9046896495098936,934,6,0.021727883282691537,0.8415694510179776,0.5982164647529699,0.3167550925260844,0.9068343665047741,10,3.02331763315452,0.33565451101282173,0.09497159773852179
471,0.9049028692758642,936,6,0.022220461435407828,0.8458133656285229,0.7309158840506986,0.36044176601351263,0.7713791730005958,10,3.522353355773753,0.4602134561074104,0.041032314900378584
470,0.9053722999178889,929,6,0.021439637583747242,0.8423936521310617,0.7228318635338579,0.3605318964753488,0.9074425657165406,10,3.9753011267141445,0.46805236848857906,0.07997343282723808
472,0.9039168667802997,937,6,0.017504824116789417,0.846095052473826,0.7241628787051333,0.3162048297361433,0.9051311008248399,10,3.355259013869677,0.3377458990534279,6.297344585648957
475,0.9045447090000021,945,6,0.01881369989541356,0.8459426875148465,0.7324947332164319,0.3203401859378278,0.8910985212560144,10,3.9239415539194384,0.36097517200763873,0.0904905886182912
474,0.9044375162905582,947,6,0.017318927385676686,0.8483224799623852,0.7164863412407961,0.3147504632545727,0.7690156242409504,10,3.539519548263032,0.46775330998524206,6.247178730744832
477,0.9048384368112432,949,6,0.0220639140594103,0.8475708071320321,0.4862436329740016,0.32415907931329846,0.8892830233398876,10,3.980944391713212,0.33867906191149993,0.08542948668502882
478,0.90365186744074,921,6,0.018791872850761553,0.8485186572827554,0.5085441847983685,0.3138606346890994,0.9209182570557223,10,3.3584867306265487,0.33557814381768947,0.08402780701197042
476,0.9043108335207419,921,6,0.021918392336110128,0.8532086564198903,0.7149520094203642,0.5593397990409148,0.9118884910002204,10,4.034704482979846,0.37248065711756473,6.121973437333601
473,0.8999898439809982,941,6,0.022043663011590817,0.7987214577997807,0.7088666421266304,0.36769109978262476,0.8015204756066985,10,1.1680869709520896,0.3500145496068787,4.465246165572555
479,0.9040685355264009,917,6,0.019136572057177285,0.854761551783761,0.7102828191731898,0.31789229873216057,0.9286859746129889,10,3.3557367597381904,0.3419196472910348,0.0693549880628025
482,0.9040975346205151,949,6,0.022573276848395416,0.8249409770197691,0.497213886815728,0.28597238934286984,0.9218083657953786,10,4.0297251545560036,0.49641357941257525,0.09790098327662229
480,0.9043359843030474,950,6,0.02199842211760142,0.8492266234908714,0.7035325018197095,0.36167434298410883,0.9940058875148255,10,4.073645784999352,0.501706972881048,0.039858052046212705
481,0.9049450630379988,957,6,0.02228906695823528,0.8538179437766906,0.7208768203209922,0.32324395548109025,0.8622300021520073,10,4.047779417515658,0.4860183173185876,0.06812131599858177
483,0.9037278094166148,956,6,0.022483021584662383,0.8237690436983068,0.49896239632081996,0.3132570175046526,0.9406533262569872,10,3.9815758279598388,0.5432364242596498,0.04786908099134844
484,0.9032311885937935,918,6,0.022236546485981664,0.8525785405568752,0.693855821076882,0.3592392070803719,0.9293363247160338,10,3.9546395145625075,0.5307148425219461,0.050576383802334195
485,0.9041327760467401,913,6,0.023038920089435592,0.8279340061158732,0.7030538936656089,0.3631851632504268,0.9484024487797282,10,4.110288704501014,0.524638298039852,0.061657240689693985
486,0.9045917419625441,911,6,0.02420090079229006,0.8282250431916353,0.706615691863227,0.2596198615221964,0.9524845762184323,10,4.17841956969919,0.5605317024216255,0.06647351494348064
487,0.9045094819410913,909,6,0.023648191528441335,0.8242683901353778,0.6986250422312502,0.3389469110103603,0.9286495793867522,10,3.971456706491404,0.5449591686939974,0.06649618701805474
488,0.9044439701794756,912,6,0.023742000931493284,0.8274876497251862,0.6885273808647334,0.35890852362880277,0.8802772430084229,10,4.000934737841705,0.5421210189368669,0.06986561077699965
489,0.9040192979032418,961,6,0.023351939943040176,0.8289707376183308,0.6923839204681231,0.28045004817084584,0.9462048624874269,10,4.117728307596569,0.5966165905207549,0.06798765108931747
493,0.9029830452309213,431,6,0.02534651181265536,0.8908340502109973,0.6961074283151497,0.33686887273545846,0.8726025509636901,10,3.7541260537601002,0.6434356851696638,0.06693886119206544
491,0.9050083113774413,910,6,0.023939689340360188,0.8250674328985264,0.6942292069474342,0.3473027653749297,0.9377375142040542,10,4.135098358057279,0.5501460417344898,0.05624014706815023
490,0.9044513698785922,918,6,0.024205269878029782,0.902076721031692,0.45539462773348244,0.6058928975041138,0.8757985579670001,10,4.136571235898858,0.4997358382813066,0.06066691020152031
492,0.9039343521821959,914,6,0.023717190368778288,0.8971038713730797,0.7276400455480934,0.33356260125677994,0.8646368763992499,10,4.167045537181432,0.5738786782123199,0.057267181956945065
497,0.8981454333619929,215,6,0.009294902856678174,0.8956011480989328,0.738093371202952,0.2896222840335486,0.8641379445368507,10,3.748736174393171,0.05612503592144228,0.10819749622293491
494,0.9039566903156212,965,6,0.023594435167828956,0.8999851859778198,0.7270117609942933,0.2559474182868963,0.8711409940405171,10,4.151251631261617,0.0010844999449398055,0.07012075574435589
495,0.9048335075300539,968,6,0.024522402125679424,0.8938139693431807,0.7308933503308416,0.3368989965479157,0.8587467596902677,10,3.8888322612063737,0.6147551139953884,0.06700577947723459
502,0.9049196537960664,465,6,0.020260934955443684,0.800779221277017,0.7235783914827381,0.3399628526807895,0.9720008811874323,10,3.838026961394285,0.4184852804495993,0.10993036020332089
496,0.9043421040948884,969,6,0.009007058310723704,0.9015962807444856,0.45833250537466796,0.3417467544634916,0.8606048063761962,10,3.746029755687989,0.6453738186108087,0.06973728200945815
499,0.9044873885841362,966,6,0.009284193492116148,0.8870238519685986,0.4510682294510343,0.3390917527958895,0.8658316480943818,10,3.7753095827552583,0.4226296633828972,0.08877506058493181
498,0.9043436949899093,972,6,0.009339038403498293,0.8975528387113062,0.7459617912132993,0.28754412719255823,0.8604303172042814,10,3.7481933132596126,0.6467499162180327,0.04587626351152464
500,0.904072954501862,955,6,0.009578912024691669,0.8945062723864415,0.46759026794160197,0.3365232187320772,0.8565145682322918,10,3.7481661197585807,0.41160692027312695,0.10529272970250335
504,0.9049111608887459,958,6,0.019586659129028954,0.8104071481241297,0.7171720849302973,0.34562405230042126,0.9054473849806081,10,4.228985949507309,0.4186001681801693,0.03815482128033846
507,0.9040891374952915,371,6,0.020447520303604326,0.7968565528129106,0.7244715830717029,0.351179843429897,0.9694101006282992,10,4.339111426735501,0.419600174959346,0.045687084261368555
501,0.9046581153829454,965,6,0.009229463301687484,0.8055606781778198,0.7111380656621961,0.3380898616623201,0.9088688859312547,10,3.8368281923231238,0.46042126877549766,0.04321161708947503
506,0.9037124953036365,889,6,0.019292461665848668,0.8049477532949885,0.44120140380878403,0.3804325007106622,0.9007807527488843,10,3.799393960280205,0.44274377103244156,0.03594003779425883
508,0.9045588842182364,465,6,0.020265363872139192,0.8016638955647575,0.7183503810926246,0.35253149212066226,0.9756045271253837,10,4.224890022088853,0.41561606165577797,0.04469434453178913
509,0.9035205909311443,293,6,0.02037828766719554,0.8023826384950009,0.7138546690538494,0.35423680836096955,0.9750736971873484,10,4.260982000941236,0.4122988299678343,0.10428263833192064
505,0.9041851210387717,886,6,0.019882228881806532,0.8075018201399989,0.7221137028277415,0.34369925801000467,0.9671161617705836,10,3.7200927427293413,0.42401037203084113,0.04581753875835667
511,0.9041626766328292,368,5,0.02033240100703752,0.8016713715359224,0.6986864871847033,0.3571063783767414,0.9088661651393747,10,4.310862870865584,0.42039302750061774,0.10131802577847476
510,0.9042655507859788,480,6,0.019709640033828496,0.801691853251332,0.7188363283982158,0.38192526841882396,0.9619197269326103,10,4.354776966920131,0.43929306775458926,0.04211187680210267
514,0.9027100720317858,341,5,0.01943562230017549,0.8031146356475685,0.7157687020760514,0.3824325136421046,0.9520593314477717,10,4.357849900524128,0.32910056634052526,0.11106398821853614
513,0.9034005482932116,451,5,0.019635330662596095,0.7987605444658628,0.7132368594113899,0.38342988819989116,0.9625790921988897,10,3.8362470447602766,0.37527154991482653,0.0970234005859189
512,0.903622806848438,890,5,0.02018121640600415,0.800331712229167,0.7210361488227014,0.38023260479394455,0.9068120507418527,10,4.373948901009674,0.4094998921920591,0.036843591331605204
517,0.9038794519366654,407,5,0.018145352346688234,0.76915538092987,0.6824207586469763,0.3809750938040363,0.9172118615630659,10,4.271453599149275,0.3113491137502478,0.12121734831161263
520,0.9038516307342916,294,6,0.026113670669412413,0.774685792316041,0.6764866325377081,0.31406756943532943,0.9975162273473926,10,4.389479486444106,0.31023245792023774,0.12276059123760444
518,0.9040155601209323,453,5,0.01830824309588102,0.7843947367342258,0.6783788419631517,0.38203673883051226,0.9517703296012039,10,4.4535768838824366,0.31083098537298465,0.10430086615830304
503,0.9038021871796241,958,6,0.009250129224670249,0.8056766039592009,0.7256380797198316,0.9785114873379788,0.9130262320239031,10,3.8492796223256005,0.42648968222496025,0.04115930315331625
515,0.9050936831767838,932,5,0.02047352775075318,0.7731975367859999,0.6863350493142226,0.3511232971354399,0.9398999579273156,10,4.461861164637316,0.35812157159439356,0.10939076925449824
516,0.903999660672917,934,5,0.019281040940104077,0.7771506522539159,0.7154997683151042,0.3066908195873287,0.9679210888223096,10,4.045654149055433,0.3020184404685464,0.11616703267410847
519,0.9041643739524023,513,5,0.018207708411942008,0.7857852279735549,0.6720728674443749,0.9826787393061849,0.9173227346480272,10,4.223500598049871,0.35997829012274096,0.10896766598711724
524,0.9043953892718213,513,6,0.025599435898108616,0.7838811503466029,0.678006190878923,0.31451530398845473,0.9856405054250451,10,4.107221295329654,0.3047493094048869,0.023832087040607547
521,0.9045496098506322,1000,6,0.018343759749134967,0.7824786109948686,0.6775069721825624,0.3166354443483134,0.930306027483744,10,4.087878675709084,0.31266859256474183,0.08477393577841877
525,0.901708058190391,521,6,0.018231439100555268,0.46320945172246997,0.6895897788457162,0.3220869579922599,0.9250724958888558,10,3.9107796723276134,0.6611193629964801,0.025360252792522544
523,0.9040001789604863,939,6,0.026775132349009006,0.7719059466818502,0.6793782270500083,0.31000537649849236,0.9407923607727161,10,4.123263213211319,0.3037862888017586,0.08744390704629862
526,0.9045333541844369,945,6,0.02600745080860708,0.8136976350309157,0.6823785954620676,0.30308546011516263,0.9399540196808926,10,3.8960531669216256,0.6606895487212664,0.02283096710621276
528,0.9005122580863503,941,5,0.02155458925129815,0.4548298469040074,0.6826561156326859,0.3236653003771343,0.9338324871192103,10,4.041095631622271,0.6141076545939592,0.1352480307625639
527,0.9036098846272713,938,5,0.02521872044142563,0.7659367310991159,0.6862521124880842,0.30057518122177285,0.8885272787518761,10,3.886573015907073,0.617909515493024,0.08294228941887133
529,0.9040311420436943,934,5,0.021517128843676257,0.8244851129823311,0.6856446526313329,0.3238467176014053,0.9376741206098795,10,3.8989198646802583,0.2985432499587539,0.0889972215461684
530,0.9048995622089212,901,5,0.0264357500178817,0.7540984905658581,0.6864357728491817,0.3278792754747489,0.9460430617359084,10,3.8991622698142567,0.7047945780353903,0.14691330774918424
531,0.9046864294830309,901,5,0.02161628230334557,0.7518120108664781,0.9249955779621503,0.32566512357207755,0.947472208756559,10,4.989396544945871,0.6763345108950616,0.07864131914141495
533,0.9039147823794268,896,5,0.02163182749573416,0.7305735481259036,0.5195543396949932,0.23906633300419736,0.9331287813806468,10,4.613032164453865,0.23414355688425675,0.14490851561478293
522,0.8984042835669422,935,6,0.01801631250113407,0.7827700119604394,0.881264906456965,0.3042628010358118,0.9444240778472867,10,0.49832634669559717,0.3092157907964748,0.12849206940405333
532,0.9036405259282441,905,5,0.02181786673251515,0.7607458852885468,0.6893850407840953,0.3311253112352704,0.9494923478841855,10,3.265570114900977,0.607024557470298,0.1395405896827392
534,0.9040911811507645,899,5,0.02186635936823792,0.7584074672710108,0.8509254785218395,0.3292055798071174,0.9418530018453539,10,4.5986559066542085,0.00036201419753409126,0.0804058544330457
536,0.903734978326488,883,5,0.02156289002811936,0.756132483422938,0.49578783435316387,0.3674936311506984,0.8840206967139816,10,3.268854706666122,0.2340546591654822,0.05636127662626492
535,0.9037069939904792,898,5,0.021889589501779765,0.7495537851722667,0.8830110714690015,0.3321292807246526,0.9347984964375058,10,4.6479783761604585,0.5402977409202485,0.08364160169324009
538,0.903333765214302,897,5,0.010497545824540235,0.7417341053617438,0.8479150888396343,0.36373843316846505,0.4999526018950867,10,4.828314814959987,0.22455261151975475,0.0727219201197057
543,0.9040529397684469,882,7,0.024066038944727038,0.8258608051606002,0.6241114118956167,0.36196134801631497,0.36701520073454214,10,3.2755807598701203,0.5155313560597696,0.05995083078478839
540,0.9008184900223031,884,7,0.007634167675710062,0.8230777986699627,0.6301192254004219,0.22955854118340652,0.49578230402794576,10,4.827729042593647,0.22220666572721626,0.05668392880642619
539,0.9027690847500672,900,7,0.010450137457923043,0.8212025698809149,0.6216888019818477,0.3619730493345043,0.8940417354800142,5,4.507375786511075,0.0014855022318696525,9.462242949203175
541,0.90337567026183,883,7,0.010258512618373055,0.8222390140631017,0.62080926251836,0.3685442866528316,0.886549878589646,10,3.2789602614952607,0.5052727681090551,8.5072157508239
544,0.9037737697717054,882,7,0.010232115495424639,0.8239308518436591,0.4969256167126982,0.35729716437137954,0.842217924197273,10,3.6670834696320616,0.5193418287252325,0.05676451397405123
542,0.9021910149368988,914,7,0.007628215747864445,0.8228230066417429,0.6205894522469281,0.35637382067455864,0.8920318967228521,10,3.6582464226482987,0.5294497943181915,9.44595923376634
537,0.903324150896271,899,5,0.010385578302535007,0.8250121140490827,0.9325328246430155,0.3670682294846463,0.9396812252387561,10,0.6485087152734135,0.2190843810172882,0.057135175186701664
545,0.9038826528071088,915,7,0.010454433081970605,0.8191479185920706,0.5963470755638813,0.3599284507555116,0.8428061969066393,10,3.658951477503099,0.4985533511955715,0.056977758998900147
547,0.9028900651403399,873,7,0.008027806141809098,0.8188074286531207,0.629452331179194,0.21656935521644682,0.8486471825607478,10,4.749396364346183,0.00017438170219061813,0.7020109153153157
548,0.9034942630932911,923,6,0.010552301131343282,0.86449702580892,0.5958225580351751,0.22471263342144865,0.8432831023642997,10,4.56136170789247,0.5100739195973267,0.053605077313104814
550,0.903816229519203,920,6,0.023777926797178647,0.9318981556832949,0.9481048185470518,0.345445934441883,0.8442755335564175,10,3.692556186440962,0.34740023533301767,0.09790952852312237
549,0.9035057903926482,921,6,0.010399464768263596,0.8639690629974479,0.5237466118544183,0.34986025088851064,0.8395332693898011,10,4.5387882957954595,0.0015322552207834024,0.7801591225058487
546,0.9037424811814025,915,6,0.008297344731628412,0.8214403724814743,0.6183978999464047,0.35913093840276955,0.8433436147823875,5,3.6646920308927884,0.21918183046294398,0.05457120788975387
551,0.9043813957355014,922,6,0.023660641900488184,0.9369221221358828,0.6542324149026353,0.27906699875724544,0.9857157730028646,9,3.6796200216049733,0.36725252984222234,0.6645321890218941
553,0.9034870719102794,925,6,0.024106382608958005,0.860742555152886,0.6568395130424884,0.39317628704953766,0.9791770289776028,9,3.4954672708778127,0.3729491188267502,0.10064839781033437
552,0.9045478913221663,917,6,0.01663914006071372,0.8649735864160252,0.9450722106985253,0.2722888592282103,0.8474038637759416,9,3.55431036322948,0.37934748796160395,0.00777621279835117
555,0.9049300218279799,925,6,0.0167955179133956,0.9312310818825695,0.5276014602731207,0.26487747034593195,0.9769424987090682,9,3.5580929336090743,0.37001999607317526,0.7431076667442268
554,0.904875666552174,924,6,0.016709176027383966,0.864817799121153,0.592788821781276,0.3919681976212155,0.8434330086673656,9,3.5403383453280632,0.335158997062919,0.8142544101414241
557,0.9029464373134454,925,6,0.044019280598719894,0.9364949371126474,0.5294744700416394,0.3957314099203743,0.4507732579916518,10,3.5203826812710832,0.003810497102908063,0.7004004466701785
556,0.904202568659952,923,6,0.017168877508930095,0.8656274177425124,0.9061517645515258,0.28850611702795154,0.44213665703070604,9,3.5267411795728645,0.36993543918105515,0.007879713714337504
558,0.9039359247569901,540,6,0.017317956849698453,0.8654082715645918,0.7013000312762843,0.2727332360923349,0.8158500402958204,9,3.512799974640207,0.3711311370074138,0.8073625156467513
562,0.9038894331153312,537,6,0.02054258385950195,0.8375839871928503,0.6985623040256315,0.272754908420678,0.8214229978835339,10,3.5178311868239085,0.003931117805610825,0.13283789598919396
559,0.9042134892633438,930,6,0.017306358674569002,0.8636219760983339,0.6573069626816453,0.3917431998968219,0.8224202603818461,9,3.528291899415935,0.3736881926659794,0.11919672233016687
560,0.9035917802905864,934,6,0.023735627432944956,0.8636559137080286,0.6522598244691272,0.2854693386992825,0.9878536462453699,9,3.3710383356565075,0.0007024083780072626,0.10628308822256637
561,0.9046584145119547,984,6,0.016952873895823728,0.8598781635187078,0.7030130281606912,0.4001279744638581,0.38876703835218707,9,3.5235725716693445,0.3890942352156142,0.8607189266794786
567,0.9041367988187969,537,4,0.020729502254741856,0.9510118775689327,0.5793108192040051,0.2722371238508829,0.9845453970255792,9,3.3814174003272246,0.25064798599831944,0.12874082587923166
563,0.9041976627921644,980,6,0.01729544192024594,0.9132597465982953,0.7006769819339548,0.3966359577325281,0.39511801267331864,10,3.391866758109425,0.2699393349897248,0.8800234168018439
564,0.9003332665848678,954,6,0.020946777534034698,0.9632044834039641,0.7335451504220483,0.2771712715503613,0.9800169746744084,9,3.5689753867890732,5.244784245196765,0.7567780074349177
568,0.9032719970123283,980,4,0.020883319595091116,0.9654567687498204,0.7423241692724882,0.24162445676501154,0.38688340074767846,9,3.786656710609118,0.0008225520589671016,0.929141254227585
566,0.9040827976326801,954,6,0.02060281091527679,0.9442089468040881,0.6998724882463191,0.2837435388123859,0.9667734948928672,9,3.4159148012897975,0.2819036498889917,0.5910684161244776
565,0.9041904576979432,949,6,0.020882772530758913,0.9538119188646352,0.7413742937663016,0.24486188293475816,0.9970537323283855,9,3.5109115844675407,0.28064276471876615,0.8117556215738796
569,0.903945808177103,976,4,0.020737983455865645,0.9551182984331839,0.7408261743732142,0.26479851841514596,0.9812146281237512,9,3.8161640359646243,0.2631615103256534,0.5590655563445153
570,0.9035551858282147,982,4,0.026152313864266964,0.9552959165041053,0.7303251511184062,0.2913384998563801,0.9874158079769693,9,3.3714099274901828,0.0007232678384105188,1.020477636900579
571,0.8998353661588411,984,4,0.020576103208192795,0.961053696721902,0.739277598189792,0.2582550252483621,0.9976949219855186,9,3.3875616717484287,5.905195674096275,1.0591958905014753
572,0.9035829545024701,951,4,0.011675370228142632,0.9531102732589157,0.7436094481779201,0.2632666632184443,0.9170205304569443,9,3.8211646852455523,0.2693137059836717,1.0442906446927376
573,0.904466385166631,984,6,0.019224473205500144,0.9254873011241415,0.7459957668593812,0.25469745020221946,0.9534719461891815,10,3.773949023314185,0.7188460348495543,0.07589572185072982
574,0.8998975894017931,947,4,0.011861016875595504,0.78903508992957,0.7408164250249466,0.25097327173265255,0.9748491535978143,9,3.7745888501024503,5.425017200390109,0.49447753539868083
575,0.9029071782843558,944,4,0.025720901689896165,0.7895590186686949,0.7433516299179995,0.43125381029553805,0.9723100042793147,10,3.7716254130006277,0.272188778710739,1.0675679112324383
576,0.9036300391569375,950,6,0.011870700504065294,0.8398618082814923,0.575217310542543,0.24803912613157106,0.970733081455085,10,3.850033167932984,0.7337300874390792,0.5075742129222589
578,0.9005701607965518,942,6,0.026019679789167846,0.5243977483031144,0.5726897376721998,0.2629732703334125,0.9613881195079936,10,3.2643816531537913,0.49273329820420386,0.5127869313131223
577,0.9043724744693581,946,6,0.011845422925242934,0.8440227593524708,0.5773247860228129,0.252290990547908,0.9219149462746303,10,3.8142186352341736,0.6859560559802376,0.07669184944040298
579,0.9038488380780236,942,6,0.026108395139466497,0.791213912610732,0.5378260417703529,0.26059630412944595,0.9561245450998818,10,3.9972392225924396,0.7180199424273612,0.07328098920947819
586,0.8983099340204264,115,6,0.02298236521311127,0.8396262696724565,0.5359424614320087,0.2976489185572142,0.8818425312581569,10,3.27126235358478,0.5091327136555036,0.090451184745754
580,0.9047409505530855,940,6,0.019599622684218214,0.7908449660541268,0.5757624162654166,0.4354907387022513,0.9194116270563842,10,3.9819407026796205,0.6567595290592854,0.08705254327216735
582,0.9042693755323509,947,6,0.019126434293716753,0.7936727025035047,0.5746625144852736,0.43416881691255726,0.3552470726702487,10,3.9963798574874922,0.6865780692683665,0.0864645923134114
581,0.903861348816261,952,6,0.02314290919564035,0.7920154777115898,0.5765631993218859,0.30369170420639874,0.8744124166141066,10,3.2973957025879828,0.671452251505093,0.07910690742132885
585,0.9033228668840485,488,6,0.023345324843846972,0.8448054312801938,0.27544703211398613,0.9417363437386591,0.8770665144473667,10,3.9675378428304384,0.7123605745393508,0.07350992791242034
583,0.9047158600526869,940,6,0.02509356278581925,0.8410343991480483,0.5846879111584127,0.42819988284540095,0.9631958903729909,10,3.9737706643388067,0.4737938148411198,0.07684580683832078
590,0.8978049624430795,904,6,0.16663372425205736,0.8088406062450394,0.8656792305509002,0.4375452661884012,0.904067444781893,10,3.959290062144099,0.9607209030964389,0.14818817844438406
589,0.9035112637313517,907,6,0.023454127186771662,0.84050251454338,0.4719739259304515,0.2949772213557011,0.5782459562170648,10,3.6389834103951326,0.4783480692961543,0.08147470028346965
591,0.9010379769021016,869,6,0.02282905139760028,0.8093046555558879,0.4845453170261436,0.3344366123524277,0.27054654656859123,10,3.6268522138512043,0.4682539613977504,0.16833193609448793
587,0.9046995101247454,909,6,0.019082423360106043,0.8383851005925321,0.47354329489132885,0.6590291269764585,0.8936167367237537,10,3.9387692975187054,0.4459177566575395,0.071055095579001
592,0.9022489787652003,908,6,0.0605798974671781,0.8106362519102456,0.9595313538031192,0.6662189763666316,0.33072887158186937,10,3.638608202169159,1.0034463440127632,0.1695344314880508
588,0.9040219319109095,868,6,0.022945376035780153,0.8064791409642196,0.5407095287884942,0.9540883891910319,0.8962751219743493,10,3.9888400748140636,0.47322899534219287,3.9214067117997673
584,0.9032281106437081,907,6,0.023232864677059924,0.8399942164579002,0.964127661361507,0.9458327941430823,0.954474028627151,10,3.2565568282971507,0.4675234266546958,0.08455003993167531
595,0.9033217593085299,906,5,0.01537490164129612,0.8098848003317366,0.47254351293083274,0.33825947745595164,0.5661365875834683,10,3.6472658208168993,0.4512541498269529,0.18026976638453476
593,0.9041818521326326,905,5,0.015464898035984493,0.8418949730523292,0.7072174837688177,0.937705953653226,0.28007833070751176,10,3.639353751274632,0.9926567444567218,1.2923694688122993
594,0.9043812142816398,903,5,0.01581710109736015,0.8130683286380301,0.9665780145477029,0.6646089913511184,0.5672348832554281,10,3.6155864305448624,0.47622056165691423,0.18852430366534273
596,0.9038621937511883,875,5,0.015323812533971984,0.9222450366618735,0.48496888545901023,0.3408103602951811,0.8961510666427284,10,3.6326432280751804,0.18639114827736336,3.909661621154564
597,0.9036340464214166,888,5,0.015500883098676152,0.8116965393106593,0.9619905039551984,0.9597330053398863,0.26818085304684036,10,3.623705458881129,0.19005608003443536,0.18570504205524688
598,0.9039671090512318,885,5,0.01922911623903342,0.9111618293143622,0.9653900349862404,0.3371767930351379,0.890409953473575,10,3.1951108845309664,0.1939369622288564,1.1465420727711577
601,0.9036270686196323,888,5,0.01840908471470358,0.923522650103063,0.636598102060317,0.37545814985294673,0.7648629831225661,10,3.228771435883839,0.33624755780752014,0.029326754199531943
600,0.9046295272396379,1000,5,0.014790600823719073,0.9167372216361748,0.6041623121551859,0.3381860260916571,0.8685372403091728,10,3.200466564866714,0.18439171768586776,1.2184664354519754
605,0.9035909073812055,888,6,0.03250369780405651,0.9193586352151971,0.6381001865037049,0.4142580165116215,0.3042880641276313,10,3.1767599687896872,0.18152685433839266,1.1520592388696875
603,0.9043759528798301,886,5,0.014588265501382668,0.9131715895339303,0.5125106632674922,0.37047617434563035,0.7617036040993523,10,3.2018295667685304,0.20072311191053568,1.2123936484388664
602,0.9042597396253393,886,5,0.015221505524219272,0.9150286505170092,0.7105547038516586,0.3782788201539203,0.7632385590777206,10,3.2074993832991887,0.19012229372233813,1.1401776013527587
604,0.9032388221988723,885,5,0.018821260842948457,0.9132274398674841,0.6439055373697272,0.4125748481209418,0.7666316786671933,10,3.1824987465315657,0.34773514317278287,1.180543679031813
599,0.9045397270386596,868,5,0.015565873592869749,0.8113251121115764,0.6067224241304136,0.9590624939302431,0.76279290884302,10,3.2280864567743106,0.18040090264072708,3.741819216063371
606,0.9044038995111403,890,6,0.018512125834606374,0.9149205627367073,0.6024972536354382,0.41014783663294146,0.7640621821060571,10,3.198314510829573,0.33404206329308117,0.03293156190772046
608,0.9050037392266426,925,6,0.018069766605183363,0.9108898581331764,0.350665272194151,0.3767776239192937,0.7581874421290715,10,3.3930581864122638,0.3154728116049881,1.2768098435499757
607,0.9046438206651425,887,6,0.017900125707303382,0.9196862076247491,0.609020339649204,0.3148141013874686,0.7732465136311003,10,3.188415537020746,0.3349915180243448,1.302656946583516
609,0.9033524247070618,927,6,0.02186662335859832,0.7714760022040855,0.5036508307332204,0.37389894053798683,0.8645698800696071,10,3.3830441479971647,0.3254162437521432,0.1222830010319919
611,0.9037702757776381,929,6,0.05465726459168409,0.7679622645585704,0.5090964749856784,0.3144866815049642,0.7743354816935377,10,3.352430284916654,0.3543752429581168,0.12317940919296334
610,0.9033146642116854,929,6,0.02179803529911657,0.771314505441152,0.7057060900107601,0.4156096103558317,0.760050741973829,10,3.37356622534845,0.3389263152888996,0.12114408184455772
613,0.9061186804644781,932,6,0.021596514035801588,0.8317870838121617,0.6668722050489894,0.3123816981318809,0.8021381112794341,10,3.4004855180042712,0.3268838236924403,0.12156971835312348
612,0.902348256984765,926,6,0.021788755594247623,0.7704305273950071,0.8363674297556398,0.3127327211287379,0.8618527565207387,10,3.3841602185283923,0.3267381595835566,0.1063885946050947
615,0.903440464493911,927,6,0.021488455560728228,0.7722063360182079,0.6695259840649529,0.20099690018529837,0.7994526127157027,10,3.353278674471032,0.3202282580161562,0.1169127398267754
614,0.9031546594584607,926,6,0.021350249282073065,0.7717882021144148,0.6602345339000256,0.30228684977965303,0.8631632097150077,10,3.377291514883107,0.32554361470008275,0.12120851142377786
617,0.9013857566791745,965,6,0.0212807395693934,0.8822247031491335,0.2605094004273922,0.3780183305601247,0.7812013372530602,10,3.383025563241088,3.830293117935162,0.8726807789385658
616,0.900754732289343,922,6,0.021712405337357445,0.5435111848542419,0.7001363396056102,0.3124941988599794,0.860675377513363,10,3.376748089945524,0.29345862742645995,0.011116597917923032
619,0.9045845357280602,926,6,0.02738705328669925,0.8545387843254147,0.6652200755954153,0.38874760035152717,0.7850736015549776,9,3.426914760636305,0.25849395603950764,0.6975686981904367
618,0.9035824299814627,929,6,0.008571034630433077,0.879373709905351,0.3457470032725762,0.3819599659275548,0.7919096745983009,9,3.413795817771342,0.26362825086208347,0.6392092316526303
625,0.8949993654055985,960,6,0.26548472323352584,0.9419977273075282,0.32572328281544966,0.2925474913156761,0.7906520112486598,10,3.470342466584999,0.24940273175662767,0.010824220783442242
622,0.9032934368465153,925,6,0.01671898105010075,0.882160654728122,0.4359876627833944,0.3051684867282973,0.7927266444291643,10,3.4604798856068855,0.24180230711397052,0.011432907625875626
623,0.9043141944841189,967,6,0.01714445019367977,0.9297468287420716,0.3524331932401916,0.3046160434007653,0.7983438603425376,10,3.4619938170983007,0.27256568723322067,0.01566142728258426
621,0.9040976908365541,966,6,0.01728108756345518,0.8821520039199191,0.665540795412579,0.393938926775047,0.7922335443213596,9,3.4618589562274544,0.2592661881824064,1.7727808031508379
620,0.90267368327287,966,6,0.008641950501147775,0.9339068708688583,0.3084306462607716,0.39100050298643707,0.8002037222506754,9,1.4683138863287717,3.833958973276526,0.6554005116812891
627,0.9021557326132384,912,6,0.019305752900743777,0.9406394559611129,0.20092224808887887,0.2993458267433984,0.8003256580114035,10,3.4908129572075106,0.2514720721760205,0.01201905723554405
626,0.9050595126856242,913,6,0.016798210735411972,0.881233979863097,0.6588902253726688,0.29883806282434905,0.7947554743938714,10,3.4843695268627926,0.2568472399695119,0.010786513675066771
624,0.902959545549526,967,6,0.008583098800721847,0.8760621265016539,0.3491047185147227,0.2988471105742777,0.7911694183627946,10,3.4919405237659036,0.2300872789956267,0.010884026008833939
628,0.9043502747638683,912,6,0.017795359292884384,0.8784633386215853,0.39549558238250765,0.3477552241718056,0.7919657151507821,10,3.482550095843296,0.24446965295887016,0.014347598003459106
629,0.902792121712713,964,6,0.017275607078531312,0.9356356784805487,0.21750010644903037,0.29268316092114655,0.797662729485958,10,3.5022764219099667,0.23570979907289388,0.012543468886442033
632,0.9018509279825663,904,6,0.018779335311286508,0.8545019828661062,0.2094257204282358,0.35343206922766796,0.7977440562557276,10,3.1196201245051287,0.39922461685604443,0.01888354198187328
631,0.904070229197132,865,6,0.017847246019793025,0.8538372682991977,0.6433310785521237,0.3475284122906824,0.8150155299448887,10,3.3120966248804558,0.40396502605722656,1.7335113083547302
634,0.9041094721105034,865,6,0.01915650443894576,0.8543379551249826,0.35915573300520476,0.348673401966079,0.8096823886916339,10,3.114206396211169,0.39471913562319777,1.3963720319526522
633,0.9044481451386421,910,6,0.01910452861649342,0.852668359273125,0.6439997347635122,0.34947548966849185,0.8203060746951092,10,3.0610541671676783,0.3943849470880043,1.5501474155025075
630,0.9028602647453651,910,6,0.016547552568586938,0.8854463753973214,0.42993993513808837,0.35408720290789636,0.8055670281036889,1,3.508864765158238,0.27110653179198624,0.015133547933613179
635,0.9038273191095805,865,6,0.019016418407897685,0.8558155704895529,0.2894717345284153,0.3546904862186179,0.8235969742506771,1,3.0768107185384483,0.3984189488273651,1.5214843527879056
636,0.903870194064867,897,7,0.014010173391055944,0.9046630676379165,0.29426148582230327,0.3559324886777235,0.8187733202332623,10,3.10200710943672,0.2211747729445089,0.015067888689263998
637,0.9043763959100376,902,6,0.013855993544809727,0.8885900366096378,0.6542818717371035,0.28191136627592206,0.8092525685963355,10,3.574990849961898,0.1531968199627154,0.009597971465291412
638,0.9045171422283257,865,7,0.014027623730480058,0.8520661009691095,0.6455372231279194,0.285710007605204,0.8189633062749139,10,3.088237019410786,0.4106786398090515,0.019751371679374984
640,0.9043455033711041,859,7,0.013537249852240231,0.8946755421172734,0.6454311154044888,0.3242105877959185,0.8149925230911327,10,4.4549949377522555,0.14884630281379502,0.008295806189432561
641,0.90394877681397,903,7,0.013892095480146686,0.9038924364385127,0.38160678298827055,0.32418860117004494,0.8124732329212159,10,3.581371436799648,0.5672520448367141,1.3703860251541666
639,0.9041660277139265,904,7,0.013460591677756562,0.8986661318703961,0.6437002868966811,0.35532432804706743,0.8147603172286407,10,3.0724592757081246,0.3921862517158596,0.0058101252379855455
644,0.9032833562369106,868,7,0.01364143108813772,0.9017127365918717,0.38845792334771206,0.32485481387902426,0.746609686051392,10,4.471528565182442,0.14655639604310663,0.014863535633163621
642,0.9038969517058761,901,7,0.01305852975777438,0.9028295661676164,0.650967097564717,0.32745646766615777,0.8250809139555837,10,3.584630992743987,0.1593250309825114,0.007333995320070145
643,0.9042332523787102,864,7,0.013938971441827727,0.9031520333278039,0.6508822340954359,0.6987127302688254,0.7489695966188114,10,3.6984214129477095,0.15428549665875466,0.00816850449142748
645,0.9049505508960521,896,7,0.012367861978428539,0.9041940126399272,0.6657531027023632,0.33030042996081643,0.742448384637411,10,4.4573370455644135,0.02104016240990891,0.008073873197669229
646,0.9032451161468913,872,4,0.014142842011223134,0.9054077742001205,0.6624687397990577,0.6956335412610581,0.745581774472623,10,3.706868541813707,0.1597540316454095,0.010049212475458045
647,0.9040281482450225,872,4,0.01112750225481481,0.8337108898755041,0.6599015041689985,0.3247786120012315,0.7258890092387974,10,4.449651718275278,0.013548784525409167,0.02094219479099051
649,0.903293789111783,941,4,0.012774736454603546,0.9048299222348515,0.3866695792448795,0.322868457531981,0.7263520645111708,10,3.6734567564162406,0.6186036804357656,0.009303870661291808
648,0.903946710657306,945,4,0.015981431514642794,0.8933451861016366,0.6727313416365582,0.7002965233949782,0.7520720830123742,10,3.6991946264747004,0.013138773345579533,0.006270274087212709
651,0.9033622668496519,940,4,0.011386403857073665,0.8315863139806933,0.23370121153551104,0.4493142117261571,0.7727679468609503,10,3.699595723285659,0.5103552579854602,0.9782721119979182
650,0.9037271006290968,939,4,0.012795263111582019,0.832607421439609,0.6727838801512169,0.4515117520506677,0.7501963858674752,10,3.294373860904967,0.20317601964407297,0.008664048469171551
655,0.9042926841056573,703,8,0.012254673685486274,0.8754213199538378,0.6778552476743991,0.32806092164263606,0.7214988351893669,10,4.464449695244476,0.006757811624296316,0.009437351819167609
653,0.9040428362775635,942,4,0.00985416144861285,0.8307786876650443,0.6741189735875803,0.45156967623966066,0.7524563232100913,10,3.6964549354243936,0.6023674536449501,0.009418099218534067
652,0.9045800673411997,1000,4,0.011314175896786868,0.833995710019822,0.6768317309099343,0.639128030657304,0.7440884571020144,10,3.730046320213258,0.5219953755329336,0.8002960900369623
656,0.9041202488126974,943,8,0.012650819166042312,0.8700437500631895,0.6674752260529904,0.3284792532516314,0.7171523898997153,10,4.547231396458286,0.002895127974941045,0.020973408859867076
654,0.9040452939245446,942,4,0.011131967961972508,0.8308843031600703,0.6764440151521495,0.7328155997351451,0.7341299213897606,10,3.730504906000541,0.5517649782739913,1.0872283787733903
658,0.9037544835903679,938,8,0.011098437192747723,0.8740510077697912,0.6671987800573596,0.4512032265290348,0.7497031827878804,10,4.698541410446621,0.002641618525618041,0.005421484914699092
659,0.9042569695462799,935,8,0.012419631082875875,0.8711295770019881,0.6194975424136471,0.44780049666913513,0.7758466583225596,10,4.670285255350468,0.023238941890573104,0.012481598958925403
657,0.9034131315521796,950,6,0.011995551578482387,0.8758562840090808,0.6748815611377836,0.7318399745289286,0.7350336037782047,10,4.176232036645978,0.02057027491133802,0.009328989154030149
662,0.9039518381162148,924,6,0.012672747191231588,0.8764825563955515,0.6129842907983865,0.23486659855745753,0.7770442536905527,10,4.253286915818401,0.004889343534929393,0.0071707637435550215
661,0.9043099993042875,916,8,0.00973000197745226,0.8700539823715209,0.6146385494161477,0.5853919303740102,0.7736710698618523,10,4.614754283903294,0.5668498940332762,0.007272313646914561
663,0.9035685472026944,918,8,0.009977700175799365,0.8756425543774535,0.6212819082027091,0.269877711597529,0.7798934949898,8,4.257481425735462,0.02903627534913047,0.005766380317413495
664,0.9038825267700318,916,8,0.011914130762486921,0.8533973708616178,0.6223477042722598,0.27156088272852963,0.7736104885274441,8,4.6775172892704004,0.03339297737406701,2.1207071507180637
665,0.9033226808691346,921,6,0.012174817880413816,0.8755916753335511,0.6261141481412468,0.277481953509149,0.47239113167874075,8,4.42327509909937,0.9193524081811985,0.01327040049514979
660,0.9043193602558665,930,8,0.009641910481859453,0.8736174991564951,0.6308276180163322,0.9928470551074213,0.7287302154984902,10,4.663349584453492,0.005110396080511842,0.005643555264928261
666,0.9043120633324604,912,6,0.009986542340136422,0.887610496960458,0.6255954726169418,0.2741046124366879,0.7826008068836682,8,4.342717634833309,0.004611751391262906,0.0051773029687190554
668,0.9038560757077507,909,6,0.00999896778906908,0.8852710950145395,0.6292128642801913,0.22738935754876782,0.7709235791751737,8,4.228014042304279,0.0086764118978362,0.047866520475449016
667,0.9037272753173976,916,6,0.009811287953294074,0.8704419099163172,0.6922020422818184,0.28800394491987197,0.7723607691418136,10,4.396563265657472,0.02093035332164973,2.792135669827607
671,0.9037122826065671,890,6,0.03098390989180997,0.8549991711326368,0.6925239691740648,0.27586776338434527,0.7752008718136955,8,4.34226445681574,0.005420182184974235,1.9726381868575018
670,0.9043693420146983,912,6,0.016355215546709455,0.8576007388429946,0.6931726467333603,0.27017544927498777,0.7788022529992027,8,4.30698893316154,0.29612228240813276,1.9427511134405442
672,0.9038817671267816,890,6,0.015937923912876722,0.8539538796247025,0.6362550087138661,0.2842859370106606,0.8349943038917645,8,4.88055031343608,0.007310857133235249,2.834599079860258
669,0.9036929898117039,887,6,0.009592761648713729,0.8547470406833719,0.6214226634739722,0.27502174984240324,0.7679592023756594,8,4.280364908434296,0.30469217619834227,0.007075424256831451
674,0.9039348357297505,893,6,0.030063187293014174,0.8184737028294772,0.6891049764038352,0.299314994713095,0.8380090742191693,6,3.573152696617806,0.3118248510005071,2.812826748139946
673,0.9041546707698703,887,6,0.015744367651995807,0.8532909388510146,0.634460251954434,0.30690704584757794,0.8291304609465234,10,4.108731324599096,0.9093045786284714,2.771160808636759
677,0.9049806479874751,891,6,0.027583663928597568,0.7204290211888499,0.6018474997604681,0.2953845299972094,0.8349767555789209,10,4.872755216423946,0.008733773655776869,2.789040086420684
676,0.9037745513080063,886,6,0.015786563071991454,0.8175081652101903,0.6924671292797875,0.3079174815651137,0.845948773042669,6,3.8635757337914196,0.009744875577617603,0.05383171614420561
678,0.9047512472805487,884,6,0.016456693900836428,0.720764546032348,0.691631491638958,0.30607148395389955,0.8422422071650512,10,3.572912569001043,0.3246136124628358,0.22823431523740695
675,0.9046457807013244,894,6,0.015654585870795313,0.8200092531190859,0.691221540061136,0.9191505773818797,0.8338402103077178,6,4.338954523050649,0.3084131200458959,2.9194170994503827
679,0.9035555910016886,885,6,0.016359360952349855,0.8182327047196263,0.7100624838637559,0.3107437138243808,0.8357742695390569,6,4.869939252441595,0.016095851520783407,0.22651831700433628
680,0.9043618014550852,889,6,0.016127881942812564,0.8249411479864502,0.5886504049962381,0.3019792568202618,0.8332208725222503,10,3.5373892161039575,0.0019667967711808764,2.8552425876017824
681,0.9045586491720108,884,6,0.025844807643756584,0.821509627879799,0.7080325260455644,0.30492877325341006,0.8411685956712871,10,3.5771248531511612,0.3023033576076235,0.22527318529968324
683,0.905160579217754,959,5,0.02543910500355745,0.7958722694068754,0.7712974785499965,0.3060883649704382,0.8320104916329876,10,4.09886813407701,0.41958544309513124,0.05960457047477592
682,0.9022959186062594,961,6,0.025104975820332415,0.8171792570571756,0.593929768028738,0.3374167964061763,0.8375630348272219,10,4.068909018390025,0.008538429931333375,0.05598263085066038
684,0.9046260873700571,967,5,0.0246263683519873,0.7961561885447003,0.5944722426598655,0.315680649062762,0.8742762377524609,10,4.106803465189287,0.4041039722265625,1.3966155221774883
685,0.9036425050448278,868,6,0.02775388899110949,0.7246207200535735,0.5934785085265983,0.31144987804380453,0.8398605500306757,10,4.776088429726383,0.005544226284233166,5.200358615787945
686,0.9036606968016807,874,6,0.02674362616619576,0.659765710665053,0.6026660985078028,0.31130527422226667,0.8494025746044628,10,4.069819553137906,0.006176756151382027,3.599048599573967
687,0.9040275033122361,863,6,0.03193196190515862,0.7274930754716357,0.591518123044006,0.33858639628924964,0.8038664059470705,10,4.751572995946005,0.005489784804762889,1.4266963334985456
688,0.902251912281965,859,6,0.027900706965805346,0.7050940026214871,0.59765768813696,0.31600341713528035,0.807207872824929,10,4.900731213690406,0.010084198312838443,3.9997551547482293
689,0.9027024400230752,866,6,0.027473791790133456,0.6860348486532168,0.5953092895429841,0.32944184344437166,0.8775063123494147,10,4.946753231021457,0.008555776008096422,3.280257917601511
690,0.9038722157512715,959,6,0.03287858071043011,0.7376061258335492,0.6006609482066222,0.33404278115604813,0.8083421639502315,10,4.751919387009548,0.007471458346296301,3.4339853870049
691,0.9042305423535055,960,6,0.02782959837399295,0.7221259061020522,0.6048564675254036,0.33552644863864933,0.8081001723810743,10,4.867443783066533,0.0070419974605058005,1.6297885449017386
692,0.9039221992585068,983,5,0.02737797530303271,0.7353721235367695,0.595362720969491,0.33608752490450416,0.8045204558155051,10,4.1601340852521345,0.010138053056129899,0.061264226615130195
693,0.9043031952785933,985,5,0.02839178265657026,0.7952925972635434,0.598004852635245,0.32268084814913295,0.815226600184152,10,4.126604664733981,0.008839554804716555,5.0350302753353775
694,0.9022715749781647,985,5,0.027608082480187014,0.7001674767753556,0.7697903974623074,0.33519556793195104,0.24105521378948314,10,4.192242506656981,0.01500178465198511,1.8982460813270328
695,0.9038724141570441,957,5,0.028190491812186358,0.7925568960890127,0.6091510099204748,0.33323638279298956,0.8067002612548683,10,4.7713866725581395,0.011170902998506713,0.04845490947452983
696,0.9027132940351045,992,5,0.033676641788253824,0.7031851389098522,0.6569407936150155,0.32062279925182663,0.8048864639568514,10,4.196361015922714,0.010057925434841259,4.916455459184619
697,0.9035606467760597,988,5,0.032985916322755715,0.7913401790911107,0.6086302751454101,0.3313991348826687,0.8122640431801703,10,4.91090404236209,0.009992975235663934,0.0628738351903953
698,0.9035447144124508,986,5,0.029074253437841327,0.7492826468681142,0.7668070705637509,0.33235580581685775,0.23890717872576755,10,4.051814797654938,0.00899122660198643,0.06344574246494211
699,0.903578617473914,987,5,0.03268813638948821,0.7990137703272511,0.8655304099714222,0.3687701895115228,0.8214364482730949,10,4.153993103541471,0.7648271907785528,0.0681291519455888
701,0.9034321274225421,982,5,0.030004422833787153,0.7109750278167188,0.6523539306117995,0.3665655786414699,0.6018651734558679,10,4.1899098970528055,0.01101576968432769,0.06377835523377713
700,0.9041332401338055,975,5,0.02796158066412372,0.7905020016900538,0.7664723445648889,0.3693168711053552,0.8221531339616128,10,4.118490508864323,0.008987446735868192,4.888224240233682
702,0.9044785088995859,833,5,0.030934688467247447,0.791950480302602,0.7630248811630391,0.3687553457881807,0.8538294735096936,10,4.046029627475038,0.014710881703712854,5.025422987320445
703,0.9034985516986758,770,5,0.02441269115788466,0.7950376234646278,0.7695685845099559,0.3664709758580151,0.8572085471122601,10,4.019270471966254,0.2051907916251129,0.06382486009705819
705,0.9032916624451595,834,5,0.02475955245407597,0.6791633647705946,0.640290860495922,0.36777563733796553,0.8569716278908373,10,3.8497194422038263,0.7788009662983126,0.0700980659086752
707,0.9041643376160196,835,5,0.023954003430127595,0.7802793571059773,0.6409033647870666,0.28921636673825835,0.8607121055108913,10,3.9170893452367848,0.7850962002594228,0.04468495671188506
706,0.9037304815090685,906,5,0.025002591579380062,0.7472732974151528,0.8691886359998989,0.37216029774796666,0.8251298734523551,10,3.883785784570505,0.82897384631345,0.06666794504491577
704,0.9032442502311238,957,7,0.024418981598045057,0.7069299118185092,0.8657669235536694,0.3707222626336565,0.8663522457283882,10,3.896489358834743,0.01246545497775692,0.03627068152064226
708,0.9042045654126044,841,5,0.0235232714794935,0.7836133394563495,0.8122243645393784,0.2900648043439737,0.8575452326275848,10,3.9216293473456347,0.003944803210196,0.06476743235959288
709,0.9031956735804515,830,5,0.02454924070825853,0.6800156282757496,0.8270938965722666,0.2863327782288703,0.8297070655217655,10,3.9157851570548656,0.0036919575577689613,0.03594830857504314
710,0.9054904154352332,826,5,0.024898334172161266,0.831437909215106,0.8286210593983712,0.2937840268194047,0.8283440437059685,10,3.8867128258365464,0.49472921501143036,0.14225350093704558
712,0.9035762679998885,936,7,0.024707915588745143,0.8293270164449696,0.640104025888559,0.29939466249400337,0.8592216717838733,10,4.990006172821743,0.47608656742030575,2.377425549860145
711,0.9007113756869402,832,5,0.024899271323344824,0.42024132783953927,0.8106816135696776,0.408319317232001,0.857204618207751,10,4.983938035129235,0.0035520778300121934,0.034000692852792246
714,0.904634736797487,908,7,0.024944903452494244,0.8357740966383131,0.5657958017130329,0.29756965933894375,0.8707027694786944,10,3.906857365406331,0.46592093664088496,0.03695294033938318
713,0.9053209987986797,905,7,0.0242429776720075,0.8392636883608716,0.6358394627997236,0.2886305161285408,0.8590490176366156,10,3.8592969245884694,0.0032013547317304466,0.03739859191487808
715,0.9045329758451539,933,7,0.02591606302779859,0.8389652381776092,0.3273576625569722,0.3484177290171154,0.8742335889307933,10,3.922743371391935,0.46499441162397287,0.03513034508700552
716,0.9043453216131724,927,7,0.02327711093118539,0.8402546431296574,0.5693716980099798,0.29262932110102347,0.7921873284840497,10,3.926399307324836,0.0037631890203389706,0.09937264001353752
720,0.9037395859014591,822,5,0.026511672805487267,0.8340395095540455,0.5667160820211663,0.2966577656863084,0.8747697729715019,10,4.002637761916152,0.46712178202789634,0.1025843702726036
718,0.904181719634065,930,7,0.020385184804304523,0.8409240755816879,0.3268707090380249,0.40534512368781367,0.8303064369312625,10,2.9387597285567955,0.4492119196985485,0.09598091293768665
721,0.9047091153966893,825,5,0.02561865097233783,0.8348798247787336,0.8365800716418035,0.29353039334057657,0.8805239519732072,10,4.583871530049084,0.590087728444642,0.16017799629902116
717,0.8977035636382942,929,6,0.023394520346876942,0.40945577693230106,0.8143511407236776,0.28894510945183366,0.7885895787067254,10,3.801654681641546,0.479518587457945,0.1545481035250948
719,0.9030218587212244,927,7,0.020543302928638707,0.8312024876026197,0.32818469619245594,0.2974705345660688,0.8822920431743463,2,2.9415702299899182,0.4806095841570617,0.09909736897363819
722,0.9038398610910257,812,5,0.025930696010801526,0.8077061966254314,0.8507177225627207,0.2862773793486472,0.8854422912762893,10,3.808547025646976,0.5320119467302798,0.1527473384859566
723,0.9035886954989225,780,5,0.026361135567365235,0.8100412631081835,0.8495126174858745,0.29754121451899535,0.8312343823007702,10,4.55774404888152,0.6278741808443818,0.1471344315959874
724,0.9035155045217056,852,7,0.029999397239509326,0.8100910414531719,0.8331584678014157,0.25080312783285524,0.8913252132347846,10,4.000238742874669,0.002633728563872211,0.09571067743194402
725,0.9038655544865126,852,7,0.03055885349471999,0.811154805335108,0.7916075259334423,0.2935811749647501,0.8803297265334199,10,3.8331975285985713,0.02630442692681844,0.13983289176982536
726,0.904178895430519,813,6,0.029157951744215135,0.8119662541763731,0.8026487042380578,0.28788181088629816,0.8849089529421159,10,4.033800923158871,0.0028681658342039652,0.1050528405610298
727,0.8983384655306687,790,7,0.06798183749716559,0.5804724573428136,0.7980344119271399,0.2551947045437389,0.8833866883355366,10,3.8166943951234042,0.0023315468207057064,0.0481005178713499
732,0.9028432601543923,807,7,0.06773016625826188,0.8117077017961964,0.9102926689435236,0.2638167290225937,0.8295814027468409,10,4.05500350528348,0.0022139988484837212,0.13425632256429598
729,0.9036937707398647,852,7,0.030803746555814287,0.8090416502826739,0.8009109537563684,0.247227744676063,0.907768417446864,10,3.8225829566389296,0.0015505007192946308,0.14842854058661314
728,0.9009226443867983,863,7,0.030159158465514462,0.6125538250032632,0.8210054688643045,0.28238623715919164,0.8853043668516248,10,3.8382863869449633,0.0029286520833485858,0.15181458185997102
731,0.904399165442987,784,7,0.030653913946235362,0.8190948069529196,0.9146690669414739,0.27035372017803216,0.8288701338289001,10,3.783933936633257,0.9635970177853561,0.04481447610558325
730,0.9025356732818548,806,7,0.02896435037504726,0.8154032922912932,0.8276649895973162,0.4263197896087048,0.8975487095543565,10,4.053313733921041,0.002207963312471103,0.04329343710466041
733,0.9033661296808104,857,7,0.03009915553914545,0.8197420429826214,0.6604485237839725,0.2473122724487848,0.9112822648907697,10,4.0250301920651435,0.026810867766561684,0.048117369599082936
734,0.9027148706388284,803,7,0.030962909318648098,0.8109517778690412,0.8009686887067423,0.25726797048592565,0.8478985509363111,10,3.7963897395715622,0.002802676574952472,0.04196146394600401
735,0.9027405561284914,801,7,0.030025458868590562,0.7656601341314662,0.920572260110354,0.25887809252811766,0.9093353049316456,10,4.014518116660014,0.0032031243513273872,0.04859992181784979
739,0.8993748418835225,900,7,0.16337324106826737,0.7610800331334935,0.6569739874948756,0.4237883830770475,0.8381728796665826,9,4.045770326012094,0.06109233896333786,0.06258817786402694
736,0.9031650685398441,860,7,0.022951902137390935,0.7731226586110174,0.8863608090533066,0.43072409485607766,0.8363670546904773,10,3.7513345922671615,0.0012421717118564644,0.048140419908753146
738,0.9039798563560453,875,7,0.022261377696565065,0.7725274828079652,0.6601870322127097,0.4214853901268594,0.85028148968923,9,3.744485607469586,0.0010315522871178241,0.0475538929856443
741,0.904454446460362,807,7,0.022471052630741842,0.7809073671972576,0.659464696218235,0.4271680457504492,0.8478202519502362,9,4.016978259578183,0.3736388474698839,0.050950634549199444
740,0.9044899020279897,899,7,0.022530099928309233,0.7758056289496353,0.6314724805924968,0.42960458581827093,0.8420463214920912,9,3.769080379049621,0.0045947827073993825,0.047678545777365335
743,0.9041448683844522,904,6,0.02297268005788214,0.8456982073397209,0.6343326939841696,0.3119802931115949,0.852979243451882,9,3.71898359508966,0.004803446162404916,0.07612036682954454
742,0.8952144718508276,901,6,0.022846628746891622,0.2469645101701337,0.6276288124003554,0.3144872707206018,0.8484475131498761,9,3.755540502361957,0.0012595047865870475,0.048578957054426074
744,0.903842645993505,877,6,0.021724845877246258,0.7826581914430295,0.6325444813831889,0.38904384335543796,0.6214907515983444,9,3.9332990748898573,0.017197791098380173,0.0796493627768082
745,0.904015922116445,904,6,0.022215116083661994,0.8405739288771741,0.630002092563085,0.3990763787651033,0.8454619190481276,9,3.91323526679583,0.0009880264273192524,0.02929769155562301
737,0.8973045145933604,845,7,0.02278937902333219,0.7735800529114033,0.6582040843522354,0.4258448793178552,0.9073262005911539,9,0.2742653829496118,0.0011799892245185893,0.05422527875009858
746,0.903523488795684,907,6,0.022667499635495827,0.7786892933475011,0.6165363564136868,0.3969428200816817,0.5447007505092359,9,3.7291604085929495,0.0011252753021953764,0.0847438721259949
747,0.9051168831210296,956,6,0.02242642315205257,0.8324997757317478,0.633830155005399,0.31545118408552575,0.8589175621705628,9,3.920572725708887,1.1112052055851225,0.08768230010927969
749,0.9040965546024241,905,6,0.023082700895620357,0.8470853825835374,0.416810244712568,0.39102360964427935,0.8202594041882653,10,3.935506844283414,0.08014927529270706,0.08158373209572496
748,0.9052931430083266,954,6,0.026798889885687873,0.8441640374037878,0.6319691590470612,0.3886047669330177,0.8498179355580082,9,4.213985130174016,0.004381449029745165,0.09107246968910838
750,0.8950855675445011,952,3,0.011091016798385997,0.23307377633816861,0.6141682338628747,0.39260440969099925,0.8131852080129731,10,4.183566683084077,0.20875620871051948,0.09064798938142697
752,0.9046686414553188,962,6,0.02686519563990077,0.8494246403635562,0.8937500819439702,0.3960511512406887,0.8255672315319564,10,4.193309245234581,1.128026501067582,0.09007635782527686
753,0.9037272604939778,955,3,0.02636337700537079,0.8291725157305152,0.618149189258581,0.3937542033293965,0.8198152540523409,10,4.206357044063649,1.1538622709465447,0.0796029165210785
751,0.9044087793049126,952,6,0.011022723418986958,0.8481776247781915,0.6349427778750965,0.3895073053825999,0.8181418524953603,10,3.9189552104053416,0.6461511863046144,0.026533364437113023
756,0.902398190396443,954,6,0.025963845412143735,0.8306640090761745,0.4078917320271859,0.31105954890585613,0.822934739457588,10,4.205581301065451,1.1014641371048532,0.10756931402484246
754,0.9034069796049204,952,3,0.011225978833426077,0.8524752689358867,0.6163902292822426,0.3499214529483076,0.81779128276497,10,4.187162046761291,1.1311567707067514,0.09075662389941719
757,0.9022701962480906,949,3,0.011171321854692724,0.8282445658616089,0.4116866453875203,0.27335994090357896,0.823460807939481,7,3.8899484401000284,1.5261754042421478,0.1072572449480118
755,0.9041954930996144,945,3,0.011322763851224563,0.8290479423159461,0.6122270704271869,0.39347839336347407,0.8241428649662188,5,4.216097295075898,0.6538440683041893,0.08305040599680161
758,0.9035316915440645,953,3,0.011390506770282024,0.8290542379338952,0.643914794848216,0.27947837849415713,0.7913016613501966,7,3.655460704952778,1.292251964354507,0.11360803799957822
759,0.9038633844138749,954,6,0.026888466280374352,0.8259097565528982,0.6436100298330613,0.38678616222441276,0.8210391359971746,5,3.9036895410459427,1.4801334660036862,0.11280973705072642
760,0.9052628757136375,947,6,0.02634690320418014,0.8308554366616693,0.6469259476647115,0.40821633355292136,0.8641633832766629,9,4.105830464079884,1.0724862873797725,0.1154782750305583
763,0.903976210706991,966,6,0.0268819595917329,0.8284971891028351,0.5850474471755432,0.4093486239847922,0.8755063015412295,9,4.146386550358936,3.0316266608139264,0.1020668494390516
764,0.9043885854741799,938,6,0.025328128888222348,0.8007755611867582,0.6158723726507431,0.2759133765389903,0.868570687818564,9,4.099146705024694,1.5171038845341225,0.12846266775126985
761,0.9041127586527115,966,6,0.026786939684294055,0.8276305665998204,0.6412385812627388,0.3835696771950652,0.8553392953961275,9,3.885925258471495,1.6977509396639707,0.10943249110831747
762,0.9034061451604135,972,6,0.02621593104016976,0.7981332957143509,0.6176029602389393,0.4094095563449878,0.8552991873524667,9,4.113254777064128,0.0032059421775028694,0.10992010546829985
767,0.9028541473100677,971,6,0.09305560597976935,0.7980198953257471,0.6416163574988941,0.4067405797599868,0.8682825799681686,9,3.6036561664899414,2.2024243413424895,0.11033123653203113
765,0.9033807787163545,975,6,0.02572913242747242,0.8021447964690105,0.6422316053828214,0.40643974084342965,0.8678426292396663,9,4.097767243023549,0.003094073201864831,0.19415083450370807
766,0.9037084967811742,965,6,0.027005676630636577,0.8018131330692766,0.6116317072703797,0.4064169533539981,0.862887951546914,9,3.6322456328286226,0.0034540277003413536,0.12333653562338914
768,0.9029034874808847,974,6,0.025275262232584098,0.8012246255614726,0.37007175048037133,0.4040353422833142,0.8717626851613016,9,3.6195312033121056,0.005778826117404731,0.18960552654247126
769,0.9044358167664768,971,6,0.027059170733627225,0.7996409029663186,0.5763968078268126,0.3775047716018878,0.869900483340955,9,4.128265578948471,0.9903020529570646,0.1869391023857834
770,0.9038014350621101,964,6,0.027070592822083198,0.7945302330993173,0.6303855076816177,0.4089701463441217,0.8691714612847623,9,4.1070297619411775,0.9876673444098683,0.13039784849432748
771,0.9030272171974293,933,6,0.03480608535174482,0.7988773943848183,0.6264940297440831,0.3723585760289274,0.8669552047574602,9,4.100136847960681,2.4835908467203414,0.12050021766947755
772,0.9038743037249688,973,6,0.028377041250097938,0.801616503469622,0.6481595562345461,0.37988544286918735,0.8629892612646024,9,4.010907456795918,1.7618202713072528,0.17708899201246062
775,0.9036213457153537,996,6,0.033029384770993105,0.8435433179405829,0.6540241538847168,0.37657741664213057,0.8466677662895656,9,4.283390985237427,0.004154195979742141,0.30608855513937494
773,0.90471317663362,1000,6,0.02802025665772708,0.802244442817865,0.6529123186718844,0.37002336222234977,0.8665720380001651,9,4.11869644252795,0.8471109804450292,0.13597305809377594
774,0.9036872422777433,969,6,0.03547225002507279,0.8439710341412637,0.6487865834375666,0.3785888779805331,0.8670331172698281,9,4.294445117601209,0.004362263377290127,0.14393597159024812
776,0.9029668411806338,931,6,0.01988964318265598,0.8588758987080123,0.6495174116760917,0.3802931603714847,0.8446135455678161,9,4.076941071150157,2.6925715489927384,0.14595477500477558
777,0.904240352720765,938,6,0.0347325830448131,0.8412204516656623,0.6570251636449181,0.3793776219085241,0.8473068249278719,9,4.282523785833437,1.2986247424864972,0.17184610089991864
778,0.9036414553946728,997,6,0.029052137922639273,0.8405238831059744,0.6548318609484562,0.35501196132589835,0.8491077717687773,9,3.907881954893915,0.9850092852452027,0.28192520365734575
780,0.9043589124845972,822,6,0.024175487778245408,0.8407264346530309,0.6490584899850075,0.355794817145836,0.8506583041215482,9,4.281662556880597,0.00416003517846496,0.07411860822243177
779,0.8968205430127295,998,6,0.019732184256834494,0.2973753867712762,0.6547607435903224,0.35050488897153775,0.8488349934931294,9,4.265639078302492,0.004304745939521034,0.1658388802192996
781,0.9036068557845149,921,6,0.019927382002114937,0.8441458682076202,0.6554429817402257,0.3527877874893368,0.897425778971364,9,3.9820972636348153,0.7881610984679196,0.1592841487388944
782,0.9045415357239248,822,6,0.01985711851602308,0.8595420005438039,0.6554553742837408,0.5444761374914768,0.8388305172854059,9,4.301729915246658,1.3490724716582507,0.28826216969551943
785,0.8990317053336458,818,6,0.020065814498247556,0.8591046084045308,0.6615693012816926,0.34962366753885205,0.8412924094353866,9,3.9881055758143003,7.715109394321495,0.06968935867694097
783,0.904547197738156,937,6,0.020265316682306262,0.8583183441062828,0.6614308663288536,0.3504634022138974,0.8958831233828093,9,3.9593091181729103,1.3493913322867255,0.07062495920544717
787,0.903564318195059,820,5,0.024417629030375337,0.8244947477804102,0.6676302736172416,0.35240524660193684,0.9242121258257976,9,3.9795776629451236,0.8560018077356492,0.08617410164396282
786,0.9049923313508363,918,5,0.024546200322962286,0.822834494122942,0.6678102219944435,0.6145372307145804,0.897238199283246,9,4.3583920704668335,1.4351773073309484,0.06517789248179129
784,0.9041986851520235,924,6,0.019798075716517802,0.859064908346313,0.6678267132349103,0.5418787233446458,0.9016795024139763,9,3.9688348918015746,0.8958644186618341,0.06849659638082904
788,0.9022539232498967,828,5,0.02003864237034481,0.4998852353879303,0.6708489890902357,0.349360593356542,0.9023659931894781,9,3.9745102938689167,1.1753076891973793,0.06197905428297932
791,0.9042103279980374,844,5,0.023857130502441478,0.8192518724395107,0.6716452347327182,0.3129938051401179,0.8963567933111092,8,3.964902612013447,1.298507001898569,0.06587277105558716
789,0.8977711297738556,914,5,0.01937673390665138,0.30090694127369805,0.6364128109951024,0.3044584234711664,0.8975093739249116,8,2.867674931170345,0.001988809678242363,0.07009806147402488
792,0.8996627767023154,915,5,0.024482217600055235,0.8219682236484859,0.6741699631116279,0.3055717634572165,0.8913320955784487,8,3.98418345859583,6.860896884180234,0.07647791303564414
790,0.9045986562136674,765,5,0.02458884799759652,0.8214503682793495,0.6314083959066364,0.9780638501915946,0.9253256580850137,8,3.8243724059407067,0.8865941079593204,0.0719412302008973
794,0.9036060848146515,845,5,0.024487306306143673,0.8249342818555481,0.6324853601530891,0.30531258362730246,0.8874924608060094,8,3.801208132869084,0.7925368319623299,0.06104811573394189
795,0.9041376595653718,917,5,0.018112625684267438,0.8187013108771298,0.25164931647803085,0.9733576181904512,0.8344385455941765,8,3.8217641996684937,0.00225132588152819,0.09330459339316695
798,0.9039749784627112,768,5,0.018453891869139066,0.8195159762593928,0.6719302351194452,0.4424846253865109,0.8960715379020355,8,4.336613700992108,1.7790120231074984,0.09194705303311475
796,0.9034267695544778,921,5,0.024322357493142346,0.8180855602600023,0.7771491441739308,0.7537736734144569,0.8999550215541259,9,4.536841834254139,1.829402113331306,0.05880760523909438
793,0.9028394272741437,917,5,0.024076652558145516,0.8188370108887696,0.6786223763369226,0.9759242528612126,0.8936736545280507,8,3.8429077656373467,0.00037753125467481223,0.09222015264330943
800,0.9038833624308195,940,5,0.02429686702271389,0.8186883071062078,0.6797239653111893,0.52922772051025,0.9128247148344683,9,4.324999652495059,2.3012794605994737,0.09317436960912917
799,0.9041205561516005,917,5,0.01797218717198976,0.8180217836679312,0.6890579325376124,0.6242988046702929,0.9149905049326349,9,4.382907299328276,1.490496340007984,0.08341761961313413
801,0.9042721625633211,941,5,0.018129461163037163,0.8148879123964163,0.6746437334768804,0.45436148452987984,0.9206652919622208,9,4.290034227510269,2.2902177509553443,0.09653489819272111
797,0.9025150181006879,919,5,0.0181523488872052,0.8193696524164662,0.6842171481074166,0.4733904334715222,0.9235211115463101,8,1.7092574629389088,1.241332692452469,0.0634359614866245
802,0.9037660102815848,948,5,0.018253743152314348,0.8306440482493485,0.6814005832754801,0.6501538806411145,0.9110059439159914,9,4.316585671158748,1.8756544462501783,0.05331142137763595
803,0.9037234298182378,939,5,0.01786737617481113,0.8161946673255954,0.6835259509944797,0.5206832861018262,0.930482919497673,9,4.454519106366113,2.193120437714926,0.0999056432321405
804,0.9046348353162154,941,5,0.017661242349265915,0.833270097120075,0.6828302324455858,0.4524253178180045,0.9351261921108807,9,4.4161327584363725,1.607858938450511,0.10238305313301238
806,0.9032750895577811,943,5,0.021853881895812634,0.8376780894567797,0.6943629679415277,0.4665573654475704,0.9197077135216396,9,4.4994938895082335,2.2152093501210555,0.09257719083142117
805,0.90379190900044,937,5,0.0218784680385572,0.8359689326185521,0.6881445336829737,0.923969196465095,0.9235963860409452,9,4.46705334506161,1.6570152916822707,0.056312213498301046
807,0.9035253491728744,942,5,0.021673360163109036,0.8356934345758584,0.6758124526199276,0.5049407026589422,0.9114276866551424,9,4.368094792453786,1.4685795229301577,0.028349554174786115
808,0.9038547784684765,943,5,0.02107493955350274,0.8396526795440291,0.6377763979422513,0.5122967719223258,0.9300483696266598,9,4.475272509901054,1.237235335771969,0.03150620244290141
809,0.904929590200403,939,5,0.021551765987776337,0.8388115679551588,0.6367821698997035,0.576391566087378,0.8804740890515353,9,4.357601327283316,1.157550255497484,0.032097800514026546
810,0.9040938051241172,954,5,0.021423628331796517,0.8349084247318479,0.6371601957743939,0.5793299905938307,0.9337977946220575,9,4.4785595326138825,1.028118365153919,0.055076238906505946
813,0.9045060132608642,939,8,0.021664069050593007,0.8404355284206286,0.6388540192069354,0.5096517199955224,0.8830412035816806,9,4.370832745420327,1.0598786034327403,0.03469950279077906
812,0.9039165722883602,940,8,0.02210315775589643,0.8386315041617088,0.6373710285917757,0.6002448858889995,0.8684691175073549,9,4.408080837503682,1.5485420707316162,0.05661829521151987
811,0.9036968461053541,943,8,0.02232135900275243,0.838697911913932,0.6325504156787262,0.5054137651604867,0.9320366439373737,9,4.215494995682516,0.00014695138370522854,0.03847026537168002
814,0.9039095215097399,876,8,0.021943300307785928,0.8445606962902565,0.6242865607090684,0.9312644092502834,0.8706598428225776,9,4.4669442529078,1.038371410447902,0.2184547086624858
815,0.904378928586328,870,8,0.021560666057514416,0.8654760211625545,0.6370642816948886,0.5740461292349324,0.87997686994519,9,3.006636965098532,1.0825904513252596,0.037638932420350074
817,0.9049136095656577,877,8,0.022332122553297997,0.865253247442046,0.6409695939786076,0.3629549929232305,0.803619525684401,9,3.326101488709498,1.1336039911017637,0.22133572433459872
816,0.9044468570214723,881,8,0.021332235613671216,0.8649916059211599,0.629340430136423,0.5710667991194175,0.8780192387542787,9,2.9915493811879865,1.152750290264018,0.05659841505445795
818,0.9035136054515884,871,6,0.02282977850715621,0.8668921377549055,0.6297208823195022,0.6061970713395401,0.8815179933813794,9,3.321368730738312,0.0001780428195894231,0.1370343655512653
820,0.9036141348437997,870,8,0.029018607394917094,0.86520187122733,0.6167348046243426,0.6188256834032285,0.8841769460467652,10,3.3109300185633024,0.9741067002557344,0.22462122381681335
819,0.9040384398032935,881,8,0.023033007904302412,0.864360223174639,0.7837168870496295,0.6100606964996269,0.8825272607931206,9,4.195965989897345,0.6803935110107279,0.12761334125156396
822,0.903897959014263,880,6,0.029362530062120376,0.7886684107667808,0.6117739712221165,0.41703153850120406,0.8018976671089726,10,2.977748737122016,0.6908094885030995,0.13350497887779772
821,0.9032142571316918,876,8,0.02897519339584136,0.8636856368924147,0.941158194557702,0.42343990003922927,0.8780572367690427,10,2.980809792571679,0.6804199800861688,0.119612473584142
827,0.9028831923947921,154,6,0.02897131620299982,0.8066082154194956,0.9372800930226536,0.41939521131948226,0.8553371287673106,10,3.3048216916712545,0.712668046312026,0.12300893596729967
823,0.9035303020955178,881,6,0.027912743796971083,0.8696639595589969,0.6628435923997819,0.4206121642793312,0.8803650325573464,10,3.0099812104959187,0.00024452165191098736,0.22396821693442204
824,0.904671270597864,897,6,0.028260072815188435,0.8575223454911952,0.6596712703923258,0.4356759269053825,0.8025440372050872,10,3.3218685460050836,0.6570924449245151,0.07858679684689543
825,0.9049771455554613,901,6,0.025754343886571322,0.8644574909448023,0.616143881921208,0.3229224368264296,0.85421809222246,10,3.3227700101012108,0.6046367040688626,0.13078037209799992
826,0.9042223373245987,900,6,0.02651552322165875,0.8633861745673229,0.6154285287363471,0.43751843321691275,0.8579582380206012,10,4.190171769625194,0.6308653506771551,0.12461860046336351
828,0.9047714135929331,903,6,0.029189391825677584,0.7893997183143749,0.6594358766003976,0.43732678671485065,0.8312927175920727,10,3.711025483510788,0.6952132985527368,0.12960156557277494
829,0.9035408371379605,910,6,0.025561799207372022,0.7939574768220737,0.6636989358617735,0.42010441509841906,0.7988623912131546,10,4.176585711417,0.661801416066077,0.12690841933076916
830,0.903855484671398,904,6,0.025543492559433056,0.7876059943753281,0.6622147021387189,0.4226152412388677,0.8583910381377453,10,3.707757586739402,0.6557590069542805,0.11729341263633988
833,0.9036576590648725,908,6,0.02658967585861374,0.7836461647008679,0.8774166419842367,0.31657143680786165,0.8344714813096609,10,3.422022077043971,0.2250770421147452,0.07866450907444489
832,0.9031100156510987,912,6,0.02484125337737408,0.7918233261776357,0.6599384437410101,0.44009998331127476,0.8546942811035886,10,3.6929716325355373,0.12015303054696197,0.0793358502279578
831,0.9034746205417387,905,6,0.02546186881029345,0.8102909548100216,0.657785074779607,0.9963680379650623,0.8529204448526257,10,3.462993674791862,0.5970663744433865,0.0801518239929774
835,0.9032757610967057,915,10,0.025250298293648908,0.7864731879392282,0.8457490118724467,0.3896608667117379,0.8354438353036517,10,3.743108164422348,0.234080728100056,0.07887677941375135
836,0.9031733198634312,981,10,0.025635118628572772,0.7839121549866566,0.8370684195700768,0.3902054316094513,0.8369828280395425,10,3.733768386311583,0.2441558144811814,0.07493830326298943
837,0.903543251150875,917,10,0.024734126896797052,0.7895489242995128,0.9015227823957493,0.3910415082375888,0.8315324623249806,10,3.7175232666375857,0.22240600303146016,0.4085143525588213
843,0.903054199850349,221,10,0.014930152931794342,0.8863609007525097,0.8469413314447113,0.38566672578294314,0.8338189143413459,10,4.076362269737261,0.3743006270061516,0.042133359148339794
840,0.9036531067546509,981,10,0.014834945063520767,0.80676209541638,0.22978016116074212,0.38585674433921213,0.8284409586075484,10,3.443221962152338,0.12862059932856126,0.08480354577516615
839,0.9034979983670217,922,10,0.019515779661849197,0.8107129071845663,0.8371551995060318,0.38671748872278094,0.8301910003126142,10,3.4518024654963773,0.23160989807838003,0.07419578595111712
838,0.9043845268978629,917,10,0.014947584321065514,0.8083731938921715,0.8476823471867688,0.38780631375000235,0.833579817922154,10,3.4574289808960406,0.2113576233969582,0.07765987589294852
834,0.8978073277287528,908,10,0.025310266067311495,0.8077318323158074,0.8415842354324959,0.7716403644031208,0.8547217713536988,10,1.2346218001948674,0.21688627933461455,0.08062904088739632
845,0.9043197740953396,961,5,0.01457462140877227,0.8850932745734365,0.7025607175117963,0.27995778687137596,0.8119802802848904,10,4.087473410179694,0.3661577820183762,0.04680293476951031
844,0.9041075253773906,840,10,0.014685167290387602,0.8866834503228654,0.9817472434639495,0.28202128150749856,0.8304231508060074,10,3.1309488880481546,2.9351182080840674,0.05468932142765885
842,0.9032990752192923,968,10,0.014582590226928574,0.8099002761261623,0.8352439916743922,0.38735837574878257,0.8268700368467764,4,3.4554116146361924,0.3725333571944697,0.09553419230662157
846,0.9040181946607226,846,5,0.01936887145619429,0.8866674430329051,0.979294482360912,0.3391925285051449,0.7852626811053206,10,3.120355594485063,0.37821951495624867,0.0463680866293958
848,0.90342333082516,846,5,0.01910098227169997,0.809536543308866,0.6043593200117778,0.28499393964577024,0.7855809203991565,10,3.1052575658391843,0.3824311052657012,0.057057443726545726
854,0.8998741538791993,261,5,0.13205653979043294,0.8466993368647059,0.7860103044006683,0.34817689766206383,0.6573661197320999,10,2.8471046747412023,0.40874850991916256,0.05237834647405885
847,0.9039492850672243,843,5,0.019833079925951864,0.8489470757969902,0.7025285826758078,0.3426002634163164,0.8104649760812487,10,3.1458640929685813,0.17603438602105326,0.055639838238566525
850,0.9040535045787491,964,5,0.019416266102641286,0.885549660250292,0.6967048133793889,0.34092988191389995,0.8090610475180318,10,3.869862002012712,0.3883436373154786,0.05599267000296301
851,0.9005419221058635,782,5,0.14532947633503449,0.8462535024510895,0.9822745775021309,0.3377579156109536,0.5334053733401524,10,3.133786439381324,0.3961615790486022,0.05397156203518086
849,0.9037818102986612,849,5,0.020012140289320718,0.8491047390990792,0.703067443414571,0.678440281379355,0.8121902072482188,10,3.8502877119478307,0.3630425829700121,0.05753962095959518
841,0.9029656645051739,980,10,0.014957561352896413,0.8086476909627582,0.8395699775503663,0.996693638960679,0.8217600937700742,4,4.061911707138929,0.25425517339371073,0.07914866801357745
852,0.9042091373353506,850,5,0.019268880137868767,0.8475014427889054,0.6992759903502569,0.3413765265251266,0.6556981456489278,10,3.157929552276669,0.3842575820275605,0.057805325239632235
853,0.9031400224336874,784,5,0.019534509409873342,0.8518599938549429,0.701597494185135,0.3655954657063809,0.7968917732446924,4,3.570450183806096,0.2992090675449473,0.09729553476162968
858,0.9040092280881271,791,6,0.023623880807809416,0.8305176922798382,0.6482426574355501,0.370053459719683,0.5887269869814662,9,3.887074403330897,0.30945066738327015,0.022995004739954816
855,0.9036898155473987,929,5,0.016759770981704624,0.8538162245486158,0.604181752400884,0.36418897267558176,0.7927317177522315,9,3.8578047285681434,0.5138974171449735,0.023753302478266878
857,0.9046566190537411,928,6,0.02016632005501724,0.8502062144924396,0.7026994939654106,0.36795682794867296,0.8067078654554694,9,3.8626565450219577,0.30056183798786784,0.10607408936551382
856,0.9039744658764572,956,6,0.01710502466599359,0.8463918352180758,0.7863691706212393,0.3416018736822819,0.8103938026070837,9,3.847626279201532,0.2919942962542619,0.15443651668459432
861,0.9028116988131656,933,6,0.03289140769765447,0.8252554511148849,0.6500296511919136,0.36423590473431505,0.9041787964321814,9,3.5584426034429617,0.8567695772244512,0.1626334625463077
860,0.9045655252623304,929,6,0.031926282030189,0.8308973932318159,0.6423914465696636,0.3211006872303367,0.9035575831376605,8,3.8553524921596365,0.5312153965295594,0.1847123627784753
859,0.9043503649206676,926,6,0.016810255207323373,0.8307308136947503,0.6481395498505322,0.3650956457008546,0.8586756880106504,9,3.5638333360202865,0.295153641301998,0.17951018808514205
864,0.9041481882223416,933,6,0.032617063196155975,0.8242230469684116,0.6457776938681047,0.32519068993428174,0.9029174138011495,9,3.570770756609377,0.874885731287211,0.15978115623697844
862,0.9044110364176303,928,6,0.0167003393674227,0.8308039980735945,0.6457835909603088,0.36328817075686765,0.9040930785204903,8,3.5565995849750767,0.2741605065340671,0.17244091352223867
865,0.9025114292367341,927,6,0.01671517248345241,0.8265098879394684,0.553224025213866,0.31797398110701447,0.32381686499031687,8,3.5933730889650928,0.5392052165032195,0.16209419872739356
867,0.9022466577977513,954,6,0.032362755234087014,0.8280655289846847,0.28031849383019913,0.31877095327135835,0.48964216816267486,8,3.5991997933011826,0.0004852386636734745,0.15668176770765616
866,0.9041619020901418,930,6,0.03323608797744799,0.8312184865949594,0.6225644464383256,0.3212962256677347,0.865662990986247,8,3.6097570067010696,0.5214897725039578,0.1560745685383145
869,0.9035622997774084,957,6,0.017122340317991983,0.8278406229019569,0.5507018906152605,0.23656773218074437,0.8666090017390955,8,3.2483473508862866,0.0005682859220714488,1.6647832058927048
868,0.9042248303197347,958,9,0.023197574060396086,0.8242203173722875,0.7533945948830844,0.3096641367354972,0.903931412346851,2,3.576948778490816,1.85695698771881,0.1584281371742297
870,0.9047145164427149,952,9,0.023379573230855853,0.8250074670404841,0.5508127350063812,0.26510637428670225,0.8661165504777488,10,2.147439777059125,1.8633141259494577,1.8729181252301803
863,0.89984439559794,924,6,0.017167696201334442,0.8240661964770132,0.6135424453668933,0.3605006956872928,0.9007188194487055,8,0.7635500647911027,0.5305146825901297,0.172772706341431
873,0.9042938850307116,955,9,0.0469493272450657,0.8263960659556239,0.6204193860588809,0.3022297136118319,0.868443450024347,6,4.236959968753282,0.17169482676855843,1.8245408215313412
876,0.8992061874748154,889,6,0.19326644306353982,0.7599945895492008,0.7532178509651374,0.2687914496118479,0.29801976686135495,10,3.2778565312560506,1.8701053319800023,1.787214741163346
874,0.9033240088194938,957,6,0.02347185745792886,0.755887772545343,0.6228212049161649,0.26701909696772463,0.8733513397461878,10,3.2561535587719375,0.17324514781893724,1.6749155923529282
875,0.904909730846834,958,9,0.022938854139981715,0.812622282217141,0.6739232321441008,0.2990139831224712,0.8649210109836607,10,3.2489145229948697,1.8014095354349786,0.1027160703134561
872,0.9048706129823115,952,6,0.023549576691756783,0.8266988628203368,0.6740105904031651,0.8264384698144736,0.8599537442559311,6,3.2414202963541063,1.645092947036722,0.10613732841032991
871,0.9018953049683726,954,9,0.02326933175266749,0.8280416460627736,0.7587155787014932,0.3173084960197227,0.9476197094543309,10,0.8480985261519343,1.651474265847989,0.10282178084914438
877,0.9038706444687754,893,9,0.023327440585556875,0.8054944712777989,0.7538282267734481,0.2661287893866947,0.8457685080799919,6,4.203533559394751,1.7777000150867903,1.909974478858974
879,0.90435536755878,818,6,0.02425311960479869,0.7977930979425729,0.676805958177402,0.2950382045149195,0.8419491116378434,10,4.224599889577525,0.17045617592825768,0.10090872863583533
881,0.9043667208539944,893,6,0.023503153796067437,0.8023648806174996,0.6743202987608459,0.26754462657215433,0.8417743919061805,10,4.073555606597375,1.3295420840577863,0.10384131931956413
878,0.9022905332958638,895,6,0.023241976512423244,0.8011353651287988,0.6756668424593614,0.7178818626014614,0.7586217933722071,10,4.237244916396921,0.16145070329530642,0.01793116424881354
883,0.9031070949052804,977,6,0.023398057001692518,0.802029469960077,0.3028519625680942,0.4050976889140025,0.7594997092048205,10,4.131917875079823,1.5602422796558908,0.10438059374879537
880,0.9031729112691682,890,6,0.023295197009066036,0.7588304616507509,0.6754980966912475,0.8279983137837537,0.7587677372587902,10,4.167937933649052,0.17994781505369395,0.10108925650685038
882,0.904409429862997,889,6,0.023700648649940485,0.8036425900395411,0.6702073033756346,0.2938900790474695,0.9500650009083956,10,4.053044775559645,1.417533320432459,0.10186841638226438
885,0.9042418038955521,812,6,0.020544402876848986,0.8025773090297887,0.6855747786608142,0.40437130538663885,0.7588132315108786,10,4.069614984993446,0.7772227547807601,0.018370877444171062
886,0.9034862997241355,891,6,0.021102918783608787,0.7995007457009302,0.5877261544576886,0.2978922793429771,0.7837090207544587,10,4.139526549381805,1.3931998885955361,1.0345626349334742
884,0.9046450362615817,814,6,0.021509812449886558,0.7945351533722838,0.6845496825046168,0.899719007830274,0.759835143033551,10,4.103955459837738,0.861551459580334,1.2305260072673823
887,0.9039920995885687,827,6,0.02038696286105028,0.7967779743334978,0.5870311332441953,0.40080034552470284,0.7564971131611635,10,4.08069875122205,0.8034286052982252,1.2310489572564756
889,0.9033452924376416,893,6,0.020597139932736413,0.8752811249604177,0.5974057480270034,0.4881171629383366,0.7662414343467174,10,4.015576208197208,2.9510056978769743,1.2194211320909056
888,0.9035637103588308,862,6,0.020822750323835394,0.8701303636258522,0.5871383462044413,0.48667020581780207,0.7578956638874635,10,4.019060737453598,1.3696786154271339,0.0402684348939247
890,0.9045288553905616,984,6,0.020999497907470892,0.8761040716153774,0.6017788014840734,0.4892272057405446,0.7814765756064648,10,4.024107818638799,0.45340676275744396,0.041046766156755614
891,0.9042771694584157,866,6,0.020725652493840466,0.8749556679591127,0.5921119608623289,0.4771521007009944,0.8847802963580131,10,4.003623877028625,0.44076875234895846,0.9707916012110854
895,0.902605961605427,862,5,0.027828847058108095,0.8718440633718337,0.7211214158550959,0.2862366160981429,0.8866606984831218,9,3.4053382383047377,3.641558820800009,0.04081905738198747
892,0.9044662073616113,861,6,0.020902989837482403,0.8770501991865279,0.8204846738071782,0.4621590576012283,0.8888331841627884,10,4.0208266106695865,0.8670261387541741,0.36040086361417717
893,0.9033796953144128,862,5,0.020533175479338535,0.8713128281818673,0.5889888375028813,0.465261532530702,0.7861731558392229,9,3.9967404963461153,0.8167891084838796,1.3085033323730795
894,0.9039955835483211,868,5,0.020867657154574788,0.8751682772445786,0.5801573602144283,0.8971465404473541,0.511197015058438,9,3.3558930374745644,0.4327897380934716,0.03868720574235908
897,0.9056663520199439,858,5,0.027796904302228323,0.8534595050935332,0.6079568139697793,0.47388578825087535,0.8856103853209554,9,3.4141120583563973,2.6612420391923126,0.06707365084895633
896,0.9039906015109611,864,5,0.028121709357714228,0.876237692239157,0.5992355349824174,0.4049965331720666,0.8803003269657852,9,3.3845983964693924,0.4817065072284821,0.03941957286884061
898,0.9042215712198578,869,5,0.018566606996226732,0.8546536287188014,0.728251858176722,0.2832086346458599,0.8878518396489311,9,3.409315177336469,0.0017609483477655742,0.0412810478080209
900,0.9042865370235205,862,5,0.01848108952426021,0.8513188188115278,0.6282537416671605,0.2842047798879039,0.8400325520400528,9,3.360166131276675,0.535355565321306,0.06706035125288812
901,0.9036016795983647,999,5,0.02761201521351894,0.8503250719210816,0.718008476065817,0.4584341921219971,0.4608689667517418,9,3.3706096604165836,0.5551129095516931,0.0648292151952972
903,0.9034828676843611,914,5,0.018584684756291756,0.8518956639195842,0.26280724565139474,0.3487642161058728,0.8457824966070719,9,3.730804521768668,0.27140915416904265,0.06930904901135998
902,0.903013875435474,914,5,0.01783869758533196,0.8527341174275391,0.26126116205755,0.4643571533662814,0.8455669668460267,9,3.394184613774843,0.0017635983399686504,0.06458088615244605
899,0.9029870420049801,983,5,0.017949957390617475,0.8499645854711089,0.6448122244815149,0.4663699956663374,0.8480934757619932,9,2.89884634777712,0.0025095022007197215,0.06996770226794133
904,0.9029141424790013,915,5,0.017886556923989178,0.8478237987848695,0.6284120192163093,0.22006032140747836,0.5140093422458888,9,2.889596664981412,0.0018165550067072813,7.37983044864268
906,0.9036616472489495,841,5,0.029709379848581182,0.8488284753678946,0.775626585592811,0.46166965282535166,0.8488169614628116,9,3.37330513990641,0.0033652391904083066,0.07036420760556696
907,0.9032572874668243,843,5,0.02696042666543886,0.8552877050639853,0.8955679193379784,0.4608580236283852,0.8449946296056482,9,3.429763151180445,2.0447417244640143,0.06148146004057668
905,0.9045147818837924,1000,5,0.017974078117007325,0.8526638633540349,0.895421852276267,0.3324744387072932,0.6274962007365898,9,3.7615607812544254,0.24873010465915463,0.07004013516405982
908,0.9030286730092861,829,5,0.03019252716799689,0.8523857216954276,0.7751967939023943,0.4441942642392331,0.847401674128376,9,3.051947213081095,0.002639705306247458,0.07263772394422231
909,0.9044737354543484,833,5,0.0302435619889068,0.8910503437377767,0.7772459278805214,0.468368627316928,0.848976591999265,9,2.8974236261298127,3.291598814840701,0.06528872260679124
910,0.9030608977555609,843,5,0.029277495794404196,0.8895695539696488,0.4445558981714056,0.4739605320668414,0.8174713638320354,9,3.237941214647169,2.8321835104082935,0.06342327001852648
911,0.9034223320307374,830,5,0.030228183898731678,0.911038171178227,0.642262147719998,0.4619544631805479,0.6095841947797852,9,3.2711084748598087,2.5610399243433557,0.027962146580014887
912,0.904236193953334,840,5,0.028865602061932498,0.8941487855547535,0.7789660451407324,0.4511384538961822,0.7987389285536166,9,2.902584059010069,2.7229084184847006,0.06578087915139395
913,0.9040155170189887,837,5,0.03110119048130541,0.8944356968223194,0.810270897694077,0.45992401628102275,0.8193497749356637,9,3.0590364433308257,0.11005745535545278,0.03050976886888241
914,0.9034210654265309,856,5,0.030518295645933058,0.8994117495279876,0.5670819545101728,0.4762041562895949,0.813753177280823,9,3.057876609200298,2.0071971213961026,0.064676766116027
916,0.9036346363175062,824,5,0.03185045399104972,0.8908661981682956,0.6590854740037188,0.4738401858784645,0.9221709302770741,9,3.2156251878011917,2.6130531807313226,2.208758614046108
915,0.9039397554327302,837,5,0.026952572126589785,0.8961341129065228,0.8738686815439024,0.4411899041841859,0.8174534288950256,9,2.705015161290377,2.804706291240057,0.05103033413093408
917,0.9031149114845715,832,5,0.026816915134297195,0.8903742113147083,0.8170377726674646,0.429403854612967,0.8171584174354196,9,3.056851015634036,4.362187235282025,0.031632153541431535
918,0.9033859166656836,853,5,0.0402725952601225,0.9091758638718737,0.5651772335471207,0.49148717696126876,0.8007038245253635,9,3.21217668620273,1.0881556330250053,1.4309248918802004
919,0.9043915982012184,801,5,0.02701541270298165,0.8954906410395856,0.65661256863505,0.4907142200862705,0.9158099971456944,9,2.6713828415137844,3.3489085124206857,0.03145709333463883
921,0.9028894642977251,757,4,0.027385640990946626,0.8392641298415474,0.6593425683167927,0.490978203708197,0.917714132651827,9,4.388276743217688,1.1303530546393155,1.4613240282210944
926,0.9034237214032668,198,5,0.02682858354963567,0.8337180196703826,0.6224547626680987,0.49243694703054647,0.9191620287854069,7,3.5306187626908843,2.377868371921797,0.2499619461161442
920,0.903672562683149,805,5,0.026997658731850553,0.9111640522883072,0.8025649040588179,0.4956654926391599,0.7963465911435069,9,3.179119230027105,2.1200475814436643,0.047150243657424325
922,0.9040150117304183,803,5,0.026699852881967367,0.8379540549863814,0.661897518594354,0.44401080190722,0.8163195949458194,7,3.4930906297728326,1.0517606541923934,0.9070542271208236
925,0.9020939459390032,796,4,0.02667394561539158,0.8444486873009284,0.6152063607295644,0.43699571782249863,0.9122723892715172,7,4.4081458809998875,2.310612290220709,0.2791791062851425
923,0.9031328090535549,797,4,0.027123836989180455,0.8387399862760334,0.867013281821048,0.4320411822443573,0.91732997416777,7,4.396164023571716,2.6244102237535314,0.911297802751975
924,0.9030478078397068,802,4,0.026550980633315863,0.8359093968947962,0.6894232665342992,0.4486128421596325,0.9234032090453596,7,3.185780389875903,1.0820502864834807,0.2704110388703944
927,0.9030184298741867,880,4,0.026319506681003742,0.8407416702318948,0.6157688647756698,0.5026571986346736,0.9410330096232211,7,3.5214596484381033,3.357963935929171,1.5200890913600782
928,0.9028127271784102,881,4,0.025964714045189373,0.8361581527980094,0.6151214817935479,0.4122268445877898,0.43420176025065793,7,3.482669386421449,0.19730312644959136,0.9186089340210163
929,0.9013455779899188,884,4,0.02712375666234733,0.8396524831687161,0.9997950830336195,0.2457409900050086,0.786698153548841,7,4.331436798570479,4.356391105786294,0.9197578441901321
930,0.9032389357690731,972,4,0.026626230502394925,0.8608608448886033,0.6124008013691085,0.4475646531138279,0.5545948232373576,7,3.4865926368109537,0.195655946617205,0.0904882014254077
931,0.9033266534696167,881,4,0.0250569051289927,0.8610421570245638,0.6875457546580541,0.43784663785743017,0.43175990245145457,8,3.497378354454185,0.3096874275184016,0.08958271836723003
932,0.9040195578832193,976,4,0.025235987225541004,0.8614484738553622,0.9545143804786332,0.43775869987024196,0.9473749576203007,8,3.933470879525924,0.13025996089748765,0.9820184950923799
933,0.9041090406349618,972,4,0.03592831002707589,0.8639933526396124,0.9988174575467628,0.4144918208608308,0.9437129349400377,8,3.9280226307191346,0.33816587872004733,0.08962278172427603
935,0.9018196005473019,972,6,0.036807514120983396,0.8598140941940419,0.6909484672780425,0.3737633605336096,0.25478185320037783,8,3.925193329804114,0.27504780340655804,0.1233999655972522
937,0.904965735095059,935,6,0.024893728087894692,0.8583891104860029,0.690017313077923,0.2471320488263944,0.8660387265867654,8,3.6905898447801,0.20564253171959176,0.08165695815878014
936,0.9048437254273309,882,6,0.024509374659686153,0.862479253559464,0.6254013558875829,0.41182138648513444,0.8639825801142921,10,3.916605216732973,0.20384347946447354,0.08405175883384028
938,0.9028734815344887,978,6,0.02473222391433993,0.8630246019265321,0.7130370147573329,0.2403830309027607,0.8628766763815214,8,3.8977799984757757,0.2929302413534134,0.08435094815189403
940,0.9030163390118231,904,6,0.037081020554602405,0.861585020272824,0.36900199435857634,0.37500871352861964,0.8641726886672038,10,3.6750498612701366,0.32562470144842237,0.1249122768386843
941,0.9031280262581601,939,6,0.03712255116838631,0.8160259807274286,0.7074921975741891,0.3811941272815192,0.6795616243498341,10,3.926539738883535,0.32057680821326484,0.12333551423611186
939,0.9045165348482026,972,6,0.024767632885982268,0.8653807015514494,0.6921740633669712,0.38144716922069416,0.8640557599146818,8,3.924470061788783,0.3044731269466458,0.01339253234004961
934,0.9012295385115182,881,6,0.005922522252072935,0.837052237014978,0.6913548404402552,0.41772551363918564,0.8657102354607447,8,3.8874723956842048,4.018945362542558,0.1306616263232266
944,0.9043839256751603,938,6,0.024447232098042886,0.8207170643386201,0.6336430208829229,0.38017009451306627,0.8726086338972541,10,3.6760313309863766,0.3210738754464237,0.013101823016062055
942,0.9047622737003526,940,6,0.013313835432725895,0.8236860497888772,0.7125847155243036,0.380136654063496,0.8614968811723482,10,3.6669387980284154,0.2694437292687703,0.12647144165770347
943,0.9042644280069527,938,6,0.01313807410135525,0.8246043517710975,0.6351255660314074,0.37922799040934,0.8695779625229475,10,3.342962104960139,0.2485909064514989,0.013208027602837806
945,0.903823416369215,905,10,0.016078787616151845,0.8182516381821641,0.6389181531332846,0.37716323988633643,0.8893735161958543,10,3.3031195388707935,0.3361407721429122,0.045726362163532944
947,0.9040344857510905,909,6,0.023047420487122206,0.8165359267931362,0.6409818917009423,0.6376505143428436,0.8887690895055279,10,4.263946956930547,0.3780388033075458,0.051571462712884895
948,0.9042623168479068,938,6,0.022579127785010342,0.8157267029661438,0.647498897702644,0.558186314328432,0.8977408056513075,10,4.27717477130349,0.6021550157984463,0.04576388915969047
949,0.9043118199243059,909,10,0.02196111210466755,0.8172707651465767,0.5408330266593392,0.5546411895795096,0.8878570946258018,10,4.592976494948469,0.24811398061968365,0.5790097717356355
950,0.9049772802585375,913,10,0.02225671574559901,0.8176164028790927,0.64537774889756,0.35913328933618127,0.8917112287422823,10,4.257973541618473,0.40782489545420053,0.045696195249974446
946,0.9047118937616603,908,10,0.013248266500964665,0.8171064381199218,0.6319976268752356,0.5550416937319198,0.8898271407480729,10,3.7936251771246887,0.3358194058575425,0.1333133990959902
951,0.9054005801141528,908,10,0.013147510792713804,0.816505884575196,0.6448967897806052,0.4007885258895134,0.8929081519453276,10,3.7837453558372465,0.576298035460975,0.433801843128703
952,0.9048718481152577,920,10,0.022906923469882923,0.8160227886303278,0.6507232078227044,0.3982705912451496,0.8882163465369535,10,4.241937878346828,0.13661070229044167,0.6213605415835171
954,0.9042292128827955,905,10,0.022283831965643666,0.8154084650966703,0.9270531177023525,0.35534369674071253,0.8935105069078555,10,4.260939770840446,0.6103266423514787,2.3518465744272365
959,0.9033207691801065,924,5,0.03316250341692596,0.8761842247819029,0.6684579047267298,0.3048729091720251,0.833310807183987,10,3.7647818820614454,1.366367268012069,0.20509824703714125
955,0.9052650476867135,918,5,0.02280046774409737,0.9192911546799294,0.5375390546441653,0.3558926662028061,0.8314251340301433,10,3.1241232281056157,0.5956699836938845,0.051574083118487206
953,0.9047189544225605,907,10,0.02235424436257154,0.8146967139208571,0.9284901126025707,0.35716674493419276,0.8873546004745779,10,3.3217695164525414,0.5478777452958712,2.2844935362590286
956,0.9034075220660667,917,5,0.022209625569008455,0.8147077229924471,0.542886731173247,0.3536413089622671,0.8292711547561474,10,3.7775527762676204,0.13175600964926737,0.20497261817585677
957,0.9056663366644016,920,5,0.021763541420432294,0.8826075145928951,0.5446934488343886,0.40199680386565745,0.836950561747381,10,3.803191767202803,1.3001999544372334,0.42911612664094284
958,0.9034898226048668,918,5,0.016225339529426744,0.876065909832958,0.7390681753603607,0.3987750318264329,0.8248493483454244,10,3.7858935252408883,1.434038244737592,1.3751337627647648
960,0.9038289000463038,922,5,0.015525736580082732,0.8764035182055951,0.727692623688192,0.4000185258816751,0.8325888760172416,10,3.2783149864573082,1.4329463517975467,2.232473918794827
961,0.9047712471905438,892,10,0.013675267098897579,0.784225598194783,0.9185301807888272,0.3977691731132001,0.9074261979101412,10,3.769817707839074,0.6525258703515239,0.6403368563510774
965,0.9042297320825753,894,10,0.014186734893419399,0.9262552112718409,0.5241066629473297,0.39978992132240815,0.7769243486275419,10,3.796172487261548,0.6013213639794484,0.369542485695541
966,0.904788995309049,897,10,0.013686922369251958,0.91269639070024,0.5722834966862747,0.39942598338397717,0.8006038517797109,10,3.766402048278231,0.7300067827606516,0.32269850210926104
967,0.9042368101514914,891,10,0.013500564563747468,0.9156253945727411,0.5610877397729112,0.3902320305743696,0.7830258871757262,10,3.83216302262359,0.7017249342964359,0.2323200275674462
963,0.9048560173870961,893,10,0.013992676685930025,0.7805415514493157,0.6698020637279836,0.4023654198861042,0.9588382067812118,10,3.7896537747956778,0.8324075243148015,0.35738350901730237
968,0.9042952745552763,889,10,0.01244358055084897,0.7755717669902468,0.5351150079329641,0.40528030012891547,0.830025814289761,10,3.7736737089332104,0.7468437786128939,0.3189414944283217
962,0.9048285091489234,898,9,0.012542235177217774,0.8372705140629592,0.6752650765180481,0.4037634161878429,0.9031937448586432,10,3.812620956682734,0.8441768670090837,0.4307007215540252
964,0.9044609025537879,899,10,0.013005196799883767,0.7802104999394369,0.6687722855265104,0.41199913770418384,0.9357949128282008,10,3.7840548730422565,0.7662678484611177,0.416314975881291
969,0.9042185377400316,892,10,0.013663115794629149,0.8398145477955284,0.5200398695061335,0.42197614101892345,0.8023865818218613,10,3.7262706928236864,0.8009643797812569,0.20007273462707859
975,0.8945013378782496,101,10,0.012582553544123094,0.84418278926993,0.5207849181593782,0.4198910243142073,0.8347943424208655,10,3.834986305417497,0.8763983529170966,0.4998844383422602
970,0.903668506615411,890,10,0.013826375836764188,0.8414058321188023,0.5337281761610257,0.4140108881650563,0.8291408030615397,10,3.822582340107916,0.990293422745555,0.31428484277325863
971,0.9039093035674606,892,10,0.011941452194206916,0.9754300416607767,0.5315009001046705,0.41651832199097905,0.8251893597513527,10,3.808515430780779,0.8175483058665508,0.3431256841725384
974,0.903839917039933,949,10,0.020521071537373065,0.8420216205648297,0.5206165925627307,0.4196220065240555,0.8312567754488202,10,3.840984660237436,0.7374235955229461,0.41686000742758517
977,0.9041071781292802,858,5,0.020390254778225883,0.8459713783336634,0.5241259676503865,0.3413756878561548,0.820106077846819,10,3.6340032111447056,0.8821014097202159,0.2092759768474461
973,0.9046995006225533,874,10,0.013853741604345262,0.8388339296517576,0.5255636990662313,0.41667413808523585,0.8315244849325769,10,3.8343630873254333,0.8926536041321139,0.4781797290634131
972,0.904253441648391,872,10,0.01206069905997639,0.8409786823075759,0.5328487895486326,0.4191684514518961,0.8277532859270963,10,3.849369932220205,0.7768522264982054,0.3498262708941807
979,0.9045469889179809,948,5,0.020987298991752033,0.8409686864054715,0.5351722231433489,0.42141418676982006,0.827145296547263,10,3.65115144086934,1.1357141384738139,0.48219055274080264
976,0.9045256952655183,947,5,0.011943569468761807,0.841264631843596,0.5279937619173599,0.4198106350555952,0.8227335717276327,10,3.666925643461142,0.9165926061117964,0.6059282529026618
978,0.904614564023612,948,5,0.011789974619422366,0.8414822493479457,0.536124084049039,0.4268746129909176,0.8068561283446144,10,3.6832676113243434,0.9933515074040217,0.2867286540561718
980,0.9040299129921513,950,5,0.019740233981047132,0.8504886627445358,0.5402351978701859,0.3342943092884981,0.8207852817088216,10,3.652247111003719,0.00011424689678615401,0.4394731766431474
982,0.9000850444678268,864,5,0.11627178131222451,0.8486333118575096,0.5518023238189399,0.3311637039822663,0.812890395891641,10,3.6358679155102034,0.569586306340623,0.31640288991039506
981,0.9042743890409712,862,5,0.020606947191434917,0.8468829416124258,0.5429790867729003,0.3458804432141819,0.8478479767694597,10,3.6550252984798277,0.004979104506135971,0.31239216030522626
983,0.9036332214030842,858,5,0.019597890017450208,0.84995906995287,0.5601246817438312,0.3400316467262269,0.8460091571284211,10,4.004236194105365,0.5702795343346229,0.2727163096690005
985,0.9039293433106452,950,5,0.020887135360130336,0.8557014039725486,0.5486640184532275,0.3289084921978799,0.8494089992699896,10,3.9658111185804445,0.6007565736315627,0.34026326613004776
986,0.9043074227658782,949,5,0.018875267700297543,0.8553364597760509,0.513314438928046,0.3352605712187374,0.8508791938276565,10,3.9685131992952845,0.553033869573043,0.4083931317472252
984,0.9038237546472562,950,5,0.021920579088897475,0.829537526030641,0.5489274726234665,0.33875582281281413,0.854426344300449,10,3.963268090930186,0.5232696766077887,0.33455655129504036
987,0.9041244767560872,948,5,0.018990930410307888,0.8588225471230282,0.5505188997746607,0.3312712506213339,0.8504818438611246,10,3.9649830573143543,0.4752079662855887,0.6035368587571841
988,0.9048794986722474,933,5,0.019237133402855496,0.7989736839518116,0.5525568045821596,0.3335057750846017,0.8474177773612275,10,3.96556654975396,0.44505389718801114,0.03808013610509358
990,0.9036486720435594,925,5,0.01883848968143226,0.7992643718775053,0.5528136779805137,0.35637438462972754,0.8489302006758066,5,3.9915229867232376,0.6010078985789039,0.400074487559565
991,0.9034355447909317,929,5,0.014803289098617814,0.8054201566315037,0.4908388416168117,0.368143329103884,0.8531249980576945,10,3.9064287869420786,0.0047757644041433326,0.2667468164644775
992,0.9042331687594194,932,5,0.019109748520598203,0.8043648656287734,0.51031141318894,0.3665995637120233,0.8471388233293876,10,4.026980987686191,0.5290811170372202,0.5676024066757871
989,0.9015457630287674,930,5,0.014930540736930857,0.7978036569205397,0.551372645359967,0.3347726727934956,0.8448186744870501,10,1.0859286929242913,0.5486832910247065,0.28201600696129436
993,0.9017032367020696,929,5,0.023897760615673943,0.5603053065243212,0.5516020018545382,0.36224348899661213,0.8527013290779267,10,3.993799355768207,0.003144704694172227,0.45431699060680464
998,0.9008099283951287,1000,9,0.02386539528431005,0.8061502356625385,0.5142529931738478,0.3629811207982446,0.7961401105753488,10,4.113035925282509,4.806999282573435,0.004649994270475152
997,0.9044788049118763,927,9,0.023446558239698913,0.8053784674304084,0.5611595709530471,0.36471916216277217,0.8015419130675273,10,4.139996463992499,0.003201908973086406,0.5323856773985781
994,0.9038523998797341,927,5,0.010569088364913243,0.8006315870428238,0.5120236693715164,0.3571359963315197,0.8506943645809641,10,3.9977300690999367,0.48800562173638123,0.5796503566460799
996,0.9039925490042492,931,9,0.015009406045790511,0.7951088230461083,0.5665682116685073,0.3624276693417726,0.796146183968659,10,4.092092692468977,0.08995202287116515,0.02402912638386323
999,0.9039489049035204,929,9,0.010553013055393804,0.8778168891849222,0.571930609070905,0.37049792194744463,0.7964112683601737,10,4.109630997594855,1.0819387923849895,0.054710602769284584
995,0.9032176348189267,930,5,0.010668841601028135,0.8020739085265748,0.5580634626086625,0.3602503754116845,0.8013040743627708,10,1.3739895142315208,0.475528223850327,0.48521868330270906
