trial,score,n_estimators,max_depth,learning_rate,subsample,colsample_bytree,colsample_bylevel,colsample_bynode,min_child_weight,gamma,reg_alpha,reg_lambda
5,0.9067041533975522,115,10,0.07871572998143855,0.6543356660339636,0.7066837791622582,0.9722293273959371,0.8978314362490892,10,2.8865963621152053,3.8257407294456742,0.002909011193929995
1,0.905953194162656,552,3,0.09029058542582559,0.5652395091205991,0.26499226117732616,0.9242779871356055,0.6314688994628548,8,3.742386416529957,4.348773356350244,0.0001810128936305553
3,0.9077419772003337,399,3,0.021923282045930116,0.9599508418671853,0.686237133311141,0.3188785432597821,0.6359562264300731,7,4.195885113893234,0.11131409350262485,0.0005481037865935666
8,0.899782132445781,728,5,0.14591292054533547,0.35297099948159466,0.33297561184620506,0.6856022093682603,0.794439067231073,8,3.758675949441208,3.2455112206033623,1.8113805279753463
7,0.9052334964558192,465,10,0.041785494067569505,0.5938651830015391,0.8138483296033964,0.5958400854691459,0.2550063256142292,8,3.954941208856102,0.00017274937610805316,0.42931753291253594
0,0.9042801980731197,992,3,0.13726899247951355,0.7744752645553906,0.24232256998119733,0.5443239738587661,0.6923843128709347,2,3.3345718047433373,0.14002715642272573,0.3563436737519229
4,0.9042728930918547,544,3,0.006685940123579644,0.955840776624683,0.5775374089857288,0.5994886442956553,0.3755892914836205,4,3.049176041575773,0.009198068020870991,0.03548729946484336
10,0.9027148921517913,626,3,0.2793514695815407,0.9312233453795993,0.7149617556689365,0.7257671002962898,0.3499307299982415,6,4.408526118327814,0.10292460209707781,0.10716731560021353
2,0.8939559765109457,479,4,0.10365971112420024,0.4825518647914489,0.9534448531895613,0.35282878157306996,0.6285606147097463,3,0.32755875432261883,0.024429265212667865,0.00033893899896453344
9,0.8995794652062866,893,6,0.10140667935575289,0.4924848402779697,0.2417428802895695,0.7581944136633402,0.32022681926502705,3,2.3913894355421577,0.0001756953134725576,0.009785545529084276
15,0.9041759839588401,315,8,0.15090695741895743,0.6885235878641505,0.8450399157584849,0.3760382578942447,0.8739244744946832,9,4.347875975017748,0.00019342137694941202,0.009308486732419328
19,0.8750549501890525,134,8,0.005309706889917105,0.22379958924037857,0.4622459732480021,0.22534540487503205,0.5065995057357567,1,1.539290260434611,0.0021288413693160203,3.914625442052399
11,0.8965334185408841,517,4,0.007838668783259523,0.2266710354324423,0.5339640261775283,0.40739181084598286,0.9310247990967307,8,0.32791620931241605,0.19385416102098404,0.0003815239893659116
12,0.9014999022566504,964,8,0.05033700194433629,0.2767960657497152,0.47565547412750225,0.708031601467578,0.3473833597336981,1,4.532539251969846,0.9653114708938977,0.050697068315343916
16,0.89748607776813,305,7,0.10726266301892828,0.5885928671019414,0.6836389101383803,0.4057610730761024,0.8507335434729506,9,1.147594939872974,0.011536874866182144,0.00035381758540162033
20,0.9015924746651791,111,10,0.022546025152559775,0.7856363148043466,0.5464641628335581,0.2157915632544794,0.9867625569081382,10,1.8028381811633336,0.6675531626732584,0.0013102653986415147
18,0.9043581561101011,360,8,0.08070179730364795,0.5425124429684802,0.5882059347093461,0.7881904251028266,0.8541385653838786,4,3.5542690590002324,0.032457361910648734,0.00012308218870938243
13,0.9025805206641817,449,3,0.00773668198682436,0.5137690486314183,0.7369228635147507,0.7366245607077079,0.8576309315439649,10,1.5729573574785132,0.0001647645220431228,3.768148636058668
17,0.8984404533193331,524,4,0.03100750396289661,0.3051494677744524,0.3287306509437718,0.5676421880654262,0.5005215009554644,2,0.784971719878575,0.039218696487542976,0.0004902903833906159
22,0.9055726061286921,126,10,0.022814945339025568,0.8191589982937411,0.6765297407711983,0.9289214925951349,0.7794037849545457,10,4.940933318996275,1.22178547530824,0.0019257308262759093
24,0.8937448593900571,113,10,0.017151377465091718,0.8553415434418397,0.6740371228322576,0.9797852697739627,0.5083987067407949,6,2.5251777709889422,9.669263357963995,0.002291962847482677
6,0.9079520175328064,977,7,0.007553319633051337,0.9462473803399778,0.8950488227220084,0.2915154134958175,0.6963340557143141,10,3.3846956352923803,0.00011933906776088712,6.529416844749759
23,0.8988403942780323,143,10,0.016671670432228988,0.8512152703228986,0.6865781420313659,0.878553206434646,0.9991008169938371,10,2.3821068675366885,9.705362373752973,0.0015053030757568805
21,0.9069856907324405,144,10,0.021286763466760134,0.8418514786951019,0.6186176319695746,0.97273127440708,0.9895928053870007,10,4.945166290331796,0.7827746442937993,0.0014838245638832618
25,0.9014692467403984,264,9,0.014675853396962285,0.8500994585030699,0.6839578291224768,0.9957567836005543,0.5087530662047232,6,2.741275368083352,8.755712651623028,0.002054564291014927
26,0.9070955803920728,202,6,0.015758682857690894,0.8679611682450012,0.7163927359411555,0.9776885837256988,0.48466405336981,5,2.833906958535363,0.8060228166563843,0.0023039472802511467
27,0.9042753405524857,253,6,0.01627481722266546,0.8709703256564062,0.9703415097391246,0.9693645902882185,0.7320612177383673,6,2.520679120529719,8.009748875096273,0.0016838264505838038
14,0.9044372087996198,887,9,0.008015889718719827,0.5725327640201845,0.2030594048168869,0.6124649762796608,0.6109815560934917,6,1.718171676668876,0.0045374040324472785,0.0006249255869553059
28,0.9071603855706794,220,9,0.014940017453861672,0.8447853851620906,0.9920692428523589,0.9688904797327749,0.7430337350312435,6,4.9812617459599275,0.9284301299261571,0.0020589426141152285
29,0.9085828264889372,247,6,0.014792939362514424,0.8604761950561759,0.9683173295265838,0.9933421606399785,0.466053952803395,6,2.710714826585962,0.3428587961233151,0.0035058685205092413
30,0.9034304700121762,717,5,0.012840855507336824,0.6853850044994001,0.9568845410600747,0.8688661719481348,0.6329965960204176,6,2.683214104228644,8.889674197100431,0.00010253676564922808
33,0.9079445340623638,766,6,0.011506908304450727,0.9950860986075899,0.9799831989852873,0.2909832685755815,0.6861047726627671,7,4.958802903463273,0.0013545615695445253,0.008947637630701711
31,0.9078843748475849,791,9,0.012661165008086079,0.9787317496421789,0.9808797478581199,0.3043658857717175,0.7171391394192125,6,2.9256594856650926,0.0006815898909808532,0.006508223107228372
35,0.9079166084879114,740,6,0.011702408521365743,0.9983914242218425,0.9905011047057521,0.29091752244866376,0.6033778192239638,5,3.236693177512501,0.0011467290398733455,0.008368788052163739
34,0.9085961253770014,787,6,0.009210842533778697,0.9914380353715035,0.9347445826882343,0.31988296437506664,0.7056246100036746,7,4.8940441985016445,0.0007295831436863638,0.009843444331734756
32,0.907547047101804,796,6,0.011858218452784515,0.6891215895134188,0.9387414699555506,0.49441279814848943,0.7019201110572517,6,2.69981766745857,0.001085174797608492,9.581231042013874
36,0.9094044813493708,792,6,0.010938192788536668,0.964783271747991,0.8794226498577404,0.3000638449747279,0.6323532853775982,5,3.279961190064152,0.000901189838254074,0.008476722317257802
37,0.9088885263021288,721,6,0.010750435528702864,0.9640320044094133,0.8860223229231202,0.29445409128056144,0.418913671487429,5,3.247777134947868,0.0005614486409787693,0.7509937798973706
40,0.9078521925951135,378,7,0.011332995060242324,0.9981938805845769,0.8730255044897789,0.2796471111747288,0.5752314363943442,7,3.321180829242309,0.0005034158064606856,0.007291436483136832
38,0.9080664131319628,734,7,0.011270000593993289,0.9964075624117433,0.8902428224263235,0.4977089177646883,0.6885126857783769,7,4.12604435453784,0.0012893585083541023,0.32650714785491786
39,0.9085633272304428,759,7,0.010177671599222296,0.9987617843494799,0.8916690395161335,0.47418705197270017,0.42842435900865183,7,3.2906488450157947,0.0010342100054355193,8.822675247227997
41,0.908105274589332,809,7,0.012075417359764744,0.9936123839371269,0.8909220849143398,0.29106920717004664,0.6725812345716602,7,3.4062937949359915,0.0004988765191760741,0.005871061361251351
42,0.9090284834823622,802,7,0.01072030290490683,0.996989754757184,0.8957873610892808,0.2856245072057968,0.7052047764285326,7,3.239245767189303,0.0006791641925921023,0.006121163394627095
43,0.9087169442300075,996,7,0.010162620194803209,0.9194644726989026,0.89512264863657,0.43965657436838934,0.5842175079435435,7,3.3806921099728964,0.0009474915880805278,0.41918325913077265
47,0.9080981236195976,632,5,0.009130083463803833,0.9192608007856201,0.8847908526667773,0.4727884714842403,0.4482097237649284,5,3.999066272105067,0.00038877543993053054,0.034365403263134635
49,0.9063610538682163,644,5,0.0050938904522734455,0.9147995667581013,0.7974696843870304,0.3465982544990625,0.41411528778100637,5,2.2026094380122454,0.003092045561213046,0.022432814002168927
50,0.9074527037887261,653,5,0.0055729964223028405,0.910856939350705,0.8165979977305051,0.3494560513496729,0.4505412352038377,5,2.2029062802273764,0.0004031648215286974,0.02217683554166418
48,0.9080192290465565,646,5,0.005521568870442934,0.913003265953592,0.7880664102211886,0.465939313429804,0.425653711525503,5,2.0140337244984305,0.0036134239635945333,0.025886156761109707
44,0.9079698316345339,1000,7,0.009801467411430582,0.9101371165263967,0.8912250769024312,0.4840066101013929,0.5541886519570342,7,2.055205364821705,0.00036964553086437355,0.019092234337482257
45,0.9078201413208588,620,7,0.005223203295570936,0.9235096743659326,0.8856121518915437,0.48053844420699143,0.5600330640083008,7,2.1277736956570665,0.00040165710354550543,0.3225545637195468
51,0.9067405409401873,625,5,0.005642826859252557,0.9095367586830564,0.7982489848367187,0.3588070347275836,0.43367469256723085,5,3.183048221614801,0.003718002663375805,0.02275341634914689
52,0.9084744845083558,661,5,0.00934453028545286,0.9168236297068956,0.7999332700013478,0.3415788264951368,0.4263623945411889,5,2.106866168255866,0.002907473030483248,0.01945041777169399
46,0.9087773628166236,997,7,0.009829503321353905,0.9140845505599619,0.8859064795585522,0.46225742254350854,0.5665164522329222,5,2.119257441175287,0.00038448224989015697,0.3160357664451008
53,0.9085733790294007,658,5,0.009429522922877544,0.9143725601236597,0.7892266144314898,0.34315147263343054,0.5720068150134358,5,3.673195182891503,0.002769447946634032,0.01994924933649146
55,0.9071379824422598,867,5,0.006119103038834675,0.9043865508310431,0.7681822702890975,0.25144269590428986,0.5538254956830877,4,3.789557661943523,0.00028911725643292435,0.7963563188863777
54,0.9084669857203792,857,5,0.006019825483039704,0.9047805285113661,0.7784665096506842,0.34349196300081597,0.564625474679977,4,3.668550798201752,0.003344170773161634,0.8966312484113452
58,0.9055911265093586,869,6,0.006536603541895388,0.9512720576603315,0.9326639448492702,0.24806906047619653,0.26919742225014776,4,3.6182413335170285,0.007031406751866969,0.9330742346174276
56,0.9071813178357697,874,7,0.006206033708511485,0.9465699281632737,0.7698595956881628,0.25213336538883235,0.5616738409466169,4,3.754214359580313,0.004881420290200699,1.0922517472561615
60,0.9070067925926566,894,6,0.008945829531995794,0.7530004863102957,0.9446944196485524,0.24618601564920894,0.2821063785707288,4,3.6640544231468963,0.012082035580698024,1.048421343603439
61,0.9038113710863588,867,6,0.006667640183466185,0.7613559899200418,0.920954861356938,0.23860574342947505,0.21240705944457497,4,3.6908065216819823,0.006864506190689121,0.15298357694924813
59,0.9063121680542198,865,8,0.0063634622435883035,0.9537257012618052,0.9310279352735865,0.251943394170111,0.28979380998021764,4,3.7379268032549513,0.006978439265997118,0.7922312887862205
57,0.9085850249161161,860,7,0.006882972575364164,0.9529910481810956,0.9271033767335504,0.4069200526932133,0.5732622180611406,4,3.739689874629941,0.00024246226329363704,0.7153107842972793
62,0.9087874975507149,929,6,0.0068304863811110466,0.9517333316460742,0.9225440222541198,0.2474823784677133,0.6597071580765951,4,3.555975173292459,0.00010970042314588115,0.9122826266893546
64,0.9077929953062516,937,8,0.006790762447861945,0.9605408271963676,0.8432763104117699,0.42084155279589625,0.24059160806637714,3,4.605128811443701,0.006935332475015191,0.13274977990887427
63,0.9087732725409937,914,8,0.007152679716541013,0.9490244829554795,0.8400313396901499,0.4178680613335536,0.6613544900224876,4,3.7919153400284946,0.00010185272480436426,0.8500207499243588
69,0.9083740324639887,950,8,0.007871542523496719,0.9602482242989848,0.8421207582869824,0.423204622287135,0.6545059716793642,8,4.673189894886159,0.00012284562758297678,0.07860479818665493
65,0.9080359636232366,943,8,0.007665884039712338,0.9545062254055401,0.928444772427925,0.4165351536001761,0.24788077100643152,3,2.978665646271567,0.00011236723791700115,0.1373247456816746
66,0.9084931633475788,962,8,0.007525839533056885,0.9625640987665486,0.9246279806343893,0.417350809794766,0.6604490377107654,9,3.029909359181863,0.00023415459159687084,0.07108980805996405
70,0.9084097188208597,947,8,0.008170248129403989,0.9603913736599613,0.854754917655449,0.3987155287930644,0.6538342275491362,8,3.0569764419180405,0.00021170066838126155,0.004121374328567153
68,0.9081502908066094,924,8,0.007599736244133707,0.9651626831736028,0.8435735867279173,0.42399179665811004,0.6540800653495222,8,3.0409489829896055,0.00011226559022102725,0.11154744155035952
67,0.9084011505041423,943,8,0.00756058707967649,0.7954731936449408,0.8533996999695206,0.4186807388574962,0.7661814799405342,8,2.9974426390299005,0.00010751130758730148,0.09503912320170468
72,0.90837348513772,941,8,0.007747172335289963,0.9697835944813805,0.8446324784533119,0.43852706975823535,0.6602020740607406,3,4.699103302253931,0.0007052371304205324,2.0631568179478377
71,0.9087448017687638,931,8,0.0076639023841528365,0.882105550126703,0.8393984541320816,0.42684740071770594,0.7770008390458079,3,4.624451462471193,0.00011713051572054897,0.157439232018315
73,0.9086494170914425,930,6,0.007988300942119275,0.9689585257752846,0.8488967816495442,0.38330095712784673,0.6530072540670493,8,3.1098729576493764,0.00011717403105548159,2.1424444079519134
75,0.9086169063671925,921,7,0.018259474164507752,0.8830809532214576,0.8520815197023281,0.5328866367669185,0.607921262528826,2,3.061484540328842,0.0001470238332120815,2.181507667416061
77,0.9095041307625703,914,7,0.020676580105115035,0.8901510338552756,0.8549393801549394,0.3770641985336167,0.7740401306887907,3,3.486297570280815,0.00015683271706601608,2.1512543162397026
78,0.9078993684706257,912,7,0.013671789642211583,0.8115544045853451,0.8330472883614739,0.205431722284833,0.7696282694231703,3,3.9365456082253956,0.001855452611535471,3.047065285245234
76,0.908655285569305,917,7,0.018084927973843146,0.8118579218423013,0.8604359762165701,0.4456303586557986,0.7626983500574097,3,3.128689968201737,0.00188683042799081,2.2871307678231334
79,0.9087481308807928,820,7,0.01886370320793943,0.8097588699975875,0.8679315846734479,0.5426736265693588,0.7628997712437381,3,4.324168718234823,0.001961684503505718,2.880498586165018
80,0.9093043832806664,827,6,0.0142339979079643,0.8795069588156367,0.8293297831633759,0.539095766256172,0.5926286090438712,3,3.491280062119931,0.0007077401549357659,2.1912026086232625
81,0.9090787270455923,827,6,0.018296530065531176,0.9365397952620959,0.8181464727172179,0.5369141829484778,0.6097148088075798,2,3.480123489791919,0.0017468844357000685,0.43866773643293816
74,0.9076666613809138,942,8,0.0074006587143821126,0.7996398477836724,0.8387761010080942,0.4350983212989577,0.6489707079153184,2,3.0874591306458337,0.00010032924362638488,2.14604055365876
85,0.9086384207745833,830,9,0.025077709411130026,0.8177640664623678,0.8246809324002283,0.20355951474450054,0.8078599568295114,2,4.314989517823545,0.001910813157738667,3.6678306369153892
83,0.9082702594034606,985,9,0.020082310243403977,0.8838890247158532,0.740457856174057,0.20159530367312417,0.788011632901147,2,3.465199240556465,0.0017073355932421103,0.5391461619967907
86,0.9086872733689161,829,9,0.02899858793433365,0.8841004648062832,0.8148981574875869,0.37219883730832504,0.8039475285336465,3,4.256937849618407,0.00017519951117745945,0.6104629985724923
87,0.907500374918494,828,9,0.04090965091985762,0.885587929276609,0.7409176782872281,0.37539616710053386,0.8044396739355608,2,4.153935028615461,0.00017798830362150672,1.507515539978318
82,0.908456911268195,827,9,0.014090136522332408,0.8849373997144779,0.8179096509349556,0.5613224066356604,0.8318065961977296,3,3.4791663474091363,0.0018088091899210344,0.4756786903548041
84,0.908395903165577,822,9,0.010578585811726037,0.8249623331769813,0.7504669310789279,0.21056346295992862,0.8137914169354447,2,3.450286887553355,0.00016781454519497206,0.4949640149295744
88,0.9050414970614054,817,6,0.028626451801719025,0.43565490997081685,0.8225691712413592,0.5334191694028971,0.8080695455527702,2,3.471039176621786,0.0005638634180462665,5.233236112451768
91,0.908689938391739,831,6,0.024280674295771996,0.8917721008984134,0.7573760120560864,0.5783902256263969,0.8161559416266119,1,3.4971251568975816,0.0005650707142120918,5.784708205655664
92,0.9084839897032116,843,6,0.03123634110190418,0.8873875990530566,0.9087628425293618,0.6303487906960424,0.5277563332105982,1,3.526774789850619,0.0002923445210917325,1.321598291814156
90,0.9047815022603967,837,6,0.025386975310987686,0.4168659686117566,0.7537174093391068,0.6297665033913531,0.8095833280253166,1,3.4630960954344845,0.0005636476658600158,5.2656004789170465
96,0.9072758188852375,696,6,0.02461063190666607,0.8413711465624993,0.9098621993051672,0.635461285259394,0.5298444596479228,1,3.9167096318436494,0.0006227222246510001,0.24013697088605868
95,0.9082259497691926,703,6,0.025486887517930736,0.9304972254297081,0.9158561358797638,0.6524511002645186,0.6264155684519825,1,3.487974243206771,0.0005479833689586063,0.2243077715479292
89,0.9063537418173203,834,6,0.013375909821965156,0.404985367354214,0.7446960813190086,0.6433230092561566,0.8317995328689987,2,3.498508978260866,0.00030161643203554936,1.4837493972454725
98,0.9022374944917692,701,6,0.2820854749213916,0.942597048693398,0.9110320522541021,0.3175015486523473,0.5351316730202645,1,3.910405172493806,0.00028625583711266306,0.28700969589700975
93,0.9096403725096502,836,6,0.014035726479418075,0.9362979039519076,0.91171147563875,0.6221109874198621,0.7280164561022489,3,3.507398721270348,0.0005317251793665921,0.2457585018176139
94,0.909391428530075,763,6,0.013650146952785793,0.9324517989036369,0.9051681670446869,0.5759650852876466,0.6218679346078558,1,3.4494640038626274,0.0007791475981126423,1.4783130034209968
97,0.9091401318837378,696,6,0.01314338189758743,0.9359981173720545,0.9046979081383696,0.652561093006777,0.5232693589079173,1,3.9262241723879097,0.0005654942499718572,5.161690193542478
100,0.9086548575905701,698,7,0.012943573141106439,0.9371674542552357,0.875657605280492,0.31740049973953893,0.6242048954721671,4,3.891006998683473,0.0007762091462033324,0.23501680182392862
102,0.909365401645652,760,7,0.02041041286463694,0.9362517816447102,0.8715292210537188,0.5162657289186801,0.7306534849205991,4,4.440673612746698,0.000939045514163324,0.0007935726990552474
101,0.9098796556484618,766,7,0.01337204044471085,0.941671750663531,0.9046357969191441,0.31698721737932484,0.7275814902926238,4,3.9150968493819924,0.0008008142876866986,0.22954250075268204
105,0.9089022876048723,774,7,0.020829708462547745,0.9378930150047455,0.8774471984376029,0.5106907654121646,0.7335183351176645,4,3.2885380520804963,0.0009355945375595116,0.0007986124621350819
106,0.9093448753902283,764,4,0.01578140162887454,0.9345380230605655,0.9614355318578371,0.5058161327907122,0.72763299561384,4,3.2538882957036215,0.0008144385501902797,1.2144394295906344
104,0.9073541228020137,768,7,0.019093493166361813,0.9823653520238433,0.8684152151733899,0.3223512501380125,0.7297256251467628,4,1.1583904650093875,0.0008068483727076375,3.0820659279820806
109,0.9093701796519419,773,4,0.01646897032640681,0.9841203436916242,0.9481139163528721,0.27343003296008184,0.7107881815505678,2,3.2776585295328475,0.0008590420634646872,7.100067216464897
99,0.9086903468339669,708,6,0.012836235792047882,0.9291445761472988,0.9094842694608215,0.6718782196728816,0.6285908517464721,5,0.7997568962938053,0.0002854269273441741,0.22222451705815438
103,0.9062064071350913,761,7,0.01963260136843821,0.9370364981753451,0.872266167251587,0.32070735091608676,0.7304994652187891,4,0.0823716335294149,0.0008708153188469592,0.012811861299182069
107,0.9081879913241488,754,7,0.016705648649187426,0.9342597897480809,0.8719085134431338,0.5166288535930181,0.7238939513583882,5,1.142362847698509,0.0012973928243080828,0.0008113279732816898
108,0.9084681554782433,768,6,0.0154890088594815,0.9376543906012837,0.9656900323134349,0.6754799179156434,0.7300243864510451,1,3.265524665366436,0.0008417277968808301,0.00021347689671357553
111,0.908477922819577,768,6,0.01602497813595167,0.9834632540168224,0.9631984590090998,0.6622426333670217,0.7137322717287741,3,3.2665009778772927,0.0008607231021421952,0.000951044420636326
110,0.9081188599114766,788,6,0.01572043761184366,0.9330711513177204,0.9457867762602485,0.6892272179958807,0.7267334854554931,3,3.232032699255753,0.0009060140918625894,0.0009747493409772252
112,0.908207913848291,772,7,0.01634348273881141,0.9773542157643261,0.9666500458765765,0.5100834772257563,0.7288273384151199,3,3.32368767188345,0.0008342989351733502,0.0002508757750079345
113,0.9098056249815277,749,4,0.01626496719729205,0.8619012192024716,0.9686315190628983,0.6737182090307141,0.7158535599107643,3,2.834354474538106,0.0013717926796834032,0.014130999191729552
115,0.9075658002481699,754,4,0.015550644648936952,0.9792705626376599,0.967644145585977,0.6775659745459751,0.715257535019645,3,4.471001356135273,0.0013957758065396813,7.995293896020326
116,0.9095296595040713,754,4,0.01600496670380286,0.8645387521861225,0.9552839770460148,0.6028497006806415,0.6856890301821146,3,4.069497510904843,0.0004278939698916185,8.056157705729316
114,0.9089693315759702,792,4,0.014966092144808324,0.8686206847304564,0.9564755899488033,0.6742043956473117,0.7070998835963526,3,3.319822697119842,0.0014933188982352243,7.131837548215421
117,0.908906641585339,749,4,0.01646071057061385,0.8640913146210147,0.9592162777017188,0.6060001039609557,0.592021052412628,3,4.035057906794209,0.0013808367648321146,8.182480661853822
118,0.9094437972395782,679,4,0.014712088910418515,0.865375575174524,0.9970844036173925,0.5907938267066526,0.6939344387409496,1,4.435307443050713,0.001367529453474683,7.205463750368639
120,0.9089075271896487,793,3,0.014613640828923715,0.8638792086386685,0.9966788003619295,0.5930366623515274,0.6803967392230945,2,3.3774879798321344,0.0012004811206861763,4.125738761800977
119,0.9081978216080033,792,4,0.015523403299167375,0.8651629225239609,0.95746706225961,0.6043342113640063,0.6888591179334285,3,3.3630236054027876,0.0012627510431899719,8.163048451404345
121,0.9093705544184008,738,3,0.014541704414746209,0.8607101104061329,0.998378996646394,0.5975248554002639,0.6884619541091689,2,3.3630211685981113,0.0015459679881577664,4.698433179793903
123,0.9093937395392266,741,4,0.021917401081341166,0.8513073306104819,0.9912447863487608,0.5955413093081084,0.6820223850472391,2,4.09145475308269,0.0013799822989643913,8.476215413548926
124,0.9085765142967095,677,3,0.021748192645228093,0.8692014335245326,0.9866947311262189,0.6057908855946483,0.6808615832754039,2,2.835043104307012,0.0011800920803778745,4.585453762545932
126,0.9088594000306746,732,3,0.021993259951901243,0.8594445354609866,0.9800558334477433,0.5971373850235041,0.678456129230697,2,4.086409691046403,0.0025405405888517378,9.833175683936659
125,0.9092613395664471,737,3,0.0145715563086775,0.8689372029521725,0.9907299572112933,0.5918210198199211,0.6799690463146659,3,4.043145862252296,0.00047812268025526676,4.184134921546881
122,0.9086191565623143,735,4,0.014809232658927227,0.8563906401078478,0.9957246178190191,0.5906950941474548,0.6869475715575261,2,4.463328628576985,0.002442184163475614,7.322199890845
128,0.9092769788824497,603,3,0.02241032605534043,0.8488909486155796,0.997637739133038,0.5843066634013702,0.6790379198953429,2,2.8637895608934834,0.002356421851358773,3.8768809452653805
129,0.9087474591138156,727,4,0.02143734858016132,0.8340254326669572,0.9835279582607266,0.5624088823531289,0.7488367452239715,4,2.520331730175704,0.00042553992369536716,9.93166245041637
134,0.9095006221731359,599,4,0.01734314167022853,0.830695035150405,0.9451321945537158,0.5646244014334005,0.7525960175829832,1,4.458158944328968,0.0023674188811273187,0.047972477094024385
132,0.909043806185322,732,3,0.02121026029425348,0.8325969701352475,0.9821511896218269,0.5718944232887342,0.7447794589976496,2,2.879338855282562,0.0025364048261577437,9.770626907734345
127,0.9096792342710897,678,4,0.011922395647165239,0.8442244387226331,0.9932384462408446,0.7113828861573303,0.7535514716509942,2,2.820112128077829,0.002515014326492647,4.729798687590953
133,0.9098648049383911,730,4,0.011886982982748462,0.8432660873450061,0.9857008984624454,0.5676904472316407,0.6998589442225195,2,4.440332505347578,0.002400988894554787,0.0515915975394532
136,0.9088351256545566,672,4,0.011606263885191948,0.8345783210601323,0.9438466502684545,0.273352332870142,0.7498901343655053,1,2.9432461294708325,0.00042839356830676965,0.045289886503503254
131,0.910020484445778,679,4,0.011929552790752437,0.8444699048405024,0.9829742030909323,0.5607789871245978,0.7506965538104748,2,2.8147549428264043,0.0010835020289797985,0.0448305733708982
135,0.9085557890273733,673,4,0.012089143288411102,0.8377614760891311,0.9424513581251664,0.5642093766281138,0.7536040461390703,2,4.213101795828566,0.0023343461814012314,7.08898057879555
130,0.9091254871051756,733,4,0.011628833569243926,0.8449181023302488,0.9858674558020317,0.7238418659643324,0.7499045089668088,1,4.06854774844022,0.0026002531037127674,4.207802460392298
137,0.9092641630858352,678,4,0.011942785585251098,0.8383802360085025,0.9422679269607505,0.5638679339121505,0.7544568870748017,1,4.786537971960941,0.0004011275137973672,0.05221125381203308
138,0.9088324940034326,677,4,0.011763755247928966,0.7804004327727097,0.943318813471586,0.2731324824261094,0.7496924118666356,1,4.245655251850739,0.0686154802037258,2.8069474035236195
139,0.9087544687669482,520,4,0.017686870815936822,0.9021125020731185,0.936247691978115,0.7290153139035019,0.7529142631784793,1,4.188316853401135,0.005285236007035407,0.05147448947569654
140,0.9087608553043275,669,4,0.012107162302983853,0.8987042644419218,0.9482809808305122,0.6191938809957033,0.7528115114587247,1,4.299518385982529,0.00466489877573497,0.059893659537653146
143,0.9097243366922545,599,4,0.01749277003789041,0.7801349759761494,0.9365933668581046,0.6201621831095037,0.703434298303046,1,4.783166986446903,0.004024043284590947,0.013823341224771548
148,0.9055006984035223,587,5,0.1767876610366107,0.8969711996423415,0.9705933501719327,0.7625545626062964,0.700545875593492,1,2.3831212481742217,0.0047383524218281795,0.012885115627683647
146,0.9085386327814137,535,4,0.017684734924968613,0.789279892998019,0.9741613383912807,0.6230895981452015,0.6996174319950202,1,2.582652390953818,0.003583767283696566,0.05630380796120468
142,0.9087451243111747,674,4,0.011862524227797258,0.7791403169850698,0.9451428596235693,0.714831878691465,0.7526675960505981,1,4.8356854557627456,0.004510680337642414,0.06137802334605829
144,0.9094707143653806,572,4,0.012457360916334639,0.7593435132869885,0.9362799469066861,0.7938868290284817,0.6975173241827869,1,4.217835806142709,0.0010890861997175007,0.011902240364930936
141,0.9084864345792466,597,4,0.01194072834094507,0.7713631249541676,0.9391991223852674,0.7718408025850506,0.7503992417868838,1,4.25276538742261,0.0052434453323401365,6.560612886560816
145,0.9094827294692747,561,4,0.012184793010202642,0.7961440800503835,0.9786927529368254,0.7181903560804724,0.7888565998631732,1,2.6181388234630165,0.0055225812146893925,0.01332012847556813
147,0.9103863087337339,623,4,0.01061410055557375,0.7614465362351371,0.9294625707787479,0.7121672311641921,0.7728399471597568,1,2.740904994245618,0.004573314715123641,0.013970382287470322
149,0.9092924704963774,581,4,0.010564940620752887,0.8020596861668952,0.9728545106055584,0.6196843418002695,0.6975356527898515,2,2.6109567927020447,0.0038404010907021986,0.029178878674565114
153,0.9086211003307432,638,4,0.01061893404709954,0.8023110821305875,0.44183556492768705,0.5560952143602881,0.7808422871026254,2,4.533674997330611,0.0016038851233755838,0.035295390924635954
150,0.9098726420424172,716,4,0.01049986609687902,0.7381474979315986,0.9696468847023721,0.6138481512908859,0.6964532764754845,2,3.6091876116681556,0.0015443293490252834,0.035718908516735044
152,0.9095095048223701,587,4,0.010475628015937885,0.7549713326017236,0.974707920698506,0.6200243863553345,0.7792100450555884,2,2.605425935777119,0.0037807907211307623,0.03035261846404617
154,0.9092794854847248,644,4,0.010556988035283921,0.821537510024401,0.9216722511465734,0.6948225271215376,0.7734402619381066,2,4.54394079771387,0.0035787405379232363,0.029951757120683514
151,0.9094389923230801,601,5,0.010583505695589992,0.7974898568545171,0.999892271569476,0.7035043301638579,0.783110608159536,1,4.580936479358973,0.00410875119201992,0.012579282438151674
155,0.9095174374044233,564,4,0.010712674422165974,0.7073866964544546,0.9229246549842686,0.8320274628804794,0.7832650171849628,1,4.566933233703181,0.012426574271142991,0.014759034492150913
156,0.9095402908607337,547,4,0.010701709680969538,0.7022868360499763,0.89795871353287,0.835027108936749,0.7828333872618678,1,4.529578890596046,0.00333319779615886,0.015597673918724436
157,0.9099492753217762,560,4,0.009666917498071104,0.7331497870087326,0.9759736229116897,0.8699978108801244,0.7836657650350578,2,4.522281761722764,0.008463996790589165,0.030878506023793356
158,0.9094854296121999,564,4,0.010295476033172242,0.8097359019717387,0.9208697648770363,0.7012137842346161,0.7824983513090824,1,2.763581485240602,0.013726578104297251,0.030497938968859488
160,0.9097192499787454,561,4,0.009240960829667308,0.7497280250255093,0.9229713174652977,0.6978592922345725,0.7906243073647077,1,4.727520238187159,0.011174484698058594,0.015753054248883982
161,0.9094672656777657,558,4,0.009534869797231773,0.7396512540626766,0.9281151253913719,0.866458874207225,0.7911952661015575,1,2.7605672990228247,0.009868772813440351,0.01655224666428479
162,0.9092710951250622,561,4,0.008657763879492391,0.743160268574116,0.9233098310247375,0.8082196733991807,0.79120985516668,1,2.6761510206647636,0.010522865056594772,0.016352460315006197
159,0.9090572230526041,562,5,0.009099321096837578,0.7383674427889713,0.9232027375005825,0.8587414869387286,0.8331424278528843,1,2.779880264695296,0.012079249909051005,0.013037165797373358
163,0.9091157941850112,564,4,0.008690863074926305,0.7406252826641079,0.9208875468650279,0.8232750626237502,0.863586995454169,1,2.72303586647408,0.003024570166715405,0.011844556590556438
164,0.9094282264153767,562,4,0.00890077801658204,0.7318387175602383,0.9208623129439689,0.825220890960995,0.7924391842963459,1,2.752162265173598,0.010835552123045256,0.018050713492289247
165,0.9093575776926597,566,4,0.008583785411749865,0.7386239743130015,0.9247959106879526,0.817513905640342,0.8417035209974929,1,2.759414004334922,0.009323402005510822,0.016024053416796975
167,0.9093760485859097,548,4,0.008619681588970541,0.730437780200374,0.9001517868909878,0.8398180688886769,0.7947694917003925,2,4.747436834419371,0.014836610450111757,0.016939160824882785
166,0.9094893705893865,560,4,0.008936176401594309,0.7247375804080073,0.895093373598172,0.8792309114540144,0.8706981763751811,1,2.7203201010500617,0.013093746037507957,0.01849991978570623
168,0.9099639585652122,541,4,0.009431477102277546,0.725887323698986,0.8979758611364684,0.8574127177593271,0.8658564362432815,2,4.756458136327398,0.014980255402929757,0.018000679921896773
169,0.9094223643990047,485,4,0.00848709081042134,0.699960139884038,0.8971118848963654,0.8374565761622002,0.8335041720198102,2,4.647780694512736,0.010281566480315947,0.017118171006863445
170,0.9096025712688738,550,4,0.009377793160464908,0.730244424587215,0.8977659640242661,0.8447461895825912,0.8234930436132333,2,4.704054546689148,0.016477754995237327,0.039103630290020015
171,0.9094269702255726,498,4,0.00979412300035566,0.7179195602200628,0.8994692980398538,0.8427053896435271,0.9199402846503352,2,4.821809045291341,0.00831812831258761,0.043383577073226945
173,0.9095290472588259,535,4,0.013406627891726105,0.7106892480024568,0.8949222078582161,0.8902182404941162,0.7706352705334496,2,4.74577697353812,0.006646277832520888,0.03912432421056628
175,0.9101811024324761,510,4,0.013237204227713005,0.7158969686383024,0.9602565936087943,0.7439224476626566,0.7692308199792566,2,4.768191029500016,0.014884028557719592,0.042686854761189816
172,0.9085693042613485,481,4,0.00891522009198061,0.7118763112143806,0.8999774013643927,0.8338687536489694,0.8263294653646124,2,4.740638281716877,0.018009182382121784,0.03860805046362862
174,0.9092238639848004,512,4,0.009765528194075617,0.7087327803828254,0.905022424356905,0.9097237921583672,0.7690984633263203,2,4.687057250976677,0.017071736486425584,0.0052040866837270135
176,0.9089429280246495,494,4,0.009566145147334257,0.70882831519267,0.8982637746579158,0.9130138856785498,0.7764232019326501,2,4.865717396422363,0.017850423360627768,0.02423513217003607
178,0.9095552875244761,497,4,0.009880971856660994,0.7002975833152492,0.9585685540352297,0.9327258048766174,0.7710764595944096,2,4.9907765322113145,0.008109780682252292,0.023635358667868596
177,0.9100383306269064,619,4,0.009797155237801974,0.7067101434994265,0.9625994240692202,0.8930350682172186,0.7716014450657275,2,4.8632916622339,0.019782698013497184,0.009045685226658638
179,0.9095553113179653,496,4,0.009841647322156857,0.6610448998796955,0.961296419882287,0.8827443749146525,0.8226370914024366,2,4.946082202237253,0.029146642540751336,0.0049854429641734135
181,0.9090955115657946,617,4,0.009818001154287548,0.6542109425351007,0.9692898976417094,0.6526242663687847,0.8203472127672411,2,4.950854170463164,0.027062044034856035,0.02374564150454112
180,0.9097957173878379,492,4,0.010190448999623083,0.6480316872125639,0.9611831465834204,0.8504891290078598,0.9034345813118598,2,4.706557169728942,0.01792311977341876,0.022300534644305245
182,0.9098890733091236,533,4,0.013499954983160794,0.6647503395947769,0.9664157022224639,0.9268437490224462,0.8500650738264826,2,4.885273748651471,0.021785185075399442,0.025194411371843303
183,0.909212495105991,536,4,0.013632611659470797,0.6503549403194285,0.9627008893644825,0.9019715023269074,0.8934780080045417,2,4.706831324270882,0.021212507098402618,0.024748860016892145
184,0.9085822929218429,527,4,0.013247411069509276,0.6624863193354724,0.9608184081498219,0.9221612820579579,0.8539021488778449,2,4.981083220499957,0.02303579529318788,0.023866024287170214
186,0.9087386988528163,538,4,0.013657930949989077,0.6714114371791423,0.9600609280004724,0.9479022443845506,0.8867950211391684,2,4.979790206860107,0.02951124772869843,0.0076935582437340465
185,0.9103935129157443,535,4,0.013312512613414169,0.6552866441688726,0.9580150679090552,0.9309073213716288,0.9079497632717,2,4.975827398615638,0.018926111841572425,0.0227285410106921
187,0.9091699059766448,456,4,0.013243880641045725,0.6654162723069942,0.9582198217041473,0.9388819559478306,0.818845549340908,2,4.766391464115354,0.03499936978346706,0.0897587790801189
188,0.9099752990134627,611,5,0.013259993812142516,0.649108933067684,0.9639699937916297,0.7483770300695175,0.9064469412706444,2,4.845168512650852,0.030913611888055494,0.009209386122497476
189,0.9084244055611025,615,5,0.013219597345153402,0.6541056069849066,0.963976424291163,0.9281345735343026,0.8112812361533283,2,4.987153380649735,0.02860568606574599,0.008304187998741249
191,0.9101086278445306,468,4,0.010920128418774247,0.658950173283786,0.9557231729001253,0.7454518188484732,0.8878868596771082,2,4.98525008328076,0.03572232378487485,0.008925791412138602
192,0.9095598961636929,414,4,0.013000662491405012,0.6576012842359389,0.9607578521053397,0.9239971865060398,0.8866751310666058,2,4.958036997785375,0.045729656606891884,0.009140504749752067
194,0.9092085848398895,460,4,0.011407853825571768,0.6704458284874493,0.9568924731826837,0.7470768729407722,0.884519145843763,2,4.903323690224317,0.018356868929024574,0.009012828676020204
195,0.9085725678462602,416,3,0.011102793103311758,0.6195071617180686,0.952513380473382,0.8856226120724493,0.9204832535938986,2,4.878425794541039,0.03618357112228149,0.004748330423407491
190,0.9091466842153657,445,4,0.011107245289415696,0.6777602880732472,0.9611660884136798,0.9371156571481957,0.8849399313586785,2,4.967296074262821,0.024276302892734473,0.00918372807059144
193,0.909869859952587,446,4,0.01118680043167872,0.6713128581655505,0.9565958657516191,0.9421401813208744,0.9041557979224771,2,4.9897338712103405,0.04343552759101514,0.010276519665104842
197,0.907820063098813,437,3,0.011038232133485815,0.6229348273396947,0.9772205001406717,0.8880428187071078,0.9395830879650964,2,4.881532952527399,0.04419249852692599,0.009444645354947745
199,0.9086978388943912,514,5,0.011431044907158577,0.6277682412357205,0.300680851365477,0.859025680317326,0.9253747033497266,2,4.8884039266557915,0.04660457452958013,0.010057853849894379
196,0.9095351180953728,449,5,0.011448754737701981,0.6211889546643103,0.9822356730708108,0.7404078840090157,0.9503065942508848,2,4.879327931756893,0.03424695456506889,0.0043331942531353
198,0.9093262143011002,443,5,0.011522085109444984,0.5975047347005291,0.983057338343259,0.7517462901783085,0.9317830167850101,2,4.8583972175277506,0.04532143499992693,0.009591753311927388
201,0.9089274351944413,436,5,0.011262228676409124,0.6250030678754979,0.9791127538738962,0.7481304051617168,0.9460927602917836,2,4.849178892313651,0.042105736172279945,0.01052832055966511
202,0.9089852830199809,444,5,0.011189906249028691,0.6119028739149757,0.9850245113959984,0.7443733085404317,0.9057492702015458,2,4.824076985383262,0.040629735074234535,0.011080605936447233
200,0.9090848990614815,474,5,0.011458175819957794,0.6179658359022554,0.9781908380898502,0.7802191698197363,0.9334675030598797,2,4.852524205105372,0.07154067624412389,0.009365434695148587
204,0.9100658916212497,522,5,0.011332982289596182,0.6372388278597084,0.980967329616793,0.7370387906250948,0.9074597860931646,2,4.785885376096925,0.05357576238502441,0.010248843880652435
203,0.9099564313846855,514,5,0.011183865059432719,0.6861612415974347,0.9804247277968726,0.7382887925205461,0.9482127315580875,2,4.839056790458731,0.024133029067735675,0.010391835414804013
205,0.909150349248892,443,5,0.012667891197493338,0.6250157070807364,0.9813927636167461,0.9636440150595288,0.9690782877017827,2,4.837263304763137,0.05902354154808013,0.010457346280426055
207,0.9088299947748586,634,4,0.012495241127492028,0.6375413577486965,0.976396269974133,0.7485545171660444,0.9080507007837876,2,4.63172816527857,0.06287355011846235,0.0059584859344949375
206,0.9102912816429081,513,5,0.012410463024523644,0.6248502379642853,0.980717015344177,0.9581473080635089,0.9561564305096338,2,4.804000790925585,0.01924799898272102,0.003642444652044372
208,0.9092554239577115,621,4,0.012439064841879045,0.6862674813287339,0.9389052626809621,0.958075092217135,0.9117579273052647,2,4.799248454218593,0.06360567528994844,0.07683064595701708
209,0.9091730604003729,651,4,0.012490374034883109,0.6882658051246562,0.9397133007391876,0.9637795081081655,0.9446020791047021,3,4.617833876292064,0.11851551168455209,0.006209733107452186
210,0.9094741400196817,620,4,0.01433880915063317,0.6927036659148246,0.9376471834815302,0.9489569358697526,0.9087303812269671,2,4.643210701179451,0.08090829242186219,0.006615876726596946
211,0.9090130043353104,623,4,0.014125654896897016,0.6894093679871399,0.9359604787816025,0.953742425821182,0.9651547360748451,2,4.6587775853014675,0.062034776291084316,0.006230971883009261
213,0.9105055550119456,510,4,0.012755182291311324,0.688858427181089,0.9385691430078252,0.9485608260831128,0.9037762450832363,2,4.624186185758281,0.022819039314228996,0.00670989761966714
215,0.9100859388141531,518,4,0.012340921340100551,0.6367838420348384,0.9373661736126211,0.7145811191807785,0.8993759214637914,2,4.647726886502503,0.11389831512161917,0.020890336375383588
212,0.9092270598380863,631,4,0.012340730581857008,0.6814541371803607,0.9375199947961599,0.9681992931986154,0.899297271832878,2,4.638591156390309,0.018965179134749422,0.006577223645608233
214,0.9097618736200538,508,4,0.012615410489794796,0.68850563402676,0.9379912564774837,0.962741010629262,0.9739395418981577,2,4.680033277166226,0.07705505582881926,0.006189851988127328
216,0.9092511694081834,514,4,0.01014283061150167,0.6860187838825271,0.940528318605051,0.7242851415141833,0.9650659474062104,2,4.641770749321024,0.020651176489518933,0.007052741924078575
217,0.9098398160734401,515,5,0.014227183657925439,0.6836294342943159,0.938293691707972,0.9472737195564238,0.906828148469961,2,4.633743024750746,0.10969915737796522,0.00716287886136711
218,0.9091652750642896,519,5,0.01020126502674094,0.688026731077543,0.9381969313956051,0.9974103507220029,0.966711912337923,2,4.679301294012049,0.020961895251139288,0.0070714216296338
219,0.9097540907165316,508,5,0.010021548769085791,0.6837169978169865,0.9452347358107838,0.7271789881275412,0.9658916685508455,2,4.69377465668401,0.01989110018986109,0.0036141565424980065
224,0.9097550818331829,514,5,0.010105258183562218,0.6469392446642833,0.9513930614920474,0.7297499029563653,0.8660602898623614,2,4.784525677981075,0.022711734826902617,0.020378341649504687
223,0.9088322529518218,509,5,0.012689061728087732,0.5676911991233767,0.999950243732929,0.9821845393562673,0.8612176548887414,2,4.416563069567168,0.019662097068440982,0.020845630226325997
220,0.909348453307657,511,5,0.010315903049180796,0.6458209215061567,0.9978351331006695,0.995886421138819,0.8942680808708402,2,4.7327850703645735,0.02112152785982325,0.002468606435489661
227,0.9093558409960025,483,5,0.014206810097943076,0.5854769644162542,0.9516673511897574,0.7641506170740205,0.8648655926312235,2,4.3986458950792615,0.1806640841997211,0.02183764514120667
221,0.9105706523259481,514,5,0.010233276603418738,0.5736672789491555,0.991189582529555,0.9798724536958274,0.9814009985695276,2,4.751587603194849,0.015082183750829035,0.0031647101520715236
222,0.9090911293068039,508,5,0.010135802398913216,0.6420571666683168,0.9991046499518305,0.995118524904082,0.9730782640225946,2,4.779455721427995,0.021865000523987838,0.019733917930043116
225,0.9099714522220047,503,5,0.01021271607341732,0.5610992160488352,0.9525007816941655,0.9977179332612134,0.9764521640002999,2,4.530743813358053,0.099533876317311,0.030842850127352165
226,0.9093107584154151,474,5,0.010175099840542275,0.5570751327923549,0.9975524422952337,0.9784614924119913,0.9953332854494947,2,4.47556005583302,0.20889716017790058,0.0039366866382254005
229,0.9094564809937304,477,5,0.014600008355291834,0.6416280147464613,0.9684341607155443,0.8983894320769233,0.8592368615818023,2,4.421172476037917,0.24916539882801844,0.0032069420537367945
232,0.9100151317469061,490,4,0.014229310118539245,0.5981894208983166,0.9727644150248822,0.7648755795164188,0.8791888363256163,2,4.517820979620186,0.1765745157439726,0.03319604160961965
228,0.9090756142034572,475,5,0.013801788911161494,0.6340704303991256,0.9734678939311987,0.978522011933861,0.8579301484881713,2,4.475535819586503,0.024228212775406176,0.02997917669255117
231,0.91020528216676,485,4,0.014743263505873041,0.6407039370717251,0.9721613941481775,0.9797511049646166,0.8778171425321499,2,4.516618215660569,0.13954705273921741,0.0027887116539084497
230,0.9088029129190527,488,5,0.014100341405206593,0.5688111306541371,0.9691036586116855,0.9054199846435955,0.9848697690698326,2,4.376561312338223,0.1629904824207383,0.00300101805941855
233,0.9102180996357605,479,4,0.013515171317352286,0.6402389630568918,0.9719777073428932,0.9084769373569674,0.9965892281106843,2,4.541180486628881,0.14841045532622957,0.029913623828125048
234,0.9092238420917497,477,5,0.014912193696834197,0.640424653733575,0.9732837632095216,0.9424615021094019,0.9177716880833762,2,4.782402085093765,0.30881105278819493,0.0037616599203548116
235,0.908525480531179,535,5,0.013787925659702485,0.636892837253333,0.9747954795572832,0.9172007860383311,0.9846328848934368,2,4.547451657372586,0.09412375772829933,0.003002000735755565
236,0.9089150225188272,473,5,0.013753512891135989,0.5938094076568644,0.9724652039617517,0.9812575199087029,0.9825301457187601,2,4.5662152442088315,0.09445131194301126,0.03658314179460241
237,0.9079633929491241,531,5,0.01365020053336624,0.5143335909060658,0.9736601680647056,0.9112944335332345,0.9527079135485855,2,4.568842220267286,0.09273050307825174,0.03260214304803764
239,0.9093718208705722,531,5,0.013689065717785184,0.5440812043155266,0.9776124089339523,0.7790075033691172,0.8780783063893979,2,4.530951118791152,0.14079914981881236,0.0296914481146049
240,0.9091470863481381,536,5,0.01278565383916882,0.5363891159718109,0.9742409493873744,0.7922997607468496,0.9179964246066682,2,4.565644990544389,0.10150803987469804,0.0026976480838691963
241,0.9082774864667499,541,5,0.013084032328291962,0.6021758294461173,0.9774682784015886,0.799511549005047,0.9107591916468714,2,4.5435960915009765,0.10801123598294854,0.002120300395025096
238,0.9087030354532415,538,5,0.013740037262620913,0.5980273915012544,0.9722601857823904,0.9430052495059706,0.9499726848116138,2,4.577708813081035,0.12164803352333567,0.0309978529785873
242,0.9078878929392115,533,4,0.013002524048653664,0.5287245479225452,0.9800901609657162,0.9417917296260735,0.8783145444088559,2,4.590616289142742,0.10094647229292014,0.0017616098659545675
243,0.9094264723107033,537,4,0.012293996100895491,0.5525019460414606,0.9835298925920392,0.7987887992213784,0.9959816835385941,2,4.54098850913209,0.1369638131742738,0.03547550234638391
244,0.9096525046045343,539,4,0.01250925309207043,0.5835497527965725,0.9842475615944861,0.7872953828727083,0.9928160269144357,2,4.5259689942759405,0.09386957799340734,0.001692394553140425
246,0.9082067987470364,535,4,0.012607617542492885,0.5475112583131803,0.9839422123468902,0.7775687315372604,0.8786042635987911,2,4.996026100729151,0.01501211883722587,0.03263751700891314
245,0.909622034951161,534,4,0.012326964475134199,0.5932374643085283,0.9837922980741564,0.7667038299003546,0.8777802137677417,2,4.326282459707084,0.13578815295113902,0.001540714716947205
247,0.9097269336793815,537,4,0.011885682467742945,0.596164818794884,0.951727861759648,0.734762222394929,0.8795436859325643,2,4.52550846968003,0.12845931193761798,0.04309911928850264
248,0.9093688027462885,494,4,0.012273078047741613,0.6068512061407578,0.9529922229873395,0.7599077069658036,0.8822217354473014,2,4.33064703273387,0.15142779631509168,0.04574762824408896
253,0.9089055043629809,490,4,0.010997004706187558,0.5808671888918527,0.6318128006913538,0.7664148033514349,0.8943650518473644,2,4.889148386462314,0.1510297738654074,0.052048220072769484
249,0.910186890179714,463,4,0.011199956900405055,0.6054262994532853,0.9541510939502001,0.7641408106138394,0.9958271142895057,2,4.326449061668208,0.014370545686643678,0.04398474131379342
252,0.9099294580819229,513,4,0.011605156810592928,0.6733436319479633,0.951719635223409,0.7632449244873499,0.9962880464990552,2,4.910282379581796,0.14987165366128408,0.04050124292954157
251,0.9096407063026566,494,4,0.011622350863147597,0.664897084838476,0.9518153292173798,0.949258275815378,0.8808838755117652,2,4.9931714345392235,0.014729814750897957,0.044264052788472764
250,0.9090375003025498,525,4,0.011161742491731066,0.6705188098168898,0.9527689641962758,0.9440519012252832,0.8769784446982222,2,1.9102176573330885,0.24270472921802222,0.052411318390707
254,0.9092012537085916,501,4,0.011185107759622405,0.6080039465144528,0.9529106461857098,0.9319167611328332,0.8958729357707156,2,4.342919975340992,0.014221911891360175,0.046459559051397856
255,0.9083476904868734,497,4,0.011203482647284711,0.6621624932829756,0.9524551908965642,0.921423761894788,0.8929834114022845,2,4.363730394093634,2.5245409396208665,0.06444652041307376
256,0.9094348835751888,496,4,0.011130186126447181,0.6678771912585836,0.9517968382793983,0.9827687253927367,0.8903422301402343,2,4.889027076328689,0.031831440979594436,0.04495683373316181
257,0.9095504379856838,491,4,0.011323202886693648,0.6721089643225936,0.9536061797783786,0.9284410057802439,0.9335118421979111,2,4.904000615011921,0.19629593651287136,0.026600971151426442
258,0.9096094026608814,460,4,0.011094805806326399,0.6732837622623495,0.9557202212552296,0.9256468002344646,0.9381581641472869,2,1.8447370636681293,0.2072432442877145,0.06491129048288102
260,0.909489037632573,466,4,0.011120314182881673,0.6650909000578159,0.9539755441038841,0.7098807832193373,0.933075258301816,2,4.796925972062124,0.028562743264976497,0.06426698169913689
261,0.9094057849741182,423,4,0.011105819076281852,0.6652132489120895,0.9554289819684841,0.7124912973540379,0.9978126931224196,2,4.89332172700905,0.19272066054294704,0.06601788282511047
266,0.907473206022608,458,4,0.05274259099261226,0.711219319443476,0.9238630081219749,0.7536908121773666,0.9305163015501265,3,4.7744415965829194,0.19188435744327315,0.02782710261456147
267,0.9068035423746685,578,4,0.06695408177225151,0.717065201590286,0.9165989208900753,0.7183177979381753,0.9962256670819528,3,4.8192822854966115,0.027242684718954736,0.012844213351683342
262,0.9095322200027803,464,4,0.010825366591363546,0.7204741936782246,0.9588374043349804,0.7406816273103327,0.997227654369289,2,4.796256620143997,0.02837611772352088,0.026844248932267722
263,0.9096336610733167,458,4,0.010940584774767519,0.6680707959362053,0.9551102934370169,0.7130065033027256,0.9370818124665444,2,4.800862041167708,0.029673637467450872,0.026309395979697153
259,0.9098158906178183,714,4,0.011065714187014977,0.6746867546600643,0.9538008361040833,0.9249401705865239,0.9329539490813231,2,4.844438732881951,0.029610310275809223,0.06472694900437172
265,0.9087208214284803,462,4,0.009433273821374644,0.7238984502179657,0.9223532893016788,0.7418656698536359,0.9336524848864828,3,4.841006059118417,0.19680965551841423,0.025840157273324775
264,0.9094496835815621,471,4,0.009342776837695698,0.6580425258889518,0.9238404363680333,0.7173202398945498,0.9996376320588716,2,4.800549792911971,0.0305185450340076,0.06832852418872583
272,0.9069875026864598,517,4,0.008361102346344611,0.7231981699115455,0.22492355829919292,0.9659060149793256,0.9588436085150351,2,4.735853534034444,0.034033626020725155,0.018634324098428804
268,0.9082411620946882,417,4,0.009372594720265897,0.7223402303041405,0.9139366811025262,0.712421057391789,0.9578158168002219,3,4.788152879415527,0.026223079568918953,0.027782695905047988
269,0.9091539960382093,418,4,0.009366968158793185,0.7270661061085052,0.9189667739900107,0.7345622379615656,0.9999937499327588,3,4.743420494052577,0.03565258825499236,0.012205269569244028
270,0.9087748191177903,468,4,0.009271700687685649,0.7240334812512702,0.916021660683507,0.7511076469959527,0.9558576753824601,3,4.765935882437653,0.4430591461980723,0.026316535738990746
273,0.9096882764051173,394,4,0.015278311073366994,0.6307509940547943,0.9295842241516835,0.8674109802778566,0.8454548240512294,2,4.706265549750794,0.014749881261057163,0.014829643368054443
271,0.9091698611262977,463,4,0.009279275755022704,0.7182496464762441,0.9268181018534748,0.8694220388909625,0.9997066709184851,3,4.746716064974541,0.0267933211164423,0.013473831183604321
275,0.9097966350715483,518,4,0.009465948621404633,0.6307605414556686,0.9330043204647108,0.8718426922267868,0.9556943540153657,2,4.720708872720555,0.015451379876520134,0.017898244806489164
277,0.9040889963307247,169,10,0.008012072996345302,0.7673430792775149,0.9994956600110425,0.8683697576783721,0.9557376608031336,2,4.705070972560549,0.049393266327374556,0.018543825071171142
280,0.9094736923524046,516,3,0.015307466614705311,0.627612677802539,0.3835092074357206,0.9017844593985661,0.9782279127165597,2,3.8282168092012037,0.05567869094716526,0.005178500393756001
274,0.908761475911502,515,4,0.009359848338230553,0.7656946574264282,0.9964747357615035,0.9705882960477179,0.8442140984930784,2,4.740480359167273,0.051480828333536836,0.017876615381980186
276,0.9094000528717177,516,4,0.009283140400297726,0.7638511254907059,0.9306435926112615,0.9744942385164651,0.843332558009775,2,4.698059380911038,0.014579837349127702,0.018259018383286654
278,0.9083877520331043,518,4,0.015188401046420281,0.7663911802123831,0.9989231327386817,0.8954497709842539,0.8439217059392069,2,4.994171723853753,0.054360090122108844,0.012364163056278372
283,0.9095534032777788,327,3,0.015023796241359773,0.7588984933244749,0.9997420441831886,0.766486565373099,0.8496217063118897,2,4.971514372943553,0.049654699061450064,0.00765940127644137
281,0.9090062701697332,513,3,0.015231371725777109,0.6247936713389857,0.9358401920768642,0.9027954820043004,0.9676872347516354,2,4.935473175597074,0.05338298407302625,0.03703230937034611
290,0.9057958228849762,578,4,0.1195366241402237,0.6992216344080092,0.9679893318903653,0.6915773278184221,0.9786771706271047,2,4.917265967679988,0.0084105913966607,0.03902349519335571
282,0.9078987277188038,513,3,0.008086579504349812,0.6133628651469931,0.9989156865403255,0.8992906502785287,0.9851965240367161,2,4.931541173933225,0.012425295495390475,0.007938344361930385
279,0.9096884932071336,519,4,0.009558186754075933,0.6384590181479706,0.9676661143394037,0.8969366032971438,0.980712872966545,2,4.664599622736658,0.013342292246731433,0.011362423361201131
291,0.8953450401050282,553,4,0.24214557703162423,0.6980345497689542,0.967556326079703,0.759082144674399,0.9791864142706238,2,4.899150405101718,0.0086278452943844,0.008040012797028996
288,0.9096816672123712,552,4,0.012190337710517274,0.6134250860847065,0.9672627041204244,0.7586128675970177,0.9758839895702677,9,4.99447543550816,0.01146769447102236,0.03879886138215861
285,0.9101240243605192,512,4,0.015532711150128465,0.6115181493286806,0.9998501860200902,0.9000760754043466,0.9777932788096898,2,4.938313098497126,0.011915339292390538,0.004785977788771732
284,0.9087588654692709,586,3,0.008026821220534133,0.7639767547185834,0.9911865478817083,0.8963701472282044,0.9780115611679424,2,2.4929373801842303,0.05476256953242658,0.0046902811448561585
287,0.9070471547882473,550,4,0.010295763587044777,0.3076989580437712,0.9690180753487613,0.7756268660797973,0.9825517328753197,2,1.4914499134921058,0.008135614890813353,0.03730872240553466
294,0.9088954236013411,483,4,0.012218082108197142,0.5694423279228558,0.96962605803995,0.9594076873949982,0.3621927667689169,9,4.438180346476396,0.018193964346605588,0.00969585801094609
289,0.909939486087392,576,4,0.012148419694846091,0.6990338384030865,0.9707928685737431,0.7708982152518926,0.9795452065277385,2,4.918184318131807,0.009719154718491295,0.03837765750593711
286,0.9096760479199959,578,4,0.010289120851623486,0.7005552871812809,0.9651742366008252,0.972824888185875,0.9764964894442578,2,4.997611818756687,0.012035270279832278,0.03441093747407917
292,0.9096880342132435,552,4,0.012149829254020084,0.6506076209492059,0.9676945228947857,0.9874496596672234,0.9086458219410882,2,4.466033385477521,0.012268541837918102,0.11322593733396263
293,0.9095862023365481,551,4,0.012207613928579586,0.6481282906133151,0.9695730682547381,0.9853382038750544,0.9141557591816735,2,4.6581906515889475,0.010293248989626058,0.010373892511463442
298,0.9093290303707698,492,4,0.013223971552983995,0.5717052784199887,0.9866739165804527,0.7769969249426006,0.7362785381710082,2,4.632628196405185,0.018506456235725718,0.003664128428075318
295,0.9098599393598983,487,4,0.012076992240229905,0.6484293095951215,0.9715076701443893,0.9586350593889899,0.9116927116315585,2,2.225834889804297,0.021908467287686258,0.036054852922107285
296,0.9094205095710945,482,4,0.010525015482863796,0.5746093407857169,0.9845619223185381,0.9597161080270589,0.9136168002164772,2,1.5755437435627762,0.017814102876423314,0.09905683124659308
299,0.9091347579759729,487,4,0.016494195011850076,0.64457931289725,0.9850455818352727,0.9853079493836261,0.905049084617602,2,4.622233031526825,0.017482554157839746,0.003961188099652678
297,0.9101859024838518,495,4,0.010309653926268631,0.5758742785429201,0.9841604105183709,0.9865095617738182,0.9068490291025582,2,2.285470284462268,0.017379414037095076,0.005247470219646447
301,0.9088539665251606,594,5,0.016417310970264234,0.6468021863078042,0.9832000030803437,0.9991827887697141,0.9178719585437541,2,4.6544820570729,0.006712086966471868,0.0022269758479834985
300,0.9084686603867261,656,5,0.01685399124355934,0.646267588441737,0.9889425198203362,0.9866105041968598,0.9170717255254499,2,4.613932820411794,0.016471631410165336,0.0034157550171067114
302,0.9092087920636962,598,5,0.013160597609505668,0.6468364928335685,0.9823317513789178,0.7320383358501066,0.9166583844863305,2,4.620379347869176,0.006784406422750341,0.17777810454831144
306,0.9087769351419588,606,5,0.016756724723810523,0.6099634449032152,0.5058814679247223,0.737955584979837,0.9496632727771024,2,4.847660953424801,0.016417473028269385,0.0027272572704410123
305,0.9085734119449944,499,5,0.017210473915975744,0.6098274038108829,0.5253113874778194,0.9998737717847657,0.9496397677985101,2,4.839501241393524,0.017501255753684844,0.0042942134965891525
303,0.9089122562406444,499,5,0.012847214444975207,0.581331730905949,0.985867278187469,0.7338328342021946,0.9173377052474678,6,4.613010405119587,0.01708010650306725,0.003825116426708828
308,0.909616915854181,602,5,0.016756142056013897,0.6087227414202134,0.5349652320956703,0.807564830993227,0.966016746232122,2,4.8690221786435774,0.2652915430250455,0.005269789691383397
304,0.9084189383798194,596,5,0.017293348507129457,0.6063453573423806,0.9840346399413941,0.8133972532565175,0.9535987646368668,2,4.870377474490731,0.28648276810079704,0.0038619220858212987
307,0.9089776628700064,599,5,0.01671711300948651,0.5965286454946721,0.94480471509656,0.8118583722160655,0.9622791781955722,2,4.879093743939719,0.014878712648559729,0.002751288320663473
309,0.9102694652938588,612,5,0.013924586365766323,0.5960030079250868,0.984621283946452,0.7331790506739869,0.9573188703775478,2,4.842235121463973,0.005982026448808205,0.004793564004714846
310,0.9089742389641084,602,5,0.013310408833076198,0.6036379670730041,0.9430647990268562,0.7437067682855819,0.9448727297703577,2,4.87017672496225,0.2729653575279929,0.004872880540558642
311,0.9090752242334907,606,5,0.013012892019049939,0.6062963934175689,0.9427819843822732,0.7387033065128108,0.9442265815439989,2,4.886731331481728,0.02316284650623097,0.0028332510348789593
315,0.9099063131743744,525,4,0.013943702950132203,0.5635221144785663,0.9451471554477494,0.7896695786380074,0.8733862097676198,2,4.875341673175674,0.022262189405303015,0.022475549315013197
316,0.9098527291725024,571,4,0.013892035845505121,0.5938288159126914,0.9426984298493594,0.7905438302050279,0.8656835836735763,2,4.8709674534481,0.009674306168242493,0.005452494173436398
313,0.908074515233124,505,5,0.013975938874993961,0.5896451224844287,0.9447741425265835,0.8140383585902174,0.8685539182510653,2,2.4320503394132893,0.32915398924878914,0.005377229552339469
312,0.9080633727345406,503,5,0.013919995131684298,0.6049992609271694,0.941597970782892,0.7516379650612998,0.9484964718468349,2,2.2677347652918134,0.2611733140008071,0.0046771817882855825
318,0.9081371012317639,529,4,0.014516899840714852,0.558090670594819,0.9436234081732032,0.7512742395061706,0.870012823816599,2,4.514276951797346,0.022946031678549694,0.005025226831931755
314,0.9083569583929869,503,5,0.01428401110145345,0.5882529169112845,0.9440307177899799,0.7858042973206014,0.9601162745768456,2,0.8265191833058914,0.02380879446294333,0.00573898106382689
317,0.9088267762683465,571,4,0.013960112326844994,0.5892340496840311,0.9442681474008944,0.7847514803379138,0.8627305392528354,2,2.4050542095248364,0.009942013727449132,0.006140938311468888
319,0.9088792846220658,638,5,0.01448273660473786,0.5563712425083808,0.942777933731921,0.7610645526418879,0.9700653381841856,2,4.4899364577598035,0.39538597545003945,0.005304511072551925
320,0.9092284759687889,636,5,0.014382505449473722,0.5905685050961847,0.9992414781694876,0.7837440684022677,0.9669663656770152,2,4.5224031179363395,0.009404201579235967,0.006234516089153781
323,0.9083789064044107,634,5,0.010209788928451181,0.5817604762515342,0.9997558205077136,0.7580634422342466,0.3191022140282589,2,0.7397080331763484,0.005752736016060833,0.006329789071101021
322,0.9094383720959932,647,5,0.010641962395591634,0.5895374607469119,0.9969712102621479,0.759607224986773,0.9720079980983595,2,4.748023444057968,0.009421381411274877,0.005492340608618743
325,0.9103756620975465,481,4,0.011778170882880875,0.579372493712893,0.9971384493548833,0.7648222891238702,0.9675120703423865,2,4.4849212926496005,0.16314868791433576,0.006144583586486188
321,0.9072826092277749,645,5,0.014582495111303226,0.558785882630401,0.945265736522015,0.7821080798933013,0.9706560434519359,2,0.5454776387551568,0.005512486632701134,0.007174254809585705
324,0.9091197366065309,501,5,0.01039341874392125,0.6240106965397272,0.999684266035074,0.769603593895154,0.9855493585869197,2,4.443334423212536,0.15704216480488642,0.006900519491017378
326,0.9094902112673315,628,4,0.010260234455419168,0.6256829168837188,0.9985782949516614,0.7635876508165429,0.9727272399250289,2,4.755403478312233,0.15593030482874246,0.0057644172053857015
327,0.9092402523776159,638,4,0.010617977735805272,0.6244963804249484,0.988060270568607,0.7011256645832609,0.973852291255599,2,2.0666180786974433,0.005875552972020469,0.007067577043001213
329,0.9094707174060821,475,4,0.01174074699210183,0.5244171258673649,0.9884493856229309,0.691807336772061,0.8944018080590692,2,4.742826554856177,0.005963838712431623,0.006694501263876761
328,0.9091816846659977,633,4,0.010258070785323063,0.6278814289337281,0.9910346767091681,0.6942749216506059,0.9851725367489685,2,0.42849670633561265,0.006431582775465487,0.007394380432705233
330,0.9094469775092691,475,4,0.010619641355773262,0.479855080517962,0.9654461647005113,0.6879880428947182,0.9865459125368661,2,4.747283025752375,0.005589114785862313,0.04885023116999878
332,0.9089936201673675,476,4,0.01162597814167674,0.6229331306972496,0.9673223541332686,0.7200145685292575,0.8965561623473282,2,4.75236159794848,0.07826021582717149,0.00843335516631136
331,0.9085434101035457,480,4,0.011659564902308038,0.48429925315409683,0.9779930771124093,0.6911270214835853,0.9881643324798525,2,2.0231238794069997,0.0072550354097777325,0.007938536674666902
333,0.9090416751856987,480,4,0.012096385889941174,0.5293342224080069,0.9816185824214807,0.6862940873729791,0.9262552984163355,2,4.3054198303650795,0.16004060377156787,0.007019056744381116
335,0.9089408292564622,473,4,0.011584474975998751,0.4834110829039205,0.9774340935073496,0.6931675379280263,0.8983290154952317,2,4.371054901015382,0.07642508048947054,0.008434431610095149
336,0.9085474323434797,480,4,0.011821028764653347,0.518307732169582,0.9784567142280067,0.723792796640365,0.9380401879996657,2,4.340032472729223,0.07914226884672246,0.00885310217336296
334,0.90899489368917,482,4,0.011768253532866091,0.6256389141542485,0.9808730478674069,0.8824166375132372,0.8958370381724284,2,4.373879377714288,0.012443289003763526,0.0074443088681077725
338,0.9085175271203207,474,4,0.008714058229943518,0.48232272288050304,0.9673155052905726,0.8807352622646902,0.926189529884488,3,4.362950479802292,0.08375179229373171,0.009051181974349539
337,0.9100576503319777,466,4,0.011868598465219277,0.7459339849051074,0.9745890542204395,0.8552629560799838,0.9274715915996379,3,4.35068337003071,0.013235291145765079,0.015286075709910705
340,0.9088364755739841,438,4,0.008579630647945782,0.6967847641021628,0.974851235504556,0.7225508011209705,0.9360819252425172,3,4.284913015476259,0.011424558546820417,0.008833419920770014
339,0.9095589664692116,474,4,0.011685713066181517,0.6968891693718986,0.9708441975785715,0.8817850974622605,0.9349494053859543,3,4.353201122766995,0.0784855152392323,0.01481520188719825
342,0.909111046433701,578,4,0.012624061658203723,0.6965343876378951,0.9759844557666842,0.728927774244182,0.9325574668223093,3,4.3593476902726085,0.012109213337539951,0.01375912158154361
343,0.9094266656233007,432,4,0.01278402286770402,0.6998352580366937,0.9655443963821124,0.8797637248391735,0.7641379930763864,3,4.408716200155626,0.011366680376513002,0.0032858314902364616
341,0.9093442005825498,549,4,0.008409426148689354,0.5703844492360103,0.9737473051153926,0.7291222878878525,0.9282451956663176,3,4.430872538023114,0.012250748445138617,0.013984200702755717
344,0.9083577541445674,436,4,0.008654868739463313,0.5733084815010885,0.9734575121998633,0.8760126249882196,0.9310441934156906,3,4.582404051052498,0.039235109189379815,0.0012336856652014113
348,0.9093660103180732,445,4,0.015464606933673205,0.5466266423091687,0.9624594091698576,0.8525974998040602,0.9236213975980483,3,4.500098745975989,0.013700933481010986,0.014922070623160692
345,0.909422006204369,549,4,0.008612278672766841,0.6964243967386143,0.9629723327256857,0.8869283987387063,0.7679108725625429,3,4.5821812937360225,0.012513770399171934,0.013586864576957567
346,0.9093526209691397,546,4,0.008357802275842806,0.6992923777084744,0.9650289707716537,0.9104022146031583,0.764939449730096,3,4.594690997344942,0.037099409743531035,0.0022861748162075124
349,0.9086346851207651,453,4,0.013059340075716469,0.7418664209194274,0.9624645528797154,0.8551238251678714,0.9259636263503255,3,4.463403199978912,0.014285372004613519,0.014371921995220293
347,0.9096942754050914,431,4,0.012763386555342126,0.6950409714945185,0.9613767704946542,0.91304589376959,0.9281898898610373,1,4.584211461462795,0.11747060862068581,0.01483851150867089
350,0.9085505727799807,448,4,0.015418292694598604,0.7487033743422461,0.9589671378672282,0.9132480260013699,0.8024598037568745,1,4.188121154315684,0.12463893046932506,0.01501192111577766
351,0.9086972526471435,455,4,0.00990506556049758,0.5687046269088792,0.9574336280273058,0.8466553181476095,0.8011857438029918,1,4.216941988847729,0.11808743382428083,0.0021886759276283103
352,0.9089696670413622,446,5,0.015619180648518246,0.7421389358563762,0.9581225979028739,0.8572375528329962,0.8913106737047892,1,4.568127109039203,0.11471679907401279,0.02044022381858528
353,0.9094843262936635,525,5,0.015359388941772405,0.7315542904916041,0.9580623757159429,0.955742975031133,0.8058988573747277,1,4.5810604533621095,0.03899774568920074,0.01136959067627935
354,0.9090412133031419,453,5,0.009684859312249739,0.7524471560941584,0.9577501660815148,0.8519477448862203,0.8959852920593876,1,4.505148067868313,0.014610969697638443,0.02129516680390823
355,0.9092764629514241,456,5,0.010014785629459464,0.7552561600121905,0.955758498031434,0.8558232230886952,0.7633116936527599,1,4.197133125031677,0.11789649604534831,0.02092796600635142
356,0.9089942774910126,458,5,0.009861186267225715,0.7446910753775783,0.959918540816293,0.855256119624514,0.8943752172057143,1,4.684948428828496,0.1113252694465602,0.020823782129082008
362,0.9093407890675106,522,5,0.00974815308064774,0.6359224334921518,0.913111532064022,0.9714333867818084,0.392483854811837,2,4.68725433971469,0.01950123254040208,0.02123321820786377
359,0.9090757822782323,524,5,0.009850299693715665,0.7516524280826163,0.9096638548881953,0.9695690051909648,0.8989083318872082,1,4.999938440088481,0.11375807367780255,0.0112509124708156
358,0.9090683069416661,500,5,0.009958446826642741,0.6396976831286472,0.8833540864245311,0.973111821434501,0.8920869849598214,1,4.144461364688707,0.11455353675641414,0.019580308526195363
357,0.9083961663382911,498,5,0.013016615134543634,0.7469968659315275,0.9571887289409513,0.8526795071226199,0.8904181888267846,1,2.2973429495600586,0.10738554876918666,0.022767638445662534
360,0.9092429056177203,498,5,0.009530278304975992,0.6569674900652412,0.9990260090693819,0.9663478660527568,0.9010371444447794,1,4.658238575138462,0.02540418936539616,0.02151882491745919
361,0.9091068102804172,497,5,0.00967711900141524,0.7446785724174161,0.9298271138885977,0.9637580124298294,0.8931674092470719,2,4.661183193717074,0.025553795646194647,0.022458314320229694
363,0.9089634441697407,498,5,0.009903356669879746,0.6572708042684966,0.9071062170387959,0.977011982537317,0.9493151013264677,2,4.676733014175692,0.02025502550830005,0.0042612778842192195
366,0.9100437744708054,495,4,0.011081393568538824,0.6403118364945196,0.8827637437087537,0.972103940700433,0.9487793683222934,2,4.6861581393190965,0.024848103322546312,0.004099559814182993
364,0.9095634083259515,500,5,0.010806969662114531,0.6402467788338867,0.9095721558733271,0.9611527084547812,0.9523887717436457,2,4.6666701018679415,0.025818059592880003,0.0041795441603461065
368,0.9095863947369349,499,4,0.010783184400621561,0.6574289789469615,0.9265930270426153,0.9884790319354481,0.9501911155483376,2,4.687570399788702,0.025213779164124154,0.00426566628803212
367,0.9095948998830788,499,4,0.010935391877815715,0.6591744448061757,0.9277710997914099,0.97346756587825,0.9546771458504563,2,0.08098233583469572,0.02211491024282266,0.0034735629817102672
365,0.9091182500075714,502,5,0.010903776699166286,0.6538391473987626,0.988469351065222,0.9755333798106673,0.951279914575504,2,2.283873891993807,0.024775557544282293,0.00439408771083711
370,0.9097635846227833,498,4,0.01095428978126548,0.6139737511543764,0.9995589756053516,0.9981317713801428,0.9474572689409491,2,4.780303066943685,0.0251728680333196,0.03158780673183694
369,0.9083077145363898,502,4,0.007147404813535758,0.6141156761786017,0.9309030185441578,0.9500246532917225,0.9509778661068442,2,2.2813090181320175,0.025728860155677175,0.004047106341901561
371,0.9094940488606674,507,4,0.010823901757855945,0.6095911830843151,0.9274138702870803,0.9986809245499352,0.9563153115120048,2,4.798520122075705,0.01995513763399537,0.00407266275842631
372,0.9094005271451329,524,4,0.01088230081305438,0.6111914762155167,0.9846477167829484,0.9387049815156989,0.9509068778987613,2,4.791493707460305,0.019262229982586327,0.0044629170348975825
373,0.9093031727774024,520,4,0.010975196611634964,0.6113175090882454,0.985986079089861,0.996236531804222,0.9495712915837367,2,4.801100386705304,0.01724430256895042,0.0043020467683301715
374,0.9090372038341543,692,4,0.018503556461288883,0.6123083700067262,0.9241928287360914,0.9454313033899567,0.9541542934591319,2,4.79654351077257,0.035474441644915346,0.0032710252362809357
376,0.9030911787334068,402,4,0.012993528670961053,0.6075587854647088,0.8716836828796832,0.9365024710324639,0.9594029285988315,2,4.79742797338105,6.178271162950898,0.0026103561035463753
375,0.9093148814546035,521,4,0.011379652067256467,0.6108596015353722,0.9266758673537092,0.996740853408021,0.9576753568246527,2,4.843918729629222,0.03214590186875061,0.0033755815370758277
379,0.9045949686029326,526,4,0.012839046360373614,0.2098949132466042,0.8592885255148138,0.9377704487138856,0.9669262908940685,2,4.807978908010861,0.016565001987453677,0.010202593820798859
380,0.9093353430191027,522,4,0.012674061814414965,0.6809055649082048,0.8860168096040804,0.9324263870764977,0.9159493700685115,10,1.384308032317925,0.03213407375205022,0.00041284629450682504
384,0.9082709064647382,471,4,0.012960924479925003,0.5429216436582572,0.8833385899311972,0.7438670816523888,0.9103255533806627,10,4.923846908830343,0.1974472846051445,0.0027784874614718465
377,0.9087577226976326,692,4,0.01280029064020548,0.6066931684439795,0.8773505991295738,0.9375092604707472,0.9133561969590994,2,4.8128018104604005,0.03323954143050164,0.003120961812825025
381,0.9093596282657286,528,4,0.012815079288432304,0.5770087621334902,0.866185524309131,0.9350616747120085,0.9124863799387614,2,4.823407831787086,0.035395818404272056,0.003122334238994847
378,0.9096682911665066,694,4,0.013102994990171557,0.6221160981571835,0.9893762487642513,0.9965490161727131,0.9632178128325791,2,4.813708443358368,0.03527710592418342,0.002656344541885327
382,0.9096373343167367,466,4,0.013078818827411038,0.6819343318819463,0.8852692276491116,0.941250566064538,0.999440881791957,2,3.16186261732926,0.033498975496888884,0.003356734576040853
383,0.909095585758911,465,4,0.012890527819588648,0.6787509583493709,0.8862896357040644,0.9339657058633599,0.9202819863146403,2,4.998222166014432,0.01612506552073911,0.003018955450815669
385,0.909613563936891,468,4,0.012435475362390596,0.67979091527108,0.886775857709735,0.7424475466292001,0.9140982507327913,2,3.1612876240537022,0.03185404575998188,0.010458774441936181
388,0.9097012705768831,469,3,0.013485789861007529,0.583768880087256,0.889296951363982,0.7405793199291375,0.9142274487564513,2,2.9412721878954455,0.2113898642869342,0.010791000581891001
389,0.90928135034695,469,3,0.011777410214262644,0.5845087172064728,0.9838978446582424,0.7483429276603912,0.8818993172052029,2,1.7477146437739823,0.17643403160309643,0.01088091728481895
386,0.9088195866817032,663,4,0.01263813861927912,0.5761504456187195,0.8854292310361034,0.7440103615520072,0.9094804585679341,2,1.7401585235640635,0.17255037223244696,0.01094237111732386
392,0.9091971747595748,664,3,0.011975849056632354,0.634701026473747,0.9853014764084127,0.45137564975235583,0.8740261369592577,2,4.45358393628983,0.1671793743394884,0.01168130877303966
394,0.9098515869329867,483,3,0.014768213716144146,0.6394502499806927,0.9811343072752146,0.7462561744547906,0.8733999939843209,2,4.489660441751416,0.17124246498104545,0.010581262641524649
390,0.9086230290476998,661,3,0.01223302077226122,0.5789062805487039,0.9889312849587241,0.7335584143175019,0.8714937568532296,2,4.991759329194693,0.01482441705493783,0.010939985517538315
391,0.9100852795900696,486,3,0.012169791538815358,0.6344592331553502,0.9842128941113025,0.7441357970032725,0.9956984765228344,2,1.8878108273535068,0.0160855318655692,0.010531972617750577
387,0.9090855509118638,659,4,0.012258441607108393,0.6798092152749418,0.8902715803389891,0.9226883813768082,0.9095895988320934,2,2.1485557548027603,0.03338133660746602,0.011734069171502305
396,0.9096679508359923,482,4,0.014756150844699297,0.5920606088797171,0.9823708273471671,0.6677921115057599,0.8751810024100192,2,2.138666049629964,0.01533474665809069,0.029676738282722565
395,0.908850113424247,485,4,0.014643998856589631,0.5853194976924341,0.9834373464548141,0.744986507716349,0.8819728258774611,2,1.9360233689798478,0.20943107890118048,0.011400584378680006
398,0.9092011278995674,489,4,0.01486673308166762,0.6400730261623075,0.7010211754721574,0.6570862291401848,0.873164661963976,2,4.48013269534652,0.014674048921025171,0.05462567478044536
393,0.908947387213388,665,4,0.011895489203215403,0.586317346569908,0.9857505734287304,0.7082368456271971,0.8742500557305249,2,1.9355760857985314,0.014998564526703402,0.011140894422284586
397,0.9092902398377628,542,4,0.014846558868684709,0.6346574266510878,0.9846252930482556,0.7167276398983672,0.7396193546779019,2,4.4874203303802505,0.014527319394560098,0.0019331316483817702
402,0.9099715767387309,485,3,0.015286171491868061,0.637351116511595,0.9457057444481545,0.7128699999043826,0.9899051992903553,2,1.3037795374451493,0.018461474408054894,0.05354955317175983
399,0.9101979282302011,542,4,0.014854308932895697,0.6365609523498208,0.9432076579878976,0.7185557705075298,0.986713927462166,2,4.488455667929856,0.018731112507227324,0.005649211303860027
400,0.9089757497366449,546,4,0.01519809664772423,0.5562924803080795,0.9450038276565716,0.7090461182828802,0.9839054613243104,2,4.577844123013849,0.014318583878875591,0.0020011324493808863
401,0.9089282522309323,537,4,0.01563399154035597,0.6366331246711919,0.9422150975849761,0.6588629534481303,0.9865841325920071,2,2.1441861584138104,0.01915998036607812,0.0019937483662831193
404,0.909921200372863,489,3,0.01404673689106906,0.6295160208882288,0.9471564552172491,0.7081115743069154,0.9996558554021524,2,1.3175566908805767,0.01870460838370895,0.05545488421636022
403,0.909551474788875,619,3,0.015430853098757922,0.6349184494678433,0.9463119485704024,0.7053474891763793,0.9986726329763276,2,1.5807878914459836,0.015601504769085617,0.001999811211684578
405,0.9089498426558607,540,3,0.016165250699013763,0.6370259240919517,0.9442723227489142,0.7082558042722766,0.988299265152916,2,1.5629387849656915,0.010869185918841685,0.0056631464595471095
410,0.909093619337256,272,3,0.018097686804243982,0.6289906403160055,0.9418064777446695,0.7253645426084491,0.9986776029199448,3,1.3018899916015263,0.019920162698815427,0.004844082719144507
407,0.9093808990369124,619,3,0.013831088991938216,0.6344898142760791,0.9431688164571806,0.7122114424007391,0.986886279271815,2,4.588781713923418,0.010718936885955897,0.0060029041664912235
406,0.9088979447229659,617,3,0.014026216819083847,0.6330994420599565,0.9474448033169441,0.7056050446437451,0.9874817389111674,2,1.9171205267056832,0.011038597115233586,0.001919145470013593
408,0.9054491671792275,542,3,0.03680119881760342,0.5562570597737649,0.9433255961483934,0.9539847435112804,0.9957230036014543,2,1.0316422094041986,0.019985642654994654,0.0060869511397096945
409,0.9103422717743722,485,3,0.018715362459922,0.62402037657549,0.9452427832201399,0.7101863547106353,0.983576785046589,3,4.585176206668515,0.019320658930924165,0.0514340284537945
413,0.9091493686226608,425,3,0.017972391453514237,0.6557357476666946,0.9658301861678424,0.7176245414326629,0.9854724957876183,3,0.9921296042009339,0.020698766470024294,0.005540390843824407
411,0.9089049298224339,620,3,0.015752208458762466,0.630402037361617,0.9421073748654916,0.722587314501755,0.9999613410444359,3,1.2464827717462343,0.020322498374489982,0.005837881207305472
412,0.909989503118361,424,3,0.01749286277444827,0.6541404563010845,0.9376418758892356,0.7057848418183437,0.9867691297579732,3,2.467345466683444,0.0195811103342364,0.005655780047825643
414,0.9090563196601906,451,3,0.017768114631859903,0.6553105667196084,0.9672285324695238,0.725414511115235,0.9872421839112894,3,1.1031507833518572,1.2699397389998988,0.005737394078778507
415,0.9093350413054972,430,3,0.01841258731557644,0.6571323842692306,0.9698225844371434,0.7203150290090027,0.9797832446259842,3,1.2834953479897462,0.020910793358699293,0.005306159123072563
417,0.9089320176076077,454,3,0.01773831293713692,0.6585109982258401,0.9690891367858666,0.6771818854930698,0.9723169779013414,3,2.5558844224876784,0.5336107688764331,0.08364760999630169
419,0.9085303545476184,464,3,0.018157745284332352,0.6542011569503942,0.969285341472995,0.7745405384869759,0.969388561285162,3,4.26659315349165,0.008539951433094927,0.007942626027406134
420,0.9103690078264007,451,3,0.018842272253667778,0.654461186665942,0.9974526569237139,0.7711183060808103,0.9705994945549711,4,4.293952912600553,0.00786709659145266,0.07578504427186776
416,0.9087494139808049,459,4,0.018105960185303725,0.6570216652577779,0.9986445498385981,0.7275779735651061,0.9754952200754061,2,1.6395607788110658,0.00817452480471399,0.0060611075930177075
418,0.9091809534533064,436,4,0.019736531844796693,0.6639462179716619,0.9680138093152423,0.7730407498389006,0.9659654777616962,3,1.0933380137581363,0.01842608119132562,0.07761736212064078
422,0.9094610752656326,455,4,0.019139299847345453,0.6559269011410416,0.6174642693366911,0.7652021740830666,0.9751681387211228,3,4.658538497663423,0.489009387194797,0.007964444811953407
423,0.909336255153533,414,3,0.019675829108547725,0.5985523593414421,0.9982205590407549,0.6741178778090975,0.9750889996901555,3,3.0109254372025047,0.00873313916209272,0.007814184677203856
424,0.9086546680788494,372,3,0.02085405125622577,0.6011625470627593,0.9159203533365522,0.9173558521032258,0.9720069939054207,3,2.5535325757090948,0.007972731520117585,0.007773155155985505
421,0.9057882393754545,453,4,0.01956172543671471,0.3605348762485078,0.998418156295058,0.7630808279660886,0.9677425568398232,3,4.6711516542693845,0.008083463609364974,0.007359101415819186
425,0.9092144343893851,457,3,0.011613857106682854,0.6048028337366523,0.9998138539120645,0.9117527102013752,0.9655651120611677,3,2.4261796071067057,0.009312340315883242,0.008027424117762125
426,0.9088533037282527,378,3,0.011653346090602337,0.5967038254949938,0.9997994200482032,0.7697036253221786,0.971032533925185,3,2.632983225319044,0.012464588458640636,0.008644482751482703
430,0.9087638668911028,377,3,0.019752823798540507,0.6198582712587516,0.5947231365195015,0.7587771812824918,0.938352453366449,4,4.299089529863346,0.008425115685769506,0.033796083423838295
432,0.9084402396340359,512,4,0.022335449708255753,0.6144549232555169,0.9999636559950589,0.9121919766190927,0.22013477014197658,1,4.293273486976342,0.012366195376588512,0.07856760375073549
427,0.9095462623423594,512,3,0.01624220533879015,0.6188746957014079,0.9139567139956705,0.9171945236854185,0.966947209197799,3,2.5841243306498645,0.008088478713206913,0.007813449683410283
428,0.9093201906714441,513,3,0.01648452795722212,0.6010418630836273,0.9891852957459493,0.7983349748219113,0.9694759413290152,5,4.306542767323023,0.008734371858582973,0.09085608952753667
437,0.9053082717905487,101,4,0.016818477106310514,0.6201692509141081,0.9786001934174393,0.954068617731732,0.9419935451224132,4,4.407444734378284,0.012603713682649328,0.07525257644742812
429,0.9093112855970362,510,3,0.011333106612958214,0.5989658847324177,0.9970135800285183,0.7677695209790246,0.966801234860024,4,4.393695153411863,0.004598867131526431,0.042941030394452254
431,0.9095928622329914,511,3,0.011636016160598164,0.6010516443967695,0.9971672571660782,0.8022999178322102,0.9360050513106093,4,4.398837314892829,0.006929551104958474,0.08481785966648321
434,0.9090554297228813,512,4,0.02492772221237513,0.6143035826329803,0.9993349039389979,0.7928245313122699,0.936844174286603,4,4.397310519166554,0.012469442096086905,0.10285500491385195
433,0.910275345478422,486,4,0.01652373187844073,0.6168542040215479,0.9909609733979926,0.7623843643108638,0.9401116951087513,4,4.25342017927617,0.00464636034155234,0.07028795631748046
439,0.9008530780017775,486,4,0.18590425137122726,0.6175471265256904,0.9781868826954687,0.8003601728646788,0.9389677173784013,4,4.420669924477481,0.011391099908726943,0.04891197581900217
436,0.9090194364832123,510,4,0.023462260957881342,0.6160118831208512,0.9810554358869474,0.9553003023995469,0.9383908460593662,4,4.261328514122427,0.012636192932837121,0.049651953352514364
435,0.9100203146986173,508,4,0.01164916365250235,0.6203685237721559,0.9812292292434212,0.7942198716708317,0.9449711966908236,5,4.365721028824686,0.012229681991357022,0.04859453243574297
438,0.9098779169753486,482,4,0.016391358588539583,0.6212002306043792,0.9773682690660438,0.48790654434428066,0.9397183863336107,4,4.4575462389539,0.012758372756631105,0.05192864573243947
442,0.9088649778174744,491,4,0.013767569954802028,0.6260591319694295,0.4209413306732095,0.733264034105079,0.9366977307085179,2,4.501666527840621,0.0270910058124789,0.12547999389428144
441,0.9087010197722222,484,4,0.023713683389610187,0.6695416308759221,0.9802211515461889,0.8030480018745966,0.9357752853954887,5,4.017828740502791,0.025407083339431855,0.052933494515036136
445,0.9090360832596369,479,4,0.013325178475323985,0.6693606100637985,0.4424773039670229,0.9545926138269253,0.942608760826462,4,4.22540275893954,0.004366707589499106,0.05307351698726141
446,0.9084719635007572,481,4,0.01386435016369529,0.6441844000918889,0.9584867812783073,0.7367145844616513,0.47814921724958664,4,4.0256481079485456,0.005879028079401215,0.10833110471431671
444,0.9099908175375987,488,4,0.013859592026854634,0.6786143983317867,0.9749834335267031,0.7349920470126895,0.9275407580122716,4,4.113354646950496,0.02419522895777108,0.046493381293091385
449,0.907740931579108,480,4,0.013649678772501414,0.6788806971245291,0.2761085815537637,0.7384678995245404,0.7488177469213357,2,4.551999470463231,0.0037041856216749962,0.05792684666762321
440,0.9091718099879017,485,4,0.014020659844263029,0.6209469322035892,0.9760603651289027,0.9555858601688515,0.9383785888449822,2,4.5105518921585945,0.013204031911928064,0.04878683947093274
443,0.9101203788635001,489,4,0.013872560880147176,0.6450411445158304,0.9742262360434323,0.9819752424364884,0.7457342000890643,2,4.1640027579366805,0.026783849236071643,0.13624440200352086
448,0.9095590430188716,482,4,0.016316015553458303,0.7828315615421573,0.9623710898542488,0.9793439915866059,0.7374834261490975,4,4.211275902263463,0.005848827007704397,0.00404342999673691
450,0.9093194441032102,476,4,0.013828752997663198,0.6711133184177841,0.9620330106544742,0.7478325697855738,0.9579757078466877,4,4.051850310517809,0.015907680154785046,0.004768653054533698
451,0.9099074783711861,473,4,0.010606962266886748,0.6441512472178056,0.9590794603266272,0.7518288670358553,0.7538850373192034,4,4.151042405371186,0.00398577515698858,0.06630023522396017
447,0.9093873416752343,485,4,0.013646675359225653,0.6729291222629595,0.9594249757783874,0.9784266283599591,0.9261087999665897,4,1.8385487514162004,0.004358649456526382,0.11051803852122766
453,0.908635221880596,438,4,0.010322206266590611,0.6440789979092592,0.962938951659503,0.7491285995229848,0.7347202895088322,4,4.580563402416208,0.0035839206844252383,0.0001510121586939061
456,0.9055797892538446,563,4,0.010590940417570888,0.25515140738543085,0.9576985996794566,0.6395035214363268,0.95996096213322,4,4.173506120617288,0.002944989241796218,0.06486142139992897
454,0.9092878122177088,435,4,0.010360142604939034,0.640097275449478,0.9606698480031445,0.9776367629877611,0.7421708610266122,4,4.583833391504003,0.004285609254627993,0.003753164953092986
452,0.9091763583452114,467,4,0.01063912879530301,0.7886180455135099,0.9593353479106653,0.9761362083689491,0.9643350907554119,4,4.106506756572369,0.004539255044227842,0.069523563208903
457,0.9094727230527866,465,4,0.016605135217271416,0.6418463274440593,0.9574657613701147,0.9787737501186032,0.99814706116993,4,4.148781018780689,0.004356627056344486,0.003777506243992888
460,0.9078885716237843,445,4,0.06928259369552366,0.6501118038585667,0.9294494751731684,0.9750476302636534,0.9829879720031639,2,4.677128470435877,0.004863191932599892,0.13482446280581
462,0.9059542357549522,529,4,0.08049783388492003,0.6455753003606202,0.9292078817036012,0.9764519835395167,0.9980784838894663,1,4.220857301639622,0.04549029529261193,0.003828851644203956
455,0.9090524975744325,439,4,0.010581312731683497,0.7870095361461089,0.9576687978387757,0.9828043759244917,0.9996950875246764,4,4.147728866725986,0.004539771623642317,0.06714856480944588
458,0.9093221620342391,444,4,0.01526067220280479,0.6441758851780238,0.929984213149953,0.963071796023768,0.9999222988704632,4,4.122281104824063,0.004957821619640272,0.1779142803186418
461,0.9087220537487776,530,4,0.015444731065066102,0.6480416536401481,0.9299264231892301,0.9813818015927529,0.9990465058026822,6,4.227538115798132,0.0031080008439299573,0.003368249795952351
459,0.9099420978979387,445,4,0.015912321428865117,0.6338421539818639,0.9299226206074462,0.9809702951160281,0.9819191861384016,1,4.15020649262172,0.003338041980882091,0.1494109906046129
464,0.9100723265818003,526,4,0.02029144328895674,0.6477263582550246,0.9267018803692213,0.6895994613985794,0.9992242218824665,1,4.693922895933556,0.027372623373379885,0.14338658040440017
465,0.9096242762522309,525,4,0.015780302169845765,0.7159124660222366,0.9319555102071905,0.6885024510996883,0.9834230873014739,6,4.7024279865004015,0.0257053540505674,0.34934343933202766
467,0.9095830468485744,524,4,0.02072777087828689,0.5718601949730698,0.9847843769040983,0.6931057521414032,0.7185987715750983,1,4.716681809424715,0.02682059964268501,0.16025779718556518
466,0.9085313048428523,526,4,0.015329346970406084,0.6506908179718878,0.9165747645705956,0.6855156656161494,0.9874525476717818,1,4.6929944077317325,0.045839478094114795,0.004759729514266519
468,0.9086717983268114,404,4,0.015249065434139928,0.5690353411899012,0.9297083480958191,0.9531183880276164,0.9787791142141136,2,4.9745939367116145,0.027018226608658474,0.01654446062689439
470,0.9096572928731916,528,4,0.0125997854437816,0.7111202919341276,0.985841765048091,0.6870224655086582,0.7833153743552612,2,4.93049200704498,0.025132522999039536,0.015487778908559069
463,0.909490191806842,524,4,0.015358928781221458,0.6441817230176166,0.9852404335941508,0.9680253597811969,0.9981329932862075,1,4.696877323822052,0.023727600484538206,0.01650168890054214
471,0.9093494088481009,501,4,0.020457376190073217,0.581630930553517,0.984100398267436,0.6889837460584234,0.7162481521904277,2,4.925902385857363,0.0264203623291711,0.016111163240940626
469,0.9092877408372413,406,4,0.015569287333535471,0.7096683084845996,0.9316790250542715,0.9628515430842896,0.9761923584465588,2,4.703503074260572,0.027585717970095264,0.16672591272507514
472,0.9100149380542211,504,4,0.01229545926824672,0.7117651310255471,0.9848387589694089,0.6812045770880462,0.7815131287850334,2,4.935449710053909,0.02604516659130617,0.015739895665026225
473,0.908208216170037,528,6,0.022179806894933648,0.5672684444906406,0.9093531830032553,0.674272983230907,0.9779502166359161,1,4.695831068585871,0.021888846828154764,0.16460518497368468
474,0.9087134709887279,528,6,0.02027830110304351,0.5731037076234654,0.9161366388302808,0.686784778993702,0.9601658119264617,1,4.633099865664038,0.04086947670460753,0.002723517188126872
475,0.9073709029131989,499,6,0.020923439757792612,0.593668085878928,0.9072777230963185,0.7237304921536329,0.9593021116149032,1,4.3317011371280305,0.040069445827101625,0.23711979179705328
476,0.9082702660930039,504,4,0.02270547037556146,0.6289686381265057,0.9085277974703116,0.6657997905400825,0.9590736038721973,1,4.312288446692286,0.006564861034302368,0.20761878830815322
478,0.909161829265341,500,3,0.021717601600762495,0.6273150895791271,0.9760145182917634,0.6989705496592509,0.9604935015198862,1,4.43900878572985,0.016665108100212118,0.16394995456945533
477,0.9089524662491257,499,4,0.019081782471472394,0.6286607772542007,0.9104840075823946,0.7025732156224765,0.9581442778175174,1,4.339962955585645,0.017562080847051163,0.1513637787152582
481,0.90869980767259,550,3,0.019162150729577356,0.6219102326033129,0.9114183340499553,0.7249828130680533,0.9627737413207549,1,4.353069130284377,0.016552162425399797,0.12363623038538692
480,0.9091232003456182,552,6,0.019874775211998097,0.6223150054581245,0.9132472072690417,0.6762364381969708,0.9568216121995164,1,4.350775906238878,0.01705675033355025,0.10058945081838101
479,0.9085940159663586,557,6,0.019970982792221266,0.6281916057632306,0.9999736166228357,0.7239084342550567,0.9557049571680637,1,4.367584263389157,0.0069382800843019584,0.10860534069287328
483,0.9081136191864372,550,3,0.020230262910621563,0.6266575945939363,0.9494634826510525,0.7342725659941359,0.9603340690968472,1,4.361587437797125,0.016322679380674648,0.1173623674024331
486,0.9077033786116084,564,3,0.02832286316972052,0.6654891475759555,0.9492177205767492,0.7270052546794284,0.9207500937918629,1,4.473503286279116,0.017398673108105202,0.10065965595037372
482,0.9080849246185775,551,6,0.022198538478340135,0.6264704415486431,0.9490678022512715,0.6989470435939561,0.9550090841818579,1,4.298854694884205,0.04122878851618575,0.09297816473348854
484,0.9087202619394056,548,3,0.018771495797857578,0.6278467913926161,0.9488141782784291,0.7089675479708749,0.9591391774321621,1,4.295274424419461,0.017173793539588065,0.24419358314096523
485,0.9095715195492172,551,3,0.018160840790017983,0.6296497636286347,0.9482950249173075,0.7030042627925028,0.9204336948748536,1,4.464013711895392,0.01564657997594335,0.1301152020557785
487,0.9092640856239648,557,3,0.01862488754093222,0.6623075810165882,0.9487403763776435,0.7222881555963323,0.9221386380139733,2,4.54463408168242,0.01535380103737906,0.1168024667013472
488,0.9091782404634176,545,3,0.018236769430628647,0.6602727676745201,0.9501699364661392,0.7349938374822443,0.9182727710751439,2,4.560543891947424,0.010257659068803925,0.10393559587044869
495,0.9056703532790378,466,4,0.10162700508036739,0.6626385128683887,0.9723843529406586,0.7543320643536803,0.9252502965754061,2,4.611383500932657,0.06976823347126102,0.004544371619296948
491,0.9078644022278854,466,4,0.027987632858120504,0.6641111736456278,0.9488966269341408,0.7484522287896359,0.9253629871760858,5,4.52253597701927,0.06724242983015624,0.0013186932528695147
489,0.90809891313774,563,4,0.018374121399808575,0.6647188276820462,0.9520556061357126,0.7263193179651268,0.9166889615681925,2,4.511194892313814,0.006913786916420295,0.004879231550624162
490,0.9098947118339359,468,4,0.01742522419364337,0.5996181474740847,0.9993959636164139,0.7541793341800628,0.9230589091603606,2,4.562510743341241,0.0605550664495067,0.0904067399850827
494,0.9093407024835354,467,4,0.01768599238526877,0.6673019260726365,0.9738108200251863,0.7574874046864719,0.9284445440602793,5,4.563973295204653,0.010407430970971302,0.004728692562107321
492,0.9085854796530244,465,4,0.01742847999720029,0.6587111606725153,0.9998812625296607,0.7803643208074114,0.928024849817817,2,4.523997977123059,0.06011593020451266,0.00461824475672757
493,0.9094469341032552,497,4,0.017815812166390464,0.5972795280647857,0.9769137870848033,0.7544550238910069,0.9026722287679476,2,4.541395426113964,0.010860230184807093,0.305027820726755
496,0.9088357954450779,469,4,0.017304807257661595,0.6010753316582574,0.9733058238143589,0.7817204973450571,0.9764879708335633,2,4.592627299221022,0.06165858708068378,0.0046698213825869875
497,0.9094140424551256,455,4,0.012054927844966713,0.5959678528995633,0.9744168556174063,0.7738345298736626,0.982206244134532,5,4.600199346597888,0.010991354877219462,0.0013709035056229933
501,0.9053637284844523,494,4,0.0903794489318147,0.5981617846258889,0.9712234959033356,0.7799174063263512,0.9850216803478858,2,4.759638683103282,0.009924454482560846,0.0030604390947967844
499,0.9103549859355393,465,4,0.012052841701185512,0.5988029397500062,0.9734838276610451,0.775272668150297,0.9024029303593535,5,4.794439458049522,0.009894051746996025,0.005037819525463436
498,0.9096332590165617,460,4,0.012611066406312122,0.5981388221912725,0.9736690404593489,0.7526864585479122,0.9830330373252909,2,4.593291485458795,0.06760313211116709,0.002588150259561828
502,0.9098580060058719,493,4,0.012173999967310422,0.5953260160207358,0.9753910839362623,0.7794635876863438,0.980918425743651,2,4.7590573984020486,0.02094091052301346,0.0029950304034573948
503,0.9099393189248275,493,4,0.012092003703521852,0.6023394840102785,0.9705505469034099,0.7798934252424871,0.8987708760891796,2,4.8012935291309,0.13902509463488355,0.035618376070007576
500,0.9098920828434256,492,4,0.012057593716647554,0.6043548503738346,0.99948493439409,0.9431200154422865,0.9027479879705582,2,4.822257428516074,0.009877248360337086,0.0024397838238746105
505,0.9090249327031946,513,5,0.011995923403108642,0.6044270951289591,0.9698454531865268,0.8251688027981345,0.980816560695882,2,4.78011635921009,0.031731656829212064,0.0033244945263566955
510,0.9085290162588742,423,5,0.01435968570913137,0.5471122299866794,0.9845295533716919,0.8314341476658678,0.8874528315516615,5,4.847915677359923,0.005928340772209269,0.027596689592052068
509,0.9090742248309279,514,5,0.012632244938905805,0.5376266341664389,0.9871092372547845,0.7701352736579042,0.8980396735424165,6,4.895183336077674,0.006580748444247333,0.006755045533038001
506,0.908240865246205,512,5,0.012129245295805082,0.5426560326576485,0.9713673925743467,0.9442042978374181,0.9815089897468022,2,4.774683953275753,0.033801835308969505,0.0029568031702359677
504,0.9093947888853118,492,5,0.01194424294741307,0.6014562338349909,0.9738288323554581,0.9462541781907935,0.9797171819260494,2,3.9247087429575256,0.031436080222342164,0.002364492266468652
507,0.9088135674610642,514,5,0.012215652561812111,0.6835609805874573,0.9701948374666577,0.9451155120317708,0.9823413971665256,2,4.79638583514856,0.02129846912623287,0.006573487165423013
508,0.9090301815621105,513,5,0.011940508467448952,0.6465013373671107,0.9869473997267489,0.9468839152355375,0.9022308154228664,2,4.879820400529836,0.03226753347637127,0.0024790740563017414
512,0.9084434034839385,430,5,0.013960284813162966,0.5523920608782151,0.9359450426213733,0.8176464774171995,0.9008215175296184,6,4.8841971171598635,0.007302982023565308,0.006727341647560451
511,0.9074246571943545,513,5,0.014294625736638629,0.5373033420140283,0.985521238746931,0.7676309461652615,0.9001543968165154,7,1.4546821483915013,0.007048685592219042,0.006741351131447319
513,0.908548547672787,429,5,0.01288924653461215,0.5816235447761042,0.931843492132092,0.825337811637217,0.8918282100390912,7,1.4612078933179435,0.006928843466404273,0.026498683392684724
514,0.9089008403069794,435,5,0.014165698441440548,0.5846791359582793,0.6630549830125171,0.76328936104971,0.8515973984695054,3,4.884844077460905,0.006431320739514425,0.007214366866244832
515,0.9098036008625618,510,5,0.013545991268737723,0.6832379349277126,0.9380686704285808,0.7362983421625862,0.8579825635975674,5,4.909824715536428,0.01356932729490414,0.006127612911999044
518,0.9083383340963467,447,4,0.013936381456557068,0.575249444284209,0.9310500117467853,0.7365407808437888,0.9053002569885926,7,4.896873145934351,0.24120513516708855,0.006442078908066659
516,0.9087589148046525,450,5,0.013777509049626652,0.584614187007162,0.9337476629701493,0.92390285469883,0.9977192411086221,6,4.992493589954495,0.007720381580697352,0.005709435115949543
519,0.9086350331290509,424,4,0.014452614018046019,0.5828052010830779,0.9325994460129823,0.7368845749949917,0.9036297167134903,5,4.97901235295863,0.008517138369780533,0.0068948406909813235
517,0.909354462493981,453,4,0.013410974246017815,0.580246246233905,0.9310061704228866,0.9259772158843458,0.9430996390145818,5,2.0254391128930394,0.012981087473687546,0.005952131596078824
520,0.9099661138144299,440,4,0.01438081170423288,0.583649505054525,0.9353754861225421,0.7362946440138272,0.998651720019681,3,4.917764553081494,0.01390032489391833,0.027208383752514942
521,0.9088925312100642,448,4,0.01430297599988136,0.5877100375130591,0.9989808886425461,0.7369439244466096,0.99933527335123,5,4.982225817696299,0.013730134018331236,0.009406732329689978
522,0.9090004370400255,443,4,0.013595797554192225,0.5811113725974363,0.9287408512870735,0.7401950539508599,0.8578102786918838,5,4.991785100378019,0.01369869315625489,0.0382042689217135
525,0.9079870754526965,215,4,0.014592799851833035,0.6173690104126714,0.956060264601381,0.7138369278514775,0.998861455597189,5,4.680621248320931,0.013869114696708207,0.07336602432469215
523,0.9087981416023061,452,4,0.0133811655807146,0.5835704310685251,0.957452804360826,0.7443605603514143,0.8551176187745128,5,4.64786985782066,0.012707508675377623,0.008786569514932351
524,0.9097996727323391,456,4,0.013025229874102028,0.6102207288267093,0.9996140880375546,0.7403050667615717,0.9392980884357343,3,4.70766030342393,0.22770999689883495,0.009468020396767541
526,0.9091575421803071,480,4,0.01122139758025936,0.6159057289217056,0.9997576272710383,0.7416580588810142,0.9434900889013372,5,2.0423933694349823,0.13988670686896612,0.009244381192808735
528,0.9093676963110331,475,4,0.011220705370986192,0.6173699995135393,0.9558482515546044,0.7127955532507954,0.9378620626850721,3,4.674875259327766,0.01346587039243094,0.04071241611704552
527,0.9097377866271652,478,4,0.011298362776437717,0.6149372639560032,0.9569113551788784,0.7147239267629104,0.999349359537012,3,3.810065289160156,0.009622269383406311,0.01292018179443115
529,0.9091657577756515,486,4,0.011264646590899029,0.7727639920645184,0.954422064849197,0.7495179412504748,0.9960524247169674,3,4.651299014056149,0.14085507501216202,0.07756142113229786
533,0.9086118155487366,479,4,0.011122758837488688,0.6149314651541865,0.9570094743746869,0.7125577781742123,0.9412027367583785,3,4.449843653275156,0.020573213856427065,0.009315011610255627
531,0.9085537534297593,583,4,0.011072207457069686,0.6197358150624233,0.961306047513632,0.7112243021459456,0.9411539159778078,3,4.681009931194641,0.02027885977674737,0.012752943190601773
535,0.9094105676934954,478,3,0.011435767766132083,0.6389528273957978,0.9640948325616971,0.7147493445306261,0.9692603900912773,2,4.4198067533170144,0.009760240335366033,0.01220354980647219
532,0.9092673080833886,583,4,0.011335584362509239,0.614420603044604,0.9583898885061634,0.712638079643273,0.9435959149387954,3,1.6531158166162625,0.009925206605001518,0.1944609270127003
530,0.9086043690228169,478,4,0.011232441730326538,0.6178445353865762,0.9580884740838888,0.8950692294361512,0.9712133684646674,3,1.6845484911284387,0.020163911147573325,0.07209488612718513
534,0.9095196863072468,476,4,0.011158618849918355,0.6418909510501152,0.9621914985246509,0.7599684755005564,0.9425348548224457,3,4.433238032732903,0.13736795705244445,0.0039510831252916835
537,0.9081337721957526,578,3,0.01658953101269083,0.6384167295629619,0.34572598525903203,0.9974351710750174,0.9666131074473011,2,4.4193447744483185,0.020834629594656606,0.013279636056843638
536,0.9104985328919369,477,3,0.016397389429375568,0.6439016896069036,0.9612500444914074,0.7080332699622973,0.971376548340342,2,1.7859695220566003,0.00972827945320229,0.01333533951505564
538,0.9094071480445797,534,3,0.016690009811948372,0.6411764164790607,0.9851440493172413,0.9018712180907655,0.9660522065544355,2,4.430325111928615,0.020419567736414127,0.0037332145420401544
539,0.909726678108421,532,3,0.016057663302893335,0.6425297964676449,0.9850321454152108,0.9998537452862533,0.968835342266942,2,4.436212939276135,0.0202360618547086,0.199375518913534
541,0.9088240077856554,538,3,0.016365568884235307,0.6420187450429626,0.9848968765799243,0.7894107633185076,0.9647128683108619,2,4.239360472482029,0.0880585034042248,0.0037202218201147497
540,0.9084831386108639,531,3,0.009194773449457445,0.6411693793476007,0.9857733949142283,0.9008916420012364,0.9656246181370036,2,4.258312354946883,0.019877246220748344,0.0238483787031291
542,0.9092989194441549,530,3,0.015758421501828865,0.6445764339968864,0.9864240818501496,0.9012206114894333,0.9784416137860454,2,4.244956742161663,0.02136192030232453,0.0037958900829438004
543,0.9093165217610235,528,3,0.016375120031245347,0.6475333633476519,0.9859295660496201,0.894735290671439,0.8853720592747845,2,4.443811887772166,0.005179999606388522,0.017974845801916304
546,0.9080926001093192,527,4,0.015282747490695659,0.6506494209633749,0.9819331364533537,0.7916412741862787,0.8827276658934363,2,4.223312888783277,2.807574278167756,0.023956862847868274
544,0.9093534812596094,532,3,0.01636603232697881,0.645450323023206,0.9837682408271065,0.9884449654661402,0.8841164861494231,2,4.758831477304682,0.022724437173402324,0.019433665118495005
547,0.9089645080351753,536,3,0.016669331890416923,0.6469081710723832,0.9834141754571664,0.7020711726810894,0.9727475782087841,2,1.9810819541607063,0.041362490549806195,0.018554841627548724
545,0.9096363802966435,536,3,0.015334377903752137,0.6415168309043401,0.9899432452206982,0.9595013646253353,0.8835156474142725,2,2.344027614886534,0.005125863306584328,0.02616604674031429
548,0.9093685238379443,533,10,0.016473521893086703,0.6515298884195356,0.9856645222587208,0.6605905469051504,0.8317233202090973,2,4.757131458644515,0.045594671973968215,0.018424188637581062
550,0.9099851711069625,501,3,0.015517100454104014,0.6725575054179456,0.9430415839833598,0.660401102156103,0.978143388195018,2,1.7789774631534425,0.005017790474149502,0.018175036092956908
549,0.9097238066979842,529,3,0.015531347362198756,0.6542077281700355,0.984219660311844,0.6832028751989723,0.980499678203022,2,1.986988431635925,0.005208196264727365,0.005251755033340631
552,0.9091277773615396,501,3,0.015074619330014387,0.6623755990968571,0.9410566054841049,0.7004537967844968,0.8850798925330879,2,1.934800657479271,0.004992821816043798,0.0176600460707407
551,0.9094784563714677,499,3,0.015459251907831694,0.6567190175868667,0.9400431895832987,0.6969004780738213,0.9843011681753582,2,1.6418389037073156,0.00558152209289319,0.018365214268994644
554,0.9096900191831775,501,3,0.014955405625172806,0.677146919800782,0.941841707001589,0.6631748597991672,0.9846049821237728,2,4.7998017073293875,0.0464163690115869,0.004910519259285594
553,0.9090502873645352,500,3,0.015220307833897566,0.6814217776151122,0.9434506187732709,0.696749310171126,0.9818096450724293,2,1.9204740922037338,0.005320635593179175,0.004655554214643596
555,0.9103496226702298,505,3,0.01299098348561677,0.6736529920648767,0.943553856881405,0.6975681820490498,0.6454752090396413,2,1.7157189024164627,0.005282327305742708,0.004891477982930371
556,0.9094729141608753,501,3,0.01293449897841099,0.6853798398933533,0.9397892754076813,0.6959533770434909,0.9786555747936706,2,4.780219573387743,0.005394117228951752,0.005608274114236266
557,0.9100102728579564,503,3,0.012787228620192265,0.6663238060049197,0.9421156122816517,0.6549512398094465,0.9866747187621767,2,1.8097494856629528,0.009487030537762203,0.004763445224736907
558,0.9094221779279857,506,3,0.012918559004501244,0.6708398320221776,0.9361946477322538,0.6733971455810229,0.9799770448298158,2,1.8825688793539628,0.37406954197771614,0.00521523173439066
559,0.9097262446564232,497,3,0.01312127547405371,0.6791866103097584,0.9429536394245824,0.6924192172126562,0.9850712551469616,2,3.702701330429276,0.008318102441305132,0.04185745774740285
565,0.9086733514411162,349,3,0.013091931403346309,0.6852288693453494,0.9184873355168522,0.6806646115544753,0.9539490146492344,2,1.9042496120932026,0.003246031273891087,0.06158400159350359
560,0.9096090402092635,500,3,0.012880888043745278,0.6690538324741274,0.9422724915371835,0.6997654600040222,0.9847899132399777,2,1.7596821599270853,0.008135751276232926,0.0049438034312361415
566,0.9084712249903824,461,3,0.013134597901671345,0.5636633476202584,0.9266647070615929,0.6783651061371841,0.6115570979502741,2,1.6274152245297089,1.4477346986189867,0.0047830755889912485
567,0.908888647017978,468,3,0.013261845047214778,0.6856297937916045,0.9038197370298408,0.6853267272725069,0.5945278097216256,2,4.608992516084583,0.3466870998281231,0.038466502124393835
562,0.9097343456933389,490,4,0.012676340825111335,0.5623557505845022,0.9662440266256032,0.7688496319612366,0.9842639039907313,2,4.82716402267894,0.008433852315691175,0.061634431340050824
564,0.9089224473037308,486,4,0.012899371086129395,0.5632274621160073,0.9199730015061357,0.645136272647657,0.9557447584232805,2,1.8141861944668691,0.009008978478784962,0.03481625210480728
561,0.9093874757701702,498,4,0.012963601587290123,0.68485126594283,0.9199149152989379,0.6936892511317024,0.9901358793282635,2,1.8229738240922257,0.008113671505216068,0.03359607750811704
563,0.9092679866919442,488,4,0.013001786333142243,0.6854563216941582,0.916134091547788,0.7255381753325078,0.9534684159111846,2,1.725478335006307,0.010922877540483626,0.03485895611903574
571,0.8938002734381223,467,3,0.2550567458433544,0.566562902548593,0.9068583105629137,0.7229291049049327,0.7977812047996131,1,1.7598739077470538,0.0026972841188383505,0.0036356520782391483
576,0.8987671418786451,168,4,0.2438476280377625,0.6251186791031035,0.9641316749446068,0.7240250438297268,0.5357930329887239,8,4.643295818859179,0.011598990218248287,0.003698689177082902
568,0.9103657697833816,465,3,0.013205940742826834,0.6927295323910199,0.9213939321637001,0.6739435156391753,0.6105987724061399,1,1.7660441929455564,0.00368080628365838,0.05916122829374123
569,0.9082310647612253,466,3,0.019245079709233438,0.5562033589487709,0.9052372560449834,0.7178865100593641,0.6685232993516674,1,1.6968808167779932,0.0034964990221241156,0.05956762977982852
570,0.9081408639478254,465,3,0.019063357969717122,0.5549397100674653,0.9021681621281852,0.7248315446254716,0.6459987344310468,1,1.5016233361110867,0.010830271894583823,0.003923864416156664
572,0.9075115164288492,474,4,0.019282282186800254,0.501019565389573,0.9210016497996929,0.7227983975105574,0.9987574285461489,1,1.7369659438037146,0.0036634855573824568,0.03270056582434103
575,0.9083892552799047,466,4,0.019014945422996594,0.625684128240273,0.9661869850340016,0.9624439496096395,0.8152143738669708,8,1.5180316019396434,0.003472977478219033,0.003571517622838145
582,0.9097656664390602,421,3,0.0142780641577042,0.6906298874894772,0.9686356933138642,0.6341804303436248,0.6263513537820116,2,1.638282680829838,0.003845389087961901,0.04521949058402766
573,0.9086367190459932,482,4,0.018760482184180235,0.6295489829650874,0.9664001705960666,0.9601199153205187,0.6582723344677279,1,1.7122933773693794,0.0038083839367910573,0.0033115151410405236
581,0.9084087728586254,456,3,0.014191321703809606,0.6284595620689266,0.9649769574306547,0.964781611423981,0.6643833936297353,2,1.5152761722735297,0.0038444910285366954,0.07942486730754612
577,0.9081398467571586,465,4,0.0257695254147873,0.6264257540327947,0.96901089291433,0.965226307294732,0.6520815620412401,1,1.7284493070853015,0.003538758137689867,0.0034687983946108236
580,0.9099093340352894,463,3,0.01423821999490791,0.7002938984849437,0.9667768240421911,0.966752620219943,0.9488878271504615,1,1.7328307290814535,0.0033938757887097886,0.056066524798435165
578,0.9087492383042761,461,4,0.014130565712011302,0.6250755779003965,0.9662084346183324,0.9634774598625931,0.6481907701414034,1,1.710693460086486,0.003447541608742751,0.00025278919550230164
574,0.909106920733899,477,4,0.017475993860435163,0.632624889917579,0.9119814762757958,0.963042179930367,0.9523013950249627,1,1.7657731554897413,0.003492644974852559,0.03187778681594343
584,0.9093639449215847,407,3,0.01429013077479729,0.702614501125762,0.9662807038754507,0.7621531768385441,0.5482345579096473,2,1.6308978925754298,0.003857287177876377,0.04920218585707159
583,0.9099393686402969,420,3,0.014162596326593491,0.7117179294195957,0.9676481567840138,0.959828430969965,0.6133405835214542,2,1.5929589673604005,0.0022353307051370948,0.08458522395221402
589,0.9032644923329928,404,3,0.010232773433478485,0.701319952575371,0.21429415467628937,0.7657540937691528,0.6105285942022035,2,1.6375160515484652,0.002443800219087038,0.007098596929052583
587,0.9079683602390819,446,3,0.010220465013775711,0.701571215326139,0.998745910750095,0.7584470002021816,0.45165662190360245,2,2.0144666229670896,0.006815577959810158,0.05083042225887853
579,0.9098056968181005,466,4,0.019092010641436733,0.6268063407299721,0.9664931464817632,0.9853221893641698,0.9980002243010808,1,1.6738900899917528,0.006789887313986893,0.0031298767155097974
585,0.9097494849659812,449,3,0.014372853126408638,0.6939692321528275,0.9544016992208615,0.9652979385144134,0.6158063305788843,2,1.7846488393432784,0.0023515964023155455,0.0002859167336273897
586,0.9091386458169008,451,3,0.014319772865500638,0.6931228601420262,0.9995002718816405,0.9836920137943143,0.585257971227694,2,1.6237239533181627,0.0028875787222289798,0.06897471489451173
594,0.9074777984700895,447,3,0.012110530928933725,0.599432073714709,0.9991250319702968,0.22409113497461425,0.5902496858015074,2,4.878694235980329,0.0063931895603188205,0.002494752364615568
590,0.9093987789698273,483,3,0.01028096821516344,0.7058583286273783,0.9518243965237164,0.75747725606802,0.8370969237782678,2,1.849864950569036,0.006307516977168005,0.0063805112541221445
588,0.9093289612708283,485,3,0.01036796045928138,0.7020420068202832,0.9554148183991572,0.9884480370636988,0.8336456422086184,2,2.090036097833841,0.0019286064791921944,0.051183995901818484
591,0.9097605192155914,515,3,0.01022478017207571,0.6981312808153123,0.9977764722129153,0.7564013657906834,0.6160249184030203,2,1.5745107652781876,0.0021228906684235055,0.0075241584384163705
592,0.9081493205187632,443,3,0.010135673805560548,0.44541529274219255,0.9992520736555968,0.9864491939987088,0.5843824306439118,2,1.845956877798895,0.006792192927051822,0.007470363983757552
593,0.9089586555209956,486,3,0.010154714981243878,0.6058575541837952,0.9981546521680754,0.9258969678743435,0.6332921321383216,2,1.9967571570642162,0.00637960228640225,0.008016806025333828
595,0.9093676170247417,515,3,0.011876613057564623,0.6056196229093093,0.9495664081689774,0.9217362612058706,0.6201827774379414,2,4.874913976368592,0.014970959357401274,0.007963510011810618
596,0.9084518110235645,515,3,0.008988588033484944,0.6072413692338542,0.9468273771199042,0.9308436327636744,0.5775718820458818,2,2.2068394751862614,0.016333137697092426,0.00803608452386434
602,0.909043207167128,509,4,0.0502359342469816,0.6726793369105994,0.9510323901425317,0.9343508553755207,0.5998546935448843,2,4.514874511979746,0.016219690233415966,0.0018053334616227892
599,0.9064880636654781,515,3,0.0089296883537505,0.366522282912496,0.9490801312423833,0.9254720999728681,0.6324929528523593,2,1.8553634798345653,0.016567456404067996,0.006763193992902723
597,0.909890618441587,511,3,0.012019401278965157,0.6076042901460774,0.9980723684301959,0.9251028136558683,0.9153146796325431,2,2.088626040602951,0.015480863321994737,0.0015624961297035752
603,0.9019069532876489,513,4,0.14122062085255796,0.6671875900592296,0.9529023003993233,0.9389977941638231,0.917450338371002,2,2.139956617529666,0.016032912861227613,0.004706744864423254
598,0.9094767677939115,513,3,0.011925473576131239,0.6031888886401219,0.9511180401640615,0.9317762238841476,0.9134486298091651,2,3.9503020888514837,0.01576040962604791,0.0078662145476051
600,0.9094962641637394,516,3,0.00929846138562791,0.6087093564585466,0.9500260585639803,0.7868567830086686,0.6424675034094396,2,1.859237379752848,0.016918041261487556,0.007031459113185193
604,0.9091784011644914,510,4,0.012054181284724654,0.6642355746338751,0.5702050106434062,0.7781893756803281,0.5721855492225163,2,4.001848062852856,0.015892000023341575,0.0053890826734512036
601,0.9098784864987379,513,3,0.012014799574845896,0.6665217779944539,0.9469587819266209,0.9227410256886351,0.9137319457944577,2,2.161045659217548,0.01516805634836522,0.007865500433412567
606,0.9095909221894217,490,4,0.01723101844140518,0.6663746077055899,0.9778747275561609,0.7821618540556317,0.5547414527804594,2,3.957616951071679,0.015939802066165257,0.005224524490439945
605,0.9097732733619832,491,4,0.009060484813002737,0.6658514209787318,0.9758726444123447,0.7800624566382169,0.642701798342225,2,2.2211765271265245,0.017286905112520134,0.005541314392903959
609,0.9088601051693507,482,4,0.012002918029299219,0.6701187269796429,0.9773947644990748,0.7775054834671866,0.40356034597389506,2,4.97228652313981,0.010775520992603094,0.004456719727455041
613,0.9088230425909842,486,4,0.01675933988083379,0.6585855788077567,0.9773065508159304,0.7061458601195626,0.5672781519383545,2,4.928370428462475,0.010416428952666998,0.026243779423833623
610,0.9088439565358479,486,4,0.01657816967453769,0.6597564793159529,0.9769702337865003,0.7818849158046073,0.9657014324965597,2,3.981961165707962,0.010118184787353976,0.005617386706450239
607,0.9105020189801802,487,4,0.012081068777993233,0.6697294776470442,0.9781050116546504,0.7820271663520943,0.9683316351588682,2,4.021166667901001,0.17939999108919208,0.005586593686418355
612,0.9096181757688445,487,4,0.016102237912336,0.6621438161833743,0.9771421666614135,0.778746868891972,0.9688757858963677,2,4.603381554621441,0.17239973686932517,0.041769899756604195
611,0.9096918786481576,483,4,0.012328647114140084,0.6631472207384325,0.9758608743824759,0.6698017024891157,0.9650028499887239,2,4.996221908916017,0.010599200462514136,0.04228896358706352
608,0.9097029648177457,485,4,0.01237692234905921,0.6603554400986092,0.9774821370317254,0.6736854699376558,0.9144050437849962,2,1.3966684281782586,0.010459940467726504,0.004494404224728783
616,0.9088669689448292,480,4,0.013384711581325549,0.5884983252750287,0.9261516979691878,0.707554502577973,0.33423997144640366,2,4.915991572204898,0.010378892574442094,0.028473463180219635
617,0.9096966948912687,435,4,0.0149591621325155,0.589145853287691,0.9260584694603301,0.6719808133263194,0.9672718521772008,3,4.737923231529465,0.010741789331200444,0.0410057404191771
622,0.9083316796731659,434,4,0.015150756423453225,0.7248309076470439,0.9206709504748293,0.7504018672249135,0.504498484156293,3,4.161115295136796,0.24674303160794692,0.004044389883238883
619,0.9090943671217705,427,4,0.015111342711831116,0.5892066581872196,0.9830192248215103,0.6672842473902453,0.8633602644270021,3,4.646376473682444,0.24391700099972985,0.041041529222464804
621,0.9058283401467346,390,4,0.01346601355872742,0.301078608328886,0.9273163849394478,0.8017870626128694,0.9315111089025352,3,4.085171392830215,0.28890375786147265,0.004137675272880683
623,0.9085259642307688,431,4,0.015102461410173448,0.5896919198796748,0.925004102085114,0.6472315412191039,0.9353649426294349,3,4.050013010514236,0.1246476579530779,0.0024498712189906656
615,0.9089431135834583,485,9,0.013497712346994812,0.5833365036595762,0.9781613077235672,0.805137263367892,0.9662727912429587,2,4.6327473993969095,0.17823746364342405,0.04216864123215817
614,0.9060813824597986,972,4,0.016647773928546515,0.6568974752957509,0.9784422527899791,0.7519423174695004,0.9656418325873775,6,1.4404600083061117,0.6234302588605747,0.08079721835094075
620,0.9087483904806826,563,4,0.013622833530434334,0.5884424331105722,0.9330175722265076,0.6773821167930093,0.9489823127077163,3,4.265155034473959,0.2584941895401103,0.041971046983995314
624,0.9098617483492335,439,4,0.015314024588937753,0.6863370367024065,0.9254188761964477,0.7513031767777223,0.945735373125588,3,4.191867787719611,0.14495838477068512,0.0005336534533543061
618,0.907945597851781,476,9,0.013543864728357467,0.591736518398499,0.9223388937826233,0.9992289063966887,0.9655567952973204,3,4.615009518416079,0.004792521108324223,0.03846701260776596
626,0.9090477276260016,560,4,0.013443924119630926,0.6792482244660796,0.9334246092369654,0.8096343401874495,0.2708576321410435,6,4.057844674012536,0.23853087820230695,0.002769806857876003
625,0.9087882946706112,566,4,0.01368513873890395,0.718660731962525,0.9334284293442581,0.8060213919065758,0.5174304366310235,2,4.274229745430884,0.9013370301811888,0.0029471953159875513
628,0.9075934399966821,281,4,0.010959645472647167,0.683687183708769,0.8975166421409713,0.996889862290902,0.7101493059169118,6,4.260037607008065,0.15170233059779886,0.002516443708740832
627,0.9087085152534357,393,4,0.01365117859916404,0.681576103362685,0.9349122678883628,0.799841864588246,0.9327730846483528,9,0.8912549760726565,0.2814460961236861,0.002624089541106701
629,0.9082645501823388,569,4,0.010881334606163322,0.6817790759517346,0.9377627879702914,0.8011210338260772,0.9451376164256102,9,4.151585237124106,0.8756919761757882,0.0029548596182837057
632,0.9088733448397532,458,4,0.011269676928972183,0.6866877125255477,0.9009532176822763,0.8132640234544747,0.7099569183952689,2,0.26572252449505074,0.8759797306907525,0.05781895872540032
633,0.9100141096150995,462,4,0.011083791568079225,0.6346057563946773,0.9018882625542108,0.9984867879189794,0.7715031254068535,2,3.5811699840408884,0.20234172282630727,0.0031799491782607573
630,0.9096640899812899,888,4,0.010740994197421258,0.6811780768799742,0.9348584152818636,0.8030868411855842,0.9452426055885855,6,4.449059973393348,0.622501908350942,0.002786859595020834
634,0.9092717121214038,463,4,0.010768095295024913,0.5708676011228258,0.9597635897889634,0.8103806675000107,0.7102865726319598,2,4.334296710324379,0.20833743316310796,0.07107733854317864
635,0.9094996616155344,463,4,0.010856595000410649,0.6343314620818774,0.9011295941319192,0.7281145452816685,0.6856602385268721,2,4.493267159598706,0.1245945516152886,0.06287446566576002
640,0.905287941888424,464,4,0.11500271016898725,0.6346393897520579,0.9606587350179553,0.948360087579651,0.7678790124787661,1,4.5115034445564595,0.004996055565228058,0.06492718269222134
637,0.9091191181278473,457,4,0.011140106608665221,0.6355547557818777,0.961701116532117,0.7366198858278488,0.9542710214423318,1,2.890011446490104,0.10146706806627115,0.005976348261416639
636,0.9089776903123372,459,4,0.011159815893519182,0.5708321396239242,0.9620471706491767,0.9473667204358924,0.6883675793234769,1,0.6005814557322626,0.15344750808597415,0.06385061609279116
641,0.9036641301337532,591,4,0.12314456870170924,0.5672210522348581,0.9587541786634174,0.7269480452453512,0.8961337431259717,1,4.465784801723771,0.17815753347218136,0.00010582492638169849
638,0.9086124715800835,461,4,0.011087965938517115,0.6352360697455236,0.9559473522507916,0.73509933686097,0.9483417526751116,1,3.599717988436316,0.19474762135088786,0.00576128445672401
639,0.9096100880349978,457,4,0.011510690740188336,0.6368087756423916,0.9578953548199974,0.732255061100513,0.8684252780961188,1,4.516984942980821,0.1964753233953019,0.06089384676327024
631,0.9096536130162457,897,4,0.01088258277742516,0.7267588360965054,0.9393714020836699,0.9957939005820629,0.9541952838095236,2,4.193559290566948,0.1848952357153494,0.0027266115335404387
643,0.908975701085421,500,4,0.01262164895977346,0.6195251850017702,0.48273945371038535,0.7305540738315495,0.868755357827935,1,4.510979837117517,0.10148210430456561,0.005953542300562048
645,0.9093021230512296,542,4,0.012529075181819232,0.6483874809421427,0.49646405828970663,0.7358564498515612,0.8154938792065374,1,2.882741623068675,0.09595470679583558,0.0058098834310563174
642,0.9092052209878462,546,4,0.01251413024066092,0.6170742258216435,0.9582260249990896,0.7308004830233312,0.8688509728026462,1,2.875044223138203,0.09596645078774554,0.06850262555246603
647,0.9091996111216455,545,4,0.017375043324508645,0.6120675450608118,0.9878470108565038,0.7063068211205981,0.9242761350605053,2,4.828708234144561,0.005662448386533033,0.0043815604544481575
644,0.908872928567719,546,4,0.012483383578783454,0.6516496414791481,0.958206611529479,0.9484538471121134,0.8685574145385319,1,4.732434896590146,0.004720931751957034,0.005759085773001206
646,0.9086829195404842,495,5,0.01262744632196185,0.6114084452752196,0.9554249469427188,0.7132997439080303,0.8939334618324888,2,4.8284799671529495,0.005364344106709339,0.004441338586011689
648,0.9093880055363878,543,4,0.01255189252029143,0.6128060024763998,0.9867540984564959,0.7079759039028066,0.8164504820450149,2,4.826064186866153,0.007980900467705747,0.00508051757030848
649,0.9094494090822348,501,5,0.0125572342387003,0.6171235531946833,0.9872735667530228,0.7625872951554109,0.8681764682189999,2,4.820576310247425,0.005718223274040602,0.004668595616022234
652,0.9087487823510875,537,5,0.017518746839906476,0.6043966835237892,0.9897959266846976,0.7046339792621359,0.812462093151088,2,4.831710874528204,0.0077664099715708135,0.004291435220964186
651,0.9092041045182755,539,5,0.012699341158580306,0.6177019817884096,0.9898232849025068,0.7059428820093884,0.7997007720042678,2,4.765847450540615,0.10037071362896309,0.004327375190021607
650,0.9089818337242257,501,5,0.012500154455190432,0.6103136917105156,0.9823467070339824,0.7651433595837114,0.9268841260109841,2,4.840675477457917,0.006447819596662107,0.0048909388857436824
654,0.9089759271615769,522,5,0.017225660314920246,0.6519423916809606,0.989455586934144,0.706805745918796,0.9268898997576073,2,4.75822711974396,0.007278343006284942,0.00427484796813352
655,0.9090451256977345,500,5,0.015803360154018703,0.6513654791884074,0.9875734956583668,0.765261231329618,0.7888430921585534,2,4.736272566419311,0.004699539242825295,0.024046056141943842
653,0.909434420400334,542,5,0.014697212886416901,0.805766159196398,0.9888526844339917,0.9796990086920747,0.927650832921822,2,3.8317968285841153,0.007578167204455664,0.0039660130451609965
661,0.9087165756209691,517,4,0.014607514696814986,0.812652571672405,0.9732494495531817,0.7634442286480679,0.9299654344578158,2,4.345215696543946,0.012648566319710897,0.024571459763660732
660,0.9096374931933898,520,4,0.014682702591922508,0.6515317724504068,0.9715735079297937,0.9751415534484608,0.927191268299862,2,4.362749218971094,0.013523081274153788,0.022644360466934993
657,0.909201094755921,521,5,0.014412386705163597,0.6133521327000028,0.9992175455884337,0.9811796609861447,0.9710976580231255,2,4.371062361644655,0.006758195858256251,0.02218176521174532
656,0.9071419142213244,500,5,0.005036890861487153,0.6507890598635009,0.9867270709285265,0.7667807172616872,0.7946710241934917,2,4.829902716462287,0.006381939218856894,0.08851900921608925
658,0.9089243631737236,517,5,0.009633999414664675,0.8124257515386522,0.9712716584414416,0.7662618763521629,0.9712542659259505,2,3.059124264564675,0.008324479825697869,0.022663229326985487
662,0.9090372620635879,519,4,0.00952970634906887,0.6520746648049257,0.9993951831744062,0.9753005048159468,0.9688802562242101,2,4.334583673953227,0.012721263929095002,0.09329905584888522
659,0.9092154857879435,523,5,0.009726598057291947,0.5314614286551383,0.9708938479944126,0.9803597468651791,0.9704560218571157,2,4.372832742379216,0.007673080387992436,0.024761281500917703
669,0.8995904248066753,471,8,0.19835785743052706,0.6676606341864404,0.948057027904207,0.7494065186319525,0.9011650640322686,4,4.587015609342666,0.027025281252338676,0.634245667246699
665,0.9093398319306983,520,4,0.009857885288963503,0.5426419858839616,0.9993240211768339,0.9751378309737173,0.4831143861246604,4,4.335461383704357,0.023525122853262644,0.5838993324837454
670,0.9072412142579223,474,10,0.01571828568737564,0.5732288968514568,0.25853906572199176,0.6501869160320481,0.9067879445186695,4,4.609228592214154,0.026225516705033074,0.009416662166770074
663,0.9089944388762443,519,4,0.009678617078206123,0.6532079519003817,0.9723219753433503,0.9779660598683306,0.9697773925139862,2,4.350898939172854,0.012117679780423518,0.09386767896623825
664,0.9094647675894547,519,4,0.009446390554907567,0.6523072923156015,0.9716075360352667,0.9781945846585813,0.9706551610569674,4,3.854160962323605,0.012834680229749327,0.009430884001345093
666,0.9094422831222702,478,4,0.014534625986898756,0.6517775012066823,0.9695001612756587,0.9742566994329084,0.9695733414158332,4,4.366926211234603,0.011974710355370864,0.009520999516788779
672,0.9084994737153856,474,4,0.01570833116564981,0.6729258041958297,0.9451387434703219,0.7492108329255189,0.30100247893655846,4,4.5980463474197215,0.022128853510095844,0.010048850016269305
668,0.90906939490466,475,4,0.009750101761114254,0.5483293717986154,0.9445229315781735,0.7487177582151846,0.97266064882497,5,4.607901796888783,0.027237349043693387,0.031806173693275666
671,0.9080937605170263,472,4,0.01592286757667986,0.5478282347879044,0.9454839003600062,0.6945212197313807,0.6003464526684004,4,4.575969854207437,0.02737212901785611,0.030562001447078456
667,0.909823147479982,478,4,0.009627938925857372,0.6721971208764043,0.9990345506807814,0.7500100852114913,0.9691811106417695,4,4.996415393325253,0.024514835160436326,0.08458320437892854
673,0.9095201836139759,475,4,0.0163393472185549,0.555260685072123,0.9450522001656434,0.6871985302583357,0.5975139796884908,5,4.614452896302435,0.022051625245209625,0.009500729455301121
674,0.9092714131064208,479,4,0.0162633164428235,0.7068190025637916,0.9427495529839182,0.688520357736573,0.956588622819594,2,4.634579063150266,0.029036971030221834,0.013022342408995248
675,0.9090248788827783,443,4,0.01353476383195261,0.7163797304189146,0.9432705738140648,0.6869359430431643,0.6000751044039403,2,4.997229829692807,0.1433983626629886,0.012306230743816749
679,0.9088465149820836,420,4,0.013691760107072397,0.59430327071848,0.9441098639515021,0.6835342187336998,0.8886536342812701,2,4.706492467094048,0.1488313067784098,0.014991088044097304
677,0.9092359593632139,440,4,0.014281516497928963,0.5957089457364798,0.9439332697905524,0.6900056570583717,0.945131247806579,2,4.998866315539649,0.0029632150841713448,0.012339246848680228
676,0.9096392618174127,477,4,0.013527040388128924,0.5529625104874577,0.9406880305858047,0.9530251889104535,0.9536493990150904,2,4.934563002222158,0.0028906942676043142,0.031017140173047207
681,0.9084972548394893,418,4,0.00802795072642695,0.5951189186008291,0.915990932418098,0.7894254014980489,0.8491757545890047,2,4.978478765483417,0.15646614441297868,0.014010806090724961
680,0.9085838537139189,444,4,0.00767258796256896,0.6317709735084582,0.9136419960736837,0.6938218906247633,0.9516347719918544,2,4.68530303513171,0.004573244572932149,0.013151553322709368
678,0.9092945992154746,441,4,0.013673782365356744,0.7129000353723906,0.9398250213934509,0.9105205407747932,0.9505785029713459,2,4.98676373791784,0.02281297893574413,0.0034009062814108486
683,0.9087406067409676,421,4,0.013732350925200257,0.7137021576554672,0.9162296597210317,0.7890900990728219,0.947660162930198,2,4.717918253342466,0.004640781356119139,0.013612872694579033
682,0.9074063410728106,416,4,0.007726020891998562,0.6296014978408714,0.9147326495397348,0.9497404776510913,0.8503292833591265,2,4.6736292370458505,0.33397539849386254,0.0021400607411651233
684,0.909348552510543,417,4,0.013256850391401719,0.6316928690155706,0.9147076435363766,0.9490511985663503,0.8483211881667999,2,2.6884687716526767,0.35026009128682356,0.013735130065401661
685,0.9099026397029016,495,4,0.011634035047290759,0.6316387858872002,0.9189997567589079,0.7878791723128504,0.9471172116214114,2,4.706044220300818,0.0028587763345936587,0.006357710755701457
688,0.9091194035736999,502,3,0.011979381154787,0.6312892636070497,0.910762746894158,0.7910478360417764,0.9882074729938954,2,4.098920151790185,0.004518405454955607,0.007132455192285109
691,0.9099876077731034,498,3,0.011764285931473193,0.6407732560397033,0.9664842422187192,0.7212341133566739,0.9833762817999936,2,4.121241332171083,0.009478807336351388,0.006755578912789517
687,0.9082931197013495,647,3,0.011804134168882994,0.62418376719721,0.9148986907353323,0.7835678492076985,0.8434180320164574,2,2.397711839371055,0.00421846551198934,0.0021898536158400576
686,0.9095207895497659,498,4,0.013576318657479798,0.6321030283253505,0.9154793095393433,0.9495715217596056,0.9997566673249882,2,4.111861609157654,0.004423891276059042,0.007160339031146373
690,0.9094786015649639,646,3,0.01170705893664794,0.630567123028199,0.9670601823145182,0.9105558454739442,0.7575819814045566,2,4.120546218816473,0.009301872685711839,0.00346077477119576
693,0.9096373754422243,599,3,0.011892532642169282,0.691973206344598,0.9646012874478858,0.716605269509499,0.9998435012722722,3,4.095085423453663,0.009074686950104882,0.006810471241334303
689,0.909262851555264,644,3,0.011741351494887793,0.63153875630291,0.9150531370233416,0.9155510498491346,0.9860367513466047,2,4.066243798473924,0.004211360749979762,0.002011686356607495
692,0.9092010077918584,604,3,0.011883571578089938,0.6281509048845058,0.9651614831352308,0.720523154277266,0.9880590398871975,2,4.476417822913928,0.019089110873698866,0.006682395510128647
694,0.9085461186844175,495,3,0.017673753020917886,0.6924586185470263,0.9650869921468684,0.7285884206093525,0.9836383999718388,3,4.083693727877308,0.010130978146708634,0.0034511015344709417
695,0.9091274879627751,639,3,0.01184938007174498,0.5775011389663792,0.9678157293220782,0.71782637749981,0.9869248872978624,3,4.462900753297041,0.010099054045769239,0.006941772771965924
696,0.9091772453178366,494,3,0.011765365060626773,0.6922544667628683,0.9592960522724326,0.7315946794436663,0.9059231064459847,3,4.482092058988896,0.009395743041337796,0.050422320544600566
699,0.9101356716155502,607,3,0.018133811788373522,0.6974356146702798,0.9652004678881707,0.3597497567743404,0.9084398192547182,3,4.493397594730869,0.018375134305555544,0.0031953170292429167
697,0.9083049699232053,612,3,0.03498425540963768,0.6745348708385832,0.9615092503459739,0.7191257876373557,0.9096077023950281,3,2.371911224622438,0.018064416755305072,0.0034278041806687677
702,0.9083840118942513,581,4,0.017656476906473813,0.5798641362092566,0.3480512328440746,0.7458428871702428,0.8855219271158219,3,4.444963399882136,0.018875196647787904,0.006024209629563577
698,0.9092221753312266,601,3,0.017855290606696765,0.6948631740022646,0.9658697010795091,0.7147799381380587,0.9104236416506736,3,4.897751326386822,0.0185607280952265,0.003764030232827114
700,0.9097265420370292,498,4,0.017736107537371638,0.7354486258820195,0.9604889070807676,0.7183819908658432,0.9003352811246846,3,4.884027392183127,0.01832048232558988,0.40139795603143974
701,0.9098101950038355,616,4,0.018488589364297925,0.7325645904908051,0.9732416295611093,0.7188277207377894,0.9084792557103757,3,4.477959504022233,0.018418428455328113,0.05206337220277339
704,0.9071982901953067,572,4,0.014777751989443741,0.6050161645673761,0.9999248116392442,0.7423157505013005,0.88792098607259,1,4.248014331189196,4.022040308649319,0.04945250877003005
707,0.909231435179481,629,3,0.021221417642519575,0.7287550432606579,0.9806784362920168,0.4973635200204943,0.7288242612307851,3,4.249084032862677,1.5210373135777793,0.003711313538584399
710,0.9096943999978351,580,3,0.02054232794679556,0.7323729312533742,0.9804182667499338,0.337194678302318,0.6677893274760948,5,4.262821863447169,0.013953324637135011,0.002979567274484902
705,0.9085825600474691,574,4,0.034866291828406046,0.672535041654667,0.9871433889229451,0.7724855038689441,0.9074504327620969,1,4.8447958965890825,0.018162270497291747,0.048624023685975896
706,0.9062373293208642,580,4,0.014770125818576554,0.6696854759812025,0.7186395377519934,0.7467734514120821,0.8859649217583891,1,4.886461123263607,4.1654815642545175,0.051673046395096754
708,0.9087212694758451,581,3,0.01727377798614784,0.7352763276506026,0.9817637881714739,0.5396714424364928,0.9359071328604487,1,4.2785210665164675,0.01800514507522483,0.0033027218761878946
703,0.9073450820363018,584,4,0.017248734245467495,0.5774111149763185,0.9823714970209249,0.7717026991636866,0.9046416602708047,3,1.186792044336059,0.018183259569740113,0.052334221185073006
709,0.9092384095604764,625,3,0.021972936206812146,0.7417971606935417,0.9825500985723818,0.7691971349997204,0.9377250155949178,5,4.285927129987019,0.013111876183913821,0.0030534224579590622
711,0.9087785077167532,625,3,0.0187401209296937,0.7297238048678573,0.9856272584794553,0.7733592108682207,0.7341988803219937,5,4.2521113604766985,1.7668297912096496,0.00159721629509466
713,0.9078539401622786,587,3,0.020514494264376987,0.7098930423752497,0.9854516215929914,0.319465653940775,0.6736892475779284,1,4.261169906038863,0.013976586575021873,0.003164670187718665
714,0.9088784135371057,445,3,0.020512292660719373,0.6761702262782557,0.9827739687477174,0.3058155255368785,0.9350127838211141,1,4.5271642435902075,0.013984562719959705,0.00167927915130807
715,0.9100014513268222,450,3,0.016880980823591244,0.670627189353699,0.9853148151015481,0.38671439301774824,0.9582535346068632,1,4.561074775346076,0.013183616949611555,0.0017219688608777221
712,0.9100236490558562,582,3,0.020509925855623917,0.7131603139634106,0.9817942085374871,0.9343215594728285,0.9271568497201729,5,4.560728207164331,0.013267094883908061,0.0031464533103229687
717,0.9087824671662013,625,3,0.016414632022591948,0.7125707914500962,0.9844977655228102,0.33142962082459804,0.9364889490478274,2,4.495997326557985,0.032479193800746334,0.005224066640264763
720,0.909936937219366,454,3,0.019286888717863278,0.6960032137767376,0.9980270443265863,0.46216481734867454,0.9551489124198129,2,4.520771549642566,0.03497061475831265,0.002201568750798265
721,0.9081563505445956,450,3,0.016410345390319676,0.6998369933183568,0.9546338141226953,0.40329764565449777,0.9269680332035282,2,4.42419594121498,0.013442692154625856,0.004728349674830884
722,0.9097262515740191,453,3,0.015796003435948985,0.7027425080986085,0.7743303674889257,0.370247563689353,0.9628220233268461,2,4.537079026954899,0.03605481729198366,0.005143638668135327
718,0.9085433905670385,624,3,0.01926571134746435,0.6955290861392601,0.9843544077127504,0.8329475590777381,0.9586969384453919,2,4.552741075660439,0.03552703147739316,0.0016843514429115154
716,0.9087840798022377,619,3,0.01603751292569642,0.7146139801573113,0.9830781061407788,0.9604946750221541,0.9380924615693256,2,4.550759388719529,0.013506034226993232,0.0017661343110908076
719,0.9089121959587375,620,3,0.0158690452037046,0.6967756088026608,0.9849378023833354,0.937756454676762,0.9261790356119457,2,4.530639372059671,0.03385793086365678,0.0017078314177929156
726,0.9091539736890532,462,5,0.015587193212874564,0.6984195070883925,0.9569138070300771,0.462617559456809,0.9592801636904669,2,4.425546048673107,0.02348293734009075,0.0021202160084610976
723,0.9085900005680031,608,3,0.015551822187166952,0.6859456459396736,0.9535846346190885,0.9997825721511673,0.9541705819570667,2,4.405520790879309,0.03272010079274588,0.004960200650174561
725,0.9095365478332145,468,6,0.01591367653395154,0.6880821636634574,0.9499364557186475,0.5119944886668121,0.960817241853564,2,4.409469652587077,0.03132423290180107,0.0010709954996044864
724,0.9090019131485649,461,3,0.015635715524785685,0.7734313066039449,0.9990431133128329,0.9331824588290549,0.9575306144843648,2,4.403336438659125,0.02128237511713791,0.004690233837323106
728,0.906707200560535,468,5,0.015508277302982255,0.39155488170797215,0.9541553155362339,0.5815981747127784,0.9792415695948979,2,4.743826227159646,0.0076126184833202925,0.005094450865488673
727,0.9089959181015027,469,5,0.01610807756046297,0.7778186655999733,0.9545121335518926,0.9572437131957541,0.983366901972343,2,4.387410833085213,0.021576465345880032,0.0048719604494925906
730,0.9096877885245629,487,5,0.01038344469197716,0.5962640667591064,0.9547697845281091,0.5296299845920416,0.9838834101626202,2,4.734189143653283,0.02162654545537291,0.001146961994291003
729,0.9090300386491403,487,6,0.0149662797676314,0.6049753049139426,0.953240317150491,0.9591298627621365,0.9760009545430067,2,4.729695681872311,0.022035465479528508,0.13052286010479802
737,0.9080233278361505,491,4,0.010549801298675287,0.5989854707994828,0.9313310750100157,0.44318719309873256,0.7757911554571363,2,4.735279879684095,0.006256686588391111,0.00390400255905259
736,0.9088993451940557,490,5,0.01067290750349436,0.5991701736269985,0.9297037371552133,0.43117643805113903,0.9807931238144778,4,4.7106055670315445,0.007670013263609394,0.004179949137075394
738,0.9080416468463607,489,4,0.008595559465444097,0.6003997934270273,0.9671530655772925,0.2392347410723174,0.778894192755306,2,4.771209823571615,0.006029660957899887,0.003853553797162588
733,0.9093776372764217,487,4,0.014581568542481032,0.5984045071899735,0.9990922028630126,0.9673841622683353,0.9806811457119547,2,4.771971835428142,0.0057400254188283446,0.003976728491043977
735,0.908576395253246,487,7,0.00855190534987933,0.6018091866984022,0.9984337278084959,0.43508423167716315,0.9825690895568684,2,4.7435587651391655,0.007879303931516861,0.004057574083746489
734,0.9099217259581159,483,4,0.010457535888810173,0.5950463283737585,0.9334356727011085,0.8801457063169157,0.9820426494177948,2,4.781129694480409,0.02287521465412041,0.0011885446056685571
731,0.9088029400573137,487,6,0.008727954130182318,0.5972629728797834,0.954499250173412,0.883090089871327,0.9811966039190598,2,4.74316147756164,0.023734259686705436,0.0040257191624524045
740,0.9094663824299998,509,4,0.013030938897136187,0.6568106928841182,0.9717269032614033,0.3552369906196554,0.9778104310313437,2,4.885903917907956,0.005934318146168105,0.004137901334549891
739,0.9098074392920907,490,4,0.008916334133139244,0.5675037053793704,0.9320143965915638,0.8791883503867395,0.7621976433761009,4,4.896125509885553,0.005573949400619388,0.07658866170551185
732,0.9087527287255192,486,6,0.008860359502963005,0.5942013454336618,0.9993218832960512,0.87521426223275,0.9793926754045555,2,4.740842771924787,0.021545693163635162,0.004287074732866445
748,0.9085779568815149,531,4,0.023545289434345067,0.5656659706290553,0.9735910640955192,0.28903445572562386,0.6301727107861536,3,4.8915836502057966,0.010939603221456049,0.008773778999011078
745,0.9100421154640713,512,4,0.013870373612426077,0.6569520488060605,0.9695755009216531,0.48105456884574027,0.5434019272387256,3,3.4203776079736463,0.01121952109735182,0.008277341544974755
741,0.9101862406858752,506,4,0.013212030867842957,0.6572423607526715,0.9350537555528895,0.8792862124737107,0.9992301485425,3,4.798301168223914,0.005970230655012717,0.008747069818950496
747,0.9089455162697598,511,4,0.013535987360608619,0.5674849614557921,0.9689312087486452,0.4823512300684972,0.9185077895528442,4,3.3701768588829797,0.011420517064005284,0.008443627299673523
743,0.9096833738060838,508,4,0.013086042058965724,0.6566665387635098,0.999188233523013,0.9865510437375534,0.7554206674954426,3,4.652275738371071,0.01133305801772737,0.07061796203467734
744,0.9093961562887728,505,4,0.01294527121533499,0.649494985402839,0.9694331472460883,0.9835523999827255,0.7559794182242467,3,4.870747896540454,0.010317082243112704,0.008845910982062437
742,0.9093554781642968,507,4,0.00859835089284476,0.5656152970538034,0.9992351450001855,0.9907613291885149,0.9952436596018376,3,4.90747586053058,0.4405456009859587,0.008517370541430438
746,0.9094677195024634,509,4,0.013287191128451881,0.5677393147956544,0.970276780571617,0.9882373722052473,0.9999669240437814,3,3.338908639379886,0.010243432285597332,0.008720803413601805
749,0.908822635821142,537,4,0.0132807199520155,0.6509799375250147,0.9714152108187122,0.7645189710488222,0.9999102063043432,3,3.3418901312089497,0.011171114360148206,0.0025368254154859715
750,0.9088218822592948,556,4,0.013371172849375541,0.6616487404901067,0.9726582249067279,0.9857794952713201,0.9214261764876597,3,4.892981997254156,0.01093990253897993,0.002408154852706373
751,0.9055422334736962,552,4,0.012898093956892218,0.6472565913706065,0.9740630245845134,0.98185512614355,0.9166612536460748,1,3.2297369008912113,6.744946386281336,0.0025616338424424958
753,0.9090486624136578,548,4,0.013176030094400971,0.6492869219338808,0.892912431672685,0.8961557044227337,0.999381137563977,3,4.604917526258592,0.0035396632645197106,0.005713287989018742
754,0.9087143305190221,542,4,0.014324338629070827,0.6474690796196695,0.8946674797546492,0.9082362210165073,0.9993753053933955,3,4.606455954668306,0.008793585848120865,0.002302475738089158
756,0.9089895859166628,561,4,0.01403786657429629,0.6798575305239639,0.8950931734860317,0.9090273665116266,0.998202160504742,3,4.5941499411658135,0.00391729339882973,0.0056713763693489565
752,0.9080287634701556,551,4,0.012986041241044712,0.5144091299253739,0.9674747150952093,0.9869000443145131,0.9994250273295123,1,4.6423576448632184,0.01535613189589422,0.0025667782914925914
757,0.9100137083945375,533,4,0.01450947810626893,0.6736248625310215,0.9319684265448348,0.8400178332893724,0.9956375728481944,3,4.628212919390861,0.004379777484809479,0.03727014086075528
755,0.9074571278573625,545,4,0.005774048961098454,0.5153669591836676,0.8943221116497969,0.8940676322812434,0.9999626440232475,3,4.638758550257222,0.00394015239193044,0.034113912850960576
758,0.9094075670532453,555,4,0.013988667429379275,0.6767035694703839,0.8960224402192019,0.8963595919787128,0.9940907258729631,3,4.630548019574669,0.004432592114993335,0.0026918672558504616
759,0.9096949822161532,562,4,0.01444129340672555,0.6761874474174229,0.9339201030968215,0.9035508201996958,0.9726767895551399,3,4.631557502359431,0.0038693616203503227,0.0060494601047036654
765,0.9087549900192015,529,3,0.01861641861501678,0.6175451260116175,0.39220589012966905,0.9187618537858074,0.9613723728132278,3,4.197502116799643,0.007527579735047839,0.27538391931374145
761,0.9087513174599391,528,3,0.014450097145317283,0.6181181591797601,0.9303146004987448,0.9099666463544536,0.9713263862232989,3,4.63157798589529,0.0036100799912387876,0.005675843495215335
760,0.9090169180222013,555,4,0.014477506144808663,0.6792278454133672,0.8974154484430042,0.9096258896817576,0.9988106824721039,3,4.622985746867712,0.003897327420833293,0.006179703182845154
762,0.9097342350118046,526,3,0.014548023494503813,0.6159648417245075,0.9339792205462937,0.9083560021157487,0.9705035991364711,3,4.613035702183,0.0076460126272938755,0.03884414656031228
763,0.9096451296871348,527,3,0.014751708222115887,0.6169452808955332,0.9450098137902916,0.9010807875953585,0.9683471854337788,3,2.491666321120401,0.00453045911878953,0.04175848578775254
764,0.9091375757940459,521,3,0.017681748492547587,0.616546919387026,0.9326764829768452,0.9004973388099095,0.9699656916497891,3,3.934761239710477,0.0056482944787763015,0.03748965663574233
768,0.9088183478999152,678,3,0.01740966861610436,0.6203592793427385,0.38811784745561906,0.9189460904914449,0.9667221794720384,4,3.9267259417888747,0.007453147507051771,0.0621205996197846
767,0.9092162204214242,524,3,0.014920036162241962,0.7586354508577365,0.9434063938248267,0.913638859082053,0.9675034396938779,3,1.5306083111190285,0.005386708811587829,0.006012502138955745
766,0.9089823141550616,680,3,0.014923100319406406,0.6163570005497776,0.936714247071415,0.9002890606831637,0.9669321436376463,3,4.329007596860929,0.007595374434112723,0.10272013259962934
769,0.9094259553914495,515,3,0.01781227606259871,0.6134571301623726,0.9426144465142169,0.9174044672763683,0.96684762959009,4,3.940892379594535,0.007956489221280293,0.06399514928066817
771,0.9093229962506933,654,5,0.01783729757064736,0.6181991885283025,0.9454852682436311,0.8673564282375544,0.950334558015936,4,4.360816217751748,0.0072179344348143335,0.12010191152315851
770,0.9091473866934281,527,8,0.017518843347422267,0.6203061552283292,0.9425551608025524,0.935651913085744,0.9672263675231411,4,4.365149761815216,0.0028038182255699005,0.06415746567189888
772,0.9106950897657651,658,5,0.017337542091355424,0.7565157492408837,0.9510319544925101,0.8659869965382971,0.9441092277693824,4,4.199995694849208,0.00521699028856496,0.12100250850255422
773,0.9088613000130021,515,5,0.01756978821096308,0.6166428600138911,0.9492108610291246,0.9443245928751107,0.9445370496602681,4,4.341477569917281,0.006477802366288406,0.0006953098239749893
774,0.9093529504291464,505,5,0.017639498830775337,0.7551857211639034,0.9488736625823105,0.9344101652522885,0.9407728066893746,1,4.3459870062684045,0.0062492993283006296,0.09788121029046234
776,0.9023949545579326,502,5,0.04613803328899518,0.5806410465299114,0.9459986085144749,0.9386902197928564,0.9469144657218123,4,1.4107881312565047,0.002417377069111179,0.131550032938159
778,0.9061318029918557,655,5,0.04418669480488003,0.6364958943775256,0.9538872995660092,0.9353927073397162,0.9455931992075969,4,3.710926800427132,0.015592958550495072,0.0031896265355332823
777,0.9090646622048224,504,5,0.012375239851862735,0.6387795815245707,0.9558072637632863,0.862979596172511,0.9556242053996288,2,4.354086256986491,0.0029817709361267264,0.0872837272346405
782,0.9093911995652526,645,5,0.02120450360247937,0.790189324205785,0.9230481560773989,0.8133739143565162,0.9478050476691998,4,4.48009482401324,0.0029977332338856455,0.0033320216720983983
779,0.90842079875701,603,5,0.012483352330995753,0.5808779589299838,0.9536464383279973,0.8235494232289075,0.9478204717890062,1,3.7321643207718656,0.0028235320035609243,0.08226595156032608
784,0.9094586059119509,646,5,0.019615561489491187,0.7739987389932657,0.9226319884101196,0.8635897069503102,0.9357465506704286,4,4.472273250372801,0.002970868455881527,0.08990666294869513
783,0.9091501644502588,677,5,0.01659627943837886,0.7898130678117048,0.921173543998042,0.8585378014509135,0.9477764882928276,4,4.460870141001201,0.0028954749349389573,0.09526517839943245
785,0.9097915582403193,676,5,0.019533476730741003,0.7114836367807698,0.9261843113201023,0.864447911638603,0.9387356249111564,4,4.4707115976477105,0.005029281491736571,0.09304443902500822
775,0.9069973470335585,657,5,0.017536634819750915,0.5812108969930905,0.9464571648936354,0.9438381716525286,0.9490673270757698,1,1.4185955025616752,0.005888199348578698,0.09171763539900714
788,0.9083509000233161,469,5,0.01962976996449697,0.7568235684575606,0.9242225623832516,0.20346896105471093,0.9378535667179556,4,4.508241624669586,0.00472867500055682,0.00738806735946455
786,0.9094961661011165,678,5,0.02154863852048869,0.7866937956457661,0.9250676862659513,0.8623392992409812,0.9335510445634045,4,4.45686170419668,0.005407425463087411,0.07609404134660393
780,0.9093560861525603,437,5,0.01107267765837314,0.5856228448267178,0.9554509326308468,0.9440431521602111,0.9546942998759974,1,4.191404747903471,0.015888117477354795,0.08618871656939664
787,0.9097303708123305,647,5,0.02176731169237205,0.719881247957738,0.926412186201428,0.8248372342425038,0.9360017000582734,4,4.50351244848958,0.005617269088465012,0.07608773266362497
781,0.9091309249436893,470,5,0.011737371817183866,0.6373938101153068,0.9585876107273679,0.9427019100085732,0.9417117871308542,1,3.7349691272787875,0.015960658357651664,0.003451432691766726
791,0.9091276031293439,667,5,0.018336854778263093,0.762855568406254,0.9999185418255525,0.8244116738786514,0.4445888475699968,4,4.197968734745764,0.0059665974562795425,0.006871440166422761
790,0.9087864937391348,631,5,0.023389502112190146,0.5842597183606971,0.9726255927952783,0.8722131648809245,0.9248929995001444,4,4.779025548351587,0.0052198431888105966,0.010761483203266092
789,0.9101391755679149,650,5,0.022020662040788737,0.754188364951407,0.923328940039535,0.8753553085002568,0.9378081762850516,5,4.207723207221902,0.0049516419577301995,0.0069830237662936515
792,0.9102829092994018,701,5,0.021917410365178438,0.7658668882398452,0.9734668202485682,0.8873717175507773,0.9237154736899531,4,4.737012690710782,0.005316626448855199,0.006905818528169059
798,0.9103020860915031,613,5,0.016334652778637864,0.7456550826073347,0.9998245364371644,0.7474721584170583,0.5651270709901653,5,4.774127554783668,0.009655328488356488,0.011079375132792921
794,0.9087913860758008,633,5,0.011392064625823243,0.7727684535556489,0.9723649784899709,0.8836662891572099,0.5720899024624787,5,4.796092682037965,0.008615874296525513,0.010931251297270416
796,0.9092620196953533,636,5,0.011495400513669499,0.768322656137042,0.9827491469604273,0.8805463040057604,0.5616759380870041,5,4.744816892263025,0.005483722506923228,0.010436920797160154
795,0.9102531212192677,608,5,0.011409925004028775,0.7531132996578379,0.9718712582614649,0.8933542150301622,0.575310983666784,4,4.8057872425454295,0.008950843700269712,0.056021277614922926
797,0.9090057468650065,471,5,0.016303190577651096,0.7456477309531757,0.9999525961175512,0.8875725455669676,0.985282001447899,5,4.798359010281373,2.033346141635091,0.056056626190495076
799,0.9087633044373444,605,3,0.025746844437285924,0.7601989437632113,0.9757682692249351,0.7961727783800159,0.9831619769495313,5,4.812895713259142,0.008841876727969222,0.011219930225572465
793,0.9086249760088652,639,5,0.011287795566219578,0.7358517803001716,0.9840950022569578,0.8871847450293718,0.9309841925525891,4,4.185239241595033,0.0016772989763397033,0.0108483929730838
801,0.9074455786649545,658,5,0.02747941953800558,0.7566389399032167,0.9073504914675001,0.845086832612285,0.9081053380504429,5,4.127772423925547,0.0017553521770378498,0.010806990628824162
800,0.9095737143275544,704,3,0.01609437364091666,0.7289108716518186,0.9801305794396417,0.7533692069778383,0.920467560693897,5,4.824619176474731,0.007589180033164192,0.0048832677700148515
804,0.9102018083933577,750,5,0.02825381868671765,0.7460653852361536,0.9851345812172232,0.755236629155527,0.5531238616847356,5,4.803137429867681,0.0061149668507947536,0.01066709860986232
803,0.9087333513991546,717,5,0.0230422826987825,0.7540193152915963,0.9823122343557381,0.8825189163002902,0.5150063168140735,5,4.775849758582133,0.008381841889617223,0.011074556608600447
807,0.9099862468311329,709,5,0.02483035068426235,0.7854013369470497,0.9841910977868221,0.8502551875430067,0.6029992026872419,5,4.830984510112189,0.0017163814128545393,0.011551093062047204
802,0.9099553789218817,657,5,0.021268529406345174,0.7552023982178893,0.9091479721820662,0.8846213244711275,0.9170938916911646,5,4.027604716229447,0.004257528021692772,0.009775897058883116
806,0.9090325391700125,742,5,0.022735755966353598,0.7568945133727027,0.9868979124892593,0.8809394399980417,0.5958757724686964,5,4.803886535794298,0.006756941724853078,0.010966904545130454
805,0.9090443858950614,692,5,0.010142204915263986,0.7445163326521648,0.9839560221144944,0.753394602225472,0.5516701481786517,5,4.817314608427758,0.008577143050787706,0.011539883550683685
812,0.9096829959989232,770,5,0.038159815985782164,0.783385220931641,0.9998261797692155,0.6576626001372375,0.5436416770347786,5,4.713470865623242,0.004047551872194211,0.013893564021213363
814,0.9081606428748398,615,5,0.029624853763766324,0.7626883298677372,0.9635070573348455,0.6591976112361214,0.5563529666380257,5,4.662001004699081,0.00432227577394993,0.016003485660727013
808,0.90867125046842,749,5,0.024294268470895237,0.793435107484221,0.9871224514898574,0.8432922790013919,0.5579981150210012,5,1.9061115544013494,0.006933103353410563,0.01088635359899254
816,0.9070106242566245,766,5,0.019569269677994494,0.7921309235993872,0.3077202885799381,0.6531536618166861,0.5279357921684196,5,4.686380309576954,0.0060598055224618,0.01334844269159771
809,0.9093969272586362,691,5,0.010219926138112343,0.8021242215551854,0.9868764336515025,0.8791356412220674,0.5348466322786566,4,4.696085216266296,0.008163828105502143,0.00879187616700104
817,0.9086794380132932,760,5,0.024784954804079617,0.7775803104884065,0.9659217431129886,0.7792358119907801,0.5607086189771677,4,4.706785174567896,0.006320834381011536,0.018631783494144877
811,0.9098247090322336,685,5,0.009764000889664757,0.7946100250168866,0.9877731651668461,0.8850988978754762,0.595197925780598,4,4.681696120349226,0.006549051062601525,0.01614784790634562
813,0.9050025199813618,745,5,0.03333826924491002,0.7475796011045842,0.9875006370009359,0.7565863957195165,0.5868153107001568,5,0.9794767153663604,0.006532490053282327,0.01409501328558466
810,0.9092935458404602,612,5,0.010401803717760203,0.7672822770935059,0.9850484645987445,0.8893973983018185,0.5831293213936158,4,1.9508272285953625,0.0071334201101494405,0.01701255641892748
815,0.9091083572373014,698,5,0.012794481366349654,0.7981114552812648,0.9641527589730031,0.6590029518387984,0.5443005957108813,5,0.21146097521833207,0.007203142445844883,0.013325489693436025
819,0.909534389543295,701,5,0.0192751828124276,0.7718498817217679,0.9613488055208953,0.6308330497265806,0.5695184200248816,4,4.6995324259209585,0.006219032257807828,0.017716986513872095
822,0.9098842656559942,711,5,0.036261631739820874,0.7500207864272234,0.9619303174753225,0.7782928387281773,0.5854578674891802,4,4.870799771148718,0.00622666801239125,0.01780774435532424
828,0.9088418385352236,126,5,0.028334603623922636,0.769912291968624,0.9998018629496968,0.7842525184954184,0.5526286708263558,4,4.824048128629979,0.004888657222214487,0.05367440120487753
818,0.9067553258950882,781,5,0.01915020160467102,0.7774116569112588,0.9682200074070099,0.7768697915267944,0.5654785816214529,4,0.37698249315564025,0.006468991786286268,0.016510589298985044
820,0.9048032833373085,711,5,0.029072283349391482,0.7963975544427863,0.9650165838812123,0.7766646294847661,0.5279516770023859,4,0.7350866963282772,0.006029872573623836,0.0083302333252748
826,0.9089538670242856,590,5,0.012099411173830328,0.7384590518904623,0.9637195410308909,0.7858595355014907,0.5747132967432836,6,4.887467132433498,0.004698352071474667,0.008092975565803436
821,0.9048121250891077,721,5,0.030229744071705575,0.7771720291982097,0.9654956641780298,0.768463314898625,0.5141678051339647,4,0.47353735797920393,0.006739891148254181,0.0082531190541626
823,0.908796032571751,706,5,0.012792649337815685,0.8249105767070574,0.8704957604706889,0.7762981791066882,0.5258192917877256,4,0.2416333418296881,0.005262134774236361,0.01526181253453666
827,0.9094472744337697,810,5,0.012181835604430999,0.7646285003101401,0.960448591201176,0.7932415754008911,0.5728731706180057,4,4.889327910006912,0.005053863625627902,0.007865045285910335
825,0.9091222914039246,726,5,0.012599767229763378,0.7653318681525791,0.9632032517768728,0.7693014350283206,0.9793245269613652,4,4.853546384220292,0.0049336076712557225,0.008239382131478977
829,0.906677828676418,596,5,0.028543024638629604,0.772597588454747,0.9422193062040513,0.7965057068681133,0.5507639075930891,6,0.4953488056366411,0.004763122978528785,0.008551941566326934
824,0.9043106374715132,806,5,0.0325138333140199,0.7739755525617421,0.9630264701615417,0.7625394452254255,0.5701880596509189,4,0.21746164897029407,0.003955726822396551,0.007327053084631377
833,0.8997459904397912,732,5,0.2922567219441971,0.7410368126406395,0.9405359980520225,0.7369693797948967,0.5356476244265983,5,4.883003485498945,0.003922967715676855,0.060045085871129195
830,0.9094539453527559,793,5,0.012313824862705195,0.7640805019494659,0.941987217867234,0.7616969507083928,0.5755932469762691,4,4.87895971870932,0.0048037781404617124,0.008053814487324404
834,0.9093238157957633,783,5,0.02698194559048813,0.7476761327178632,0.9414918020958623,0.7543932598193029,0.622278147384287,5,4.902787444839772,0.0048922974077702,0.007560885421708937
835,0.891298451981911,727,5,0.06823648512240779,0.23761071309074955,0.9500719832871289,0.7434867173353836,0.5558806424287832,5,4.990624454648813,0.003609591451595712,0.007331691587467185
836,0.9101648751968398,600,5,0.03264251770816474,0.7408584798977992,0.9401973408952651,0.7405554467987977,0.5788424705357271,5,4.915467396708332,0.0038919990399547493,0.06094923873400446
839,0.910095754578658,622,6,0.03132999489736249,0.7404904606712639,0.9345050780104092,0.74394949888719,0.5563546928870904,5,4.691510945043087,0.0035965379546056943,0.005911085745285412
838,0.9089105644703517,598,5,0.026746359838978658,0.7446414712664295,0.9413983250999507,0.7376471334158688,0.583494997598621,5,4.722264041961865,0.0035114939302043793,0.05905933865035067
832,0.9093138002571702,798,5,0.011921209801976182,0.7412452482042207,0.94381782444922,0.7329625110328226,0.5523338460464172,5,4.9201965419404114,0.0035885170881589184,0.008255203577388162
831,0.9091814430062467,794,5,0.012329816773657937,0.8165488870698706,0.7928997492181825,0.7429959731704741,0.9823540605168435,5,4.908155362893986,0.0034783021094628927,0.008085697211732457
840,0.9101128750963751,668,5,0.01503764085057594,0.7402284609124494,0.9419028911744536,0.7437075869497667,0.62534581240469,5,4.991903432336432,0.00897702402307351,0.006172404802036116
837,0.9089082703370934,589,6,0.015159525059290576,0.7392856385112118,0.946515884525359,0.7417198094049011,0.49413099375412606,5,3.130687304279852,0.003574327156090306,0.06269661598386703
841,0.9094038341360584,599,5,0.016933069530235986,0.7383878562566496,0.9479354709676086,0.6975845776771126,0.619598282603355,5,4.695232391198876,0.008888249348318722,0.02949271122760387
842,0.9087371472588626,608,5,0.026261611996030162,0.6397199903650961,0.9762281413082208,0.6986522290136078,0.6009677145411404,5,4.998342400280735,0.0033587723577959334,0.06777557910485658
849,0.9088451956217061,246,5,0.03971156632638012,0.7547101936570816,0.9749536258645918,0.6725212732281151,0.5292185384142237,4,4.597545250035404,0.008992523390782216,0.030410603552631792
843,0.9083822294350364,616,6,0.016666695377644185,0.7299175353722177,0.9787372404541856,0.6959374861552354,0.557210258548493,5,4.720567582706994,0.00887361519462508,0.030836125515939245
844,0.9088931391983275,673,6,0.01673268307205036,0.7298047233415166,0.9756011718748544,0.6755431188588653,0.6124903995598163,4,4.570818506879442,0.009001937497567504,0.03248598968906694
846,0.9092956222594918,663,5,0.016761027320152104,0.7146189038268973,0.9996367103332315,0.700480804503014,0.5310294035913251,4,4.624137335650463,0.009219086428103885,0.028658706450770628
845,0.9092082369076213,635,5,0.01600573889843762,0.7393106737235909,0.9982033468027587,0.6938471161218521,0.6385404302298419,4,4.58528451616531,0.009246042551438516,0.027346868929364866
847,0.9089733195319948,632,5,0.015895121277949415,0.7311521900140786,0.9994768015701629,0.7052482332668052,0.6263927633190395,4,4.658241397608739,0.008718699452087638,0.04351166221569009
848,0.9099362289639711,637,5,0.016347260527536253,0.720572651290818,0.9993842329186033,0.6995868363611333,0.6140666057568652,4,4.588728446344516,0.00960618742511913,0.027843153088260273
850,0.9096450756386659,667,5,0.01654740920132657,0.7250065636541293,0.9750612183997895,0.7028301578919468,0.6057869726759524,4,4.629377795637763,0.009109440443258615,0.027332665656270374
851,0.9100889343612284,670,5,0.01647191486994132,0.732698700370321,0.9771375548890059,0.6720596851472305,0.5665224645951048,4,4.579631617945561,0.0021251254964482504,0.04726646513449508
852,0.9084638224025994,621,5,0.010790562428779472,0.7207896983715892,0.978025531363844,0.7015917396632063,0.4702087121600407,7,4.595242303048852,0.23418170699902285,0.04398224483279064
854,0.9093766723098031,666,5,0.013783211768122758,0.728223452573031,0.9879535710184227,0.8655877965510814,0.6019745410713002,4,4.561691434960192,0.26718423645871525,0.04665176656435378
856,0.9093578810786511,438,5,0.011301955317691995,0.7240160097143788,0.9081648062417809,0.9238196017006923,0.5689833251999141,4,4.556236933806663,0.0025506220809092886,0.051245394557507276
855,0.9091636184901166,449,5,0.010853029479632058,0.7830102440683686,0.9962750170246513,0.9236874927682057,0.5427387088526591,4,4.565739735063572,0.3016113222690124,0.04304729344033053
853,0.9099985463926517,628,5,0.010915485625371426,0.7178122664590151,0.9766162494580568,0.9215163921747458,0.6098325908629104,4,4.559553424383484,0.002155464574361366,0.005527984528700095
858,0.9095002110702941,439,5,0.011176412526343538,0.7708052918627023,0.9075830310918932,0.8942323272340114,0.4724709236731399,4,4.806450004995403,0.005956347055288378,0.048302182097939655
857,0.9091622053240981,746,5,0.013811612519159036,0.7812817278168431,0.9995354501476944,0.868361350275991,0.5429625785769358,4,4.78690472382982,0.12752849420352433,0.052257400444768204
860,0.9086587736340045,436,5,0.011314388193923886,0.7775233882792312,0.9064845829251006,0.9128815374917051,0.5766148722421184,6,4.794784182352008,0.002597398988364273,0.04640829258241825
859,0.9087018177283113,431,5,0.013525845176191752,0.7802578471892624,0.9742013523369147,0.8728208447003276,0.9632743140484578,4,4.770167361842071,0.0022110865050312405,0.1191480883871567
861,0.9082101667040268,430,7,0.011321192351529698,0.7794686330170147,0.9086241948140509,0.8982107430764101,0.9662106295491444,6,4.788734352086941,0.20713762075916434,0.12726837880532027
864,0.9096996855732215,428,5,0.013793536668939647,0.7666290341454847,0.9568776302214473,0.8953255932308898,0.4991348313890295,4,4.768224423901297,0.1709267080893204,0.009911484795312933
862,0.9085915853056032,447,5,0.01363811302249586,0.7842368045406565,0.9082172889395195,0.925953020427004,0.9631342006440824,6,4.798587116514214,0.17129484822899307,0.1257200125794011
867,0.9076760968296795,742,5,0.013437211696907264,0.6607246929725509,0.6491137481550704,0.7247023638653768,0.38602245857081935,6,4.774676866346061,0.16291663256232408,0.010204846529907543
866,0.9083699668940584,429,5,0.014141317140776856,0.6621915324711412,0.956942303308092,0.7624582712770593,0.9683108752570414,6,4.7843308180807735,0.00551122286241369,0.010350122223010195
865,0.9096903915930928,460,5,0.013648587730746588,0.8017793472943318,0.9553194961320247,0.9020845287896521,0.9592697627781719,4,4.759571974614494,0.20614307246165336,0.1244497434773723
869,0.9084507161429748,408,5,0.013309182112403244,0.6435157173285312,0.957065980668336,0.7263433350720433,0.9591215189140153,5,4.427857893887437,0.2041775965269048,0.010347181311664384
863,0.9090128012924683,439,5,0.010995481358956075,0.7573289728160818,0.9149527649007925,0.9013676983456435,0.9618820827735718,4,4.8036448406817875,0.17741416999868503,0.11591520272353964
868,0.9088106394175621,569,5,0.013476564218984135,0.6601739071286422,0.9596930137040736,0.7593370833427678,0.9609184633511455,6,4.291978370164197,0.00717125762038538,0.11633404791642883
873,0.9090930268565703,578,5,0.023603733885012305,0.8067888911963967,0.5666240065355768,0.7288577019182513,0.3701826846207974,5,4.410218011316667,0.005238637730281157,0.006393607620725381
870,0.9089975519464322,570,5,0.020592954111697107,0.661451780232996,0.9542820745505058,0.895755055757977,0.9597646453942053,6,4.42571426020588,0.007065083767970601,0.01191673502109203
875,0.9070483402817416,573,5,0.06108282601733385,0.7548678183143449,0.9249757636259271,0.7187672212070075,0.9843549195209823,5,4.282150963875309,0.0076171963931192495,0.02029344675293463
871,0.91049687335308,862,5,0.02068818463800393,0.7592996724872134,0.9591549033110504,0.7216278473391207,0.9867771251308204,5,4.278692392685825,0.005507216422507494,0.010858514207286113
872,0.9089634288141981,463,5,0.015071697581957845,0.6602009822086654,0.958235257850165,0.840460295026868,0.9852703387694761,5,4.256196650208089,0.0071181178047919885,0.01188802698466118
874,0.9083923982249844,566,5,0.020994581043839482,0.6611752313390679,0.9596024246966879,0.8419752237171637,0.987080501803447,5,4.72314509853203,0.0071048441985958185,0.021099800741412884
881,0.9030609137192437,467,6,0.08946725957010672,0.6358523549189112,0.9285940483881504,0.8476519661413087,0.9883334679449484,5,4.300270244658639,0.007440696235539839,0.07671347847485013
876,0.9088627125708802,325,5,0.021305086321327656,0.7532374675551982,0.9285631808691774,0.7215544794767575,0.9818898094998054,5,4.264092025970855,0.007490015436986053,0.00018084710357444686
879,0.9044879024626884,475,5,0.062134192522450254,0.6402731610339399,0.972067437146546,0.8049994182656336,0.9873811534560053,5,1.560574632576382,0.005597286893840515,0.07503156115373942
878,0.9097880898641622,577,5,0.01871960081588354,0.6616004710561537,0.9294673393537621,0.8068232913582087,0.9847117098223804,5,4.435307375876927,0.007356479204456521,0.020380597303957724
877,0.909220366874014,577,5,0.015091752604114592,0.6679502781635566,0.9295178677024779,0.8484259155405057,0.9876527372440562,5,4.33528027338674,0.007131672886064458,0.006320719387224263
880,0.9084480679200275,467,6,0.015064820205706875,0.6425985653828781,0.9287589443841803,0.8012695071043447,0.9839655282157589,5,4.26464737177674,0.011901530454409054,0.006125282508499745
882,0.9088457948679526,472,5,0.014918308393537645,0.6354798272445871,0.9341924299376637,0.7950737491864831,0.9801761513627076,5,4.687588440622103,0.01129498220240342,1.7344260546886923
883,0.9084849973916862,689,5,0.022767229331685856,0.7584471269292498,0.97467527505918,0.70833701538712,0.9836408378292572,5,4.2912709522753865,0.011545059284551695,0.013798220167216867
886,0.9095968430433675,609,5,0.020697009389302783,0.74373695660727,0.9822649172842705,0.7168753505891976,0.9761325045641249,5,4.3632923956006655,0.010822332926021132,0.006468335890409069
884,0.9101369316822486,873,5,0.023457746336514682,0.7971590704754846,0.9757815054734497,0.7169416395415984,0.9811722517430066,5,4.201072761523575,0.011226388713866876,0.015038708161307002
887,0.909147990804797,817,5,0.02181996061189827,0.7617178022201222,0.9840242629456256,0.7125606097282969,0.9258163181065837,5,4.174302572124496,0.005105389946343536,0.01623074257695525
891,0.9045747721115859,909,5,0.15960332711538602,0.7660457685192764,0.9813335636909694,0.7136856367530253,0.20537805108416923,5,4.171650717231328,0.004469050798398738,0.013997414208188045
889,0.9093757612396185,697,5,0.022209694707316773,0.7587044605999385,0.9833543007358893,0.6753479139249994,0.9498814979367107,5,4.143491164195756,0.01244295841082937,0.01582026375667105
890,0.9093773384514826,694,5,0.023748623517655762,0.7482033985322358,0.9858818282042087,0.6812704833379843,0.9261889034378806,5,4.125199585078887,0.011524693926764931,0.004635264263445194
888,0.9029129198129311,863,5,0.018969788832507738,0.3185465407559936,0.9791201788422387,0.6809924139791758,0.9243559392070348,5,4.220968103993553,0.004306804581224022,0.013744399397532676
892,0.9093104857405088,640,5,0.021833897892849532,0.7559416785104928,0.9803589479923813,0.7574275793999808,0.5895839820964452,5,2.991246071946109,0.004266665136933101,0.013795403484789753
885,0.9052481521048892,944,5,0.021668609131722905,0.7495488568802963,0.982261261321778,0.7154914176448668,0.5871562293077722,5,0.6388703716999866,0.004448382646169294,0.07913663175535593
896,0.9094119420905699,900,5,0.020268195543705455,0.7559488604584369,0.9884818195368963,0.6747204371462441,0.947590700830539,1,4.124045662026105,0.004456291253451147,0.004860294385119176
902,0.9083232270551402,650,3,0.025254755327584123,0.6229023874731221,0.9571425223784865,0.7518656120765285,0.5166431005676644,1,4.473058463334997,0.006010380738481449,0.005089951878476482
894,0.9079313049583989,648,5,0.023513771552383947,0.8069558130320574,0.9862054858262771,0.6776123940963303,0.925958492473411,5,0.678623393489254,0.004657772864127463,0.015966628437398083
895,0.9091062578609735,886,5,0.01900520872231415,0.7609123426143746,0.9873713513701257,0.7522807801630056,0.9477180280320974,1,4.0551865919401076,0.00483599784062496,0.004956965426902516
893,0.9051606633691678,931,5,0.019747725840208615,0.7610185014917722,0.9827071022948417,0.68561330071792,0.5855092603445309,5,0.6541277980029601,0.004448163654795692,0.013445952620419512
898,0.9097765064638624,648,5,0.018872468701616015,0.8235716623703725,0.9689338272657732,0.7523412389884849,0.9435642878370833,1,4.060961025330314,0.004527835910204062,0.005297795200463853
897,0.909400211824388,877,5,0.01909680256198416,0.7612278519793486,0.9844936545632909,0.7539143947993142,0.9497739607079486,1,4.053407169125818,0.11555685440687613,0.005294933517038858
899,0.9053627970415677,994,5,0.0188887247976116,0.34055504001195946,0.9690633552577438,0.6407125001667955,0.5878415191012147,1,4.014478562442023,0.005052812780634805,0.005308594736944818
900,0.909161034425971,596,5,0.01904631120599643,0.7527710159060799,0.999018282742483,0.7346040847697324,0.9460543540558151,1,4.033720001448463,0.12577250995783773,0.004968779641496816
901,0.9053150024593194,847,5,0.01851322374830636,0.6012885935935948,0.9643719673746499,0.7551858842885752,0.5156010884011704,10,1.7966594714298634,0.12724921937868713,0.005238090618567764
907,0.9096752593900815,453,3,0.017637911560315654,0.601898067832638,0.9994343714259033,0.767969230827158,0.9554619582851472,4,1.7760451732530187,0.08261682259378188,0.062220967408348475
911,0.9070421253919616,824,3,0.017971449557881238,0.43059590336319475,0.9599020097977534,0.776481902696192,0.23550757756498097,4,1.7524418007397973,0.002986269724161722,0.06636268916104925
904,0.908879411115248,593,3,0.0184181242780269,0.6086055168462896,0.96368190134328,0.7334084833922888,0.9488201323779836,1,4.389981245410002,0.1346175180637086,0.005035273575902055
905,0.9083804342808929,606,3,0.01914814486428918,0.6021593962765658,0.9656692575612336,0.7537524470991313,0.9548437614542551,1,3.984951160205683,0.13537839096671864,0.022293923687998377
909,0.9087252892072003,591,3,0.017944304542597902,0.599924991178402,0.9524088179312351,0.7355030990430063,0.9674252152663565,4,1.7102957564993322,0.1354026734598777,0.009525748098135394
908,0.9090670388931263,852,3,0.018206153487718302,0.6022849413637252,0.9534168022423423,0.7312148385048104,0.9574232136453105,4,4.468656198541556,0.12683656925947653,0.07023569385865343
903,0.9069695707575495,880,3,0.0187241343877323,0.4534615413440196,0.9599913477687021,0.7502552258013245,0.9498038402512259,1,4.028284495477923,0.0032387850843453693,0.1649668410707593
910,0.9086819587548304,838,3,0.017797698000494393,0.5908549579170108,0.9595517420128263,0.732992813835833,0.9594947254735084,4,4.4079911056542125,0.008678914003836274,0.06795799780749473
906,0.9074815697001151,833,3,0.018593191043837488,0.6063327229497274,0.9647124239674953,0.7362729303512746,0.9552914378828024,4,1.7216061386110895,0.11744136407179905,0.07280893164611471
915,0.903411785585664,182,3,0.012167923356326228,0.6251040650283949,0.9518389090599708,0.7292463768821966,0.9715350025507268,2,4.451223510101742,0.010192403033461717,0.021453622261077405
912,0.9088615732200311,861,3,0.018058865088068546,0.6281114437437189,0.9996021287372079,0.7719124098051061,0.9634988441848582,4,4.444946350254891,0.0027151417051237154,0.15851391561150455
913,0.9095883630590285,608,3,0.012397496919415336,0.7816186353956333,0.9536863459667582,0.7758588780094533,0.6518109078898094,4,4.402216318823332,1.1571663248776003,0.03598172153483718
916,0.9085963998763287,401,3,0.012109014554519501,0.7882836751310789,0.9490177715370891,0.7324103389113649,0.9628370739478176,2,4.420499103133416,0.009117497620255802,0.16440613100788312
914,0.908419809844867,615,6,0.012322893146988815,0.6322852944186432,0.9537796278945458,0.724647387557136,0.9720246297544626,2,4.443634789708573,0.008440356130995868,0.00947554888507686
917,0.9087251010637954,387,5,0.009650546144134835,0.7891893669947392,0.9491155909816278,0.7316527321990088,0.9719418527995399,2,4.495563405991502,0.009309529565714483,0.03475354801062018
918,0.9095604128548939,452,6,0.011758430033011321,0.6306186444970223,0.9435126951362651,0.7773801044086566,0.918304759191024,2,4.502094808667904,0.010015300152761475,0.035373363104370115
925,0.9076401903260203,453,5,0.025893233974033803,0.687800616030828,0.9388032358245645,0.7862691157533976,0.9159703128434321,2,4.532741359333375,0.005937101377188612,0.003715087625260286
923,0.9098172461625434,622,5,0.010443564685632296,0.6844620007111347,0.9448587448213229,0.6917314431316638,0.6583613477182743,2,4.523797045534563,0.005954864452343253,0.007112158584942685
921,0.9092909288607209,457,5,0.01008646692260773,0.7104519364423828,0.9368389908609142,0.7784707177406432,0.9711946501397098,2,4.489891247433365,0.0093123347701592,0.03848922551722327
919,0.9089093681823671,953,5,0.011964275758091962,0.7919948794920789,0.9462060932893814,0.7839799199344089,0.9704078095010085,2,4.476860564649315,0.009028267169123487,0.007190896525466149
922,0.9088466135768295,956,6,0.01011700626270636,0.7859089925705545,0.9440663166232159,0.7760890487805181,0.541706230129638,2,4.3258826798685925,0.005806910508060684,0.035745595226062105
920,0.909166529353655,956,6,0.012057011219846158,0.6308369319222955,0.9434252976630901,0.7883437969955833,0.9724834446726338,2,4.513772880243168,0.009962005935507065,0.006953763855368408
929,0.9097653929279609,485,5,0.010366346343051091,0.7317651612614029,0.9719530858251298,0.6987896502739631,0.5422963422667288,2,4.277293775239105,0.6976016012604017,0.006803519751791109
930,0.9080832952586828,481,5,0.015529768642490971,0.5767593739114445,0.9999541906487488,0.9543770831819975,0.4288393718736774,2,2.792733242693437,0.012950283348926337,0.006578929643172897
924,0.90741604402729,397,10,0.00973215437549765,0.680292946003205,0.9414078609074388,0.7911497730067146,0.5423833148239605,2,0.8338545211790136,0.009363996883229342,0.003593973445459009
926,0.9093176213547007,456,5,0.010250269684204904,0.719983925616376,0.9415489119198446,0.7924067793756213,0.9170222626416452,2,4.50819830868117,0.005810204297594753,0.0037574969360600376
927,0.9090903248892243,450,5,0.010315662439735435,0.7249548171460962,0.9371768642812591,0.703123363099983,0.9180873630416395,2,4.307853575715843,0.01357588398613859,0.00428645806249501
931,0.9106374668761184,476,4,0.01583313431256777,0.7311230670441266,0.9718590326746784,0.7051770146886794,0.9986801943459823,2,2.7841105919304083,0.6881084530646541,0.006833416515538985
928,0.9082505203856532,482,5,0.015695654751053206,0.7090446856281404,0.9700337050777851,0.9549765731814227,0.9314393421951414,2,4.30109386922159,0.014229913276399268,0.006507217832643296
932,0.9087441590404861,480,4,0.01536414284572906,0.7228425315956355,0.9998965616887984,0.9288047315553538,0.8956051479986268,8,4.271448737729859,0.013361589429719593,0.0037739900441042954
934,0.9094573773925305,480,4,0.015450714030795768,0.556908813576731,0.970786425903878,0.7046476017121185,0.8953530403603103,2,4.666067897486597,0.014162264621405157,0.0037544485455774743
938,0.9075765817394685,493,4,0.030610599322417033,0.5418610248967353,0.9733486227369611,0.7088463599421455,0.9311137657785492,5,4.666999924963355,0.42187190896903487,0.009372073566466027
936,0.9080184107177673,491,4,0.016517265338407517,0.5615520748558712,0.9713390177615888,0.7046931695835567,0.8988167375546684,8,0.9047773281545457,0.014908112616661045,0.09983901054421197
939,0.906726881805014,494,4,0.030600452627784817,0.5351332514150907,0.9758268801060858,0.7065371334082982,0.8970476811757538,5,4.698348488271153,0.00315829030383435,0.009718924316756644
935,0.9099100508806662,477,4,0.015445798333849826,0.5775405153043243,0.9985227751150489,0.70580805061925,0.9306521765270757,2,2.7831036352428455,0.013857656344245448,0.003842124078804301
940,0.9092859087385747,493,4,0.016520245553450223,0.7415730496140637,0.9731811541961842,0.7101210036997941,0.9992194504239702,5,4.999676003551878,0.40648045618958684,0.009588728256336327
943,0.9093469107597899,492,4,0.016845682392420496,0.7344674430762781,0.986186851585744,0.6633257760006948,0.5682423231913192,5,3.531245868059698,0.5238707778987515,0.009103658697496138
941,0.9092031828816534,496,4,0.01656566164119551,0.715854176848527,0.999976969635786,0.7060179881652661,0.8913151380757443,5,1.2173465262711685,0.792847667334152,0.009338384294709436
942,0.9093171223755858,499,4,0.016862964329850873,0.7434544710471594,0.9728100543656482,0.7021896405253196,0.9968288275064243,5,1.8569455609972871,0.7070692261764655,0.009351593271491777
933,0.9067466728188167,914,4,0.014743309664764915,0.530606987089822,0.9726333818370492,0.6987943695279338,0.9987140006650685,2,0.03754197900662826,0.01303145639260033,0.011054630853394552
937,0.9086747933417637,985,4,0.01460579128425834,0.5408537028742506,0.9737924236709206,0.8197163435605199,0.8900655488989888,5,4.654011456384755,0.014741856597319029,0.009961086750737485
945,0.9080521694979449,502,4,0.016908222536641492,0.7282966985794684,0.9999285131247704,0.6516646208803155,0.5705950885415689,5,1.5245573940795776,2.8452847990262646,0.011957522495635082
944,0.9095113530367547,501,4,0.01601982606272493,0.7470832595665895,0.982697537672853,0.6640352444402227,0.9936573848640304,5,3.548917754240685,0.896999376791182,0.009657352723229462
950,0.9096944625602681,531,5,0.014564728815735839,0.745754887577662,0.9891791072186913,0.6778049235936343,0.5628392960181952,4,3.8780621018632955,1.092141384020858,0.005926692096685864
948,0.909336080997355,503,4,0.016959724556166143,0.7354452022044349,0.9879622501664284,0.6652212523171888,0.9879810501560546,4,1.5672573235534215,2.9682981958239485,0.011984812475190018
947,0.9096900514146133,927,4,0.016355315456071145,0.7385860953001844,0.9842765080118512,0.6892628497723456,0.9848219269977205,5,3.852343815553465,1.2467211806819032,0.012468901674429513
952,0.9087640244754578,536,5,0.014563314254905875,0.7028549109453266,0.9880682265465273,0.6817535592054571,0.5617394936742816,4,4.8446019459306005,0.07289258539680217,0.012724583799265264
953,0.9079598347202378,471,5,0.019971973165515126,0.7417681634311211,0.880599153006852,0.6895676570271243,0.9399820599610227,4,2.5754169984612805,1.062556625356721,1.115048118784771
949,0.908444756824155,506,5,0.02039748575375384,0.7405084253653131,0.9819131565221776,0.6826726541877696,0.9904050275944606,4,1.2419995957383874,0.7391800893093178,0.0106428537847668
946,0.9084513190380632,727,9,0.016914356005264943,0.7370398930180718,0.9858985814566058,0.6967422847225012,0.9993258358611036,5,2.6925864751143807,0.6238395080130711,0.012043950253034653
951,0.9083818514758409,634,5,0.014657893539508098,0.7041368937616146,0.9880964206830921,0.6803900996617853,0.9990098045007406,4,2.6838480318309528,0.5910256437629402,0.011621233643805429
955,0.909355378277253,629,5,0.02025332481634515,0.7699125567745367,0.9840859776173239,0.683515461342269,0.9361065821719391,4,2.6439350264769734,1.6397851442562703,0.0062633685366436116
958,0.9081417107831911,470,9,0.02048484932419628,0.7026477562978163,0.450564007821764,0.6835277539194191,0.9416309121195862,2,3.1689003517315038,0.6180658767425684,0.0064784338042319966
954,0.9074496529769014,539,5,0.014339555178523393,0.6953656242648821,0.9860630323343493,0.6783318290025359,0.9360249784661713,4,1.6307918626540616,1.0291402356496226,0.006473704943796299
956,0.9091056208340109,727,5,0.020713377822978954,0.7724003079336248,0.9866530295686912,0.721388310873931,0.9330937900634746,4,2.992684354433414,1.4731544035458197,0.007303596001072451
959,0.9091282824980749,722,5,0.020083375691186966,0.7724123940877531,0.9191102046799896,0.688260897679784,0.9376570369178112,2,3.2076505085336517,0.3085812369052779,0.006818699946760756
957,0.9088458635878064,718,5,0.02015174286235999,0.7659690552536698,0.9197802488987509,0.7214066753734694,0.9380816935288938,2,2.5926445266463833,0.003556653960141345,0.007552538637569306
960,0.9040187305083431,713,5,0.014286712464592906,0.6929757022267774,0.9197054840872013,0.7163906951817515,0.9403859911173637,2,2.6256937243169043,8.635353376986167,0.007216040554719482
962,0.9085342908117177,625,3,0.013916376098944982,0.7727931823682301,0.9186379114194163,0.9570650027618176,0.937786549739706,2,4.91820081753377,0.3303518320261998,0.007482729399236229
964,0.9092258221965615,661,3,0.012892247211505099,0.6744020452904802,0.9591455654440196,0.7199234963975849,0.9769128079638159,2,3.635921183986688,2.027486695919435,0.007334454806468274
967,0.9090876122794229,462,3,0.013144040887140388,0.676276707726052,0.9232765260842043,0.6408414086600689,0.9734056680654506,2,4.885868535626781,0.2920471070234008,0.0030459820674015336
961,0.9095482546859947,719,3,0.013996665205755604,0.7020941711486858,0.9639876607008057,0.9642218079051508,0.9387057694712012,2,2.0146751096560114,0.6108735938193732,0.006758123150018348
966,0.9093965181322503,713,3,0.012903235002099759,0.6773534396680566,0.959052261930009,0.721054480377093,0.6378436648715717,2,4.689550618964463,0.0036367997822554544,0.0025491124322907146
963,0.9099554749320312,676,3,0.013081957725838471,0.6861445707967943,0.9580735857668983,0.9613506903517417,0.9354088618273706,2,3.132342811688998,0.5189092913423203,0.007094359045864082
965,0.9087037059279206,682,3,0.012748832323924375,0.7665914751875607,0.9611086793932814,0.7202481960173268,0.9733466356566606,2,2.953433736787181,0.33346141895816944,0.002721233219853519
971,0.9088835545271362,657,3,0.013326612205556934,0.6749223867238187,0.5990886740699718,0.6179059565114422,0.9740860620631313,9,4.900071347705351,0.005771696624969876,0.017823622424604963
968,0.9066454754605051,660,3,0.013126051460629352,0.6814498812333887,0.9632865822271035,0.9563796652959335,0.9747740934979925,1,4.925748874749845,4.5812083109591,0.00424707220176976
972,0.9083215840881064,458,3,0.025235788374479616,0.6853773540650004,0.9592408388981741,0.9204233791390171,0.9649794311120294,1,2.0289113029299046,0.08475724719306636,0.004393826256923628
970,0.9096106827201922,658,3,0.012971542134695589,0.6487141436000089,0.9619374195618889,0.9612104650383613,0.9712959878431358,1,4.857682489969946,0.0001414040045584093,0.0025309029177262195
969,0.9092046654516833,686,3,0.013064347688066334,0.680305679891476,0.9637107550773937,0.9633926093276658,0.9716796838399138,1,3.6426637783181826,0.006777834235955117,0.0029362071332145285
974,0.9081168436983347,554,4,0.024010737982061457,0.6470206708311559,0.9642563976818791,0.9363576450525743,0.9718105544157465,1,4.694581268194248,0.006469207880982849,0.004428898924778068
977,0.9074310499651718,558,4,0.024593767738573594,0.6494250359058614,0.9686669906983754,0.7425112706106083,0.9660203050147793,1,4.874856278511402,0.005652489883954164,0.004670498034630393
976,0.908300636087386,762,4,0.02625697381207578,0.6520484798735129,0.9692530015779729,0.9234186399030996,0.9628192993156001,7,4.876363328020478,0.08468294672233137,0.004313136215724262
973,0.908264665957048,762,3,0.024664932869223298,0.6488077209028266,0.9631408973713912,0.914549158813715,0.6416022367517414,1,1.965378119053018,0.005798274821627149,0.002885423196741944
979,0.907458829509935,762,4,0.025198153931682482,0.6466388676601377,0.9627885837942463,0.9268696539898867,0.9547262388934868,2,4.6783567180763725,0.006510635902899117,0.004129006248028688
983,0.9089452613829574,518,4,0.01557055667923547,0.726281062996288,0.9979286710052973,0.7376383950831782,0.9138409346436682,7,4.628267224709711,0.005408033177530214,0.005234193403913437
985,0.9091510312022193,515,4,0.015505463880412976,0.7223520263698668,0.9983575081799873,0.7505770256547224,0.5986153542832302,2,4.604072899268385,0.003779862821416179,0.09589855341750206
975,0.9080981993330646,688,4,0.015344552933075984,0.647532570571053,0.9997689552918623,0.9353508171704471,0.9740529375927661,1,2.318131369976814,0.49345125221570396,0.018868697442897285
978,0.9081159020691001,554,4,0.024794952973904282,0.6458352163754656,0.9715534478553854,0.9286513298015804,0.9560218800370585,1,1.3398045876980267,0.006634272256983274,0.004372454713743725
984,0.9093243535438221,522,4,0.015483070471448371,0.7228646201228754,0.9997308538394113,0.7439176648089227,0.9140257987132194,2,4.617832590702393,0.004085842504963038,0.019218976681565674
986,0.9091473127283644,519,4,0.014971487896558215,0.7585769449931917,0.9995965911313026,0.7473846342620495,0.9085661673538329,2,4.6243685402438715,0.004154964787016667,0.0928921031592874
982,0.909597753657447,519,4,0.015386362674763935,0.6479699285026559,0.9707086354076425,0.9298238755162054,0.9169823192230042,2,4.5780703281426405,0.005439273152871583,0.005089970798073406
981,0.908487690540998,520,4,0.006548674784733552,0.7529410270465262,0.9721016127943051,0.7425109132397565,0.9169363122646393,2,4.740700815247712,0.006918743527214746,0.004787654764784165
988,0.9088229144254163,476,5,0.042986324929406974,0.7139551301301557,0.9995744515118022,0.7482868123203011,0.8774397591383705,2,4.729764261644905,2.2647989478665798,0.0956454837415527
994,0.904341234226209,471,5,0.017296131094148688,0.750350588643251,0.9382588230469352,0.2660203301325964,0.8845290311478528,6,4.762915683448686,5.528832429673056,0.0056628021331151576
992,0.9085935243609449,475,5,0.043029887072958815,0.7493081975555039,0.9335045200027386,0.757109963461553,0.9049210132736087,2,4.745311634724303,0.007956823394645512,0.005595218883641664
995,0.9072148443063535,450,5,0.017297987867283003,0.6220440289452724,0.4155144825192647,0.7616659331255662,0.5902511690794264,2,4.755038027365813,2.1042721281765013,0.0055757832706240535
989,0.9065143244558633,594,5,0.01759434945658659,0.757480564920366,0.9344460367603633,0.7389761870684588,0.9129316570128919,2,4.72347983379825,5.110663644550039,0.005715718190423189
990,0.9093734268930829,472,5,0.017778756722571128,0.7501471636106776,0.6931520309181708,0.7442953776877002,0.9040612969786437,2,4.722812711038777,0.004303027242285554,0.002088791406076848
980,0.9080054574054278,767,4,0.01567979677351752,0.6497499530226956,0.9711935803795599,0.9290239791389662,0.9115643165926377,1,2.3066559302269103,0.0070586606228982204,0.005308558295626217
987,0.9094322892486755,520,5,0.01554092602163231,0.721977274724405,0.938107475391991,0.7389885905623772,0.9153189412132688,2,4.601569635969087,0.003986678421838367,0.08968868697237264
991,0.9053451634054739,593,5,0.01757608011171115,0.2825056170929062,0.9334752420776121,0.7611691980303144,0.8761358538107473,2,4.719795342246607,0.002698840201386281,0.005581495673984595
993,0.9095554931519144,475,5,0.01159474914519095,0.746990039536903,0.890424752914453,0.7620783988149212,0.9846999045451237,2,4.697918088236977,0.002540332910120891,0.005225245242189694
997,0.9057190222150002,590,8,0.011767357262854496,0.6198725246759664,0.2317266734994165,0.724833467183674,0.5786745496866258,2,1.8663385765594924,0.008150766644173071,0.001962169524478531
999,0.9085290104815412,438,5,0.01154151610802203,0.7753893985233494,0.9501880145970398,0.7201143713824021,0.6982595028558993,4,1.829867979346827,0.00030483421533716425,0.19551484341086126
996,0.9086800060923496,587,5,0.012004796854632306,0.7517440050014067,0.9370750947941713,0.7244719347423346,0.9528762500621519,2,3.4549602295467254,0.007631722146184978,0.015081010659602403
998,0.90928661760211,595,5,0.011410403555852494,0.6218666425064899,0.9511552624977029,0.7272969638190546,0.953540219986486,4,3.4427197529125912,0.002877225081973571,0.016223440100218107
