trial,score,n_estimators,max_depth,learning_rate,subsample,colsample_bytree,colsample_bylevel,colsample_bynode,min_child_weight,gamma,reg_alpha,reg_lambda
0,0.9069114314807718,201,3,0.15372601490206095,0.5144218112148183,0.6072367491100263,0.29482650565761537,0.537724843331591,4,4.493258317634817,0.00015707300057578492,0.10803456725604216
4,0.8920325050685453,503,6,0.2034286310309548,0.26947931286434035,0.2663639008595493,0.2054859120915678,0.588308114000655,6,3.2484784914511504,0.7193488398455452,0.0007672015772052174
10,0.8937927549996125,148,9,0.012914502346570518,0.3857410355454845,0.7198383416978735,0.2610681661679206,0.3938782674866505,7,1.1503745456694197,0.06448931146612312,0.013293232494378368
5,0.8937909102060173,568,10,0.1692617722608826,0.6265199349317155,0.9636851748015518,0.22238733628383792,0.43260803773467293,8,1.6850157106255303,0.0006741503148078202,0.3723040397780938
2,0.8998376216751905,467,4,0.03703040562305435,0.20205699788292258,0.5158161388131264,0.7327269076547642,0.3685551065784487,4,1.2897811406382247,0.8620101179899092,0.0010652171904035153
3,0.8990217633800291,623,8,0.05661232746475323,0.3120379226836012,0.45575127420726735,0.5909779525225334,0.32842091577566423,7,2.612141593151004,0.00029014743886375554,0.0438932622193256
8,0.9091700238798452,795,3,0.013806103615394453,0.812711276622676,0.8025667702942526,0.4703627813157312,0.24123905736550252,5,3.877824343143926,0.11175501867448435,0.006838427586353668
6,0.8829897587197285,974,6,0.1984503430965413,0.42440245300448115,0.29966868774184835,0.3579314870474932,0.6350198528146437,4,0.8863289991517953,0.03344722221692911,0.00541326955923126
11,0.9064417048264568,155,10,0.0340733872216682,0.9906501509926037,0.8346975232013523,0.5510726344188316,0.44089939974940295,6,2.0855678915101405,0.022268119510819223,0.6095327136952542
13,0.9018374418633078,146,5,0.011363505496556086,0.36064743486158407,0.5838764398228709,0.7921641068240414,0.6666628521578246,1,0.32551164501346097,0.004258189347419276,0.8865508224137052
12,0.8934222268984833,645,4,0.20740709991636225,0.8929315991862763,0.49297195007740396,0.6976544313496253,0.3556493679314196,10,0.46645093092007595,0.05688926921144095,0.3999270717528685
16,0.902871055206733,200,6,0.20439524305018925,0.9577783534359493,0.6511132691292615,0.32653780265133286,0.7923974454545482,1,1.7624550700601205,0.0005393983888490796,0.00862184632572713
17,0.8973101095601235,490,7,0.2921428083936315,0.969243188856253,0.2471958318355525,0.6410531600120428,0.4056839093049635,5,2.9596215856238968,0.0006017552425662666,0.0017332819611978044
7,0.9088350201422148,700,6,0.0138025775543391,0.6982617465277334,0.5243865172894825,0.789990089223215,0.7815943523220757,4,3.2997531005631893,0.0006534943847683548,0.00013259708884387126
15,0.901896853521625,231,8,0.00689059633639721,0.5719210510903786,0.6690274844414597,0.810290720726927,0.7282696945256035,5,2.9399824555278364,2.120424237313803,0.021148317491740835
18,0.9101124991136356,602,9,0.05798539188620784,0.8458018331100281,0.5304490751766978,0.4876345347159779,0.7210087691254321,6,3.8523647458594468,0.0001544439806930174,0.3362158763062004
25,0.9024350291791796,822,3,0.0747285511169571,0.8047304301521401,0.8035702457184215,0.46791279159046756,0.9220905164169472,9,4.448740500368482,8.559980415975287,7.296186049773443
21,0.9038651049187969,995,3,0.0072416254985990395,0.7503906831459877,0.7971988793026493,0.45630347420845,0.2436921233607795,4,4.997348862222374,2.333279775676797,0.09235719386337903
9,0.9076094175147082,926,10,0.005482668990178141,0.7441035141523672,0.8011961132796102,0.9830842657360792,0.5037396630180231,8,4.554312531536114,0.0022589621311056456,4.6395749284402665
1,0.9068411208080434,896,9,0.015242053259017178,0.7535530328471025,0.568180479581665,0.5229391737841457,0.8032491270484314,6,0.9470702978199419,0.001333820670791353,3.272342986601006
23,0.8987555560457843,834,3,0.0055995349959028886,0.7717908563785371,0.7893488259031797,0.9128000947267776,0.20827234904152117,3,4.028868868295907,8.917871527463776,0.00010686332206616596
20,0.8993396148246118,914,3,0.005272449453688204,0.6898630842866975,0.7136108272721235,0.42492103182143726,0.9781143255022058,3,4.913296306067577,5.582800469813437,9.792152872374599
22,0.9020318497213562,993,3,0.006000987504913522,0.7247969068307518,0.7906180761045989,0.4653268391524856,0.9322387152692166,3,4.769425269483335,5.076234475875258,9.872131282417037
26,0.9083633026646154,783,8,0.027426796043957483,0.7715419165418979,0.37676819371613235,0.97849187544475,0.21122272065310502,2,3.9333967743454474,0.004354950677738748,5.547098532559125
14,0.9072343802053009,933,7,0.008108223261650149,0.8590595254142003,0.4368670312440899,0.5305714545840194,0.3556377843437051,3,0.6388206921702039,0.0001002747643153341,0.08440781193908282
24,0.9099743988137858,825,3,0.017332689564727652,0.7501711428422373,0.845644731762077,0.9780239878850435,0.9990230988342828,2,4.111060281417133,0.005063369419463947,0.00012755045333067526
31,0.9090908318501805,731,5,0.020995477735672608,0.8614189378100762,0.3752916465321636,0.3836189858257265,0.8976926476545063,3,3.6616989223231324,0.0001223754045400401,0.00010666168480979452
28,0.9084120292978886,766,8,0.02338649452459549,0.846965133255591,0.40211297646946353,0.43315429619460566,0.9863390913995177,2,3.8184854021299954,0.009978801488307279,0.00024033694729915533
30,0.910628490573278,713,5,0.021109503849565763,0.667087271329387,0.3844226797587579,0.45757394290032866,0.9818790698043385,2,3.714397680681595,0.008735036398611026,0.0001349416061049325
29,0.9100030854758219,770,5,0.02457032581138802,0.8529485462746481,0.9836705609073798,0.41329382654610175,0.9994026632812587,2,3.784001584601817,0.00928761116532723,0.00026359257830780946
32,0.9091317171224456,729,5,0.022273295627718088,0.8867748655468908,0.3743613869133992,0.37562748772087295,0.8561735753931323,2,3.7187727004808044,0.00011011733558406022,0.00010978146434494929
27,0.9087869360851843,814,8,0.021981929044890963,0.8343605205727751,0.38893714579517513,0.9539131516371386,0.9899048708152001,2,3.931121242519757,0.004439325436914316,9.931774463198135
38,0.9069841284960314,407,4,0.0875802729546595,0.5315414410626,0.20494401897704467,0.8777760223883332,0.8594381611764348,2,4.464020794830124,0.17415580194118216,0.0002861079377615236
34,0.910764297271992,697,5,0.023869952769207985,0.854447013568782,0.983404461163004,0.3914393821836052,0.8448440902516305,5,3.56881928455298,0.012055593042136745,0.00014270056726538142
36,0.9081620375685967,358,4,0.07707636268475695,0.6468184993302702,0.9328867256382353,0.8925350417852679,0.8623131327288343,5,4.06855422068638,0.17743632417141905,0.00046431610133168224
33,0.9095989526060453,737,5,0.020809060585862963,0.9041150890489774,0.9866010095057152,0.38448984959351096,0.7793993511868568,5,3.645458467977792,0.0001309402652350069,0.00015177268486570825
37,0.9065581553316816,352,4,0.08609507087448245,0.644111018116913,0.9803545196653585,0.9069099339700158,0.8505910723301618,5,4.218531549105402,0.22841039015521478,0.0022317774939977185
39,0.8986286235583577,424,5,0.07612910064517231,0.4938175193799383,0.9334725419373984,0.29452458226856626,0.8423836314599777,1,2.4977464552646587,0.22884956743408308,0.00038776034597303295
35,0.9106556731523208,724,4,0.021087510524342223,0.8841109322470071,0.9211785396085068,0.39499288432681295,0.8632279584248046,2,3.961462949549983,0.18848103665020388,0.0032897825761448404
40,0.9050287686849586,653,4,0.08699134653101274,0.6260748322552824,0.9443407672317803,0.6163432850781703,0.8740316274125891,1,4.275090904257656,0.017086878212410804,0.0003396156031911201
19,0.9038005418560466,934,7,0.0068207647068566106,0.9987756380006703,0.9917145773112571,0.9674915449125678,0.905451771567242,1,4.624931753306954,5.77226170380336,0.00011437147945942822
41,0.9062481162854255,656,4,0.07771096347268963,0.633623658788773,0.9900898864621247,0.28339874195794856,0.8498105593444645,1,4.275507036014312,0.01199115706574582,0.0003783552907598689
44,0.9093021336936848,629,5,0.04404247091302319,0.9245647492065809,0.8926111598203756,0.2858556835606504,0.7550907676084582,7,3.413651746151939,0.013549189204215443,0.0017043441295163282
43,0.9096230181619884,663,5,0.04747722082666699,0.9253750415468124,0.9527976993365959,0.3092938615321621,0.7277608915083718,6,3.39827067997428,0.011344108349447428,0.0005476603056600246
47,0.9086201535323161,563,7,0.0466711552463618,0.9508203200432078,0.3070873597948861,0.6048748641242988,0.7429982386708718,7,3.419761262363744,0.014541828228263052,0.0008159442206475782
46,0.909171277789123,602,5,0.04851548855661051,0.9347359030280868,0.9059354207867769,0.5783280215013495,0.7168760057403126,7,3.4080598662703325,0.013214443777511438,0.0006801073381910973
42,0.9084476338598895,652,4,0.04202429002134241,0.6463253305993601,0.9813716064386083,0.6117827165721146,0.8621842691068791,1,4.225251741589296,0.01193894287932871,0.0005436064063639353
45,0.9082224178423741,643,7,0.05109748636552761,0.9297833638590486,0.9197553036497845,0.5906928241578637,0.9300154832470081,7,3.3528652209642846,0.017471288761394865,0.0019183364080986255
48,0.9082147184821256,555,7,0.046038090800395705,0.9262196043348547,0.8863678280037361,0.594056434723484,0.7254796826561494,7,3.182806112149782,0.00027688617737176886,0.0008503077767693204
50,0.9082084997914688,565,6,0.05325972053569206,0.9488271182021556,0.8873897284059302,0.5016313456036136,0.7312275625592186,7,3.191337141463027,0.001683815330233274,0.0007288379577533649
49,0.9094992388059919,569,7,0.04037585920567516,0.9466569959284966,0.9047408392804346,0.5632748207243631,0.7201578032232481,7,3.245088607985995,0.0002495589141474319,0.0009196797869960333
52,0.9076068811135585,558,6,0.03524854621528448,0.8044411057872507,0.3285507363114869,0.5109945894013036,0.7074509156836585,6,3.451171938018187,0.001388557073767656,0.0008577370661180789
51,0.9090995965962145,583,6,0.03606188834698131,0.9305239214356673,0.8705423180162136,0.5135509463719398,0.7032425611839208,7,3.376714724201491,0.0013699943234033293,0.001046193545390109
57,0.9096372224949393,877,9,0.03154013722079242,0.8029997461335331,0.5373515244079329,0.5002003867663796,0.6608482867496397,4,3.6513069949272627,0.0014497835339151717,1.4941024918544203
54,0.9094880514570616,577,6,0.030280851094013354,0.8172460421293054,0.8886604181568486,0.5608848715096336,0.9491629687014296,4,2.9818141263018303,0.0014442355405868401,0.0032048245776952105
55,0.908725837673732,542,6,0.033569049414478205,0.8033740156180031,0.8673759862319483,0.5094766145014347,0.9520582438880083,4,3.005043820727,0.035604318093478554,0.0032606696253397343
56,0.9087272826910986,872,6,0.02805105300714356,0.8129170097141716,0.8738017030303595,0.5019436572758612,0.6672180553000182,4,3.0581659289626684,0.0014627917520961102,0.004246582449353459
59,0.9080787359548477,875,9,0.03198153919678118,0.8076465719742789,0.5184817625533881,0.33947013140263743,0.6741018469198714,4,2.920184764235419,0.46419966897529585,0.004070069387737682
58,0.9093943773263646,871,6,0.031745414820235,0.804124174927368,0.5373741521941169,0.5031378981736937,0.6022371663282413,4,2.698853548761914,0.5222199586624424,1.6511596670700734
60,0.9097372530600708,868,9,0.016483197834245063,0.7980994200238357,0.5084500037586266,0.5063623481867345,0.9497306456722199,6,3.609413332628552,0.47302794127412867,1.166493796754127
53,0.9097816902517664,566,6,0.010547696213568727,0.8019834157960756,0.9028826901780242,0.5013687773478103,0.9406670777929724,4,3.0497049923169,0.0015839999603576161,0.004121009230700873
61,0.9086557128638824,882,9,0.017137839574321537,0.7156228897239159,0.8500551636036984,0.24673963080405426,0.9574788928745156,4,2.843205012198859,0.05984098880619996,0.0002094704764397436
64,0.9096127258435424,690,4,0.016246708352502446,0.706679652342041,0.858385166559656,0.23914011138471483,0.5729189157761763,2,2.5478880513848736,0.03171329451966745,0.00018300085393266652
67,0.9106667289909115,696,3,0.016753506018263614,0.7306026047199001,0.8380135774989067,0.23813989024927185,0.9734734237279706,2,4.089705341689459,0.06729434510707381,0.0001710847329657929
65,0.9099968483129033,687,3,0.01762636187597754,0.7097427971401273,0.8382977538737619,0.40843762366696906,0.5972694860798969,2,2.699313577793549,0.006886117636762794,0.025109878185667345
68,0.9085239052197533,681,3,0.017043695856752812,0.6951375237413844,0.6213535788326082,0.7037888247382021,0.9533163885198103,8,4.682676174224243,0.005615377927945852,0.21724923281892844
62,0.9088509779716988,699,9,0.010919367423104372,0.6987452467468782,0.6108202200005137,0.41717228978760934,0.9596404900070454,4,2.959869900048691,0.03183850529699393,0.0002167916121498525
66,0.9093662635324901,709,3,0.016296284561979218,0.6945711842121581,0.6095567815338386,0.7039489151275875,0.8090983509831668,2,2.7023095438967775,0.005859775132760507,0.00018432909151362882
63,0.9077870616813597,688,9,0.018512315407852156,0.8889280425795473,0.8502459578450566,0.4210778303769614,0.9483719110461862,2,2.914923262855882,0.0344264210531666,0.00019546326206843306
69,0.9087803256761579,700,3,0.009850751687453058,0.6867471708797741,0.4642866382363501,0.4067514770159006,0.8265934866531861,2,3.8531059559100154,0.002772706777398732,0.0001849623423898733
70,0.9100631083151388,697,3,0.010269702333343544,0.7103706370506987,0.8373623757335318,0.4188827271371456,0.9990762234517778,2,2.2748548902786276,0.00297797399359182,0.0002117479597664543
73,0.9096731759774366,699,3,0.010547081954197512,0.682057931216812,0.736505621588739,0.41105108828505693,0.8135908714268193,3,4.033146780064986,0.007459577252881776,0.1818017139826182
75,0.9103887272316833,759,3,0.01217385984085076,0.8684178870434889,0.7642086934560031,0.4065950570051245,0.495096532994835,3,2.061317466591132,0.007594428389784455,0.02722331540972346
72,0.9099928514628267,702,3,0.00990764376513361,0.8818988709624108,0.8374817799737525,0.41970443757635495,0.9960170297221849,3,4.063460653720524,0.006692876627501486,0.03367132082621374
74,0.9098722028891043,694,3,0.011589062415888208,0.87467986016154,0.6300626947553689,0.42842835938618556,0.823079768053931,2,1.8004364662057022,0.0066792031767544295,0.020305161796316095
76,0.903648371622252,773,3,0.013576274897651387,0.2046009342482228,0.43071921602350116,0.40731717889772456,0.5040102074535604,3,2.230774270255661,0.00272685096631587,0.03549730445298192
71,0.9104784686711053,679,4,0.010268738148312855,0.8732955682814618,0.7335026245661761,0.42345365774708754,0.8169862650909182,2,2.365649556250128,0.005184695584165528,0.18675312426901705
77,0.9107677835122706,752,3,0.013581795180817877,0.8741933465236288,0.6827817554138871,0.40488848644709485,0.8906920652117498,3,2.360668402759676,0.09638156872833072,0.17151783442051324
80,0.9084844415514535,751,3,0.013239033518405496,0.5839453339846932,0.7528924105003856,0.44803305999112464,0.5100963328520042,3,2.2564828128426693,0.09798963558915563,0.01626867571257022
79,0.9081195759966783,753,10,0.013599824923921665,0.8719134059326438,0.7601141076693958,0.3561480781238797,0.474593487443003,3,2.241601274054787,0.09914453687436522,0.03972333103441203
78,0.9079586201880442,766,10,0.012701979157948518,0.67171001196756,0.7650602197786877,0.3452120032543218,0.527942527932695,3,2.301569908231535,0.007687505017477814,0.019494789274479934
85,0.9061251100277836,605,4,0.02504956564703351,0.6045984865161191,0.7645686050649801,0.35178766735282596,0.8951019174238776,1,1.4099441933274721,0.0863695220924156,0.010006648830541675
81,0.9086558306150476,775,4,0.013232276801909974,0.5955544063080349,0.7765385575079092,0.3516947761428445,0.8929584762881979,3,1.9397662404927707,0.0940529337795577,0.017406278203721978
83,0.9081516290193361,763,4,0.013557734634066138,0.5857130165350638,0.7454374830910724,0.34109211401122697,0.8832480911468582,3,2.169282435480449,0.10543125430595632,0.05854282529608124
86,0.9101486290328369,801,4,0.008056589585992728,0.9776126353721233,0.7546405433784893,0.20201596341598152,0.9003229611719878,1,1.995548886446742,0.00081803841995438,0.008968646718863452
84,0.9095305928473945,767,4,0.01411997593702386,0.8419282529636009,0.7567178474522676,0.3551752071750231,0.8967772341871695,3,2.29196092727109,0.09327681454822287,0.01176311052332117
82,0.9081804862647257,752,10,0.013282627643423544,0.8669854181272362,0.7468389274910606,0.34299381419222547,0.5078120394964217,3,2.25675964756477,0.08805811672270727,0.04944428285038846
87,0.9094939520903423,746,4,0.008258393620362701,0.7727411451203301,0.7593014225074065,0.3565732043029543,0.9000096623292614,3,1.3472291106596948,0.11403626926345654,0.07440158867236038
92,0.9076063029241697,803,4,0.019982124840970852,0.9757173849284579,0.6775587249814105,0.20461233758687325,0.2935816188148649,1,1.540562398067359,0.0036310471198251343,0.057025115154107936
91,0.9072707897930219,517,4,0.008074794182618427,0.978564928844486,0.6855606780533067,0.2043945649599076,0.9117453608522346,1,1.8309385672735392,0.0007536388604403851,0.060935360178615186
89,0.9091753095312491,611,4,0.0077131855416761345,0.9749511299045506,0.7006982485505355,0.4761209110964225,0.9000803718259653,1,1.8230088790514802,0.047509175771093703,0.06735882421299991
94,0.9097003486741994,810,4,0.008998569179326028,0.9699227351175645,0.6775968387880881,0.20913067625029058,0.9064697938777764,1,0.016581807032067353,0.02208543164705746,0.4314814715943183
90,0.9107607457326491,799,4,0.007999930399543331,0.7644371216150232,0.6875391356856009,0.44974249918084586,0.892030172971102,1,1.9555596258737928,0.003302271916245507,0.06267596460347645
96,0.9096042467714135,836,4,0.008656458515209716,0.9809766015863621,0.6963567344851852,0.21725023339105018,0.9174646128812237,1,1.4768833808558601,0.00018897037813928104,0.35174500319874563
95,0.9097011746047423,801,4,0.008370528749779364,0.9787645854475335,0.7000178885223742,0.2071366664483211,0.9173185093736433,1,1.5615614663505624,0.0008986150444211955,0.3996881838905529
99,0.9048972261899998,726,5,0.13729450981931476,0.9012452045200905,0.7043036055567377,0.47922007593096355,0.7870517811292428,5,1.9408795503380676,0.000838445897592305,0.45787192258245607
93,0.9101105475154002,810,4,0.008474426503410706,0.7697446881883635,0.6670667109935327,0.37845806391220327,0.918832792912282,1,1.601502995496157,0.000991540449802223,0.5080226773249201
97,0.9093213329109597,796,5,0.008834770287450366,0.9830490566989187,0.6914979485474144,0.20272521088044496,0.924986054894096,1,1.5479503137179353,0.0004115225020856035,0.13019246592325798
101,0.9026813501736302,720,3,0.10716736423781115,0.9079454089771071,0.7237840434827973,0.5359651991554264,0.9731315030565212,2,1.9566962902202547,0.002166036693210083,0.16182033770841117
100,0.9098297874598309,838,3,0.009072493909400119,0.9098126220297117,0.819258233955281,0.3812591169696864,0.7915152345279872,2,2.0280434553346094,0.0008557892207627805,0.47302694903207854
88,0.9071949815319954,792,10,0.008867629740742301,0.9782442046395396,0.6996143159194737,0.36380892965174333,0.8939722882195704,1,1.567867286070256,0.0922811151556456,0.05844984670958081
102,0.9102338231791945,722,5,0.01498825295473171,0.905798309714637,0.6442648416743365,0.48156929434452084,0.7860046492912857,2,2.0000958874645556,0.0001940145340042444,0.243612335821899
103,0.9085407899310699,722,5,0.00602803540068738,0.9021798805323303,0.7227686892060676,0.38433736870709884,0.778160022902816,10,2.0522863879223374,0.0007563361460015785,0.20580527258665568
104,0.9084276326575962,720,5,0.00598037719620107,0.9106375011130928,0.5775742660655185,0.38350056130966925,0.7588007244783688,5,2.0856101178389967,0.0003375194303599947,0.12322256629128446
98,0.9097483852202689,824,5,0.00861414685341831,0.906321631752229,0.7086445670330677,0.47529159930907666,0.7888686211533422,1,1.9742808333310093,0.0008370706490614143,0.34571679281283496
105,0.9081791332285791,631,5,0.006632312209800886,0.7344717568236615,0.811570523760775,0.5380604402453677,0.7639518769337429,6,2.0554400351914346,0.26896424036922145,0.14132972035942024
109,0.9075662010886442,623,5,0.0070452131698563744,0.8242767389495049,0.5797642750448866,0.262706948417618,0.8347739621594719,6,2.3814916295113617,0.00042079933269784905,0.10144543444861447
108,0.9078854647110172,851,5,0.01964219806768759,0.82740083020576,0.5641081074663116,0.31287918462251935,0.8349098444055366,2,1.0791629553587445,0.02180572957858206,0.233930840082066
106,0.9098943303019162,721,5,0.006284813428656188,0.7377420143317213,0.8117767057389073,0.44624262665571507,0.7700348487649495,2,2.041795230533222,0.30157840110089,0.18834625701799285
107,0.9088817184755577,720,5,0.019297325049491193,0.8318198122344735,0.8152814298174911,0.5310526206104643,0.9746554213477053,2,1.9688675096956967,0.00042164992392307624,0.10471136287036291
117,0.9096819870181507,667,3,0.0612675118805419,0.8468715505424977,0.6570494452887375,0.4425068653224146,0.8803893874101222,2,4.395075952608158,0.0001531751741800018,0.006969746402662219
114,0.9099861048303733,629,5,0.011811386200115135,0.8311366348633314,0.6442061815339243,0.4581788050399943,0.8334635477667518,2,4.383192871178441,0.00020342715743393576,0.09661465257278574
110,0.9093204722404022,670,5,0.0063808252272518455,0.8300271296016974,0.6547617465675795,0.4530858093831768,0.8766404014997216,2,1.6773952893232016,0.0005166138597631049,0.1213058404067826
116,0.9098092321657081,668,3,0.014796435335090055,0.8509893092668083,0.6570852841868515,0.4495321419145528,0.8670784074572699,2,1.0448251354657572,0.00018637385052454713,0.250947375637817
112,0.9086016644708748,667,5,0.015144564899990153,0.8271892712667774,0.5762930571840579,0.45267445081580815,0.7634342952793514,2,1.1397151420939036,0.0005374098191089925,0.2590759237699098
111,0.9087038787918005,630,5,0.006734473800538305,0.8267656882709449,0.6581357883129166,0.4525161900479202,0.8360674265448222,2,2.4460123941459355,0.0004534840607439677,0.2659637021020342
115,0.9099889066847633,673,3,0.011711166636008612,0.823398133276438,0.9626357589966195,0.4515613735943253,0.8374889435795995,2,2.429642200820195,0.00018068459818421038,0.2735874532102378
113,0.9082546830299787,668,5,0.01909773561815012,0.829326051433844,0.6434630758968729,0.46021750005007617,0.8335110756389952,2,1.1158199146051306,0.00016261095080835473,0.27260877483616053
119,0.9103746023370588,664,3,0.011899981444067256,0.8514525427825779,0.9594331934481887,0.4616180025814707,0.8686969293059041,2,3.555028680368247,0.00017429012407017418,0.00013668385100052457
118,0.9095824798337636,665,8,0.014750601014502906,0.7843190126851038,0.6550665097801556,0.45410201068787603,0.8701278868489951,2,4.374167477337321,0.00023446213555077254,0.2825110423111949
128,0.9024341226700473,104,3,0.025510677939322764,0.7826203345405213,0.9260794907810785,0.48857003740907096,0.8038404328794441,3,3.807623987542887,0.13621452794269417,0.00014269085980918279
121,0.9108544324062396,670,4,0.011915286024978624,0.7783686989358384,0.6486590294814382,0.39805563450226056,0.8650588378538325,1,3.5046374696497673,0.0035386634635408143,0.26422804033973685
126,0.9097550294570997,738,4,0.023259488350493136,0.7808568384784608,0.9231327510956807,0.31850904304167926,0.4012988064433456,1,3.9412265838347267,0.14877535340759382,0.029625494278050942
120,0.9105360183558634,672,4,0.011719061180624116,0.7887058740071874,0.6407711622810094,0.45524194910025023,0.8598034505266098,2,1.6879037127478962,0.0001876952202789585,0.2680344710849906
123,0.9096986297656459,749,4,0.015014921010449505,0.7564133780107911,0.7821601561921507,0.4886590528496357,0.3896622336723239,1,2.436998566636738,0.009740279417571903,0.6306537378179837
129,0.9086833199248534,740,3,0.021758494651741372,0.8623285414591344,0.33370986634584265,0.402969005820839,0.4329007779859906,3,3.5065612407877857,0.00976300290268557,0.00014343195158325104
125,0.9102581218809245,646,4,0.01209150286949359,0.7759951667177772,0.791121985762005,0.40006982157662296,0.936469104538482,1,3.5160127940132533,0.13666565927459748,0.7620670944238588
127,0.9093377376475456,958,4,0.025396378337080427,0.7592346728611561,0.7857845272372038,0.3966771086484216,0.9318011046081593,1,3.9428016368800383,0.15358817454941073,0.7434195982934764
122,0.9078006653237308,740,4,0.005109597914144027,0.7822291222887315,0.7892734762118513,0.3978327353741373,0.8695747060431409,1,1.6818285394233226,0.1571163427825723,0.7434902549883482
124,0.9095743053639069,781,8,0.01194639342724998,0.7860508848957805,0.9583630693618085,0.3144192833144162,0.9320250523693155,1,3.5281756715437145,0.00914745262018262,0.874752007764842
130,0.9094235865329521,738,4,0.021495245035209862,0.8601296597174077,0.7866144466868452,0.2372457479762355,0.9299682455992474,1,1.7099600807401547,0.004151591334848054,0.00012604735618232263
131,0.9101740056632457,741,4,0.022976205605735867,0.7543212575116679,0.9520048252431748,0.4291009712420408,0.8478650461751047,1,3.5523058898961044,0.0038642507978747576,0.8295208726373882
133,0.9106991154264883,741,4,0.012479741874391777,0.8586562964128176,0.7302756187450603,0.4033400260195623,0.8500229348527975,1,3.553172217407653,0.008995987321422757,0.00026150349082836044
132,0.9112233877805396,644,4,0.01579798165497156,0.7574631109275598,0.9452714287830267,0.39599155422598287,0.8600994111067742,1,3.5969398117479248,0.004221412460365023,0.00030791823006088626
135,0.9094477326674845,646,4,0.012156895030313988,0.8843737323971337,0.9589668738397035,0.4297828396308017,0.8549913616521884,1,4.153301322465608,0.0038567930852958228,0.000323905413918517
134,0.9109640828386821,735,4,0.012557599947327348,0.8646461909336758,0.9557160430802913,0.3956752665240921,0.9363606243323777,1,3.633096919997907,0.003890933575369162,0.00028125363331651276
136,0.9101926918381613,645,4,0.012356784177534698,0.7610228407154599,0.9476165682652441,0.3938078733528379,0.9347262445865606,1,3.772464786937416,0.003935458478609378,0.7719823643019472
137,0.909667180322234,646,4,0.01197425288716036,0.8835840349049527,0.9462553570165686,0.3908735707386438,0.8599569485732108,2,3.7189809889308743,0.04454910760121871,0.0002883262275323503
139,0.910531070754448,594,4,0.012490515843828291,0.7224542960312117,0.9451452676116386,0.43157373743789434,0.8565203763746141,2,3.7012977869742194,0.0036641980102559398,0.0003853446212323501
138,0.9101798813627742,641,4,0.012168757486704169,0.667996649710592,0.9554481465652906,0.43283044299627677,0.9815359204254587,2,3.522772482923708,0.004400656722207111,0.00029666882165314286
140,0.9098764288560381,712,4,0.012448205885802957,0.8768424206657998,0.9979820755487487,0.4291125811658891,0.8526993996265771,2,3.582995372362098,0.0036159699040550853,0.0002931642929530851
144,0.909209558016402,605,3,0.011109724284005492,0.6671082102497509,0.979304303529236,0.3701554054871789,0.8154986967375155,1,3.745244548413319,0.00512887123753287,2.3697332592795797
142,0.9096831353390693,648,4,0.009615645100714906,0.8790978536550357,0.7338860770829528,0.43202546232576206,0.9709014846664566,2,3.7032825685785022,0.06855081373572437,0.0013481188762585108
145,0.9094432756072373,707,3,0.009996235989236555,0.8793970181481229,0.9771852190593021,0.3677034677367496,0.8178771511682911,2,3.705079110149988,0.00550121295858862,0.00026808328970473087
141,0.909612173196046,652,4,0.009507982329480698,0.886401288817287,0.9994433001808172,0.4405421497486173,0.8486706469548184,2,3.676583598889411,0.004468822074697315,1.8461815992897241
143,0.910250282192302,588,4,0.009845523194290362,0.8841205839509483,0.973110289157485,0.43293126515018004,0.8576055501679863,1,3.698069234135147,0.0021220646362095016,0.00029081157110283357
146,0.9097132200396338,705,3,0.009912523104782295,0.7292585793927543,0.9812821712695615,0.43471629050489924,0.9811274049984449,9,3.2612737367588105,0.0022025920180407006,0.0002849842074107526
148,0.9078602886148717,603,4,0.01789637917710692,0.6601953509227764,0.9771233460926426,0.3704715606271588,0.968351471302344,9,3.7274032582447822,0.005127869452083256,0.0004730175008394784
147,0.9085446340619138,596,3,0.009676168282468268,0.731470735857348,0.9982337592004751,0.431033536932886,0.968231710132489,1,3.6670410283411234,0.005394670176031578,0.0005790356161415104
150,0.9092521324743634,584,3,0.01090356378285546,0.7341740009481437,0.973677305630646,0.4166067891552289,0.8102926910579847,1,3.2882785825707797,0.005738390774421861,0.0004588870634806937
149,0.9097677561611606,707,4,0.017659813230338862,0.7321318779158661,0.9747265637457623,0.36884068277631615,0.8138781427868893,1,3.298306628844113,0.0018884198575840308,0.000584837400126289
151,0.9087692917306176,586,3,0.010085340129562312,0.7292226117548345,0.9764943654296697,0.36844792121115155,0.8818958841756916,2,3.3376254872454525,0.0021263755120614508,0.00045469788719111577
154,0.9109940554893967,685,3,0.01652490841896624,0.7239330616589708,0.913177327712765,0.41136330120077863,0.8809513419981395,3,3.3140113597449505,0.001934974782212814,0.0003938277090186218
152,0.9097728662120534,692,3,0.010672000634907062,0.7264895000723156,0.9118193998166694,0.41571311116685294,0.8795747652047627,1,3.2715879973131505,0.0025813431976262403,0.00045091930152134764
156,0.9103002109669103,687,3,0.018199793724235688,0.7380398534110739,0.902858251403748,0.32892225961666777,0.8858604404863044,3,3.3327711268329514,0.01683068486227862,0.00045971888266369465
153,0.9095100428744992,689,3,0.01621778830191703,0.716857013142245,0.9357645714274969,0.46880427263938523,0.8822641274410916,1,3.2256992158311495,0.0019929539012397165,0.0004161936445085473
157,0.910370671774275,686,3,0.015871881168180297,0.7253782144079026,0.9063783069982495,0.4049203225477774,0.8855874826463099,1,3.882316917814822,0.9158128296093591,0.0004187408733850347
158,0.910000457397522,687,3,0.015912630570275265,0.854937442514706,0.9353843566586062,0.3329591419221457,0.8832042148271927,3,3.8696772904960395,0.0173235639299182,0.00043646957893432977
159,0.9102864362090626,535,4,0.0159940631332369,0.8488602093951081,0.8978880353617663,0.33138430420812237,0.8896961278169663,3,3.131732133675332,0.017102595344225677,0.00016643632047045885
161,0.9092807007770938,686,4,0.013995064753448071,0.8522822095276882,0.2594614214985028,0.397659371441186,0.8853685115526718,1,3.8679700230545144,0.01672252836147678,0.00014672343272924228
165,0.9038819831686226,264,4,0.015962701512813707,0.856050318319551,0.22706857755085036,0.4070072108126942,0.917652914871085,3,4.002972908068369,0.008192617315955107,0.00015219293481752278
160,0.9091167672094886,538,4,0.015553281347084587,0.8539697250688002,0.932713000629346,0.33296417793148025,0.8793326373476252,1,3.4541637916865886,1.351431342227556,0.00010149060612111706
164,0.9082908955042255,261,4,0.016126092951693573,0.8624541788563478,0.9398202048366935,0.40636992168275704,0.4559776774732004,3,3.1396276445816853,0.003024720590093661,0.00010736345552737161
155,0.909880444862534,691,3,0.010703130736856498,0.7287243242824328,0.910913219916158,0.6574578841479026,0.880750785043734,1,3.2887634525869633,0.017402676050675817,0.0005146518623770341
162,0.9097889149585121,684,3,0.01617145159678168,0.7132781409369322,0.9117962404540101,0.33175873562025654,0.8859612418791114,3,3.124456023304938,0.0030459744362212257,0.00010903816054735371
163,0.9107646195103328,683,3,0.013803626646867,0.8517276982706516,0.9341915139588068,0.40558084058105054,0.8860783438653137,2,3.8649558831832986,0.017298792169315524,0.00010357180633950729
168,0.90804791114754,760,4,0.01366117577979963,0.7519979274704863,0.2346886319383813,0.38764502095548425,0.9127013863107276,2,3.4694735213229997,0.00295648890566502,0.00011305749189734828
169,0.9104710097543272,761,4,0.028970594899073956,0.8128949900594715,0.8690651983907616,0.4097601214465841,0.9091826759842719,2,3.9940926897486597,0.007625780254918121,0.00011120526042286343
170,0.909385020099645,678,3,0.014090369885117275,0.6942299671385148,0.8718359681383743,0.4149098023884,0.8601980883620226,2,4.073124616749537,1.3799747065613146,0.00020812032236747547
171,0.9080402203012558,763,3,0.013520314051037069,0.7068180067888618,0.8701900871929931,0.3907318942995513,0.9069106453875143,2,4.214553318141459,2.7442700475457147,0.0002186303836153246
174,0.9093416688184698,781,3,0.028932949321451903,0.7959147877366405,0.8772708357313689,0.3836810827512954,0.5635298491784408,2,4.184788678664643,0.8369450069344514,0.0002131940555435199
167,0.908535630544795,761,4,0.014013751096104433,0.4049101528734277,0.8881261491261936,0.46715584340885946,0.9072897015944043,3,4.036389668671975,0.0030497494274300163,0.00010896007924715174
173,0.9088470682377201,767,3,0.02748657757667937,0.7952888453107757,0.8762367446533196,0.4677616003806116,0.9033002756485782,2,2.5990479462040437,0.003059888527788683,0.0001677499579376331
166,0.9102195838781764,760,4,0.013856171977241816,0.864886539453345,0.8756315961905599,0.659819109195989,0.9045839359512751,3,3.4466100563084723,0.0030489480617618713,0.0001661901096774485
172,0.9106249545415126,757,3,0.014117454086766387,0.795797910070229,0.8775705131775837,0.4693914738909609,0.9119224161402159,2,0.7324402249156692,0.6960211036051892,0.00020527767701834294
175,0.9092436534022348,762,3,0.028312577629868083,0.7968137361829584,0.867084603739589,0.4655942977494793,0.9093996403098044,2,4.076997353667598,0.011039688411257598,0.00019714617225105095
176,0.910724982826118,783,3,0.01305629717845069,0.9199408764951992,0.6315462614613254,0.47311540996891327,0.8648186926857034,2,3.601992289338841,0.006774283403446683,0.00021578556488903637
178,0.910235715255698,726,4,0.020441183150155747,0.8021094268919506,0.7204334145168063,0.38199790026223757,0.9485442264868374,2,4.214500846761328,0.012251950958169644,0.00023741390780742722
180,0.9089289378331014,723,4,0.020340262528121652,0.8089617825786514,0.62424977626772,0.4665128372661629,0.3053031698958758,2,3.59054352103804,0.011972956303578492,0.00017298486328243425
179,0.9108403182300879,782,4,0.02794937664969028,0.8032124599519208,0.6811677098773784,0.3778353105122592,0.956097228490413,4,3.969327552643035,0.01147210196489613,0.00023033364017337914
177,0.9100909917758756,784,4,0.02016641658830496,0.7991290398932965,0.8868641429664947,0.38430182001065727,0.9445290330074387,2,4.124069511672476,0.012355668934524054,0.0002200413913714767
182,0.9100673361064937,729,4,0.019582105947028968,0.8142672371556009,0.721535577379181,0.41938442844334883,0.31241242176223094,2,3.6090032021151046,0.007207417686634243,0.00013737829085710398
183,0.9106639671217461,728,4,0.02010844211153362,0.8113235414696675,0.7151490305168227,0.42049198618771616,0.8453130456286593,2,3.5817238948958194,0.011310903351964453,0.00013188244802999827
185,0.9097046869190359,728,4,0.020710830314494784,0.8114888876429318,0.7212550479146828,0.416968772385547,0.949384455029013,2,3.818513253457528,0.007682522430895501,0.1594766848740687
181,0.9092879108124547,787,4,0.011306060661779721,0.7996931846605982,0.6259332868708064,0.46770413401747335,0.8428622633411189,2,3.6095929711320762,0.011541479122714847,0.00017524132948634668
189,0.893735462482183,794,4,0.2819199214562545,0.7708475715937805,0.6831888326520296,0.8313326681519386,0.8379640856748788,4,0.7791128850567868,0.36700630515651234,0.0003685335908947197
184,0.911177560836227,729,4,0.020347719880615837,0.8113059674536155,0.725980973663388,0.8336964991860576,0.9563367668075823,2,3.806869506753828,0.012308073289551394,0.0025858949614629835
193,0.8908567450117596,708,4,0.2785896134162444,0.7690238400415648,0.6757622996376409,0.4870314596983814,0.8415176348992196,4,0.8358375888671961,0.006429662478194024,0.00035079921963196154
188,0.9082870010497718,624,4,0.024091820066276606,0.9347263471784962,0.6763693080921733,0.521382312800407,0.8401064165088314,2,0.4529430637080843,0.3722752542502136,0.0003431779081594223
192,0.9098392101376502,816,4,0.024950621015574614,0.7641048422844027,0.6790470474662299,0.49141542223095325,0.8432521540055142,5,3.8160161320960224,0.02863336696227383,0.0003446697925560508
190,0.90606817631313,788,4,0.024157517804153858,0.7715672044503447,0.6764449353017024,0.4408055675218915,0.844602427597176,4,0.3216809771800979,0.007979599109201308,0.00013391160199068846
187,0.9098255906836311,790,4,0.012908069759005979,0.9227640208149733,0.6230418361222313,0.4452574898873289,0.8350877851462325,2,0.9318162116264724,0.006692498339126363,0.00034297753606664583
186,0.9092982820371045,734,4,0.020552357132101903,0.8147281892121103,0.6768299237631785,0.4840951629714673,0.9428950195367394,2,0.703926687610574,0.3724787938248917,0.0002505792262805164
191,0.9031222844255149,787,4,0.039881713763539405,0.7722974706286022,0.6706779915440002,0.4462908060798792,0.844006480918923,5,0.6778452184467753,0.025386655991192254,0.00035525927843824774
194,0.9102912487273145,618,4,0.022910720435132273,0.7723598829475178,0.6793368826638584,0.8404476786565329,0.8291999226555623,4,3.7802636429836953,0.021565415866928478,0.0003595659752018489
195,0.909448177826183,707,4,0.012948461745926962,0.914598201319184,0.6797063524657814,0.48542632296999144,0.8628893277693295,5,0.5125961135810029,0.025918799621523547,0.00034125909406566705
199,0.908998708097157,745,3,0.023016953433805585,0.6186181863960453,0.9233274598887851,0.7359550152058107,0.8626896659740169,4,3.907624656310927,0.022065257629658837,0.0002489792996278249
198,0.9075739669642378,743,4,0.018155651305005314,0.7517341613282181,0.9247034275645838,0.36040585641079753,0.860384135073942,5,1.2287957889331866,0.02249148420275739,0.00023962938269658202
196,0.9045520488733167,816,4,0.024355972105347755,0.7642836227502765,0.6651245654737493,0.770472637707713,0.9907472926203933,5,0.444988110879803,0.009076608051659857,0.0003446484158748017
204,0.9095752398474929,713,3,0.01765783062454277,0.8437916962085984,0.7378502321685892,0.274794078086488,0.8670296371653692,2,3.9349792524376213,0.06956786853469257,0.0060611428261588465
200,0.9104495861118757,709,4,0.012901695539204271,0.8375846974581412,0.603033062664564,0.7677277371008787,0.8617213535807592,2,3.898626482993939,0.027662465868112156,0.0013495595261994937
197,0.9049561677558662,826,4,0.02377724036610836,0.7495631753220645,0.6001347244193944,0.792762717911407,0.8624285182320877,5,1.2562769319373646,0.031171620064930832,0.0002390090930119153
205,0.9101127550646837,733,3,0.01810284159026904,0.8953442350166808,0.7383283501038959,0.29867677582964625,0.8673081678878154,2,3.9141533175474037,0.22047689644170054,0.0025521513694373955
202,0.909935517591857,709,4,0.018193751899762915,0.8390189964595142,0.7091590444366255,0.9910237423658652,0.8595323793134617,2,2.827781252581601,0.21536436365569753,0.0021861967584601645
201,0.9048858614161374,707,4,0.01782993693816453,0.3524224577478481,0.7359912801840075,0.9525221851749875,0.8683867536492446,2,1.2893820399146356,0.021502893692164696,0.003024295795773332
203,0.9102050278880979,743,4,0.017148071319335274,0.8393433400452782,0.7411379889826867,0.9488927866710002,0.993532343542484,2,3.9270077102150194,0.00924688745539839,0.0006808227454903669
208,0.9095951398704443,666,5,0.0174419368836649,0.8401022951368926,0.4766761243671757,0.2885168967652254,0.8008358719272143,2,3.643356115364763,0.014901106358103575,0.0013389162185021917
206,0.9099974677798148,709,3,0.017476037329151515,0.840812665698274,0.6028305661100213,0.4240256124797689,0.8648882385598834,2,2.8122439921807865,0.21501324114895257,0.0006360243428510824
207,0.9097524539829358,664,5,0.01701120978195461,0.8391194618847972,0.741062663984587,0.3006186789808669,0.9988828292990712,2,3.650802464781583,0.04663906656935786,0.001270115601934942
211,0.9098368478926784,668,5,0.03253379737482206,0.8944113813550804,0.8526090295038361,0.42081979085337645,0.9241006645315252,2,2.755793802037544,0.01412143146455569,0.0007045295507890559
210,0.9109200445110048,747,4,0.01465184810454778,0.8372877631133496,0.6934214929284098,0.41885620598397805,0.9627346214663998,2,3.637295790398036,0.013916002601122473,0.0001532314876444918
213,0.9087734055716842,751,5,0.03107077792536407,0.8191564715874174,0.45600713290601746,0.4213837348246215,0.9630971268257387,2,3.604790743299902,0.014016004410945089,0.0006905076909988874
212,0.9100225036996216,667,5,0.014772075172963372,0.7884057164940786,0.69929413353736,0.42609081629153134,0.9253332075479596,2,3.6365086938014413,0.009767910238677981,0.0001315361755379903
216,0.9093942432314289,675,3,0.02668221243942381,0.7858381849773809,0.6957209992072455,0.4222007848206122,0.9639827799312102,1,3.4076195816193007,0.005550039516033694,0.0001326623339320277
217,0.9093874474916464,672,4,0.03445025968416538,0.789249968191558,0.8494762023988367,0.3999443908775471,0.9585206311247534,1,3.778603938551577,0.005107528046992461,0.00010042727766447833
209,0.9094028432474595,659,5,0.015058591087874421,0.8979664755600559,0.589400578401319,0.9405529702307409,0.9256526940749908,2,3.585597579385733,0.0011489046828663176,0.0013869432797825674
214,0.9099281389495981,673,5,0.015136188783707061,0.8341279620166927,0.6967520504154925,0.41462775099327176,0.9620416697463533,2,3.9967962318214774,0.0135694145759827,0.00014147039959935945
215,0.9098914587394443,659,5,0.014660030377747383,0.7903524417017392,0.6973318883981391,0.42454490100373793,0.9602671944951342,2,3.6644596478698084,0.014111865571673304,0.00012731343874566474
218,0.9103954026357044,771,4,0.014762871847647498,0.8698904338873436,0.6996172991611955,0.3999436263147548,0.9253446282412993,1,4.0074717737044185,0.004636752142747151,0.00010055722804511692
219,0.9101651805592871,776,4,0.01484086062242489,0.7843680909812166,0.7048306131387762,0.39969389543234063,0.971511247437746,1,3.399050185599915,0.004682655414380976,0.00013245737350548093
220,0.9102940380388107,767,4,0.014232763639366468,0.8183282235028669,0.6974741709859338,0.39930258808995056,0.8198747800452275,1,3.418840908245283,0.005034758788791652,0.00013222364921388997
222,0.9101000025146602,765,4,0.014641532488205303,0.872405718593504,0.40629117584370567,0.39748920089481804,0.9781923538028163,1,3.436189320149394,0.005926636893193986,0.00017710138952612203
221,0.9090933883959776,768,4,0.014615915363835176,0.535291925037374,0.6417912353065389,0.3944252488326347,0.9289210844519415,1,3.773479290804433,0.004521833354829797,0.00012759380650990653
223,0.9100595840660917,763,4,0.014992812104032648,0.8196502598379145,0.4283553210653152,0.399540704675735,0.8962534798521267,1,3.8030827963978093,0.004669166036781946,0.0001841573804661018
224,0.9109617572341634,773,4,0.014578607042644007,0.8644156005226137,0.6465188629386287,0.40291465007533633,0.8954026276625353,2,3.5380438851403566,0.004564757613449747,0.00017842524469918755
226,0.9113687746654104,773,4,0.011157092424784527,0.867759233622921,0.6365840056320841,0.3913248578759274,0.8929901331011674,1,3.4744563328552616,0.003837716617474016,0.00018916788805012575
225,0.9092728438324904,773,4,0.011199429191939265,0.8237890495205406,0.6392807578495734,0.39869965450102723,0.8958741275768195,1,3.7493521133758665,0.004623462408202031,0.0001831021164996377
227,0.910350009371442,764,4,0.01280146319533801,0.8725551717094931,0.6427852831259891,0.39227443956236774,0.8230211130485648,1,3.4808145726077804,0.003988512756133522,0.0001694032552229312
228,0.9093506169948211,728,4,0.011101984766018124,0.6823148507829702,0.6428889885081619,0.37670945185895155,0.8221018168253225,1,3.490256412842908,0.010115707214138318,0.00018800473901719398
231,0.9097048201777789,726,4,0.012940096177078867,0.8653644606244331,0.6456568306989685,0.3771180307362056,0.9022403933979098,2,3.7893343042303287,0.010415473533447933,0.00018861997180158062
229,0.9099028977824407,752,4,0.011303752271382228,0.8206415435865857,0.6417925783829763,0.3805109248837995,0.8975099379924414,2,3.476649077667164,0.007835023306713674,0.00016950796793777545
230,0.9108160912128958,725,4,0.012941220436912152,0.871472761437731,0.9434657754513008,0.3766133338329618,0.8961709846671599,2,3.7897495251350675,0.008469391686634029,0.17490508310643388
233,0.9102235616478509,730,4,0.012825837855981763,0.8616882682761808,0.6406998021714333,0.37740790201038094,0.9001727072561282,2,3.5172974070138427,0.010341031780443528,0.18635495336894772
234,0.9099666022271071,730,4,0.011090398641500661,0.8640176206743225,0.6336325870636614,0.3717944439628957,0.8953089403157157,2,3.5175535562395033,0.008299777898050779,0.00017400414500746443
232,0.9109197985942714,727,4,0.011506604828052094,0.8216695053435465,0.6344147469295844,0.8453340691828224,0.8971998390946756,2,3.7770466446497704,0.00837945972932864,0.00018534889424879754
236,0.9100870265490946,732,4,0.012643915295543786,0.8600437613870693,0.6535030584114986,0.37061797542715963,0.8788219355422245,2,3.499483977376365,0.0035368131800884634,0.34342054516637643
235,0.9106364174540158,804,4,0.01154151699055184,0.8682623141278843,0.6318688197968781,0.43815261399996924,0.8925431321966547,2,3.5134404171703775,0.0038310679130486415,0.33752396960823877
238,0.9104331524126081,805,3,0.01289778033739075,0.8623490876407327,0.6587848143981687,0.4420786084220302,0.8932097171136191,2,3.5117080133188097,0.0035458794068118447,0.00025605589823186995
240,0.9104833034624955,696,4,0.01245872264341677,0.8571081206572841,0.5571434676978609,0.44030355786025055,0.9406254631555511,2,3.570245330171408,0.0034847025083408157,0.18130268967669066
237,0.9103401188056806,728,4,0.01101423658689677,0.8558342052935329,0.9443353220535357,0.3679892311659459,0.8923806664927848,2,3.538583183054438,0.003579312769547645,0.3541290234290808
241,0.9106530761651938,467,4,0.01257840051374312,0.8588686381998417,0.9245160873984232,0.44176230335877364,0.9437343182434932,2,3.5623341710925804,0.0034516987133180388,0.1616792908176507
239,0.9101912586035128,802,3,0.011727761158634465,0.888090340000026,0.9430271125807765,0.43987908077188614,0.9431595224805532,2,3.566235578243704,0.003488759014989479,0.32190282352528177
242,0.910260901310141,697,4,0.011672806847344975,0.8888743293935112,0.9498112851726047,0.3536454990680516,0.8770664912877744,2,3.5671794502178775,0.00356245474086675,0.33277136480238556
243,0.9101207978721657,696,3,0.012487390518235332,0.8966932183620164,0.9448698251726069,0.4411007422603198,0.88282085385687,2,3.695732435226247,0.0033604270679695497,0.3477114033435408
244,0.9094426806939904,800,3,0.01212224763559206,0.4634782104666947,0.9496249464078732,0.3584521056853287,0.9436583147520816,2,3.6835977236066815,0.006413678761662852,0.000263661949135189
246,0.9097651646472963,808,3,0.01177287468366288,0.8824958766723354,0.6164010830670043,0.35142734122543634,0.945791531001501,2,3.5988453523224844,0.0064487252801899,0.0002538252414384315
247,0.9102118711388412,697,4,0.022107730052873295,0.8804933060041239,0.6155998816897181,0.8659099092657263,0.9461716261277288,2,3.6921856652450673,0.00759750170900147,0.32052207221869766
250,0.9094248528330885,438,4,0.011670302041675535,0.8817615051440764,0.6131720445645205,0.35530423190670035,0.9421591816600556,2,3.7069001982769016,0.0064005220444873535,0.22622608026721966
251,0.9098807027140208,749,4,0.021343132935292504,0.8841288704091705,0.9198690848331258,0.3534914544337939,0.8749429318965688,2,3.708447986642215,0.002668370465921249,0.14656292043490468
249,0.9098570216547813,845,3,0.021614212063887254,0.8892658391959876,0.6151354034722762,0.8202253212643581,0.9422664802913641,3,3.695500115273165,0.005949019417588,0.00024705836039691314
248,0.9101958399524337,748,3,0.011515020348024908,0.8811028414959158,0.6249090616833372,0.8666237675059758,0.8812832212296928,2,3.6606129928466413,0.006634652525756285,0.33974078099082317
245,0.9100008714650476,803,3,0.012152738097632423,0.7447904053788083,0.9456786799377007,0.8481385705983473,0.8780548496092783,2,3.6969130933651293,0.006798508163013996,0.0002636855119478836
254,0.9091831805390969,466,4,0.013651959804695354,0.8432771227344046,0.614467171501917,0.4556178696311403,0.9127188301053759,3,3.391033711446858,0.0064822894690484455,0.15784720317514622
252,0.9097095689173168,468,4,0.013666828695906047,0.8852330330499047,0.6217495722932602,0.876725914227605,0.909035919420486,3,3.7015273242678144,0.007581929423026971,0.1479711696006625
256,0.9098493085353585,430,4,0.01376148459493829,0.8406862045102014,0.6643779354684833,0.4110362812160647,0.9162406234636257,3,3.8361715760591175,0.012264512610734265,0.0002151604692386643
260,0.9067103620538942,358,4,0.01369819217072514,0.8466031727659648,0.2955510244913787,0.4123662603378375,0.9179891354779741,1,3.380647755511991,0.01151946199001411,0.00020678212777033918
255,0.909418410118749,398,4,0.013705027229468696,0.9488049879261151,0.9245914717265309,0.8772192921486438,0.917385878334379,3,3.3640991151385684,0.002701607956214801,0.5283132491915213
253,0.9100142601298234,745,4,0.013845813330278978,0.8777105302927565,0.9273042883810506,0.8800683895514739,0.9153011266549106,2,3.3593623463820355,0.002486509760658099,0.00024164748456965643
258,0.9099823470554516,745,4,0.01367959854326648,0.9482779081589215,0.6631471298572645,0.8436503084367372,0.916282298613285,3,3.8666518625377018,0.011765387178574812,0.5013263561592202
262,0.9090550784458415,786,4,0.013651611682465157,0.847188143677208,0.6636473487311217,0.4116255620266823,0.9157191017001552,1,3.884491371089716,0.002400963916553762,0.01300938014492486
263,0.910199094719311,744,4,0.016250482964405673,0.9448869819122706,0.9218987986148902,0.4112396005992959,0.9216233094946631,1,3.8754615796403638,0.01215540747308856,0.00022025287946331258
261,0.9097866103348335,784,4,0.01359674790270359,0.8392879872942435,0.6647600569443937,0.4105933821052664,0.9156234072123485,1,3.34988795826851,0.0024619348127338523,0.00021493114759079776
264,0.91013593091137,744,6,0.01913961273052152,0.8060652271057547,0.8993058755119573,0.4150894094337669,0.9797548465176528,1,3.888876424349374,0.0024865921978196137,0.08508075826675705
259,0.9102172146395912,747,4,0.013377705179346909,0.8463228075964667,0.6624587870755538,0.8390095824935969,0.9137480281515811,1,3.3338856216767305,0.012750247294307902,0.5089510719222028
265,0.9107629419553195,782,4,0.018954979306052663,0.8092954887990138,0.9181432949822732,0.3866474929478659,0.9827271076858963,1,3.8632817626562543,0.002463642416194143,0.012601379855344836
257,0.9102121993825673,854,4,0.013534029173554497,0.8438355689623789,0.9083800179308705,0.8528027699597625,0.9146226451745716,1,3.3627639878054314,0.6126070867166293,0.15668883610672787
266,0.9106950183092799,782,4,0.010388614815790677,0.8088377602685186,0.7153546429882456,0.45253227545807995,0.9809668915498907,1,3.8802349641307474,0.002511605772984724,0.2356507081976642
268,0.9109365176633741,784,4,0.01613614062282452,0.8073652191945421,0.8997007829768857,0.4559178705023633,0.8506351434003614,1,3.8491326974093725,0.009013094991678655,0.20400719143180077
269,0.9099934768591063,710,4,0.0193878499839185,0.8040607405081539,0.9604600995073291,0.45653491391361567,0.9829470652148332,1,4.306310432746794,0.0016130587862096953,0.08468949068296791
273,0.9102889511732668,716,4,0.01589049252355014,0.9128147144312553,0.7147729112926327,0.3832760962004788,0.8523094648752858,2,4.121845556482816,0.0016818027148501984,0.21388064494408857
267,0.9104835311350197,785,4,0.010336457499648396,0.8029859553875582,0.9655900150170051,0.45625659336061614,0.9758710564454655,1,3.879700433515695,0.6643613730058715,0.22067453659393543
274,0.9100516485953722,835,4,0.01946304936573656,0.8117069177120373,0.9638855309491542,0.38779878001089446,0.9704763882731341,6,4.093010666441558,0.0017444914356318435,0.007350500885639637
270,0.9098952991454292,717,4,0.010333229888565259,0.8065331039705785,0.9617720939639904,0.4572188422894193,0.8500159091304226,2,4.060082776277385,0.008944451255589332,4.713116926239469
272,0.9101101865841331,720,4,0.010145111237761455,0.9104347325799687,0.9642562291681033,0.38746308549162817,0.851610080305544,2,4.305321254017133,0.009110941929878814,0.00014947693524363444
275,0.909717091080686,822,4,0.01918839148574607,0.8091308905445773,0.9684150282455938,0.386592618467616,0.9782932035617992,1,4.034492537483122,0.0016281946919315619,0.00015269231501888745
276,0.909101133138696,781,4,0.019061564368942192,0.9131695239633291,0.9661081658790501,0.38879462848978336,0.9845983097893156,1,4.1036181108151215,0.0019366661654636281,0.004454151589947856
271,0.9078137323583061,716,4,0.01921226446619172,0.8077215441815256,0.9054493633314555,0.6305662528556669,0.9776109022413478,2,1.8613116367161555,0.05739256765841436,0.004452613176751277
277,0.9103938079398068,830,4,0.019362725526975925,0.8130529266211568,0.7145571510111692,0.3853328636498744,0.985466901695279,1,4.044542801644062,0.0018649899441808748,0.005106410519339399
278,0.9098527961439526,832,4,0.016636388198785306,0.8256942630017003,0.7113494545151934,0.39076144761440285,0.8493383474507341,1,4.051698467695106,0.0014520181184197146,0.11158763944015443
280,0.9096753672589669,825,4,0.01669634041923203,0.8257552118855723,0.713648198945038,0.42922122234778093,0.9604416663297296,1,4.092837781441384,0.0019278186792170064,0.00534588988532547
279,0.9094795178803586,830,4,0.007660726426836264,0.8171913404360429,0.719382286035867,0.3906556461576543,0.9713763756533486,1,4.014065759586511,0.0020578484153056876,0.008178096980033684
288,0.9094212508941183,777,4,0.017384621269821064,0.8299912264537841,0.9312852943774602,0.23134874676126443,0.8719138658599435,1,3.9716688911630365,0.01734947264597957,0.009536411758258197
283,0.9096111233938557,819,4,0.009124100260523224,0.8269679024752901,0.7165725264783314,0.4290572062874507,0.9579704811393435,1,3.984056061334692,0.016322277523430198,0.004352765631130452
282,0.9094835386759594,823,4,0.007336824146309337,0.8245163317460094,0.721419384647641,0.43120850532922245,0.958301627935446,1,3.9749860760908025,0.002203253381454529,0.11407005887081406
286,0.9099823521486267,816,4,0.01670514150266571,0.827825081933403,0.7122335858703177,0.43202345377788465,0.9587247678958175,1,3.772210312612004,0.004196510255575858,0.12032098404151079
287,0.9115711471088949,808,4,0.017361044769662267,0.8279491346433483,0.932751870613197,0.42267363913605666,0.8712518657898869,1,3.785307022286595,0.0012383229154999593,0.11419189446248323
284,0.9098218548017603,780,4,0.007726376568196679,0.8200531182738647,0.8959074812829791,0.3981205284373586,0.9621728386488916,1,3.7899727343461977,0.01777492794438122,0.10300885743339516
289,0.9102583402793091,776,4,0.01580758848902547,0.8292649180170781,0.9342050895617622,0.22537621785959686,0.8732749909451912,1,3.7977786592117373,0.016758246654506127,0.21211170596249604
285,0.9104024762195859,816,4,0.007192990119714889,0.826094345657935,0.7195765105256873,0.4366147106404253,0.9573636677886133,1,3.8124844113461345,0.00122217799872221,0.11954821166604253
291,0.9090358125611866,300,4,0.015108681475928908,0.8661541015737906,0.6886005596792248,0.9061603147316548,0.8718176095738822,4,3.7990421761499356,0.0041287859705254545,0.12332919670266741
292,0.9100305451387879,800,4,0.016260916544909614,0.8628710461920929,0.6827346145109199,0.2541491982782406,0.8925895862579926,4,3.7914192443937824,0.004326268649456984,0.11802955572537562
281,0.9101838953167967,826,4,0.007292083907063763,0.8239247114318768,0.7187552161085914,0.9079736552284774,0.9913073064202517,1,3.9900019915628544,0.001980095997561644,0.004468292808387052
293,0.910378762396788,804,4,0.01620408755434874,0.8605025620371012,0.8929028502146662,0.4085835427384984,0.8717374652578505,4,3.7878941773156347,0.004206155144919408,0.21936536639176016
290,0.9101807678032768,778,4,0.0155188773218014,0.865402685218408,0.9246913661784425,0.43262745634509164,0.8698517276891992,1,3.5942668452266338,0.01839642062528559,0.19394721940321227
294,0.9104876752310659,800,4,0.01549448394078307,0.8648446680807163,0.9132970023799963,0.40504133063499453,0.8920366228758061,4,3.7984338906046906,0.0039734823748927605,0.00015413132160957855
295,0.9104891448781146,796,4,0.017068231225361868,0.7782099945543236,0.9326983758381086,0.4114759209807907,0.9981918411556965,1,3.802445795582337,0.00948102711742669,0.19429011820855888
296,0.9099219628287623,791,4,0.015531527348036664,0.7540981366587657,0.9351313769073413,0.4076957951830498,0.862364773213614,1,3.821979945275541,0.002803647353398487,0.18978282559179926
297,0.9104886319877904,759,4,0.015649625764011625,0.780708353967624,0.91557389267066,0.4092923629112997,0.836050154650705,4,3.5995521647169584,0.002948348263889102,0.19338723543909764
298,0.9100904754647621,796,4,0.015327763273144277,0.7528065234914355,0.9313478968942865,0.3704580342192583,0.8306750813350827,1,3.6298674975257375,0.12479602242651486,0.07087103610500355
306,0.906751638360371,187,3,0.021899553810643783,0.7854753154957331,0.9858173420312832,0.36580778083002274,0.8313559834459775,1,3.588869118228839,0.009034154895188216,0.0018865827228519102
300,0.9022855188750329,794,3,0.026468495135322075,0.238003610332703,0.9175141656587376,0.36843356495977164,0.8331917273517433,1,3.5622317878007763,0.12251915794264724,0.19211729127274954
301,0.9096600270719735,760,3,0.021555912342030817,0.7515127210963246,0.9113907356008927,0.3666332214194149,0.9996237526817938,1,3.5993304128412147,0.0029834751351478766,0.21826582906508835
302,0.9093739520222307,758,3,0.021565777736051662,0.7559721070789605,0.9309492594448034,0.3692502496651658,0.8328852976421088,1,3.613061602082038,0.07506335217170172,0.03825962665862337
299,0.9101731189186729,795,6,0.02170482646383621,0.7574276725164277,0.9186506847078887,0.4083046489257912,0.8266189208090186,1,3.625266280067746,0.12795441199598967,0.04840611106780947
303,0.9098456531560597,753,3,0.022317508804816272,0.7739390398011353,0.9157316392315763,0.3719971996271005,0.830441026443156,1,3.6070145807294796,0.11732366612660072,0.0017862010245399682
305,0.9107651482123046,758,3,0.02673027657514783,0.7670979077703676,0.9863694037209878,0.4167228680620439,0.8292342613585761,1,3.5997177495406567,0.002846647598321733,0.04333693749416205
307,0.9085246170479728,759,3,0.021493204239608512,0.7476532550405122,0.9117492669132176,0.3716869190203841,0.8288976874808267,1,3.6361180821744856,0.0012090013468803367,0.023447664688359883
304,0.9090307402149922,756,3,0.022405654798988858,0.7497752182225027,0.9360997940651287,0.6876400996527083,0.8341380626170164,1,3.5844298165513266,0.009714674498824427,0.26359112943883123
310,0.9086729378296956,762,3,0.021305724526634172,0.849217625617472,0.7537356694687405,0.3415976968362094,0.8465097991297799,1,4.799669419971388,0.0011200811853446211,0.015310395807782342
312,0.9076750218656844,333,4,0.012458808743679155,0.8465910429964189,0.5942813668830301,0.3415059692409186,0.8501664708171573,1,3.9128765904128957,0.01084725488471501,0.00029320637986703145
308,0.9109121576915091,757,3,0.02138126555857917,0.7905939542402469,0.9843668204470988,0.3630342655669041,0.8488435796647328,1,3.584486706423981,0.07654092725864046,0.00030270740967858754
311,0.9101723148051635,733,4,0.01827405588121571,0.8451678702601773,0.7586248017989683,0.4239900119863864,0.8518882289235958,1,3.9154400718067492,0.0010891414239049889,0.0002979439677266706
313,0.9101687182634384,735,4,0.010979750165718925,0.848623558922933,0.6861499743004698,0.42124646567854523,0.9357732261541957,1,3.918609097282737,0.005151170337691248,0.01670369935881815
309,0.9049291727120881,758,6,0.02583025525618928,0.26789502187759673,0.6898248977113087,0.8131825490791051,0.8471787113722264,1,3.4719136595787443,0.1811811204893639,0.0002938548812960836
315,0.9101843226873914,730,3,0.018243292771455057,0.7422392854445972,0.9826933996674996,0.42272605318451445,0.8073157602032911,1,3.9000976317907736,0.005646055646306064,0.019372452741976437
320,0.908337913947418,733,3,0.027051010394297095,0.7894288677996594,0.9951892247759151,0.270376841568186,0.8559394211020278,1,3.430136564566597,0.08434398566600973,0.031637922074436206
318,0.9087397629463035,733,3,0.028575864880795932,0.7123335743797432,0.9857833990145906,0.41657297956456474,0.800985011958789,1,3.928997949380319,0.005803449738983783,0.00029721575933054455
317,0.9101100515009695,732,3,0.02696284386209758,0.7968960768238269,0.9790914564981835,0.41962223323344566,0.8598272802572228,1,3.9143755558594884,0.005426158490370248,0.03137250594977495
316,0.9098304063946197,684,3,0.02755921573387511,0.7921651140281452,0.9985878949225815,0.8003982650154788,0.8530345343623551,1,3.886642384024784,0.00542917650839539,0.028666335941583403
314,0.9088997322753556,735,7,0.010809644381570421,0.8450652333694474,0.5942074292316873,0.34523599185721177,0.8501697420408831,1,3.50582694503067,0.18266878270146947,0.00010176294648390962
321,0.9098696090947138,736,3,0.029198434657102694,0.7930519811043257,0.9925789569003853,0.38850214927168664,0.8036124645913809,1,3.4750133768841684,0.051359083286932325,0.04531372273789788
319,0.9097230273661918,688,3,0.02872513052676617,0.7930856155070499,0.9967980538878135,0.8016820069701321,0.8845149164213323,1,3.4460118408678637,0.18263830715112764,0.05830920603661686
324,0.9104438898137353,689,3,0.028325268613800646,0.7959046280897841,0.9981609998705595,0.39387915655704586,0.8871789448225207,1,4.535135151096308,0.08723975281022076,0.00012203617378415793
322,0.9100147133463807,695,3,0.0264647485471346,0.7896397535559663,0.9902353049883215,0.3948425613264456,0.8893305108159185,1,3.21481804954761,0.0876435835059708,0.058839487482101924
323,0.9093295788373016,689,3,0.02717955050267591,0.7944277562265785,0.9958630981780785,0.3925123954897829,0.8058892176697544,1,3.4668116561092406,0.07906207239343667,0.04853003164359762
325,0.9099632518301679,698,3,0.025467843175079875,0.7924401117088817,0.9959067467297129,0.3946960140057928,0.8815680173692396,1,3.7038974482602964,0.06478616476954427,0.00016941590974346707
326,0.909345511428963,683,3,0.024932173987248462,0.7931221197334237,0.9921054622132777,0.3962349340104279,0.8848112349374819,1,3.6973270700742247,0.04394736748246328,0.00011548019674640058
327,0.9094011516292018,685,3,0.024582958461171287,0.7906115138393952,0.8289624524740374,0.39216761126662536,0.885967053350996,1,3.7073217240878478,0.03757738318980925,0.00010231767458086592
328,0.9085662354333675,691,3,0.009352335366780906,0.7674311655341389,0.8272123825758545,0.39405205013222455,0.8890429752991993,1,3.18474345112321,0.04232542380231903,0.00011910654440133125
330,0.9105061395107901,777,3,0.014557903802422925,0.7637864738930745,0.6526194896543968,0.39328567286790483,0.8895055610318354,6,3.7147613842128693,0.013299627251333147,0.00018019221917370476
331,0.910160989940508,772,3,0.024538687592751348,0.7687101142643336,0.9511741578324476,0.3984056765456756,0.8886413538863137,5,3.7071565578406895,0.008200325312296034,0.00016343592730794448
329,0.909705039336339,777,3,0.009345814476180164,0.769361314119557,0.821470948844733,0.39696461723923754,0.8896701579387916,1,3.7327294418565495,0.04382222788362569,0.05319193623040155
333,0.910398873064335,775,3,0.024045476409211355,0.7654126995032027,0.9521238365986937,0.5667451947736115,0.8713523879846252,1,3.6807943097930163,0.037482986932997675,0.00017472939809429146
334,0.9103314127451855,775,3,0.014675018602037845,0.7695990958038483,0.9553105168914522,0.4460599011256462,0.8696679902225568,3,3.7086543990610825,0.00801831597622349,0.00018265986177473968
337,0.9093936692230047,776,4,0.01791018297784948,0.7707780250374776,0.9490505166874926,0.4457774886829987,0.26367789050455614,2,3.7536088933684244,0.01314585428106395,0.00019220240958754619
332,0.910479179587114,778,3,0.014666683167016777,0.7750163076007416,0.9531755282657587,0.5641058518427307,0.8969692586498164,3,3.721565993594459,0.03894865670298375,0.00017005868768243327
335,0.9097744723865991,777,3,0.009289470058639792,0.766856821320371,0.9569279585874695,0.44681369606776433,0.894579427178123,3,3.7140332680395427,0.013998260009217266,0.00020387510410192842
336,0.9106752608952288,777,4,0.009103284387904283,0.7751185520069046,0.9527304091549592,0.4450804563460084,0.9013885508843127,5,3.7186798864693196,0.013854868609510693,0.00020205661466826815
340,0.9106518840581737,776,4,0.018415427672277312,0.8141316795251219,0.9615351223726166,0.44647037100160475,0.8714025250746165,3,3.748893045513897,0.007852547484164783,0.00020020235544158753
338,0.9110087927813015,781,4,0.014399413082823682,0.76824986937629,0.9585902690359864,0.4468195368848671,0.9005068612318843,3,3.759404994266619,0.01326144168659544,0.0002080446585846497
339,0.9105741081592116,634,4,0.017516421538940296,0.7729250273269408,0.9582823849436745,0.4468755451854351,0.8695869586951532,3,2.168525744649604,0.007399071625995661,0.0002200622042741627
342,0.9087942521650099,902,4,0.018165362395420093,0.8092183028913521,0.9680522743235461,0.4427698024935063,0.23096233246567227,3,3.5052265709364496,0.002662675957924421,0.00022772148847409544
343,0.909647109259824,714,4,0.01763265388155856,0.8091381659668901,0.6710083702987047,0.4754318513476556,0.932480099085931,8,3.5119171175996238,0.0024568093952825943,0.0002444390138522794
341,0.909801704072971,712,4,0.01759659427476003,0.8119041223810214,0.9606480678493623,0.5670091175198335,0.9029434448387907,3,3.5137494728070484,0.0024510216652104165,0.0002090668368239042
344,0.9097550790205341,652,4,0.012759002381119646,0.736048899477604,0.6723688445078215,0.3787604079404741,0.9312388567965676,3,4.210919238415444,0.0027522254998533025,0.0002575514454242023
345,0.9107543160933261,718,4,0.012764191116589763,0.8081204108207137,0.6699727878139513,0.46990413595774694,0.9358688329115509,2,3.273674465210523,0.0026234684209315877,0.0002281348681568861
346,0.9097711097508364,705,4,0.012882782479822366,0.814227270426149,0.6313148633140846,0.3787793925575358,0.9373685982046656,2,3.530920263996546,0.0024434510582305525,0.0002476556200999867
347,0.9093700328620773,645,4,0.008355327980977507,0.7411121356713655,0.6337689231936472,0.4765322248183511,0.9286071965294517,5,3.855175057440659,0.00278422746948912,0.0004146880135411164
348,0.9097880707077426,857,4,0.008796311009072038,0.7308573011835744,0.6362603461334719,0.46374484540359606,0.9335654946994052,5,2.121132259401863,0.0024132465759306647,0.000239677216792784
353,0.9098188549216856,751,4,0.01222000021697354,0.8371029570374411,0.9742826616185928,0.47512362998486185,0.6400947053664187,5,3.8398798809126506,0.02001309995347956,0.000348664910421916
351,0.9110643448011972,857,4,0.00874586359484344,0.8320006094875785,0.9758169133896759,0.3552504041342909,0.9049348675684963,4,3.841053393129446,0.021254630883770255,0.00036918278531918795
352,0.9100210497121853,860,4,0.008134796019314867,0.8327606225876696,0.6316544974874168,0.47956465111083574,0.9058895533314257,5,3.8304319306454206,0.021588151969915283,0.00038364637305845004
354,0.9094281851378538,807,4,0.008529144767551703,0.8320362079333846,0.6386294682257074,0.3589738505417658,0.9053961888856045,5,3.8217989601912485,0.010915064686077308,0.0796682515891639
349,0.9107839775282429,800,4,0.008806133364933607,0.8071598901598841,0.9701953844400073,0.4869941947429303,0.9321183494278326,3,3.5452385023798523,0.002449447909867309,0.0004085049928512632
350,0.9104637621663028,749,4,0.00828819931807069,0.8087374742076304,0.9764399689624679,0.4752458178278737,0.9324413540926245,1,3.5120263596094823,0.02073714726316215,0.00041183448768133355
358,0.9016232565225784,750,4,0.16535050638908932,0.8325607402019773,0.6595235415189876,0.4951703088419002,0.9081288013660456,4,3.2915716239904658,0.0013099561164830957,0.0003419799982685095
355,0.9106738763118043,748,4,0.012843773612147832,0.8391552625643821,0.6864663852313105,0.501196575891122,0.9328003904955262,1,3.304616672600471,0.0015047263321907485,0.0003502622998830242
356,0.9093857589901078,852,4,0.0123240828738861,0.8332948867589857,0.653302801502755,0.47209479960819756,0.9266136095091436,1,3.029037880585232,0.0016409754091777967,0.00038698267401055236
357,0.9104370925536018,749,4,0.011965982884857148,0.8379799186492768,0.6503462069808874,0.5015236410818037,0.9064721021138181,4,3.2871281726797617,0.0013969144755870415,0.08398843537259422
361,0.9104712165220287,748,4,0.014284009778699092,0.836050700171242,0.6522586874455161,0.35556843827462686,0.9070256956950123,4,3.2711461656658063,0.010647333611617616,0.00029542994028669025
360,0.9109296538878956,888,4,0.01404994368041151,0.8320077977357712,0.6564199354285177,0.34896345975093057,0.9058462098059246,4,3.1342092390860765,0.010312578546828741,0.0005260821888717408
362,0.9104269065836904,914,4,0.014250765637047124,0.9984293318754281,0.6546960081668974,0.3734386003691183,0.9093800087715226,4,3.276159037369461,0.009326869046914823,0.00029202529009293704
359,0.910724898066564,747,4,0.010323382573831315,0.8272497892900008,0.6524172879846113,0.35349718726424817,0.9114390074516051,1,3.311160188566467,0.001598719745522917,0.0004926573881634438
364,0.9105143250031897,804,4,0.013556461206533352,0.8349710732154783,0.6525589102649987,0.49132837201542834,0.9047907836822018,4,3.292731552128387,0.0015756947901611332,0.0004730694235670522
365,0.9111692064328594,898,4,0.013766212014961544,0.9013345154549116,0.9801660213681828,0.3439651582060699,0.9226990019142557,3,3.2793646528146825,0.0033070924431914182,0.0004857710492589959
363,0.9104452627664765,847,4,0.014606399737507159,0.8227475194234916,0.9706351034503753,0.5150171883814578,0.9205032140690166,4,3.0197528503192075,0.001372831230241601,0.0009391218160402133
366,0.9103319700297515,811,4,0.01423431161441653,0.823601953661221,0.9743743721908781,0.3744191901455459,0.9221695404631369,3,3.031539881636506,0.004028308275347537,0.0004947732723918289
367,0.9107332821927885,885,5,0.014825974797413889,0.8960880042399509,0.9662678054424789,0.34947272120846373,0.9488432285910755,3,3.3784018506032014,0.0034207824576112647,0.0005170552233612947
369,0.9093688577829857,905,5,0.03229893562528143,0.9047833038718357,0.9800618274838001,0.3260952557619737,0.873992429285617,3,3.4032229253091564,0.00348786016209265,0.0005774580772630512
370,0.9089484466698055,889,4,0.031386783441891455,0.821421026337962,0.9767950384082638,0.3353317199927761,0.9504953563579769,4,3.183295176693499,0.014822419721693304,0.0005850194979864199
373,0.9064578671431163,863,5,0.12898797834584932,0.8584185109317498,0.976138505969047,0.3463314925947235,0.922168990690609,3,3.0433465767340286,0.0031885205188047663,0.000567632937634722
368,0.9106751857899018,890,4,0.006622954860241249,0.9016123376293039,0.9712881252796438,0.32310828886313847,0.9476239511157398,3,3.400903437176942,0.0035795219987896656,0.0005190460236198947
371,0.9095728893092219,805,5,0.015432548278159642,0.8527112095347741,0.9751916756402451,0.34539888285788145,0.9480092452350654,4,3.145220890438364,0.0035118873976609137,0.0006025688464789911
372,0.909975030975626,892,5,0.015732861645293934,0.8583169571650343,0.9767859566733551,0.3363398521711529,0.9240180676737223,4,3.1210018873004337,0.01607969288999345,0.00045236788189410675
377,0.9095145904716334,950,4,0.031446676852456314,0.8766143178653912,0.9798833969838572,0.3280515880024264,0.9510021421650845,3,3.6267755115913825,0.026836266480715718,0.0005543452840056005
374,0.9110104330117041,908,5,0.01568976007579046,0.8543103500779945,0.9770307162643904,0.31936974188459477,0.9215105554789265,3,3.421086479043716,0.017408935031005105,0.0005528475666661348
375,0.9102973119621076,938,5,0.015651451935287355,0.9060553033712628,0.9775959413892692,0.32445934982544006,0.9513387808245968,4,2.624404196798652,0.0032217708488933502,0.0005176214903204052
378,0.9108112970908879,860,4,0.016188676087013267,0.8726498405364755,0.9766517110860382,0.34519458069233266,0.8809201965182816,3,3.4333469802633316,0.014839180290744484,0.0007976525964746034
379,0.9097564498447843,879,4,0.01649632132138433,0.8770913773142709,0.9402430682221394,0.31366056746998994,0.8968224315395128,3,2.5233236004200625,0.016098286252275256,0.0007677063277266022
383,0.9106296617754752,795,4,0.01632731143368373,0.8770623229654725,0.9395528815364715,0.3127355737469082,0.36070512210541705,3,2.615803237674167,0.013955069223075708,0.00032719843512615717
381,0.9103645696945202,944,4,0.015850507876415502,0.873086365397573,0.9416675288237231,0.32562448186545206,0.8970320178875754,3,3.6339307846874513,0.015387611093984049,0.0003149678535626196
380,0.9081756427313186,965,4,0.01636086413170075,0.8769039932958611,0.9393126239974456,0.3034683631038261,0.8843200709413966,3,1.4237059205152904,0.016145753077470664,0.00098940338829518
384,0.9100447252221446,875,4,0.01670402648675912,0.8747763963872197,0.9418294787299466,0.3156583647775167,0.877817024092868,3,3.446181740518273,0.015298852385787879,0.14908439454251307
376,0.9105987058379157,928,5,0.006797444123304573,0.8545842774063802,0.9821703035428686,0.3405185990151249,0.9532114232534017,3,2.531601154024489,0.016067398369709,0.0008685882903893287
385,0.9100058196746037,879,5,0.016802745403451468,0.8747500747749818,0.9426043734944738,0.30765641048594716,0.8756372000307994,3,3.6192352517623587,0.01604521929024481,0.0007790617263745609
386,0.9108931302738685,927,5,0.01630709256894503,0.8804034960964625,0.9418680878720538,0.29102208019258985,0.9003022702314918,3,3.4532914926036433,0.015157634857203598,0.0007765257020267812
387,0.9092348401570121,931,5,0.016651810954049606,0.8766000914377411,0.9407990107951326,0.29668698826510165,0.8962441014294819,3,3.416981832436303,0.02056186056517737,0.0004116070039145865
382,0.9102470831462796,958,4,0.016008525143745383,0.8621331146988664,0.9863332956502291,0.7275504961260213,0.8994515747393294,3,3.621471285500215,0.014494910308805786,0.1427066471230617
388,0.9099137887389931,930,5,0.01611463497904148,0.8722634169192706,0.9491940221823257,0.308506890074029,0.8775962669161428,3,3.3825817346724207,0.01869372912598153,0.0007133258935402035
389,0.9108946963871724,916,5,0.013996887516985348,0.8700181639034473,0.9453018615393143,0.3008579530781451,0.8765632402295658,3,3.4393978390451383,0.020205985207974304,0.0007598867898523429
390,0.9104071680980059,915,5,0.013821312792830272,0.8928276734257797,0.9558922614367389,0.3500637775371321,0.8761402579581611,3,3.3661224460314516,0.010865102940870182,0.0008975065859400399
391,0.9098608183506822,891,5,0.014332952760942888,0.8563991586315726,0.9546317820615983,0.3554234057079269,0.8655075961517198,3,3.4264754064566674,0.026803953104865143,0.0007899309363003465
393,0.9103173231226982,871,5,0.013490689153462106,0.8971539171695978,0.503448355811144,0.3632923595202755,0.8709172832225583,3,3.380837355986978,0.02676580465475786,0.000831721829380614
396,0.910777494144521,918,4,0.035966840153795324,0.929058955349685,0.9607275142263556,0.35867232956401335,0.9244040474690729,3,3.4088588846722536,0.02371977603374157,0.0007498757283661182
392,0.9106948466616807,915,5,0.01400355702608007,0.8594356131768747,0.9561349471279853,0.3622097638100765,0.8618276934256108,3,3.4037647282690546,0.021672088855754435,0.0007024213478190951
395,0.9094830634903337,914,6,0.014658103191518203,0.9301815040830991,0.9578806072882774,0.2817245941966179,0.9021148950695149,3,3.4497864259177335,0.023207578066882027,0.0004574865018062489
394,0.9087087451304686,905,7,0.01326298395633117,0.8594867036780057,0.9969390879215455,0.35947949187184625,0.8614074814746141,3,3.4191379383583316,0.020387981760701186,0.0007012848099159861
398,0.9093894720667173,989,6,0.013525681339682096,0.8992203235943332,0.5049950990688317,0.2904751745328895,0.9107240652739952,3,3.197412473238719,0.011304128887865125,0.0007202450463202176
397,0.9087603690961588,876,6,0.013689717073597046,0.8857344094977277,0.9587802627574161,0.2759153587359244,0.9218582726873937,3,3.3873730969471203,0.025000667174803922,0.0008178465961792463
401,0.9092430094576762,987,5,0.03840159169222075,0.8932720076338694,0.9623974241327086,0.29613412173716647,0.9200490136960952,3,3.176097016999584,0.02664359751363667,1.206340801188093
403,0.9093135423296662,994,5,0.04488813862395307,0.92360499388334,0.9591848329855239,0.2882449192658246,0.9188830182607206,3,3.459249217435477,0.022480874216724057,0.0010077950101694119
400,0.9098458796123033,907,5,0.014310841714791266,0.9284116632864954,0.9631656791640891,0.2744530976678754,0.9262378504856992,3,3.476222319334656,0.029839352131445313,0.0010868407789715246
404,0.9085425681333025,912,5,0.04288615424320286,0.8965374550403179,0.9646000548360857,0.29588398070023714,0.922068319895054,3,3.1631997161922882,0.011813050609815298,0.0012174865705467802
399,0.9099809991884976,920,5,0.014450276518972934,0.895104525017236,0.9633129124869085,0.2867361029860185,0.916812918977506,3,3.42884620594447,0.02881358043331492,0.0008026624853328756
402,0.9092970668967707,913,5,0.015054611988332084,0.9266001876620643,0.9644968569791574,0.28649908843595,0.920395158622441,3,3.2248151024503886,0.0006631388843847073,0.00121396354833032
405,0.910710447588827,907,4,0.035850589372418314,0.9249534969563387,0.964364946771783,0.2972803347657762,0.9228370384469475,3,3.1962989124766272,0.03141280415981599,0.001182679431575955
411,0.9090228208599906,922,4,0.06332638997293814,0.9139509753086246,0.9295699837280613,0.337385025129047,0.8954907016083519,4,3.2895616910490886,0.011920142711426747,0.0006223030391683507
406,0.9105578981795563,924,4,0.011377353204618194,0.9313539692847088,0.9677155127378809,0.26219742384460354,0.9229577262826121,3,3.158535835927519,0.03139685504074869,0.0006162992699059077
407,0.9112471975374696,894,4,0.011267587877124107,0.9176482222984947,0.9662987723081784,0.29490047584089174,0.9252942185324592,3,3.226919740134715,0.0119997616832894,0.0010402162939387428
413,0.9087506793687309,903,4,0.06276164585632894,0.9195615613223405,0.9324127845781119,0.3356616976170974,0.8977247393980101,4,3.2660914798964225,0.00991731761164928,0.0005658065144815235
414,0.9078870141764801,941,4,0.05459964963058563,0.9406425906231155,0.9324242289852103,0.33468089466938805,0.9371471546540816,4,2.9323977785028057,0.009721912544006587,0.00043348555194660425
410,0.9103007460543553,936,4,0.011518257653655767,0.9238577338476679,0.9320314145177928,0.26581186850964905,0.9325503748637094,3,3.240752451449492,0.03284018748441072,0.0011487532357654243
408,0.9104302732483827,923,5,0.011270873637377554,0.9199406578838187,0.963908381211153,0.3289820530554568,0.9290522014848509,3,2.8781794786573762,0.0006595401920522957,0.0011270017294677398
409,0.9075132947070996,924,4,0.011020257686101759,0.34358307485002143,0.9687581974133512,0.3378846489825905,0.9293891446584693,3,3.52642057911835,0.01227874425336282,0.0012223414622484323
412,0.9108038336130576,928,4,0.011159913968033943,0.8460951967059925,0.933187552101782,0.3337385846850227,0.900643275220898,4,3.2542349085596385,0.008777496691333026,0.0003856388443027106
415,0.9100413872160639,893,4,0.011115593154456278,0.9152372234602678,0.9856994817029231,0.33618254341514686,0.8977940372658634,4,3.5679078721991413,0.00931533231271668,0.0006408679592023287
418,0.9113938463134597,947,4,0.05184673683570764,0.9111260457147595,0.8965210028159953,0.3229731362279104,0.9322383347757551,4,3.32848610050021,0.012811663769308458,0.0004304435880056808
419,0.9091986869004268,855,4,0.051930173257172724,0.9121967004484064,0.9418296786323029,0.31907199263088537,0.9320921218028979,4,3.331649585099238,0.008565115568143156,6.860169818206013
416,0.9082331861826388,940,4,0.010841026182292424,0.8468368157409709,0.3562792223346124,0.3224910489865411,0.9360294236557888,10,3.5375383414015333,0.010472752095648703,0.00039935971586881763
420,0.9108083034442511,893,4,0.010993198184381707,0.9553388137568166,0.9454648797738032,0.31747127269950987,0.9369814769346216,3,3.103474354363249,0.018790843262185622,0.0015935825865989258
428,0.9092729572506559,892,4,0.10092061980970848,0.9530096164565838,0.8951179361025362,0.3146075405608709,0.9064063522290098,4,3.092589812844566,0.00785553299603729,0.0003047621218573312
427,0.9089802730841846,952,4,0.07126023133633215,0.9552998807196793,0.8948322498677591,0.32444420033409077,0.9047728964632139,4,3.0759863808244483,0.0071017629839604055,0.00035257054697503067
421,0.9106234342667842,890,4,0.010088651697738702,0.9490849029668508,0.987969285235243,0.3175458992727902,0.9365530836115993,4,3.0620383853641346,0.013237845889771864,0.0004326962065523788
423,0.9103545175154745,866,4,0.010489342224525418,0.8460289829674841,0.8938471065828933,0.31655391111488157,0.9016845757002867,4,3.317710912129894,0.018112162661059784,0.0003984844131449719
422,0.9111172571881271,865,4,0.010339419946396389,0.8481597710601915,0.8926897478570588,0.3165664552249286,0.9404717840726777,4,3.5287789867136694,0.012875449155998473,0.0016242415126034035
424,0.9105320120035948,863,4,0.010574605558050459,0.8459943043066616,0.8955845011098957,0.3129302695046997,0.9072876666168241,4,3.083701211312951,0.008078395713742647,0.0003890873111090677
417,0.9104657293481333,942,4,0.01127434275813338,0.9595148244083711,0.9310749346722849,0.8230355092364832,0.9012993411832128,4,3.5512289632197107,0.010303189619579328,0.00038982678822469023
425,0.9100830752335229,847,4,0.010754799602347133,0.8464112325684658,0.8982069383174246,0.31666718896896934,0.8832486629781808,4,3.3026412110499934,0.0071561281858120865,2.9259213132068242
430,0.9050353254256039,876,4,0.21885640084166855,0.8904221181915756,0.9258122693974139,0.3077265755009204,0.9575757941107038,4,3.0987124541882993,0.01825033983845295,0.001030786686543058
426,0.9103980518468795,956,4,0.01031602744060796,0.8504029401188856,0.9241558433286223,0.3131541033325438,0.9031615947063516,4,3.149525656102471,0.00731986613559321,0.00037331370882411286
433,0.9101168345458233,842,4,0.012383051431166846,0.9703655990041948,0.6089392917408707,0.30403841883569765,0.9504655173967157,4,3.002261532838943,0.019238093107400697,0.0015651816373789997
432,0.9104666723456836,869,4,0.01259678792051171,0.8878007276307377,0.9161661366845103,0.25006919299103647,0.9640959992948399,4,3.124428706279332,0.018482800988600306,0.0024192290677203
434,0.9104484904711105,845,4,0.01228209402542574,0.8871602253354004,0.8760207889553082,0.24688359303742477,0.8795636591986621,4,3.5422684683802106,0.013658946772307671,0.0018839555090983536
431,0.9106833106963244,869,4,0.012656542816000458,0.8978056517138,0.9037327057271002,0.311547683903093,0.9560832174230884,4,3.3043723852483686,0.018488530739461235,0.0017872816685119762
436,0.9101090536947746,843,4,0.012442278590655427,0.8857716511604286,0.8857629019502019,0.2492860874050252,0.957782059130965,4,3.317843549699154,0.013647200779923183,0.0015538963848399986
435,0.9099256641226535,965,4,0.012740356758325808,0.8814233409355521,0.9075237873454869,0.2438653469289232,0.878365144304654,4,3.512574039694522,0.01310659939066186,0.001764162239601193
438,0.9103861520615896,845,4,0.012366521002584986,0.8740075679093294,0.8649313316545408,0.25123266777709174,0.9610249204633085,4,3.4834449340497304,0.012747371375080065,0.0018388882210328527
437,0.9105494153825683,972,4,0.012500225988025509,0.8907156353654767,0.9120494310137525,0.34808160462935267,0.9626049750800743,4,3.6641707206145626,0.014213501431447055,0.003285405274672407
439,0.9106045195831515,840,4,0.012178654641163463,0.8722428410768406,0.8767846702867247,0.24643898347914348,0.9486734303825146,4,3.6474974749293794,0.012927460655987226,0.0025758739801914365
429,0.910051805875657,869,4,0.010064249452314818,0.9754208159575496,0.8968443608001956,0.8254538557467361,0.9510674284710992,4,3.094717590440353,0.018236275567055857,0.0014688681286802825
444,0.907819008659553,971,4,0.08520426036252296,0.8695571232051982,0.8660286866926882,0.5919886366918478,0.8847112962216823,4,3.6376812049752973,0.012031261587390442,0.0009154841933109158
442,0.9107128665428817,979,4,0.017472653304615803,0.868651347361949,0.855651956459309,0.3670850704683794,0.9629077706972781,4,3.666210011928126,0.012565513359856442,0.0005419663470037199
443,0.9098732460017512,895,4,0.017394282848667043,0.8639181690726305,0.9092306375676057,0.5873437346152721,0.8604375529207245,4,3.6297985863342874,0.013526252839035266,0.0029634521571270897
441,0.9106164141992489,881,4,0.017958149461573647,0.8679364602199545,0.8783058559775258,0.8543532495618753,0.8823167799761356,4,3.6730355786226268,0.013335071656124227,0.0015852462915905872
446,0.9084586443160105,897,4,0.017600022009628014,0.5531554485331706,0.6259564605283015,0.5935123085863095,0.8571216391900993,3,3.6568428840478577,0.005214962238922525,0.0005596932444787826
440,0.9099547323167092,869,4,0.012566762536564994,0.8756379683541833,0.9094085410490269,0.7718583048415637,0.9678207792508319,4,3.6533143655002993,0.0154913836499102,0.0015086635601731996
447,0.9104057695273546,887,4,0.009640892152271149,0.8697049915758457,0.8526270052853436,0.37393214891175025,0.8555329563972162,3,3.6448489925975367,0.005272456488387923,0.0005946003730120277
445,0.9114745719969394,897,4,0.009697212806782691,0.827432192198306,0.6193461631336841,0.8596160011483414,0.8643768931184835,3,3.6560830295056084,0.005039783360582465,0.0030047302148502224
450,0.9102710062453576,894,4,0.017255881045772952,0.8217198533317884,0.6312525588290162,0.3597295967975026,0.8562329087936775,3,3.730336764260911,0.005011914901393285,0.0005396351882371193
449,0.9095219403032455,888,4,0.017465062003467674,0.8241011148184335,0.6153523640808306,0.9773239675726852,0.8496899906006912,3,3.9748852131257046,0.005318470597636417,0.0005754195163439553
453,0.9095135173320592,860,4,0.019562299327410104,0.8245741924520932,0.6176782012078365,0.2766366156398993,0.8586400122999942,3,3.780513229485562,0.005184641460855611,0.000308154965738505
451,0.9089889447087355,884,8,0.015312703860433948,0.8268518283130535,0.6165830613002043,0.2806045939969254,0.8567957128776796,3,3.778557046374288,0.006231155630827351,0.0002893542308705541
448,0.9111969159654707,901,4,0.009771826330071932,0.8256569264736867,0.9439653990932898,0.7777210320902721,0.8582854952870969,3,3.766453497466133,0.005286088231632758,0.0005903608314843348
454,0.91005960078995,903,4,0.015238474400022992,0.7031231487702129,0.9969348344484493,0.2792989592871107,0.693187712945852,3,3.7911750391352133,0.006163108376855368,0.0003108377537161825
455,0.9082417402080594,901,4,0.015242167030262505,0.47066958733893804,0.9420085305516696,0.37896544351633865,0.8890428946871134,3,3.3876936566655673,0.004494735861461033,0.00027438401839621583
458,0.9084314295815495,626,8,0.009387878778480598,0.8275328470557284,0.6137135822291123,0.27966616416424567,0.9140770049996794,3,3.7882621873611644,0.005912546606891048,0.0002505400947033278
452,0.9106747599396579,882,4,0.015290028922360557,0.8193865403678264,0.9472752048800226,0.8604553193226697,0.8574365944431789,3,3.799764100421705,0.005092161863491743,0.0002780882131521427
456,0.9106022020364914,900,5,0.015256648697818917,0.8295949915782865,0.9476622058487214,0.6805948562995849,0.9097941557521787,3,3.993973243082576,0.009889941566695967,0.00026523959263672633
457,0.9092305091338415,907,8,0.015014612110567446,0.8223784200230609,0.5453736524561786,0.8545454507328885,0.866009893740989,3,3.7928041336958085,0.005869198703334279,0.00028600095152962805
459,0.9086578195378937,905,8,0.009823263117340698,0.800944660924567,0.6071920610631817,0.8680890759100479,0.33683211797111373,3,3.8053409220342314,0.005466418694818581,0.00029321626412889666
462,0.9097690978706942,617,5,0.009674737986251835,0.8023733296780584,0.6010145398536166,0.8641220508846879,0.8677630937476081,3,3.940600379978791,0.006231385098789624,0.00028881051823058325
460,0.9100378689724022,907,5,0.009259964698784087,0.8032988849882517,0.5658932131714588,0.863198026287325,0.9117220451818442,3,3.780689940690022,0.006688593222860331,0.00030811217054782915
465,0.909826529652252,938,5,0.010384561954865477,0.8002608550027104,0.672623426873749,0.8978767455191176,0.340460227661305,3,3.511467269129084,0.004382661874551038,0.0004768827128609909
461,0.9098894047455864,910,5,0.009287853347280646,0.8028400580295645,0.6422033106379412,0.854045993650679,0.9149761810617377,2,3.8225472191135523,0.004346036611198863,0.002451271579628831
463,0.9105347417933596,909,5,0.00922389083275102,0.7851695514837304,0.641132763716779,0.8467397148535003,0.8747012247213972,3,3.5330813470386793,0.004243152280842205,0.0002656595065060256
466,0.9097962672987029,943,5,0.009868315333824875,0.793183935623807,0.5724917480111916,0.8313226269727696,0.8721491143380309,3,3.958205552483263,0.00419301081461944,0.0004982541418431301
464,0.909627581646788,936,5,0.008605447629907172,0.7932079265239411,0.6386580257407126,0.8479512691250416,0.8452986299275419,3,3.4987803286516224,0.005957709740542133,0.0004954850811390947
467,0.9093980106605779,915,5,0.00918338231082405,0.7811052976366976,0.58943291445931,0.8662203816669711,0.8400958355861462,3,3.477741234902909,0.004375912448522396,0.002484113916146959
468,0.9096982087805243,941,5,0.009370761182591648,0.8011816884167569,0.6015338691997274,0.8729174797540256,0.8421883660463167,3,3.495001070826449,0.004447175650847283,0.002438101990306719
469,0.9107970070861724,939,5,0.009321637611926238,0.7863548505807825,0.5995611456047962,0.8383261209855355,0.9404144872991648,3,3.479541676573627,0.004161552870528404,0.000469624926626009
470,0.9096928680924232,941,4,0.010283749656763258,0.7866790178720257,0.6466746930985356,0.932332476491376,0.8426252185349536,8,3.5087018905136205,0.008271330813575959,0.0024464141550584666
471,0.9104917398887858,938,4,0.009902007574934151,0.7846152339379641,0.5864809783876398,0.7907405190174569,0.8391285563803691,3,3.4569734795556912,0.0008884230954095586,0.0005012635081219344
474,0.9093702175086754,949,4,0.009974283114790802,0.8375478762527493,0.6602986092380526,0.8972530092686168,0.9415496137803121,3,3.4591475237778675,3.1604590746742183,0.00048383335176592604
476,0.9107185109970619,933,4,0.019744275793141974,0.8361228997788236,0.6647556885332367,0.8122552582605832,0.8402166833954935,3,3.3619105672988594,0.0009826065637987525,0.0009065909027801834
473,0.9105430204072423,930,4,0.008398939100480137,0.7853377547460787,0.6404577634972701,0.7826588897408756,0.8406533667332692,3,3.5308577341718568,0.009552327821719575,0.00046123372433629165
472,0.9107568461090029,932,4,0.009566842379786803,0.789861966401313,0.8033060429704656,0.8862420715294465,0.8335036547993778,3,3.5320927871208636,0.004202437868001219,0.0022858662298334037
478,0.9091896133711564,644,4,0.019801226492783448,0.8386140464858334,0.6539743197675283,0.8810896724102794,0.9432874689499753,1,3.2086998205313675,0.00866115303733121,0.0009163814334111453
481,0.9094895392723018,825,4,0.04890537447660766,0.8499200146660777,0.6662306038013909,0.8108716663283653,0.8896479038208256,1,3.239046214784965,0.010410906620854666,0.0007047872629961584
477,0.909974189157418,927,4,0.01153912173027236,0.8436233077695193,0.6707695898251521,0.7377157089664288,0.8142141020252857,4,3.351237916711034,0.009168386932088952,0.00014612118697764306
475,0.9106906765676367,929,4,0.008514404632212584,0.8398185812006546,0.582662946487654,0.8391346722379683,0.819761843414632,3,3.2139240736961407,0.0010043252276713953,0.0007134057339677999
480,0.9109724059988418,824,4,0.019926906948914948,0.8396728430478186,0.6711341228090424,0.784738327062361,0.8811027928344991,4,3.2549130165435267,0.009386902021988655,0.00020522474673766815
483,0.9075892249762735,925,4,0.06858925290945486,0.8518272882548473,0.9201061665875168,0.30065642747706844,0.8911178991288388,1,3.2300051201739834,0.010178652785675998,0.0001452613288216434
485,0.9040186341181059,648,4,0.011656259552692257,0.8493129619635374,0.6839821838312478,0.352041607750747,0.8883414209579327,4,3.3427403141432084,8.032161212692836,0.000643112158145525
479,0.910145603534852,824,4,0.011708285217283176,0.8390030364332223,0.6646668943346741,0.8934980565516861,0.8892071020951837,1,3.395595787220909,0.009628014158704092,0.00014537566229333313
484,0.9104867799725291,832,4,0.011612354171532035,0.8446029061846774,0.6817372436210443,0.29410990437269,0.8169584226676055,4,3.217178621502668,0.008800606693031492,0.00015505756923950168
486,0.9111811235501479,872,4,0.011478499268903349,0.8499662275184025,0.9295998591076367,0.2964976373058157,0.8904203901876856,4,3.334225385818936,0.010542567259981709,0.00015225011505766905
487,0.9104053815338442,875,4,0.011631848905454644,0.8114609828737617,0.9293792504812775,0.298695767328383,0.8175914653018347,4,3.3266958934150055,0.007526463646095806,0.00016615255020828942
482,0.9096933130990866,655,4,0.01154387924857422,0.837443989970476,0.6716904509134795,0.7531597577277089,0.8824202917645525,1,3.2603713279310287,0.009617335849773482,0.0009386829878426986
489,0.9106633537362377,876,4,0.013574543858153732,0.8116695399235422,0.923443259695409,0.6435952786575772,0.8867549067615101,4,3.902381055416316,0.01037737511554046,0.00016211221170105223
488,0.9105121617721306,881,4,0.013915852090915315,0.8176006083149241,0.9213744254824839,0.7509049809018722,0.8881628726760294,4,3.7248618092666583,0.0073272108085406205,0.0001497480660711
490,0.9087579988693456,831,4,0.01873493536207813,0.7223324980401434,0.922221648713159,0.7797230985456625,0.8868644753560747,1,3.359185738286383,0.007615425542511766,0.00015406770012810328
495,0.9103860870665951,855,4,0.018706819326553506,0.8575135349010443,0.9129647379738104,0.3017819683415217,0.8737624980126215,4,3.322680892389709,0.0072125207049095075,0.0001915831839085077
493,0.9084245086408831,835,4,0.005641067550270194,0.8156387263754742,0.6257530887145802,0.7770495300453161,0.8703229515055564,9,3.306331126414309,0.007153470708162548,0.00021665065391177134
494,0.9099780728933989,866,4,0.013694300348047245,0.9079048099847739,0.6275039986536773,0.9309035443754383,0.8752443460653967,2,3.600413087031579,0.0032711880999296773,0.00021753060878590682
498,0.9080194493453796,855,4,0.09717130494049527,0.8568430111908859,0.9486623970493685,0.2630336842414564,0.9104274194263718,4,3.3426347131130423,0.007539492418998778,0.00019150564772499898
491,0.910226015189885,828,4,0.007871574926482702,0.8182568210184625,0.9835518305090022,0.6581425269915674,0.8743831618671416,4,3.3775655471869426,0.007450778954339006,0.00356911606126584
501,0.903966559292402,852,4,0.144576971530127,0.9054966791493549,0.9442561646214274,0.7254874552549069,0.9120873738586304,4,2.9414706683821956,0.0155078714100564,0.0002022049728260453
496,0.9099202306171396,854,4,0.013973659802055059,0.8556507740761272,0.9491747117719342,0.7851112440372883,0.8755011249175918,4,3.235267911942393,0.007080117568756892,0.00021427973909616613
492,0.9096092662854194,837,4,0.007653872928767023,0.816232344212781,0.9995854580623332,0.7595239050686484,0.8728184955593238,1,3.3767940305419093,0.006414626305114251,0.00017648304828845866
497,0.9101463897082228,847,4,0.0077678508285510825,0.857883703847804,0.9135372623562542,0.7613611660142837,0.9094956575266505,9,3.3250006136300367,0.007465198930513988,0.00022614356622810376
502,0.9106162297046858,873,4,0.016508092116512326,0.9067326632759579,0.8858361569139787,0.30064671151309325,0.9102561845500687,4,3.20665744544686,0.016566483322430277,0.00040309028758597645
507,0.9032406042019818,817,4,0.12351798748725512,0.8327815345446465,0.8878041907559584,0.8286205706942386,0.9089759925332597,4,3.6132469516067336,0.020218167278612087,0.0003585293960802769
508,0.9047379049104531,883,4,0.11787421875024089,0.8320800361749462,0.9043362303117791,0.2691007283357189,0.9089014508076121,4,3.605546432417956,0.01146472166364515,0.00035890177371827647
503,0.9092969673137968,819,4,0.016719250211869503,0.8594787934970853,0.9443605972509768,0.8018006748058982,0.9116557838818374,4,3.1657635676143405,0.01674638541782311,0.00036321959887052806
505,0.9103048576909132,856,4,0.01653921495338678,0.9045853605743466,0.8870432205558245,0.8241513996687196,0.9107357891645049,4,2.960531892180652,0.01644974927956883,0.000341289566981405
499,0.9104616928929197,848,4,0.007778709714220106,0.8600882602514942,0.9490909433447146,0.7830431016599588,0.9086225527322102,4,2.902202967245451,0.01641959788020797,0.00020310915212598987
500,0.9101060726670491,862,4,0.007599297767705131,0.8548048367884967,0.8870250301182857,0.8256258556117029,0.9098565797990321,4,3.588257345367169,0.01638722219397993,0.00022557986479969025
506,0.9110193335250598,889,4,0.016651719674932782,0.8588485131447736,0.884496538920779,0.7015422165264882,0.9037331610997135,4,3.6104471024009803,0.02120898453267111,0.00032401498325486383
517,0.9048194691433871,126,4,0.020390498009698204,0.8362847855853659,0.9034250987137286,0.338052053787777,0.9329895565082205,4,3.6754962995118468,0.02352057451325689,0.00031130865797435176
509,0.9103844517013151,813,4,0.01682249854329101,0.8327225403017332,0.882716291119572,0.8285354370311463,0.9256651106107536,4,3.608010139179843,0.021187528588980722,0.00012678204781731113
504,0.9102815666016403,847,4,0.007648904547109697,0.8285186252776575,0.946843337331081,0.7267365111733983,0.9061009906688848,4,2.962462948012713,0.015176617708115679,0.0003595256256751371
511,0.9089325666822796,892,6,0.016598269004783305,0.8595152198610524,0.978413729939109,0.3309266275610253,0.9225397128061884,2,3.7156986738693227,0.011236303321110084,0.0006751980607051275
512,0.9094457787127055,900,10,0.020550464426722537,0.855420979214382,0.9811414463965638,0.2877004751112283,0.9265929301375727,2,2.9454943971868364,0.011253585438927285,0.0006712670104326149
514,0.9104838430349753,893,4,0.019474369564247734,0.8360803486585496,0.978270118375137,0.326138972711806,0.9330025973143916,2,3.554569403812647,0.011609494840421767,0.0006145179598246921
513,0.9105211782882481,892,4,0.020737302045223473,0.8332747681298972,0.9757701186059514,0.3294756889541124,0.9304284299813985,2,3.7027915760470766,0.012031088488231846,0.0006901466380577735
515,0.9101137670101401,893,4,0.019785460843270278,0.8354119912733845,0.9799349291789737,0.3309318662068608,0.9323907982245938,2,3.692357618917758,0.011130263202930615,0.0001262601316934853
510,0.9096121236326118,894,6,0.01593675696625186,0.8333047363759799,0.9792440400541883,0.7986206372235213,0.9252138825381405,2,3.5878115323933346,0.01184174607692346,0.00012692558645960387
516,0.9106744685644375,894,4,0.010615026032701522,0.8319450934909598,0.9806397725214894,0.3322962982556165,0.931834915642405,2,3.7075280431814117,0.023599807711060752,0.0006823447468495848
519,0.9102428117208582,887,4,0.014630628565815975,0.8455526660550458,0.9811638482048712,0.7254833428566224,0.9366325471077512,2,3.7363450524261075,0.011361291108826426,0.00025715917228889487
525,0.9107887125846243,793,4,0.010704834533145021,0.8176608955095073,0.9050045407123337,0.5360217581313084,0.8637215298207046,5,3.877822296342678,0.02235101022159999,0.00042583641310416564
527,0.9104962953917439,794,4,0.01321449330551615,0.6778758507985929,0.8468754232009278,0.35255139216590814,0.8595382908777515,5,3.842322864721294,0.005509444207737611,0.00025288580859749886
526,0.9107023421428944,764,4,0.014776791284185714,0.816373952951111,0.9052199147164448,0.6106871703786464,0.8602552692264366,5,3.898882708960345,0.02277790201105844,0.0002532537316364027
520,0.9106319830469947,894,4,0.010764082850341583,0.8445350065652892,0.7745945627099782,0.7156618861536479,0.9390397545266401,5,0.1794709057810291,0.024588733942948696,0.00042158246891347786
518,0.9086414433078843,903,10,0.010780719285337378,0.827715177521485,0.9785663682793229,0.7385358471235525,0.931584487409218,5,3.711465298685936,0.011204836495505284,0.0001290059134974919
524,0.9101682774377396,876,4,0.010655645979493386,0.6982836187324275,0.8665703253183259,0.7407048037038804,0.8536504317876586,5,3.87459977488173,0.024506322552008512,0.0002607778889264382
522,0.9097898134097855,887,4,0.010547324038630014,0.689246834907332,0.8632205718343803,0.7974588843143667,0.9389139018016421,4,3.7025964146276458,0.022797325719875517,0.0002503219847823041
523,0.9085814570330026,875,7,0.015101082008690647,0.8169427304411594,0.9070057236973844,0.9164554304557095,0.8563197323658635,4,3.87972528857439,0.27462699791563167,0.0002491017260815891
521,0.910239956502157,893,4,0.010479795912806407,0.8445135536077544,0.9825683369273288,0.8079578033939118,0.9430927999353244,2,3.7180183452703854,0.2730459654333141,0.0002588570615119994
535,0.9023764514332469,867,4,0.24696212962000225,0.87239956300948,0.928639813032138,0.42724990066880913,0.8907205962935958,4,3.118645524024348,0.0019990146287248997,0.00033043446620035447
533,0.902101821735956,869,4,0.24357235832573992,0.8675832312476284,0.9307103359108376,0.6981047955980897,0.8924909078749347,4,3.4841278602211716,0.005108515522589271,0.00032455553830986166
529,0.910317234106162,869,4,0.013543387522351626,0.7076465665889838,0.9326857917363832,0.35154064710187755,0.8969612256961892,4,3.870309876647818,0.2916039096455267,0.000246857275230725
530,0.9108348428389107,767,4,0.014711817978239616,0.867246605410061,0.9259235926122289,0.42298940451318573,0.8905649915116639,4,3.451297376814184,0.003484967786599724,0.0004255684195182469
531,0.909814278589922,813,4,0.013327079894901287,0.7155120443066926,0.866689063367421,0.42374696394188327,0.8931907504716031,4,3.4398671080597727,0.0032967791822033935,0.0004828401271174865
536,0.9105511421209282,759,4,0.01847521504901139,0.867596784368759,0.9352057866407366,0.42505169845675916,0.4819161742590151,4,3.434994267623813,0.0019152531780225724,0.00033111970156661855
532,0.9097737499159246,875,4,0.018540861327047162,0.8844017104137943,0.8666020785807536,0.4278697915070708,0.8932916447818808,4,3.42698461200926,0.0019506844226910033,0.0003023917922199773
537,0.9080085153629011,764,4,0.01816821687166231,0.4280630845439547,0.9283003418565874,0.4204728177248847,0.5478895044661533,4,3.4399444643346393,0.003532391912474769,0.0003847654925956106
528,0.9096066595680476,810,9,0.01323979830101241,0.7086958957199576,0.8416395598732975,0.6717088104468848,0.8943556395388215,5,3.8181880227208866,0.02298338393294725,0.0004337863063653497
540,0.9110335855970242,814,4,0.018573953755999618,0.7501679899363534,0.9640035837463098,0.4024374097880334,0.5791634311593465,3,3.4212805109738254,0.003583301477437584,0.00045671049390587706
538,0.9106531925480434,762,4,0.01852199210417882,0.7466663975298966,0.9323272096822481,0.40909252439953814,0.8884374708652775,4,3.4324743022136146,0.003590855167137104,0.00043808752546019167
534,0.9101373862671217,867,4,0.013504161355236008,0.8691530311235298,0.9286824674996375,0.9162974962367153,0.8885421001276953,4,3.41977730118033,0.003596975209277308,2.1148239205422334
542,0.9099371199655257,760,4,0.018281978946261716,0.7408435601020128,0.9970609290787165,0.3747891637809396,0.977164263762273,3,3.560258325890712,0.03511702868890264,0.00018424686691954353
541,0.910725297766775,914,4,0.018660622415702634,0.7466617314001375,0.9597532193802454,0.4100967005690642,0.9745550643825936,3,3.5826207721622207,0.009209636334085884,0.00018164277021404408
543,0.9062008560304469,915,4,0.01831498635111512,0.4249080129995081,0.9565932215651269,0.365322423579277,0.9733465103269613,3,3.5770204116237814,0.03305681245335265,1.9606049183923508
539,0.9097558805494474,770,4,0.013369492790412751,0.890743731482058,0.9636087359592386,0.6782258533755333,0.8976501403559929,3,3.431441490863389,0.009151745419977236,0.0004850133890568436
545,0.9101657644499912,789,4,0.0128344134754732,0.8886069326470957,0.9585942609722417,0.3796241908203969,0.8727031492622829,3,3.2114939604852895,0.03451745328307409,0.00018669161825347755
548,0.9089212814227613,799,4,0.01786934176583213,0.7283238913058819,0.9981405115888292,0.38354222784780834,0.2704180562668787,3,3.177491096755237,0.005092415973103816,0.00018111244155142217
544,0.9108617212717867,917,4,0.011894077152175277,0.7411235657853559,0.9612409949937918,0.3720463757237118,0.9746159744419696,3,3.592734592576678,0.008853230495469745,0.0001920869914945556
551,0.9094961220869624,793,4,0.01722646676894946,0.727373992907511,0.9634583065156433,0.37216451662392414,0.3740182745274941,3,3.247853816328492,0.004918399239236977,0.0005267123908974207
550,0.9089842862020141,783,4,0.023061924816906755,0.8038640880360705,0.9992790267962146,0.38381198271578226,0.6157984448297931,3,3.220733319082652,0.004809108055757468,0.00017694025766373624
549,0.9095644198913204,831,4,0.017461313575311773,0.7465148338485732,0.965724833717438,0.3764808213195482,0.285792831355435,3,3.213155364167036,0.004711993190460263,0.00017172734876346634
547,0.909452310975704,828,4,0.018212628314514118,0.7474707338968908,0.9630582570216902,0.3734703980019123,0.9749063814238107,3,3.2258069494071555,0.00478448192598673,0.00015630592137737398
546,0.9106438437592704,912,4,0.011808544022350357,0.8057473957474007,0.9533037554357336,0.6341996123947172,0.9741542004562495,3,3.56690812533236,0.008519994154576042,0.00017795280744306168
553,0.9076610272651189,792,4,0.008671410818267963,0.7557551134031854,0.6932056432579973,0.3761403359570771,0.27979416452315753,1,3.2045839910576013,0.006462631744657022,0.00016861033387790517
554,0.9090975955105624,833,4,0.022773997394410158,0.7268003801700121,0.9652266323331746,0.4027225012236889,0.6378475315520455,1,3.2707015886030213,0.0052667079370770555,0.0036925073822099645
552,0.9103410005330959,791,4,0.008786583581159843,0.7253137579814077,0.9619771311269196,0.3833696518359071,0.5810054367994006,1,3.250033016981814,0.005290749087332817,0.00016593389537920467
556,0.9109912352387626,831,4,0.015863573633432368,0.7574175900512332,0.8927972046870812,0.40722974345891716,0.5102589538570177,1,3.2823827029739308,0.00599561274658211,0.0029406952255552087
557,0.9088960004984319,839,4,0.02120719384911088,0.7686391838507658,0.6236509285959754,0.4046973387166038,0.6601905484645023,1,3.0668064859327733,0.006323595099857611,0.0003246116573382799
555,0.9096344181319707,833,4,0.0163455351059151,0.7560642521735481,0.965385051568049,0.4001951532254838,0.9193080208550444,1,3.301736383912935,0.005549511671464018,0.0003440689807450376
558,0.9107870720501516,727,4,0.015533390330580992,0.7677474538169874,0.8907865609100012,0.40140938905321766,0.9583199932955206,1,4.00129523154023,0.00643345381545335,0.0001480381714513168
560,0.9097790423328893,721,4,0.00869481862208108,0.7743790024048118,0.6300829359541354,0.40318942807172814,0.7238265335444739,1,3.751290381023796,0.006416755123564117,0.0031288952017809162
561,0.9102343679968843,731,4,0.01579461256339226,0.768171072995706,0.6230612978103425,0.4062129735081863,0.9495554042881234,1,3.7607796092467263,0.005938017083508678,0.003722009908139227
562,0.9096949477041913,732,4,0.020919827201879432,0.7683047403385465,0.8962709819484503,0.4013757571333412,0.6860218112934087,1,4.011742939423311,0.0030279936005761727,0.0033994106934029968
563,0.9085754923929554,719,4,0.015682212367697356,0.7771764047486175,0.629907175101856,0.4097382127862422,0.4093473244470367,1,3.9927723056454503,0.002724442181696066,0.003021079731533774
559,0.9097546492933957,724,4,0.00873491367547194,0.7584729656889962,0.8954605887410937,0.40438378320586293,0.6569867449957847,1,3.758835910264798,0.0027918402097581434,0.0003497315003870898
564,0.9100240938344669,740,4,0.016170580053593214,0.8160674982799418,0.628843780285468,0.40952141427293054,0.7470242197716943,1,4.00294830388994,0.002899612361593804,0.00036689421536377715
565,0.9094311589439134,817,4,0.015699896986528572,0.7598155280251889,0.8841794360144394,0.40019321068895847,0.736407323811347,1,3.3223433393543886,0.006104706048412271,0.0037841844348068063
569,0.909765650171307,813,4,0.015064637700481416,0.847994520776618,0.8870003025784161,0.43094775313457834,0.42079755801795254,2,3.0351852876535097,0.0027728060673693575,0.005564698648117456
566,0.9110417257829715,838,4,0.015670169664498503,0.7606520768139784,0.8952523435529233,0.8459351160249319,0.5277329050681663,2,4.032678157265264,0.0029128115326241453,0.005691094333584803
568,0.9099725091698435,808,4,0.015335274473062899,0.8508409431624604,0.8827709728074578,0.4350970127629441,0.5467447257159839,2,3.1109066473964537,0.0031957662734015788,0.003368207046783701
572,0.9107268860771995,851,4,0.014733430691303633,0.8512267882376697,0.8819954703660396,0.4301648984044855,0.46147941335649484,2,3.0927847877404138,0.003871064320909528,0.002120424405464793
567,0.9086308338442726,846,4,0.01580658079587789,0.7587700995492761,0.891437954051616,0.838982023374192,0.558912976050964,2,3.1207396467154958,0.0038031058126328514,0.0021959350779461257
570,0.9110364551070222,823,4,0.014651970288755955,0.9406683321517164,0.8852719639164313,0.8409467796562922,0.4602019347256223,2,3.11739122836971,0.003489499882619899,3.4457558148684537
571,0.9107208466358955,807,4,0.014739936561789282,0.9394185508139321,0.8894988836111625,0.852054221908833,0.44404729961204253,2,3.0641144555198303,0.00392755867242588,0.0021121636236196817
573,0.909864993233831,819,4,0.014375846459938566,0.9347458758634108,0.884055561872533,0.4380368484019154,0.9440131446397058,2,3.0510647003938507,0.004116992937041471,0.006269888065582866
574,0.9109249221762861,813,4,0.014482662556184269,0.9349720147218585,0.9131668106536237,0.8414557222140596,0.5007023148229222,2,3.0694090077774474,0.003672339023728034,0.002227803201545198
576,0.9097740491209514,849,4,0.07991666768842058,0.8503234626754577,0.9125348738353193,0.8510165920727624,0.5485050144634913,2,3.314968830427113,0.0039778301395034165,0.0021068936075288552
580,0.9031574464134134,816,4,0.17860652825395312,0.7355100317833239,0.8489984249823854,0.8492287573413064,0.5221147987999593,4,4.172357723743363,0.0021412500316225743,0.0013504050585720043
575,0.9105039420718392,812,4,0.014948237738382745,0.936399779378447,0.9138855545581247,0.43391124717436497,0.5266582374522857,2,3.1448415558504177,0.014017453358997118,0.0019413781716444904
581,0.9094951136383124,821,4,0.07967655883922972,0.9387413287603599,0.8543005834100648,0.8162451354165532,0.567419767551213,4,4.138401254028759,0.002055619692726455,4.438712716041341
577,0.9103599485124099,843,4,0.014684179058276408,0.7262925511137118,0.8852242371257744,0.8373304514706672,0.47867265256909497,2,4.163052244526745,0.002160759842233822,0.006110538981646716
578,0.91031184529896,842,4,0.01480794497564529,0.7441783606760861,0.9107668068937982,0.8425973699163444,0.5200797988211371,4,3.342420402518788,0.0020862706452772955,0.002759536670595391
579,0.9104880388989643,840,4,0.014289261568330443,0.7354279710065762,0.9158598837937926,0.8787339856476167,0.54224503022343,4,4.118980020387748,0.0020572024890073933,0.006764260164364175
582,0.9082904753552968,826,4,0.01689119326007038,0.7289834884866145,0.8560175800802914,0.8838694473755881,0.5139664037983901,4,4.085104965907045,0.0026090343112933627,9.932669610410294
587,0.9099141231401398,834,4,0.01720994532340717,0.912385421125473,0.9015169326682578,0.31340961493643144,0.5775937303943737,4,4.183586461610467,0.002190475142019025,3.7988672771658973
583,0.909634856221038,844,4,0.017550166762260594,0.7330230982421283,0.8631341682602074,0.8832975622827811,0.4986977263560102,4,3.3252397967378453,0.0020653550581858663,2.4350274011007618
584,0.9098869161594676,844,4,0.017157858808154947,0.9147531398703883,0.8565285492792805,0.8259128708748716,0.5814053132642245,4,2.8607722046004302,0.0019689943054593964,0.004345759797138882
585,0.9092897767389255,835,4,0.016408777262649676,0.7396380631643518,0.8621773115926299,0.820750627520237,0.5067874955158582,4,2.8708543912125957,0.0018605151226369608,0.005525441112165399
586,0.9103043818211297,849,4,0.016982180471922518,0.9168310944821848,0.9036185813388874,0.8690362294905729,0.48477149194029423,4,3.1686638676694825,0.002319354035531963,1.336941625237407
590,0.9112543738210441,834,4,0.01719312819908764,0.9208370237191719,0.8712990267341891,0.7044881955764333,0.5018552708169375,4,4.083814701602779,0.002680509483654948,0.009701244144800602
589,0.9102161059238096,856,4,0.016903124887308274,0.743416958943339,0.8627676047566983,0.7039104498670976,0.49054722830935904,4,3.3311740367448737,0.0017653116441816944,0.8956953303064614
588,0.909958497465332,834,4,0.016865589879323555,0.9617898455249981,0.8616722642025076,0.8725504026136539,0.919394108775844,6,2.829976432874729,0.0024818635677350933,5.474792695498666
591,0.9103605388646046,859,4,0.016955920131194183,0.9113163193446268,0.87207145252224,0.7076499214954257,0.49966387204956647,7,2.824420914314061,0.00302092916501307,1.2147812751597127
592,0.9101105069220352,852,4,0.016719851843929556,0.9596058894384987,0.8319824848083348,0.8146234518907686,0.4883471958877279,3,3.3333951638878814,0.0013492724790881033,0.9039812609802006
593,0.9109986501413865,858,4,0.016846238023882295,0.9629943786051116,0.8689182497756229,0.8101318467490025,0.49307310293320716,3,3.262299707554839,0.0031730815035901825,0.004062371927969669
596,0.9094746931993007,863,4,0.009785953447743556,0.9001420948316424,0.8331319501716892,0.34673327702022066,0.4431242092957716,3,3.175978844471815,0.0032051184994090964,0.6759104560039862
598,0.9103166084818299,864,4,0.016865513232232815,0.9536852801577023,0.8709717527356438,0.6230658661746699,0.47243445634521375,3,4.140873086243027,0.0013883305847026569,0.0037755424528483957
599,0.9097879273386674,866,4,0.018717036247517634,0.9401423500312931,0.8678320699397766,0.8179577739352628,0.4591642660832668,10,3.9705288906024694,0.003323938411503881,0.013293921112924371
594,0.9104179409233055,860,4,0.009799287304295846,0.9581987041701787,0.8705645748555919,0.8170817504248762,0.48594174347316416,3,3.3525336800509735,0.00495303117309226,1.265825285881049
595,0.9106119976563489,865,4,0.009858607320954529,0.9022781527852884,0.8770190683567993,0.8604706863542567,0.4522997026338658,3,3.1766127309370624,0.0030388476918433217,0.011705265507050394
601,0.9101881816416553,818,4,0.018720493270489674,0.963749084517569,0.916530421682883,0.7581403201010181,0.4689812221760031,3,4.087876864204535,0.0032350999342132696,0.014322757419029712
600,0.9106211099545634,860,4,0.01979788241337896,0.9205805828569295,0.8719810596703542,0.7753014299949237,0.4656853502163888,3,3.9381159687550267,0.003056252035597255,0.002855774194472371
597,0.9105308576012734,870,4,0.00983007991635868,0.9051639279227025,0.8755538506010855,0.7075854534703819,0.4884129350252242,3,3.3397101416279953,0.0031821272865445636,0.6681729564228855
602,0.9086512634053886,803,4,0.019838133348905874,0.7136049700186924,0.8769997894997235,0.7524491372344432,0.5285327354948008,3,4.051292429615867,0.0031246654582888535,0.010195977297058808
604,0.9096977555639668,874,4,0.018505838190551203,0.9862142898357297,0.8745956387012954,0.8069330284342037,0.4793212990785216,3,3.3757048642042835,0.002836132405616412,0.004497315400128504
603,0.9110275860649273,873,4,0.01814714859432275,0.9210209439561085,0.8410870392146471,0.8053090100100874,0.46993696599169177,3,3.2628306884935614,0.0035372598033377688,0.004384322071356312
605,0.9098115180130548,870,4,0.01974375045944269,0.9153287248640856,0.8815926578950495,0.7880693499458894,0.46607776568343284,3,3.4203416449468143,0.0031416426639919305,0.0070576420493894355
606,0.9112438711620723,822,4,0.018956219014859506,0.9148468724654466,0.8765546844582565,0.7848600939126862,0.4740758458244624,3,3.4034433311382037,0.002840155924972858,0.009060549883881403
608,0.9096195602762513,824,4,0.020403982922513348,0.9844531990076953,0.8934724941024934,0.7888313994100852,0.5320144761239529,3,4.2313874738224415,0.002746895095529235,0.004350815006534039
609,0.9104307323182905,832,4,0.020337367309266302,0.9689692723064012,0.8889932623288843,0.7711837840266758,0.5200227167589633,3,3.2672711279087285,0.0042407921088312575,0.0047913337373608296
607,0.9108710561493505,831,4,0.020284422221715403,0.9789516053822239,0.8971668198677152,0.7868078827728964,0.5304639789188768,3,3.266943952751986,0.0028662770452193955,0.009043362057364378
611,0.909905093016883,827,4,0.02006423021948515,0.9733561752221583,0.8994073439814009,0.8049670935375529,0.5372418945431137,3,3.49607319204548,0.00438606888405074,0.004848405221455183
610,0.9099832865561952,824,4,0.012825547193586159,0.9969156019902078,0.8020427130909438,0.7785922772341208,0.505024692654271,3,3.2836908501752866,0.002616578418753889,0.003984093174866582
612,0.9097179145026502,821,4,0.019639901365598254,0.9936371977689853,0.8948689064829984,0.793294685543141,0.5116897355354083,3,3.4012218207086855,0.004400067587860685,0.002720608219520216
613,0.9098654728284739,824,4,0.020048075184442588,0.9343443994823396,0.9102480261061453,0.7960116374315528,0.5150214391712572,3,3.487769303532677,0.00419978180180529,0.008256961947405009
614,0.9102623521808579,879,4,0.02005490132839322,0.9458089325336719,0.7939346310730835,0.8195327783922246,0.5039278188874959,3,4.227935870371335,0.003981222618450787,0.00479046501815991
615,0.9102227917422331,884,4,0.020135806019585225,0.9388338941264908,0.8401507306711791,0.8087996455497584,0.4696213565581713,3,4.457466925804298,0.004206066037861141,0.004743389748183748
616,0.9110758944497104,826,4,0.020176084217100262,0.9461150677003856,0.8934756811138717,0.7803659469277656,0.45901095473087994,3,4.378996800706568,0.002349645891449402,0.009929125026259394
617,0.9104943134625113,830,4,0.019784592194335097,0.9411832812502463,0.817030628005851,0.7986853453112135,0.4370654531656545,3,3.2986772811605554,0.0015124689878371715,0.009000195302762892
618,0.9106014984181663,837,4,0.019746722603831705,0.9432463524580263,0.8562498321636199,0.7945171506634965,0.45286852463659694,3,3.0215657372245075,0.0012551359342562948,0.007318067511064818
620,0.9108169511232778,840,4,0.0188128995112732,0.9412237719327747,0.8112852672821836,0.803394051447497,0.44199287930934034,3,3.249238773973632,0.002294683738773264,0.007196636559407948
619,0.910434694656405,879,4,0.018932479352747132,0.9475083317486812,0.8436367542626757,0.8022009351930705,0.5063133194621461,3,3.2507270154127275,0.0015231537631369295,0.009048891181748403
621,0.9104776192511433,880,4,0.018616768977567425,0.9457362269027142,0.8364540774183924,0.8292494217913262,0.4412486504833947,3,3.0179332231536495,0.0015011434565282008,0.005499378487826093
622,0.9110613477337711,852,4,0.018459396197989992,0.9455102521960294,0.8455246771618156,0.8039300096070761,0.5064329079338911,3,2.98675646241518,0.001626339541741979,0.007684622755055471
627,0.9078895131770016,235,4,0.018116994171273267,0.9309319411573088,0.9017553654584755,0.8315399125893214,0.4444281662023312,3,4.415353499703404,0.002223709165528348,0.010354999473368896
623,0.9101465833628991,857,4,0.01880508564326558,0.9485392055788378,0.8453798840480665,0.7677240435767922,0.4506418370779267,3,4.2872211298840925,0.0016867295563950866,0.007078520112783029
626,0.9109052094605466,848,4,0.018260384681511976,0.9284099640337691,0.8988594430447904,0.7708805093454761,0.4259419353100081,3,4.322419913485581,0.0023345540835767054,0.0029950184530528347
625,0.9112697523968938,851,4,0.019010977175992955,0.9259234686812536,0.8533583975434098,0.7948494133325693,0.43232382579624296,3,3.217314338850852,0.0015541341557657818,0.006963434375012975
624,0.9110299175227965,849,4,0.022529216841375488,0.9200048294067283,0.8385703215330924,0.8310270986950478,0.4380937180113626,3,3.1987134258459013,0.0017652859169231172,0.005858693099375212
628,0.9105447587762855,606,4,0.02247804386619292,0.9272502690096446,0.8390671912126242,0.7681544209234223,0.45633396928305725,3,3.184162836284451,0.0021672013417060234,0.009387604129670275
631,0.9096588396020232,851,4,0.01801909157807581,0.9271543400325579,0.546554907619898,0.769987061526108,0.42275985789974424,3,4.3562885565766925,0.0018836074217211919,0.011650826797257116
629,0.9106426432903213,852,4,0.016666095983244845,0.9228596820372192,0.8343633028141482,0.7712871499499854,0.4693247865025896,3,4.8190731082400875,0.0016474425352615654,0.009338599878017027
632,0.9094452165630174,850,4,0.02257164266648694,0.9568612307410015,0.8350607456647691,0.829248370402073,0.4692286795657429,3,4.390721807785237,0.0023516814863535854,0.007705876251138276
630,0.9101584726957777,854,4,0.022280691914329392,0.9225684294027481,0.8366225041136873,0.7690507759990267,0.6049402799847713,3,4.616399264698507,0.0016407660228801508,0.003093707965132825
633,0.9095650895298066,859,4,0.02365958553916651,0.9251026664632438,0.8460678961905277,0.7687560017501726,0.4747338338185799,3,2.9546218711545422,0.0017288768610523458,0.011164685955735195
636,0.9093815802300643,853,4,0.02313097491609797,0.9686856544383204,0.8275114278717391,0.7561073707992523,0.4763782600013808,3,4.3638319253361955,0.0016817425888313413,0.008366871073251993
638,0.9101446213882699,570,4,0.017866586216356253,0.914229488284459,0.85099254064011,0.8263095726090389,0.42880490958401885,3,3.004540857537069,0.0010156914738537741,0.003965825552550636
634,0.9113326379046306,853,4,0.017251539936957855,0.9334192941217627,0.8601421628760837,0.7724169627511657,0.4240112231347821,3,2.7218810120520196,0.0009634358042899119,0.0062577506460055705
637,0.9102979228390373,848,4,0.023390002090015894,0.9243526205563918,0.8213197126509069,0.7439773273872059,0.38179685171868594,3,3.0014208623947045,0.0011142506220494313,0.011909896791966102
635,0.9107730433177119,852,4,0.017552656992948095,0.9233230762257029,0.8441964800298977,0.811512172792543,0.4885883105001731,3,4.287325770508582,0.0010167217695758884,0.007965698467819719
639,0.9093029322579141,852,4,0.02275745461741869,0.925159883695091,0.8133712166326569,0.745234991836569,0.4360725089495012,3,4.666950770927211,0.0010832314656365704,0.006033302939033917
640,0.9097786521348704,878,4,0.024097384982147994,0.9286394312154174,0.8305041453789876,0.7525784270452993,0.39312536837245254,3,4.595327875207655,0.0015787907339582425,0.006935934335647421
642,0.9105507981415719,572,4,0.0181449227481731,0.9292715986021516,0.8507544958342819,0.832201156899261,0.3878236680081913,3,4.525073531024822,0.0009799255354355002,0.0063178307202004964
641,0.9104062061720889,876,4,0.0239097633931426,0.91562403999497,0.8480647075101531,0.8369441856915856,0.4232636726119328,3,3.126702382370217,0.0010877038342164622,0.007279220305717296
643,0.9097273310230488,805,9,0.021634836022837483,0.9021749405625793,0.8517518295694413,0.8354019473784755,0.4138584584832046,3,4.6765432912646006,0.0010493245898703107,0.00605653119967061
647,0.9088169123847407,534,4,0.021387625951850574,0.9131201248983974,0.8140993131430035,0.8025382558691737,0.41881446229189195,3,4.697983097515627,0.0008490734028826057,0.00596196099658204
644,0.9105695118348359,804,4,0.021910481953678205,0.9119473233510543,0.8544389262351098,0.8324495788725026,0.4367341498478066,3,4.636549833492058,0.0009003876515174874,0.0068727675421301005
649,0.9105784611514505,550,4,0.021514352349489372,0.9046722684411431,0.8509626903153175,0.7891007327253853,0.4252472437960345,3,4.477610233847879,0.0005342332144469714,0.018222959451051155
648,0.910414908279672,876,4,0.021642752708557488,0.9065969106308013,0.8500545336123102,0.7818629952693488,0.43055484998827565,3,4.619707667776834,0.00120008551198277,0.005848753369567188
645,0.9098284192201769,881,4,0.02175900223755906,0.9220964867374699,0.811276067224849,0.8404436852880612,0.41738211723803276,3,3.012680743118084,0.000709148178786697,0.006340532727327685
646,0.9099509485437898,877,4,0.02074467733206087,0.9103567313957667,0.8232424567516134,0.7450998492961721,0.40579163773535565,3,2.6127356201293233,0.0015348304968026377,0.005679319892326483
650,0.9108418631344986,882,4,0.020267322965097843,0.9033367236116557,0.8173655926804322,0.7897611013008702,0.40656161223777343,3,3.1025525772220224,0.001513213860239099,0.016177556762055574
651,0.9098677019667379,875,4,0.02167224729827231,0.9036694575460079,0.8545375330802727,0.7830787123243425,0.39768949218315486,3,2.6816760103394417,0.0012044233314126912,0.005313333650941806
653,0.9109113002897059,530,4,0.020902916924260866,0.9419850244386418,0.8237733891286075,0.7892878699283741,0.41245813817337185,3,2.6422359140850267,0.0006890669675003341,0.005876520614857008
652,0.9106726542538744,902,4,0.02145755553054856,0.8998981046474501,0.8584985268717326,0.8082513638595576,0.407211989806662,3,2.933286065387783,0.0006508141094990453,0.006279226840103165
655,0.9090175864444069,902,4,0.058022623074931806,0.9499979698268126,0.8625430341576864,0.7838359830877523,0.40805675337291064,3,2.9030155052959845,0.002492667905820814,0.015869263315389927
654,0.9090290772553461,901,4,0.0581217514763804,0.8991973502547784,0.8549007405611428,0.7840947589266715,0.45509565718242534,3,2.702936481823979,0.0006551399144396127,0.005802052948958244
657,0.9072713822737077,485,4,0.008196273464910793,0.9540379526320129,0.5179001127286255,0.847873925595421,0.44314560345009013,3,4.932783660688605,0.0006663180259497014,0.022542180514263613
656,0.9110259169478606,890,4,0.018949915263753322,0.9473471418935936,0.8673740621570165,0.7904292931692005,0.44518880829298657,3,2.714054484535045,0.0006702932622705927,0.01445390898357595
659,0.9109401503134296,901,4,0.01901596351120398,0.9477950463781647,0.8826651887317479,0.7927861637963808,0.456966850967746,3,2.9167162326371607,0.0014288402413410414,0.013265294146985932
660,0.9099933813810793,900,4,0.018630225437164916,0.95070225948987,0.7813231146942546,0.8553307063989708,0.4588085971463517,3,2.6306540037206263,0.0007850311085864374,0.008857360586860923
662,0.9093006104542724,505,4,0.009235630691590543,0.9499121956169299,0.8740089462026347,0.6486725359385852,0.4574653951563437,3,2.954762740413366,0.0013316331972500473,0.011350914624192746
658,0.9110018783021259,963,4,0.008174932546745152,0.9517021666684046,0.8731049289182953,0.7871129169796753,0.4050673077040308,3,3.136110493580277,0.00063393006036615,0.010399012469259396
664,0.9100097586753343,966,4,0.018606947252777842,0.9556801382269162,0.8737083152379241,0.8540728046698426,0.45308488560513394,3,3.1536090925394165,0.0018856645407748494,0.009007243687873642
666,0.909837334100847,837,4,0.019023662835972028,0.9637194396996958,0.7739489462385986,0.80698428272563,0.46302091918530147,3,3.1534453533242606,0.002329383586136791,0.009048412167554204
665,0.9112479708638768,834,4,0.018980264247281487,0.9589176826297066,0.8800649032803852,0.8161719278957569,0.4614833713037074,3,2.523518943920457,0.00125919849932516,0.010802004394326693
661,0.9111900575872374,901,4,0.009171001937919369,0.9487055366290897,0.7902906586789142,0.8087147837765964,0.46201198710294883,3,2.915291649327413,0.0012581262719326928,0.010825521971739156
663,0.9105857161891935,903,4,0.009098281875318175,0.9473748281826578,0.8799270557368839,0.8551544419851482,0.4550957117916675,8,2.8328964954292424,0.0023890063722888733,0.011465833174576332
667,0.9109916506746039,839,4,0.018936697998072006,0.9659309402141686,0.8753199773126638,0.8140968757053405,0.4565862821634034,3,2.9932065171722324,0.0023934961517849203,0.012300805194345538
668,0.9110605074359139,837,4,0.0187839796400599,0.9590436313775931,0.8747546588048581,0.8153758276600854,0.44264292065185207,3,2.7731348185826663,0.000401738331317348,0.008294817562967138
670,0.9100658999831788,864,4,0.01911215764205234,0.9653838533180914,0.47925911562526297,0.8133996211166417,0.43800030830826425,4,2.6165171625743495,0.0009293661868983818,0.007993556710656434
669,0.9108518143622548,842,4,0.01894509821292728,0.975545076201884,0.8698205157898626,0.8131593665724037,0.4475332364195704,3,2.3753104627846877,0.0009372369312750914,0.010955921324914249
671,0.9105805877420566,838,4,0.017699869975645943,0.9743892439950624,0.873143165754595,0.7562387504124713,0.4736207780611659,4,2.714619310746137,0.0005505873660678711,0.008017207214524171
672,0.91034543113924,839,4,0.01928629581756387,0.9723583507709233,0.8707276500540773,0.8146152595754105,0.43411730284296907,4,2.4449772225047504,0.0013220528382536564,0.008772128061776891
673,0.9100676981020064,837,4,0.017580029566398172,0.9790837987548168,0.874899000612072,0.8161997261631453,0.4818565301241511,4,2.7239236949051393,0.0008103878291581289,0.012492838354341628
674,0.9107025069489151,814,4,0.019530565124106745,0.9830254427480755,0.869350082569404,0.818260869767855,0.47716375474612965,3,2.411843826743346,0.0003131062430095916,0.013213856775810679
680,0.9079291353418666,810,4,0.009800797712153024,0.9811435597464108,0.20191131356794684,0.8278994501713276,0.4866893526145439,3,2.732264681117859,0.0013186553934089191,0.019399049016331407
679,0.9095647235053643,814,4,0.008882653115504879,0.9817102790310502,0.2834810722711122,0.8229199858329095,0.4369533935849487,3,2.443421930217387,0.0003155532144084348,0.015042841746194647
676,0.9111899591445267,812,4,0.009063748686732546,0.973341867956539,0.8024930470047847,0.8160635648087583,0.4819122206468581,3,2.7067103535334276,0.0012855119302569418,0.00787212560226041
675,0.9105894854427632,817,4,0.008870976640807809,0.9793400049478866,0.8016904657286164,0.8164730127761498,0.4779617096998811,8,2.4526511646428686,0.0013055597421940724,0.01118723206998015
677,0.910745399084165,823,4,0.009000705719995008,0.9784778469845208,0.7994562159750533,0.8196291749989357,0.47606877328184866,3,2.3357449440799316,0.0013033126909593874,0.008017442397536139
683,0.9104950522009387,815,4,0.04183213966036632,0.9367637499659092,0.7947987153117663,0.8311270546805883,0.42720570191167045,3,2.7969118965530453,0.0012268017595538224,0.0102982733392867
678,0.9101505616266877,816,4,0.008840868875588105,0.9774437222905348,0.8680572933813797,0.8203964438755854,0.43569379213472104,3,3.0438632423617142,0.0008270363064537822,0.008546674550369109
682,0.9095754601463162,822,4,0.008146557574291611,0.9873898746996633,0.27617614587764655,0.8335193862519733,0.4859123036802,3,2.7669859509320887,0.0014290776687935895,0.016890876915978296
681,0.9102982122378018,812,4,0.009890826943992034,0.9850624918463798,0.749703549533194,0.8257379444947966,0.49077964312353517,3,3.1048316410224945,0.001198203382588716,0.015252505776548752
684,0.9107960678894991,816,4,0.009931708899238605,0.9413566348630638,0.8908184407666253,0.8377813266239394,0.4880893714462515,3,2.7343506046458823,0.00010189741737566702,0.020076316423037473
685,0.9110601540303829,810,4,0.009880263052870873,0.9390439805076193,0.7561337013403622,0.8367596995058298,0.4322027328508507,3,2.7437667110340094,0.00022889630396430248,0.010620405689880244
686,0.9103948772024865,805,4,0.008289832683087334,0.935950610692452,0.8013190175605839,0.8440297419895519,0.4328636685538808,3,2.74946020160677,0.0002543067906172965,0.010226227091313048
688,0.9068589465404541,796,4,0.007011222075365375,0.3129942408455959,0.7908772383785251,0.8431588013864425,0.5017113853386521,3,2.5846894051122358,0.0004927808696838811,0.00978498479210724
691,0.9109281708617603,801,4,0.010079616487122226,0.9621992462268979,0.7648252326217416,0.8025399431157288,0.49747027697776697,3,2.78238808065538,0.00028470146817935525,0.01043686531394985
687,0.9089458122060325,803,4,0.007284655177381726,0.9902906516305044,0.7521833719842005,0.8404365144446918,0.48344143757393065,3,2.7988778781021675,0.0012233366477585501,7.307974123277217
689,0.9104968120829451,804,4,0.008155555442512404,0.9633131206207016,0.7759725450420993,0.7997657284141632,0.48894631930235083,3,2.5097815295236297,0.0003398005602786611,0.009194250061657552
690,0.9106605605478469,798,4,0.008319959233875547,0.9977499942390767,0.7749394942083189,0.8470204922946217,0.4945208497101303,3,2.5477178721267695,0.00035782724079377285,0.010032476929397393
692,0.9106487135947452,802,4,0.007099901390600186,0.9578832591283859,0.747621349955941,0.7975552305932814,0.5030522095166865,3,2.5085359776570058,0.001242479815627909,0.010548254469165946
693,0.9108356871656976,833,4,0.010328756933538952,0.9355863607840036,0.8950862927087985,0.8581629258487324,0.5010199130484614,3,2.788097363735222,0.0003868049122000227,0.009337466830641235
700,0.9107843389916328,832,4,0.009842597216693968,0.9611048010013636,0.7667068181206367,0.8511557088392265,0.20683464631541315,2,2.836445610910573,0.0009377554085596792,0.00806486138087123
695,0.9115833524086673,800,4,0.008219514608834248,0.9355362276024348,0.8976566585647965,0.8630445724088952,0.45833489232121355,3,2.830734892456827,0.00015647834328538023,0.010208782818333546
698,0.9112760386671412,794,4,0.010645674203610199,0.9589833980835498,0.7781243557674871,0.8568798101744828,0.45779257908387505,3,2.522740247070587,0.0003546216992334012,0.007551433199368809
694,0.9102245104227341,801,4,0.006665803326617579,0.9570792614883329,0.9017820346862432,0.7984250961256972,0.4949790480260444,3,2.8374871961876726,0.00041197808923222303,0.009578727876449254
696,0.9107189778967759,861,4,0.010714938552083018,0.9670139573447586,0.9082862637830146,0.8633583979870834,0.4639131734140253,3,2.583976039146908,0.00037025858906975537,0.0076515546774361025
699,0.9109834940688684,836,4,0.010688888967751841,0.9362125976527256,0.7814211273084614,0.8552964353279426,0.46500751268491325,2,2.6252990501643145,0.0002653247518213049,0.007819536662348806
701,0.9106752864371213,833,4,0.009713043038460224,0.9417138070287121,0.7399963699866059,0.7994716609779867,0.46434579067926735,2,2.6291332363212097,0.0004946107550241088,0.026222753137823997
697,0.9104428343862472,804,4,0.007395667042436287,0.9990031221772948,0.7593603369741782,0.8701058827480533,0.46100251091397226,3,2.5052141496666325,0.00012589289214497425,0.0076137385616874996
702,0.9110753382293897,835,4,0.010717007917267323,0.9361856885780876,0.7601432631569338,0.8636981652326855,0.45526397926117484,2,2.8484285144590564,0.0002121075012464812,0.013069622513340323
703,0.910324564401267,835,4,0.009533676017868123,0.9629411962276242,0.7885004936463398,0.7967745703116357,0.46550666234154,2,2.5716758517398595,0.00013205622561850817,0.013927812937193385
711,0.9040597235734762,171,4,0.00921941843204405,0.960652399869254,0.7743661168020415,0.8962445011078372,0.45265228664989265,3,2.2350065900682585,0.0001755014417495483,0.013943120400595567
706,0.9105729884969046,788,4,0.007669382284849743,0.9610517369646983,0.7561838994032519,0.8890882816393854,0.23517283170315395,3,2.573933365068602,0.0001333400027154355,0.014566004853109773
708,0.9105731814294143,788,4,0.010902813322207515,0.9327315790720263,0.7741574888774555,0.8836159209672488,0.3124769296362114,3,2.637000769506529,0.000151678195597593,0.016768352845953037
704,0.9112322189659012,861,4,0.010877589148129899,0.9426767182991154,0.7968361940125538,0.8703050640239891,0.45973868084005665,2,2.5379206092704534,0.00014078740204742028,0.013198233049086225
705,0.9100993896612743,860,4,0.007581243582554417,0.9348734383501435,0.7442441739783345,0.902873946466414,0.3146268631998689,3,2.6440337642787632,0.00019780940720226696,0.013785618808819764
707,0.9104493921911381,794,4,0.009260836370411384,0.9643695455313158,0.7389786869226715,0.894126419311338,0.450930538481821,3,2.619946594557824,0.00019860844508127348,0.01652597012363017
709,0.9105753139493885,784,4,0.00926813592101054,0.9410163008973338,0.7905535847563073,0.8944298020059294,0.4503427269502431,3,2.5091447809105487,0.0002083040526193755,0.01444354820021203
710,0.911501236896553,777,4,0.008735811559733932,0.9613963035393871,0.7871701207795145,0.9031801506291036,0.4466152864292963,3,2.54012439842692,0.00030448093391910306,0.01160798818453902
713,0.9108307277815637,864,4,0.011071503312087129,0.9317136750846313,0.782657951056506,0.9017282063321549,0.3141553003340387,3,2.8888201344925704,0.00018026791170527019,0.018215085898810858
712,0.9108472748989971,864,4,0.008907586924684088,0.9558597720687989,0.7921903394939559,0.8806150621648368,0.4492483165960604,3,2.546286636173471,0.00015200678160254757,0.014696083061900041
714,0.9106062796171928,864,4,0.011043761870186517,0.9317859885373714,0.7860110836581075,0.7626454134403968,0.44735696711343237,3,2.878674323030175,0.0001442576991076765,0.016973181493806968
716,0.9101054861917488,859,4,0.00865139139210856,0.9260256369105854,0.7408091025589474,0.8653606470369236,0.4493384893771429,3,2.897029777505733,0.00021425087226469228,0.013266921235952077
715,0.9109610549841536,861,4,0.010952635771745916,0.9261923157466023,0.7938313000710445,0.9994642508224747,0.4498166339787743,3,2.6216678755538996,0.0001421814835894711,0.019174397892213018
717,0.9106208121938696,862,4,0.011196305213590548,0.929823992989177,0.7880093458257903,0.8861265571810708,0.42329747253144606,3,2.350717409622011,0.00018499275007693972,0.022896005958562567
718,0.9087113046409497,864,4,0.006075619464688697,0.6370388907064508,0.7821012082604444,0.8722506682643418,0.4493179272293551,4,2.4656135540265556,0.00027258985374357036,0.024356808710512604
720,0.9104732183678561,867,4,0.011376247032103224,0.9297208685691271,0.7866444616494442,0.8801904748834992,0.47027294229862937,4,2.405281258806194,0.0001570750163816287,0.013305336706287101
721,0.9104380911959893,780,4,0.00891391940865552,0.9255362035276428,0.7892800904509676,0.9216587543912625,0.417734547064194,4,2.414588241372512,0.00010083881356502083,0.019032649503903994
719,0.9100675482714402,870,4,0.01111184484800182,0.9257495070583325,0.8152221545446016,0.88129342930123,0.47236673200172513,4,2.4667918078828124,0.00014788214732501133,0.023393637157140205
722,0.910363766341186,918,4,0.01113159364305942,0.9209453582110998,0.7783508374387714,0.8589426819594135,0.4236691451400817,4,2.281489412615203,0.0001535146845076444,0.025329037909973706
723,0.9103012682948366,915,4,0.008335716806784079,0.9214694623414925,0.7944336955320158,0.879970130492155,0.43025634282733977,4,2.3399944643349926,0.0002021580834970916,0.023294933990565668
724,0.9105142681420718,784,4,0.008391997371747532,0.9198998315325998,0.8021104530661292,0.9314381223561273,0.43163904533830594,4,2.4303795482846198,0.00011161052218327408,0.011914953600237291
727,0.9106596406596278,784,4,0.008473894455030892,0.8924573639524198,0.7653338383270135,0.8725382911202989,0.3932388246666812,4,2.3228755515735173,0.00013088946985750008,0.022971780227890003
731,0.9065615046643754,386,4,0.0078625795857315,0.8903034628500306,0.8082636158110188,0.958798963342272,0.4236238275538429,2,2.5128119664096538,0.00020064437025391828,0.012070133805996565
726,0.9107217782308152,775,4,0.008169998050858971,0.9147544954158828,0.7860466404909758,0.8764386065475375,0.4308228500229231,4,2.2755666294799415,0.00025087197620647205,0.012462193994991889
725,0.9102271435181913,782,4,0.008213162533543993,0.9207641505031428,0.8041604931470981,0.8771755260070133,0.475370574493842,4,2.365880001461489,0.00010747505863508726,0.021529698634025127
728,0.9105496068707447,793,4,0.008337356565660174,0.894888360223476,0.7666580772669336,0.8758221672992346,0.41975205052329206,4,2.517127343639033,0.00023658672292630666,0.0071522666207505204
730,0.910230180874912,921,4,0.008014070185724156,0.892263505716449,0.7649589137380689,0.913649508170915,0.4245279866487485,2,2.6900908935741468,0.00024803962926727536,0.012162290014716528
729,0.9110842438359203,996,4,0.008111678020403749,0.9133267149839053,0.7780357611250791,0.944346525197005,0.41563500924066216,2,2.7176578929753754,0.00010061311016777667,0.001416379415752289
732,0.9109510275108075,990,4,0.008313927732546477,0.8900129538774957,0.7648539978395774,0.940054331443147,0.432259114301142,2,2.254150889834863,0.0001306536642441876,0.011397946898288375
733,0.9107764179642455,790,4,0.00818423082118025,0.9721337505833952,0.7609014961152711,0.8719631827292136,0.4720445162170574,2,2.718010444242304,0.0001073161692628472,0.009806977108306908
734,0.9103710456285233,794,4,0.010075005047838837,0.8946188326596962,0.8095633743914401,0.9097195419957512,0.4741007940249658,2,2.7240822854801463,0.00024394924870822806,0.011467632768745847
738,0.9104369743463312,949,4,0.010327971705008142,0.9505918183197866,0.8134134753614628,0.9032183111990428,0.3516978176913433,2,2.7234395420471893,0.0002621350501206041,0.0014559598429752657
735,0.9111728299608103,951,4,0.010201821640408558,0.9498990871798006,0.8132857637346966,0.8702419508621058,0.4726476572968672,2,2.7060258699270006,0.00026506968373318123,0.011735740137058848
736,0.9109599804762638,996,4,0.01036580303746464,0.9718233559382902,0.7644393688952575,0.8639364250186702,0.4686142035414166,2,2.6980093103085485,0.0002589378324952856,0.011406172557029264
737,0.910164579108532,957,4,0.010044783842612669,0.9476176628163707,0.7690000800319275,0.8608307515032595,0.4650694001921419,2,2.6987760088759227,0.0002739673725244727,0.010675232730346304
739,0.9039561203361265,888,4,0.010100981055973662,0.2163740579650027,0.7650763160175028,0.9133278607618592,0.7084454757328742,2,2.7541838096614386,0.00027442269054725384,0.001410264578337396
740,0.9107059447660223,885,4,0.010087281317055675,0.9716440184128726,0.7554072425512154,0.8990136476880937,0.3671919526689554,3,2.55060575754365,0.0001708610241455942,0.010488156772937225
741,0.9109859898766534,922,4,0.01015500313380811,0.9462064419411376,0.8078465951766204,0.8979668162026504,0.3712225632111488,2,2.7200794454089356,0.00011847620838064375,0.0017097384342537193
743,0.9108232587544534,955,4,0.010405973948657435,0.94194822497977,0.8058456569461071,0.913403602786149,0.3682011076837292,2,2.6515790762386025,0.0002788922294005099,0.0013389934171925387
742,0.9108785708630011,989,4,0.0068698846739276035,0.953510536862705,0.7315190958923075,0.913229153846346,0.38725126938490584,2,2.6865349790350037,0.0001503107651400059,0.0017340655590022938
745,0.9095055042474343,996,4,0.006521824061069969,0.9507144627166194,0.8227001351399325,0.2872338901838965,0.39897996868671826,2,2.6724289148906695,0.00010188136319006928,0.001239834728905247
744,0.9102891569527405,979,4,0.006967938634562098,0.9559147845338496,0.8202484782859281,0.8599907456817314,0.39063024108521627,2,2.6964143083003504,0.00010490961298226957,0.0072516878867410145
746,0.9111043444691524,980,4,0.009438659467276182,0.9487523408055825,0.8298843355341153,0.9471450438447947,0.3790638052541579,2,2.6318023123491883,0.00012653313108087601,0.0012948512215125302
747,0.910223673849736,997,4,0.009991664383011387,0.90851723790503,0.8211949580243741,0.9111848774443596,0.3708267043057312,2,2.553796759250205,0.00010644856842566999,0.0017268384213704965
748,0.9100520749017214,930,4,0.006683524665278974,0.946341253461678,0.8102013444849056,0.9280362116267361,0.3988465018665883,2,2.553876370035785,0.0005004956702285893,0.0013094662346615409
750,0.9107852863982003,980,4,0.00918907481690803,0.9970281090516986,0.821613686474587,0.9494034407811035,0.3979709286170752,2,2.6413399313716566,0.00010054225191677805,0.0016617419759396308
754,0.9090802187377269,917,4,0.009370286927607548,0.9998823094422168,0.797121367747008,0.27005939311561844,0.39605793232549025,3,2.555951096915995,0.00039707567631714296,0.007589636317954857
749,0.9107023632757697,977,4,0.0069873134833608975,0.9716735488423882,0.830173344880084,0.9374286125459032,0.38782120640016704,2,2.4546384767138205,0.0001040307820862739,0.00176351860661613
753,0.9104576105991313,972,4,0.009298920737560208,0.9962448066965998,0.8187901032346906,0.7663093807280631,0.39700345049414687,7,2.5642112478234615,0.00039396035260058014,0.0011886011314422296
751,0.9100012837081526,987,4,0.006618917687596088,0.9912118999745242,0.824549195846508,0.9192474588887031,0.39073996142478284,2,2.672562613932547,0.00032735284802257473,0.001267203786077272
752,0.9110526285222422,929,4,0.007207792748074811,0.9086550135682715,0.8230423173565675,0.956912757501801,0.4036405355777616,7,2.5401521143484906,0.00044485554551438965,0.007032875545295263
758,0.9095086953876329,974,4,0.00858951516195729,0.9892012986412705,0.7973759206842677,0.27695522889847685,0.3864853231051122,2,2.547070396880034,0.00014850733589854328,0.0010149652834581704
759,0.9094204505814855,999,4,0.00960357726458286,0.9695009811705663,0.831814872629399,0.27413283305261543,0.3343224716047468,2,2.4822656550945887,0.0003160410455199958,0.0016089552016375346
757,0.91065962948505,968,4,0.009236671939578958,0.9079089593532824,0.8347943419433687,0.2700467339832064,0.7788557529537281,2,2.5465127168399615,0.0004954099418074017,0.0010082584609269688
760,0.9092945837839146,964,4,0.009074661111861967,0.9095854552954583,0.8284663470533612,0.2195457943754037,0.405269616642231,2,2.4930892561359883,0.0001682357714732484,0.0009670711579469732
756,0.9100960261133013,953,4,0.00931150200279674,0.9954890706767476,0.8311837857029295,0.9531632811668648,0.7759132777246682,2,2.5436650214409893,0.0009989585972921685,0.0011640204132482158
762,0.9109358177699081,938,4,0.009026908496137744,0.970028977987936,0.8337518960818043,0.950508691203059,0.3479102257583474,2,2.8307956094094853,0.0005230321266586543,0.0011489790736928668
755,0.9102590797018945,993,4,0.009227773621743492,0.9094246517000194,0.831848369573892,0.9317668111155689,0.7837721618071849,3,2.5995002725012766,0.0005324927497164666,0.0017855387920208735
761,0.9109314499542496,958,4,0.008949727642401116,0.9091813335132612,0.8335444748265529,0.8925215776411833,0.4159369270680281,2,2.7847702876322358,0.00016721108800019362,0.0018560519026023397
764,0.9108841596723437,953,4,0.009237395010680324,0.9146796688800389,0.805945428827425,0.9262951857711795,0.3396999247239172,2,2.813081283351614,0.00015445890229534055,0.0010247217503911756
768,0.9093314956195047,951,4,0.011964137822500555,0.9096387537116455,0.8034267941991308,0.30338524357181784,0.35271083400909653,2,2.8363748960081914,0.0001274847409426605,0.002054886696057022
763,0.9107138016346081,973,4,0.009010818207985707,0.9042276601291135,0.8379875411605643,0.9281639575006794,0.4411458130748026,2,2.8498096303787936,0.00013104440508799356,0.004838012941861153
766,0.9107526280478927,982,4,0.011760318949734994,0.9079877882730614,0.7996044509223755,0.9790433609082804,0.4358202633612734,2,2.8326184867575286,0.00012889981744714383,0.0009908801426613543
765,0.9105194425798186,979,4,0.009247196328950226,0.9125172002290368,0.8311557373244575,0.9428959383509724,0.44109111804208323,2,2.814380754449325,0.00013091806571015682,0.001060210205841776
767,0.911018666927275,960,4,0.011742528579729879,0.9090372194118317,0.8052188735923183,0.8977009090535261,0.44914396077396757,2,2.868404735915965,0.00016944107207388586,0.0010254607478991857
772,0.9110768537150136,967,4,0.011802037265312286,0.9367593798198626,0.7816357788159611,0.9462004486116817,0.35958382650514287,2,2.8072279842410897,0.00012109740634995075,0.0020332154725024036
769,0.9108693509999712,977,4,0.011796802350259497,0.9669818586714711,0.8020460196735756,0.9551578130972583,0.43981772136690284,2,2.755912742578516,0.00012652053066282025,0.001895292959395961
770,0.9099547061666764,968,4,0.011674332149816787,0.9108901591908775,0.7822954130425454,0.8530088693928121,0.4139168106354721,2,2.7601733405090765,0.00018208004659309762,0.002026860083500861
774,0.9102071517420726,953,4,0.011564007126280793,0.937203427119674,0.7817853098352547,0.8537821194645551,0.2565789855818186,3,2.7969620150309504,0.00012037112988834471,0.0050446921098699134
771,0.910628771686131,963,4,0.01182289762995381,0.9406981669453093,0.8062322129330304,0.9671007382090174,0.4418312949973112,2,2.786591222744777,0.0008318341257426398,0.00221770019027723
773,0.9102043840195568,970,4,0.011793203411580218,0.9369388989374677,0.7851494436039202,0.9620870681523076,0.4449528013478949,2,2.392129576107847,0.00013593173698386895,0.002218549952537886
775,0.9104023639416832,977,4,0.011752600966170859,0.9370896343619682,0.7802827098268622,0.9648311546657363,0.4438824227106005,3,2.4400145178477994,0.0001985617812289972,0.0022511439887263128
777,0.90738714542836,998,4,0.007687552191139235,0.5081941371186345,0.7866211115578141,0.30368087159018253,0.4816143571429633,6,2.4180113925333564,0.0008057302311784211,0.0023729248462961597
776,0.9103897926934863,957,4,0.007611229243400193,0.9368931227389823,0.778679630674032,0.5433775632443789,0.4477969782007922,3,2.454765876438953,0.00019311801645386747,0.0024500267391156538
782,0.9074180890510786,946,4,0.09418028679272818,0.9509488782153784,0.919325424188188,0.9719436243394227,0.4724906655190503,3,2.368034140363866,0.000212850946962281,0.008733375047186055
778,0.9111859695161162,997,4,0.007501526860704798,0.9438743487293261,0.7743561100327783,0.9935007214507933,0.48450423363782363,3,2.6202882139305603,0.00013181350760905805,0.002409001555453905
781,0.9105261972701312,944,4,0.007904030987881682,0.949129395042691,0.7757604928605356,0.9994411712181431,0.24948639677428247,3,2.3858718369893377,0.0008735029691874797,0.002505448643625546
780,0.9100941417905863,949,4,0.007604482998732319,0.9392890264249718,0.7772047439883203,0.5464797915717579,0.4821590143196012,3,2.368687082029222,0.00021557674929128582,0.005017264685883994
783,0.9105064126418017,909,4,0.007818193058370542,0.9576196238582373,0.9226527637117307,0.31394174348767445,0.47873824099120293,3,2.4291947155418803,0.00019062766090821467,0.033477809844395016
786,0.9072752356026736,941,4,0.010390353545613143,0.38116974613887167,0.8511542783538932,0.2973673021210806,0.46703984365195444,3,2.1774666123135793,0.00022691936100679308,0.008438861815536625
779,0.9104097408355386,974,4,0.007743521975877317,0.9510794836704842,0.7765196036973642,0.9701810401619823,0.4853874605606535,6,2.4050830686899083,0.0008577038626872078,0.00879844857043075
785,0.9103725280465185,948,4,0.0075743217290897245,0.9566062490210197,0.8532448632386811,0.9755665788902382,0.4776216355565881,3,2.612626338864854,0.000861805649457254,0.006692074893753061
784,0.9110536296732086,996,4,0.007465591582860944,0.9646621658705926,0.8511963179192149,0.9813084817782978,0.4809596494669862,3,2.188200900322992,0.00017923941469871242,0.0067472356418410906
787,0.9098027140419717,932,4,0.0097809980994322,0.9555611918658526,0.9189377321667052,0.9645530011215994,0.4875357082535185,3,2.6284480454294723,0.00021981453491659456,0.009328255104934824
788,0.9108618004820606,933,4,0.010416758940269527,0.8866088780609911,0.8533582256854754,0.9983654953269142,0.4844523677919127,3,2.655162444797453,0.0010171646860596998,0.03660110297095677
794,0.9106938698363264,923,4,0.009855856508588523,0.9758431800981745,0.3156098162934602,0.8611474688205359,0.4958908599325562,3,2.6329998951386275,0.00030447662936779885,0.0029772816468193975
791,0.9107610990621625,596,4,0.010469415952134959,0.9646894713670122,0.8559232832056366,0.985383861614214,0.49011903152044556,3,2.650449702923335,0.0011314913169308705,0.003402278811133814
789,0.9114312566720593,999,4,0.010454646986779677,0.9563802037757121,0.8495841484443615,0.999466687722901,0.47793308086236724,3,2.557455376691072,0.0003442259456250246,0.003739064641564373
792,0.9106644380503898,903,4,0.009898801564020393,0.9768275347519624,0.8070958592659144,0.9776304360984555,0.4895592997275693,3,2.2063540991347335,0.0011286765190732567,0.003874797968737346
798,0.9074110094618117,282,4,0.010210288992364574,0.9610637204436209,0.8127613630234211,0.9914054523615614,0.5128411295702331,3,2.630116133510407,0.0003022832832367104,0.003909394502499818
790,0.9104693202645604,913,4,0.0076606432439348575,0.9622736779458345,0.849755258943204,0.9890211762026466,0.4867328049109448,3,2.1505980167246177,1.3667850767737617,0.0034649582516574494
793,0.9092418667620554,925,4,0.005349962835024202,0.9768847535677957,0.5589578215678181,0.9828161543795916,0.48175884766537813,3,2.645196895158256,0.00017253351427741527,0.0034388998759679688
795,0.9104108037127452,999,4,0.010549355103542477,0.9674283482957912,0.8559235850315162,0.8696559607301406,0.4942009929352645,3,2.650809925911539,0.00030135940273069597,0.004055762289256621
801,0.9040885527683946,904,4,0.19295895768411972,0.9726390458972234,0.9079490610943656,0.9992693702388591,0.6169372784704631,3,2.50792088738384,0.00035860641258682823,0.0028156702929167973
800,0.9087702239336778,900,4,0.005881826873583726,0.9800323946921544,0.810350853795541,0.2892759828167795,0.4616264840481238,3,0.0010970114587713908,0.00015888420545098324,0.0034620566926941245
796,0.910243514122903,921,4,0.010571133609242162,0.8882771309837068,0.9251348905789725,0.9799494846975286,0.4985233378787949,3,2.6356987019247824,0.00034148250953897096,0.003164975745098843
806,0.9078302669328456,887,4,0.11486440933858208,0.9809661909874107,0.7368748040828725,0.9931120348622354,0.4630017629242007,3,2.480388107955083,0.0003576438187197431,0.004931121435045629
799,0.9105318868787284,894,4,0.006077699696362697,0.9696914080785719,0.8172718451294834,0.8718400253210097,0.4625433790500514,3,2.6279958397701364,0.00031867627464138537,0.003545676255970528
797,0.9107306956960818,901,4,0.006181925797612319,0.9697577439032592,0.8168421282785698,0.9813290401718774,0.6164020659136459,3,2.648981325383545,0.00030921893034952007,0.0032689547501871716
808,0.9097311549332281,886,4,0.04646858600084831,0.9260633560918852,0.4448131580889489,0.8365719614895133,0.46234153354719426,3,2.3075670937988497,0.0006281140856145771,0.006334201992003136
804,0.9092794881453388,891,4,0.006109247444341847,0.9270608291588858,0.42513928770969,0.9928452403005099,0.4585236886131084,3,2.486869988946155,0.0003169268665991098,0.0029366927201794667
802,0.909810253233269,910,4,0.0060177898099462,0.9832766113878122,0.4274467306512496,0.9820013881251592,0.46294087654771926,3,2.5108739513072966,0.00034792561097791617,0.0034629754591143677
803,0.9100401036599465,894,4,0.006141968016395058,0.9754264630797719,0.5257135776584445,0.9880764336516848,0.4586357017531063,3,2.522955301157059,0.0003388868646005383,0.003694218214885073
809,0.9088137746848709,333,4,0.011224503079119623,0.9316319225618303,0.9409995815221203,0.8405214970186581,0.4628349876959267,3,2.515540136363921,0.00045670462308505257,0.006093219609952184
805,0.9108970232839892,888,4,0.011011717910984223,0.928145416541772,0.9386457291260156,0.9920889965008914,0.46137211869895256,3,2.471290617945276,0.0004185832415293631,0.005205083862338466
807,0.9104807358181379,884,4,0.011111690192715858,0.9302520831259251,0.577769435117679,0.8464479854130511,0.45980616057233675,3,2.5127487920251013,0.0003831879330562672,0.005190759801692096
812,0.9084901129158418,323,4,0.01095769587240187,0.9274091378543636,0.937515826343441,0.8447273560997673,0.4651914563264814,3,2.929881528837472,0.00197264487794708,0.004649985784327245
813,0.907878009443081,330,4,0.010969202493126917,0.9263033527985184,0.9357783205019372,0.8492904020602706,0.5157103625456722,3,2.9263559890733797,0.0012199773511164728,0.006273868243687335
811,0.9111067198651582,884,4,0.010807759794557916,0.9358164935364328,0.8855668866171026,0.8231055755471189,0.46072164241431857,3,2.9392619208488497,0.0004118055069145307,0.006192305439114994
818,0.9071768819844153,816,4,0.01257158061960901,0.9468654921502778,0.5733299018112714,0.826584387489227,0.5047937673692962,3,2.91292891387803,5.120871677446527,0.01549632021580653
814,0.9096074643657153,764,4,0.011043417226411252,0.6012210019847375,0.8844899572357244,0.7289143187861896,0.5216712266852601,3,2.9031740878902355,0.0003825961731444542,0.005384939293099317
817,0.9111819110918343,768,4,0.010945344647558138,0.8805180710226944,0.5805705869323731,0.8482413633917842,0.5049716337640291,3,2.930524016768828,0.0015747338413011434,0.004797011876312877
810,0.9109402267870719,892,4,0.01091459801223528,0.9277130885432435,0.9348912797352091,0.8472785692322148,0.46501108733491203,3,2.49666042028554,0.00046472672704162314,0.00537827797340332
816,0.9102907758982323,776,4,0.011109311925071794,0.9304990545332532,0.889686258864381,0.8489310343533691,0.5127287191967103,5,2.54423942169128,0.0004073505433931455,0.005395728031595984
815,0.909193367877324,769,4,0.01101214096694914,0.6625129792997061,0.883810760171644,0.8436610829456093,0.5143179051057875,3,2.9290922200983203,0.0005689176577938096,0.005460949912723469
820,0.9107570907334379,813,4,0.008700572281529937,0.9479066628673889,0.8862266851243857,0.3177637970829591,0.514884489006359,3,0.9685385624837295,0.001615615488378264,0.007657243804730433
822,0.904208272103741,999,4,0.15944291193334253,0.9494144435531657,0.9119769630891154,0.7775795142391287,0.5130206862810455,3,2.724510260420155,0.0007111497337587757,0.01592762735076148
819,0.910157470784636,1000,4,0.012663382919016928,0.8840108758432219,0.8864004751817094,0.8269864374065844,0.5072755529553228,5,2.9182470976552524,0.0005505488479032104,0.015604843392041413
821,0.9097094501019061,773,4,0.012200232948901425,0.8871079331521243,0.8886687656101065,0.7794084804373822,0.4998672687773614,3,2.7500402031703066,0.0016900514455470894,0.016344888957795532
827,0.9085061276064437,766,4,0.06680208742521071,0.8821470086253992,0.5577000613895334,0.8840507477655332,0.7574853507179832,3,2.733526764779221,0.0014357044346604733,0.008005966414112711
828,0.9088621290602639,764,4,0.03894622863784747,0.8922841842261829,0.5525135426576794,0.8691447877018266,0.5023754144030153,3,2.9783959008019636,0.0017563460586245616,0.004375645438460561
825,0.9109872286584413,766,4,0.012551243913220655,0.8927519922877306,0.598252517161547,0.8601264062074745,0.5102073722893905,3,2.715796705628332,0.0015025608635768136,0.007471626299101495
826,0.909257456970729,783,4,0.012686350849748318,0.6522733253552903,0.5324189566213662,0.8704668632309955,0.5178677757907034,3,2.7719400582463094,0.0015866466585055055,0.004591184625312976
823,0.9109873760564462,776,4,0.009732291541186162,0.957451332696567,0.8973883224893678,0.7808298744728842,0.5190444147392904,3,2.7313956338565455,0.000579460869155365,0.008360030912662979
824,0.9104493248396001,780,4,0.00845498504147013,0.8814192878498871,0.9148284308222179,0.7807236637708284,0.511875668118627,3,3.5325757497955093,0.0007273149919933941,0.009164687914969119
829,0.9110422718929595,753,4,0.01244110964963675,0.8819916240930858,0.5400270492765659,0.883869461458694,0.4945506150685489,3,2.7716421324583354,0.0018571921440817295,0.007577042822666204
830,0.9111281162933313,764,4,0.00983185864623627,0.8948011091484936,0.6016058039310251,0.8634148094829092,0.4990828324443496,3,2.3122303923030896,0.001711710005193681,0.004146962413297409
833,0.9094618007770088,790,4,0.009758536109291473,0.8935010199116666,0.5322520703434558,0.8847438127322502,0.4762259190824443,3,2.9517584670384935,0.0011035656229167316,0.004317476512422449
832,0.9109592849157975,765,4,0.00966308530835396,0.892614941351826,0.5782874463378939,0.8749202053761655,0.4933433422046254,3,2.326820602149556,0.0015401366331993104,0.007571372843675207
831,0.9110216893845584,760,4,0.008723004495889192,0.8864654874380419,0.5868776551554173,0.8648010489372594,0.49940117608494,3,2.769523557962304,0.0016617435934135696,0.007463608586069564
834,0.9104726432951864,783,4,0.009663709805134021,0.8924066339120403,0.5887470440075702,0.8028963904270777,0.4750417447945071,3,2.746713449697052,0.001108187404837314,0.007188804592491389
835,0.9104693986386415,799,4,0.009611136870954492,0.8938755716679543,0.5921684341401774,0.8056955149724442,0.47608403672560995,3,2.3041699137619007,0.0013123696167574514,0.01010757063161844
836,0.9111152434075462,814,4,0.00866132118311217,0.8975685676275122,0.7979865716128167,0.8151150926400988,0.48295616976562716,3,3.033930583590939,0.001209884627238463,0.007344131125512531
841,0.9088441880852665,798,4,0.0513828686829923,0.918213246320743,0.725804453695819,0.8136046355651912,0.47354938281041453,3,2.842603071080288,0.0010340295386577756,0.01143390190579982
838,0.9109244010760678,794,4,0.009280233557374923,0.898090483875561,0.6001953117950665,0.8886747271431057,0.47582920707491444,3,2.8434527882890013,0.001427137189280748,0.01086607049815944
839,0.9110764738553796,786,4,0.009662936570340406,0.904943715781491,0.6000810625637311,0.8107358936070747,0.48110809960232437,3,2.3410385712491744,0.0011406455614273137,0.01059608257796385
844,0.9099600077817632,799,4,0.05068708579915426,0.9473015736966558,0.7519109224255155,0.8117515676571542,0.47962573550885795,3,2.587656070779402,0.0011650329846934148,0.010805824287284832
837,0.9081025929186683,790,9,0.008732534027215052,0.9019392177267624,0.5602282296984188,0.8107036373989578,0.49083544387368355,3,3.049738431157792,0.0012351548261775246,0.010316915748614975
840,0.9110610086955548,797,4,0.009427023859920072,0.9004205373863325,0.7271478568911982,0.8222697923123387,0.4750337697886672,3,2.590235340066415,0.0012554211838468456,0.011091329390860835
842,0.9112006893239876,794,4,0.0087982218484908,0.9499256743663556,0.5978293565663301,0.8076948046548403,0.4757916724194166,3,2.8464317207911445,0.0010877455926251811,0.011236715288130115
843,0.9104692380896026,797,4,0.00927725056411243,0.9190937018158875,0.7967224101636428,0.8078794872357815,0.4730659645232852,3,2.858162222713461,0.0011189058467566961,0.01193889987427324
845,0.9107219500304495,799,4,0.008689486840493773,0.9158475627909577,0.7525983379088723,0.7598354888199225,0.47550064317415086,3,2.5897594310242344,0.000927168569385459,0.011224001790245906
852,0.9067998138664988,812,4,0.1356654027590442,0.9483877707457008,0.8002469455878289,0.831346920124406,0.44652397893073975,3,2.8804185518716854,0.0008074075648442413,0.006202252858030518
846,0.9074296421203808,802,7,0.008581102394776979,0.9165842127934921,0.37934789161222954,0.8316541572577797,0.44239714707546546,3,2.5982197171859718,3.5255814692852585,0.009907659527865783
848,0.9110223716419558,823,4,0.011783109269974591,0.9146526608760114,0.5668391165836666,0.8310469626981436,0.44377943072572973,3,2.3901661089677746,0.000790917424861877,0.011045416183134614
847,0.9069595744513936,799,4,0.00858348582991848,0.2735261910889793,0.7496836395786003,0.8312126359008197,0.6773672807938919,3,2.5852423882585347,0.00025311863277414155,0.013257362959824477
849,0.9102302912523761,818,4,0.008605783492164362,0.9451702687745525,0.564802237035112,0.833762632847872,0.44215999919209015,3,2.589585839778254,0.0019091251390450212,0.013934628023712254
850,0.9107687052249103,823,4,0.012094622438455117,0.9183154406278216,0.7953684658879314,0.7550213932461907,0.44494597351895354,3,2.6446681967356116,0.00023490448916355648,0.013752631811654653
851,0.9116231883348475,823,4,0.011971127934587584,0.9546266147743493,0.794206603044754,0.8343316844103783,0.5370147333995826,3,2.6053240130076065,0.0020738191857183636,0.006156363561187514
853,0.9104847153362158,814,4,0.00871894953093779,0.9578770859928275,0.5713243955150742,0.7632250400623246,0.4477277738158779,3,2.8795081733151506,0.0009738968965748343,0.012131398188005672
857,0.9085677701514282,815,4,0.007218493496686987,0.9571961855584323,0.5820348849878338,0.25687126838466107,0.6756273006104742,1,2.671725679573595,0.0006582537039548836,0.019335782044038685
854,0.910040761059609,823,4,0.008420717266555288,0.9585695203299537,0.5823953178899377,0.8374033314541157,0.4492454738346351,1,2.8982020001262656,0.0008931736677164011,0.01366627043697478
856,0.9099653939283515,821,4,0.007146155139042109,0.9828103507772954,0.5982397657282128,0.7934838807147587,0.4446964737458733,1,2.998089945766122,0.0007605732318899867,0.00919789263790017
860,0.9097322841737447,745,4,0.01047557899165913,0.9866933087171176,0.5846717798337624,0.7636699455720842,0.4502740580160054,1,3.002170214523688,0.0007496599222426352,0.018516372109942864
862,0.906942449752712,447,4,0.0070497337351186915,0.9589237949256039,0.5851745959938697,0.7974562393120934,0.4936203903658283,3,2.4114820827109233,0.002471667550637571,0.0047653981598154765
861,0.9083993320126147,754,4,0.007107060696091251,0.9867095865943981,0.6123619349489425,0.5216459570832673,0.4324479456812328,1,2.9943591114849557,0.0007863062067562484,0.004782386983168597
855,0.9098178087683371,821,4,0.0071119371784961185,0.9545729956462043,0.5940420385039386,0.7962465815555403,0.6723116966592866,1,2.885276559962457,0.000972369488153675,0.013456526537527665
859,0.9097999960349252,747,4,0.00701004106289978,0.9868328008405987,0.8352318249869735,0.7922654607513282,0.43514769284011245,1,2.846382254980632,0.000978490312444353,0.014095829017253862
858,0.9068948245375367,449,10,0.007293730994067626,0.987933782447633,0.6094610393084293,0.7907566770769673,0.4298148942636633,1,2.9994145261027505,0.0008276550013063378,0.014750589183140993
863,0.9096230582992482,832,4,0.007340574144433683,0.9926460925642412,0.5851639460556569,0.7888204398364954,0.4505694001889942,3,2.9521556919381418,0.0020815091283818248,0.0051561621349433375
865,0.9098730586185217,838,4,0.010346372098721208,0.9758580134661943,0.7644139344033115,0.2289791168696418,0.4231509258279245,3,2.4397540737209105,0.0019982454634395333,0.005790817501633984
866,0.9108712515904388,752,4,0.010438308834485804,0.9690620381890768,0.6085597045627573,0.7885383258623857,0.42062706471324907,3,2.4539787592048743,0.0016698841552883373,0.004762684106417122
871,0.9097021409396765,842,4,0.03439725047559791,0.938240182007101,0.7729843059564532,0.8281827242069865,0.5296826016077444,3,2.4840164596589975,0.002093591700433909,0.0061249892691617016
870,0.9104912969345959,838,4,0.011978443247751746,0.9380004353073991,0.7573558842268044,0.6108823032805148,0.42670994620018765,3,2.4564206606236096,0.001410088939255158,0.006262534478765291
868,0.910608895456669,840,4,0.007921072480407425,0.9873872089908982,0.6099254416059628,0.7854081085040361,0.5350900529409458,3,2.4912016851740377,0.002125861265682705,0.0058860433473673975
874,0.909726448915546,845,4,0.0349455489663929,0.938775612373506,0.7712874140289937,0.8202089928650612,0.49828408548345426,3,2.4647481301046046,0.0022177948855584516,0.006451151161905459
867,0.9107535832082491,839,4,0.007874480888279342,0.939098979106469,0.7615048546630644,0.824178514086926,0.5316288369317629,3,2.440256151423625,0.002067910755900061,0.005177394051187642
869,0.9104223400581892,836,4,0.007895889758849597,0.9393221492736649,0.7697317797999278,0.7884710222256571,0.5421890603681572,3,2.4572420330618234,0.0020490841125161544,0.006193705441245033
864,0.9081533354610135,835,10,0.0070385717052369205,0.9819920385680796,0.7699807840362891,0.7947836240780813,0.42940124853331474,3,2.8512166548637294,0.0020454094894131218,0.007091519672543322
872,0.9106604067643689,839,4,0.008018447908391312,0.9391960515581224,0.757116770619834,0.8208069375643562,0.5325525189988642,3,2.756006009205998,0.0018058681657039217,0.0059497822014673825
880,0.9057580373038124,223,4,0.011097320045093211,0.9648022649764216,0.8624736076631762,0.8497648761241775,0.49137463277218857,3,2.720836664627021,0.0016797320860060473,0.003969067811028125
873,0.9110419647821087,841,4,0.008002070902898777,0.9387921292247257,0.7892471921282935,0.8178046136633642,0.5417879228012087,3,2.512727932786162,0.0020614376771831123,0.006284608315825358
882,0.9077382458795149,772,4,0.08986830954070786,0.9633684365071928,0.22515497122356498,0.8167671330248992,0.4917947510909358,3,2.6833579801289043,0.0014399108565480074,0.002819892571909681
875,0.9100251441687798,842,4,0.007768540032437816,0.9378243124055933,0.7647009215864191,0.5738152783249983,0.5500153132295749,3,2.690606359732067,0.001846224054659428,0.006554238386865783
881,0.9075304790035303,776,4,0.10770782937945216,0.9562911811636756,0.8611932097164248,0.6693616930518136,0.49121796570904036,3,2.778261576410108,0.0015387414451923597,0.0038124032502287
878,0.9108348432950161,776,4,0.01136917907645989,0.9397505618511394,0.7345053492171492,0.8517812829557899,0.5572766537447875,3,2.709404673468728,0.0013888729599500253,0.0029368979900625427
876,0.9114795039387422,841,4,0.008093054794116181,0.9386873643509424,0.8616071129329393,0.8510657046909368,0.4602818296282114,3,2.745602941731846,0.0014426497820729804,0.004173212362421225
879,0.9111347463909002,780,4,0.011102174432504996,0.9379559077037092,0.8622702683152539,0.8470373412408481,0.5495658324625086,3,2.698194669487015,0.0014164269321847547,0.00284765334810551
890,0.9011521230117004,104,4,0.009055322540940531,0.9220779289275769,0.8657896020969376,0.7419043816914038,0.46303702775250644,3,2.605318105168409,0.0012513496890640165,0.004508011926516987
877,0.9106364724146954,848,4,0.007801482997869932,0.936630904945426,0.8593337295433415,0.8453854700726681,0.5368083938309561,3,2.7215576463102864,0.0019580103913771634,0.004244001081062271
884,0.9108243793289708,794,4,0.01156832757985192,0.9624663965411437,0.7404820915206346,0.6878006992805281,0.4630447069248021,3,2.6847135333454064,0.0012011834409700849,0.008380350337023564
886,0.9104414991382044,784,4,0.010260454907640883,0.960572158622917,0.907130163180971,0.20111994195880672,0.5571326773101662,3,2.5831985481699706,0.0013425752389547836,0.008295557807860692
885,0.9092889072503338,777,4,0.010528393108966628,0.44968780841981654,0.7396095089145167,0.6894674727094018,0.4976806165901309,3,2.648158775478837,0.001208171613909338,0.009221993203240486
883,0.9108128560585429,780,4,0.011340555698735922,0.9641637296145862,0.8667383111810226,0.8479409645911161,0.4888447135129164,3,2.6909207699219477,0.001257570353906654,0.003940073069189024
887,0.9109206143384643,627,4,0.010627833596326089,0.9612138461520344,0.8620738652757769,0.8418703220328789,0.4644972355088973,3,2.5753388084523055,0.0012867419500204545,0.008564262604098002
888,0.9106844605375937,786,4,0.010087623689946996,0.9683951309177684,0.921449590393199,0.8547219278236153,0.45551876389698737,3,2.5810109860476826,0.001458285620704396,0.0080143180236556
889,0.9106412452517926,806,4,0.01002278132046914,0.9662552796460386,0.9184804695572253,0.8424286881113296,0.46988596958472434,3,2.2475573866836562,0.0027316509181144824,0.008849134998676914
891,0.9103988695675284,809,4,0.009039386171055007,0.9682331178075303,0.8420532909655054,0.7427224990815994,0.4648857679304731,3,2.5866123677415835,0.927861941831831,0.00877452183612572
892,0.9110841627252082,857,4,0.009623141204831332,0.9631088540142767,0.839721921956796,0.7661056250938008,0.46525324881306707,3,2.58095782956757,0.002599424495439156,0.00787125225790699
895,0.9105581161218359,813,4,0.008899671882870053,0.9704196777754773,0.498956836112756,0.8513701276548349,0.45797186468261397,3,2.8316164081201345,0.0028267367632253725,0.00770282640830941
893,0.9107536894047487,856,4,0.008884227400123974,0.9633994652279059,0.8424930365598233,0.8578884424477371,0.46039324975223767,3,2.7952434315714654,0.0027309374469160295,0.008581722452665043
896,0.9102811661412538,813,4,0.009005729631238043,0.9199526580164944,0.8441672822222244,0.7215205628912228,0.4687556157739817,3,2.818944395739102,0.002590217197598161,0.008687285999420712
894,0.9103451383196864,812,4,0.008634044080537815,0.9675597961507145,0.9074271992089933,0.8529047816876214,0.4593269728771202,3,2.796399874921218,0.002652265956154832,0.00870756431521523
897,0.91103313907001,811,4,0.009019997201947358,0.9508243999921883,0.8499719667299619,0.8563412737277529,0.47095660694573294,3,2.8456136451653435,0.002704104581372664,0.00880383501757374
900,0.9066701820723402,381,4,0.008643968787605977,0.9205791670588861,0.8409601547028862,0.7735160129682376,0.4548372214468218,9,2.8345651171243196,0.0026746197546136117,0.004730049697242432
898,0.9090890045406187,856,4,0.008765108991098775,0.9267587380432281,0.8428150430312058,0.7697634372953547,0.5103846934351651,3,2.8419322622432666,2.1828656195082843,0.00780402216421552
901,0.9090356146875369,858,4,0.008454240497867482,0.6252595191756396,0.8796664097308781,0.25923093596595004,0.4782616693697544,3,2.8655831711440523,0.0009843749581242753,0.004806762512451437
903,0.9092071491726799,514,4,0.008184810356040911,0.9222624690074737,0.838607126029368,0.8061682389355531,0.4782952166813932,3,2.83229066551223,0.0010259991818394073,0.004644913249123168
899,0.9100059948190096,861,4,0.00877818023993635,0.9228979074320006,0.9058664845307344,0.7179268676854107,0.4711417872603209,3,2.846062195917819,0.0026706413094835847,0.004363287436078643
904,0.9078029945770913,502,4,0.008069611336493534,0.6219193700907472,0.8788186979643906,0.8055603183294089,0.48125635081495854,3,2.825991898755283,0.0009864965734752667,0.004266935557347159
909,0.9060170672902375,877,5,0.07208264325635068,0.9256731542306863,0.3579878820471543,0.8069848587106175,0.4831727767750757,4,2.9689022017159195,0.0010179576687837709,0.0051367217543048386
902,0.9109477462138097,870,4,0.008343396184407936,0.9235974862993869,0.8798070028944001,0.7737379535981083,0.4798181255786463,3,2.825460612911743,0.001001402444759717,0.004636220873716167
906,0.9101416530554733,871,5,0.008235004835680286,0.9202950647590363,0.40426221050797406,0.8120386594978921,0.5082327107943628,3,3.0559697455961814,0.0011037927014646088,0.004787354047291037
905,0.9099291023198484,868,5,0.008250301165515839,0.9259510826264321,0.9026589004442653,0.8043441957990366,0.48336655349931873,3,3.0561727077044676,0.0009921903097235825,0.004835798942474425
907,0.9099261423489808,874,4,0.008220886240951507,0.92389348972427,0.8750131916828177,0.8902540366473619,0.5090912656493444,4,3.058373578680238,0.0010114636308880748,0.004557579597380892
913,0.9095764447254593,825,5,0.01242915788178522,0.9468404029704821,0.3948044536500202,0.875378277766205,0.4143901453821559,4,3.0866072763415286,0.0016323151713731512,0.006266944208149245
914,0.9091971678419789,827,3,0.009685575481678432,0.5726619584875925,0.8986997219918625,0.8297861684453465,0.4338136523131932,4,2.2953453961481727,0.0016790554001452935,0.006196915196267808
910,0.9100023863425312,482,5,0.012877765622981272,0.9494811393979938,0.8748234163471862,0.802537572135144,0.6508157675398973,4,3.0335527096079593,0.0009913825519882336,0.005258220539477551
908,0.906877072390102,875,5,0.01289526038103208,0.5730308588237532,0.8771975411289734,0.8078376693530723,0.5151124240604725,4,0.6197317718949102,0.0010390238665189616,0.005062361249753998
915,0.9108416246674841,834,3,0.012749015189052552,0.9446705031451259,0.5449182684819274,0.8898000705999087,0.5063609336664845,4,3.0521685312505715,0.0017701341594059691,0.006579675057659609
912,0.9108287982284142,826,5,0.012377959932445365,0.9454749368437713,0.8977979161798483,0.8950614927577417,0.416894127900516,4,3.069149469049649,0.0018094191697942221,0.003681072397436016
911,0.9106528722861589,826,5,0.012509094533534161,0.9478196622305585,0.872420719566906,0.8070740996099951,0.6443330216376922,4,3.01390127615036,0.0006020702652464929,0.006388418646082318
916,0.9105308212648904,824,4,0.0127273940428557,0.9996492517493117,0.9347072325376898,0.829142614883571,0.41700943979661864,4,2.3442310222406144,0.001679908386176096,0.06647249512257378
919,0.9105078640446415,828,3,0.009592897677606056,0.9999836003062805,0.9399744642540916,0.8360241095513885,0.43232833209547794,3,2.388720152242184,0.00063005187320108,0.003403954300373707
918,0.9110753245462331,834,4,0.012403401363300705,0.9488459287606792,0.9378761872509587,0.834982463276153,0.4196215291381437,4,2.5660101321251294,0.0017900320567634917,0.006551205783120006
917,0.9106678912990571,821,3,0.012751541518828482,0.9491841566618183,0.9395859467681908,0.8671027090322317,0.6510189743328785,4,2.373023383529438,0.0016383730694865602,0.006328688857632414
920,0.908423808595382,821,4,0.0051032279657391485,0.9466416049186561,0.4838284782860718,0.9999585554702413,0.43757551774465914,3,2.6846087070492968,0.0005613646478185391,0.06613188175026814
921,0.9107917129208042,827,4,0.009682270615451268,0.9467334854642456,0.7921818457078914,0.8678016745469834,0.4182441978753866,3,2.574738894935295,0.0016673208600571396,0.003411136226439357
922,0.9106170548750534,828,4,0.010174692012678578,0.8754893559430954,0.9269348282175521,0.8647602067291138,0.4395394072287184,3,2.568233104233694,0.0006676494391629082,0.006355549324574274
923,0.9112245652921926,823,4,0.009698375509831254,0.8730277543549614,0.9264036221283038,0.8687693150616218,0.433304370512085,3,2.5529291900712603,0.0007182816668429348,0.016942935141852522
924,0.9103484623385402,802,4,0.006611715526267073,0.9506084746009422,0.930649544663402,0.8321578136063569,0.43824404527206734,3,2.676553494145223,0.0005697449574173226,0.018230310132624487
929,0.9111392362147062,553,4,0.010212456214954209,0.87686669364631,0.9144274461391747,0.8640109985564798,0.4496078109111019,3,3.4900019273149074,0.0034117894732637035,0.010579295342226923
926,0.9102987410157913,850,4,0.010223450358622013,0.9805170496721056,0.9327096075885501,0.8723885424082131,0.701509932395315,3,2.669812697751948,0.0013494217195598136,0.010292762647407768
925,0.9106333547074378,851,4,0.009708293282903548,0.910416698788732,0.9378755501826167,0.8625480703347761,0.6976555357902715,3,2.3758939981032827,0.001532930740413139,0.003287527829526724
932,0.9087877050785919,852,4,0.010681153158617507,0.9062015015801443,0.5616114505556158,0.2857961789715846,0.45272084876832547,3,3.467258326172318,0.0037204482026551074,0.00010152351998788752
927,0.9103549042166866,805,4,0.00666552137812811,0.8798780386077608,0.820507284919356,0.8611631277947569,0.4525121844479124,3,2.6859638896593947,0.0043545521193509434,0.017061378505486648
931,0.9085753087345854,802,4,0.006667235641590006,0.9135808598214511,0.9171468935878264,0.2843712538695894,0.4503415614475146,3,3.394623807367104,0.003699738079179909,0.010099854904839419
928,0.9100519846689048,845,4,0.006433676546729258,0.8764348542537614,0.8173706572415156,0.863394669382387,0.448199584978391,3,2.6610086161478983,0.0014465987305008511,0.01275964011013633
930,0.9106092005910638,850,4,0.010204310011762608,0.8698070393671715,0.8608651348185709,0.8742118436206815,0.452150888191751,3,3.4131480867140516,0.004162080484473115,0.018396804627141262
935,0.9094119915019692,812,4,0.00952935333187715,0.9045063156452825,0.5710844120407536,0.8784469759739708,0.4466532813810851,3,2.526590138439064,0.000532881098544686,0.019289940410390633
934,0.9094908101334905,795,4,0.009603103743144924,0.9117983333709015,0.8208306586486663,0.8805072138057828,0.696172140906379,10,2.486234213029088,0.0007395171375678171,0.01744342621918628
937,0.9103009252276909,802,4,0.007393481144377482,0.9093082499913355,0.5680550896008912,0.8881158330412481,0.4503683861673463,3,2.5145849828450144,0.0007023015692363615,0.015751504810198474
936,0.9113254452772857,789,4,0.009448305060303077,0.9053866873352288,0.8587784361325451,0.8971021805279168,0.4508971021203205,3,2.5431447305681556,0.0007767418094886881,0.015108167940089776
933,0.910395187810144,802,4,0.00638466469799597,0.9037383204458342,0.9169433084969344,0.9014255839644829,0.6970923697074367,3,2.4877267546552084,0.000798733600965813,0.012274908264680546
939,0.9107135287316492,808,4,0.009448877839633095,0.9062454383507127,0.8207654273519212,0.842835040714617,0.43458515908244766,3,2.5265480882793634,0.000843476370801105,0.018913961301807596
942,0.9106755836656921,793,4,0.009366786941918108,0.9100350957133261,0.6184204760967821,0.8904980528819721,0.428637642985203,3,2.0752199933890747,0.000806377071420468,0.013407353014634532
938,0.9105934170697928,808,4,0.00653215491016844,0.9034438753621332,0.8212478446438549,0.8981042452185894,0.4514129950858491,3,2.5731225566519784,0.0007791661821895471,0.012393477761426996
941,0.9093627310735488,799,4,0.009218890665602351,0.5391086765834538,0.794854109847225,0.888705993096453,0.49239715044422894,3,2.573485262516184,0.0007962131753015753,0.014223809669786112
940,0.9107687950016219,787,4,0.007605596409936246,0.9083224194147635,0.8183044187941125,0.8741476925004529,0.41044759563635996,3,2.502059401841685,0.000817187869880916,0.02744802585496149
944,0.9109279761048297,795,4,0.009192610029530698,0.9326033282218993,0.7905456609787747,0.9091408809303722,0.4123923673374425,3,2.737873174269334,0.0007810813464693666,0.013917766750495894
943,0.9108901693147731,791,4,0.007422047282348488,0.9317703886630172,0.8945734205062769,0.8896493532238675,0.42756458349687865,3,2.487458666065448,0.0013165269287584525,0.013407643846738983
945,0.9112217506668563,800,4,0.0075153959755550085,0.9315035763376732,0.7947954091538756,0.9038579332641612,0.4961453280125585,3,2.753114693990119,0.0008133774825124899,0.012623945408401838
950,0.9095487475837066,588,4,0.007537900500971635,0.9316867136201351,0.8597263671603397,0.9095315243113627,0.427686590762023,3,2.2878636963915078,0.0005110444249912674,0.01433103509776603
946,0.9111162805908254,800,4,0.009261243056727332,0.9317004574528402,0.8645128453356883,0.9212950367594568,0.4289289698717382,3,2.306431756746932,0.0004505257089337226,0.02330207006116263
947,0.9106441069319844,803,4,0.00909432765618608,0.9338237997192093,0.8584551320608366,0.8992743554166808,0.42630232888687936,3,2.427168859702258,0.0007745022752285245,0.03371044266803832
948,0.910667210942098,792,4,0.0077023221145624925,0.9351469525153887,0.860367996558093,0.9118552486940761,0.4080633877420068,3,2.079516118245669,0.0005174919455034798,0.0254619809532388
949,0.9107540389333852,819,4,0.00898281283701467,0.932587314328452,0.8650147907671064,0.9078142150534969,0.42745090656449847,3,2.255249999902289,0.0005367039718028952,0.02946086056887021
951,0.9110335168771704,824,4,0.007471922150603294,0.9247025931293666,0.8943823494004504,0.9046636055466062,0.4119009064368051,3,2.3611306113766326,0.0005269482922705449,0.014898806388414768
952,0.9112588317174843,1000,4,0.008079087956880263,0.9356554286696304,0.8583807113233878,0.9127175164175395,0.43035258167132934,3,2.420670689141166,0.0005298552003637868,0.02604356298884405
959,0.906354853649821,822,4,0.22306325482162553,0.9780411213355394,0.8404057849408363,0.9258709234591721,0.47262163773705934,3,2.410426165058445,0.0005358598954401702,0.015665567498038845
955,0.9101643972745828,818,4,0.00804156801927145,0.9306648973225999,0.8647127940024876,0.9219620254370947,0.22504695480539794,3,2.3829222530059524,0.0006011692374183641,0.016543346224341806
953,0.9106323665554703,821,4,0.007856660113462777,0.9324789000693572,0.862801124609154,0.7562682098063467,0.427230739050788,3,2.4686676421871367,0.0004760257639432986,0.021459006489314515
954,0.91110410501391,825,4,0.008049484548736064,0.9765554448461263,0.8620282705990112,0.9129951853108901,0.43215550913266937,3,2.314416890743136,0.0006023117287749689,0.03118713946171424
956,0.9112013677044905,816,4,0.008689613135571194,0.9329688346777186,0.8561093060676105,0.9211121458807199,0.4066332687272696,3,2.232034286648079,0.0006306999724199327,0.02393422903695703
964,0.9010647178952702,845,4,0.29444238597184624,0.9195025760547726,0.8729927340453628,0.9308029228682616,0.4374521711853276,3,2.405651640062698,0.0004126336823512605,0.041925653841917286
957,0.9108859001698779,823,4,0.008310074989190402,0.9778859775036993,0.8467657946545838,0.913531091125249,0.5930306303295773,3,2.671335668382557,0.0006464159456440144,0.02143293842515059
961,0.9113591192218917,775,4,0.008072860892185063,0.9775368484644961,0.8429946101723289,0.9316661399932709,0.4636352919842804,3,2.7255843137776727,0.000614794300098123,0.01948493099581169
958,0.9097882687334276,821,4,0.00788678942295007,0.9797638019408402,0.84019259008131,0.8962525597661636,0.7981666420885558,3,2.756909626632017,0.0005804668287223916,0.020732770876554663
963,0.9112122001275391,844,4,0.00840004831915993,0.9197563785988591,0.8488688155158717,0.9182760271107617,0.41125191739819955,3,2.5056226032255897,0.0004460617936787035,0.016264898278496327
962,0.9105196285947326,852,4,0.008242599641142422,0.8963001712064944,0.8449833139625353,0.9314309467157242,0.4007325583385055,3,2.16726635124626,0.0005323102102585946,0.02020394569739402
960,0.9091048442388499,820,7,0.00848071982806237,0.9779155567249269,0.8314927803233351,0.9337894555660511,0.46588101117279734,3,2.757729034498833,0.0010187744304812965,0.01913897803294189
965,0.9109212223267278,848,4,0.008371375650404668,0.9167776954906712,0.8456259451110869,0.9263809695281692,0.43932610679584877,3,2.2886538258926477,0.0006619594324902966,0.021004012006570993
974,0.9051664790148418,780,4,0.14878163019946924,0.9154988541440966,0.87693018220371,0.9427232951677961,0.4012768568203311,1,2.3105724180881726,0.00041836419977706827,0.027061327196964063
967,0.9110568133636885,843,4,0.008333643362594808,0.8963143634568659,0.8516640641538079,0.9322894569386088,0.40203785970379907,3,2.018817818020776,0.00044133555580299597,0.043646007039376614
966,0.9106757314437847,771,4,0.008392177539449512,0.8976926976480051,0.8811890696313592,0.9243334842591602,0.5934786797515285,3,2.274820088386624,0.000400096349821196,0.020375829312707386
968,0.9108802174788766,777,4,0.008427491578343733,0.9162552571906406,0.8520952913507223,0.9266011343861777,0.40758306173110637,3,2.2683603923892814,0.0007107360118849095,0.019369053330708496
969,0.9106279329086243,785,4,0.008245029538008283,0.8986993171653266,0.8484554955632221,0.9344155879697483,0.3823844417960584,3,2.0957107457229904,0.000615649002101968,0.024901379520788185
970,0.9102740058973797,759,4,0.00720617927720442,0.8979845112119763,0.8492501259112697,0.9422106660384365,0.4036943995185628,3,2.252026181034845,0.000462284725286168,0.03753485727966962
971,0.9101532277897737,773,4,0.006854238003702059,0.9175106945146865,0.8442678945629526,0.9214788806729294,0.4044539120573208,3,2.215533293169546,0.00042454726766016064,0.02454380492627604
972,0.9104024941597245,781,4,0.006912513471926179,0.9047746942057637,0.845092327503296,0.9306226761430515,0.4054352063245235,3,2.0253771933301907,0.00043255482921536036,0.027731711171741356
973,0.9100752322001288,768,4,0.0070791481507706975,0.897007207557623,0.8497431080873522,0.9314114818492097,0.3959669715909361,3,2.217181590488864,0.0004648913261434296,0.02675630729773725
976,0.9100567971111391,771,4,0.006994944317994393,0.8984486836842537,0.8480458963312424,0.9258643931114038,0.3886943343199787,3,2.1535240441127486,0.00043963303098547366,0.034764775135423275
977,0.910366661012989,774,4,0.007326903884251977,0.8956918308798061,0.8513853820584637,0.9030343033016667,0.3950763854956662,3,2.24871397797062,0.0004374321108410076,0.02666177964959452
978,0.9108150715136503,766,4,0.008194508078817574,0.916654913479513,0.8477826249991046,0.9172717132831665,0.3758332845218738,3,1.938611201881343,0.0004494008426626849,0.023235307633488612
975,0.909967202081494,771,4,0.007765800003986843,0.899938126924918,0.8538717624176408,0.9193620668071797,0.4003475786857184,1,2.125559621359483,0.00043250900501953397,0.02711518941063717
980,0.9102417168402684,757,4,0.006939523265170137,0.9197196538974156,0.8563745256296813,0.9065488165548667,0.3854181806260349,5,2.2015975336599265,0.00038777732618758265,0.02582927964990959
979,0.9093006660230921,758,4,0.005795853187079877,0.9169277073650627,0.8503693460261493,0.9091703635977993,0.39129867539801966,3,2.340515086078188,0.00046476100307554427,0.023138535507331238
987,0.9051621413781457,417,4,0.17498164655810636,0.9298693001617873,0.8805916117325092,0.897558980853754,0.4135878015456502,5,2.4090696752694263,0.00032970008321170943,0.017865094794222915
981,0.9104179235152893,838,4,0.006895922296607209,0.9153983938436301,0.8600683601974349,0.9083356913298825,0.417223542271957,5,2.1259810467758915,0.00043543698054694045,0.027500450170771622
982,0.9092570443475367,811,4,0.005553940357833451,0.9217977275405516,0.8337229816091576,0.9056010237136561,0.41451168772998914,1,1.778385233689785,0.00045648440646899215,0.03746231565133025
983,0.9100866793770015,836,4,0.0074045371188693095,0.9321479455804889,0.8744621857077952,0.9077769022526072,0.3901644401099925,1,2.1303240411845907,0.000491617266416038,0.015043857112347892
984,0.9104607813666299,827,4,0.007604067858041979,0.9186010582624831,0.8808607958413645,0.9089899572799883,0.38942151998703883,1,2.3941690893205427,0.00036283883198171473,0.027261471505286256
985,0.9100050366179518,839,4,0.007730434779903525,0.9222075464419572,0.8759445830852666,0.9071779415212002,0.3718371057563642,1,2.539149792268905,0.0006664020848282292,0.031223414787224332
986,0.910192321404702,838,4,0.007679740893479154,0.9250779418871113,0.8749762397349953,0.8940258921909033,0.4171494686157518,1,2.3939059028720324,0.0005065529374988416,0.030657595004180645
990,0.9105890085847517,840,4,0.0074660795414842225,0.9276018407015441,0.8807603417912473,0.9055043638728334,0.4201290666395654,3,2.5479927178819417,0.0006576732261330123,0.017539460565089773
989,0.9098218709174782,839,4,0.007555778528071622,0.9360320496286523,0.8811053181655788,0.8987786110533067,0.4260332312761614,1,2.6231188790677558,0.0005501652989501393,0.09323844626786361
988,0.9106481681689151,838,4,0.007416321356723083,0.9266846944407826,0.8791383886649455,0.9124257873127702,0.4206330280850604,1,2.3451830567343577,0.0006977919624650804,0.01774609738460359
992,0.9101021423323179,839,4,0.009145617570381244,0.9537327828972357,0.8303713863797861,0.9596383373268996,0.4191765995232315,1,2.4166401642979434,0.0006924854753537596,0.018927799360871314
993,0.909686004925085,840,3,0.007503293014159858,0.9565814038878641,0.8755957204907454,0.9524587237336232,0.42608641033998973,3,2.4119527005605494,0.000635864881384957,0.03091542017737239
994,0.9107411317636908,850,4,0.007475058088407297,0.9499061673236788,0.8759544346308851,0.8906727660222679,0.4191114259327136,3,2.413573914291038,0.000666306982232418,0.018258477062927714
995,0.910561903391562,846,4,0.007701556110382184,0.9432097476754747,0.8700835274199774,0.891718797165653,0.4216523775643059,3,2.454361994992754,0.0006501444676287028,0.015634059281499395
997,0.910463579268108,805,3,0.009161774611053289,0.9535081727519278,0.8684707132403908,0.8901013887786862,0.42224273244530053,3,2.476747169060393,0.0006237291880077694,0.018970921639494577
999,0.9105269886126945,792,3,0.009061687630209947,0.9536929379942757,0.8318333601954258,0.9561730911653117,0.43664901323856475,3,2.4637842648358794,0.0006796486564533152,0.05465424611986593
996,0.9111538177466771,848,4,0.008851204152192515,0.9364026456272116,0.8320818455534806,0.9487214268753745,0.42106482796324113,3,2.456056937196788,0.0007233642210113303,0.01765535499394032
998,0.9108584947834334,805,4,0.008745254688657342,0.9535482484598095,0.8303500069900102,0.8868486187880598,0.44043489960601245,3,2.4366529824188135,0.0006423725927940631,0.01686824283660047
991,0.9079351036307557,839,8,0.007672360184898861,0.9495713459815466,0.8755209100344258,0.9508242915675245,0.4179423188045417,1,2.434021019687642,0.0005974012632731865,0.017786953940161287
