trial,score,n_estimators,max_depth,learning_rate,subsample,colsample_bytree,colsample_bylevel,colsample_bynode,min_child_weight,gamma,reg_alpha,reg_lambda
2,0.8824144393730948,303,3,0.18593323236987133,0.5148101493366545,0.2122611906340729,0.8692850585668128,0.9017178543024058,1,0.0793009362993502,0.0036323592457507587,0.000128043059295069
8,0.9079004591702509,616,3,0.025504368060014337,0.9358116391684577,0.417970198913433,0.5665497201912716,0.9420188739637044,10,3.452662517270097,0.008632524845505364,0.0001523413076095094
4,0.9015592401779564,598,8,0.017703060095261063,0.8384251244456588,0.5111767904998766,0.5234708109986004,0.3268271654076063,8,2.369636993603362,7.065498940691068,0.024738280620361302
7,0.8984833871121936,775,10,0.013108108169158134,0.3446485110861013,0.21608695462985691,0.3103444595087546,0.593914435015644,4,4.737588902384376,0.0002774487161932885,0.013878414084028925
0,0.9073075064915935,932,6,0.037903153148230624,0.884708342519779,0.4712896782602191,0.955477726504857,0.2422191968818532,5,4.173784370003993,0.002953041150317923,0.07750143882718438
9,0.9026808033034668,346,10,0.011518971263248032,0.4117385261756595,0.5876210848444264,0.8490567067393258,0.5152190598869825,9,3.2447511300034493,0.0029373064970911623,0.014155724581440337
6,0.9066060276038531,778,5,0.03679041257899982,0.8258883678196257,0.5672132540823439,0.9536356786925548,0.4872611775890596,1,4.395110587831046,0.012414655563242491,0.006829746941273421
1,0.9000799228622682,657,4,0.005334503742443889,0.5129033500320869,0.5287430252651116,0.34144695238376044,0.550390529855746,9,0.1167605692031759,0.003942086822526925,0.0023639667347655456
10,0.9033055105599306,786,4,0.02992826502933594,0.5958491512682523,0.267744458224306,0.2049630408393971,0.7116616070552935,1,3.3429199452052467,0.012379991648760694,0.01342240881229507
15,0.8950597424106219,233,6,0.14033718456653088,0.46867156901520635,0.7372598846943984,0.6592128082954112,0.36381598446003205,4,4.004706042552953,8.890854717050226,0.08429578497381042
3,0.9072163211750681,243,6,0.023759825513222428,0.879929999806746,0.881798068668187,0.8657238347252143,0.8892235011130507,6,0.40441121897735577,0.2876872294432161,0.07467994026611552
13,0.8784854700687331,531,6,0.2706041383672623,0.5167027219602524,0.7498584017051546,0.43228411702768543,0.3904435764506235,8,3.399419428195505,0.09722997930833417,0.0003260764909331192
5,0.9002183632645797,770,6,0.041634727390287674,0.7598060562331218,0.5522928125522957,0.46944268593964084,0.42491311771992396,1,0.1837672621204467,0.06388927952932522,0.003793941633448498
17,0.9050838013530391,586,5,0.018328427648908064,0.6933671152114624,0.7863906172412337,0.34863101495213256,0.4784823842696373,6,2.1662276660532025,0.01291960743845974,0.8374721029285225
21,0.9041930962666631,946,8,0.07451399794606117,0.9996255029280912,0.3826971483610507,0.6703319837278297,0.22071927641498024,6,2.003912715400159,0.00010922260811123336,2.7996556150589895
18,0.8879360255714481,890,6,0.010589213652399633,0.30612741642322716,0.8453797787441129,0.3819250298953904,0.44458721307011856,2,3.397635821378469,8.003646788668586,0.24537450908977362
16,0.9011127076905543,813,5,0.07045788245498244,0.9328578378085877,0.8534652974157413,0.4219678138732407,0.9701204207337436,8,0.7956433186109413,0.0011102818317257894,0.00020459138495589513
12,0.892150085270392,642,5,0.051301241243915566,0.536211401163659,0.711445914269114,0.7045519395332018,0.7753762453631339,6,0.13641054719827794,0.0002108612600764218,0.05155825049675846
19,0.8887505494547596,485,7,0.08950351922994026,0.24677651581930082,0.9855277152745755,0.6454600672924642,0.9552665265467838,7,1.4801233828176465,0.2746685035206907,6.263229493997913
20,0.9069383186556645,991,8,0.06358731008163422,0.9870468108921111,0.38956685034990896,0.6299151399174153,0.9926562031495212,6,2.1536059994879273,0.00015558881175662203,6.186694949415293
11,0.9014270101043727,565,7,0.049773631439092386,0.7054069826766792,0.7881204502261099,0.7767267686996234,0.8274590396200363,2,1.0616071993951208,1.3275663494725731,1.3733566951312468
25,0.9055059658107174,407,8,0.05737504890690474,0.995159053878744,0.40578013597050633,0.6800404268257106,0.9870968507428167,10,4.983936335809163,0.0005857782145585563,8.361118500714982
30,0.9031963648839358,170,3,0.022550818206613886,0.8842922176899752,0.4284513750080613,0.9580248582209788,0.6505208117093639,10,3.9564277974692956,0.6966350893103653,0.19455437071667253
27,0.9046406045911917,468,8,0.09602230141995746,0.9903182359124473,0.3927032907755832,0.5674804398214155,0.6693287549647894,10,3.961943574782012,0.0008496514683884529,0.0005874940665971259
26,0.889478652496714,451,8,0.0637522874080137,0.20940250561848978,0.4014403826522981,0.6650007595594266,0.6874212644129029,10,2.6738681839376532,0.0006534826551219548,0.001032117033573349
22,0.9026159882425804,998,8,0.06528926870411654,0.9755513510338348,0.3784308176935873,0.6289731505360205,0.23472042723550868,6,1.9866094865797932,0.0004142054376858923,2.022844862214516
23,0.904525007610876,987,8,0.06973263715296969,0.9965836686985549,0.3867927145975416,0.6807093577648855,0.2156511013943524,10,2.421965661953274,0.00020729720775744667,9.25443979881807
31,0.9012911196343325,121,3,0.025308793781801404,0.847161471520772,0.6479221108515162,0.9867121239542738,0.651281574075679,5,3.993583756034395,0.6932196976910665,0.0008401683575562333
24,0.9068363827109606,930,8,0.07258583462701587,0.9688531912409166,0.3877748409817353,0.6854125395410923,0.7499205699240393,10,3.9917325581873926,0.0007765551942125826,0.0006239255238202624
29,0.9014732162241617,423,3,0.0071029652926201,0.7032555110118639,0.4104694998975912,0.9817394342715885,0.6888008660410478,10,3.9857960445454497,0.0009211315509530344,0.0006853447537172164
32,0.9059240176436096,116,4,0.02664252583363352,0.9006683853024975,0.6525698691131436,0.8650224206631457,0.8523042861902086,4,2.783287933055643,0.039073167410415215,0.0017309425978234239
35,0.9035113781377454,103,4,0.028108643214495577,0.8882989115601599,0.29287918716882344,0.8862170958105035,0.8415061529099933,4,2.7941649241617155,0.03645528204030157,0.4236780580875082
33,0.9056684155159942,113,4,0.026892729819731058,0.8841863011398624,0.9946911505085579,0.863650412974281,0.8612510225936664,5,2.700820843482859,0.071851747743207,0.0010343518365272142
34,0.903787420164862,107,4,0.025943208192487542,0.8890495579407851,0.998854893776413,0.9897645073484245,0.8618713171096926,5,3.0002304271380593,0.030381770264236146,0.49545646493438467
36,0.9049389009804072,110,4,0.02694659427907394,0.8934662960771537,0.6366516433678979,0.8849456649126536,0.8735163068510029,4,2.869301156632451,0.03685221850796159,0.44604626344072346
14,0.9043406992147813,782,8,0.013423204106453078,0.8487322126187734,0.7577659521594772,0.4644647309846329,0.757704262404857,6,1.0992616358372664,0.030969783494121397,0.00013897734243957556
28,0.905107336610642,964,3,0.00741542804130857,0.6823124106306814,0.3835491624513298,0.9938505908785544,0.6567486275891916,10,4.959241241201915,0.000703746451121901,0.0010021694873379899
39,0.9076042777409583,717,4,0.030952581836419496,0.8995430542170515,0.9766007714468394,0.8498541208639097,0.8785214874100582,4,2.8987387177251165,0.034671162928510524,0.3775490748197929
42,0.9027223152643093,695,9,0.036574690457479846,0.7680477382535527,0.514185166968867,0.5880393228055418,0.9140903174645073,7,1.5727679866669044,0.0028348744240055033,0.07782272975994481
40,0.902985384138509,862,7,0.03543553028589977,0.7672521007400295,0.4954151992017972,0.7669176484161417,0.9129222791006694,5,1.5479638762423589,0.007708501928881273,0.4570404971967689
38,0.9070069107239096,678,4,0.006050388432041626,0.7749839971616066,0.4830660219126072,0.8880092006757219,0.8685971914409648,4,3.0013610249286833,0.03283663547043404,0.44502089687483637
41,0.901620583517914,700,9,0.03470346230892622,0.7649536937933583,0.47424262334049816,0.7521428046079687,0.9046031532832911,5,1.078201768836317,0.0030973923100566705,0.08712682421369321
43,0.8995462858317784,689,9,0.03876508150175189,0.7753323626214761,0.49419827781958714,0.7818728221850412,0.9200792959429748,7,0.5499872582322181,0.0022697454793629956,0.07171086082307775
47,0.9071605901338724,690,7,0.03823664092014642,0.7908997581267891,0.5014565524031187,0.7870793049882228,0.9241065777624526,3,4.4776187593125325,0.0025461300318955224,0.0638738749918349
37,0.9070463482421764,684,4,0.007513463169653352,0.760755634741882,0.9684767354309163,0.8764717190032651,0.8785761664992368,4,2.8501543960971976,0.039610378765655,0.45498732532201847
44,0.904056958055469,856,9,0.017583513927551538,0.7780667491650219,0.49001683057310264,0.7717828466482046,0.9164581983579243,7,1.612134787546879,0.0023841776860195527,0.07291845154291017
45,0.8970692062595396,875,9,0.03722292014432477,0.7832124836289108,0.476172721383971,0.7775232235275663,0.921551657669429,7,0.4899327891743299,0.00207604597370347,0.04423681663725658
46,0.8986944629555594,714,9,0.04035376409760418,0.7725370159773911,0.4873511938085998,0.7713367545277507,0.9307968054834289,7,0.5915981377132051,0.003114539258732917,0.059080424648494466
49,0.9076478759270946,690,5,0.01833262352532873,0.7997593401272615,0.904576196933372,0.8047317619836484,0.5560113176818157,3,4.466380052926422,0.1449438571301567,0.03089219480636732
56,0.9049570890124009,343,6,0.04618023522890133,0.9341089158570495,0.9173055220952412,0.8258661006303772,0.8035510828771787,3,4.45500733276266,0.005835305186460659,0.027338960525590785
50,0.9066890464323631,707,5,0.018598481465817437,0.8083575075170417,0.9272338357026743,0.8052941768759957,0.8030465743141852,3,3.65651365212916,0.007156517777710135,0.14060700037073748
48,0.9068814503921105,686,7,0.018509782091116134,0.8082531700901167,0.9018110545041063,0.7960754366131411,0.9253603997011981,3,3.6298604833002357,0.006558149488307841,0.004990430671533339
51,0.906658095055856,719,5,0.01983997740843897,0.8069074038147758,0.9339614867885342,0.9192223793976976,0.807731610822403,3,3.6655925085408683,0.16109322080946176,0.030993242388020405
52,0.906798854221108,639,5,0.018800498937908004,0.8176243370431845,0.9204712762629746,0.8317630994683693,0.7976967032926244,3,3.6565533072444714,0.17698329933805482,0.033614138020209586
55,0.9071358585122674,635,6,0.020832317290156988,0.8116061839817262,0.9401481961371166,0.8246318624643023,0.8067297620442722,3,4.471308144743066,0.007070117409795859,0.02318435796073352
54,0.9070698844119898,629,6,0.0193426512888744,0.8297071993367552,0.9072846177102367,0.8175610866962644,0.788287566977768,3,4.463841709092285,0.006302217328320692,0.03062391752603663
59,0.9070269795057936,643,5,0.019521360021048078,0.8144971120897465,0.9118010681420677,0.2873146748417271,0.3000195223408599,3,3.6804100947395892,0.16573926469757463,0.0204838518769138
53,0.9070312170273933,637,7,0.019923018200288755,0.8092889781902677,0.931978535343069,0.9109775568754379,0.7973506124416748,3,4.4348597639164264,0.0062174497255394826,0.036138941343876164
57,0.906560918493145,621,6,0.0197574266218542,0.9372617117348863,0.9277379257496273,0.9295736033309142,0.7828278193884226,3,4.432162623254746,0.005298411243064556,0.005458868488484989
58,0.9076527964662671,625,5,0.02010639489180436,0.8222659137754031,0.9419519115304111,0.9216334215230089,0.5695613623264061,3,3.582155180280429,0.1415087025549582,0.007412644482693984
61,0.9069107017124136,645,6,0.01484873576984122,0.9339577389652984,0.28716219679496974,0.9216112623848094,0.522929949505094,2,4.418099298390669,0.15073419465260857,0.011478890136388845
63,0.9066604487108461,544,6,0.014617907866052408,0.9363181534060261,0.8528733091302411,0.7307360534560507,0.32786773282466464,2,4.384727018979639,0.019072990981098676,0.011424055632421791
62,0.9080308672555006,627,6,0.014682030488317836,0.9297895906780302,0.856975943717426,0.717184446262536,0.2833368596809772,2,4.3908752183819395,0.014254307980758829,0.02034632258060405
60,0.9064784437221494,635,7,0.015448793288757296,0.8243752366170984,0.8760942004302406,0.9336472950469189,0.5347581840004632,3,4.439097830977333,0.14938008477525694,0.008589516420023537
70,0.9065070374147371,559,7,0.03162277002601696,0.6516252207040079,0.8553083906115962,0.5159860174391988,0.5942532666963676,2,4.651684130181189,0.01690025558089109,0.12350312387286588
64,0.9064927802495978,546,6,0.01483542821774687,0.9402068931882579,0.8701142508228643,0.9286179538895902,0.5732042380631619,2,4.6910458814325136,0.0188859613659534,0.010996899588377683
65,0.9073323354156463,542,7,0.01210627449582648,0.6480321779037097,0.8760111686894543,0.7335607700946293,0.5650368799283042,2,4.789096744056052,0.018325801797197852,0.009134741182618459
69,0.9077129652592557,547,5,0.015138530354092145,0.6153580639405221,0.8613268132437621,0.7116950299217987,0.5436921732255476,2,4.21779376196333,0.015351797156471364,0.009365596520079619
66,0.9073778260583738,755,7,0.012975471900871846,0.9374773091982214,0.8535326283954577,0.7205901653715477,0.572531649265239,2,4.269357994074541,0.014764129878378081,0.007043689851087
67,0.9069723919964116,552,7,0.012480509023443723,0.9359511580303588,0.8358374024290092,0.9257682533158816,0.5291204289953988,2,4.184488671638386,0.020970306071343023,0.013802428948176265
68,0.9066154763556877,545,7,0.013960346172147352,0.6356633012821281,0.8630810205493312,0.7210867829510196,0.5663929311572178,2,4.219059831948212,0.014095545415581319,0.010134536898291743
73,0.9065646546790862,743,5,0.009554117704624622,0.8602186945900113,0.8136595133496975,0.5295799581843074,0.27497875773834907,1,4.2089259191311355,0.3802430405257824,0.13272268800856307
72,0.9071640899812901,505,5,0.012170591135440037,0.7261121541017865,0.8757160793645147,0.5176592457491305,0.5821179539946584,1,4.706105834269299,0.3419749936182811,0.002677129534414592
74,0.9075566396028018,746,5,0.01012822518075058,0.7337950999841014,0.7883687768909142,0.7222340615261724,0.259645887512174,1,4.131175874979252,0.44803113774170716,0.24546690203751217
76,0.9062926217408697,507,5,0.009916821184827366,0.7348133642094994,0.8176190852135357,0.7231851528808679,0.27364373657030294,1,4.249258991544465,0.0657331228368048,0.0037283564249215445
71,0.9082207489533601,826,5,0.011613949001310075,0.8627637683367062,0.818279746392127,0.7317137439349654,0.6164126984425908,1,4.205349210560778,0.37775955935328565,0.11975739537946645
75,0.9069673822126504,757,5,0.01176396655035311,0.7362088777577678,0.8034307271323496,0.9591783112939567,0.24259124291005135,1,4.115606514709752,0.39156040096247474,0.018540368420339095
77,0.9067079513857511,597,5,0.01145092955259299,0.5790678026162472,0.7894218611246742,0.7390926612889249,0.4549241855125522,1,4.174058503314041,0.06858238831365766,0.0027964358088126105
82,0.905594587435797,594,3,0.01663866025082764,0.5569781412097194,0.7946372474450782,0.7034383785376339,0.4771428717282713,9,3.1810032258647674,0.06864550426847915,0.0022041936483786313
78,0.9068525135563595,591,5,0.00941085902817827,0.7305058500300126,0.8172287916816781,0.7052883265094918,0.4834122002877512,1,4.252840405767501,0.0702532367739407,0.002137607516261481
79,0.9069898101988046,746,5,0.00984173072655555,0.8599941044783845,0.8260049029965679,0.7105492672717296,0.4760715122687269,1,4.221825125099089,0.08490305926856341,0.0028495421889154623
86,0.9030642638121128,593,4,0.023350525960765693,0.5460731314248083,0.7076254319474871,0.5987066886376987,0.6162988427406061,9,3.8249560014455986,4.4720859404807705,0.2631324625688586
81,0.9062406569125422,503,5,0.009664745076527429,0.5837871353246534,0.9646439182192146,0.7040212637394594,0.4822343864864718,1,4.8428988543892135,0.07462125094581036,0.002703197905076367
80,0.9065013189954932,499,5,0.010183351328498246,0.5680924585301727,0.8114720510620254,0.7402575161031277,0.6185915320077455,1,3.846482076283675,0.06445569603573498,0.003135911631948441
84,0.9045878207499172,592,3,0.008529766942102095,0.56910087986301,0.9624144188263903,0.6976700381927172,0.4527294541506872,1,3.8432095080451516,1.593170387749798,0.01841854400895871
83,0.9038895631813375,826,3,0.009940851242846403,0.5843985355617608,0.7844738327203105,0.7089211254031026,0.49427581231328815,1,3.275272965908552,3.639533491958903,0.00010864655448141243
85,0.9044671300624791,818,3,0.008893270720434766,0.5975945952674302,0.9622241789652519,0.5936908215481244,0.615123489985525,1,3.817485608840259,3.3324836398100883,0.24454418583964654
89,0.9072412508983753,804,4,0.022298766713116636,0.8544605821221171,0.9649606481325538,0.6084187010246069,0.3692177218973658,1,3.8098465788669786,0.7531433365926923,0.9917927262435055
87,0.905046708975798,806,3,0.008828276133609227,0.8595856307330719,0.7213559050825097,0.6945959609496328,0.6201575073373657,1,3.8469307402459725,3.34808902338105,0.2278404108013453
93,0.9083273772325894,812,4,0.022109826030867273,0.9054494208558875,0.9594057323015441,0.6406346067242299,0.35323929929844905,2,3.413231193726774,0.010634823883772345,0.8632839434846533
98,0.9065443118539802,665,4,0.029546158844870045,0.9077309031378876,0.3391512489298172,0.6525125745496763,0.3988015533126822,2,3.508290698088585,0.23401414947565372,0.0003743450080054743
92,0.9071863687450186,812,4,0.008660725300689813,0.913581736409085,0.7609164438623454,0.6501125228455188,0.4000734599075165,2,3.4295185024066748,0.7522459676725279,0.7567453678725267
97,0.9062010438697815,663,4,0.03090675828895258,0.9066672279580601,0.35322569390330366,0.6540913311392851,0.7506826747302653,2,3.456056377295023,0.00980052115803881,0.6681029135630067
95,0.9073265751107392,799,4,0.01663194309959301,0.9080429844530351,0.7606862113413876,0.6381313973878776,0.7264120839872426,2,3.440952695679125,1.1023485447250299,0.8607325667355318
88,0.9068521557418114,795,4,0.008963995078024044,0.8654228733399867,0.9644153417817275,0.6027597010020066,0.7399163727969021,1,3.551355064779725,2.4343646652922666,0.30361395056931634
94,0.9077752998678997,817,4,0.008360909406143001,0.9115093677863186,0.7570484946960371,0.6499616686847589,0.39535010738343945,2,3.4557802663350867,0.6420539233363163,1.067020354739144
90,0.9076228247277628,796,4,0.008879358626307024,0.9689131292178795,0.9658543239227141,0.6145543112467903,0.6256743072764852,2,3.490957632019642,1.3958633193612553,0.24474795357061188
91,0.9070617295546576,792,4,0.008820141896648056,0.9633678337181146,0.9510829472375336,0.6413142905064525,0.6151268769923158,2,3.833217531196455,0.00964663335597507,1.0323940874542765
96,0.9083060052060459,785,4,0.016793118002835086,0.9109656267079989,0.8945643041751176,0.899950022939758,0.37464967527701004,2,3.1620012925604732,0.5584344240617616,0.9490008249737115
99,0.9080513530695942,907,4,0.02369209382084502,0.9570467748567569,0.5554374987181838,0.6417108712289528,0.4063544296628331,2,3.512694649695657,0.010177126198663714,2.3022959530871083
103,0.9000795846602447,842,5,0.022255397104447405,0.48850928107998937,0.2047093767845281,0.5563735751647474,0.30475916470767334,2,3.1352392923769274,0.025912729742841055,2.9025481245428177
105,0.8916894386828558,836,5,0.006224647442952146,0.4982133507172487,0.20273382105125604,0.565086628385898,0.33618828340308277,8,4.581798244597664,0.004425125257789996,2.0254372306218227
104,0.9006672249293249,727,5,0.01630656380027901,0.4210986717936662,0.8970458061736518,0.8466264192540452,0.3304716757333776,8,3.1170783705532537,0.010569086168092996,0.005471138179659464
100,0.9081883774172208,783,4,0.016759157811422048,0.9597691244353689,0.8879611634722103,0.8514894472715439,0.7418627851995615,2,3.460599319263822,0.00991943574169945,0.6518237209366593
106,0.9064422666720751,910,4,0.006041625807820098,0.9644856991940738,0.9452452249640182,0.5474944883522063,0.3342891013068251,8,3.079800121806947,0.011220019505962096,2.5501095224328347
107,0.9069536976876196,841,4,0.0059931500939760735,0.959614249138538,0.9836611832953072,0.572071081870219,0.4255438702600049,8,3.187097559071752,0.10817509750689412,1.2673119414742435
109,0.8972295097616856,908,3,0.0052977931669231405,0.46472365904021157,0.44126337433314694,0.5758703645325793,0.3452430391851917,2,3.1550737651400325,0.5312177596722368,2.9168378516128883
102,0.9084384023661766,731,4,0.013460791490746474,0.9619843795281768,0.8897197235825248,0.8504651835501009,0.7097211980647269,2,2.5040807667817315,0.009803568457476292,2.2306949526626516
101,0.9077364489769681,905,4,0.01627318052917516,0.9553661970999348,0.8926006120843799,0.8495026966066938,0.7224777175189269,2,2.4480643077391906,0.012645856359725781,1.8415507437824898
108,0.9056042868174522,847,4,0.0052931935563060506,0.9607461709496526,0.8958097928844587,0.5543388458844849,0.3213465436702807,2,3.1075005540720455,1.2920721195463463,1.7748151010966666
111,0.9073079399435914,933,4,0.016666218968647863,0.9577561859912168,0.8950427286759536,0.6220486053038325,0.41437251172242895,2,3.131404494560587,0.5246269624316481,3.8949592568626006
113,0.9077132518453712,774,4,0.025365294233573588,0.9638244994786562,0.5537918095319387,0.6764504076183814,0.3748943356811453,2,3.3071707393023972,0.04484114799314099,3.4587060815208885
112,0.907464115009304,888,4,0.024868593935950725,0.9756149034543946,0.5733241720556522,0.6799612516969189,0.41931886484404757,2,3.336527679101869,0.23550323608904283,1.554465483751028
110,0.9063951495581192,902,4,0.005110114029955938,0.9632443757231954,0.8922580491861792,0.5642188245190869,0.4216956421315753,8,3.0193183654338074,0.004233773182844124,1.5079678512791777
114,0.9071196356856485,905,4,0.024691605723624502,0.8739985302141885,0.44947341754842485,0.6787210801419714,0.4326109101399788,2,3.339714669775277,0.5361008953304806,1.393438035953455
115,0.9069810430962271,883,3,0.024696617832820955,0.8394509569895228,0.560795389576939,0.9029106043005751,0.366742189664178,2,3.2952468774764765,0.0018666138370948683,4.817994777246973
116,0.906302248449759,776,4,0.02483545872081843,0.8747027346117879,0.5426610629293148,0.6713626060326601,0.4188011096520701,3,3.354980218288899,0.04772258199627197,1.6845792002583455
117,0.9083806201437717,769,4,0.024724662297652272,0.9851143925357776,0.5557429142205328,0.6249542463277658,0.6948846174659568,2,2.503772858712484,0.004364333009966331,4.708029282293932
121,0.9081146756781706,772,4,0.024718596734224097,0.984215784535479,0.8386539346519555,0.6811640288604772,0.37640058031794754,2,2.257457067909951,0.0016878404285486622,6.127608218202772
118,0.9082640908083608,877,4,0.013626047802053232,0.9842102022107697,0.6084270047470606,0.6758652753880857,0.6777722909786988,2,2.254890052115794,0.004626864386268194,3.905170725346054
120,0.9071598825626351,871,4,0.01376506175024348,0.9823740052948786,0.5253403554119735,0.90209117272375,0.3670121168550363,2,2.578304760237837,0.0038149659016558815,4.219416065596138
119,0.9085077875253884,873,4,0.013202363047548795,0.9866232726754776,0.5791843595648918,0.8999785622722482,0.699765400001525,2,2.5471868293609257,0.004261666266697422,0.6103745610173917
124,0.9068940373759379,773,3,0.013246209661792317,0.9236401319489951,0.5320900185567892,0.7590625863438331,0.3785885898268431,2,2.426097403932112,0.04610373232358995,4.197169699806422
125,0.9069306272012397,778,4,0.01360035453859378,0.9178753838337848,0.6621966511951182,0.7582030867161135,0.3802269504385848,2,2.546029302045238,0.046193154510468265,6.855776937554746
122,0.907633753541049,863,4,0.010990248157559775,0.9189482902403746,0.5428177165392526,0.9014707108422311,0.3749501793944352,2,2.550201803661579,0.023508113910526495,0.5866768082485225
123,0.9074367592623112,773,4,0.010991886156962652,0.9848965747357397,0.6133511294959755,0.8954134311113059,0.6952062425123382,2,2.454181721390791,0.04480659619332427,4.9582010822522316
127,0.9077213674776543,864,4,0.011124404425900713,0.987742200682318,0.6158001834173324,0.6278698561580429,0.7096924226288387,2,2.4984617823316704,0.008142096555736394,7.727749997124627
129,0.9086005292249727,869,3,0.013665338238256657,0.9851997214686735,0.6064467666019172,0.4963682313840233,0.6833068150600587,3,2.3148684434472964,0.0016692244652852023,5.794528952456115
128,0.9074745831563138,862,3,0.011110062369177448,0.9863355819486531,0.6122348673885556,0.48049916523803393,0.6952563333738568,2,2.3968566011822574,0.0010887853297149924,7.129118473161136
126,0.9073813037846883,962,4,0.013843903297676435,0.9181506691724077,0.6096044332647426,0.8471995841352064,0.6839569597914708,2,2.627267208102256,0.008426564685450734,0.6140057013286623
131,0.9077906362540162,858,3,0.021401935037320772,0.9994430815537877,0.6211726289702915,0.6270990466994468,0.6849848947873711,2,2.2420264599015587,0.0013660037795111138,7.134678080402255
134,0.9078372952862924,729,3,0.02114489924879962,0.9989537092721954,0.6335797513999866,0.6276690753227991,0.6958016306703377,3,2.2374741679634105,0.0014673727665244168,8.736387737312825
133,0.907435843859127,972,3,0.02146389063571244,0.999925963244363,0.6019954304863973,0.6282025957936204,0.6827374248011742,3,2.1699218979098007,0.0015992305980859459,0.6122967824525503
135,0.9076023342005819,733,3,0.02828558479966863,0.9995558205037571,0.5941881395557581,0.6293892850467447,0.6650852950024555,3,2.2710372411961584,0.0017118286775174205,7.880081182090647
130,0.9071053652934575,963,4,0.02108557904082214,0.9228715285654092,0.8286196754240251,0.8499268013497566,0.6968685244123383,2,2.406847842678463,0.008086947621240199,7.890416519118895
139,0.9047251285669405,734,3,0.02113588585983476,0.9957754967229321,0.2320711354538254,0.4956648957758222,0.6438170199858215,3,2.2143288851042398,0.005453730895257228,9.393206558754157
132,0.907467720597116,824,4,0.0109667696667907,0.9985651951312413,0.6251194777465002,0.9486133203820455,0.6982945966552961,3,2.2102698212314085,0.008572815681546801,8.372672081255855
136,0.9081145038785363,951,3,0.028328488564827718,0.9502230641279991,0.6809464652889596,0.483575895159555,0.6843758260298576,3,2.2365286563305142,0.001254459337360276,2.2170708170799522
137,0.9088104301412819,969,3,0.020986816271849874,0.9999061110557849,0.5860632015264797,0.4930886672917211,0.6690053443247992,3,2.2115762933488985,0.001346217273518559,5.899704195996661
140,0.9072695699396007,926,3,0.020803411190633853,0.9448272907768114,0.6787968843810811,0.46184062344074817,0.7329783273074609,3,2.3019717714706225,0.00045931791261665363,5.672570786255458
138,0.9074171263649861,972,3,0.021395524595945827,0.9399548570817347,0.5856750918111382,0.8741590507006205,0.6596752400091482,3,2.2521940325891348,0.0016377751357703918,4.987441697125917
142,0.9080746221137813,736,3,0.02831837160564701,0.9442246132157313,0.6385247177659847,0.5041924509540094,0.7655761185694994,3,2.3027861452823846,0.00041720844255824517,9.069318341806365
141,0.9074496023492216,727,3,0.027570319949520555,0.9454252567843815,0.594661554907915,0.45241534307616493,0.7733191634546555,3,2.2738184993322124,0.0016655703603668018,2.3990382715686454
147,0.906774385468147,929,3,0.033559840123121173,0.9512780253242007,0.6508746178359641,0.4468928252961856,0.7297429702403504,4,1.963864264419287,0.00043705178517502514,2.4453214811573547
148,0.9073510295724032,922,3,0.03366246236294701,0.9412630083081804,0.5797699539634041,0.42562407633176225,0.642859574541176,3,1.9895443396107608,0.0005494468704712469,2.2556111887389405
143,0.9070432673274069,930,3,0.017765504994113637,0.9479575732522798,0.6362877143185341,0.8795383827989584,0.6396766234830638,3,1.8763668998696426,0.0030581691885521235,9.950072102465212
146,0.9074249797367653,930,3,0.01769276100377927,0.8876559959548854,0.589946702118755,0.45829009828468636,0.775240848844498,4,2.7375667155353156,0.0004579047368109306,2.3333379736564104
144,0.9071869933811225,833,3,0.017707651477482638,0.9457416584399572,0.582226856171743,0.9475105108260715,0.7383162034431858,4,2.0093282116333278,0.0003764945362802972,9.971797578388642
145,0.90753385038131,932,3,0.033397791692166584,0.9443452847139024,0.660107964599087,0.8762772053100201,0.6411664497106577,4,1.8472146696763416,0.00041131465185244965,5.912425673911351
152,0.900954638115777,945,3,0.2928289555002042,0.977888313639408,0.5809603423938139,0.3876346091356965,0.7598612339303153,4,2.003174866898787,0.0031334842624986554,3.2659305879907
150,0.9074591217213485,932,3,0.0330312025739709,0.9446625768530218,0.5727036529685763,0.4125242421365719,0.7674916516545183,4,2.088944413528006,0.003149916818504844,2.50735989375794
149,0.9076623356029534,944,3,0.017925908491108367,0.947275894161489,0.5744924973554759,0.41954626568876885,0.7622623699615977,3,2.022333117836183,0.002788275719314688,2.5128796913178864
151,0.9065262389885556,953,3,0.03228566918395529,0.8909314103188255,0.6915646574181832,0.43098875669636183,0.7754647696789976,4,2.0575323705062583,0.00039752619910164326,2.4073473768128872
153,0.9074289840365605,758,3,0.017602020520346453,0.8877242129210288,0.5807851133560853,0.40000605288769764,0.7644311573805203,3,1.9855831303905194,0.000213724388410935,3.161309822225825
160,0.9016053893606099,998,4,0.19697721916236027,0.9729204072064755,0.6922514446340223,0.5004702147684096,0.6744584334730261,2,1.7509228328697066,0.004528253970909507,0.00018768809032193267
156,0.9083986553805152,759,4,0.015028971757237242,0.9812084420062717,0.5681174754742685,0.47577676201305114,0.6701475142912324,3,2.0875679364401813,0.0002615092865405233,3.026674547869038
154,0.9067090442138674,952,4,0.01805634141634979,0.892247037915713,0.5621279768085712,0.499304372573974,0.7159694241039914,4,2.0535467512270404,0.0031130922859678514,3.2442503023206135
157,0.9081095007843185,760,4,0.01528543537679744,0.974352011608406,0.6836855654347661,0.503744280328336,0.7190691796050056,3,2.098603533447793,0.00023695566723883437,3.462670429409614
159,0.9084802142922215,709,4,0.01548456459462013,0.9752492605466397,0.5209112267226437,0.4905965517990202,0.7204281945237807,3,2.0599878474779314,0.00019816617276920273,3.3198627286742046
158,0.9079932511174273,998,4,0.015390362045188068,0.9759068560487181,0.569320354276518,0.4047186788581133,0.7127827518931661,3,2.068642321177115,0.00016895871341859693,3.292483603243981
155,0.9071219679036929,999,4,0.012444342571002524,0.8943208902298705,0.5623564557202915,0.49935963521206245,0.7658640170272011,4,1.8215806401484924,0.0009686829956888189,3.441302559101205
162,0.9077064359609415,760,4,0.015407659088542865,0.9737785824800302,0.8414142301121734,0.4774668997586359,0.7132063723625621,2,2.676851522618947,0.0010371353543508408,0.35132161966150655
163,0.9073536909463844,881,4,0.015357982939658411,0.9729578808637588,0.8822734826050915,0.5335627528509607,0.20172000862092151,2,2.683084655395434,0.0009884816108395983,1.1447870430017408
161,0.9072819205088869,994,4,0.012577801366679086,0.9733057365298792,0.847795069937618,0.4871903186776644,0.7135822734041964,2,1.7773400832283628,0.00020720153135666124,1.172499866148002
165,0.908493214887469,757,4,0.012830319150100035,0.9762939678781801,0.534449773704019,0.4852501637814839,0.7159003297086872,3,2.682762026571934,0.0008947470370588418,1.2007355670448014
166,0.9075139633573578,756,4,0.015281106267645948,0.9676980990520434,0.5473308046849353,0.5278334714161705,0.6666823621154968,3,2.3472348882290217,0.0001312233134872657,1.2360233856880907
167,0.9080159079163691,791,4,0.015322212547086805,0.9753515257504294,0.5459272943487314,0.5369375962114131,0.7133168969251116,3,2.8940347077420854,0.0009920851079377267,4.249042628631468
170,0.9076975959575455,710,4,0.014439948562691318,0.974281207252918,0.5069514297143024,0.4808525002382698,0.66426123620284,3,2.3538560772876025,0.00010430403219836528,4.396374103687027
172,0.9078081090370013,705,4,0.023427094254598393,0.9787795781247975,0.531388957762031,0.4820572452961071,0.6688111198549136,3,2.3788107620069057,0.00025442497135926137,4.7836039256359255
168,0.9082435586995867,758,4,0.015108605461700514,0.9744191469897132,0.6757850544983847,0.4772360011572301,0.7102363209718819,3,1.693332838142595,0.00011613403175087136,3.8263147288308574
169,0.9088025506954874,707,4,0.012151604015833218,0.9783664531795917,0.5209242389488759,0.5347950813393668,0.664345887657642,3,1.340861454559421,0.00011425578647772562,5.213756737384338
171,0.9077206168044732,698,4,0.012865222935626834,0.9755378720998811,0.5407932894961703,0.5265108068376885,0.6646346537940007,3,2.1253896551332194,0.00028717278582127126,5.502535712860989
173,0.9076740140251747,710,4,0.02298015923316903,0.9856084247335958,0.509328296242817,0.5122127755153151,0.6703605408261,3,2.379119622568475,0.00011078658887789146,4.412193305581717
164,0.9065381114835498,894,10,0.012492136353091704,0.9768854875955377,0.8435048084270403,0.5143695179908762,0.8252158224771404,1,2.734173532304886,0.0007482387437760144,0.35510398597216813
174,0.9084150115418949,750,4,0.014053694546078223,0.9797223226659879,0.6698993813214549,0.512879607753604,0.7454950888694657,3,2.318635754125267,0.0007353345641149176,0.8752140994924446
176,0.9081340571855,788,4,0.012511419266826319,0.9835849962403339,0.5164887730875041,0.5155919315820534,0.7467478599071076,3,2.8048566543223044,0.00026785011932896124,4.890221600605688
175,0.9078257840266357,791,4,0.012959932166092392,0.9834023680957515,0.5275361603849488,0.5176142268309136,0.7432321723480081,3,2.1486051520422005,0.0002622789982599262,4.430148128527983
178,0.9077709167727163,789,4,0.01324587173102186,0.9290764368263821,0.5181190013240625,0.5085345844812301,0.7418294541610307,3,2.1673254369278463,0.0012631197355066498,5.408499325648559
177,0.9076122335843777,744,4,0.012971515999032868,0.9267877298568341,0.725884643993192,0.5179525307961231,0.7434350214371754,3,2.152265623979242,0.0007198758738208534,5.807138508472097
181,0.908074075091583,801,4,0.01178097831440148,0.9899621364286595,0.5185093365658638,0.4430924003736628,0.6785731828739221,3,1.4530841955864926,0.00012969253383386456,0.9389437686795847
179,0.9085933969555524,791,4,0.013231289233015722,0.9885752439985954,0.7235030996235783,0.5119438262465721,0.737252576345715,3,1.444291752101324,0.0007341703005657304,0.8564119374072532
182,0.9064909813705949,780,4,0.013731037316181431,0.9255154151487074,0.7237448657485246,0.46976058549752475,0.740957246366271,3,1.3584192097815635,0.00014064839769624193,0.8946365821349064
180,0.908196782980391,812,4,0.013032078862612054,0.9838263032467728,0.7315131001747511,0.46996957847362353,0.704888742029468,3,1.1685069492678157,0.0003008832445123115,0.8474136108131898
186,0.9080035451082594,816,4,0.01355902537190542,0.9278547795784835,0.4697205619250391,0.44066904629795023,0.7482340160230486,3,2.803438439843994,0.0001541226178410533,0.857213970761292
183,0.9066304085565584,809,4,0.013502860030311236,0.9271187818224729,0.519996542336373,0.46693236998920135,0.7472728305827399,3,0.8855100893838763,0.00014864202837326675,0.8981910021506218
185,0.9072816669904,785,4,0.014055627180619177,0.9274778665643852,0.514336331275414,0.5417683241413411,0.7457617812293855,3,1.6968918665927473,0.00015589276616457872,0.8694968553142012
184,0.9073842855725891,787,4,0.01400724617128994,0.9274803356109078,0.709600113321232,0.4470773444643616,0.7422932488626068,3,1.2678084545801567,0.00017217281449054787,0.8489060444869272
189,0.9078415071139643,824,4,0.014116026312193782,0.9589699387504049,0.4691171906394517,0.4606153038698065,0.699575712902115,3,2.95757188382043,0.00014217195983545742,0.5143132146610898
188,0.9083055118522287,819,4,0.011858507450861661,0.9940677380929257,0.46749702054737663,0.46765609310879797,0.7026802225551467,3,1.2841255168859067,0.00017457013283024204,0.7371079462538268
187,0.9077603468382238,805,4,0.011654705864772285,0.9596882204631583,0.7372645174963655,0.4758149778889885,0.7033525913400237,3,1.449261333485261,0.0001565164220951259,0.9305468877767021
191,0.9062689035850722,826,4,0.016518914940763442,0.9579460832493375,0.46999654122563084,0.4670276913400393,0.700303291904701,3,1.309583496566899,0.0022027850486900477,0.5420781821083138
192,0.9076467146071773,820,4,0.011697227748875967,0.9617785468410119,0.4895906075337616,0.46754670213284666,0.6988847272776031,3,1.2245393382846679,0.0001807100924234186,0.4849748901392912
190,0.9068676418824765,817,4,0.01381236298229018,0.9604469909323492,0.7084522564401559,0.465794512450922,0.6978132200438145,3,1.2653059536163125,0.002023351614474892,0.7955441754623109
193,0.906103920671382,824,4,0.0162366481416933,0.9576733639981855,0.49349095268505266,0.5430882127179253,0.7011829480819772,3,1.2143334509333286,0.0005988534602447848,0.6835644065883815
194,0.9074601846745726,675,4,0.016580038471477355,0.9619140260506769,0.7409032196192088,0.5835327726871872,0.6974065857111515,3,1.687423721113154,0.00033026405360891503,0.4711376506975131
195,0.9083092966893936,676,4,0.011498395977911772,0.9574857818436884,0.7121180271840399,0.5839538981034433,0.7034664270159585,3,1.5047224462261586,0.000179769362284784,0.5418977497083779
196,0.9078422795281609,827,4,0.01149385371906651,0.9585894924902348,0.776375254835338,0.46527274675060737,0.7028908252320897,3,1.173792201317856,0.0022198697089722804,0.5964245621899678
197,0.908867320906027,842,4,0.01646901278410506,0.998563552454737,0.7496190373798296,0.5820665598538706,0.701286026501283,3,1.4005954490151817,0.000609045250897853,1.4522890097007068
200,0.9087094512573726,677,4,0.012092249335790882,0.9973460192083754,0.5542579664058881,0.48797657916924964,0.7192310793880736,3,1.1520541188084126,0.00030978661580659245,0.6242880300858353
199,0.9076774430242477,839,4,0.010558494984888837,0.9980422372343001,0.6709683997632556,0.4907758801831973,0.6503484912922977,3,1.170105989750905,0.0005737279380477907,0.7160761372336786
198,0.907670986550734,832,4,0.011606680403357494,0.9586236642633397,0.7733773502783464,0.49421583346428527,0.7026328278160683,3,1.1708385379303423,0.00019481402499877973,0.5050442084739981
203,0.908749018689611,677,4,0.011992362386340695,0.9944664459865216,0.7706033286408807,0.4898228927580342,0.6511513725526185,3,2.5409250804472885,0.00010212640555111104,1.3911451581918182
201,0.9081272061809678,844,4,0.0119883976405516,0.9863635154774623,0.7742905200817327,0.4906168765466601,0.7193768822426777,3,1.5550778247380328,0.00028503004182230324,1.2521740694145111
202,0.9084751346483435,849,4,0.010414700491803867,0.9950570600932859,0.6677163564923273,0.48928044177348184,0.7295240390061876,3,1.1356557880921765,0.00033981555633356785,1.4803214572941572
204,0.9083906462488022,847,4,0.01033264976049626,0.9976158209918666,0.6045244116097304,0.4866468631926125,0.7298939873922087,2,1.154319213075111,0.0003180573277722177,1.7056934234455008
206,0.9088665181608329,751,4,0.012177169804065751,0.9989975943472629,0.6663821445145957,0.48936916662440116,0.7210196406884779,2,1.0164589929342935,0.00010651326928044071,1.5149490568382538
208,0.9085694210242858,659,4,0.01070383933882095,0.9880004899799045,0.6589795488590348,0.49249217746445184,0.6513833835723598,3,1.0477386124642643,0.00010161131281448189,1.4843348684889233
207,0.9089980846773335,846,4,0.010777538729351336,0.9934845035763482,0.7251625383081233,0.489850863266922,0.7242843623358173,3,1.0068140301888682,0.0007103281258285578,1.5815757296334427
209,0.9091818158722672,654,4,0.010661831208207222,0.9982448983598464,0.6005161126672947,0.5869222046802717,0.7239191475780393,4,1.0066250442013498,0.0007958571362715564,1.4210149158806424
205,0.9072808872785199,742,4,0.011426055137773661,0.993137991551318,0.7697009819076028,0.8091126364644131,0.7257217288037623,2,1.0131225740733127,0.00010327790520980805,1.661244777242998
210,0.9085698999347709,718,4,0.010328615837275635,0.9957148437276575,0.600466026472696,0.5891436416678786,0.7241629504143483,3,1.4172756989802022,0.00034365535885259234,1.435344162691903
211,0.9085402072566463,666,4,0.012196123521581597,0.9951644862538047,0.70503320452638,0.5798562422379148,0.7250406590198228,3,0.9665797947278666,0.00010415040533354122,1.7382417432404806
212,0.908574183066893,658,4,0.010470086096046846,0.9981613257866815,0.6045463373840158,0.607014525795079,0.6797838566682125,3,1.4090813797130821,0.00010370971168439802,1.6831195638862009
213,0.9081697035571464,671,4,0.010495453093179168,0.9984881228498962,0.6016349979875288,0.5958887536200819,0.6813418099307185,3,1.0035883456124073,0.00010125448003885134,1.5632523415203108
214,0.9086016106504584,657,4,0.010056541271400007,0.9943320260454513,0.5967461474459337,0.5893306488136262,0.7279773558600822,2,0.9558210855052094,0.0007754806462557912,1.5179397617209682
219,0.9068355770771003,655,4,0.010515939962780246,0.9991611217455472,0.6405090876237218,0.21955729805817764,0.7261289434026647,5,0.970388616259712,0.0008484836726523013,1.2723433565839481
215,0.9087064367059131,662,4,0.010159410251038765,0.9999171753942844,0.6560048529046345,0.5530729111576048,0.7275033015299992,2,0.9782822384526287,0.0007800087343723123,1.5687839071740102
216,0.9081451394021762,655,4,0.0100672175651557,0.9976868128129044,0.6952828327042849,0.5333894499621622,0.7285216055441175,2,0.897060399785187,0.00011175322505707793,1.4935271879667946
217,0.9081966449325434,672,4,0.01019579916712074,0.9998941954948775,0.6524910228046201,0.5568970458262297,0.6823451810750925,3,1.009344817195438,0.0007125528423932981,1.6109047938821606
218,0.9087492743365889,655,4,0.00997604677989489,0.996267055124435,0.6453048263201567,0.5513751828505592,0.7256070512110248,4,0.8749978010758074,0.0007839233714629641,1.622844911689132
220,0.9084559811936261,662,4,0.009997208384352071,0.9987796042582617,0.651826023151446,0.49309685443481877,0.7237680710952542,4,0.9467254655833128,0.0007869150944038511,1.4959495634086386
221,0.908740852961771,658,4,0.010513514951047643,0.9999298006486178,0.6508022874386106,0.5682410390457785,0.7305560887500023,5,0.9864805906767483,0.0008122555239623398,1.8004871378492164
224,0.9080786904203428,653,4,0.010140445501037787,0.9941301851878589,0.6421049040716378,0.5615744837414047,0.7255263158649204,4,0.8655750657206316,0.0008126926355521198,1.4076407682777075
222,0.9083247764445856,662,4,0.007783990513485983,0.9977117744893436,0.6965569718899992,0.5530802026019527,0.7244449799494072,5,0.8190480640605315,0.0008174443789351687,1.503414278199366
223,0.9084524043404432,648,4,0.01026167027332703,0.9998360162436679,0.6482125935241264,0.5565365064077095,0.7276139429247787,4,0.8915705339549226,0.0007427351773307873,1.917369613165157
225,0.9078536707561264,612,4,0.009656216603298825,0.9976840549707078,0.6611429882187897,0.5635999832959676,0.6314837463761428,4,0.7310614914313984,0.0006248560938401607,1.9093634787736995
227,0.9075535047155807,616,4,0.007778656690229382,0.999712839363109,0.6519823287505534,0.5675574146008214,0.6344783964097681,4,0.7733555754606063,0.000610782332147643,1.8890474970817173
226,0.9081966118649145,654,4,0.00788725987024662,0.9994926714395215,0.6547616210125294,0.5534745726974155,0.7294880746462358,4,0.7801367344969741,0.0006746599665471821,1.903998941084726
228,0.908548249303953,690,4,0.00945854496277049,0.9999945033007684,0.629146455655801,0.576933951036896,0.6335422664428758,4,0.8291454254588683,0.0005752424580585412,1.9513043887298362
229,0.9085227464084147,650,4,0.00817779806156199,0.9985724303891632,0.6311731464407525,0.5647356876164858,0.6326423026678917,4,0.6957357206520054,0.0005791186647712493,1.873348939695645
230,0.908624411046528,617,4,0.009581683276370469,0.9991674647582317,0.6567439877442374,0.5620385767185009,0.7247873515779412,4,0.7491703449119391,0.0005664665010211013,1.9940558891068565
231,0.907821103398811,620,4,0.008120546061385814,0.9995187228192792,0.6231873606728187,0.5701275077659673,0.7256521935201805,6,0.8422447140181966,0.0005323876464717657,1.9521958821688663
233,0.9083483053927328,611,4,0.009349425058611218,0.9992968363637276,0.6289454450136946,0.5743132138369471,0.6299744580501792,5,0.7616262567934473,0.0005596279920861323,1.8744908423104243
232,0.9078796928514447,608,4,0.008110674205819401,0.9996624802526864,0.6287767585374097,0.5805671686191398,0.7220878070411805,4,0.7046289580019681,0.000540144916655969,1.9641165432311558
234,0.9085740438027645,617,4,0.00957457628550198,0.9818685833396372,0.631282375613705,0.579495850174679,0.6344296622725654,6,0.7352809700487359,0.0005555939231395466,1.8986698061686982
235,0.9086277914703945,634,4,0.010811917535925291,0.9815302085476161,0.6226743607670756,0.5993888849135249,0.7585456739499762,6,0.6546947287027197,0.0005906696971838315,1.2343414374956934
236,0.9083557744198434,693,4,0.009249336553159232,0.9805521137510101,0.6259707897876513,0.6006816227970473,0.6576058607832773,5,0.7033549295342894,0.0004976346370434071,1.1761229593617812
238,0.9085106118049519,690,4,0.009282988432938304,0.9794293445608961,0.6241587937789218,0.5806988981185411,0.6551081918389006,5,0.6583497339716572,0.0005093911902887618,1.1904551342408032
239,0.9085654232619989,686,4,0.008620656958627045,0.981474591367056,0.6266585152440289,0.6092232926139595,0.6431265346967479,6,0.5722752621178837,0.0004928922120451022,1.1177336645749887
237,0.9085571612959565,687,4,0.00948990578469997,0.9784455989882381,0.628492040479044,0.5988028325206888,0.7207791532036749,4,1.0785479102197453,0.0011776789904738476,1.18129263606047
240,0.9084148059144562,687,4,0.0093101837232637,0.9781459607794069,0.6220717270219577,0.5809214510412923,0.6511102593055513,5,1.07809430984891,0.0005236811849141425,1.1401503206922208
241,0.9081564117387133,691,4,0.009034096839571005,0.9778708128256434,0.6245159356573953,0.6005297946876877,0.6062287248135179,5,0.6321899569346562,0.000498547127890002,1.2798860392984925
245,0.9080477490781507,635,4,0.00875366048608445,0.979985231409865,0.6144353406552344,0.60394253166622,0.651235365574382,6,0.6477820160098298,0.0011980506493131395,1.0814561432088463
243,0.9084263084320963,692,4,0.009168996470753296,0.9777581490004749,0.6160195921730647,0.6078775178682313,0.605313517400366,5,0.6716454780890917,0.0012095327063437462,1.1235564440463308
244,0.9089167316971359,641,4,0.00904977001358852,0.9756618092282276,0.7496885395262773,0.6102905121598371,0.650793122953698,6,0.5817698643116583,0.0010241825757054109,1.1588150434375082
242,0.9077044065967653,691,4,0.006903228928198816,0.9764804800866221,0.6237265380095691,0.6071560497413021,0.6042884909680263,4,1.0698770952201258,0.0011434447044480435,1.1276026643604036
248,0.9013560922795738,574,4,0.006741966333996887,0.34096885229104595,0.7455167697508898,0.602695070431038,0.6075367207433869,6,0.34587353825601674,0.0011549388171412103,1.1863748136595968
246,0.9082272298285032,637,4,0.009189718593117327,0.9790010884905251,0.6015348833082105,0.6062270320582983,0.6177193062884336,4,0.29100577104819153,0.0005001541453243293,1.1259133291272816
249,0.901450280440858,637,4,0.0072346215657715165,0.3340752816279242,0.6051086682988357,0.6170705187132637,0.7878637213818767,6,0.36365196908902975,0.0011810912166892323,1.2000535834926123
247,0.9066604963738418,637,4,0.006930427137307005,0.97515505597493,0.6116632648011716,0.5913407990396782,0.6018516068069861,6,0.28979016162287197,0.0011782216552524072,1.3327201832688156
250,0.9082613037773906,638,4,0.0086147441803576,0.9710592730473495,0.6002977150703458,0.6121504556300135,0.6191167280541032,6,0.3583193660353964,0.00041435743173213216,1.321009450745947
251,0.9083353890249164,637,4,0.00861232629153356,0.9719015324168204,0.6059910760269487,0.6059405200620832,0.5914761265256593,6,0.575000509871378,0.0011650065225429925,1.4471226778000936
252,0.9087102555989348,636,4,0.010743079386998228,0.9713557210842397,0.7479073375244087,0.6059214017642174,0.6027743350287309,6,0.25153029191461806,0.0010197107617423177,1.5097561248234443
253,0.9087846698503622,631,4,0.010886062602446237,0.9692006691258047,0.6027626530895186,0.6133024334143573,0.7892754677356828,6,0.5159260461171535,0.0008967765604753934,1.5308000137472886
254,0.9082871507283027,633,4,0.010881606320196616,0.968136867590393,0.5982422862043574,0.5927856982643536,0.5931385720773372,6,0.30508040964772715,0.00100662159259868,1.442008733748239
256,0.9092921384517745,636,4,0.011039180168600431,0.9672722109880462,0.5983215672801386,0.5899019396159884,0.7888675436695811,6,0.4605929859657237,0.0009046195779635342,1.5491719592289384
257,0.9080628923037048,633,4,0.010863105575648594,0.9642126889098195,0.5994790795192677,0.5912895963658725,0.7564674013734568,6,0.5529418006321226,0.0009162600067972252,1.5070036110918292
255,0.9091087250861645,633,4,0.010784029165686647,0.9683932651306674,0.7524777776514111,0.5897576056101732,0.7577963495483208,6,0.29625110061202853,0.0008552662781028907,1.4606296740587452
258,0.9084417279053811,676,4,0.011015403434719077,0.9688682322322864,0.5908296265427322,0.5901641019782652,0.7602823306004386,6,1.3844225670406904,0.0009136449498674424,1.4970073627957339
259,0.9086947721188837,676,4,0.010708968324982507,0.969300013017382,0.7502313599918472,0.5900807355707671,0.7567011776691343,6,0.5528974681827405,0.000947185675269677,1.5163194565510822
260,0.9091823147753646,673,4,0.010845263226135219,0.9646819322192693,0.6425787394931488,0.588175515511758,0.7531252012080463,6,0.5665789474952969,0.0009358984172823689,2.6031932275630894
261,0.9086635251101738,667,4,0.010979211656209397,0.9664133498120375,0.7541435311220038,0.5852944773987248,0.7610965992282687,6,1.357378472091282,0.0009512347592936002,2.388298791203529
262,0.9083527187428961,677,4,0.010853942960591025,0.9668237435470903,0.6417397952803781,0.5909331597005434,0.646970321214968,7,1.3811475376385063,0.0009206350395137732,2.222773424065966
263,0.9083799893502471,669,4,0.010704826861248136,0.9683627703210349,0.7505416011137368,0.5916201138942637,0.6830806154487017,6,0.012022659998242702,0.0009063417863187774,2.4554092191882644
265,0.9084491747353708,608,4,0.010939987115394983,0.963986864314457,0.7495681959345621,0.5434182538733883,0.7648306515940971,6,0.5017837949215598,0.0008228618071019176,1.5939184957183476
264,0.908772597429245,671,4,0.01091606522701916,0.9643338248920585,0.7407601472370134,0.5385586836463508,0.758795789122751,6,0.48408922467687454,0.0009567296636956962,2.393146288072302
266,0.9082238192256744,583,4,0.010913198374975907,0.957115128412449,0.7455995916972004,0.5414015757923889,0.8067638372416407,6,0.10821659199720146,0.0008985580192245599,2.486670023033236
268,0.9085305366856378,578,4,0.010989813562750899,0.9484485414659487,0.7543516630243194,0.5414158873986792,0.7912997076523445,7,0.16151000136281585,0.0007391209287853208,2.4888861703445357
267,0.9076152707130458,600,4,0.010891937889512213,0.9497464564939162,0.7559396449576609,0.551367872526685,0.7748322326864547,7,0.4397655265246347,0.0008786844672932023,2.4413206055851155
269,0.9083406531633573,588,4,0.011092800025624914,0.9526348925709112,0.7633845737391771,0.5477983295269793,0.7898813118064307,6,0.1275850971876651,0.0015057504785303006,2.6111542870923627
270,0.9084881911924987,606,4,0.011423177356108288,0.945926024818521,0.7503090627375864,0.5402118889460681,0.8122497281659258,6,0.466389201902053,0.0014810556302574268,2.6998821419973766
271,0.9085726286602901,603,4,0.01128030460344336,0.9504112594433463,0.7525299226025635,0.5405497031547375,0.8168979208899445,6,0.4810706894210365,0.0014488347479592665,2.473001653093362
272,0.9088312523329783,579,4,0.011811327477080419,0.9444159166001497,0.7511203625084698,0.5409318563906369,0.8132236247716292,6,0.5171336205318762,0.0007438546674469695,2.389896277099739
281,0.8947013397148332,259,4,0.01218422918105663,0.2582741598261983,0.7200425833113862,0.524051124745137,0.760947948861583,6,0.598569102989749,0.0007749032973132421,1.9840257296332378
274,0.9084223324868426,584,4,0.011819143309744332,0.9430512162409245,0.7637037181641123,0.5334480176132601,0.779973631454723,7,0.17184710700225242,0.001562667932148727,2.5893076360469163
273,0.9079938346280437,657,4,0.011437556036922952,0.9489761150970264,0.7473245219604379,0.5389290380216663,0.8195604953136431,6,0.46115349372139613,0.0007315268919820292,2.7212583542025746
276,0.9076114648190229,599,4,0.012029801674912024,0.9424800256431941,0.7655142111326173,0.5249027821143907,0.7840925099130753,6,0.43128849817084003,0.0015514573450374442,2.8201109034800322
275,0.908359126717221,582,4,0.011916972417816226,0.9594271074917037,0.7619729495056724,0.5333178510816838,0.8117494796873069,6,0.12804856903595124,0.0007243128391906989,3.0707233357558654
277,0.9080038896197384,651,4,0.01266080115075643,0.9510200613816484,0.7600446313874638,0.5244585975128462,0.7779399245560833,6,0.4608662009899641,0.0015743578699594974,2.8092221991218453
280,0.9083170419642348,648,4,0.012100007874699241,0.9431725524112415,0.7391056493794821,0.5245158484784418,0.7560047980143536,6,0.4680742652379831,0.0007100685600655879,2.9852755275834197
278,0.9080750145923264,653,4,0.012073224668342434,0.9448778876057613,0.7906834096633087,0.5277653190454239,0.8253787735712494,6,0.4784564038658245,0.001686724852405969,2.2273268034943507
279,0.9083327443747935,649,4,0.011883326387513458,0.9469023443536403,0.7920751061048212,0.533605244919715,0.7748995812359605,6,0.4599627882790228,0.0015075667577431429,2.9556039472655344
282,0.9079124301839734,650,4,0.012316871728927646,0.9377200269253779,0.7833033286991161,0.5661697350920842,0.845997935416976,6,0.45414999379802484,0.0006813642794744567,2.107491472105658
283,0.9083833617922721,647,4,0.009903043085300567,0.9379931942122034,0.7847475945512651,0.5686121002424238,0.8326027328825599,6,0.44285529265100537,0.0006450796010451883,2.802394313397233
285,0.9082660409622628,649,4,0.009827248917152044,0.9647637510721158,0.7297496249802612,0.5638571018198463,0.7871404727991924,6,0.41509722034428725,0.0006659320176791414,2.0317649569684946
284,0.9086791360716351,648,4,0.009889378691167473,0.9628083211746982,0.7735989220989389,0.6221497046671736,0.8497382620107797,6,0.4254266502557401,0.00101734542956363,3.0833091299643334
287,0.9080590807843842,650,4,0.009766317166558128,0.9645842323713307,0.7338952514343958,0.619183754591322,0.7552141544019644,6,0.5257086390429224,0.0011413578712883609,2.058893401328948
288,0.9077488533666708,625,5,0.009722127286030603,0.9654910585108685,0.7283267800504278,0.5667710314078674,0.7574730699015633,6,0.9159593472189482,0.0010492101471173772,2.0267976998725485
290,0.9082148990237767,626,4,0.010292457303294979,0.9648344003998675,0.7890640808331763,0.5695780572876219,0.7572041005706805,6,0.24447217877615665,0.0010215852285994332,1.8102543950864767
286,0.90781539106097,649,5,0.010040506572696525,0.9662497607982115,0.7834238436442011,0.6226692239206283,0.7550993942125453,6,0.23664284960792742,0.0006754421406288491,2.0762123952839606
291,0.9089151360890279,632,5,0.010188396952291097,0.982929529380094,0.7327399745793345,0.565442858846146,0.7970689263479881,6,0.9142477480414175,0.0010477384262461374,1.7501021769005238
289,0.9083065814189787,619,5,0.009900594403604374,0.982541079908477,0.7964804150753882,0.5681795259820279,0.8012054612431313,6,0.9247225180112464,0.0010900409880558303,1.9714009247080224
293,0.8956599570446182,628,4,0.10811863107453071,0.965273684091644,0.7322986501534935,0.5692947526302399,0.7541109599889406,6,0.25726167008106426,0.001017875017051412,1.743798406284226
292,0.9079598839035844,673,5,0.009864280256659978,0.9675596813437817,0.730104313826232,0.5631416203699647,0.7942255768358915,6,0.9369677169698194,0.0010205648901076,1.7109236835214312
294,0.9078926019215773,624,5,0.010141203580350278,0.9830591308929636,0.7329830661184891,0.6320528296095026,0.7534182021900845,6,0.259997004716568,0.0010151453140646045,1.7997106693493201
295,0.907955930079434,621,5,0.010053282852687338,0.9832906037113747,0.7319585698791988,0.637180590033231,0.7541702137281252,6,0.2897586023657738,0.0010310884353155153,1.5918115254088436
298,0.9080906891044489,670,4,0.010026671552045128,0.9834089348269514,0.6796308895009276,0.6224459072444609,0.7992858679005923,6,0.625850780868144,0.0009432049232078095,1.6468421747253725
297,0.9087954384186794,623,4,0.010191298053124114,0.983528524420918,0.8045978956329247,0.6366692811354533,0.8828837909287249,6,0.2599391594422182,0.0008888400160504311,1.5912445037001373
299,0.9079079245485197,622,4,0.009930268189711646,0.9847323478792516,0.8110537276997221,0.6278631024241883,0.8585193026955951,6,0.6015065441378823,0.000926360044704576,1.5677918141520033
296,0.90799913996799,624,5,0.010059218404379249,0.981173809867237,0.8044769622024458,0.6376845823986412,0.7509007867170235,6,0.9207142913394747,0.0009359876892247638,1.7414627147348667
300,0.9077881447032136,623,5,0.009124470420089932,0.9839206586051868,0.7159260058217405,0.6485636569072761,0.872557367523655,6,0.8793275049767572,0.0008821249602020442,1.6781766033942158
302,0.9078974646114037,674,5,0.008965215800070578,0.9826526606765742,0.7145135960994332,0.6378395737278424,0.7958409912995372,7,0.6275961708848832,0.0009127197621258829,3.679757967088914
301,0.907484446659832,676,6,0.008884582170021199,0.9824467156862889,0.7336816100497184,0.6369227659257826,0.8379947401090609,6,0.8054046094810096,0.0009726634663463039,3.725584929298938
304,0.9078415179844722,669,4,0.008630081334340267,0.982102248830748,0.6853912530108071,0.6146856334524093,0.8538912833886385,5,0.6130170143098679,0.0012589919543189378,3.4539274196150487
308,0.9073354211955381,521,4,0.008446022986432275,0.9838450359029799,0.7766319092572951,0.6416873188944724,0.8797776588750394,7,1.0849845609800368,0.0013053773307572561,1.0090409035155448
305,0.9076288183304919,525,6,0.008986872159105343,0.983197228562641,0.6794949501417802,0.6244262585884225,0.7970588642163787,7,0.5699575736929139,0.0008549426171739916,0.9509343199029452
303,0.90901130663565,673,5,0.00919160658064034,0.983483671723596,0.8060620323625948,0.6450500521770738,0.7985509060796319,6,0.6223475976277645,0.0008897258271514673,1.0189335709715766
306,0.907666829911794,676,4,0.008576861669547553,0.9835654462527037,0.7117614923838913,0.5787570774910612,0.7718702002410475,5,0.5942389545626624,0.0013435717685094486,3.6850251980339968
309,0.9081612383202093,675,4,0.008731336592370614,0.9674147617150772,0.7794919736969201,0.6433156330085623,0.8987415369993956,5,0.3628332297867749,0.0014245261318310116,0.9869528039490189
310,0.9084923792266816,710,4,0.01130716278104001,0.9651603436371496,0.7740751440111785,0.6137571829188048,0.8366769203694632,5,1.0429171929521246,0.0012559049158498126,1.0432866841568464
307,0.907382551764598,711,6,0.008608236430315275,0.9779911923251099,0.8022078673388249,0.6576080669954871,0.7742453870852759,5,0.5704825292842265,0.0013732258370080074,1.0486600944418323
312,0.908316643024199,715,4,0.011318192220095264,0.9586238670973015,0.7743783078213136,0.6138876052488222,0.8799865748616172,5,1.0430726159248158,0.0013850335332668956,1.2749234914523582
313,0.908640528740893,709,4,0.011432919146840855,0.9629480850868857,0.7821068964228143,0.5797043865293151,0.9090346382196576,6,0.372190348975155,0.001354513894846348,1.0358361316441822
311,0.9066027824151854,715,6,0.01131370386863958,0.9603875520425492,0.7714795038264217,0.5832167074517329,0.8985289549162911,5,1.0962403672722083,0.0013972759270409246,0.9806250718946758
314,0.9085165611654741,713,4,0.010766373686812693,0.9590564844357246,0.7704058787467187,0.6648796660169249,0.7735823511525469,5,0.3305546434582838,0.0013152402603798779,1.0159205700180902
315,0.9079115905702739,678,4,0.011192930491186671,0.9612708830576955,0.7773920668870564,0.5857968448733305,0.9052357213665011,6,0.36222058345819763,0.0019350952014241698,1.349322341450556
316,0.9076399480581291,714,5,0.011175613378608224,0.9567716160440026,0.7654287442075851,0.6664118285363322,0.7805475280530166,5,0.35622533384716737,0.0013188463709409796,1.0407222684797177
317,0.9079137427027725,697,5,0.011323740347014069,0.9564551467220294,0.8217269614675126,0.6549272451471869,0.8899356431343289,6,0.38029071594704067,0.001242049987225836,0.9702779323692208
318,0.9077729846017661,707,5,0.011318649379678514,0.9306685321847206,0.8028799570671448,0.6702676538244898,0.8878688298628774,6,1.06407267301589,0.0018636745460811446,1.3263592891015132
319,0.9077379887121863,708,5,0.01116833019795496,0.934088181117878,0.8088123967998794,0.664057478650264,0.8151807919062698,6,1.2568692300221735,0.0019804627641844775,1.330469601381465
323,0.9077882432979594,566,5,0.01256374650740761,0.9395941047001164,0.748935065822163,0.5524709185228825,0.7401048682770186,6,1.2653417602073274,0.002108420629461247,1.222214943945121
321,0.9072147626635182,701,5,0.012766625193076322,0.9334004621461766,0.7624461932909766,0.5872370207377562,0.7787401716329936,6,0.3505723806686455,0.0018723390683964948,1.35175286502264
325,0.9075151808542351,555,5,0.012653819324844363,0.934650133685642,0.7549673302461883,0.5530852751321139,0.8145819014760645,6,1.2463534380817904,0.00074898342375466,0.737889546370234
328,0.9004430140917054,143,4,0.01233547919260384,0.9344702001354431,0.7037823514610135,0.5532474815284345,0.7425323086545629,6,1.2292668007242722,0.0007580781736708601,1.3901009756791323
320,0.9072006448385247,700,5,0.011126929652308729,0.9328939774848879,0.8230986885976473,0.6553417269229126,0.8143850103885169,6,0.3725038669498283,0.0018801481650382132,1.3616123689424164
324,0.9075190614734971,667,5,0.013070175487526307,0.9345213098027788,0.7419308440823384,0.5509031261966915,0.7393780784223111,6,1.297278743792986,0.0006971052473353098,0.7321594834939704
322,0.9072741227819451,694,5,0.012494812191514756,0.9387668875400782,0.8278061767841616,0.5918645804105672,0.8189729418969511,6,1.2205312644173418,0.0022450407021136196,0.6976914607487527
329,0.9084151998373347,562,4,0.012695432226138172,0.9186050774998934,0.761601865135705,0.5074662695250471,0.7346904705617368,6,1.2818406997038245,0.0006905052368402695,0.7914812235999572
331,0.9044748859037579,366,4,0.00759541570689981,0.988610518386502,0.6966019170639597,0.5106350334315259,0.737678046690849,6,0.7831628442451758,0.0007361293643373968,0.7761072989001035
326,0.9077761103668825,693,5,0.012387423105015852,0.9319220107844768,0.8115950779307093,0.5094645279327408,0.9685780330893213,6,1.2510154072512063,0.0007192986466812314,0.6867136801141506
327,0.907032705906879,660,5,0.012781443670874163,0.9304238920150281,0.7474576029618774,0.5506930149463399,0.9570366079444036,6,1.2953422272509196,0.0006894616263869547,0.6979634229164701
330,0.9088433702125828,664,4,0.012709588966886481,0.9147828706018463,0.7510261658363128,0.5101092200446612,0.7382935265359913,6,0.2190260399272211,0.0007628101839532561,2.351588459839076
335,0.9077277749958738,640,4,0.009387366827365254,0.9102912084497347,0.5567931474763029,0.5083204877946512,0.8417121907765122,6,0.7520186820928841,0.00044476414762379974,2.402491269948856
332,0.9071244153643241,664,4,0.007449384093645579,0.9139346948638791,0.7003508507604161,0.5043824921476568,0.7404738599410137,6,0.7731733812019874,0.0006919849655271849,2.158367802127179
336,0.906983332212328,660,4,0.007427654588828951,0.9975827413824022,0.5606519424738332,0.35151289132626157,0.8511740230008223,6,0.7952924836207966,0.00044950379148565726,2.3021692200575874
333,0.9075178186627797,664,4,0.007642815545312206,0.9888178188553401,0.748223442469343,0.5119798383498312,0.7387198774454882,6,0.8077809856149911,0.0004455725460443574,2.338865107772168
334,0.9078100502968514,665,4,0.0075712130312050345,0.988164046160793,0.7419719925269592,0.5970802608873698,0.7964342145807959,6,0.7962020053063814,0.0006428927462288404,2.2798317429882244
337,0.9071592034979744,640,4,0.007670039019128175,0.9877961119749346,0.5579611097465854,0.510753418940717,0.7943559897510537,7,0.009548358610560415,0.0004344878109697147,2.1680303554213762
338,0.9082032196133273,641,4,0.00948581182935547,0.9711475020530435,0.7446266249333122,0.3353070541722329,0.8598439783661482,6,0.1988384861924415,0.0003916145922553665,2.4047856089411708
339,0.9086363237547992,663,4,0.009318732273954878,0.9734123735826594,0.5672513306465541,0.6048157860169041,0.8468555576032684,7,1.5816748183096847,0.0004349218778794153,2.2188903622801393
341,0.9022021458808164,641,4,0.054449712732813765,0.9993344077143334,0.7169332944960538,0.5147937544122456,0.8491491838376694,6,0.14061236400942403,0.0003934120670676421,2.2318385706277044
340,0.9082199326010271,637,4,0.009400692450815647,0.9995119686798664,0.5734051034091812,0.6019864236934409,0.8567861770756519,6,0.03167999559146306,0.0004316175845074893,2.2604397963304668
343,0.908476135115152,640,4,0.010339023180710064,0.9984537868114223,0.5693839134003125,0.6091090355188472,0.7125705775302186,6,0.183536293406462,0.0001325452840983022,1.662997030977922
342,0.9081504448941574,640,4,0.010219823186392248,0.9958656420730438,0.74005827137443,0.6050613257933511,0.7092134034334293,7,0.1978229669873331,0.0003659966075828023,2.1329898929950577
344,0.9084185287973284,604,4,0.010389216748009581,0.9999386858968745,0.7416506046450201,0.6043958008246321,0.7077712399421258,7,0.27289048409486827,0.0001291366469252758,1.6449995882493742
346,0.9088516485223955,638,4,0.010582396112268036,0.9998498629001823,0.7902969167930901,0.6088461683035757,0.708432309963568,7,0.23389430024066143,0.0008778122979894764,1.6679932937100066
348,0.9085000794991405,600,4,0.010360895496663408,0.9729956858712125,0.5837617963926145,0.6032749487899499,0.555208636800136,7,0.2198509187547028,0.00012689302706227236,1.6462939404355388
347,0.9086019158608707,639,4,0.010367895753825573,0.9991870866846779,0.6665691001248045,0.6046895026592652,0.7129409814370419,7,0.14186695354669476,0.00013317218041576474,1.6466551813197694
349,0.9084807262703352,606,4,0.010578426858679713,0.9979552676639246,0.5814244382491447,0.618159176671288,0.7090882427968856,6,0.1721134701473201,0.0008626806297706334,1.6386055006791815
350,0.9085389231684061,605,4,0.010748109485318031,0.953490943407507,0.7937301198072768,0.6240930368941981,0.6720390537111275,6,0.2150376282941861,0.000131050624411374,1.6333477010347042
352,0.908187579917237,597,4,0.010621198453635562,0.9531658811416825,0.662299048472556,0.6197114884695643,0.5504279512157113,6,0.5184905494587806,0.000881704019348292,1.6342736571852572
353,0.908382692153786,608,4,0.010321329384065285,0.951757846418557,0.6723426160919674,0.5322829072823485,0.6665340062294239,6,0.512695915335807,0.0008165111799042004,3.242814006595097
354,0.9084110951943902,682,4,0.014045789395848862,0.9727477053427054,0.67166063436816,0.5318814016013215,0.672189928457494,6,0.5349992042426518,0.0008885418239937525,3.165725441671105
345,0.9065455487353298,600,10,0.010366234054456533,0.9745797206272921,0.5815672514636009,0.6037595494954139,0.7073618288328444,6,0.03707455109163446,0.00012557064601321095,1.6772253506622932
355,0.9032890074566515,602,4,0.013928706133524907,0.38542942978009054,0.6683624256355426,0.5752914213921982,0.6821405135274734,5,0.9644254397566311,0.0008421627031532156,1.5318097976196394
356,0.9090224010911496,684,4,0.01187452535920824,0.9741095748026635,0.6422119058019596,0.5740142317304594,0.686759662766134,8,0.5241045189267354,0.0008386620155948621,1.4395625875078737
357,0.9084582773793581,616,4,0.011829818197696454,0.9721628626914847,0.6452815736874088,0.5289047437656502,0.6844731763597273,9,1.0091752840813841,0.0008823892411274244,1.3362381278854518
358,0.9089054532031783,682,4,0.014322791888681841,0.9725784312462259,0.7963218486093698,0.5768148452830426,0.690320982731838,8,1.0142444301475237,0.0005858250060314614,1.2857226185782775
364,0.9075046926385955,686,3,0.011831806509972221,0.9759985485480253,0.6447722877723873,0.48811498841305834,0.6924408839274302,8,1.11969064646077,0.0005843040066815077,6.428890379881293
359,0.9082701622530479,687,4,0.014336963998541372,0.9699209273324667,0.7192545827151384,0.5286631676205955,0.6868884537471177,5,0.9689120128715758,0.000834282273022554,1.284214623964152
351,0.9066754582215522,608,10,0.01043556591559787,0.9514998287749278,0.667991797638621,0.6217564103849986,0.6889509963762994,6,0.5489085663085833,0.00013186443329228826,1.6195233931488127
361,0.908357281695573,681,4,0.014032436253020657,0.974178353173753,0.6451056288210962,0.5737336829263886,0.9996111974564545,8,0.9740645139987498,0.0005534502654503202,1.2878385576233247
362,0.9091604590492309,683,4,0.01195606075165634,0.9763670494454941,0.6423520048928236,0.5742721297807064,0.6895002947337205,5,1.1251938051617922,0.0005724661016442965,1.207511485594464
365,0.9084798051658357,686,3,0.011983752574989385,0.9828885915263518,0.6497465686062283,0.49154895358956,0.6744620300429317,8,1.1024966698510332,0.0005907112939972638,1.2180651887087306
360,0.9087260552359238,685,4,0.013734044156120553,0.9752242402696626,0.7956848569420351,0.5713867379989794,0.936693441835851,5,0.9995573032731708,0.0005881382874530971,1.24631270181247
366,0.9089980554865992,684,3,0.012351879189793549,0.9826933453195172,0.7969787711775508,0.5555704866598362,0.6909358789111383,8,1.115577998315438,0.0006309250558572239,1.1988556718381251
363,0.9082426936960297,677,4,0.01206419604413778,0.9751729138585125,0.6444711554253032,0.5756493799602546,0.6901039912234361,6,0.9067047615894138,0.0005615201911114149,1.292964416177907
367,0.9084179599580967,685,3,0.013982495581631928,0.9812365686185518,0.7216461669270116,0.569506509582652,0.689360374220768,8,1.1245632288415126,0.0005627819290289599,1.1518325799893687
373,0.8953868641178614,626,4,0.01314171787526845,0.20036895611931516,0.8336237526126569,0.5658509129053041,0.6679464613366132,8,0.6763022410806147,0.0011312026998860504,0.9566705547173484
372,0.9087658920743141,474,4,0.013016209598877162,0.9503104711122558,0.7988670042642902,0.5769778597493386,0.6561862979440836,8,0.7128406883299214,0.0005913050544850604,1.0251922373859779
368,0.9083414600134982,690,4,0.014471996929094417,0.9836957462093512,0.8017120933250176,0.5750092607227361,0.6829865678447663,9,0.6776834114226977,0.0005698836979274555,1.1778789752643963
369,0.9077075187547428,729,4,0.014862883369023966,0.951237078294572,0.7943050085509535,0.5729025806569253,0.6899993862186474,9,0.6947663416557838,0.0005668602015583553,1.122594753020544
371,0.9082777177881158,625,4,0.012788815544913287,0.9840210113497322,0.7947359984070544,0.5718443134028774,0.6687162395675854,9,0.6733409071582537,0.0006061105592670801,0.9928107194598339
375,0.9085652872666247,734,3,0.014910538183645993,0.9481138357070651,0.8099859222901696,0.5556401420377794,0.6659304332387594,8,0.8744500210512749,0.0006029954929623872,0.902488124367628
370,0.9077922013030744,683,4,0.012356785874802007,0.9040009337451247,0.8065166374864716,0.5728419089509689,0.6568248356916031,8,0.6786889204461055,0.0005681106646695438,1.058170074610469
376,0.9076862383293316,719,3,0.015042656868359438,0.9043022714346007,0.7836692426080795,0.5549139506695483,0.6587755933244592,8,1.1330193009778093,0.001108688240904598,0.8694001659414194
374,0.9072308143746609,728,4,0.014879036933386897,0.9030781890507766,0.8331476710262465,0.5612370206742716,0.6673756478225893,8,0.9051341087215711,0.0005915723194310982,0.9920729902579165
377,0.9088356076817605,729,3,0.013115919476487178,0.949940727791215,0.8077287827556181,0.5504038336989527,0.6703743016733507,8,0.6525397084778344,0.0010696314690068025,0.9069985365817819
380,0.9064965279141871,451,3,0.012511602178625354,0.9126220195699044,0.8007896961454761,0.551414872777717,0.6543553732165935,8,0.6931486895173002,0.0006502482134854944,0.9004951701902977
381,0.907428186612594,440,3,0.013051123570116783,0.9033761886450514,0.8132778915635079,0.5465597940346364,0.653507554507498,8,0.667858632199067,0.0011013884210673403,0.9117721408607772
382,0.9081373954956508,487,3,0.019397197972113103,0.9026036604969867,0.8161158340463391,0.5524389426219585,0.6600187604468536,8,0.8680317557950046,0.0011694518876568813,1.013903820534733
385,0.9058065564092089,339,3,0.013652747268443104,0.951618638208829,0.8394941662683036,0.5442975715686562,0.6613238966357234,8,0.8467378787202092,0.0006649506680825282,0.8957027508267583
378,0.9080567382279545,724,3,0.015186384315772124,0.9516332865734709,0.8049888950997433,0.55661879959189,0.6933205430641208,8,0.8665230496299998,0.001127003845878744,0.9524519683829894
379,0.9086973915311841,728,3,0.013075215230525388,0.9010400028807196,0.8127378904051222,0.5558661180240421,0.6567193619168602,8,0.68028729607597,0.0006046064721378403,0.0013545877843724567
383,0.9090848488899068,657,3,0.01959820767660429,0.9589750788126189,0.8181416762412229,0.5474620110966606,0.6569581227870681,8,0.41807372497358386,0.0010481072196404666,0.8420736010298101
384,0.908310226383875,729,3,0.013132346730832007,0.9172975576034481,0.8197052495564826,0.5461962512065115,0.6518222155200728,8,0.5150999591665911,0.001150132250017354,0.9021312911422141
386,0.9087689184845095,651,3,0.018829179297946967,0.9506220787493264,0.8132751481865074,0.5468084204671096,0.6582375628830535,8,0.5033624850420463,0.0010890221445103857,0.843592447140011
387,0.909013216196187,733,3,0.013413580998259707,0.9174036097260214,0.8154986718123122,0.546606772262712,0.696150358786069,8,0.5452007539182198,0.0010871363499709717,0.7811795173773667
389,0.891149570798903,730,3,0.20622632189989842,0.9493277712154073,0.825827434935777,0.584333167580239,0.6890438561719817,8,0.5350880137607747,0.0011131736162934708,6.67982224572174
388,0.9075386594787727,726,3,0.01625844067398836,0.9506469821501946,0.8219517320181153,0.5454561560318377,0.696087431355803,8,0.5231736048241347,0.0010670058805175684,0.8406514339453399
390,0.9088702981328755,744,3,0.013397196689312694,0.9496589510434617,0.8393824935188833,0.5419664113794174,0.7056243732321461,8,0.530395201884865,0.0007910448583055927,0.7576475490033684
393,0.9020879418458542,705,3,0.045771218248456036,0.9511087873498522,0.7824644816600471,0.5892685486916229,0.6968789273405398,8,0.5273825972336169,0.0009232603344886589,0.719527618603979
392,0.908261962165281,736,3,0.01632242205890779,0.9193689748457119,0.8475087645877926,0.584387446914144,0.7098936723050306,8,0.5143462509740586,0.0007949886206740985,0.7224111549240383
391,0.9088746745385159,746,3,0.016809188896942953,0.9558136722419741,0.8248937411944226,0.5889176218381641,0.6999240661911633,8,0.5159278704342081,0.001067338469601723,0.7193290873731527
396,0.9071205583865163,657,3,0.017426957347599262,0.924378542632212,0.4429380869943676,0.5280169797371028,0.6816230780217672,8,0.4456227586972052,0.0015526500703947523,0.7711992632798871
394,0.907854647201393,747,3,0.01677734957973856,0.9246934326238642,0.8645800625498332,0.5903294778510746,0.635123761530404,8,0.44500356159428556,0.00105893883210183,0.6667714476027363
395,0.9080799676670047,654,3,0.018549447901806147,0.9431023221577102,0.8627554238565407,0.5925289031858142,0.6393394220873653,8,0.407265505296258,0.000811711272692146,0.6677658670870298
398,0.9072492870923317,746,3,0.019947633235161234,0.8788361317750514,0.8382131040396436,0.5259365792642616,0.7110742720813329,8,0.3352355157853772,0.0015393592957129278,0.7587141835352422
397,0.9074563878266367,740,3,0.015964489844862238,0.8747341274803131,0.7797200322302072,0.5892067637336581,0.7020439081529982,8,0.4097663359750323,0.0015753386297534331,0.5204143873528727
399,0.9066609856987295,747,3,0.01649327683282925,0.8761916368001293,0.841239776368873,0.5270655297052025,0.7027746355350377,8,0.31461041218120617,0.0015832491828751466,0.6135349261812854
400,0.9067761068852793,751,3,0.019729305283656216,0.874237123199321,0.8510756453908355,0.5245910313461847,0.7037697483960538,8,0.3897194117226248,0.0015661814254378063,0.6002884895638954
401,0.907055803911607,749,3,0.020284390107973616,0.9326826772590182,0.8637435573206537,0.5367706407409639,0.6987012692819835,8,0.3269989384766495,0.0008226095395977154,0.47320304913594075
402,0.9076042287856643,750,3,0.017140548290683132,0.9211850690361272,0.8652260244489429,0.5217311002727276,0.7087124360780219,8,0.4135445687666437,0.0007451161690029196,0.6370778391185549
404,0.9070868294812306,743,3,0.020249785843236483,0.9276867137304118,0.870744294935647,0.517770941751873,0.712758852833672,8,0.3519928617734085,0.0024823950404861818,0.41335972548425076
403,0.9068290946816063,756,3,0.018107215552811785,0.8710456120036116,0.865942677010988,0.522673065558729,0.6818859674636019,8,0.39469120830312365,0.0016131816582576801,0.5611496846311383
405,0.9059516988216796,980,3,0.01746039206437606,0.9285571834219407,0.8366296830006547,0.5347563390404081,0.7082733849597274,8,0.33724336626530216,5.692396852227972,0.4595033940434351
407,0.907947340173736,704,3,0.01564873894054248,0.9283885442518732,0.8344951923091737,0.5205329663099936,0.7021199799941282,8,0.3037953117508463,0.0013556120092000838,0.6471523505015965
408,0.9076004228916414,767,3,0.01872271153810262,0.9269581273070651,0.8508096185892624,0.521784103460806,0.6848662589558197,8,0.3322028049659354,0.000757121758176872,0.45627571595339905
406,0.9065856811299053,980,3,0.020119271695511504,0.9325733854192981,0.833376728245153,0.5208914965900054,0.7087419298084638,8,0.3253287761034864,0.0016395683624917216,0.4296257149371605
409,0.9071931686657656,760,3,0.02024938835875073,0.9289554085662675,0.8321222576271522,0.5220321473668452,0.6737928282175574,8,0.3194445793176611,0.0007543057146608395,0.41918543550399556
411,0.9053075871005902,766,3,0.022947912628238965,0.96122252814834,0.8321692542235374,0.5618717910867481,0.6776407364356658,9,0.5859099695546023,7.507530155230619,0.38008503797023874
410,0.9084520874233302,703,3,0.013928977966490712,0.9333448854034416,0.8296555720596259,0.5362689743241905,0.6833324901674148,9,0.6231147983416488,0.0007680019962654841,0.5763635351834315
412,0.9077760811001306,767,3,0.018412962883695323,0.9634843137991966,0.8225245409576444,0.5621871888682537,0.6745647634321414,8,0.2628864521831902,0.001288266590863756,0.533031619992002
413,0.9082320886414352,763,3,0.014760957526398015,0.9405145545903427,0.8217692443014037,0.5640478395487332,0.6805352297408573,9,0.6145472761768187,0.0012909705942489318,0.0004931989744491304
414,0.9068343401957506,774,3,0.014341050745434866,0.9629818392302808,0.8259473501298537,0.5618519320325407,0.6764537163620727,9,0.6063734420421866,5.658959038537232,0.394801560667709
416,0.9085536169022623,578,3,0.014288072464978346,0.9643743501075633,0.8313802894172532,0.5614281246791901,0.6734121198112799,9,1.1560699314372107,0.00047394594449961554,1.2129039625953535
417,0.9076169934984938,702,3,0.022489189033386463,0.961226583061349,0.8181452133856082,0.5630328976118621,0.6794208252888091,7,0.585030533578683,0.0004591867593888909,4.115011544493874
415,0.908651616278797,769,3,0.01472878479950226,0.9635141734761732,0.8270159235491614,0.5627641813995379,0.6788662814126724,7,1.1552284580511165,0.0004584690424393327,4.191795705159208
418,0.9089749812753602,704,3,0.014378081450137184,0.9614405195276651,0.7930918196224561,0.5654340480761307,0.676371800295165,9,0.617153146569542,0.00046620058615395263,0.3451368517026458
419,0.9088629506578071,703,3,0.014605718304381263,0.957054344973957,0.7943819703223285,0.5640963755831709,0.6803734777995052,9,0.6173676718494833,0.0004648517842582858,0.00044443962914289634
420,0.9083633440941732,705,3,0.014375663855899369,0.9642340461606904,0.7902607771380703,0.5632629827472724,0.7217423452179337,7,0.5963692020318396,0.00036608170349045554,4.549476264506492
421,0.9082222854198241,701,3,0.01413713980954294,0.9644068634050971,0.7940876368330407,0.5795727685840838,0.7278677033069537,7,0.11712824433042912,0.00129473562436997,4.767018369212476
422,0.9089250899013803,711,3,0.014855880397204237,0.9671204708098915,0.8011315802375603,0.5838745490991748,0.7253754566984458,8,1.1733529479079534,0.0010054433405933727,1.294227822505734
424,0.9083786746269394,701,3,0.011677450901250169,0.9664660692102165,0.8085329922207086,0.5876967809221816,0.7231506329051128,7,1.1615529583565838,0.0009920011883452653,1.1968750562058699
429,0.908570523886717,701,3,0.01586482036017852,0.94602085476107,0.7880055999986171,0.5815665073317456,0.7209055591445134,9,0.7725740468712154,0.00036594632074078123,1.1395475538598159
428,0.9084296227967229,715,3,0.01357502254360265,0.9826318558180295,0.7681420014556795,0.5830514324548308,0.7221124812353178,10,0.7634610609366413,0.00037184374911620365,0.22692058230544135
430,0.9082244630181979,719,3,0.015679903145644214,0.9423874254571204,0.7659017426263399,0.5824448028855436,0.7267804092026448,10,0.7530893652584967,0.00031659867150079173,1.1465041308558643
431,0.9078258160300188,723,3,0.01560336722183648,0.9457945602994419,0.7662043436168405,0.5897708839078276,0.6951245680127089,10,0.8133649190699599,0.00034935099052940693,1.1575972651605098
432,0.9086323347345291,717,3,0.015941381452648812,0.945988279270887,0.7894055304908101,0.5864867427069613,0.7200226083408362,9,0.7327497177887197,0.0003924326213695438,0.0001292987946772751
425,0.905377367703031,707,8,0.012085025346139481,0.6742069611977385,0.7999523004511226,0.49938050352936025,0.7181993940563357,7,0.11425357533599022,0.0009913128259671946,1.2620439843638331
423,0.9057040241829423,705,9,0.012059427530758957,0.9671613342590754,0.7907510670602563,0.5020796514753684,0.7302313955228342,7,1.0789709212769738,0.00046967079652343336,1.2564426141711076
433,0.9083787304998292,714,3,0.013325730303119983,0.9407380099387481,0.7881469976204556,0.5842589524755908,0.73923421456147,9,1.0112937210937334,0.0003855158111190417,0.04925226450321084
434,0.9084107128261776,712,3,0.015663522613351258,0.9422819671503482,0.7720370215338204,0.5945999690557603,0.7339967354502762,10,1.0403054628167405,0.00032123506201104664,0.803064003087045
426,0.9068305603757431,721,8,0.011853694724166643,0.9803563340822887,0.7904105501018763,0.5001132072866669,0.7271581219441297,7,0.06946182708319226,0.0009744189322948353,1.1934070803816426
436,0.9082973402710384,731,3,0.013288526750012356,0.9479032753696677,0.7890265935598316,0.5975388301430394,0.7383975415642127,9,1.0518416452031738,0.0005122816808828559,1.3754457052371794
435,0.9083633551167161,722,3,0.013060017841154884,0.9451734411454055,0.7896920921640087,0.5994819940936903,0.7386727067820507,9,1.0122042073915862,0.000499836091661959,0.001579997115700408
427,0.9063126845173682,711,9,0.012343855312253432,0.9819788822431359,0.7898401568223972,0.5801964003377642,0.7236993743359689,7,0.785284761747842,0.0009860815175036647,1.2153965299891332
438,0.9086560227873818,692,3,0.012997445935925485,0.9121889855694851,0.7993530806523452,0.5995932905569332,0.7433198310912503,9,1.0240957315748145,0.0005244720689123233,0.0006884807256432946
439,0.9080051910399771,692,3,0.013277540560978025,0.89206789109789,0.7822736804058393,0.6012206563299816,0.7386460263732205,9,0.49087096692086335,0.0006705085504894665,0.00030533670630660795
440,0.9086046773499483,688,3,0.01276680997935171,0.9144548883824666,0.7729069478769218,0.5994651459721141,0.7399630829114009,9,1.4828176560429627,0.000653917799987225,0.7737173610799947
442,0.9075125309589023,687,3,0.01328672888163305,0.9132404909522888,0.3150466106437794,0.6013027145575496,0.6976306771848028,9,1.4993200183907005,0.0006985010604722314,0.00018096884329731587
441,0.9081621225562035,679,3,0.013276492740730235,0.9165540437806639,0.7696276452078682,0.5995858125453493,0.6945679343784062,9,0.5027642997993815,0.0007092448982503498,0.29454047369980174
448,0.9032820592256889,227,3,0.01709195167782211,0.4467837356002585,0.8116452282376883,0.5494991040733881,0.698072808090578,8,0.5597515154105174,0.0006992048937378108,0.0002981712069677127
443,0.9087999935415499,684,3,0.012980044772309032,0.9172365282272086,0.8021893680252654,0.5468430288527832,0.7001538857351369,9,1.4799777618318462,0.0006964783722328266,0.0014260048327717038
445,0.9082196914733986,681,3,0.01350314439406182,0.9144839631629771,0.8077554940657297,0.24030734667431025,0.696154656895984,8,0.5033109143731838,0.0007296474527061768,0.0970080930239462
444,0.9090337699699591,681,3,0.013406755455080835,0.9169801837672966,0.8035645622672993,0.5523915335409826,0.6917972906422528,9,0.4762693552060325,0.0006826569576316506,0.004414279460217997
437,0.9059145388648477,695,8,0.01324968829162859,0.9416191523861731,0.7920599022401638,0.5919909642645707,0.6936865293242179,9,0.4952143524900137,0.0006680602155064552,0.048649672167789815
446,0.9077221198992385,684,3,0.016877311531027176,0.9139434353113254,0.804791800061414,0.5417630677638208,0.6985202962384003,8,0.5079606145483793,0.0006536445719701404,0.0003021197853435335
447,0.9081112623387104,675,3,0.017460757963538066,0.9577949493547567,0.8147447698731033,0.5478261277181058,0.6931531358309064,8,1.4835167821325224,0.000649037416396169,1.8877530654715766
449,0.908666647150431,664,3,0.014762737948320687,0.9573167112860973,0.8151799592581995,0.5469682330506678,0.6971726438012384,8,0.6066805282403525,0.0006830467917047202,1.8754504992723022
450,0.908718905634505,668,3,0.016987148201447363,0.9553723123131559,0.6957728670446678,0.5426900436255887,0.6919009701977499,8,0.5744697807212803,0.0007369540652544668,0.09247257954695472
451,0.9086672378827133,665,3,0.014875273217411663,0.9562115849638618,0.8098930601315901,0.5463646172175538,0.7713865551554809,8,0.5733244724109928,0.0008494869617923029,0.005657101568667609
452,0.9081607349320775,662,3,0.014234081347033235,0.9561033467228524,0.8074696764834872,0.5467176134126522,0.8025694258170943,8,0.6527960951363565,0.00024435202008412174,0.14940199175187396
456,0.895508577165159,664,3,0.08742483689759277,0.8877647144658201,0.8522614955943297,0.5702998372347103,0.6432268318520249,8,0.6409655801821839,0.0008902516357734061,0.003235931083680872
455,0.9076287008073793,670,3,0.014836140880042687,0.8894838808066032,0.8500931613608178,0.5728170171714659,0.6372758794942434,8,0.6651987820411862,0.0008965354345415096,0.0005046562163179753
453,0.9090842215931889,663,3,0.014628574109642922,0.9572803330041387,0.845822467083101,0.5710023254802327,0.8045705887478307,8,0.6460456712847111,0.0002388507673290758,1.938296316767839
457,0.9081060299756002,663,3,0.015261234037441944,0.8934937901604185,0.8147074019783028,0.5734497518610258,0.6338814847697026,8,0.6277533166378377,0.00022676474869356788,0.01795649801878368
454,0.8968916171295852,859,3,0.08079395830742214,0.9560720341998448,0.8495639311490899,0.5707121534378513,0.7991287414373499,8,0.6408451700141022,0.00088819338168007,0.00010508226780426438
458,0.9087036260334888,663,3,0.014888211059838055,0.9818185020367985,0.8179152950745381,0.5643424705531388,0.639738875417608,8,0.6479023915903247,0.0011009668624687144,0.18952671683806882
459,0.908169140267195,652,3,0.014992099636960429,0.9835222910903089,0.6917955343221971,0.5719728609398788,0.6405204838729779,8,0.6651564363674707,0.0011353079264489292,0.015020682472027019
464,0.8996365998352912,734,3,0.1650268597972583,0.9843003563100922,0.8420017244833324,0.5720282865633547,0.661934223997818,9,1.2025690641821705,0.000496977893898261,0.028391726070886303
462,0.9090457127811751,641,3,0.015021024074298867,0.9835382893095541,0.8409479966023046,0.5721497283515701,0.5070861327040982,8,1.199260869764976,0.0011500236489012192,0.014751707685028757
460,0.9079346409880236,857,3,0.014794264635443444,0.9836062630719683,0.8412869872692655,0.5742342679048167,0.7702680939433445,8,0.6707853375501354,0.00024422386567088085,0.00010538146760621673
463,0.9084954512473992,733,3,0.014537479006587245,0.9832351105988276,0.8521993161104432,0.5709946999979089,0.6680426891334659,9,0.8896849343115215,0.000494760070091679,0.024435403785245054
465,0.9089623837250953,651,3,0.011589233002713932,0.9834490899156697,0.8483603891329806,0.6196388794047568,0.7805730662058509,9,0.4220842421957349,0.00029282093632438896,0.00010003158155420082
469,0.8975991173664557,640,6,0.13996995637909804,0.9741740582112743,0.843355929785133,0.6171726516790095,0.7799179656767563,9,0.9001284699730427,0.0002670490145376728,0.0022745408357471766
466,0.9089823685836181,648,3,0.015796403340086244,0.9809805289686179,0.8404606748094341,0.6140146812053859,0.7835665491630965,9,1.3540822699751485,0.00029209806347129514,0.16196294327339036
467,0.9086405992851676,645,3,0.016000540991741315,0.9810783100251463,0.8417689410691401,0.6137002670688215,0.7132849981367932,9,0.8748891317494718,0.00043797051680635686,0.0019431747015036312
461,0.9084141613617576,868,3,0.014728604097512065,0.9813395077292,0.8485187872680899,0.5711625973469362,0.646667254372336,8,0.6621489408683529,0.0011260949787461328,0.012450945619393786
472,0.9084935483764053,629,3,0.016481895557785977,0.971071335790556,0.8717187943761298,0.6180094454658169,0.7123816373175091,9,1.1104961828993931,0.0002731494598957193,0.0038010909487587318
474,0.9090077863395148,641,3,0.01599288750799737,0.9708270522857867,0.8854149838017091,0.620661274764812,0.4575484087053559,9,1.1216390774429803,0.00027721566173508717,0.037151863496378716
473,0.9095801207055109,648,3,0.016227889675343027,0.9713303870640206,0.827754685942133,0.6186542337553271,0.5763801705685682,8,1.2982929234341756,0.0004838977866051705,0.0008379483396551952
468,0.9055600487156867,640,6,0.015779268624661794,0.985192792585432,0.8424630650730545,0.610476394579387,0.7806248716920982,9,0.403002755470959,0.00048061761622512905,1.864677386515389
470,0.9068807991498685,627,5,0.015941908893260064,0.9769270270088425,0.7587455457297324,0.6234100685917152,0.7682729351236943,9,0.4353707864219798,0.0002462059519654563,1.9183737568606292
477,0.9081460852883929,628,3,0.018162738923787353,0.970030860887122,0.8820887985695606,0.6324760751026829,0.46643598247262397,9,1.4061882090152387,0.0001781352010596588,0.012482941530572104
478,0.9078271571314118,627,3,0.01822577929776986,0.9723417785337074,0.8687106164740181,0.6372272716869467,0.4686962080597865,9,1.3754587726562364,0.0002862586144483428,0.0011021813147918565
475,0.9088105532136748,643,3,0.016390075920894413,0.970822213079175,0.8843685766962862,0.6438804056875306,0.7908057641131807,9,1.2966294970979109,0.00019541328131518325,0.00037559732821033616
476,0.9079346207673588,642,3,0.01644483407375854,0.9673568506165388,0.8884973578937748,0.6180275961634055,0.8232688503495631,9,1.3301677434752097,0.0002073857344510556,0.005802225375217574
471,0.9066195387328813,638,6,0.016160587768005604,0.9710374418726045,0.8874893793365998,0.6140751955265464,0.7789614956784341,9,1.1974626040000147,0.00025906619031072667,0.002319454033149926
479,0.9079669677498334,643,3,0.01739343407719166,0.9701348871276185,0.8919718072658818,0.6355677768539736,0.5084196650716942,10,1.3681659659792462,0.00030686595898488003,0.16623032228914245
480,0.9083130089298106,624,3,0.01855788231922483,0.968311977939008,0.8933958330286051,0.6266986077567185,0.4461173568565605,9,1.3444501138241847,0.0003160640616056572,0.000938473350919866
481,0.9081221193914413,647,3,0.0182412108615888,0.9671453491125435,0.880011949615993,0.6476063258278286,0.46960714105017615,9,1.2574356803432387,0.0002229073046273554,0.006757767942001035
482,0.9076745612754259,619,3,0.018279997696293557,0.9678886618219399,0.8861843494805,0.6377966225843075,0.49861286166004937,10,1.3028416895633939,0.0003068433094237035,0.010389007329086304
483,0.9086050595661259,647,3,0.018322631506110267,0.9681932732414431,0.9107454541058609,0.6252406424498261,0.5267555347477563,9,1.2745172562240723,0.00021899001154824973,0.001236498509596839
485,0.9083949479292033,648,3,0.016415572519350045,0.9683880298807771,0.8750157124910585,0.6448266009988807,0.44480721384700217,9,1.2571551626545114,0.00024083611795426658,0.035890594131886173
486,0.9091035744419067,648,3,0.018290531086204657,0.9651242239596746,0.8758438953897638,0.6516034529165797,0.5197590696731681,8,1.3380371718403254,0.000312353693432903,0.009427644618977814
487,0.9087499299118307,653,3,0.017690417886387016,0.9645286941170645,0.9141895885900737,0.6437337948320307,0.42708765225034007,8,1.2252119885221089,0.00032070003952646,0.009141099700033137
484,0.9081806690869028,649,3,0.01824004459249436,0.9681183277249175,0.8864583998852096,0.6509768361146582,0.58584086943268,10,1.3374178030049677,0.00029244971278522805,0.006667604833809735
488,0.9087389548038644,649,3,0.016927940891994248,0.9369275963099302,0.9126319917351552,0.6380760107219673,0.5177049927815579,8,1.2143772384126026,0.0002996849377414915,0.00017358436139762085
489,0.8994035800854485,616,3,0.017406031556024895,0.26967820574966556,0.8749045323735436,0.6359385645923478,0.5493912636569823,8,1.176622152095951,0.0003267608086888189,0.07649264619355223
490,0.907193979240766,654,3,0.008244685688519132,0.9398592547569783,0.914884410054848,0.6369479013625684,0.5454221949213591,8,1.1309108336706946,0.0003660010845593703,0.021626783403449427
491,0.9083554349255216,654,3,0.01161482651010817,0.937562902715406,0.9085873011576804,0.6362342803515673,0.513758143726255,8,1.1776474058956459,0.0003595647990994277,0.0103329764776598
493,0.904569230965239,657,3,0.014016182546437054,0.5197042373555035,0.8525496542610607,0.5944025531444744,0.45454499887451333,8,1.1696272407475605,0.00043315152357224264,0.007494037902701255
494,0.9044976373445335,667,3,0.008203916029421582,0.9359009285431681,0.24784630858103696,0.6869717387370529,0.8016237132635395,8,1.184776465905856,0.0003710989372209326,0.007164518572455748
492,0.9090888672529462,657,3,0.01170958995429576,0.936419225070175,0.8634625797118124,0.6234131779068701,0.7993422916409806,8,1.116472167711995,0.00038098261875756545,0.04224581252034429
496,0.9088588009364631,612,3,0.011534849211617135,0.9389292924893836,0.8632099182730478,0.62703218899139,0.5283505641782333,8,1.1205827254747542,0.0003232467876442235,0.017982746473049777
497,0.8957449917061826,669,3,0.01929717597745631,0.26175141799893786,0.8587998519014675,0.6864885714451875,0.5262293403205546,8,1.1465490036701274,0.0004645005384352808,0.0195576791165112
495,0.9073281413000605,667,3,0.019226612748932757,0.9404048246768012,0.8501182584333682,0.6546538703480297,0.7980543027243812,8,1.6138102563349614,0.0003655402411330574,0.009264605989485227
498,0.9076938184180641,670,3,0.00814665862798133,0.9865789175160073,0.8569131303107931,0.6771434716067469,0.5350255508513306,8,1.1249998555549718,0.0003556338018998956,0.004468371283601638
499,0.9083496261974435,668,3,0.01989640534380101,0.9872593273464461,0.8643643264381061,0.686424388964119,0.49000461387837785,8,1.5612807014337133,0.0004119597150974755,0.00829924093262671
500,0.9088339446460971,670,3,0.01143938300740821,0.9895133526610875,0.857886590870746,0.6093861737387166,0.504476451182591,8,1.073495953340611,0.00040817702938029997,0.008038011443443958
502,0.908392013500228,674,3,0.01939254998689382,0.9863096010679959,0.8642043730300808,0.6557708562374409,0.49543061263771787,8,1.0762838911068404,0.00040663591299398697,0.01650884370259604
501,0.9090686725860205,674,3,0.011477648745709708,0.9868212737202392,0.8558441847441199,0.6170277791642381,0.48794053755694156,8,1.6411666742752145,0.0003767303095363446,0.005022172404351584
503,0.9079562310328642,677,3,0.019857616447606637,0.9866144256153069,0.8536285362631091,0.6707437250826315,0.535462678449158,8,1.0840839398794628,0.000481053925030474,0.04136535572026365
504,0.9090888937070492,678,3,0.011603274728723406,0.9852983949412487,0.8652596332840465,0.6653686430763334,0.578891790901881,8,1.0605476278034645,0.000410749126419297,0.0171207041350524
506,0.9092991739508698,676,3,0.011815165830259513,0.9916609262066295,0.8517862476209427,0.6681802708203131,0.4891799732433356,8,1.6252315303674356,0.0003738689738907767,0.03945569423296889
505,0.9083855263916469,672,3,0.009506295432801055,0.9833427827203679,0.870330499963668,0.6516287584866208,0.7998343392726216,8,1.5583003366754344,0.00039293829285631056,0.004529452521627959
508,0.9078254408834722,619,3,0.009363007239134118,0.988223961790965,0.8711325022050038,0.616239985724328,0.4964707031560988,9,0.9812253039249881,0.00020033565921880134,0.06581067000290723
507,0.9082934650490216,682,3,0.009202999964660495,0.9871222496385598,0.8617413353322341,0.6135252681198733,0.8040009889599887,8,1.0487811672873621,0.00023827442873310716,0.0039178772213849435
509,0.9079044944091837,623,3,0.009255662438061626,0.9883136325727866,0.8641403333658589,0.6577040877043663,0.8271158940971702,9,1.0086978597299745,0.0005145378605801846,0.0002436967489899153
511,0.9080241896469708,623,3,0.011650053233744326,0.9528242719623693,0.8185971507223941,0.61539991035283,0.48206100085619025,9,0.986396833521024,0.00018652675117290685,0.11421977598742328
510,0.9077088900350982,624,3,0.009044566667627188,0.9542539472872288,0.8380166486018459,0.6674755514847269,0.5806173217707717,9,0.9805227913018503,0.0001901965627614986,0.003785338308529051
512,0.9074905894089692,628,3,0.009344637629735086,0.9540039174008613,0.8725529878945432,0.6164518546112087,0.4935758983045349,9,1.5323426917857952,0.0002597329021525142,0.05072440084288673
513,0.9072685158044109,628,3,0.009258865971739848,0.952594822960217,0.8278203695563159,0.659406587254706,0.4578300364559352,9,1.642186052680272,0.00021011588604768263,0.00022973010281231333
514,0.909606780435932,688,3,0.01170620001873923,0.9999198643748137,0.8716912121748779,0.6639597424368274,0.5730084280263543,9,1.3728340071203537,0.00020943356860327826,0.03218990741667801
515,0.9087530830432605,691,3,0.01177328311777036,0.9964654372551521,0.8730958023497245,0.6569913735150604,0.47557883988331723,8,1.3416719099433179,0.00020667186809601333,0.054697054916061597
516,0.9090195539303073,687,3,0.011817176684839278,0.9992639442861504,0.9301845693993043,0.694269983357492,0.48163102202869434,8,1.6724536240671994,0.0002002184633530964,0.038152411740088
517,0.9092713237858143,689,3,0.01180008539022518,0.9993587939740121,0.8354858388368112,0.6738482922468381,0.47512437452064976,8,1.6633002698638137,0.00024299695972787008,0.030546816124580982
518,0.9091898461368556,694,3,0.011884012226661553,0.9973926606141273,0.8292331118593196,0.7059206569896025,0.565740440535702,8,1.7269376062906028,0.00027146331507354234,0.0280331633183404
519,0.9090881662952348,690,3,0.012066877508919419,0.9569923910009727,0.8304188092513373,0.6870272876742698,0.47899425778819193,8,1.662901748049013,0.0002548122900557592,0.014467480037900424
520,0.9092432974121076,689,3,0.011171970632393393,0.9997533828979897,0.8330223495507717,0.6567036049306675,0.48770095760227977,8,1.8400762020840726,0.00026938317477400987,0.03712547958096698
521,0.9093810295590241,692,3,0.012040630501163139,0.9992973952778714,0.8324468179126566,0.6968321195087634,0.5078016649198024,8,1.794198446582089,0.000266616973962947,0.0287061210744589
522,0.9096224215763555,695,3,0.01220679625444283,0.9965902637695127,0.8333063879401409,0.6966711246061799,0.46259039586712414,8,1.7866367555508478,0.0003120975001214079,0.02923666438595827
524,0.908777413368286,693,3,0.012046345928659523,0.9967780685776404,0.9022826958624899,0.659023339162814,0.48193828469224653,9,1.6630022448077049,0.0002995152461875954,0.037925570769593006
523,0.9090964370032939,687,3,0.012067437266663273,0.9987667517207706,0.9378648171491685,0.6731666255510055,0.47656399600856714,8,1.7575972153014716,0.00029774929112993893,0.025358790372107164
526,0.9088780028903691,689,3,0.012161379837433879,0.9945052639469354,0.920265846095228,0.7044712145278154,0.5568628335311208,8,1.6581240326716271,0.0001540814842274934,0.0335547670445559
525,0.9087060172411423,690,3,0.011484044238000379,0.9916928592956534,0.8876941785746186,0.7047123223725149,0.5727176457922056,9,1.861099072270199,0.00028791583861263867,0.03420729744163745
527,0.9088460482344045,686,3,0.011294427281163524,0.9962944800989513,0.9506709921581924,0.6802469159949323,0.5673741755213006,8,1.7924944851542333,0.0001586008623417117,0.03324642093708205
528,0.9084495279888666,689,3,0.011100708311926843,0.9943033832930922,0.8884795236740423,0.6940896304665214,0.5565262368538086,8,1.779979433482718,0.00015056164316785313,0.028955709618071892
529,0.9089989318167693,691,3,0.011167324096005113,0.9996559934296224,0.928545316622662,0.7135223389677274,0.5668094906313884,8,1.8411705526971271,0.0001681714777806408,0.03005482525131238
530,0.9091703490828698,690,3,0.011256714119812931,0.9973356562135023,0.9295911405701411,0.7087186922465144,0.5690487606377108,8,1.711512729062589,0.00022240503047166041,0.030205306293657253
531,0.9089600597169447,694,3,0.011166897343852001,0.9968299794283547,0.8319569952582051,0.7295873592238968,0.576809317874953,8,1.829707092891128,0.00017208310892837406,0.03990200373764075
532,0.9089245665206359,693,3,0.011621440229639917,0.9998316552290716,0.8993988997008221,0.7132441084774166,0.5698039760407002,8,1.8770621914566812,0.00018609912294992293,0.030291949460095377
533,0.9094550818909563,692,3,0.011305517539312877,0.9996759151887766,0.9523046220008751,0.7029867493946118,0.571993686026094,8,1.8648648295800014,0.00015896454198460733,0.029365616931768413
534,0.9095057176286616,697,3,0.011427980180868755,0.9994985695348403,0.8343237873004687,0.7034920988451642,0.5658651638867974,8,1.8908948710831865,0.00023461480053901755,0.0269322234551338
537,0.9096228525197747,696,3,0.01107523506810615,0.9976033537615666,0.8341694865431492,0.718867636087949,0.4811770297714246,8,1.930095506814978,0.0002114683693293337,0.025047293018521283
535,0.9089359776651962,697,3,0.01125000635061062,0.9968659534099844,0.9327047404310224,0.7151913912169249,0.5645038925540327,8,1.8681459424950453,0.0001762183238201623,0.029721585786662494
536,0.9092872081823575,695,3,0.011026386233989695,0.9994664737494627,0.9379529367423811,0.7316089218872136,0.5031665156072188,8,1.8098974675684008,0.00017891079694675873,0.031058001875839267
538,0.9092519634113605,700,3,0.012189823397296335,0.9973031052999982,0.9762096647800959,0.7403037932365518,0.508511276673688,8,1.8591875688850674,0.00016670314029373844,0.023928669856107167
539,0.9094043155551221,693,3,0.01248505680234792,0.9999374263825573,0.9425292262592377,0.697070974472055,0.5077949234948865,8,1.9301204912177992,0.00024016244048413393,0.022023549104152235
540,0.9088974734142348,703,3,0.01076113075959164,0.9991727925618646,0.8400845220308129,0.7443369133251738,0.5123063844097203,8,1.8939770441535912,0.0002521814430560318,0.02409704023539218
541,0.9088228428929137,699,3,0.012403372301923244,0.9982643597040204,0.9748675348271234,0.7483911408015115,0.5114473104355872,8,1.7438981144314323,0.00024150144092654382,0.028380562130833096
542,0.9091632099718711,700,3,0.012433594366016716,0.9993032787963512,0.9896196546341729,0.7321368642196232,0.5066343711921795,8,1.766409338739652,0.00023795220248534751,0.022250939291634814
543,0.9090264846772362,676,3,0.012486382002926948,0.9967864999605345,0.8440576753942975,0.7507719223865513,0.5138415436244675,8,1.951343156842939,0.00023937631932221292,0.023666344964542608
544,0.9091537820488418,704,3,0.010862930660564955,0.9988671761678732,0.9960951025765656,0.7192930502813477,0.5185590276146879,8,1.7311111843198859,0.0002413101340206549,0.014788594297874583
546,0.9085662844646791,708,3,0.01063556738840138,0.9930073256513472,0.9863196003788477,0.7376517136842813,0.47165642119946355,8,1.9257069431849319,0.00023367596019071638,0.023335401067869035
545,0.909236390458668,705,3,0.010818318033115708,0.9967858450516901,0.952151815622777,0.7360381917971364,0.5910683956259934,8,1.9304752824020333,0.0002371268078304691,0.0237039980602288
548,0.9091783864931067,710,3,0.010559830308630907,0.9999932692506569,0.9956678861235416,0.7259430540379447,0.5053632700600403,8,1.9270394808159563,0.0002346335020814406,0.0230412750767521
547,0.9096804386929508,714,3,0.010590315906289295,0.9987508917559941,0.9843587258035518,0.7300355330751935,0.5887786144105072,8,1.9149109888249272,0.00021289554963583096,0.02203733086096336
549,0.9084221936028019,700,3,0.010600106169717353,0.999527232482703,0.9820983892380383,0.7497098220706018,0.5177360325235593,8,1.9514988382722689,0.00023082252063558734,0.0246343631142399
550,0.9090107875879052,713,3,0.010622942501094733,0.9998787530853314,0.9849509719368557,0.7250220644795603,0.5165304067591329,8,1.951503142804302,0.00021993206577928262,0.02533952485678978
551,0.90922938004536,716,3,0.01055370844170343,0.9995032424159297,0.998776971625372,0.7731555104706064,0.4667817210352024,8,1.9255061613366613,0.00021180586213745062,0.02225057202870593
552,0.9090358048834153,709,3,0.0105590979404368,0.9993717313351375,0.9601268127672906,0.7660115712953526,0.5235258148022979,8,1.9602831263469438,0.00015813122455448373,0.021705252293262266
553,0.9092747434347302,712,3,0.010102259946712544,0.9998311034912691,0.9860334798044835,0.727068643367672,0.54207988319892,8,1.9754594612546401,0.0001595937441017787,0.02214341624795537
555,0.9089905301304935,723,3,0.010511523530938448,0.9981646194307541,0.9627992359005074,0.7207553605019517,0.5349378842005523,8,1.747380694530276,0.00015447820565217324,0.020540073986330353
554,0.9087770515248085,715,3,0.010477234160692022,0.9978063310308851,0.9896956519396763,0.7321753560792305,0.5398632079251341,8,1.9240472073606947,0.00015589818167575866,0.020780972941351058
556,0.9090142137743291,717,3,0.010116269814664377,0.9941812605963427,0.9991632434507179,0.7198599414799576,0.5415229979461559,8,1.7554788080896728,0.00018371789061163784,0.020127615476482955
557,0.9090098919492806,719,3,0.01014592477503646,0.99964954965315,0.9918586538948756,0.7273797968427009,0.5361680316526352,8,1.9273793068936529,0.00014953842839907653,0.020122895873469437
559,0.9093491266710023,723,3,0.010055953865555268,0.9989990081604161,0.9961568098767568,0.7286462532353277,0.5401147784986514,8,1.7569585285894047,0.0001585336438451047,0.02122227849219365
558,0.9090756474991386,720,3,0.010064087498767835,0.9948600911806426,0.9937170308981123,0.7254508571130431,0.5943333549475212,8,2.044172168480368,0.0001645178759490153,0.020285414622663523
560,0.9089792937502515,718,3,0.009937571235098945,0.9873627130595974,0.9625088503311722,0.7244324131434037,0.5333810660512974,8,2.038971679257611,0.00014907633818061146,0.019548749488969154
561,0.9087767239652402,718,3,0.0097997799348375,0.9931138822299902,0.9597767690856183,0.7326160978517731,0.5415101349513703,8,2.066101723336198,0.00015462283672148337,0.020051633744474773
562,0.9091351358591508,719,3,0.009933774150911576,0.9879298011227948,0.9940531826100156,0.7218743369144255,0.5414607425191489,8,2.079000192068487,0.00016050450506401262,0.020809156292470304
563,0.9089442124169601,721,3,0.009834200690007192,0.9979997665243601,0.966556160074695,0.7865569572706936,0.5506911730183266,8,2.026986674700456,0.00015132018907240176,0.020336076609332884
564,0.90857382570845,721,3,0.009841854328347225,0.9999211709269644,0.9485574887672793,0.7669347284206738,0.5522531192974304,8,2.0868076849045774,0.00014616016823896505,0.020469810066116454
565,0.9088273693571726,726,3,0.009954013354043483,0.9985252244025474,0.9977551223611256,0.7671164899693754,0.5433905139015248,8,2.087212939623376,0.00018010139915167789,0.019180486865644976
566,0.9088156029826606,726,3,0.009833625398252362,0.9993512245814927,0.9633079945357312,0.7711518369532757,0.5835533604928365,8,1.9837054838508428,0.0001819017038048994,0.028737190915726823
567,0.9087685976144846,728,3,0.009800855641405919,0.9828903408519184,0.9480702219603369,0.7706718828724292,0.5838393846909646,8,2.13412378997648,0.00019021765597489716,0.045701376206352604
570,0.9086321627068422,731,3,0.00964280530618075,0.9981110013640594,0.9730963160224709,0.7640147227466415,0.49748348579086615,8,1.8196163634068274,0.00019435749189523386,0.02935029494751883
568,0.9085668033603888,732,3,0.009941643305451586,0.9849446215785786,0.9695981365703391,0.7953494692986479,0.5854518958568944,8,2.068934922881233,0.00018622244894470213,0.02859796655528104
571,0.9083250477511762,735,3,0.009607774981742662,0.9999640778012245,0.968819089774867,0.7055120193211466,0.49737710046423605,8,1.8502386006068725,0.00018604613700441488,0.0306769290033683
569,0.9087693924538545,735,3,0.009905267431394455,0.9827888843915616,0.9505980989921745,0.7739881167227214,0.4390818948189288,8,2.038222758265389,0.0001338807728574195,0.028764546185201984
572,0.9086718053964423,739,3,0.00969286764624065,0.9982183881317204,0.9734067591061636,0.7663603592846184,0.49733575526909196,8,1.806915983430015,0.00018558747375107862,0.027211582637775084
573,0.9090613560500899,737,3,0.010925925409122744,0.9999307823499343,0.9755622702214449,0.7630233754405465,0.4988302870661205,8,1.803076828720085,0.0001936496744030413,0.028994523568144727
574,0.9091545852501408,739,3,0.010965988122394764,0.9806563973621466,0.9673528963406979,0.6991285100142597,0.49707741661362304,8,1.8269040611283593,0.00019297818475579254,0.04826199924610555
576,0.9086012992826256,736,3,0.010968313838737084,0.9806547314444514,0.973683146157698,0.703307562051217,0.43761689248170266,7,1.7295903256276426,0.00012389962903002288,0.046969913294497914
575,0.9089610044628984,744,3,0.011104227757966989,0.9799074274591072,0.9774740659907064,0.7023631604969708,0.4963076522470099,8,1.827907978142523,0.00020015646857409708,0.029001898488336644
577,0.9091159284319821,741,3,0.011035762806352583,0.9997548708614645,0.973291731996314,0.706188765916206,0.49067724309517136,7,1.8183926212345864,0.00012011047337795797,0.032460148182442694
579,0.9089298619783023,704,3,0.01082158502264947,0.9800757202240755,0.9740529597194572,0.7024669073434441,0.49415023459801083,7,1.8252733640178178,0.00012092956070950004,0.058735178043682425
578,0.9088114723417184,702,3,0.011004668846016166,0.9783109266046459,0.9794922657356905,0.6978483400579725,0.49438570565652296,8,1.8267797673920367,0.00022197086732770872,0.061566369884169816
580,0.9083523781083114,702,3,0.011021186646672747,0.9789541005806957,0.980318269465071,0.7003551299330466,0.4531210547879875,7,1.7689253954096786,0.0001114934956241415,0.041650917258993725
581,0.9083980239788504,707,3,0.010931298263223236,0.9800481589857888,0.9746201227561142,0.7004185006243347,0.4640158217501782,7,1.7724126129251516,0.0002245771425500574,0.04235958065504358
582,0.9087214724426698,702,3,0.011039572964922204,0.9805876283975443,0.9804414460264294,0.7007448054591875,0.4611737568270662,7,1.7224208121343865,0.00012142813899986062,0.05885388930974497
583,0.9089826104714218,706,3,0.011121719406719301,0.9803484163246003,0.9436950022981779,0.7006166543870295,0.4682492262295114,7,1.7192320915550037,0.00011770597667971586,0.04211437415773381
584,0.9082622493595369,703,3,0.011088657688652321,0.9774055259351985,0.9404559783986863,0.6993157629958597,0.4516763706241079,7,1.7132322256937138,0.00013040380342259917,0.03889277938248429
585,0.9087153318980411,706,3,0.012218407974240399,0.978744624710257,0.9461526827338553,0.7473638285709998,0.5635750718186195,7,1.8925873849645758,0.00022734011032620027,0.03551470550399585
586,0.9079117360678403,702,3,0.008614650137315329,0.9777535485867113,0.9490919648140463,0.737741306724394,0.46215345506073413,7,1.702890418387315,0.0002422184907956555,0.015859463217788822
588,0.908865561784196,704,3,0.012179320010245303,0.982446661360647,0.9380569298431256,0.7407084796730662,0.4610641714475082,8,1.6808779551132627,0.0002518730358658738,0.039764571833765736
587,0.9092166575982812,701,3,0.012235670856100077,0.9760973269781411,0.9388578321338071,0.7418150844977602,0.5635772819727106,8,1.6897444370376469,0.000232955633726577,0.05907409629287508
590,0.9078845242220457,703,3,0.008677432996599281,0.9792925575985829,0.9374823559062783,0.7400815795834537,0.4660556690979893,8,1.6235384612739077,0.00024252495528191156,0.015660977680781094
589,0.9081524541897036,707,3,0.008573702817449107,0.9785034692761118,0.9376729072227297,0.7427205727207076,0.460017380549372,8,1.682373006317989,0.00022915714083324366,0.03690614782865431
592,0.9093880354112798,697,3,0.012555252133746706,0.979422667130039,0.9414152532468903,0.7432165789372297,0.5985592675652911,8,1.9272113273436071,0.00024544021852823157,0.015153951694170833
591,0.9085389575283329,703,3,0.012386041127731165,0.9804659027636231,0.956001569504478,0.7441345965627182,0.5588928147999443,8,1.6343075717494742,0.0002520512619133609,0.014892989247725407
593,0.9082785642433938,697,3,0.012304017397259363,0.9803915469069789,0.9987942809997825,0.7444803914581759,0.568281694630838,8,1.594723235829841,0.00027029384671841035,0.03559507743617912
594,0.8975274963034192,696,3,0.008585854687678083,0.2258526550388057,0.9439378094983023,0.7499344013919154,0.5667382280938861,8,1.5992548511815023,0.00026592693363710403,0.024681121842004612
595,0.9080563709872319,697,3,0.00868162370564666,0.9992559302600309,0.9995147662613798,0.7410961382384407,0.6010259000916702,8,1.6021288489620655,0.0002663715507265701,0.015749322146690694
599,0.9086749127653148,686,3,0.012426243856430551,0.9994235775728495,0.9548995083633086,0.6794783150315935,0.5989097689834026,8,1.947350945667135,0.000288862135058837,0.02460958437485658
597,0.9095444776026186,690,3,0.012403529042665142,0.9997015785342672,0.9992982895009342,0.7424657220279692,0.5990664613270283,8,1.9575620604282018,0.00027143506189041027,0.014305951946304766
600,0.9087830957552171,687,3,0.012395558579009485,0.9842746474833638,0.9999588661772539,0.7145821977993435,0.5636185962948079,8,1.9422956229392423,0.0002967734832140394,0.024876332704763023
598,0.9082044504892914,690,3,0.008770913189252853,0.9994978872914381,0.9276576227339418,0.7500058646469037,0.5979072331080382,8,1.57955323440983,0.0002967880544353272,0.01312782192001683
596,0.9093222875391931,693,3,0.012507875351798587,0.9990333988564132,0.9928502030852675,0.7423907056824115,0.5927944379538543,8,1.5990588978461533,0.00027187314228313943,0.01625459550685073
601,0.9089982666633178,683,3,0.01250804280931691,0.9994847894700717,0.9963111412316754,0.7529722998595403,0.5931554949084318,8,1.9484462762848378,0.00029434920883619905,0.01335792318982256
602,0.9086834606333148,721,3,0.012442179598557104,0.9723945647414961,0.9989652558272915,0.6784784312129104,0.5977700468991753,8,1.9024055305569216,0.00029200314294074273,0.012350102609628015
603,0.9085464361336533,685,3,0.012666967958520174,0.9710041876325888,0.9511853333154058,0.6785430014009053,0.6152351292755982,8,1.923499917358918,0.000283378611228687,0.013268638467438157
604,0.9087841118056208,721,3,0.01280706364825704,0.9705485974375926,0.9243000174213731,0.6877369117217164,0.6089689116759046,8,1.9329697646909365,0.00015133296325879633,0.026223162945897376
605,0.9088280566317273,685,3,0.012630500164407055,0.9720789298245149,0.9200341932032796,0.6789905222097198,0.5939538852168631,8,1.9832455517955219,0.00030605478802121224,0.012047117407998024
608,0.9021985921369648,676,3,0.012781712017673787,0.38073062772722066,0.9570360051560587,0.7893315172841947,0.6050985528167184,8,2.151205054517459,0.00014695473369102837,0.011281673162730401
606,0.908726509288674,722,3,0.012358519500728275,0.9999093405172712,0.921377044366382,0.682802021280192,0.5834177176046915,8,1.9011673696715494,0.00015217512498110324,0.02321884356591282
609,0.903846082822384,675,3,0.012674931350196594,0.3880157826589029,0.9546100800912336,0.79408322335272,0.6126129293766336,8,1.9336949516779143,0.00015418357687742613,0.033909048995601876
607,0.9083882059338194,681,3,0.012926091642402071,0.9702787330881529,0.9209926870291152,0.7879529966258354,0.6069961599684477,8,1.9813918773457972,0.00015712045833496152,0.012061038451250474
611,0.9089763844830815,727,3,0.012950748605443992,0.9690796986279495,0.9576430480199597,0.6862372640303297,0.609731823620625,8,1.98378926410893,0.0001601446586188932,0.011096685758292299
610,0.9086404137263591,721,3,0.012713864727623914,0.9699170999004867,0.959462902696544,0.7887620277207941,0.6154922686002486,8,1.9216687061978974,0.0001634736381739908,0.016011476754301347
613,0.9090464254455874,717,3,0.013122660085239728,0.9670280561758545,0.9239318084017558,0.7275993276414559,0.61182998147727,8,2.02003153738119,0.00015597181750823407,0.01758321435230739
614,0.90843351899958,680,3,0.013271352797338556,0.972531984530614,0.9593314997020538,0.7193579172647561,0.5781764691499638,8,2.1480516631776814,0.00018346865214670017,0.019192365172866523
612,0.9078668179892035,723,3,0.013334412395871308,0.9663316805000048,0.9602763038089901,0.7912374873854909,0.5885605939675043,8,1.901398625880338,0.0001639617814016402,0.016559434753935908
618,0.9082414185018415,717,3,0.05961284525184474,0.9834783975429828,0.9816088038105051,0.7194997646128981,0.5825336862910697,8,2.1918727854922193,0.00019196260593640712,0.017038733986031798
620,0.9064118409568381,401,3,0.011588462341173202,0.9829411102282447,0.9874104222743657,0.7218109467355023,0.578455512060309,8,2.156631265191637,0.00020174344879436075,0.017237203479202257
615,0.9085541094198865,671,3,0.013534755688865521,0.9842655101757046,0.9592041944247417,0.7878812622107612,0.581070858737195,8,1.8731941956818792,0.00017751375569310842,0.016731617847883233
617,0.9087616857959224,721,3,0.013207911759533196,0.9830761100633395,0.9862889581739955,0.7857232362508768,0.5774104481093699,8,2.1777283368836375,0.00017841002075705674,0.017023445205774628
616,0.9089126912129929,720,3,0.013276924914118953,0.9715792234602624,0.9794530463287787,0.8105103388863008,0.5719788388115861,8,2.1861774044434634,0.0002012327120850661,0.018058799910849303
623,0.9062787177532087,391,3,0.01153683821363671,0.9832245590577916,0.9811799222146822,0.7570773798673842,0.553728133460401,8,1.5389148082298343,0.0002016526506437005,0.05537768439402364
619,0.9088542891435889,757,3,0.011640760491453196,0.9849601240948587,0.9834440927102978,0.721161772397134,0.5775101854658904,8,2.2124865658038537,0.0002068676086541887,0.016978669476356158
625,0.9084691318474925,669,3,0.011510480060348594,0.9862541658829592,0.4067100731863068,0.7593382426854001,0.5600630335791715,8,1.481155234451705,0.00010128993659937707,0.054179245049954784
621,0.9088711725626071,746,3,0.011585797033886036,0.9827668967444413,0.9808919023784134,0.7245583971392637,0.5730950520335321,8,1.5037125022050728,0.00019951941957431445,0.016259869579891315
627,0.9021737614645089,696,3,0.2554434170720221,0.9849685633168388,0.984180503631222,0.7538514530854561,0.529268174458988,8,1.8156086546058114,0.0002255992707426671,0.05541309316648104
622,0.9092898244779389,756,3,0.011673492769655269,0.9844802778493512,0.9804424413469631,0.726328906323289,0.5781398422491604,8,2.208513922049409,0.00020574977946373216,0.018408809545046152
624,0.9091581763186032,757,3,0.01153081260496831,0.9847811072040649,0.9807040742272097,0.8119952262413775,0.5571778828111227,8,1.819727325532662,0.00021833207430157526,0.03369625455773382
632,0.9040639896016522,697,3,0.26110425009997673,0.9867212585415026,0.9720906906486392,0.7303976747361306,0.5289584153288607,8,1.7926704957543103,0.0002273672443194259,0.024628303382816165
631,0.9080038048601843,744,3,0.011705622698800352,0.9847224069340419,0.35204228516000324,0.7336597872621282,0.5250315870166532,8,1.8147286314521431,0.0003383927073939323,0.034429366232896545
626,0.9088513366224399,756,3,0.011773812292252744,0.9801654007137935,0.9844959491239126,0.7333781922896276,0.5546341339729173,8,1.5145852970759766,0.00010222858285650988,0.050749906999273654
628,0.9066883525442826,757,3,0.01155650397499011,0.7069963870170006,0.9741335859553522,0.7591162809127248,0.5475963529898583,8,1.5229910850917676,0.00021167460981358282,0.051176959897502844
629,0.9087186921012428,745,3,0.011555988456620241,0.9995915406902117,0.9823091130874774,0.7540769427122734,0.5529285164345672,8,1.499591973022564,0.0001009037518026122,0.05284844743576733
630,0.909750271139352,753,3,0.011627777029103639,0.9869087346780708,0.999432806772937,0.7594207089003908,0.5238585375135785,8,1.8006591557586242,0.00033100205210248444,0.03217421702695187
639,0.8987715065775846,196,3,0.010437020538840497,0.964172022747327,0.9407922669605818,0.7101822210227674,0.4268621459966102,8,1.6585833022573104,0.00034088494522584715,0.024681973118513677
634,0.9086951798009363,749,3,0.010427646570563321,0.9991541025806028,0.9383048189356495,0.7310358752792421,0.4832376704621144,8,1.7360623080657165,0.00034564276874183983,0.03420824145510189
633,0.9079732989464457,695,3,0.010332057030040689,0.9992995879164385,0.9405810691547338,0.711188682173375,0.5285861960063577,8,1.7833826745053294,2.293139966964989,0.03311499562635424
635,0.9095900489759707,759,3,0.010358302284613064,0.9998326242977642,0.9715344570258496,0.7419546726792149,0.552781479772702,8,1.756917187727266,0.0003569473337412353,0.025244676506699905
637,0.9073740864516437,747,3,0.010565067166329505,0.9989705094402734,0.3563241846556974,0.7129371066940542,0.4788553924740318,8,1.6830687012288874,0.0003533587794352988,0.025119281760794802
636,0.9090721884731385,755,3,0.01040456852855919,0.9862282569332537,0.998287947449254,0.7393805716949845,0.5309090165211531,8,1.727659283998141,0.00035451375894152663,0.024650145219219266
638,0.909084810577068,774,3,0.010429510648495817,0.9995380359869493,0.9682834386195731,0.7101959962046624,0.4809682055405402,8,1.6584586004560062,0.00032759765264144306,0.02598105676622704
641,0.9058337707635822,734,3,0.010374316866323596,0.603070644638384,0.9422616696243984,0.7155808606032907,0.41155620199715454,8,1.679410423592803,0.0003360769863420134,0.025336951698554794
640,0.9085737629179642,709,3,0.010442992729967723,0.9985298625628038,0.9401448337272974,0.7113823282068443,0.4814582593641525,8,1.6761671741996242,0.00032863273355888235,0.02499887941185943
642,0.9088660100596135,743,3,0.010248089590190815,0.9993577272662044,0.999138491858514,0.7738809796171989,0.4828695734518917,8,2.0573074946494185,0.0003466970300555029,0.023635802307660138
643,0.9090771575114995,782,3,0.010360603688919223,0.9653982603030095,0.9976199385706768,0.7377041179322297,0.47991971518386756,8,2.017275320123607,0.00032701905546125517,0.03384195348242194
644,0.9088200535053996,772,3,0.01033737347352662,0.9661827804067545,0.9682676215135027,0.7733942538537931,0.5209391187624355,8,2.05160432735806,0.00033253556970701346,0.025133485471904637
645,0.9089603853760746,772,3,0.01047814162412949,0.9623619159421481,0.9940734817732876,0.741215751112632,0.4814749186190583,8,2.0692709858140677,0.00032723651613243015,0.024450463757367726
647,0.9084541018120513,782,3,0.009635540137413695,0.9662454432482701,0.9632513743166884,0.7721386419394656,0.5128999750546402,8,2.0632641442462964,0.0003331121003425363,0.021856980927504776
646,0.9090256439232736,784,3,0.009177873641063271,0.9998862687911994,0.9998582375194917,0.7692746637281425,0.5227284595685427,8,2.0563893434576657,0.00033348559645515307,0.024349631728592724
649,0.9082698034502718,774,3,0.009740066522657973,0.9641451610086802,0.9994127032514369,0.6932971199007807,0.5103914156309995,8,2.0401003879864943,0.0002847450659616773,0.02314695335680739
648,0.9087191392363971,784,3,0.009010019027381234,0.9994190754522685,0.9680059211308832,0.7677805245410155,0.5119940747201159,8,2.0503877912642485,0.0002906574778281662,0.022572964849144957
651,0.9087813458315084,755,3,0.009284939746372975,0.9677551486842105,0.9694854834724794,0.7772652536282787,0.5099476932923878,8,2.0899923838369117,0.000268659741134298,0.02041438815258849
652,0.9077863069032317,758,3,0.00923832998865785,0.7494440576476398,0.9982537712800943,0.6897214073311646,0.5137634387135153,8,2.02517718265658,0.0002803516432401918,0.02079900085145546
653,0.9087643248207478,774,3,0.009208270033829187,0.9701693735091924,0.9648701071406616,0.7725056169291638,0.514748348167787,8,2.2948284363978204,0.0002616948899141955,0.021296883438436907
654,0.9091432007117188,761,3,0.009363663709051446,0.9996322848623626,0.9631663849781185,0.6894994021157925,0.5100708753463242,8,1.8527751260778207,0.00026001592157022063,0.020570529172403637
655,0.9086044254278297,771,3,0.009352378183980667,0.9854319126441503,0.9683135343924455,0.6908177266827318,0.5097358329803009,8,1.869941354515395,0.00013560872357304846,0.07556828268496327
656,0.905695973697689,766,3,0.009381980742081334,0.6325232208584881,0.9668037998201254,0.6928366343498189,0.5131038372290784,8,2.2909843223575237,0.00013094848024468376,0.0376274853208721
657,0.909167219744929,762,3,0.009402345675011067,0.9827719887106213,0.9662132433198388,0.6900825173966718,0.5476435362652602,8,1.9247235546503092,0.00012808994701943264,0.04085122903552325
650,0.9079868014094746,783,7,0.009489796244034792,0.966645583221273,0.9981338900452005,0.6920297383247257,0.513585057889382,8,2.0296157678759386,0.00012961296512852035,0.02218149604198996
658,0.9085547521481644,737,3,0.009090250556619384,0.9835321871664607,0.9697067069694538,0.6863840506271038,0.4354702607198685,8,1.8315850024646818,0.00013273598079550347,0.03710685859511257
659,0.9089586969505534,734,3,0.009258918173356957,0.9837147164005019,0.9686799938575621,0.69202915238111,0.4389318025746627,8,1.8450901058009463,0.0001319521505652565,0.04106767787728692
660,0.9088853651888573,737,3,0.011624724947794667,0.9815180409480251,0.9578074383273717,0.6927175425843799,0.5441706716993389,8,2.3098275885794624,0.00013232690509532702,0.0375216068552128
661,0.9094695658164096,737,3,0.011374907351811073,0.9841811055832983,0.9792123840622189,0.6743536619043672,0.537325431373623,8,1.859063132967607,0.00022703291283615945,0.03817199335854773
667,0.9044685284810955,729,3,0.1116048518250458,0.9825871737982825,0.9842480943473606,0.7495083052480331,0.44311087507707553,7,1.8551498441243774,0.00019265584745441916,0.014378584525655448
662,0.9087299424687114,736,3,0.013763162562944334,0.9999835742313621,0.9821264119397919,0.7543582080219928,0.5452042029511,8,1.8542204150969206,0.00014120859835787858,0.042214379964378566
663,0.9085672007040563,734,3,0.013596016659337578,0.9838811456173696,0.9815972516088809,0.7537924713311839,0.5386813585986158,8,1.8780586691252397,0.0001359580778282338,0.04343287530169607
669,0.9048135270805483,282,3,0.011611881076681697,0.9844069660855779,0.984748648972667,0.7584147818989471,0.5439782762021683,8,1.8785144948628132,0.00020078376549330666,0.013667473695345541
665,0.908682462371015,731,3,0.011517069894199424,0.9842630340141839,0.9827949591999593,0.6685008023901566,0.5409234912191874,7,1.8177602966018964,0.0002087024695521308,0.041595358407226994
670,0.9059086849823524,715,3,0.12127467408064672,0.9868800609895539,0.9834787838682215,0.742794559752515,0.5840584782640795,7,1.8887099210903988,0.00020148644892752226,0.03207639013807911
666,0.9084294977478742,739,3,0.011813564782106762,0.9831697459104491,0.9530711452242249,0.6742593613718522,0.43728408784792,7,1.8573002315093656,0.00020504577798662307,0.013359079979451755
664,0.9082897040813634,726,3,0.011526835832405519,0.9826807803449772,0.9774670143101409,0.6713299647992274,0.5449542101628662,7,1.8726097944743323,0.00019452888945445038,0.04345292111263909
671,0.9065805716871527,733,3,0.11337794464587428,0.9816762024453572,0.98179806450338,0.7329010109494606,0.5332590778215172,7,1.5996707610801573,0.00019272240732496574,0.01347581222109973
668,0.9088422795129574,725,3,0.011384932271041402,0.9852239782632546,0.9801391757986644,0.7533140358703007,0.5408311533822497,7,1.8769241738693294,0.00019801790988942467,0.013233448806496559
674,0.9043352638848464,290,3,0.011718254345064643,0.9576402077061387,0.9464656800048251,0.6705975403735278,0.590134778043958,7,1.6086016630837212,0.00021692519765861075,0.03466802755540758
677,0.9065054963872209,709,3,0.012258783898917732,0.9567644033756316,0.27931042678816037,0.6652804063766986,0.5604780674098723,8,1.5732075479160645,0.00024459367722426444,0.03194012616869875
672,0.9083403864938365,716,3,0.013481981241351703,0.9835952641706768,0.9507167506811606,0.6703704634774406,0.5375365694102624,7,1.7724752634756646,0.0002092831231012598,0.0006766071943053993
673,0.9085509833506997,719,3,0.011841053103630537,0.9570830155339685,0.9069086727635498,0.6742442833960836,0.5924826079070296,7,1.5837714508315959,0.00021546201837556014,0.0309000487978497
678,0.9091159096556503,713,3,0.013695199619400989,0.9577527829514828,0.9023490938228442,0.6671572210241324,0.5601232227177959,8,1.5772517263259962,0.000248205589667056,0.03137213899977428
675,0.9092902972310034,718,3,0.011986421726183463,0.9602076228831145,0.9469810941887095,0.672480522653018,0.534205456372373,7,1.6239923435940065,0.0002263110192363108,0.03140411457111564
676,0.9088155975854153,799,3,0.012238445411902598,0.9577725899760297,0.9073372422750171,0.6699422564527201,0.5929984294115057,8,1.5718728758315534,0.00024374823643245154,0.030913358830125304
680,0.9086710358709122,675,3,0.012445198982066651,0.9569598048906177,0.906797585379918,0.7181737186698898,0.5833760790519404,8,1.7472978801718688,0.0002520614489929608,0.031736415469865824
679,0.9081847058461865,800,3,0.013603867699439541,0.9575189708885139,0.9077665419875959,0.7199796755475307,0.5962054888040629,8,1.581915155828614,0.00025736863656330983,0.03053123783806241
681,0.9092716006416852,675,3,0.01252862984661536,0.9562817067284783,0.9119870961808914,0.7167046561265089,0.5919599130567917,8,1.6213989829081128,0.0002721499084421251,0.030786412439071625
682,0.9087702715966737,677,3,0.013809587203678668,0.9576575308208654,0.9040110330515055,0.7172967249207641,0.6196423423764637,8,1.7640976065261795,0.0002567416041854504,0.030129078939942832
684,0.9087801231654383,671,3,0.01357976925992629,0.9627578436375741,0.9272706390245153,0.7213028400070199,0.5878043107888078,8,1.7595099980570283,0.00026306646188488847,0.030128963817980286
687,0.8981881638079411,673,3,0.012680786756175254,0.28707141508544787,0.4252490414390081,0.7167656503741047,0.49642149818819337,8,1.7263385969619798,0.00026290746020123367,0.07582891970313586
683,0.9086994416481478,801,3,0.013725521038997029,0.9682206564775375,0.9033620151437872,0.7184192944200389,0.6225704646019712,8,1.7512693088471856,0.000246197136718588,0.03025320115297941
685,0.9085236168852344,687,3,0.012677098143556626,0.9682896804928619,0.9296647769995505,0.7163540466877554,0.624175919785899,8,1.7554209339167386,0.00026616284892848157,0.02869033321989104
686,0.9090266714523254,675,3,0.012610882270641848,0.968173054054174,0.9325012326840652,0.7221727148485423,0.6236821176113019,8,1.7449441972388384,0.00026915881746837525,0.028177938727953704
688,0.9079170109247539,671,3,0.013912381127808644,0.9680902516271852,0.9278900964153416,0.7143334179871084,0.5282068528213414,8,1.7481369436931755,0.00040954387996336157,0.017758450908314058
689,0.9085831267582096,676,3,0.013946867788719305,0.9689797372050654,0.9473386986759968,0.7123663163955019,0.4977121258938836,8,1.7148627701043169,0.00016713034939083127,0.02859273128973591
690,0.9003967406203784,673,3,0.013513227615614557,0.3053443257577788,0.9274255430934862,0.7116426007581913,0.5322665876680175,8,1.697037421869996,0.00016040057650973483,0.04653743452904861
691,0.9085277417488437,668,3,0.01373990833548483,0.9676207188388566,0.9249905803410725,0.7123572057238887,0.5686483996704398,8,1.4407863283319964,0.00016693366273022172,0.018510881919719238
692,0.9086710556354719,669,3,0.013685817240741928,0.9680116821493634,0.9278498386221112,0.7117213388169322,0.5658937880759974,8,1.45251907632218,0.00039905131587662936,0.018701740443078197
693,0.9087453218047367,669,3,0.012503120527533693,0.971073282223909,0.9279202218403233,0.708884195492725,0.5684657486167624,8,1.4844597182792652,0.00041246149839469496,0.0179653154233484
699,0.9043230490828819,750,3,0.06961326906492182,0.9449908186505119,0.9503698080974347,0.7004035574975187,0.5573870601751724,8,1.4608312340837686,0.0004064508102635679,0.01671728240747131
694,0.9087058495464551,687,3,0.012691655727715714,0.9712415251518963,0.9237219541345161,0.7016360097950985,0.5631144701580593,8,1.4741355224944666,0.00016491024430540337,0.016651286399922163
696,0.9083598433345452,697,3,0.01267681400393978,0.9491633390986111,0.9499424069204994,0.7025447182090562,0.5579580992048949,8,1.4271194219608072,0.00038561245345585345,0.01752525519153012
695,0.9085621166511612,750,3,0.012713327019414706,0.9473182557505887,0.9329857908259533,0.7034288437128211,0.5616093992277147,8,1.645431860020423,0.00041079179095764403,0.016677110476769015
697,0.9088165228708796,698,3,0.010945398300486143,0.948768469833556,0.9513370335831388,0.7031450435398603,0.5298694237489369,8,1.4543545492569385,0.0001646897797297624,0.018200596133406563
698,0.9083873905697143,699,3,0.011069439908122272,0.950308243543822,0.9467832266188242,0.7032172176143784,0.5613478245428261,8,1.4861767367832046,0.00016776030630523184,0.01769462387514858
700,0.9085621377080189,754,3,0.010982638690291056,0.9480642143814335,0.9533998488701354,0.7387887354941337,0.5531518955921755,8,1.5249603524142106,0.000394928615421638,0.017691087360406497
701,0.9088892033143161,747,3,0.011272699890237775,0.9504538949010988,0.9464318897639867,0.695692675300346,0.5571300736876763,8,1.4545220578329825,0.0004309653466752223,0.01738157389635106
702,0.9095480704955017,699,3,0.011108374011272388,0.9999774481376617,0.9517120486807945,0.7373063212609234,0.5724337959768748,8,1.6372559573124343,0.0004077466306621826,0.015808763581722996
703,0.9089515243158208,748,3,0.011161676181335779,0.9477320308142044,0.9521374291884981,0.7325891814805487,0.5468820332604372,8,1.6273869423478144,0.0001742823203643787,0.010782929763504397
704,0.908476398135831,698,3,0.010947654362075792,0.9490260206818728,0.9518312322453665,0.7349614980307488,0.5522439897553448,8,1.9787238619748442,0.0001501512554771181,0.010132241022973588
706,0.9093253687580327,706,3,0.011060073680812351,0.999326479767425,0.9553458271965689,0.7378324810276551,0.5281961181136593,8,1.987769915389793,0.00016326498482433814,0.010033304707219333
705,0.9094311632769129,698,3,0.011140376423265682,0.9999838963510165,0.9584104394094484,0.737688854337891,0.5277664202695826,8,1.6285629121931868,0.0003627262503926696,0.06489565214388596
707,0.9089208078335037,705,3,0.010921127782963669,0.9998497195248839,0.9637452063635682,0.7351661576139539,0.5255618642356474,8,1.9671771110879834,0.11924444422406179,0.051084444636573474
708,0.9090102648913186,708,3,0.010933893213053623,0.9995850195031167,0.9578052381284705,0.7349736906806612,0.5258645899496341,8,1.9737981139497136,0.00016959226868113616,0.047099150753285066
709,0.9090067626113398,713,3,0.01091789860382922,0.9846787575082466,0.9655007131517958,0.7325966991150055,0.5252238345391951,7,1.9633992137223362,0.00029318269648471583,0.04787041070415399
711,0.9089870335518301,718,3,0.011973716605079369,0.9999468309493929,0.3894045421941396,0.7328335239697572,0.5211524946083976,7,1.9883503682823391,0.00029398709658252437,0.03799204221991811
712,0.9084454334562547,712,3,0.010980765777903537,0.9842544576941227,0.9616465382915109,0.7337606558698583,0.3081744163238475,7,1.5922011509714524,0.0003188624374416616,0.010374583880545463
710,0.9088500846136004,714,3,0.01165430997601675,0.9849724959762832,0.9698256781224781,0.7353874621013164,0.5274725894169802,8,2.0046126368094748,0.00010090229730858975,0.07046094383394833
713,0.9082399845070178,714,3,0.01069994464527449,0.984661627040849,0.9655095863296067,0.733717229043849,0.6042308422226621,7,1.6317828678633652,0.0003253654332008722,0.011440310633933087
714,0.906598708483326,712,3,0.01016573335871389,0.5489676376505932,0.9719980391428421,0.681381582353069,0.5975206877404934,7,1.6103064647163858,0.00034428454522653144,0.10765617668992489
717,0.9079506873779385,720,3,0.008038613542964389,0.9998110088890189,0.968526002785206,0.7470177049299609,0.5310419432413548,7,2.1329250903266925,0.00033211629713275577,0.01139773244085106
716,0.9089790477575008,716,3,0.010262864705233396,0.9999157864093372,0.9680801043667425,0.7550933920379381,0.5286898863091408,7,2.215612591045812,0.00033666813637244376,0.010969750406109056
718,0.9079973079453408,719,3,0.009825352760543481,0.9835185544122026,0.9715548354076847,0.7560492582490513,0.5333714189450068,7,2.1626515255280863,0.0003314640276676187,0.0124402635768724
715,0.9083556236770669,722,3,0.010462001574271287,0.9838042505148449,0.9611800347379408,0.9998633499747439,0.5804192443300862,7,1.9781626113224,0.0003173715560604739,0.04350021273910999
720,0.9087253432556693,725,3,0.010079565916599215,0.9832846344300215,0.9847450158790014,0.7488191708925972,0.5413120981004009,8,2.4407817229027415,0.0003472342037316832,0.011463153549307452
719,0.90764260912804,729,3,0.01001053290594958,0.9841277238675911,0.9836347988999374,0.7537650119232144,0.5369150277335748,7,2.408854079184998,0.00035854859903790157,0.011777051832422234
722,0.9077203116700785,727,3,0.01020342486048213,0.9844214754059285,0.31118892864269937,0.7532895666778419,0.5473244050818894,8,2.2305186087217623,0.0003420277106953038,0.012845937915567866
721,0.9076897032086821,726,3,0.008125319609406368,0.9820125048469787,0.9828196663587623,0.7524284065198588,0.5757940924214789,10,2.1628622836988343,0.00039746651283877266,0.011816452614459131
723,0.9096414204874195,729,3,0.010392403329211153,0.9999776645735243,0.9995504166978333,0.7580793475411624,0.5385727573993823,8,2.1824075854517933,0.0003748007916041623,0.013950001143262803
724,0.9087955745660888,736,3,0.010431535768184745,0.9763083799233804,0.9987147393854512,0.7594388487508696,0.5711697739783922,8,2.1571554568696056,0.000440926399435277,0.012737246263157727
728,0.9082534921392392,739,3,0.009669107933594285,0.9739824165402312,0.9917186740421463,0.7574361530431529,0.2626695920771045,8,2.1109431680676085,0.00043261689672478463,0.013780443500944442
725,0.90840211395041,735,3,0.009876490626495163,0.9759861314798842,0.999598902697674,0.7601476538152945,0.5734436711136228,8,2.2243330311575615,1.0652558531140677,0.014017651643335752
727,0.9085195969258265,741,3,0.00994342908808805,0.9745066977631679,0.9873565013153939,0.7608822825673547,0.5760136738682857,10,1.7939134449548435,0.0004204661074780213,0.013962262114855146
726,0.9088267894193806,731,3,0.010208995092705878,0.9753670180017384,0.9863342811536785,0.7600963803897475,0.571252870771944,8,2.1223925280879046,0.0004433873386007735,0.01347222126840486
730,0.908574808007067,743,3,0.009892371671138449,0.9732536148789404,0.9863902189121923,0.7606959864628412,0.5485716243523834,8,2.1434427019987194,0.0004527622337318683,0.008225178922058875
729,0.9090069075007658,763,3,0.009842707948871796,0.9729436118824616,0.987349956764876,0.7539472384881118,0.5737004473361534,8,1.8189623320552808,0.0004763382175440245,0.008835115180000025
732,0.9087891942621477,751,3,0.011777018761701456,0.9709537914059977,0.9989669296875164,0.6847917465118877,0.5514890687798508,8,1.8005173767458342,0.00012782258471371225,0.023689608045870468
731,0.9084767724461849,762,3,0.008439799116373364,0.9745673463941633,0.9891631429850493,0.6871465090381152,0.5742092781297291,8,2.1230802602880616,0.00012436248076494797,0.014609896215349354
734,0.9088313481910928,772,3,0.011829275072641471,0.9727776987390617,0.9996014178264657,0.7698000283971014,0.23290138351912726,8,2.3463547972019647,0.00021236084956664076,0.00833967138234607
733,0.9086325004527606,752,3,0.011930049533233834,0.9746883298322626,0.9968650837536719,0.7762589339055972,0.5739099706834272,8,2.120070932712479,0.0004725855410115842,0.007473501995073271
740,0.9082820702482319,772,3,0.01186231664781374,0.9997607633477856,0.9369622473460707,0.2946464271200089,0.5069080945521113,8,1.6886666406426327,0.0002051065817320182,0.06682644406226747
735,0.9089052771465619,765,3,0.011490847272914051,0.9690487044448253,0.9401198025488688,0.7777326766822277,0.4996875469305725,8,2.343564146828906,0.0004919541627008117,0.02129330160966582
736,0.9086525493940674,691,3,0.011906663083933558,0.9708236414867102,0.9427457956325666,0.6809854684585495,0.5028750120534045,8,1.7866677121734362,0.00046579557681724487,0.008098721430778454
737,0.9088545154477974,693,3,0.011912647587051033,0.9701870827545724,0.9396424619271642,0.8245930409013708,0.509860261324127,8,1.7684363234563638,0.00046656392233434765,0.06940432489235697
738,0.9093536133020717,750,3,0.011733428375998056,0.9999377743682458,0.9346642704984276,0.679119755595922,0.5032417261808217,8,1.7871370580371888,0.000501728244643361,0.008637701440270438
739,0.9088390768180933,761,3,0.01178274576138623,0.9981943916077374,0.939660778408372,0.7763044315084536,0.5063782901966766,8,2.326593263111991,0.00021671330972385168,0.008282551254499877
742,0.9091036459744093,690,3,0.011829051687668188,0.9990141031668105,0.9434000080180536,0.7817518744259243,0.5204596465585777,8,2.374567571317946,0.00021841789388583785,0.0886160319370072
743,0.9089600281696668,691,3,0.012033184676588668,0.9994590824590437,0.9421489375891369,0.7284382451204081,0.4963016878747218,8,1.6887446781441064,0.00021737462800450321,0.023829775355764415
744,0.9078521310969258,692,3,0.011450198601809512,0.9984007796715642,0.9400976168611136,0.28639423688125654,0.5047672713763112,8,1.654424170427313,0.00022733701494454957,0.019841795205130037
745,0.9094854648083196,693,3,0.012685645515006587,0.9987193014571337,0.9450567783489702,0.7274787983451759,0.5021814149239455,8,1.8727175701705272,0.0002420756062465855,0.0007898859901868538
746,0.9098090184804107,688,3,0.01262140421987696,0.9997944411123031,0.9428465009301337,0.7237289515622891,0.5049549113343986,8,1.9306478804655351,0.00027773960698314473,0.020954960638968095
747,0.9080789419623738,693,3,0.012779488680229725,0.9878255116862091,0.9512207610002074,0.7282797547544545,0.6067953370605808,8,1.9077949153441092,0.22776658023870044,0.020801983985593176
741,0.9073441799361867,691,10,0.012156307186495014,0.9988578258052476,0.9427438093631826,0.7754805424429441,0.5022385768905253,8,1.6595347142571921,0.00021278756753205576,0.06331411768085692
748,0.9085972702771308,691,3,0.011088921408819638,0.9872260611671418,0.9579833888208813,0.8027911143478068,0.5961923075834336,8,1.9215381820561181,0.00027917226955292523,0.020413299572530075
750,0.9091708841703149,752,3,0.012922737670361931,0.9864545998226877,0.9569673369395569,0.6622990466830967,0.5967020926073353,8,1.9350985811306087,0.305238841702502,0.014655483490675901
749,0.9093069726660395,758,3,0.012906293203231271,0.9984825286637377,0.9598076162203554,0.678286608497859,0.6014367169918339,8,1.8915539287720469,0.0002794373284456401,0.005514315926674935
751,0.9087650075342502,786,3,0.012890455538000207,0.986987513891865,0.9570929007162903,0.6637377538064504,0.6080674240956907,8,1.9384104162365132,0.00029013051771504953,0.009902826846026428
753,0.9083989755663824,806,3,0.01296550150386743,0.9848468393609954,0.9732251207326913,0.6615058519415908,0.5513879339137437,8,1.9071081703950856,0.00030024666850817926,0.009830165270842057
754,0.9084885472586434,664,3,0.013903140819765623,0.9874430554012021,0.9170390546967082,0.6894447404789852,0.4891507019610444,8,1.9299224832532997,0.00037756516407226257,0.001630786957171172
755,0.9087852988954834,656,3,0.01436099626632657,0.9865269488608281,0.9206388736586145,0.8057454490733796,0.49111999596233047,8,1.914368651263164,0.2881258895409808,0.0008891781579494314
756,0.9088429583495656,656,3,0.013050258491331988,0.9991499195929715,0.9115160241589936,0.6953027100483612,0.48846283353572706,8,1.8834706777272996,0.0003821280321842072,0.0008844724919207692
757,0.909396258456343,659,3,0.014230233521519583,0.9997006038154007,0.9153800780297945,0.6889392697614158,0.48506478230907984,8,1.9094510907165962,0.00035159246975266815,0.0006065231182765481
758,0.9044605496043621,670,3,0.014201526362485882,0.4814261626702437,0.9214960159340779,0.7000929247869417,0.4877704310270778,8,1.9868447204572108,0.00036740854253455597,0.0018981563904065962
759,0.9072532188713962,660,3,0.01427823524017657,0.7879056142601528,0.9210985292185322,0.696260921322528,0.4713209630235021,8,1.9930056995697756,0.0003662815063741025,0.0005156047961373085
752,0.9065851840512288,748,10,0.01273356692670031,0.9852432333923544,0.9596596159676016,0.6586449877800394,0.6060219062760412,8,1.9374709080121804,0.00029902822102484606,0.006407359591332979
760,0.9091822896895773,776,3,0.014874159793883585,0.9992176817904279,0.9147546771834121,0.6911726764294782,0.6137074292344865,8,1.992406027631163,0.00036987905467341905,0.0006566616954134975
762,0.9093032743368322,657,3,0.015228115047581951,0.999503824281524,0.9156971102654483,0.6789848945412433,0.6219910163523779,8,2.0139648820888376,0.0003898357650632207,0.0012027282529662809
761,0.9084242488129405,786,3,0.014380794873678385,0.9993585017330862,0.9732077204635218,0.6950916236247231,0.6192577620231257,8,1.8791738096112878,0.00038263314131789647,0.0010855440580247366
763,0.9092668154897471,663,3,0.014370515495594085,0.999316299591273,0.9215847497524741,0.6899255211578426,0.6211044971736535,8,2.0236888894719764,0.0003710680149555596,0.0006779531505154617
764,0.9085423479865143,781,3,0.014345441816035052,0.9993682107306059,0.9199112616194824,0.6978005316470693,0.6170121873903855,8,2.0143629331288757,0.00037214467137599894,0.008880657547671254
765,0.9090690550302508,704,3,0.014383953666907414,0.999181479674928,0.9703527442731,0.7008436161847882,0.6219240947020652,8,1.9749781582770813,0.0003554620688905569,0.006431583919225832
766,0.9086289189625077,778,3,0.014147897921991165,0.9984608489413257,0.9229294655387168,0.6974990390467088,0.619710559094789,8,1.9841089897451374,0.0003130663605384832,0.0005869560367738935
767,0.9092141792745299,740,3,0.014430137956422222,0.9985702093300987,0.928328663456612,0.7080693206914817,0.6199932724845011,8,2.018636878811912,0.00031110484195685356,0.0006267855343896427
768,0.9089334085004879,791,3,0.014944151530336847,0.9987937546428881,0.9287833143593955,0.7147960888280371,0.6109115733916519,8,2.029672091342997,0.0002992697884581515,0.0007059752987051205
769,0.9096194558281552,781,3,0.014827015372072868,0.9995929510589057,0.9302191708011305,0.7211617068811137,0.5200682740491557,8,1.8228883671681742,0.0005031737172937177,0.0006741358049038086
770,0.9088010431156877,705,3,0.014545129940066084,0.9998182534423805,0.8964040048173061,0.7142918155376422,0.5209100046441145,8,1.8092988979466456,0.0002811715943112905,0.0004606866654363035
771,0.9088163180796339,705,3,0.014512617723006254,0.9999180948174698,0.9320408910898726,0.7141885238070195,0.5254170057527321,8,1.821596427881028,0.0005166177134413009,0.008553420006052219
773,0.9089635849542198,705,3,0.013651874691136982,0.9854727068744595,0.9326635958043582,0.7144308641423518,0.5199114603921644,8,1.7771392328682258,0.000496596445478658,0.0009219748707233512
772,0.9086947969006008,706,3,0.013811020795293739,0.9865762223714211,0.927312654892053,0.7187563935860013,0.5198464744652456,8,1.8146192576986167,0.0005143374563586768,0.0007391166023827899
774,0.9091107998328101,707,3,0.013374317528144556,0.9995668211127192,0.9701481804635479,0.718625535422814,0.5168920363832213,8,1.8041624214681715,0.0005125822500604837,0.000413457971614935
775,0.9086910555454673,703,3,0.014935921500382657,0.9849365664916592,0.954605709794656,0.7120456793198506,0.5174925798779513,8,1.8154985596944329,0.0005249688374483676,0.0006256107238926357
776,0.9091004340054054,737,3,0.013337583184999018,0.9998026950281039,0.8974609550742021,0.7208175177778668,0.5188890961559229,8,1.8201411340484583,0.0002680158011346991,0.0009281259204712479
777,0.9081418692797563,702,3,0.013491493933236941,0.9835188830453576,0.8989668345160755,0.7420719399653106,0.5209761182325761,8,1.8086435237521101,0.000518105168525785,0.009387899509653684
778,0.9088310067963328,705,3,0.013635383521387505,0.9833112663600405,0.8958205924870127,0.7233378543857519,0.519750459671444,8,1.8122610560100434,0.0005120053722966271,0.0003455113017412237
779,0.9081112801268143,796,3,0.013547437946326249,0.9825818547909578,0.902048523501153,0.7428227170041293,0.5147581965416519,8,1.78681363482545,0.000544113372639797,0.0006088069975158228
780,0.908411769165876,799,3,0.013633404556133098,0.9844726678867455,0.8984557840514028,0.741534695456374,0.5249292125557451,8,1.8141904150592463,0.0005054304621484817,0.0008041164197781816
781,0.9085943815346955,682,3,0.013057122362932392,0.9810972217226622,0.9041058490661208,0.7441218667203535,0.5229540299489674,8,1.758108856291227,0.0005149553792898477,0.000876099061523788
786,0.9072765115570375,685,3,0.041495850703532004,0.9725361872475645,0.8982040328385908,0.743231708510981,0.47503904168393873,9,1.7249893793645619,0.000497134007755594,0.0005286922625750187
782,0.9091161281300526,681,3,0.013024324960001079,0.9786937534891189,0.8968215562312294,0.7404857452869147,0.5410428403470312,8,1.7751625329030174,0.00044499311886926033,0.0005172448785971397
783,0.9090445830085357,680,3,0.013081668795827912,0.9789576452537757,0.8937289017274994,0.742512210076561,0.4760325356319276,8,1.742405742648882,0.0005289683330848123,0.0004076653078223149
785,0.9088306274688216,683,3,0.012704877874963577,0.973151552224965,0.9527520033583525,0.7422509952597667,0.5405264070360871,9,1.7351817519370143,0.0005426739628174294,0.0004990061587992286
787,0.9081030769223286,683,3,0.01567268629357584,0.9726340610995988,0.950976160293518,0.7440477423707252,0.5410893628394621,9,1.7249369878865082,0.000482922455815007,0.0005642936679488878
784,0.9084077996821129,803,3,0.015444888095818465,0.9755876504487433,0.89962770040591,0.7384402010382302,0.5476874587316463,9,1.7343923034014126,0.0005211732471392898,0.0008135879028847481
788,0.9072776656552888,815,3,0.015914128569673662,0.9702474493156271,0.949668621983813,0.739979796775566,0.5409071175345553,9,1.6911583920741184,0.0002531892273439156,0.0005218407842264994
791,0.9064949971490384,682,3,0.04804888249571225,0.9665517493169256,0.9496307488981423,0.7360773993115344,0.5419355499870268,9,1.701005246568825,0.00027290991031690275,0.0004627579841434991
789,0.9080371407548018,678,3,0.012443418271283563,0.9667897594047908,0.9495237662968506,0.7481027594497738,0.5449672099314308,9,1.741548917810959,0.00043698717181517635,0.0005524315661717843
790,0.9087917728530306,681,3,0.012565458966822646,0.9633350050450163,0.9535044410089605,0.7402531719759144,0.5416195837427924,9,1.674266425338337,0.00025717604442187483,0.0004319752336410597
792,0.9083173745409605,683,3,0.015621956318015296,0.9640626227655511,0.9525872985034484,0.731041908390562,0.5494265283429366,8,1.6974303014277758,0.00027712788573150345,0.00045026303479415617
793,0.9075806394795924,730,3,0.015691360792227417,0.9636349515045038,0.9509095714102467,0.7305617439931136,0.5482523167048242,8,1.690973406578399,0.000263611402390889,0.0012327720948065574
794,0.9084855919248455,730,3,0.01568372006479243,0.9633882569903703,0.9557389876219842,0.7309874324733641,0.5434748763579491,8,2.1179762097757755,0.0002608759542083008,0.015016446169717023
801,0.8974880492449511,146,3,0.010874768927009056,0.999988298001865,0.9717743517538379,0.724689626114943,0.49689020311831944,8,1.8912342797604011,0.0003089617630125634,0.0011518582743193409
796,0.9082991297238665,730,3,0.01549289953319976,0.9666416376956616,0.9765526946337277,0.7292524611867768,0.556794003774816,8,2.0705264188793806,0.0002668510666894044,0.0008292315073682073
797,0.9086212040946815,731,3,0.010764443773828365,0.9651852308877935,0.9997644933986823,0.7287363914741135,0.49728423080083994,8,2.0733544874883103,0.00025759508003955165,0.017347474347041526
795,0.9070862952299785,723,7,0.015192400412484654,0.964901409172455,0.9736689638384902,0.7303145333545116,0.5509657103649374,8,2.08337533268825,0.0002796509232980015,0.0010484516244761188
798,0.9088544797195549,728,3,0.010820740268341018,0.9596202061003982,0.9749948220924776,0.7256129209744925,0.49408809293457956,8,2.117277886968033,0.00026713569082192055,0.015555114244816667
799,0.908284742796791,734,3,0.010915777060090677,0.9608729290231736,0.9757160453227529,0.73009987006907,0.4876656003001651,8,2.0773588006601713,0.0002650446323799941,0.014790747036014514
800,0.9084384491929797,728,3,0.010757122547941884,0.9589310687320607,0.9776772122137909,0.7255691438292355,0.5004340759519676,8,1.8935202555460031,0.0002562528084139002,0.015033096125143083
802,0.9088820214054438,734,3,0.010876008264594866,0.9846332486705774,0.9724130153597349,0.7262215331600189,0.49776736793975884,8,2.0635057703203987,0.00018358215491038517,0.0011570386153590218
803,0.9089133915625641,729,3,0.01083758507741856,0.9848118182396587,0.9710877696339464,0.721886028116457,0.4959671083436448,8,2.099749332243981,0.00018406013816726953,0.015709531484946547
804,0.908889827114227,727,3,0.010787442270288132,0.9868467611393144,0.9759525574974292,0.7094524754974775,0.4978986304049699,8,1.8877211936674598,0.00018114127589745902,0.1255997519524951
806,0.9022657356150191,761,3,0.01103472858922067,0.9832274759163275,0.9793993765306798,0.7638711946456385,0.5855296459237526,8,1.5598984280504653,9.509763254398349,0.015045711893806612
807,0.9090804014078693,657,3,0.011088068276757339,0.9853162407889227,0.9793397048851415,0.7627813895388394,0.589801976574981,8,1.8884682862768185,0.00017230080456188604,0.01505818860236866
805,0.9090486065407678,659,3,0.011030846023317206,0.9865534817068644,0.9782445646656494,0.7065334882409118,0.5844295299577457,8,2.055631302290204,0.00017931977800045526,0.016491422539203222
808,0.9014833436605691,768,3,0.010845154479016576,0.9997784044359459,0.9806910683550143,0.7067159117284236,0.4583865532058096,8,1.8998114305041982,9.654193758034507,0.12047991129621281
809,0.908760789321105,658,3,0.011295126649647807,0.9858035149923917,0.9363893510070922,0.7621964716054221,0.4622996383337736,8,1.930317010482317,0.00018334577299739655,0.11729371782020022
810,0.9066023658390809,763,3,0.011267939909507882,0.9855998257829737,0.9868222238572857,0.7080116586773613,0.46199694681167625,8,4.943845751922474,0.00017602440606826996,0.025722014571581863
811,0.9088200750943803,768,3,0.012160357615108391,0.9847665487311406,0.9344710987841183,0.6835536974512747,0.5864200805199535,8,1.9036471205739176,0.00019435788553913435,0.026491460182382503
812,0.9088656318723654,658,3,0.012324191414980933,0.9840640868058724,0.9367244067710117,0.7057930298881511,0.5864239539691112,8,1.5472313519635534,0.0003959313764629527,0.025283955998908755
813,0.9088893681203369,657,3,0.012057245618941594,0.9836892516765159,0.9316066278317889,0.7651865957223859,0.5861429352298025,8,1.5364735136916186,0.0003810947053689197,0.024012528500780117
815,0.9087069934583564,661,3,0.01218326242123655,0.9844228340251584,0.9384913162197712,0.677502944634681,0.4555999763832061,8,1.915223658338298,0.00036731789551320366,0.02608609336259729
814,0.9093925405146107,655,3,0.012265871529315431,0.9874423812564174,0.9360290536235517,0.7641020061113859,0.45245104760301086,8,1.576700071316865,0.000385728568801141,0.025799682432471174
816,0.908788867082667,666,3,0.012056569301347617,0.9873951046188996,0.9321936147065186,0.6827719777261213,0.4595959734550279,8,1.9015641992549175,0.000428878399815879,0.02262319221655806
818,0.9094030246253034,704,3,0.012089777448646344,0.9989990202457719,0.9338506014795119,0.687179750312823,0.4757734726542885,8,1.5342756152099781,0.00035954273254929143,0.025504092798577245
817,0.9097071390167368,751,3,0.012166157616764468,0.9995781005600594,0.9289736224470534,0.6809506637409946,0.5651055057573469,8,1.5697507134378776,0.00040002423967352453,0.024988335404269323
819,0.9092398712256836,703,3,0.01230518835904731,0.9837978914007085,0.9293434564933315,0.6806604920324539,0.5595005547115278,8,1.5496780104078525,0.0003250017729651005,0.026411400442963855
820,0.9086051652305027,710,3,0.008790969962952642,0.9993199310298202,0.9349189048213249,0.7904905250639175,0.5713529753275421,8,1.595975718097159,0.0003785206409229921,0.003014264910178847
821,0.9083322784633072,709,3,0.00893297807332399,0.9997604984910567,0.9996626203845832,0.6842213236652497,0.5689064253389775,8,1.5336355237704002,0.00038624452177508294,0.022836683930364213
822,0.9088471847726047,708,3,0.009006341656792044,0.9997918399370483,0.9992344738078625,0.678636178326073,0.5562581950054037,8,1.524355778623489,0.0003776131294641265,0.02068733135710469
823,0.9089363984982827,713,3,0.009176932918178797,0.9995963645748805,0.9151341173377269,0.6864595416519176,0.5585495157381014,8,1.385472480039948,0.00037209394961707263,0.019599640353700546
824,0.9086477012996079,708,3,0.00994602142947428,0.9992415818230104,0.9997010352074843,0.6851924606412614,0.5060010280416083,8,1.5854146837079326,0.000336038521961708,0.020216564043083262
825,0.90846485798951,708,3,0.00921710152106469,0.9555167586889753,0.9154587306655513,0.7782021923858636,0.3997880908660004,8,1.389005293111307,0.0003987704604943612,0.08935278214979712
826,0.9080828106468826,709,3,0.008801748316555091,0.9544921067373593,0.9111171830300355,0.7903135934325219,0.47633655327191277,8,2.245896720751851,0.00034148583814437675,0.03913126723976916
827,0.9087183283573268,700,3,0.008834926141277202,0.9992291065399442,0.9162591393674304,0.7879094343822178,0.4484625250169715,8,1.5469400978712038,0.00039832359457182777,0.0344448601344606
829,0.908438688344152,753,3,0.013591309838418584,0.948031625376775,0.8799449511513883,0.6690148203794988,0.46133538080328146,8,1.3627060743727795,0.00041325526194943167,0.03618938306369474
828,0.9086412641345488,792,3,0.013396184308751157,0.950278055383372,0.9127366712224002,0.6820568173194383,0.4400491268967363,8,1.386742705100412,0.0004171911028144386,0.03683867251918694
830,0.9086018441763329,785,3,0.013358455710819903,0.9534890417535217,0.9174946370877143,0.6559841937349197,0.42322225497482546,8,1.3557522194770288,0.0004113011350510844,0.03592807657912713
831,0.9079863361061289,790,3,0.013545880227510358,0.9574030505297562,0.9134379597609646,0.6619574361060284,0.4019420231290798,8,1.4442577562809307,0.0004285641163311953,0.03693137233624555
833,0.9086710593603312,751,3,0.013397064814905837,0.954253310234907,0.9189013250694632,0.665409253554775,0.4091193731705982,8,1.4075771591062625,0.0004395558483974073,0.03152512861277037
832,0.9082277728217723,783,3,0.013412950368025615,0.9554155326708108,0.92169976477259,0.6578608808521046,0.4495397502965056,8,1.4256046493082386,0.0004317409299672579,0.03565937569764382
834,0.9085629766375606,749,3,0.013487736187513855,0.948259548208294,0.9145103857264487,0.6533174095615422,0.44380243626293336,8,1.3929485910069066,0.029709970445629143,0.04353313127940297
836,0.9060565780894105,750,3,0.01352012695593044,0.6673254004505151,0.9141380182181298,0.9711890738620428,0.44713291534812244,8,1.3750778852207732,0.00043927527196381143,0.03383733824046067
837,0.9085238516273895,750,3,0.013691315084002925,0.9733697406713703,0.9168362109904499,0.6612393842558578,0.4811429069421669,8,1.485177523144977,0.00056671855095911,0.03792007625753263
838,0.9081698168992945,789,3,0.01330387499860516,0.9730883036181585,0.9083968255101507,0.6524098132937357,0.4503498048927295,8,1.3489754125450002,0.0005796924807577457,0.04689617683787456
839,0.9092571730452272,747,3,0.013012094068869254,0.9732025972872065,0.9182807138389317,0.6495786609600407,0.47237569921571576,8,1.414400538095238,0.0005081998285186246,0.04753434851842869
840,0.9088935968999197,749,3,0.012758738980813077,0.9721092685671209,0.9187307817572826,0.697347263176213,0.47195491977660003,8,1.4976510703058477,0.0005964286292977623,0.04834579101961185
835,0.9064236031503856,750,9,0.01384530326564198,0.9717856216100638,0.8770499847549673,0.6706845579017728,0.42420346748480775,8,1.4853275774220114,0.00041572909918097213,0.031551247428357194
841,0.9086323011347777,750,3,0.012561800307982946,0.9759282327599613,0.9374340632056278,0.702220240780357,0.47473330688591625,8,1.4416214005147963,0.00033454524248135157,0.05294494209886328
842,0.9086525531949441,749,3,0.012508561593958243,0.9739712000804358,0.8798960307346294,0.695896638942972,0.48027948634642165,8,1.610071172701688,0.00032426697770243884,0.027789244080937622
843,0.9089402390563025,745,3,0.012367479612190764,0.974142931120426,0.9375867404084525,0.6978316454308465,0.47246014666029496,8,1.6429505150166623,0.0005784697057073328,0.04879051685068784
844,0.9090302260323699,674,3,0.012400707964822476,0.9770206397238869,0.9392438399846805,0.6879506582580205,0.47101638441178334,8,1.6439781133228586,0.00032498774999206525,0.028324448185835717
848,0.9054514027029648,323,3,0.012084402239756972,0.9752401781752459,0.8826272867191023,0.6956231985910649,0.47447987923146284,9,1.6599138459407228,0.0003160032758242292,0.02831565045410534
845,0.9092594785811162,652,3,0.012272401264175769,0.9693230503773509,0.942799901326407,0.6978164812733196,0.47144845459653356,8,1.6465956770289467,0.0005980476865754587,0.02741064841901885
846,0.9086602310422295,643,3,0.012234575960728451,0.9740525922775745,0.9393373178297525,0.694798481082704,0.4743360904071712,8,1.6228980926625909,0.0005641199920731383,0.05514030729739365
847,0.9086139874457949,646,3,0.012311284193117882,0.9774391409675182,0.8805820602079321,0.6970608386974142,0.4695626676968904,8,1.6099907324406555,0.0003172212903953535,0.027948925313746042
849,0.9092558842438997,667,3,0.011933988714512147,0.9770372974882172,0.9393245858403542,0.6900370450478748,0.4763483549397993,9,1.6591114841160783,0.00031880508236157423,0.02646291977112322
852,0.9094227789226357,642,3,0.011891318776207768,0.9997411322622104,0.9331564253252066,0.6947245503018917,0.4830373069192269,9,1.649872769367813,0.00032778282340948007,0.026417996108212775
850,0.9088434389324365,648,3,0.012102472578805035,0.9834871349496778,0.9454366894772961,0.6947986640981073,0.48010184189496224,9,1.6292849072080606,0.0003214857319837775,0.027506533458422033
853,0.9084999750510443,648,3,0.011546498169168752,0.9847571073034045,0.9408468525084476,0.700505293243083,0.488218819926915,9,1.6578460287609706,0.0003353115688782564,0.028237355416571536
854,0.9091855788163814,661,3,0.011584445713604558,0.9837689424387711,0.9416272383711797,0.7032830824594055,0.503474175981295,9,1.680700960887178,0.00030047392109277583,0.00033878611528920206
851,0.9091659934300171,818,3,0.012111964981292075,0.9844235430057517,0.9433819106509193,0.6991001276038609,0.4791987139726136,9,1.6073819639138052,0.0003006526292979644,0.026763251755020204
856,0.9088078705547833,647,3,0.01180048024596042,0.9848697528442941,0.9536580655924249,0.6759449516240021,0.5079307741181508,9,1.8360590336153844,0.00030158639219082177,0.01945623218439505
855,0.9088041624193135,649,3,0.014849484313536557,0.9873857687102561,0.9399917231290583,0.707953292346731,0.5086016492651347,9,1.8263266125603588,0.00030763591000955643,0.00029232550301136316
857,0.9087660433492136,666,3,0.014509191864733319,0.9999415629825182,0.9583572393387091,0.7110344935586953,0.5078664781622781,9,1.840562672627392,0.00030118613560328376,0.02039624101471408
858,0.9082271433205458,687,3,0.014549408312483988,0.9851063082561586,0.8249076022220069,0.7143531591615163,0.49007524551945114,9,1.8194838471840997,0.00023931707579809158,0.0007047854974437783
859,0.9086412315230253,818,3,0.015200351437893674,0.9879904777544853,0.8269464472795437,0.7132965506541398,0.5029898102671408,8,1.8440734616885652,0.00022566835050242393,0.0003445423399708256
860,0.9085317887704948,659,3,0.01523291234493943,0.9996868870019648,0.8277880231353467,0.7072291047159445,0.4876414888097539,9,1.858087940197544,0.00023217656119689002,0.0007248439827107022
861,0.9031910790044793,635,3,0.014434387834976053,0.4370262185994035,0.9606058375294777,0.7114451840420399,0.5679675620167297,9,1.8236060272769181,0.00023017959269391365,0.0007524769875966112
862,0.9087101075927897,670,3,0.014494407345107665,0.9994978768733819,0.8284246506156522,0.7117736935761115,0.5667625867624363,9,1.841413354676696,0.0002316197530218139,0.02031705081353732
863,0.9092360175926475,634,3,0.011415862798724082,0.9994983363242604,0.9586515265155496,0.7133483378548523,0.5681953169460744,9,1.8112171215364044,0.0002324921706123254,0.02196109858600734
864,0.9075538356959381,638,3,0.014498774623371857,0.8307042380173759,0.9579533175934642,0.715195460733616,0.5715900073657133,9,1.8871962585543196,0.00024377027038863128,0.02033657946783296
865,0.9087771010882427,675,3,0.014693259593344492,0.9830148231701653,0.962019088891175,0.7140435051015405,0.5667099092456152,9,1.8449647302696244,0.00024167312367456893,0.06584125917037773
867,0.9089752002818852,684,3,0.015440488844371877,0.9990437844839433,0.8281803779383219,0.7677739698667582,0.5647166747948397,9,1.9818163613421356,0.00022477184449924657,0.000776532771681983
868,0.907171014950886,677,3,0.010324393693609976,0.8381342654213483,0.8304269037213489,0.75219188107165,0.5663352220892005,10,1.5222674270177559,0.0002151780233791278,0.021438311410641005
866,0.9079814465060941,675,3,0.01519571881572085,0.8437782166495493,0.9599830545939285,0.7588904975975839,0.5749543539568724,9,1.5191516057233223,0.00021145419338875125,0.020781434864341197
878,0.8920186188689879,101,3,0.010321057049436116,0.959388196083062,0.858107514244651,0.7524030832991269,0.43187506436889145,8,4.033597192420138,0.0004385308055590383,0.03801832580682618
870,0.9074860270644326,632,3,0.01054030245155322,0.9606736541504596,0.8551524390892408,0.7529276892443288,0.5737022116346621,10,4.587739506478604,0.00024837917675377103,0.02055492245019871
869,0.908761108062639,675,3,0.010230244444322543,0.9987165543828807,0.9602992948871342,0.7566806706573524,0.5671526639180263,9,1.9823534081999568,0.00022128296538139876,0.07952467354591702
871,0.9081022842874671,679,3,0.010122455126351463,0.9626896394116585,0.8526216815659046,0.7524236339267258,0.4295469431374385,9,1.9780677876259525,0.0002181805339563582,0.08402885764146618
873,0.9084772420825302,685,3,0.010859829561444424,0.9596685834251059,0.85160932745425,0.757267977541351,0.43564288392862377,9,1.5299286452551129,0.00022812151809602674,0.06805243821705058
874,0.9073591377549673,685,3,0.009960980752146886,0.9603227804648645,0.8550647249913094,0.7648234016019511,0.4341455971530519,8,4.560119159626563,0.00022479805913046776,0.040877784792609395
872,0.9084386425055768,685,3,0.010242906200766474,0.9628682466887022,0.8453812052303372,0.7625678512565157,0.561532238721254,9,1.9768467092157245,0.00022927114900975123,0.022567760224295495
875,0.9055439973846319,688,3,0.010176913577630613,0.5220941293888823,0.854055242604521,0.8032333252493459,0.5305431112639184,8,1.533570904601309,0.0004390447253940578,0.001468607936944726
876,0.9086817710675307,689,3,0.010231275197743233,0.9609607202481636,0.8471201486083114,0.7484619076738219,0.5320792298789938,8,1.554630395307787,0.00042985475253204446,0.03652800607854655
877,0.9083015254925723,687,3,0.01008076063002036,0.9610163172254356,0.8459613884191699,0.750095550335067,0.5306685022745772,8,1.7155199977988584,0.00044556478131926825,0.03761813969031726
879,0.9080159730633985,684,3,0.016793268597150322,0.9395739797691053,0.9242726714661136,0.7818036664342233,0.5288127986383567,8,4.641821978041622,0.0003690565366656781,0.043364095309211245
880,0.9084338104508181,688,3,0.011308531084443444,0.9700799145619832,0.9612826570238235,0.6801395282940979,0.5318685811592232,8,1.9809715281118052,0.00035644475109397394,0.07768430147508672
881,0.9062478544050094,692,3,0.006444513170106705,0.9407933731314962,0.895372450621288,0.6733157897542633,0.5989696434538451,8,1.7186954087539013,0.0003965058431369389,0.03867060994385104
885,0.9080724213300588,658,3,0.016662734873110385,0.936761984414026,0.9264431569857442,0.8011619346209541,0.5232928853635265,8,3.7354688376787033,0.00036371919619205634,0.03300133697528396
884,0.9094460979863623,687,3,0.011285933455323575,0.9999790340146629,0.9268040170647818,0.6760528858471171,0.45572137115136346,8,1.717147387188344,0.0003713065723679537,0.02580746612775241
883,0.9090295447632005,701,3,0.01291056625039431,0.9430627542805506,0.9336570455858909,0.8045557868162284,0.45348017293122983,8,1.7175655791503843,0.00037197397913248207,0.025885887871039275
882,0.9086794897052186,692,3,0.011311057896201234,0.9684330688701195,0.8946874660358035,0.6753389095596404,0.5344917068709298,8,1.7246035476260126,0.0003678835433875235,0.03800832646039046
886,0.9088623582531389,691,3,0.01158453247647379,0.9862380515176181,0.8942150857895319,0.6711942000941694,0.5987594181821257,8,1.6724854255912605,0.00034938313504949615,0.030699382724765058
888,0.9085780057607915,659,3,0.012903100316194654,0.9353344714690995,0.9247682786040058,0.8300567670323394,0.45471142439278905,8,1.7342421374757455,0.000349689580893674,0.02839251504629934
887,0.9088464477825806,695,3,0.01122889550054394,0.9380785268302723,0.9281661694567879,0.6767408481884208,0.5964314884154036,8,1.7409159535054357,0.00036067209273320136,0.027167914375194637
889,0.9086246429760342,595,3,0.011391002863125528,0.9999728956871548,0.8851367556634033,0.6758381216919687,0.457409010671324,8,1.6799448363081675,0.0003393022545604257,0.02678212417445951
895,0.9029336377845839,662,3,0.2334636415528598,0.9856918834055958,0.9056525816861624,0.6741991604351728,0.44956009819352016,7,2.215446392244503,0.0005448496272374356,0.02587787868121364
890,0.9085426301636128,661,3,0.01278545121344398,0.9852869941076646,0.9012447190757351,0.6756652249437539,0.45626363384123714,8,1.7228465983506864,0.00030794689343874516,0.027209387916741924
891,0.9084967174715182,594,3,0.012982418155832011,0.9996425799228945,0.903694102147838,0.7242528952558663,0.45417212399005386,8,1.7185450362809063,0.000307762016071381,0.025853593440937073
893,0.90920269188438,660,3,0.01153667360808795,0.9848429526051458,0.9244098990175713,0.6701592924770883,0.4534901130238231,8,1.7448188612280553,0.00048736540952916483,0.02687703581125471
892,0.9081610190096143,719,3,0.012912211413780303,0.984201053670287,0.904359469342704,0.7211238487378261,0.45072455195318534,8,1.727885192322076,0.0003091951108364877,0.027538303437330793
894,0.90844156249122,661,3,0.011397477801458937,0.9845980826020538,0.8949567506878321,0.6667330673972769,0.4552907981335297,8,1.6978878058000704,0.0005694787196065712,0.02617121573572754
897,0.9081062093769882,606,3,0.01177717485014554,0.9845743608517029,0.9094796474134317,0.6560744991128862,0.45847854239430286,7,2.1810106025957494,0.0005716602724241631,0.01834523847865445
896,0.9085396465512912,662,3,0.011387263447173541,0.9999277331058899,0.9285145046150798,0.6435713096275819,0.4564213659002095,7,2.2374424775435466,0.0004718832585998096,0.02426746339295731
898,0.908410359040559,715,3,0.011326460328431034,0.9852673779239981,0.915239780135669,0.778789667437481,0.4539909257126643,7,1.5513923674930132,0.0005056554733635958,0.018093643851720322
901,0.9089452451152041,616,3,0.011490741423429483,0.9852983372996311,0.9270555808978154,0.6481293310351468,0.4189526470713216,8,1.3094415468119882,0.0005055896993091613,0.018388696509378483
899,0.9084677000571773,719,3,0.011403957186510326,0.9843547919517557,0.9018020328159597,0.6456977122417732,0.4122047399672656,7,2.191201491160633,0.0005737673791067799,0.019127249083914916
902,0.9089633864724298,615,3,0.011195479563543432,0.9997884291930986,0.9288784111652008,0.6505833129660853,0.41667697906363627,8,1.473704968890543,0.0004929075106537753,0.01857529942369653
900,0.9087730473010309,719,3,0.01289385444136502,0.9856369587181164,0.9089713854244232,0.648396799590989,0.4224341092562622,8,1.2985520918904176,0.0002913219245247722,0.017666963835442633
903,0.9084076662713351,718,3,0.011375793463028458,0.9808664315937756,0.9486865166598242,0.6476042690565086,0.4233514742279173,8,1.2931869587299392,0.00047211503793640575,0.017405966802417835
904,0.9093651411335516,713,3,0.009524992295675326,0.9996500139556761,0.9298917024917824,0.775368876093795,0.48932452436533147,8,1.5516140582775535,0.0005795396923866682,0.018263642451285002
905,0.9089913799305431,720,3,0.00970211559761381,0.9996583716636644,0.9471875331386178,0.6471077429299724,0.5875006034127879,7,1.3104494530084425,0.0004827650977486999,0.020931322987134394
907,0.908515271147866,718,3,0.009457604177712207,0.9998427737147444,0.9480429417647883,0.38572690287288425,0.5858439484484566,8,1.3086109389896183,0.0881099620163699,0.00013464818318342832
909,0.8998018165789261,640,3,0.009660443232409785,0.9725430831910125,0.22725737241883803,0.3704676280367006,0.5895694020749088,8,1.9418915304649187,0.0002689043446016971,0.04986629015607271
906,0.9094155203880859,717,3,0.013888024255023012,0.9997674930827799,0.9476463874837416,0.7290814414275429,0.42086481042741725,8,1.477987896474632,0.00044207225072242227,0.020385708312216918
908,0.9078607970961787,635,3,0.009627653089576785,0.970501051032873,0.9461177027722473,0.7215229867792243,0.48804533948121287,8,1.3093249877622075,0.0002820037010273149,0.05375812001459566
911,0.9078803765531751,638,3,0.009543922557780674,0.9715839192967451,0.9494864121395488,0.7243182553489361,0.584824644247468,8,1.9083025899219686,0.00024829780671385503,0.05319682319627956
910,0.908437386315773,634,3,0.009631505639699266,0.9714736115169145,0.9463512148446154,0.7245033525187518,0.587189769247573,8,1.4812082691308233,0.00029030166950668384,0.05725181957323919
913,0.9092089875808022,640,3,0.013934309986306608,0.9688712567460068,0.9661287043337056,0.726657669923328,0.4901023794351324,8,1.9413949442750904,0.00028243387403346633,0.062243693556398486
918,0.9070665847947653,736,3,0.016226949520395106,0.9698889676356344,0.9651870274303084,0.209863180186394,0.38725065958660687,8,1.4888299639382612,0.0004218192596698467,0.032883950830342235
912,0.9082185112251144,772,3,0.01397653221474308,0.9705929856608917,0.9488493250905558,0.7212267218386902,0.5849490802391666,8,1.955279816184059,0.00027996011876771067,0.0009404767633146784
914,0.9086794750338338,639,3,0.013835232017161359,0.9717209197855959,0.9493220589893435,0.7279432711096038,0.59425414230344,8,1.916108049006323,0.0002905336429318178,0.000929468975844977
917,0.9090418289691767,634,3,0.013909527885773423,0.9737742907186709,0.9647877290411383,0.7265685205632068,0.48670904759801387,8,2.599437324760329,0.0002756350766979808,0.055926809749319524
916,0.9090315266164156,769,3,0.014147967349380227,0.9707073989952671,0.9651988331571323,0.7312876503361863,0.5528837207698065,8,1.9132665009227017,0.0002834377134994974,0.05584432633889955
919,0.9086813510706371,731,3,0.013516553115719138,0.9707188927395956,0.9630440324884236,0.6899915819003293,0.4349336663438846,8,1.4424211022477267,0.000637626035779227,0.033108135532498084
923,0.9034216077356418,775,3,0.144172347991565,0.9864740496945874,0.9687587974985249,0.6877922759889186,0.39908538595972187,8,1.4121269571804584,0.0006234143347950436,0.0010366441172183689
920,0.9080179923932595,770,3,0.016201294809041276,0.9854704716642685,0.9634407678199244,0.6877565051947263,0.4365382205990831,8,1.429108551414325,0.0004106192033529816,0.03317389847842291
915,0.908064701141005,639,8,0.014031441060254946,0.9701826133198576,0.9634687819545404,0.7233157677828224,0.5535494394269059,8,1.9017866340740437,0.00028705993762329475,0.0009616077613730466
922,0.9082748624173795,778,3,0.016885545873043077,0.9849013401187442,0.9712008295656605,0.692002525265588,0.3852860927870667,8,1.560699873656895,0.0004079992893673219,0.03493051894541384
921,0.908484981656056,771,3,0.014135980288136205,0.999449246317741,0.966025113768749,0.6899716082583158,0.41369829264100577,8,1.5364481616493884,0.0004197528996502624,0.000924473544291733
925,0.9091553833582651,776,3,0.015681082257046577,0.9988271020217081,0.9687848026495376,0.6903436732329651,0.3824663366483343,8,1.5665795838481154,0.0004462068259963879,0.03388903951604585
924,0.9089601587677958,731,3,0.01393228629934386,0.9869345415149574,0.9685319560535688,0.6908850569266276,0.4359067061131779,8,1.4114194015748585,0.0006327840950086758,0.03633943346411678
926,0.9084996643673693,768,3,0.016816441513918805,0.9989607004554283,0.9683628991618964,0.688961207021698,0.5540670889142295,8,1.4224698546816696,1.9729133292105956,0.033587128862697664
927,0.908882746232662,737,3,0.01268013952432776,0.9848919371279035,0.9670973855637247,0.683365118689049,0.47056139059298896,8,1.5933445435721054,0.0004240089374419103,0.03300936195525343
928,0.908212209675342,700,3,0.016177339549212966,0.9873042813863561,0.9842429605678633,0.6967746131532678,0.4136638306191228,8,1.5777207730561478,0.00041418702969162014,0.03430994901228767
929,0.9082433112625029,702,3,0.01584722349548583,0.9864824975155896,0.9797146752040501,0.6913600566301898,0.44057657017843543,8,1.627203896093131,0.000412600046670226,0.02173516738009273
937,0.8992800762930248,191,3,0.010483477606425469,0.9528856028449728,0.9869400436005248,0.7065614523650033,0.5180426774163627,10,1.6133642338145635,0.0003622701971705302,0.023236819601841457
931,0.9086876161319918,700,3,0.012426399981714931,0.986475735322559,0.9780427385587724,0.7027598838754936,0.39273784873938533,8,1.6206444245384908,0.000440867155191569,0.024106233596204254
930,0.9096145723855409,703,3,0.012595661756521503,0.9990210704223301,0.9811651061461126,0.6974472324198908,0.5105002886278118,8,1.6033548508047817,0.00042077560893176425,0.0006339926813995509
932,0.9082771243952197,698,3,0.012457488648641594,0.99958951510891,0.9844583986379547,0.6996353390378061,0.5117964038363372,9,1.5946021236995616,2.076726002254296,0.0006081804065706853
933,0.9096109863342361,697,3,0.01262407953986934,0.9997069930152273,0.9864182747381551,0.7019012458073114,0.5113361539379435,8,1.6085916789704013,0.0004167929367014272,0.022018916582223484
936,0.9072054514274088,700,3,0.012583032408808523,0.9991366187611729,0.9327208812757724,0.7449273364636954,0.5087732083104343,9,4.337270365449746,0.0003701841956869078,0.000592615004227213
934,0.9091584483853692,702,3,0.012437505550095025,0.9840669050538943,0.9836415464850408,0.7012823136710202,0.47026713633595674,9,1.6302796067025442,0.00037633143615947576,0.000621761032929089
935,0.9091120743428405,672,3,0.012737629210138941,0.9989917394477251,0.9848710970787118,0.7040652170566435,0.5065989095439136,10,1.6315534407327523,0.0003690942129518598,0.02289357197631401
938,0.9068151260790385,672,3,0.010645571281843954,0.9999493403084632,0.9322331065699633,0.707888463735367,0.5114884154497094,9,1.5914268518885926,4.158691854483484,0.02329932482345599
939,0.9090222504243908,671,3,0.012597551818733099,0.9995445387513423,0.9310553438298196,0.7413565244107314,0.3573046470647651,9,1.6421209902855367,0.0003628787216068346,0.024205253662721717
940,0.8972468608405932,670,3,0.03579744464116093,0.5756278072769435,0.9309267069478429,0.748719848663109,0.5082206660780421,9,2.0739552358791506,0.00018073469264519646,0.00057614083036487
941,0.9086438301825381,668,3,0.010531362373232019,0.9985335753392465,0.9323280047873661,0.7431740904613189,0.5095160623195043,9,1.8040781485126909,0.00014505086803388544,0.013294627967186357
944,0.905398260895107,733,3,0.010518586878108476,0.7141366883406016,0.9992587286296055,0.24376253090931,0.5111343331480526,8,1.45358017025693,0.00055846123827805,0.014084323924636653
942,0.9093343160981913,715,3,0.010619648714568162,0.9998484093883662,0.9844623374335282,0.7073700193166624,0.5139565485997608,9,2.0611525361012473,0.0006336196485746674,0.0005899025731763576
943,0.9094432924831304,735,3,0.010599122684386416,0.9982414369349291,0.9889700074933313,0.6663641321996796,0.5106055766738086,9,1.7937489282866612,0.00019516106464230874,0.00039322602192128385
945,0.9096138800938288,731,3,0.010748509015022861,0.999785747368085,0.9892985756140348,0.7103569504614194,0.5335732691011033,8,1.457340564037919,0.0006386063544441741,0.012987667859811484
946,0.9061321961545585,735,3,0.010577218346990736,0.5746704881703459,0.998772524344275,0.7101212560958708,0.534795141027559,8,1.4846923931398313,0.0005996602596733162,0.014107790295434753
947,0.9089563202622497,736,3,0.010852404241250706,0.9548028093569874,0.9964858876939858,0.7136013940766567,0.5363984834074976,8,1.496202508744435,0.0005521067317101111,0.022687387760112327
948,0.9088270922732491,728,3,0.010826980596226096,0.953551719765699,0.9993308107234428,0.7176072204463839,0.5233220606904384,8,1.4878501880597501,0.0005088886095997218,0.015622620919110923
949,0.9087566136777807,737,3,0.01061520656848261,0.9545956180885228,0.9996036372788923,0.7196303932604804,0.5291725522433814,8,1.4900648974088548,0.0005589989996072755,0.015413085361918724
950,0.9085153257284577,734,3,0.010788672146782988,0.9601132393940804,0.9969345255768921,0.710504188979529,0.5319550855989535,8,1.488824735594915,0.0005876966073383234,0.014738869202460921
951,0.9086947584357269,732,3,0.01067011093148354,0.954892853140124,0.9979345641801773,0.666083241388556,0.5384591241410844,8,1.5090159772237728,0.0005569764369175869,0.015340090364793176
955,0.9083527426124028,739,3,0.009253534922376135,0.9528772009096448,0.9985048679344074,0.714619654488546,0.5398654950675181,9,1.4654953293438149,0.0006195939725238058,0.00035556689825440226
956,0.90855120775447,755,3,0.007870289437164467,0.9549003773654591,0.999906017986,0.6605834491220693,0.5353557384276947,9,1.4205050685789444,0.0006536357661162227,0.00028521094662934256
958,0.9079544951723999,751,3,0.007906246900654336,0.9739545520784975,0.9838430637729639,0.662329697512526,0.5416466212531988,9,1.7531332239621644,0.0006273850800475654,0.00015832059683837876
957,0.9079902342854418,754,3,0.008026180845694232,0.9737542942879833,0.9841258191236844,0.7325353388852911,0.5457240808166253,9,1.7533716160647028,0.0006552213271054686,0.00019398959473041508
959,0.9083055636961891,758,3,0.008644209400039888,0.9741722022895489,0.9867528119241968,0.7390525844122962,0.5498229401494856,9,1.7176661696450861,0.00013123548735949288,0.0002835593976437229
960,0.9079691687616087,754,3,0.008135239079736567,0.9747486002068683,0.9844734149100379,0.6694503122345878,0.5499275341825399,9,1.7640604894786471,0.42288489430452525,0.0003007452238447783
952,0.9079128494967093,718,7,0.011340457532726458,0.9551185344045574,0.9981459985226726,0.7105969617179504,0.5337078504951487,8,1.4880076425070274,0.000636149637561922,0.0002473989240837012
953,0.9067245375761985,733,9,0.011517012162189111,0.9609469688738189,0.9990384622157621,0.6657909492904627,0.54006420167885,8,1.508376835469351,0.05656899971516242,0.017431345298784626
961,0.908383269811052,759,3,0.00898836304079431,0.9755090170777226,0.9852195179576193,0.7327463751215199,0.5520663439694802,9,1.761084793304633,0.0007039430219520546,0.00026845823559883017
954,0.9066855259081754,738,9,0.008129977024900046,0.9538464261139903,0.9960849870686559,0.6644040253503902,0.5335171339020142,9,1.8084503458351062,0.0001273101900202628,0.0002739575700166794
962,0.9082784231548444,758,3,0.008380545858566351,0.9749032371417959,0.9854804444346082,0.6623603221588672,0.5500388535326806,9,1.7517045127116466,0.00017864697481904585,0.011832254606451261
963,0.9084104166618523,804,3,0.009602200622748126,0.9752566011377702,0.9817037555860573,0.7319065609999321,0.5453651734250103,9,1.7634702196974323,0.00012058023591974808,0.00018017927204124254
966,0.8961344399642073,717,3,0.009373309064367338,0.22355389442729912,0.98125766697176,0.7262786365504204,0.5489519536338257,9,1.7731294038154246,0.00017737090476001465,0.0002457479563934201
964,0.9083947017844174,760,3,0.008604716868272591,0.984084166423791,0.9842511990027126,0.7294645828907588,0.5556322937582004,9,1.7612068766743758,0.00013540364778369531,0.0004859944058875459
965,0.9089836374683509,797,3,0.00884770595007591,0.9829363566154473,0.9840254770866007,0.7398524830136574,0.5516510873025172,9,1.3504387141069896,0.05742426316754572,0.00021861690749535337
967,0.9090106212615335,799,3,0.009523401619347399,0.9999857978137434,0.9810145751755244,0.7386974249456587,0.5542222772280496,9,1.336725612250203,0.00018368048112538818,0.00022483455901599263
968,0.9086510247103214,727,3,0.009748811778825733,0.9848861614428048,0.9802746788715262,0.7337499882391239,0.554306426538008,9,1.2532306695449298,0.0001920370291863182,0.00038321811619600795
969,0.908761393432474,719,3,0.009327890559936956,0.984016822173368,0.9854337930765729,0.733096176047547,0.5566118558547869,9,1.3133466793419908,0.016067091002107136,0.0003601670320557364
970,0.9089637414743292,798,3,0.009758906599160276,0.9835667254234598,0.9808819910694244,0.736116139034112,0.5624555464855323,9,1.2858433827786113,0.0001805978442813673,0.011380508702376089
971,0.9090727367116175,808,3,0.009759754353887231,0.9997959129033414,0.9768629719848975,0.7291383736440472,0.5643684754885462,9,1.6686810635972467,0.0001530234776116888,0.0004183032639786891
972,0.9088972250649403,717,3,0.009838341197339964,0.9995917190185141,0.9778913181459054,0.7319554418081408,0.563382856106369,7,1.2754069982418748,0.00018061826520858994,0.00040223510566751876
973,0.9088002443994231,720,3,0.009802945940800492,0.9868597613552993,0.9754839896791488,0.7388670247924916,0.5208247246328938,10,1.2949352312090472,0.00020048144248751347,0.0003819412265740842
974,0.9089518799258605,718,3,0.010096977077959077,0.985207319813715,0.9729206963813043,0.7327319775285251,0.5177077020668167,7,1.3451167518484222,0.0004640911921178866,0.0003967002707249326
975,0.9084731597887418,718,3,0.009816068639499806,0.999927627674693,0.967159786820316,0.7449324168453132,0.5234003015086639,7,1.2585663342543212,0.00019717369822266898,0.0007158035995032644
976,0.9088431597200219,723,3,0.010311243944027578,0.999726862008806,0.971181147873402,0.6827812353005951,0.5656979789196408,10,1.3206323887131275,0.00019789104681428523,0.0013244595539195288
977,0.9083596700905776,722,3,0.010077114200968235,0.9814055714936634,0.9677901634457166,0.6806017821213555,0.520099913221349,7,1.65620267875871,0.00020167151364427157,0.00042166156275342566
978,0.9034838970378338,716,3,0.010104930617667991,0.36500481200595514,0.9662029063946218,0.681802396512639,0.5211500966740241,7,1.6211165132085863,0.0004900955139060388,0.0018127219927980367
979,0.9089089769201028,723,3,0.010379949140703799,0.9857038756630151,0.9671807349288841,0.7076220633770421,0.5203096071099295,7,1.6259712871626073,0.00021372286489620092,0.0004242211091955865
980,0.9086871414784887,716,3,0.01014863244759189,0.9838325454970235,0.9583477414934632,0.6819063035136468,0.5213143825749695,7,1.6822573983083924,0.0004970414806468645,0.0004441840346949666
981,0.908827472132883,716,3,0.011604884663785075,0.9855151135566818,0.9613026400975667,0.6789285853674183,0.5240547622877227,7,1.639725452434362,0.0004951339697661157,0.0007877890951624011
982,0.9059784391306902,718,3,0.005551219145562378,0.9844102996522016,0.9640137071513281,0.6824473537035901,0.5210031393144835,8,1.6345179013671205,0.00045692751801944606,0.046244927925138755
983,0.9088081518196713,742,3,0.01131579054987765,0.999775808217244,0.9710571647342048,0.709189496235346,0.52115160392688,8,1.645259688584425,0.000492028129409329,0.0007560889446457037
984,0.9080327153938675,738,3,0.011707443883303578,0.968170066669218,0.9586589295666482,0.68132943663252,0.49353419381950353,8,1.653209068468925,0.0004755496563635547,0.04375953842804939
985,0.9089753302718739,744,3,0.011374579130974723,0.9839493480071783,0.9539281673050787,0.7107565897250241,0.49805873170795545,8,1.6603814502467402,0.0003142463727633187,0.012075957507363174
986,0.9087182664790514,740,3,0.011659240722189428,0.9842543585976069,0.9650983888763116,0.7067639680518619,0.4989477344903521,8,1.6584850601390155,0.00048300748375807893,0.04367913495242504
987,0.9092294581153707,745,3,0.011600642553489691,0.9690975430457769,0.9581585960810564,0.7046220467635923,0.49661974820920823,8,1.662811878933011,0.00047537634771825107,0.04513080205770568
988,0.9089205857862772,744,3,0.011511745766702523,0.9677659308008227,0.9559581289547963,0.6989855686973614,0.49425262809475795,8,1.6678175013609338,0.00031444214596919773,0.0419069051322553
989,0.9083041705988004,743,3,0.011611943602866317,0.9720696921343266,0.9530235625600185,0.7053711814194314,0.4977574652715685,8,1.8489226109321197,0.00031135973351370847,0.041988144444455186
990,0.9090218980831054,701,3,0.011841566607893456,0.9691489616273086,0.9549052614459821,0.7036531596029892,0.4972316134361053,8,1.866858855867452,0.0003176112779415388,0.044957451420302774
991,0.9085741144230566,767,3,0.01170049759501091,0.9708141328963525,0.9560734337899522,0.7067198581106879,0.49954663410548905,8,1.8461460159702852,0.0003144389152152537,0.043832351713192705
992,0.9084341402148949,744,3,0.011645526980453676,0.9685184964147443,0.9555943541723122,0.7080368464829909,0.4980961625659188,8,1.8023919367130075,0.00032077957701417644,0.04291264543546847
993,0.9084651191097507,770,3,0.01183388016917797,0.9696771834386255,0.9498717518498555,0.7718945552131958,0.48969288847601067,8,1.8603336051203099,0.0003047004549955807,0.0432934470471951
994,0.9089172805437553,701,3,0.0118862720140326,0.967565952052884,0.9537975179916912,0.7653039309808873,0.49987974519335643,8,1.8657680479752994,0.0003165929960960375,0.0025009413252007422
995,0.9087966887551332,773,3,0.011990647338285336,0.9672212900736744,0.9983727911565473,0.7696796765069291,0.5760984903634639,8,1.841453867507582,0.0003013769303439243,0.01902701588098298
999,0.9090963595414234,700,3,0.013013574850607248,0.9443014707608769,0.9869602037641957,0.6355063794525109,0.5787475216906954,8,1.7762371456014965,0.0002609150460836285,0.017718495624695376
997,0.9081656536468288,704,3,0.013106808650975979,0.9653023929580817,0.9873185172219551,0.7689729257927127,0.5797353566794692,8,1.8256394292067586,0.0003080393797881213,0.017698539270230077
996,0.9091243530755542,774,3,0.011951166924627643,0.969739032721604,0.9981000078928709,0.6394213967955287,0.5793419516791999,8,1.8380646941152088,0.0002989747009351081,0.018201369870511973
998,0.9091671369618307,774,3,0.013019205538641424,0.9995534442591596,0.9907017011906663,0.7677806303421779,0.5664707727180608,8,1.8798545163876477,0.0003118833206554055,0.02119315766439536
