trial,score,n_estimators,max_depth,learning_rate,subsample,colsample_bytree,colsample_bylevel,colsample_bynode,min_child_weight,gamma,reg_alpha,reg_lambda
0,0.9005318988894994,290,3,0.07275963368645427,0.5845658849882889,0.20851764576059467,0.3163001391776373,0.5461773835792412,1,4.120274804851883,0.02889830250873782,0.4892478392941703
4,0.8907794517481419,192,4,0.22393871027985807,0.352670231324289,0.35906257376563133,0.9838554752997976,0.8374560926526895,5,1.7664439612593474,0.48548747842380685,8.022315226609823
6,0.8974245939477635,335,10,0.22047322040533174,0.7619610580921492,0.4484001012745471,0.7381803538857006,0.9261260869878126,4,4.791146268052967,0.027800413651119807,0.5865808821671318
9,0.8851824310669931,304,3,0.00593957210964425,0.8891770689016473,0.6293766610345314,0.29874855856149785,0.28128414513644584,9,1.0274415441614155,0.000196743702157278,0.5930954899987785
1,0.8965748367721031,620,3,0.19704726883157783,0.34415768009315695,0.7864699818485515,0.8737998298937868,0.620979918259554,2,3.8579697048058748,7.514743604215421,0.2332134980866736
5,0.895634789766507,348,4,0.01097175207988628,0.657968106370638,0.29530688733896293,0.27281445018061795,0.6423161574409834,7,2.946332779844087,0.029604337781356165,0.7536457968742813
2,0.8930936989428211,634,4,0.17523347254418464,0.8716793949701142,0.3087149763814188,0.8352720938619391,0.6943621666691622,9,0.5898090481652152,0.0001352446370048403,0.00015808256536615882
11,0.8999820799298254,536,6,0.15039283032447073,0.7169669244149814,0.9487628041416949,0.9601287513595849,0.2144049954274798,5,4.441636917310687,0.00409554756513476,0.001687186606534213
15,0.8706061368562578,208,5,0.2455592211652704,0.23215982194607393,0.5351853337456091,0.26626725858225575,0.4085999868832049,7,2.559539921016012,0.0802471758073461,0.001383128610839366
10,0.9017525857669385,746,9,0.06321788380174248,0.7967443666594725,0.3280222025056711,0.610027201277906,0.4520406280404993,4,3.383631611388961,0.0005843845414995158,0.009450243178051817
3,0.8685157283173355,789,9,0.29264868519231213,0.34980398349939057,0.5620536108184057,0.3514317313444624,0.9380996660297903,5,0.20263475975815348,0.028218145883625166,0.009145475277892725
12,0.9018490371223434,550,9,0.09910150341249002,0.9019375679795424,0.9379131758101715,0.89555862784956,0.8867295258207097,9,3.603393701741412,0.03375651256245453,0.5637067470486599
13,0.9015529506389548,866,4,0.1433916258070455,0.725875149666994,0.9243024567476041,0.5126094827988789,0.3883955406708852,7,4.032023344864537,0.022290162460685613,4.4195424497454665
7,0.9013902136634042,804,4,0.00827392861219514,0.39024583876090513,0.3152603135554708,0.7739919568993294,0.4832856528652399,2,1.965678599661616,0.0009405856104591332,0.016138954868081444
8,0.9037485438080554,968,8,0.0077892554084298534,0.9041536913034798,0.6696227866918166,0.3698730726177246,0.3975154426889891,1,3.8876046262216053,0.01613327040864003,2.3400447723675866
18,0.895868116855253,554,8,0.02828370994829917,0.26171055626994244,0.3975238072284706,0.6629390356428979,0.2585210970200641,8,2.7219478123492253,0.004522618299563294,0.3660291985408809
19,0.8987287220831675,926,10,0.03579399457785561,0.5717697431230585,0.6792211711132048,0.5489439391930407,0.44459490300034316,3,3.1580887746903996,9.599734568158608,0.027196539665523517
20,0.89894463036138,998,7,0.05574876956125768,0.5445629457004822,0.20278445816777319,0.5091141827933167,0.43067779649050275,1,3.4736994926427167,0.0018711492164083107,0.027027966179200343
21,0.9031290806974202,927,8,0.05087593999148842,0.9547776418596334,0.9533819529322574,0.6048987132933314,0.43866737414670676,10,3.197423271711673,0.0011980277690848279,0.03489429541600444
17,0.8849159372986677,928,9,0.11360457609996968,0.35377737596439246,0.507089250514224,0.9655000336113388,0.58375928654998,5,1.0495099221459507,0.3634487999597103,0.033901122284621804
27,0.9001470582064458,102,8,0.016848952842410534,0.9877768046572195,0.8409254115248962,0.4083193610040132,0.7672741925034767,10,4.8730534391164255,0.31116922609936043,2.8389106068882266
23,0.903522744203906,970,8,0.05205867757189485,0.9883426174105587,0.738059249079939,0.6301878887723255,0.7968757804553921,9,3.263693402427184,0.0023423908273448833,0.0868203156337958
22,0.9042453498095974,963,8,0.046716066025196006,0.9297133583198072,0.7146164383003031,0.6199365756641071,0.7704452096571179,10,3.0969739869538793,0.001046016144798427,0.05130472875667666
24,0.9039743076079446,481,7,0.019829973589671927,0.9648800320543127,0.7663100598925148,0.46628566594309473,0.7626368262237366,10,3.4022791781354136,0.2757862964279358,0.07462998507684679
14,0.901980887032223,921,8,0.012232040092783605,0.5472431430647253,0.7110444203661841,0.8501191298980929,0.7397076265078599,10,3.0614036021959707,0.06554324266657639,3.305392251226093
16,0.9021102849964369,969,9,0.005320679091616279,0.939939899980925,0.6498992949671752,0.5851997641492683,0.49989660755822696,10,2.282674446386981,5.5688642250664255,0.014003838838773102
26,0.9040427040830661,960,7,0.014943509228966294,0.9840571375220002,0.8425722006937039,0.46649643727371415,0.7986047112905945,10,4.996106393886071,0.5017200477461105,2.695239972560654
30,0.903705843465052,453,7,0.021146765793648787,0.9904669693758057,0.8385705722711787,0.4266139596487312,0.3569329080189317,10,2.3370513048934543,0.009542745440689141,1.956839776955294
29,0.9036982248354282,1000,7,0.01764383372639515,0.9856493540413532,0.8150046599831964,0.41440681959834436,0.32857546242600894,10,4.998133451177524,0.005154015593423907,0.09539870924991892
25,0.9043356673859344,960,7,0.015407047100523418,0.991583111454619,0.79117443985405,0.46287085280479634,0.7701510826955569,10,3.2691832442964657,0.2426369570495454,0.056884896218183566
31,0.9027116886207341,984,7,0.024763004529596733,0.9997945759353196,0.7354406281630017,0.45987029974886073,0.3576487732093676,10,2.241811465875124,0.0068129862183750325,0.13210836914390223
28,0.9041125272553279,951,7,0.015331017540667301,0.9988868514709576,0.8226598537560037,0.4557944177662591,0.34160930921234206,10,2.2740988755621276,0.5400018224852109,0.12447085500199936
35,0.9050132139004574,440,7,0.021668541824380452,0.8303657460627443,0.8589742961754672,0.42756056754484884,0.9927167942975499,8,4.381834788069952,1.481074264756763,0.11843151386349936
33,0.903201761901032,415,7,0.01819044771055771,0.8305004855837131,0.6554568336258015,0.43792209969201557,0.7086954956035422,8,2.3168192872932485,1.2519454141607003,0.12109872720225784
34,0.9037249355736169,468,7,0.021450354144364334,0.8331668241772947,0.8471399012357992,0.4050225100746216,0.8313530254202368,8,2.328611590188095,1.7789342894197056,0.1172755524019064
36,0.9042543393394891,436,6,0.022106501538009294,0.8529047409547961,0.85580154109859,0.43930797280854195,0.9992854474913422,8,4.6512436319850785,1.8366078473777672,0.071877325884923
38,0.904027410190753,720,6,0.033930647382050816,0.8251859887150164,0.8847629380181217,0.2113554209376748,0.8481010070303664,8,4.302771768815284,1.3766571269781493,0.002435995634775513
37,0.9051443817049748,709,6,0.03475313970393078,0.8656605141879861,0.8655812350322185,0.4736937594927453,0.9860174374865018,8,4.327372011189137,1.1836555082487086,0.12280654109145596
32,0.9044572926329764,989,7,0.021475360726297663,0.8260126111884838,0.7343348235335941,0.42933524220879027,0.9927439451186895,8,2.287011662899378,0.006476215163591001,0.13669742929744397
40,0.9057077553517259,847,6,0.034499183847406835,0.8369170746455128,0.8863602341960939,0.470171029327192,0.7041894366745939,8,4.402838345483001,1.165217553958431,0.0037447311990100496
39,0.9048862709226106,847,6,0.036894578100035796,0.8497296794953257,0.8834942423856716,0.6924979160235021,0.8540092212995973,8,4.546518495708728,1.3270620021319433,0.001207292884842433
41,0.9042125689950373,860,6,0.014099673543911048,0.8333591790038721,0.886076862887656,0.22706533990737132,0.8398907600757133,8,4.3788196398175225,1.9703156322915139,0.2062226847439704
43,0.9046374830830572,669,6,0.034498570676646974,0.8433949940755614,0.8862092764247796,0.6991232047527225,0.9780157247793116,8,4.4294953181375405,2.699352261235653,0.004103211025470999
44,0.9036253602014988,706,6,0.02813502003583614,0.8434032174788336,0.8915371077182487,0.21816376524721437,0.9571064475297775,9,1.6104159921131824,3.1189716746046248,0.2469520131540584
45,0.9040077954616192,710,6,0.0332551856617874,0.8571529392446392,0.8967733828558352,0.21340965631543243,0.9927596588682858,6,4.293064465851119,3.806266089201464,0.0037544749531019175
47,0.9032509978518053,634,6,0.03896455199870837,0.8704808422030863,0.9899593426803776,0.34568029152928836,0.9870306220504904,6,4.527677113549304,5.393290506181704,0.3141814581958317
42,0.9032107149425059,693,6,0.040700144963581646,0.8252740280322823,0.884859635343745,0.6935599601279909,0.9821768046431973,8,1.4542508774629397,2.1211610420220217,0.16551563180773235
46,0.9035067388634612,644,6,0.03989787258102371,0.8756723413666234,0.9863856112502412,0.6899724262694803,0.9818213935307285,6,4.591769532400348,3.023297060120866,0.22764837952695338
49,0.9035528648607658,660,5,0.03891723137276772,0.6402317298818857,0.9010751227410282,0.3397174195488349,0.9828094833518451,6,3.7258062208776677,4.543298515659594,0.000141951935869843
48,0.9035283404629675,628,5,0.038194501467035805,0.6438780342941568,0.9867007182211561,0.36176612972508304,0.9788263479504757,6,3.6964676206635523,0.18122405259600566,0.24690449019820435
50,0.9040947601324383,677,5,0.03490678731829908,0.7830537696303518,0.9906887998369233,0.3406698124251434,0.9997036336622497,6,4.405990432517302,3.3218648857048274,0.00017434513482413941
51,0.9038090752807145,639,5,0.032969879235942016,0.6837207326081979,0.9885706836048864,0.34497181414136163,0.9928815451289045,6,3.791623236455954,4.429458937524065,0.0005973846088070601
54,0.9053478788279239,654,5,0.07297870500365126,0.7737589063230321,0.7850599221604302,0.7101481872764493,0.9038323633638254,6,3.8216765816761358,0.7987814459517539,0.0003807135607708117
53,0.9038556024985809,641,5,0.04073457380429699,0.7725416024106302,0.9944584474941496,0.7053673510358149,0.8992897092951798,6,3.8424191291099037,4.151590870578613,0.00032176984836226446
52,0.9043435841563398,661,5,0.03974440149727355,0.7835695434819474,0.9922606928347836,0.7128805619782496,0.947231188810152,6,3.77203181228829,3.9938014371858994,0.00040776216409394795
55,0.9032215372552221,799,5,0.07829682195390458,0.7730905646920764,0.991003773214994,0.7661018680914432,0.9079406114495655,7,3.7641045246127014,1.1634480482822438,0.0005596899739201044
57,0.9033199048607073,786,5,0.07767469884423228,0.7762087309361887,0.7908604704460044,0.7795706154652278,0.9104127421364234,7,3.7540359762752824,0.8691443996769826,0.00043539515132114695
56,0.9023476106076453,812,5,0.06144120606141809,0.7678630821949305,0.9899905839193018,0.7384021653044985,0.9121129438160271,7,3.8770752696897786,0.7964664003742622,0.0004672274338625312
58,0.9032500229268893,787,5,0.07589150296944593,0.7582509150033336,0.7809065123253487,0.7342976850896307,0.9092488351559221,7,4.0221358667022145,0.8493351798005808,0.0005387891238314725
61,0.9033443354528645,792,5,0.06812531830317041,0.747669310105851,0.5959431657702227,0.7724872790374493,0.907704861781624,7,4.020375286666568,0.7844728241968881,0.0006683571942594484
59,0.9048604103645594,824,5,0.07776677521628698,0.7788453197590057,0.7797831825680761,0.7876766806751524,0.9127526945723776,7,3.9629705297253155,0.8002176387712525,0.0003158663563682302
60,0.9029703407999989,795,5,0.07649630501811411,0.7371228588092644,0.8032613124482038,0.7738015314098688,0.9082252807422535,7,4.199216921969172,0.8543327404724583,0.0004869916600404535
62,0.9043810928816327,791,5,0.06911884237538747,0.7383387891781894,0.7873038041057998,0.7847536485327062,0.9103951064499864,7,4.08008516015234,0.8976539130978975,0.0004979182528656614
63,0.9053873174104365,783,4,0.07609197928189305,0.9175993237646888,0.8010574599139162,0.780819716679133,0.9192394936245217,7,4.0693289387559854,1.0018879810892134,0.000776624814535755
64,0.9037288977596963,813,4,0.08572768278063914,0.7311101393238635,0.787138964239243,0.7731862810065403,0.902921166707598,7,4.027867709365631,0.8661476466779365,0.0009820965854493967
67,0.9040147596562645,577,4,0.027195269605619313,0.7309737874485583,0.25438849250448914,0.5672142352665616,0.8613483537883045,9,4.057370673405984,0.13984416177866998,0.005916270070710066
65,0.9049661426250765,762,4,0.06995442056801576,0.9196062181392753,0.787549362949105,0.7843362252155729,0.6362983761361668,7,4.102921811408143,0.6680460256442012,0.0037463186199666954
66,0.9038087184543944,584,4,0.0682826018435511,0.7248382301159568,0.9344264680361616,0.807840187665878,0.6593934612628916,7,4.076816354971331,0.8259528877880299,0.004214873367823717
68,0.9011764477874458,589,4,0.0270462779589199,0.9144058594449163,0.9448746166481531,0.53324355939558,0.6291978458577443,9,4.174995630753666,7.366027828058581,0.004748555202966011
69,0.9018762412143492,598,3,0.09374092832770266,0.7063928858754988,0.9346845329103205,0.5672332105152499,0.8706019870673333,9,4.193119740016103,0.10077447121207805,0.005094910179146344
70,0.9042333694457179,580,4,0.09165435971214703,0.9042638648561896,0.9334221508300218,0.8029761121427692,0.8747611897116516,9,4.173398409200565,0.10066439386677417,0.0044864486804526834
72,0.9029509902318074,585,4,0.0974906966713107,0.9200437919953471,0.9184315335808884,0.8876458579523161,0.8685432302346043,9,4.716326267776536,0.14010913220730647,0.00541359071937739
71,0.9049576228835654,596,4,0.11151486401765583,0.9166732795314805,0.925636182936868,0.8133218185338907,0.8727296409407128,9,4.684606900786537,0.15004810100177135,0.006086745087018678
74,0.9043771928018811,858,4,0.10384567222521389,0.9132286758009179,0.2581797024157192,0.8918734326069545,0.860913179490385,9,4.748139365679054,0.19960804378749394,0.00022946378593321422
77,0.9005841238498394,750,3,0.11243368970002826,0.915353941158545,0.7530016148982062,0.8822850599708775,0.5875832054544047,9,4.75324180355378,7.864494722215108,0.002046460752771339
73,0.9047112929190455,868,4,0.09649258622824027,0.9201713805856742,0.9208695510662318,0.8382962785556954,0.8602688783006491,9,4.693322976686238,0.1503602611391623,0.0011783230819435093
76,0.9036608052026889,755,4,0.09989826834600825,0.9192376481626456,0.9186967434201729,0.8824891556140436,0.6394027021335608,9,4.727812139448941,0.4807463734077435,0.0016039409709550914
75,0.9043303286742894,867,6,0.1153985364914756,0.9063908210378779,0.9253041983071828,0.8230862853373189,0.6645442149771691,9,4.739911036996999,0.57579765131991,0.0002816712637441034
78,0.9037224047217473,749,3,0.11450116499003256,0.9034822724762542,0.8593569734048554,0.8737291710171591,0.5890508525620535,5,4.7499424560706585,0.4334021019500418,0.001706415927968813
79,0.9066414368768007,753,3,0.10662884017202984,0.9384119896418189,0.7531268066615131,0.8993632412607672,0.5889630706855968,5,4.751626323296306,0.42026816761532604,0.00208963942857153
88,0.9053828740333458,344,3,0.16587675469399765,0.957497450238237,0.8695460823656912,0.6502482202315165,0.8142139600047017,8,3.4822713718508482,1.2209265582128193,0.013390086117318118
86,0.9027250422414251,404,3,0.1404023963100122,0.9542327407329808,0.8660022156195304,0.9359810497685659,0.5266646259749515,5,3.5443601924579493,0.04999710903134051,0.009507534690033717
83,0.9026727313812678,754,3,0.1690973319723519,0.9484788437534758,0.8648984151496703,0.847563154331193,0.5594490978438017,8,3.5514137930939853,0.4861044370692716,0.0014827060865801546
82,0.9057871895732644,742,3,0.1475112462372018,0.9487061476709334,0.8617384514494772,0.6633411054842709,0.5764223413726263,5,4.821359217502164,0.397457955649044,0.0016042930513521611
84,0.9046515838041049,513,3,0.1372053085970391,0.9500655450809707,0.8637523859847037,0.8415687609643017,0.9397495025095793,8,4.556164296731976,0.41083084066240305,0.0011912756044333336
85,0.9031486089946139,507,3,0.14073008328802253,0.8018854454366734,0.8630035759979882,0.6685673803354945,0.8108844082464844,8,4.31530438028613,0.4558614328393357,0.014086938664434688
81,0.9017885825034144,871,6,0.11821202071568632,0.8953842987980372,0.7619150748425212,0.8539569444867245,0.5666070225489936,5,3.552606473282904,0.44847358956353023,0.0016047022343349058
80,0.9022765832415752,865,3,0.11060382202597607,0.8886019763871562,0.7538704923241781,0.8871834686256738,0.587987095953334,8,4.766188518728629,0.4144091983038745,0.0013214136822981893
89,0.9020627101048714,515,3,0.1487195487925404,0.9465585759108278,0.692677370504456,0.9354727688136664,0.5276361412602709,4,3.447935354230963,0.3473832369702962,0.012253999034798438
91,0.9031516728054376,259,3,0.17772113204155884,0.9466623863625523,0.6807473458908535,0.4985801107894624,0.8183234399359423,4,4.495343326201801,0.3248688882390988,0.01568652818815964
92,0.9039950805402768,286,3,0.13338065636605848,0.8804965193203641,0.7154811271366244,0.6477004071600253,0.7302039338143426,4,4.900157261960929,0.35243309514816756,0.002753890790885675
90,0.9023634363186496,374,3,0.1746513967130324,0.9491614483654401,0.7036936192155343,0.4981856959886273,0.5393800716807948,5,3.5392133618962047,0.35257814151779926,0.010148635434261708
95,0.9028313353593326,243,3,0.20419466909255346,0.8781564912793033,0.8189607159156649,0.637113336019587,0.6914915992507304,4,4.898244341526927,0.3176883310159986,0.00295881512684953
93,0.8980800731793466,262,3,0.2990451180394818,0.8061610738742654,0.6886115065771805,0.4921909610217863,0.7013590572645694,4,4.934065272928967,0.34098926758581344,0.0027474083908492417
96,0.9036224378593122,268,3,0.2118284795791227,0.9667523576077504,0.696468938115638,0.4907254899748245,0.7045466774721413,4,4.925057189621464,1.5323006095908016,0.00010047718033565267
94,0.906408943852474,287,3,0.2206427336193427,0.8057404547652086,0.8233064190977729,0.6717899300964096,0.7190051786959013,4,4.883508966337108,0.31054698069640735,0.002954663091254511
87,0.9017290953596827,726,3,0.14842378250230814,0.8050461831427382,0.867395960769637,0.8590514894103373,0.9419626408320092,8,3.537316927330862,0.3451937151447049,0.009361681429020857
97,0.9010895227217635,267,3,0.20198918482288455,0.804068354198002,0.6957670816329758,0.6343895133540881,0.6107818138572003,4,4.909589837373789,0.2779345662009779,0.0008300189482192709
98,0.9033022361045111,226,3,0.19652784018038594,0.8096486984737222,0.824345289048174,0.6588469083177231,0.6898292889959531,4,4.974913290847919,2.4029879214647076,0.002596850046020431
105,0.8965434754330172,345,4,0.24926155833535632,0.8616146472932161,0.832809721699712,0.7468805256012877,0.7487902232909514,3,4.384659435131786,0.6424863817959235,0.0007964383062881379
102,0.9055993872591201,326,4,0.046371808402785396,0.8041358022735611,0.8313966897951037,0.38612325842214634,0.6061013936901568,3,2.84466938794623,1.5561173490791143,0.0008176143566923007
108,0.899192487594242,337,4,0.248392189668487,0.8629713547718143,0.8095511049861134,0.3880918227770046,0.7373611684860745,3,4.316977701525941,0.6157215764948897,0.9986346179735017
107,0.9012207666958533,319,4,0.24062340222956247,0.860587900315899,0.8307719494114043,0.5991854389078517,0.7425511681530791,3,2.8816692174079126,2.2895881440491173,1.222397150051785
106,0.9024624608676921,358,4,0.25409775759609293,0.8637400344338615,0.8142493579781432,0.9981567281043244,0.9606345261840773,3,3.0053045669031744,2.4066309776523065,0.7239160864749887
99,0.8933442385305044,725,3,0.2063365277721687,0.9701779249864679,0.8218752177820422,0.6573088786117036,0.7127267253323881,5,0.06291693811859078,1.5344425089009777,1.233603685415049
110,0.9062056325163862,161,4,0.04473139606185631,0.9663202363570628,0.8137916072329293,0.3929620419671963,0.9590296348832629,3,2.689665066073071,1.1326627516783463,0.022945759191364854
103,0.9052159421060166,899,4,0.04693510824149102,0.9702244557842435,0.8281763335015583,0.3944051004198804,0.6127705746485104,5,4.311300194329585,1.5314600714114734,0.019956867845221375
101,0.8925682509775552,724,4,0.2020808043544355,0.8107944374586393,0.8284171209791941,0.7486717295426871,0.6081633335496855,2,0.32433052100298543,1.3990536966577034,0.0008138541253342195
113,0.9032869130974811,172,8,0.0522900705139109,0.9666751781536055,0.7999713393398139,0.4034243312830678,0.48114223740852513,5,2.5296335014839624,1.0829816056039612,0.02320272475088577
111,0.906366766890215,308,4,0.053072722298940105,0.9788468141186922,0.730746578870905,0.7238315519735029,0.9645741114055522,3,3.9362448965114196,1.1390246317226496,0.0020226586092833817
104,0.9048462457127628,716,4,0.04582195537858689,0.8640101754910978,0.8251447797628256,0.739677453769699,0.9502987956425193,5,2.877109374221306,2.2524088455571407,0.8339488350369162
115,0.901847995225977,155,8,0.05575407471179247,0.8908447271193446,0.9027383518878247,0.30954803991237156,0.47112576280741103,2,2.803445637850209,1.1661181853818794,0.0496108566452458
117,0.906171738272957,146,4,0.045305583850722704,0.975647073747429,0.8462022830906291,0.3044600690159564,0.7901368096947596,3,2.5317013962813912,1.252385927875344,0.022684722777499475
120,0.9055419722774379,141,4,0.05869335794623717,0.9727768566909779,0.7264091327075158,0.3153021338273465,0.6628669996373799,2,2.05725846975463,1.6089673354907534,0.006950148805349669
100,0.8968860699018352,900,4,0.060729801845122014,0.8034516066166933,0.8300348457252236,0.49113969786302153,0.6097416959845648,3,0.3762050785391011,1.5080174621814522,0.9967959135771066
121,0.9058410288420268,133,4,0.06009094289146259,0.9299167021383598,0.7391046506798888,0.3785178254128109,0.6572988399539158,3,2.663534969041267,1.0389227990779075,0.027249319899294435
123,0.9043647306388503,130,4,0.04456645621364618,0.9316199228189727,0.7422310075859788,0.28787410060382385,0.6644739283928959,2,2.08897187923832,0.23477827743189536,0.007247490772792308
124,0.904275503153998,103,4,0.04615874225660521,0.9320766183202174,0.7688230266122422,0.27483720197553735,0.7878084629239063,2,2.048711267756928,0.2209014389414192,0.03227286189030315
112,0.8983902224510316,905,4,0.04974509125452872,0.40319053350697387,0.8021518568871912,0.3156947570959783,0.611886180567664,5,2.5543402471147143,1.1055226501800959,0.020086697987155473
114,0.9056750022835669,774,4,0.04955051532545253,0.9315394193935486,0.8024628902538156,0.6768113901911391,0.6086525606642313,6,3.2754424262463404,1.1125486270241072,0.0403999742314845
125,0.9053375903863723,124,4,0.04620954122458548,0.9337891644980392,0.7662452527055962,0.2894054748643888,0.6513957993097247,2,2.5242356831790342,1.062365196700263,0.03841391927042221
118,0.9046765744934768,886,4,0.058092309729928016,0.9742046167261029,0.9023368706162138,0.300061751107805,0.6500137971023334,2,2.064624697185149,1.0798562480336371,0.01949204135581074
116,0.904445817101562,898,4,0.05021735783767848,0.9739561302374927,0.9045222299498794,0.32376320820758747,0.6625153057408679,3,2.7710320516457543,1.0499442503358953,0.022531087753089065
126,0.9031778416906203,104,4,0.057252979374186545,0.9987405465513085,0.7233327958455904,0.3755187874434721,0.6784508042024908,1,3.3046560424147042,1.8869841571332355,0.01897192169389638
119,0.9058670613517474,887,4,0.04510620002091282,0.9287759784357341,0.7312711831909382,0.30138906605532656,0.666125580840824,2,2.0634256922480567,1.8352018725060193,0.04429011768916447
109,0.9015663495660979,174,8,0.04760194598580157,0.9723643549101812,0.8061686634263892,0.9973243035343629,0.9607617146781119,3,0.036840141200475074,1.048965484114209,0.8969954356086229
127,0.9005523139312658,192,10,0.06048845967481294,0.4662851808068525,0.7297621183748271,0.2444244198280514,0.6752716275888246,1,2.586232494730884,1.0134029515814178,0.020585113246373812
128,0.9047247032488193,181,4,0.0595709769714103,0.9971849325799256,0.7261965369963167,0.3672285093562173,0.6756693371423067,3,2.6996748591458255,1.8605132581962598,0.007432495903809049
129,0.9034203115606132,185,10,0.0584034825955036,0.9820788363677102,0.72342673380651,0.23790331817930582,0.6690007784602805,1,2.6465360940816534,1.8309445768317145,0.046468760628889515
130,0.904250895745049,195,4,0.05672722816334184,0.9752874651599516,0.7213831679700615,0.3736034510660462,0.6745315973196823,3,2.659000933256385,0.6405689123742102,0.00737317727045688
122,0.905466396554058,898,4,0.04824618569223748,0.9779008547248076,0.7289689061891592,0.2795517825477075,0.7853263928400934,3,2.1227137945783294,1.021807173296712,0.019844251262115985
132,0.9050582944285713,176,3,0.02989869194530865,0.9984769593942181,0.7276251852174153,0.37517467125666304,0.6767255771464962,1,2.666604125809351,1.8500327546127575,0.044831031546180795
134,0.9027583117727327,190,4,0.03058534386371136,0.9864223402363161,0.6341496273467556,0.3674983239715203,0.5708141635840414,3,2.4181200214880176,2.9413391531464375,0.002024910470456525
133,0.9029920061782188,193,10,0.06379630752191706,0.9919141475631297,0.6305534599969762,0.6794096515748371,0.7222105379915917,3,2.6353417865508377,3.211505256061716,0.0022042626561675927
131,0.8984399749409709,196,10,0.052814450962887255,0.9899858931059561,0.7257254425472272,0.6801625584668402,0.6838014532650342,3,3.2567724629911305,0.0003180449739417208,0.0020444857430633673
135,0.9039694717523089,201,9,0.06527377216774535,0.9887988230173079,0.6621450471800738,0.2653624223857606,0.5664386474089961,3,1.8905611664596937,3.2116993049389366,0.04509030894583557
139,0.9035231483131343,213,4,0.042690041862601356,0.9371362315421373,0.6577383402972105,0.26479635929265943,0.7147323121140312,2,1.7954432380702556,2.9683263898130736,0.002071141046324417
137,0.9022079824313133,150,4,0.031051894965279877,0.9319380505975758,0.746043377143335,0.33310648720883707,0.719731437789665,2,1.841289072083267,3.0316268733167218,0.06335432982036232
138,0.9051881442410268,148,4,0.041826058842636536,0.9342581942157385,0.7415925876260598,0.6784916360254116,0.7247795941955556,3,1.852910644061835,3.2807184349603222,0.06155435953007805
142,0.9056310011284652,154,4,0.043727568000896985,0.9371590926853097,0.767995806050043,0.6778797638484997,0.7206747096210232,2,1.8221954577833186,0.7193044423624906,0.08636912280358762
136,0.9050167368572064,827,4,0.03112951392797942,0.9836252557917442,0.6542161641047857,0.36999263203222804,0.7237799646537437,3,1.7566097777164908,0.7041198921634215,0.04173400877467049
140,0.905206291755673,844,4,0.030309607899628256,0.9324587520412118,0.667017670167644,0.32671140533023935,0.7199546013540531,2,1.7967109925310218,3.065610925203836,0.029110601782083332
143,0.9040067144922388,839,4,0.041468671009067384,0.9351378738264925,0.6618746285850454,0.2564180755197319,0.7865624301052059,2,1.8212555256201317,0.6621054711378557,0.06826263083871267
149,0.9034896547581444,126,5,0.03739217831262238,0.9594654797057638,0.7761318959285546,0.4475204309712685,0.6267106368350808,2,1.474867073656697,0.6767664814911352,0.09504873625690445
146,0.9030161038135628,827,4,0.0826071124544283,0.9363021442605535,0.7519297597470072,0.3299305119537058,0.635888090630832,2,2.1871674173801408,0.6843105679931014,0.02773214707341594
145,0.9036517684659066,823,4,0.04337029300755326,0.9372382075778034,0.743538041776945,0.335956567871211,0.6289156386505319,2,1.7392889555386926,0.6009934111934274,0.00341040582136314
141,0.9042389321810453,833,4,0.031530556539102896,0.9333692783028082,0.6663780031530914,0.3274978391816746,0.7213015573348537,3,2.411683683069877,0.00012756353246750314,0.002008831380601306
144,0.9049517652001932,945,4,0.043436643614448815,0.9393861002095089,0.6597054694546596,0.32192040889955986,0.6256486800101643,2,2.184781337208224,0.7139444836608856,0.030058522543608357
147,0.9044668346583291,839,4,0.08587714774244956,0.9538258541479933,0.8445945888530428,0.9102069312280271,0.6274300434380864,4,2.1544214977389893,0.7663377488546,0.027738333802526605
157,0.9054005108621762,140,3,0.053784682076194835,0.8942205614789567,0.8427844769569881,0.6949114048249951,0.7631944947969185,4,1.1832220065173975,1.4087968716117103,0.0009963684168715944
152,0.9052632451588687,301,5,0.052276859227516424,0.954061554471506,0.7726187150741181,0.7236487335931518,0.6326480193981339,4,2.1802813046316887,0.5216141722475571,0.09838296608910162
154,0.9034277514730071,772,4,0.12705523667709298,0.95594320040393,0.47998679746138373,0.347250436607796,0.5931194191571034,4,3.102708211386562,0.5603966412677632,0.0031146038059204242
148,0.9057616395468528,827,4,0.009587557623842589,0.9586138321608442,0.7721747326368248,0.352402900291816,0.6286514147183875,4,2.438748187480589,0.6656421399741409,0.03219953932830422
159,0.9051453131478594,158,3,0.036129393383042475,0.8996023760447335,0.8475709423397163,0.7202993218754836,0.7636151347909114,4,1.1123628223643922,1.3871321434741015,0.0010347847269570666
160,0.9055164174619217,144,3,0.0500869859815139,0.9028674628444879,0.8477240224014561,0.6149256905401141,0.9309332248789589,4,1.0811142562774043,1.4016200023380703,0.001023674560048719
161,0.9035942832440199,139,3,0.03671094332659762,0.8989350753575829,0.8443018139634275,0.7193561515705316,0.7783156896786768,6,4.592271306199307,1.537530512598951,0.0010422513040382563
150,0.9057460634774411,935,4,0.03804890232202243,0.9562989002934813,0.7652958949615951,0.7095513475422527,0.6312766473132302,2,2.204534929879236,0.5352684301249252,0.08982081596969889
151,0.9048397598964799,946,4,0.05320407050718375,0.9575972803641104,0.7754657196556586,0.7175953851153166,0.6317649777771871,2,1.6583733416533746,0.5934686315270756,0.0032717360066249613
163,0.9032525278567786,142,3,0.050158799329882556,0.8955572021613202,0.7932112117379662,0.30450666318280206,0.5499097548368014,3,0.7856533737868989,1.4746282627940934,0.034601737021082546
153,0.9041068406114146,772,4,0.05049192762984378,0.8928323346652329,0.8488081834977816,0.7260427692814269,0.7644094939999946,4,2.223292278821026,1.4183692158552466,0.0033566593934584643
162,0.8955671914375184,147,3,0.008077329419902211,0.900042920837726,0.8469029580969629,0.6087615322607417,0.7694241606416845,4,1.0327498990981718,1.383809936147423,0.03532472789576295
155,0.905134141762612,946,3,0.051566312034839586,0.9579679023827912,0.8428543273894937,0.9145953261036406,0.7702374321895408,4,2.424757026534653,1.3950846617878638,9.002018840682272
164,0.892620219834812,228,3,0.008372256526864569,0.27308776110200594,0.7600851884983558,0.6179001372116613,0.598759681149379,3,2.3626148384908907,0.8796827147538646,0.035835673754305596
165,0.9063905623558479,226,3,0.05125938726739839,0.963844346914458,0.7059476456101498,0.6137719613381419,0.5417782043380548,3,0.6285007885417344,0.8909632083525886,0.035518553910141
170,0.9028444834286026,113,4,0.040104789128986754,0.8439595128504778,0.7587400792524593,0.4133234195490588,0.6520502908394085,3,2.403206953829469,0.8934325166280337,0.07571072919482304
158,0.9030526725820067,772,3,0.05238648637032377,0.9004144170236805,0.7639570792478548,0.7199053527467929,0.7529927074461983,6,1.9653478760599108,1.3998370174892432,0.011785207428534263
156,0.9027719386764701,941,5,0.05247792498286099,0.8975518114917846,0.848161480893945,0.7261246062669761,0.7522266276048934,4,2.160686801322462,0.5218041212939208,0.0010464804460756667
167,0.8929749622101619,219,3,0.007241347400264909,0.8359390678639003,0.7974789612910569,0.6129476642806555,0.6007454745271662,4,0.754910903222386,0.9177851712857381,9.360665833997514
169,0.8972441524877743,227,3,0.007003451958770349,0.9134034739899701,0.7574620468883699,0.5970431406892934,0.6488246440405557,4,2.37941087117619,0.2592472660994458,0.08537540987575887
168,0.8983820474490521,221,3,0.007554797069328246,0.9126598900104663,0.7590385071526164,0.6115280926128898,0.9312418785199583,4,1.9904155472732674,0.8440207994537526,0.09105960131595497
171,0.8973805077290375,113,4,0.009311110387334984,0.9190078237575481,0.7057357752636905,0.62651504812122,0.649610527462472,3,1.9966427855241393,0.8561232792271255,0.14733480831658002
173,0.8947974116287007,114,3,0.010216340564183492,0.8415199277438796,0.7616643923504033,0.5277689219035558,0.6469206467917343,3,0.5084288367192873,0.2651392247200785,0.08516345605672211
172,0.8954992621281723,121,4,0.006190681240470382,0.8451152510322486,0.7630191761536523,0.41264556365694777,0.6463431611211463,3,1.983623211656486,0.2672464955451139,0.08638036931136417
178,0.8974328158145546,168,3,0.013315786717048214,0.9701936638404011,0.7037346845181505,0.5674370368255338,0.5031689011283488,2,2.8990330611733466,2.1126984209385715,0.14562345010084937
176,0.8941012969184801,165,3,0.005553208101399199,0.9147237145031701,0.8840113924733601,0.5799009930822447,0.5800006426798304,3,2.889079060007106,0.27025902637313826,0.0014743208946469146
175,0.9041362790108769,285,3,0.04506896604415237,0.9659223388894205,0.3834236427857981,0.668018311780766,0.5794027235621582,5,0.5620701399899398,2.2670849889056375,0.053167682295955455
174,0.8983494736682548,320,3,0.006253226765967433,0.9165340022652031,0.7929920155983894,0.5543464039782289,0.5186401226148719,3,0.6707759845873529,0.4501442797341727,0.14346596209453955
177,0.8951482595876055,288,3,0.005243546454133413,0.9182336527516995,0.7063180850731992,0.5293526630906817,0.5150635067748451,2,2.7616102185555866,0.26420887115232544,0.0015587337964588109
179,0.9023056437578594,320,4,0.04519225558486096,0.9668069543510902,0.7063822588734224,0.5301070893423437,0.5075066298627433,2,0.5940390304707736,0.41466196820338874,0.05460432466839925
184,0.9054500289900481,284,4,0.04697740270795919,0.9741666026053333,0.8116154042167697,0.6477229989506016,0.5485959262086909,3,2.495966815186839,0.44255283280849067,0.015395753111182485
181,0.9058075352870368,916,4,0.04725503984319193,0.956263699215864,0.7031678339054299,0.6481367571573263,0.538137167066997,3,2.8915179750183144,2.1600620820521934,0.05651567929342954
166,0.9063853750711373,925,3,0.007453046726073875,0.9116045946105307,0.879779859985567,0.6196466775064603,0.5981824956167237,4,2.412746336024209,0.4584779841982163,0.08077608501957169
182,0.9064100235295562,927,4,0.02465765333239127,0.9744370273724543,0.7071630346335688,0.5737295242175893,0.5218973309566876,3,2.958240062237866,2.0666474119378857,0.01478523045752399
183,0.9058964551289155,923,4,0.04692196092348097,0.9742573559281149,0.7073313197460035,0.66499314041692,0.5748159179825849,3,2.784426757957177,1.1221366316848749,0.0014895821750722169
186,0.9051245603601747,881,4,0.046287576542587854,0.9778681952193946,0.8768205442348294,0.28862967792160643,0.6974907962869075,3,2.5251021161551686,1.1535649609193803,0.02385050389175648
185,0.9050625492821694,877,4,0.045405650021479865,0.9779885617920985,0.7120401545810039,0.6491104924445672,0.6972936077862748,3,4.83013309899072,0.41884939451893016,0.02460378824776639
180,0.9060599354039457,926,4,0.011332754618358849,0.9714736323625521,0.8794535036396962,0.5844889312689965,0.5064872717352571,3,2.9501513938115536,2.140020328872836,0.05364309611116684
187,0.9048846355573307,918,4,0.02371926940899867,0.9777218688779156,0.8140409134684979,0.2810845664632734,0.6930967653982113,3,2.3112619235407754,0.4029426542996361,0.015255662329828095
190,0.9036776290999755,383,4,0.023911734405057873,0.9479308119235876,0.6850971047038709,0.2851063287228112,0.5573948194532167,3,3.034991432526468,1.777460241030622,0.02381522520917376
188,0.9063480955387192,926,4,0.03874227164889772,0.9809529037840167,0.812893553081853,0.649447580391674,0.6973707941127916,3,2.470706298159584,1.0652307036014208,0.015132014160085425
192,0.9053245679740913,915,4,0.03860500350908153,0.9485776705700919,0.7380226808450221,0.6472808863789818,0.5438041689696755,3,3.0333722793983764,1.8550480650390373,0.024058266659651585
191,0.9053922248745924,922,4,0.038502112193276185,0.9484531875915198,0.8723710207900154,0.638118087676649,0.5375837298522579,5,3.0053983307945353,1.8081480470488143,0.19255656360062712
189,0.904674878162132,910,4,0.04005234414054426,0.9503159938247855,0.7412075640883234,0.28220755258316904,0.6953042430102541,3,0.9418056995318465,1.8217821527819595,5.803377204213793
193,0.9057371602274543,924,4,0.039167068461272915,0.9518568588891588,0.8711230962051318,0.6391817963198948,0.5574841190876914,3,3.0292396072370793,1.112557305637165,0.025948850527115985
194,0.9055652119788556,924,4,0.019461197781428016,0.9458738148426358,0.679820309387148,0.6374475320460461,0.5390017933183631,3,2.9690117381589247,2.0694440581138194,0.060474560590115585
196,0.9050139319621147,921,4,0.038472467612289424,0.9488070540438385,0.6879636605429931,0.6372421622903564,0.5453797048300814,3,2.9880994374107193,1.8289575755672276,0.05574881800738469
195,0.9060963077430733,970,4,0.037929189225653616,0.9439562476849754,0.7419770436026812,0.6373123795114664,0.5331561409340095,3,2.9954724735481437,1.9531564442626372,0.06137159500970095
198,0.9052268417285683,926,4,0.008990117400201406,0.9448442441372555,0.7386973359040517,0.6355335490505118,0.5376978141573208,5,2.9798259053853826,2.486697647848036,0.062266477310678726
197,0.9060794755598753,986,4,0.009606326320403298,0.9480796299219847,0.6775860784506385,0.6391475215053941,0.5302761763404993,3,2.9749025934860294,2.0293614872798273,0.05992107174371945
201,0.9060929874490788,971,4,0.03428389424640288,0.9595095823002976,0.743540932585813,0.6682516169899368,0.48576230286167144,3,2.7810739202752863,1.1394954681246245,0.060788872364096934
199,0.9044384462891097,982,4,0.012005101513630675,0.9523333957746756,0.9588566962322551,0.6373603326804504,0.5431574679591014,3,2.9866901345556416,4.952916237640581,0.06148676395170457
203,0.9060347618163789,973,4,0.034001988027533445,0.9641696787467122,0.9587538143244826,0.5898075943806311,0.5280426320628431,3,3.1921550540219257,1.208611046592163,0.04044713699884252
205,0.9065139916510851,957,4,0.035167035115974875,0.9947748920948892,0.8915521601305152,0.5912482713141339,0.4872172280607639,3,3.1551006998181736,1.1331297324875447,0.03998091199414011
200,0.9066684820921536,980,4,0.009776796476417276,0.9487031210014452,0.779515495522602,0.6686886878895535,0.5294811968341308,3,2.7843130976101333,2.401807118745249,0.042894344869046606
202,0.9059496128244383,970,4,0.009054816468347378,0.9619627033352653,0.6804811890763444,0.6803920806527975,0.569821202405679,3,3.164856656763327,0.18113385859051503,0.060157721811824834
206,0.9059561882653977,995,4,0.011049591600579107,0.988251027346761,0.9015735572099687,0.5921469822208966,0.4955139818761382,3,3.138699522913377,0.9877858371428743,0.04408860622210214
204,0.9064796070945403,973,4,0.009125297778476005,0.9931317655602471,0.893164769164409,0.6666153462082084,0.579302384804451,3,2.783314620629038,1.1149549665818228,0.04018328383955473
208,0.9051615160578838,994,4,0.01141386813105877,0.9988749276600966,0.7104720464173033,0.5955883956291625,0.5705414457723628,3,2.7567692461779614,4.168306558471895,0.04660871226804956
212,0.905999121602153,964,4,0.03315956394384943,0.9974062035704695,0.9656189154690527,0.5906111241896488,0.5002496799355458,3,3.18208298240987,2.380959121860867,0.04114216526342976
207,0.9067192366452694,966,4,0.010495923460309203,0.9973406072397017,0.8983219773651584,0.5863741009941611,0.4916553635931696,3,3.1444028423662562,1.0936112461790717,0.04231161645784669
209,0.9061172888114226,977,4,0.009729970278496602,0.9977325803747105,0.7108908181913277,0.5821819167328939,0.48678455032125395,3,2.796541347764923,0.18798426882942534,0.046213005920545724
211,0.9040370607691491,968,4,0.009877537785435153,0.9648361068438446,0.719826927536992,0.5794918774767648,0.46824577338708934,3,3.1459367768876176,4.017000817055163,0.041670382648165805
210,0.9058720240046355,1000,4,0.010284878169410608,0.9954341196524099,0.7156302876194772,0.582226370104299,0.46141386623714936,3,2.7183704289738673,2.4162140978276425,0.04209146045598909
213,0.9043794315943723,974,4,0.010743145171435778,0.998667724731485,0.6938215496403474,0.5809270444575666,0.485714600522563,3,2.792319939053179,3.9715824327578586,0.04786038728418154
214,0.9057827522015591,964,4,0.012060915893925743,0.9950277116393946,0.6768164590080209,0.5790974312991195,0.4837871837980306,3,3.161207609483559,0.17933020584342899,0.040303152728574036
215,0.9058370137477411,975,4,0.010671220759479131,0.9873816422889722,0.966388989860786,0.5656641430970912,0.48873766957647946,3,3.1783434372967836,2.4998243647578304,0.04496268115804922
216,0.9053537455573831,980,4,0.010649149478701263,0.9972901698196963,0.9720910207940044,0.5800671083139666,0.4895055236388536,3,2.777503311528433,3.86421681124468,0.0386785665496678
217,0.9063981766524722,966,4,0.011004535322035524,0.9938291796663817,0.9711321809142279,0.5868494825131029,0.46840404269378916,3,3.1196117966911463,0.17029885853015314,0.043479868673658675
219,0.9052926495024745,972,4,0.010377059061846581,0.9953666617909063,0.9743327805028367,0.5833690369515362,0.45605625325081633,3,3.2226841394275447,2.594312828511277,0.04176199453900259
221,0.9050819706987058,976,4,0.010558797027784289,0.9999089345653881,0.9100366131890358,0.5838610124628795,0.4957676906937841,3,3.3568105015739365,2.497579551314551,0.04168128542219612
222,0.9058489015222604,974,4,0.010999100026655982,0.9967917342049136,0.9561188878216766,0.5514736092083108,0.4887079345055006,3,3.169809189701575,2.541385183408497,0.03660220147286204
218,0.9065338414264442,977,4,0.008686528928288128,0.9941020361998149,0.9698148364376241,0.5866823326259455,0.45299651631863025,3,3.188745615486174,0.17709704694958428,0.04400095403732789
220,0.9059113113122488,964,4,0.01068318646449501,0.994819195624815,0.9727762897237707,0.5853905097677056,0.4680330378678147,3,3.223415858761746,0.11228874253686111,0.041066736990996326
223,0.9061363736983215,960,4,0.011316056470485548,0.9867770584364516,0.9632574066164259,0.5468754342593822,0.4285777184870851,3,3.204738455687203,0.20892227920746753,0.03555283164233658
224,0.9058014768413486,960,4,0.008661404057182355,0.9868589291413168,0.8978275516670289,0.5558136564579913,0.449486026099093,3,3.3652468889587817,0.1813060424107004,0.07094366713184179
226,0.9055953099824892,955,4,0.013426018941952937,0.9886250726556322,0.9131219007617616,0.5481024827406622,0.5190019596128793,3,3.360429299304409,0.14435524862249638,0.11106860327296861
228,0.9058567620396879,952,4,0.012986555895899383,0.9817229074967027,0.9441244222283157,0.5991064332313001,0.4121996437447861,3,3.0996233413748064,0.1439999347945555,0.032542868927073615
229,0.9067341843537177,955,4,0.013386708650544555,0.9808777247969218,0.9365987936290959,0.5561212248003369,0.5167533999150778,3,3.3933866296521717,0.08257688509685876,0.0323808944007791
225,0.905290844314016,958,4,0.00909171267443166,0.9850101893071762,0.9096234568521049,0.6000437111612607,0.5006058383404295,3,3.3877124115986055,0.17506894375104667,0.03508496004362801
227,0.9061889342760885,951,4,0.008627175777035591,0.9855012069302511,0.9760920629981127,0.5503322539178281,0.42079190644094067,3,3.3657481533099074,1.250549042694271,0.033169555891189834
233,0.9053075719731002,951,4,0.013307117212851546,0.9787071869867583,0.9323819497695167,0.6031801329658613,0.42964481118822373,3,3.3878342563480452,0.1230317359385695,0.03177628472476317
230,0.9062069660160255,959,4,0.008768115300212109,0.9799038048423898,0.884819849964472,0.6008101178563602,0.5102018337542876,3,3.094974674794165,0.0951186885773992,0.07194859062550439
232,0.9063165943273646,947,4,0.008468891507558515,0.9756369098450189,0.9488158737000774,0.6018205837967907,0.43888996994380186,3,3.3359424509478943,0.15186402095296925,0.031045228547524742
231,0.905657715439478,954,4,0.008377760128417148,0.9830171883512434,0.9459908263427866,0.6059095148683884,0.511054343974021,3,3.303464889309631,0.16047386099666627,0.07269506072856663
235,0.9043942528096386,948,4,0.0333702888979194,0.9750746662013974,0.9344094892247938,0.6216305058011236,0.4333400499793686,3,2.8765185890923095,0.08484506746257389,0.029594063179771684
236,0.905099349143927,938,4,0.034605480841441466,0.9720209594205591,0.9380889387561987,0.61316810322514,0.4441269853433287,3,3.087293038552647,0.08644395565450706,0.03034694964790327
234,0.9056280639628588,958,4,0.013046107145500595,0.9793114266012497,0.926727405511004,0.6018367315432895,0.41333477067442487,3,2.881689194328992,0.11510727416433013,0.03295205020512607
237,0.906597569284512,944,4,0.015085120058831876,0.9730084183469533,0.936824622177711,0.6094205038064,0.4324735911876888,3,2.857135426635057,0.19968843866653624,0.030773074713741314
239,0.9062637027692398,941,4,0.0150263843369933,0.9709641263656449,0.9393053966755708,0.5420135905554561,0.4423310632365995,3,2.9037088176520953,1.2374824855162871,0.0175242974525857
238,0.9057948238625009,941,4,0.008237303013378513,0.969003776351455,0.9373748964557478,0.6212115497302638,0.4285415107549029,3,2.883653435120948,0.059241586095135614,0.017981061759123527
240,0.9060317452124458,1000,4,0.008014343028589303,0.9711019083261783,0.9531350418448604,0.6203076111433636,0.4300948164529326,3,2.8567646913608757,0.21492697159189378,0.019002599772235385
242,0.9053082083159051,998,4,0.007947767427304365,0.9721910699789453,0.931373966464746,0.6232118584338988,0.4277305266319202,3,3.3026959466153905,0.06993850827321452,0.0710713655466682
241,0.9059533023356113,992,4,0.00824793705706186,0.9710966871752185,0.9457496797536706,0.6234660286734829,0.4186203572298179,3,2.8747618841796716,0.0765673292052371,0.06952433507887408
243,0.9061099555516338,987,4,0.0075314816224993746,0.9700555028781547,0.9838726944422495,0.6233738599324695,0.4246615992281714,3,3.6596254677565514,0.04982939267287149,0.0185563579930141
247,0.9052276878037585,990,4,0.01583555609555973,0.9669635892116971,0.984285717573074,0.5566160658518182,0.38560215224642974,3,2.5755548951530867,0.049090468596215305,0.018322710734579896
244,0.905796203428768,995,4,0.007826813474638148,0.9678085865970432,0.9985385534122937,0.6204886894610986,0.41487933306481983,3,2.587750343040076,0.0752001967810221,0.018498372817856188
248,0.9031639628647641,1000,4,0.01532218677056227,0.6098769300858069,0.9779614908213723,0.5642215166043408,0.38133532396064773,3,3.451971306995112,0.0599285553222286,0.018416568338059602
245,0.9054345129744907,995,4,0.007547678700491624,0.9658223131628169,0.9244601536396028,0.564743630191158,0.4443811711372019,3,2.6035533339678247,0.057075767311520045,0.019739206332770518
246,0.9064167641566243,1000,4,0.007850788786108936,0.9666769340081675,0.9850358934927362,0.5427621107804463,0.4699193813613328,3,3.45687594811855,0.07428846482441868,0.018592982878056517
249,0.9061141131788016,989,4,0.01686337621929958,0.9666328386632084,0.9981910331040886,0.5669018614441679,0.40235573237266264,3,2.6472024629793434,0.06914108878096507,0.01751173204079955
250,0.9056187712750281,941,4,0.01646143787117317,0.9716154189913948,0.9145379723793144,0.5120756323593124,0.4053542873572362,3,2.6711162439703715,0.053954929821345685,0.013063565840532443
251,0.9054252239355021,934,4,0.01670646957855415,0.9650276121354683,0.9838492642702248,0.539674905114932,0.3816992306378766,3,2.6240158445595525,0.10113512482952289,0.024423037005543366
253,0.9053117137126028,943,4,0.015221099154536758,0.979686684338014,0.9989290676369826,0.5665335708197022,0.4572335185436458,3,3.6926748302743473,0.03802179766985019,0.01698187454286309
252,0.9025334499209234,942,4,0.016489988820484996,0.6156025681790149,0.9849760770088078,0.5425460402514837,0.4517751714234747,3,2.686826179549926,0.052414354325797045,0.023742356655609444
254,0.904999388666965,933,4,0.014763709555412416,0.9837513325933946,0.9602123830741656,0.5162323244543318,0.3903188128580924,3,3.444285338583411,0.044818279755330884,0.022314493466407515
255,0.9061515447462941,936,4,0.006560792695830946,0.9825578940309558,0.9618210542383033,0.54085541787978,0.40227186294131045,3,3.4688085286181667,0.21681268500256629,0.014834797946987721
256,0.9062842305450142,938,4,0.006889813914678569,0.9819973051165534,0.8916402734781961,0.5394189081879458,0.44748132427076365,3,3.2761911422973147,0.031034873285115377,0.01196215985185172
257,0.9061876108867818,936,4,0.0065776913955328765,0.9818366223553014,0.9997789454111256,0.5423322525406857,0.4026033142122829,3,3.6460621704692717,0.03509738193287056,0.025446728824191026
262,0.9058643074644236,948,4,0.01773000687378063,0.9842499687269773,0.9602278078877412,0.5222624493498639,0.47357459692063003,3,3.4945292355798765,0.2054995381672968,0.012699458724255656
261,0.9051360407567113,942,4,0.014334151391310937,0.9845620048329455,0.9948086655916898,0.5445047828982482,0.45770937153059527,3,3.091097199107138,0.039496560624152445,0.010835810483636278
258,0.9062789167671212,938,4,0.006828837428804705,0.9822045167003972,0.981757995191878,0.5403346378096119,0.3932854792826444,3,3.594266434227952,0.22033032521559298,0.011815610172579111
264,0.9066497015794741,903,4,0.01858927213478891,0.998765582305508,0.8861988948474959,0.5668041801427501,0.4728222637072763,3,3.2914782685141986,0.2072018466757867,0.013784426944493595
260,0.906234750121841,935,4,0.0068014536636002276,0.9886195760255102,0.9573853126766663,0.5319925532252345,0.39415749949063916,3,3.4676717828589667,0.1311022133929718,0.009968715499899862
259,0.905618238164039,939,4,0.006739794737562618,0.9810314201029875,0.9963532405126887,0.5447222324377555,0.4027511280870874,3,3.471142015532126,0.03294714251270082,0.014966968777204326
263,0.9047959257519077,953,4,0.00946837308221052,0.7089741850400488,0.9684729265194045,0.5239829322004238,0.47214816396018816,3,3.0821181341199217,0.09784398815666985,0.010834804277519892
266,0.9060742802173056,954,4,0.009006583768181833,0.9825616804381521,0.8892427549003111,0.5372442932799181,0.4718650871016864,3,3.2628303270384063,0.22015657319936982,0.012759866583681712
265,0.9067600657405744,901,4,0.006936781366153092,0.9855263325572318,0.9600582156545129,0.5349494168484759,0.47223430503410385,3,3.5463370679554993,0.21887806310307156,0.010818042747794701
267,0.9050804010885954,892,5,0.006747353119843537,0.9839293095786518,0.8910006947919156,0.5239676173769534,0.35032712019772966,3,3.6015077791045718,0.12639855235041858,0.012227960810407048
268,0.9058826966388207,905,4,0.007135651614392986,0.999418142217742,0.8880521548583895,0.5332934642240896,0.4646555633874397,3,3.545178101218988,0.1202569304555006,0.010009713700072722
269,0.9063084454754179,900,4,0.006665905093328639,0.9572834631380116,0.8901490432125959,0.5332191260377667,0.4431512528012221,3,3.6359466784009955,0.016449134383006478,0.01350182181663459
270,0.9046903941016715,911,5,0.00685651080041556,0.9998072981260321,0.8933362890103267,0.5218083734923015,0.3680514968305931,3,3.613981763499816,0.024626016001909255,0.02731511875802193
272,0.9049066417981881,896,4,0.006743436237643576,0.7065854420096217,0.8829248405757183,0.517907652460155,0.3697746140301395,3,3.26658049716803,0.022999493295823667,0.008667287469889215
273,0.905844946861917,904,4,0.007278458627581591,0.9966492210216947,0.8868939596019997,0.5240630806623137,0.46454773377458286,4,3.306952103224765,0.15584956072646222,0.008712572202232932
271,0.9066199372928294,901,4,0.006500289693182035,0.9579754633332898,0.8894994024888541,0.9644081600364685,0.4695851578027297,3,3.6109292370809705,0.025147403713304806,0.011615289918924545
279,0.9050750959767019,902,3,0.018802271604887243,0.9588980236607448,0.9167256970780768,0.47690880122805046,0.44562846844443993,4,3.927832975650798,0.013973321403807649,0.008535593662135597
278,0.9036707328650087,895,3,0.0056696458886048955,0.9996771069442294,0.921483176226601,0.5694914775564756,0.21421219315080775,4,3.241187014495332,0.018830313381471526,0.008211810157648984
274,0.9048945586585984,899,5,0.006002767693869026,0.9975160524999901,0.8846221996400766,0.5702338617232029,0.4711458572713315,4,3.5789814771095725,0.014029021726781808,0.010301221804182737
277,0.9060975700902979,899,3,0.007131246678361104,0.9978803635460802,0.8892248671306139,0.4743430664728048,0.5179533792819242,4,3.5971029395500436,0.015032124354933805,0.010024056654787375
275,0.9050060170161304,910,5,0.005873868019518457,0.9979716325669962,0.8965265846780196,0.505808000232691,0.31698004015285225,4,3.589426673143632,0.019032672146283732,0.008653071295298805
276,0.9050195880469781,905,5,0.007133199341247407,0.9988623487291008,0.891160660767245,0.4721862830563171,0.5167805404315925,4,3.5856954008159567,0.015552389489190771,0.008129104940218549
281,0.9051993117493801,909,3,0.005692813884415346,0.9530892527431309,0.9162788634578667,0.48045130986068557,0.4470525921638534,4,3.5402239433009632,0.010401574266807077,0.008902696369493535
280,0.905609506941739,903,3,0.0059526109532787,0.9571828350397082,0.9214106621734837,0.49611829233574595,0.4606570690417971,4,3.3177155732722117,0.2977575982106699,0.009375766742084565
282,0.9050009107661146,910,3,0.005754496494989334,0.9585105286907518,0.9203480723540125,0.506878056318549,0.44297892285413926,4,3.833405024868016,0.010240446459837358,0.005761560434608504
283,0.9054220390287415,911,3,0.006121333873863114,0.9554981672545475,0.9139697517899374,0.5706690587696687,0.44332302847897564,4,3.8813121247016285,0.340578063840365,0.006648484318364885
284,0.9059916300738514,874,3,0.007307638015946452,0.9516950247655875,0.9085466247221189,0.5036162655425873,0.4452510859128399,3,3.6103029059651095,0.012004957583978215,0.011256715993011226
291,0.9064393914607616,881,4,0.02174461943011224,0.9401100718473191,0.9451999334540703,0.5604255916414062,0.44203248917198606,3,3.840674517207697,0.1533164068783217,0.014356132064235784
287,0.9055776238182769,878,4,0.005625316937265244,0.9420611034737427,0.9428619853641421,0.5538962443081095,0.32637094314077475,3,3.6891700975222945,0.2925514945870691,0.014547241524272177
290,0.9020716363121546,927,4,0.02627933476967478,0.5023173881016665,0.9395219295266801,0.9564906414987188,0.43997786325589117,3,3.458417495186688,0.3175331029041188,0.005683000538506024
288,0.9056419208196467,882,4,0.006143409574366489,0.9481919629501601,0.9107525067496719,0.5594848090070063,0.4432634412872174,3,3.747261294703434,0.3059154832980988,0.010582533454600305
292,0.9046307080960624,869,4,0.025121230749489944,0.9450425863001538,0.9398955154902029,0.9738592141216945,0.48048658569180874,3,3.8164802831842097,0.026243398006783557,0.01340382727180912
285,0.9059885819226403,864,4,0.005945531381999867,0.9553244288596529,0.9495630291599179,0.9688406988743482,0.4481130751884501,3,3.8544347893968,0.008113964173782432,0.005671809157651104
286,0.9057477094851765,874,4,0.0061471389959633456,0.9430218344556833,0.9500010941567542,0.9298615769551593,0.4415058163695628,3,3.778127388427088,0.018025357715718802,0.014412484959003038
294,0.9055391983214841,926,4,0.025360078805665764,0.9333498065252213,0.8617409457710951,0.9728329765200232,0.4823574842712842,3,3.746198683978044,0.027876270905585674,0.014126216407384068
289,0.9068343350265582,868,4,0.00610366871924415,0.9427307928489024,0.9453660680714197,0.9221133581645469,0.44446713405078314,3,3.7756646408039316,0.011697327632809864,0.005209340893976902
293,0.9041151221139637,612,4,0.00639418147918462,0.49479030272406765,0.9458031629540753,0.9377592713010444,0.4757700736083614,3,3.4531006130799335,0.25854911457308566,0.01190953218704598
296,0.903453594547025,852,4,0.020653535181011772,0.6718835997791345,0.8650167697203474,0.5587118391362327,0.4898871301034369,3,3.7554801161030347,0.15107741727777316,0.014437198858528955
299,0.9058400466194272,535,4,0.020659808837994006,0.9285053049920243,0.8636538505369483,0.5958249044275004,0.4808688307329065,3,3.733397921809425,0.16975050078233161,0.015267705268373422
302,0.9044605291556447,248,4,0.012166864041272244,0.9273211761657435,0.8602808840407915,0.6941453377393069,0.49829910909186176,3,3.96462926061591,0.18567063138846343,0.0025041175761725838
295,0.9039817548940394,857,4,0.0213508963538082,0.6851546799285458,0.8617550714747111,0.9194710546634205,0.4816554187013314,3,3.7876296477601596,0.2579633971020495,0.013511793690434442
298,0.9056868803278413,859,4,0.02197962981338404,0.9287147522902199,0.8615375412061342,0.6957740097201839,0.48032008539256904,3,3.8468149165656516,0.0074165672761396005,0.014408828037042413
297,0.9049970345558698,866,4,0.022736161245453093,0.9249368169489953,0.8608535728624126,0.9864867734960113,0.4766439969560683,3,3.747308589122452,0.030613537798901296,0.014538928268860246
301,0.9059309983340604,926,4,0.019741853126099242,0.928271447383165,0.8633289022314797,0.5579068973004649,0.47859145213167226,3,3.3795014800215,0.14910802287176117,0.014518341186703483
300,0.9060524685813437,967,4,0.023763528270180394,0.9346021927751031,0.8696356406291526,0.9383732270835713,0.47511039862181637,3,3.3982309175105727,0.13990142844072337,0.015356825810070697
304,0.9063916931167155,972,4,0.021190987182833222,0.9307641613496279,0.8641219073082923,0.8675517534054618,0.5024312165621069,3,3.7012014520560426,0.17296852129045412,0.00185976344727107
307,0.906271738507091,694,4,0.022881274551158605,0.9660933184670454,0.9734887510725352,0.9077605111703851,0.45956266292835785,3,3.35282911582603,0.2415026326833596,0.02767304069933437
305,0.9049121624958175,975,4,0.022048139386513003,0.9226721326500333,0.9756124392172468,0.9101597106403185,0.46160496988465616,3,3.3477998709313295,0.005879129717252081,0.0026040620833550215
308,0.9047475982867228,973,4,0.022764760022594713,0.7514364221060154,0.9739280593089641,0.6625238614811237,0.4604390995901107,3,3.322057282908416,0.21078909863442852,0.0027252046271680694
312,0.904115456439093,976,4,0.028534962714784,0.9633191580675019,0.9757149124013507,0.9478548994371314,0.2549900006862909,2,3.265930394459446,0.005848361293874064,0.004253199649654416
303,0.9028196661352332,858,4,0.01918299796820876,0.9227144063964932,0.966512839818683,0.9427710289057579,0.49361466192300496,3,1.3457797871216273,0.16422429356221643,0.0027758780640493685
309,0.905248427820497,692,4,0.0074675328039287055,0.9648452061556231,0.9731319192960249,0.6524586690020662,0.4680569066732384,3,3.3894176089087584,0.0031463020430598436,0.003560958198346204
313,0.9054923759275205,965,4,0.028073736845173326,0.9620877523941295,0.9071972298267728,0.8758486502952002,0.5042395413577032,3,4.02719867839396,0.19920070222597216,0.004057559525313933
310,0.9059008081971717,969,4,0.007858647271258077,0.9640076262513375,0.9764040876457689,0.657476747530699,0.4541293516291567,3,1.2839144873409076,0.2245671485910743,0.00410215803681355
306,0.9058598560294738,973,4,0.005214780613198827,0.933534796219379,0.9708987005739489,0.6958585010974675,0.5077963337640405,3,3.9827680147764486,0.19093713137136495,0.0023838041668016174
319,0.905993655865203,480,3,0.018027944698286877,0.9392155513285219,0.9004996242082817,0.881604225334687,0.5101232632087731,3,4.014420359965176,0.12228288813425342,0.0019169154048926254
311,0.9062357837322956,973,4,0.00782871714846464,0.961622795700664,0.968126631734995,0.9542943153532946,0.4578970868338541,3,3.3939582789266485,0.21365293779376013,0.002595917444553396
315,0.9043402181758055,483,4,0.00511416029439891,0.9626853772294999,0.9034790198325159,0.8895537929338131,0.5243382405345863,3,3.2411827554202017,0.10752574074714702,0.004116096370253215
317,0.9046589026965792,481,4,0.005095884890334237,0.9435742013898155,0.902508297629013,0.8883701003847598,0.5062772094775794,3,3.1045161995829247,0.11138595462487703,0.0020554526996651576
314,0.9063980184599771,980,4,0.00811292249655086,0.9417028119168938,0.9031172370488006,0.8690326446817258,0.5062519747084613,3,4.0368140470473515,0.02239905956944908,0.002532093031298633
318,0.9037262540978013,451,4,0.005102397042788382,0.9607894877125719,0.9015234391431888,0.8668050994102878,0.8370858708270359,3,4.985453470375363,0.0007328128317535026,0.0018617270064782288
322,0.9055143375460833,886,3,0.009605087544862643,0.9417355052147148,0.5521605365463971,0.5878858123620612,0.5223796348342545,3,3.1256249363497064,0.021982315853707444,0.0017532098287307354
316,0.9063592949744381,961,4,0.007797590874915779,0.9634683002770171,0.8953094620934293,0.8811133511313243,0.5034106096178984,2,3.0810605774742497,0.02262535860436993,0.004250284847501871
320,0.9061031060674523,922,3,0.008006970108908894,0.9428311430099301,0.9269373055156656,0.8696003728672057,0.5133529262936967,3,3.075637452099119,0.11487186073834314,0.02936586565304327
323,0.9060989686609492,922,4,0.009633229203342518,0.9776201044720916,0.8756174927291714,0.606865043260649,0.5263442702154837,3,3.054963972288276,0.02117070546597026,0.0019069613020329676
324,0.9054667487433085,921,4,0.009733598036706622,0.9784864952587778,0.927280093479648,0.6101632474321994,0.5272227829514197,2,3.09912123440043,0.011799174924531836,0.0018819741069712602
325,0.9059342854844088,886,4,0.008478265348475265,0.9780118202919016,0.9263621222124093,0.587120872096324,0.5619487793668476,2,3.0219051837650053,0.022768562303879553,0.030064496540884517
328,0.9051023940263839,887,3,0.008540696454804174,0.9096766107147825,0.3354446937778007,0.8524112700445927,0.551083136430135,2,3.6446751980083896,0.36856985486103605,0.001593993618095448
326,0.9061270689237023,919,3,0.009748430829088259,0.9759965349514084,0.9295269075893914,0.6115129780866656,0.5557568947300325,2,0.16726955561029289,0.018605869248026017,0.001340526045733488
327,0.9060723845679778,887,3,0.009552709991116818,0.9133168666225723,0.9284076472152372,0.8684258910945422,0.5557661288625464,2,4.212728801276383,0.018699974618186305,0.0016075576900495996
334,0.9029940710425848,424,3,0.15961344755420662,0.9458909659863938,0.9514628081041878,0.855522334414549,0.4973299025765903,2,3.909203516317679,0.3982298632542439,0.0013315364650284753
321,0.9061672344619243,920,4,0.005250403911323119,0.9417120353159146,0.9028093535148182,0.8980668155129926,0.5174706696481353,3,3.100264243486741,0.10404160426877018,0.002039929612925874
333,0.9052206371011557,416,4,0.008357560331293276,0.9788373302305737,0.9464533070695315,0.8524509398116473,0.5582507963292922,1,2.9866412074203104,0.3563446933689264,0.0031699210747941162
337,0.8773171955348635,986,4,0.2704249510384115,0.3088555679166953,0.7836211392943215,0.8356090196103779,0.49351037895600786,3,3.9051716540700223,0.3647500161778209,0.003358389373624887
335,0.905246950799747,406,4,0.00888162422850289,0.9154669023816333,0.9414577212842741,0.9006257587670867,0.584807761565373,2,4.129637483318187,0.5463803654450079,0.0013449998479016722
331,0.9051587173202128,985,4,0.008696607093187102,0.9765227548991088,0.9306024431903,0.8569712332132084,0.5535693168700124,2,4.845160812881052,0.3427243717754164,0.052702573178680094
329,0.9063428649240123,984,4,0.008566360595588313,0.9137626318288646,0.9279621885913928,0.9011022026130877,0.5615226180374253,3,4.198195707586599,0.0014994024507453045,0.0013362161253502693
332,0.9062852223458234,985,4,0.009441747785578075,0.9133052982600397,0.9311519040212833,0.8224250649547846,0.4992534273949657,2,4.140330845978913,0.40635245967185085,0.0013043470240588148
330,0.9055682506278744,985,4,0.008494533670419621,0.9784162926098577,0.9276868760915333,0.8348464183740297,0.5623587662468551,2,3.0180913873338,0.4633981627966991,0.0012886058503948038
342,0.8958575314892006,365,4,0.007533840339778118,0.9816532657137451,0.22557709484409977,0.7525869135033695,0.4997227956473915,3,4.690769276982922,0.9164922357971431,0.005197164108556896
336,0.9059807811549971,985,4,0.008568129462169088,0.9452502817107884,0.7865533038042457,0.9016923499008276,0.490465855115491,1,4.15540606223967,0.4749855486528536,0.04775313112529472
339,0.9058317491531952,984,4,0.008644394351215447,0.985027877699565,0.8772787468936815,0.921099730132031,0.4993439079886687,5,4.877214322245433,0.8540064061635942,0.0031758103659496645
338,0.9061403947979922,986,4,0.008826091719615965,0.9871959579901068,0.8277882732434187,0.8963614222477972,0.5853027723652087,3,4.830050252692549,0.5089115030059621,0.005020904439787061
341,0.8967955080051333,958,4,0.011972367985904862,0.2092513670735751,0.8298538132892544,0.9011529056619323,0.5893619271839001,5,4.214583346487726,0.824063454572784,0.022038385953804192
343,0.8985930538884066,956,4,0.01197372685410911,0.2016876426350947,0.8779770522339178,0.8148732900797697,0.5892109505035884,5,4.637800960917019,0.7696081605001901,0.047993809260736674
340,0.9021998065931409,981,4,0.012490275326171883,0.3847060646787638,0.8763588320538432,0.8282881193501457,0.5835652706423107,5,4.1435400080206195,0.8702312804967203,0.05444425849168414
349,0.9059867682202178,952,4,0.07207846625217737,0.8716505487185414,0.9084509779099678,0.5744570326245411,0.594292000597154,4,4.605040466932459,0.6911635101181478,0.021390776920255768
344,0.9056383083902564,957,5,0.012301697433846452,0.9256688374578678,0.878152438325244,0.8195418876349285,0.5292100491596488,4,4.210885877702739,0.9150550078302503,0.05075584915221237
345,0.9061831646210246,954,4,0.011744819505964477,0.8732824188635276,0.8779598003724922,0.7519703620015461,0.5927556815692375,1,4.066660418540585,0.8063585131421007,0.005203128539797989
348,0.9052109095169942,957,5,0.018899234985739914,0.8852083421854211,0.8792175341142788,0.5788033442107144,0.5847850106879843,5,3.88382424703143,0.002349255895645604,0.002456655883917815
350,0.9060975174861621,957,4,0.018223728644568726,0.9552749230617186,0.9148030410144516,0.9197258994299026,0.5423073067954588,5,4.582259861507748,0.25613644588366563,0.021170178555146253
356,0.9044552896468858,242,4,0.18633007765873566,0.8866064323321166,0.9130890203775059,0.8807250507787472,0.5374820019898175,3,4.473727630431099,0.16451280164021823,0.03506850329463565
347,0.906343523615973,959,4,0.011922417004536452,0.877812260139683,0.8297063966309752,0.9256301740139242,0.591753517714329,5,4.6287816329231966,0.001513134211597242,0.022922641749403255
346,0.9058123445365345,955,4,0.012834235662182574,0.8933151847126304,0.9041472772742254,0.9285194928647339,0.5907654504008151,1,4.240552582103228,0.7531090062117767,0.022170319787188635
353,0.9022881420121927,999,4,0.1275003398051707,0.9543657981771587,0.9117682609604373,0.6757933893993517,0.5360135981382289,4,3.8771116507881547,0.2797514512629984,0.0024168652154727033
352,0.9053886017267292,960,4,0.014083593367011683,0.9543429507563409,0.9101168268133469,0.575656181462576,0.5361753769886669,4,4.4786745229525255,0.003502198844608151,0.48184871669469487
351,0.9052104322028776,960,5,0.014150849882939682,0.8930341491940945,0.87444489077966,0.5753959308113986,0.5351327776002477,4,3.924508468455777,0.0004661003287010844,0.006771040099774163
355,0.9015333917066934,962,4,0.1883887187382933,0.8773758938812495,0.912570600287485,0.9272573664046901,0.5430554508731301,3,4.404100425965303,0.00026372097376724035,0.40942208102666383
354,0.904949875328198,952,4,0.014215279169323218,0.8926031878927445,0.9069897229456254,0.675044617764301,0.5290157811973868,3,3.9537574087759157,0.001996453597264473,0.0023943790829189003
363,0.9049116288527056,303,3,0.014019601708043696,0.9994479409118328,0.8129706206945022,0.6252120411234697,0.611441863616412,5,3.2047668693366314,0.004560017162835345,0.027461540514672797
361,0.9066124127729166,564,3,0.014078008815162652,0.9993780314446409,0.8409900545569681,0.6313324884771708,0.5136780287013194,5,3.1816792001762764,0.25536681049374665,0.03526068119949237
358,0.9058227535419003,999,3,0.025902476208453977,0.9998999694821709,0.9530644810800715,0.6777404524896495,0.540631839534531,3,2.916026926172157,0.0002743823983524177,0.037035596798816184
359,0.9059724839168176,999,3,0.013709664479776961,0.9999712479937444,0.9515540189192327,0.667410190767933,0.5175609503549027,3,3.9825827696051705,0.000264307337254514,0.006733910959974577
362,0.9065938770367075,936,3,0.010650421384993974,0.9380789846533683,0.8084235915554446,0.6569161725396105,0.6085193481348431,6,3.508937525622186,0.1748183748476233,0.42401854342070305
360,0.9051762227907387,936,3,0.010555450571137718,0.7844124818277488,0.8405517347213186,0.6717889423812285,0.612055098082417,6,3.207410941150908,0.004257752903277525,0.023572670276215027
365,0.9055137364754158,938,3,0.010908629612245695,0.998449552619734,0.43457573443940667,0.6254587944712197,0.6073303235980008,6,3.1987330644372287,0.18366417504508709,0.03528596867487329
369,0.9044113275647983,940,3,0.10437366663017353,0.9983521205883561,0.4251143300835468,0.7953095989481943,0.5130300126550686,6,3.1706742396499346,0.25469226461007816,0.03638274997742856
364,0.9070535407174865,937,3,0.010785668678131854,0.9999815908589795,0.8170732945121507,0.6289492236446003,0.616633570494404,5,3.188342579740556,0.08148508380544463,0.028574155825634828
357,0.9059975833112679,969,4,0.007642716182238797,0.9569433090625888,0.9149790796473313,0.9250317828044632,0.5382272812843402,3,3.9894860751052117,0.0002617939010833338,0.006864486556170965
368,0.9042594688508714,553,3,0.007233492174296503,0.9974169571096058,0.8387236668895665,0.6343361856764326,0.5130727949965745,6,3.2140800595837415,0.2381180556636011,0.036287869024706466
374,0.9049732325527285,277,3,0.016554546898203487,0.9658744495190597,0.7938698684221678,0.5980286875524756,0.46859286025065033,7,3.4879135355029063,0.1467063051432221,0.028456690150422858
366,0.9047956526208962,930,9,0.011111121150438986,0.9338377823974925,0.8216002072890498,0.5956040764561757,0.4681291515107103,6,4.751460677711138,0.004495085913022812,0.025412745628382857
372,0.9060585766664838,654,3,0.02038321491379635,0.9354920103792045,0.8022496706953879,0.6295300072998548,0.4779967955419925,6,3.683634565988967,0.26609042881061745,0.03935752530130401
370,0.9053436356810266,938,3,0.015996194780579297,0.9661351139778548,0.8470778311476218,0.6538588221863315,0.5121196762236135,3,3.229081443936803,0.18604683980284903,0.0357303310737978
367,0.906054250280383,933,3,0.01011992127199995,0.8201027297680047,0.8289704297868555,0.9542316735662397,0.47050830425694906,5,4.799527849954489,0.16753921846921338,0.03263250714238502
371,0.9058015918558823,935,3,0.02014961703479761,0.9341876084942018,0.8532965674297295,0.6295531035542578,0.4718383528124423,6,3.53181212604506,0.24943102125380065,0.036059873770925635
382,0.9044916524078038,340,3,0.09171692353169884,0.9836541975043045,0.8050512831403537,0.6425705048931452,0.4282257241852997,5,3.502954466757978,0.07965797475544734,2.2329833712088876
379,0.9047655254265283,253,3,0.020528017664118044,0.9720217180580518,0.8553750738973565,0.6401602539043174,0.48646292176541783,5,3.46608914139979,0.08095952725107762,2.7125896291393192
376,0.9053000038191211,548,3,0.010286298850860975,0.9683479179077842,0.793270547871859,0.6506557881616792,0.471433914576629,5,3.437162006323594,0.08592689666886172,1.669202623732354
380,0.9016631380592809,256,3,0.01024417483771057,0.9705710294563843,0.8078270166444341,0.6506803266554477,0.48741179528329365,5,3.49494301809414,0.17391784844638436,0.029255099157210543
373,0.9058096218924183,933,3,0.016898171229656096,0.9350918938361312,0.848429551014578,0.5975081537425433,0.508545414677953,6,3.4911114062028945,0.2749145834549826,0.5836343372107698
381,0.9004778401581068,341,3,0.010066975246191741,0.9841343120209185,0.7784158561224196,0.6101298019194913,0.42856077125013115,5,3.514563451663372,0.08521320163303624,4.700409327687566
375,0.9058928690776105,928,3,0.010939281165762907,0.9334942230304663,0.7871259721544872,0.6471538868052165,0.46098845092983565,6,3.463149138466263,0.14745746611207702,3.6587004694870573
378,0.9062329257009456,928,3,0.010898056165136522,0.9345032602930406,0.8023668067912222,0.6493643151296836,0.4267261203880713,6,3.497341105317964,0.073719260354744,1.613626691708764
387,0.893046575975515,802,3,0.22557304266719094,0.9853465370265466,0.7776390397471051,0.6098198356982345,0.6204418369029262,3,0.9133936353592951,0.12940568091254295,0.1887087643375615
377,0.9063688518232107,925,3,0.011110417425714067,0.9374498709175262,0.8189185149585693,0.6105238179252592,0.8886587321551506,5,3.687004306866406,0.13872292628219354,0.334994000930659
390,0.9004994037488444,914,3,0.22900434679097437,0.9470286084119037,0.8183505814137242,0.6117205536492489,0.6203320360276694,3,3.6955793878296412,0.008488000412930135,0.017483532250388307
383,0.9065771523423072,806,3,0.010156138038146998,0.9830941544587012,0.7876605839004016,0.6052225875733172,0.6193638784153153,5,3.489748807754468,0.08127506595846751,0.0500580978203474
386,0.9057282306753993,913,3,0.01131618799337731,0.9847132355210335,0.7271521251314977,0.6010903797304192,0.4919557976241249,3,3.7094773408151043,0.14105266221959334,0.04785318997089709
384,0.906047174339958,917,3,0.010518160932295153,0.9721122230785268,0.7858884348788924,0.6115860673211128,0.49489822590771476,5,3.689768688880425,0.008336156623027342,0.3518875324003435
385,0.9062518450976655,914,3,0.010348095499516156,0.9838918755013886,0.7766449871721491,0.6093800630392127,0.6160179170317003,5,3.7352812492194474,0.00010194550599103019,0.047845977872203044
388,0.9056860530289826,910,3,0.011321723060275358,0.9827403858895286,0.601811762726642,0.6157850997911212,0.6179632360840319,3,3.7323578910944866,0.13350273739359683,0.050046505845560266
389,0.9061140491720352,918,3,0.011112865352361273,0.9478872807947348,0.730991977154337,0.564841696386873,0.6149079467708621,3,3.7512313753282176,0.13904152912262965,0.050079811489865345
392,0.9045973924981272,912,3,0.08080893407297964,0.9460245918478741,0.7520916535512246,0.5610870209511905,0.4889388147877314,3,3.7032420856150914,0.3283476491426704,0.23778255898971623
391,0.9054207880841476,908,3,0.009213015236272099,0.9543539440933895,0.7457168150615223,0.5593096616611332,0.5690407985535791,3,3.6746418288676503,0.12252230856444606,0.054548008079345255
394,0.9058459304528321,911,3,0.011787754736103473,0.9102018571134001,0.8362104335819385,0.5939712432290305,0.5746447526226262,5,3.7003085974122767,0.12828699731398238,0.3157637779756469
397,0.9059094331469545,847,3,0.012868550365028776,0.9548746611367229,0.6393244667283634,0.5641295551633785,0.5719756757093529,5,3.3250522467206416,0.06272207261523785,0.04803845556737078
395,0.9065857034790612,849,3,0.00928716556420971,0.9997065207375128,0.9590800298038281,0.5622123058167334,0.6034587421228285,5,3.2854783637279956,0.1012271827897174,0.05152355837317786
393,0.9060945417036466,910,3,0.009411754368492587,0.9173407310661945,0.8111751634694409,0.5918087700805774,0.5676829459688034,5,3.737968592132787,0.20190741878834573,0.32902303731549704
398,0.9062356750272172,807,3,0.012872147372084815,0.9555307043480228,0.9583583946426053,0.5725293870647796,0.6055496808412362,5,3.323855884839111,0.057806796752985286,0.054688304656297926
396,0.9064922013000336,898,3,0.009088278120305382,0.9526796958270773,0.8363766376161624,0.5611713062446431,0.6058109303094346,5,3.2933058036307163,0.06438712779166224,0.05214131579117655
399,0.9062047235746924,825,3,0.009432741069874781,0.9561303917223617,0.9519708246806148,0.5634197261501077,0.4557088165786462,5,2.9517630907947354,0.06817056652633303,0.06241428663781133
400,0.9064571011904103,819,3,0.009219775984451483,0.959600952888091,0.9574724747910192,0.5593083330682606,0.57747695108285,5,3.310384620581645,0.09204163409939414,0.06679695479469745
401,0.9060567948154092,807,3,0.009741759549928909,0.9583471033413345,0.8558608752669731,0.5869850192503286,0.6359434447860315,5,2.9466158388767276,0.06713369854458483,0.06887905493560621
402,0.905908492505948,836,3,0.01333730415558829,0.9994224035803981,0.8393773784522985,0.5870641796091944,0.5727778950578866,5,3.309115100247516,0.04177508539427276,0.11320812494743815
403,0.9057632144781907,815,3,0.013142484918819392,0.9991712305991352,0.9617169608415665,0.5791249085072763,0.45657531097761367,4,3.327356625474396,0.09645347994904985,0.02824894101993113
406,0.9063977714789985,850,3,0.015059992304468826,0.9950697813342299,0.9587448505551004,0.5781540707885575,0.4551244396849935,5,3.331014376601992,0.08695343297633454,0.03970306154825115
405,0.9062707712599462,873,3,0.009624657711427027,0.9940391232542098,0.9591687493142905,0.5826550811239469,0.46121189725629846,5,3.328657671852142,0.04132301311721932,0.029289548020916854
404,0.9053317821904168,820,3,0.0064358714533998005,0.9664480168823799,0.9610941842497572,0.5880420880957655,0.4516911705210068,4,2.970583540006251,0.10142406792652106,0.029753472495385513
408,0.9051404426282266,845,3,0.009505276951448647,0.5574538451299709,0.9586403082222262,0.5531823345854625,0.626571245820319,5,3.2908023150671286,0.09734342422941226,0.06358792971099983
407,0.9068779487962896,868,3,0.009315459572936485,0.998079059775831,0.9597594721903451,0.5838834313315932,0.6353570369696027,5,3.3115467447412454,0.09873289173753251,0.06895943435427279
410,0.9067841213382201,837,3,0.009485462047101339,0.9966048152369272,0.9608128753851708,0.550167494344315,0.636649011785176,5,3.3045210445819087,0.08717657780179311,0.11230146257566627
409,0.906488611599887,874,3,0.00990657218203704,0.9869800556767431,0.9587649968774011,0.5534962843629953,0.6450614178774506,5,3.299528660916301,0.09284150984650662,0.07447028790734186
411,0.9065045073230431,872,3,0.009113810820439666,0.9987356524315801,0.9604157993960011,0.5486355962522049,0.6044233042214864,5,3.321704516584645,0.0998733061162515,0.1074240504617444
412,0.9061460341589973,821,3,0.009250948514733733,0.9997546956104836,0.9640471289772745,0.5401080519577613,0.6395264728884154,5,3.24128048282585,0.09090186498503992,0.03851865745447867
413,0.9064758354844269,847,3,0.009367362224940376,0.9870159273613275,0.511511096457125,0.999966619694969,0.6066440167899122,5,3.1247222563012307,0.0909852206459249,0.08172460641190837
414,0.9036727589604304,787,3,0.009045711172009743,0.984137426090385,0.9421256581303584,0.5545764340180656,0.6191219502421051,5,3.1447761317090577,5.758327027737061,0.0666046324309446
416,0.9069530589122536,840,3,0.009123794768267593,0.9759438957091525,0.9828419222836119,0.5500039625314918,0.6049414852138459,5,3.159438219568747,0.06649395111022519,0.06156876784508481
415,0.9061381547132029,844,3,0.009175645333965112,0.9726171000990499,0.9882230929055059,0.5536945016944192,0.6448096757590834,5,3.157682913392045,0.06770846722141828,0.08541528890121419
418,0.9068948844393561,740,3,0.0099978171625157,0.9888386449663223,0.9809535048032766,0.5497781717258755,0.6003816434413202,5,3.1657000556455697,0.06860127622383341,0.0746089377609882
417,0.9064541070876684,854,3,0.009126528701645483,0.983613764892105,0.9440515214089774,0.5428836595917919,0.6033147636217651,5,3.149899582664058,0.07139556429777559,0.07175124983222214
419,0.906652685343831,787,3,0.009369938498191073,0.9800770550930914,0.9866070325855909,0.5532037489773208,0.643581249451865,5,3.1587822143139674,0.07314971448657885,0.06385552251301228
421,0.9069014229357923,839,3,0.009233011379959017,0.9986100488308911,0.987259444846849,0.5440234874511284,0.6408512363517046,5,3.2164910747047193,0.09614534474595451,0.09293666378916082
420,0.9063055974783827,791,3,0.00915843666776679,0.9835706054305984,0.9393176342945221,0.5581695195638895,0.6358787618796856,5,3.2083957285609643,0.07699735051691672,0.09975433822754355
422,0.9067429811791523,862,3,0.009079909105212395,0.9854449249857988,0.9825692264001316,0.5330318162899365,0.6398059967720212,5,3.1769714019080637,0.07209460590355617,0.08876932016099023
423,0.9070098849100565,787,3,0.009040698728596667,0.999721262441646,0.4687952119266941,0.9695226039942995,0.6416576590196479,5,3.1620020018541806,0.06447412141804627,0.09102579814358056
425,0.9056585624268788,852,3,0.01001991621767639,0.9850809820751647,0.4744864224239393,0.5274849328350468,0.6342674287608274,5,3.1947200831868146,0.0648977962099899,0.10385952960157112
427,0.9066445196159909,856,3,0.010165584559855768,0.9992799210400914,0.5092228740842861,0.9869285263324756,0.6371838082814397,5,3.2168592226361685,0.05581116207752348,0.11183634065669448
424,0.9064939411894276,845,3,0.010096166171045258,0.9850109984554757,0.9446302133648664,0.990152417208401,0.6526414725718744,5,3.1712682482279186,0.0642535363392632,0.11006587324648431
429,0.9066129663326233,799,3,0.010066264882683062,0.9984398775385764,0.9852482913540359,0.5447662778550254,0.654980290255946,5,3.2307470215414695,0.050908600481208245,0.1300354014729232
426,0.9062211869207996,867,3,0.010042223153524776,0.9840409568217754,0.9818471286380797,0.9915670711421527,0.6066298253421074,5,3.385897970779955,0.05644596761202851,0.10210897590854495
430,0.906472768100779,773,3,0.010189016740022212,0.9996967947883877,0.9830078712651834,0.5212520112248635,0.6476942455737583,5,3.2447488720125857,0.05686176077908284,0.1077154322061773
431,0.9064260062927925,760,3,0.009653132197411997,0.998247979892061,0.9989490404438462,0.5242235337531685,0.657970770920783,5,3.398270708408854,0.047875214131980696,0.10858442005753911
433,0.9066637463516143,740,3,0.010171772092458332,0.9984764863118121,0.997921500696537,0.5119945588453586,0.654883087875153,5,3.064157221912171,0.05282788705596648,0.1004324702735423
428,0.9056914673020598,853,3,0.010155332682429886,0.9974464768655633,0.988116141795337,0.98198462036391,0.6558325099237357,5,3.25402868765446,0.06164250686993704,0.09506981588445158
432,0.9069365061695225,834,3,0.009920436773345101,0.9973143401744112,0.9967425026818547,0.5162242522310885,0.6582064630950113,5,3.2231867525653626,0.052088943388567184,0.11702876370164951
435,0.907114983108295,755,3,0.010265580049456796,0.9837952769779285,0.5018254723915783,0.9632477525938726,0.6648572145898131,5,3.0435361697545846,0.057243796597067576,0.14967650325594833
434,0.9062379621668623,738,3,0.01002174148483975,0.9923385883956075,0.9997360194031376,0.9804595014847679,0.6543147674863794,5,3.051068733491404,0.04853372766739969,0.1303924793483305
438,0.9058599423853962,747,3,0.010483558774149047,0.9959887866222483,0.4803036817962667,0.5146783991228775,0.6594740166275154,5,3.057495239647285,0.04650825441489224,0.13396646273355695
437,0.9067424352211996,736,3,0.010182852270598022,0.9971840495495224,0.48939172839249423,0.9707922928264249,0.6671968950017817,5,3.038872131519891,0.04125608441034985,0.1117951110936237
439,0.9062236767992167,733,3,0.011797182453805793,0.9746707689373152,0.45768230247993513,0.9758708878774798,0.6602873599921315,5,3.093954504422546,0.0492528061671997,0.14247457837425323
440,0.9060354880879302,742,3,0.011562803730621428,0.9999276698699828,0.5043345991424868,0.5075836351828843,0.6589655338468091,5,3.0477118789899142,0.04509726305497153,0.15333452254288654
443,0.9059900001058164,739,3,0.011499032743401904,0.9746523163942332,0.4996388479252799,0.5052669382199455,0.6631729537163652,5,3.05612884332114,0.037583509695761054,0.1415023052266895
441,0.9059654680302469,761,3,0.012038410265851274,0.9751061111797368,0.4699836058913545,0.5073063316812548,0.6711144818990108,5,3.107140748551791,0.04250145654573708,0.14963666407039491
442,0.9063374211561307,734,3,0.011723405799451872,0.9743417251804221,0.9996687966155194,0.517098934866411,0.676746565665574,5,3.0400604274872323,0.044620120993792776,0.1167984832444583
436,0.9058751550149621,762,3,0.010619887983163358,0.9981801895431869,0.9985087917291254,0.9552343133606596,0.6701440919126822,5,3.0455998219831004,0.08376406772364271,0.1528189168711529
445,0.9063166341605541,729,3,0.011772804737245469,0.9770285380410262,0.5059487000530187,0.49898297742554865,0.6719067685141357,5,3.0280556675041255,0.046256287094386096,0.18421098485807152
444,0.9060054407879943,736,3,0.011604502833258638,0.9729831266292002,0.4683094145628251,0.9766601937950123,0.6699284931249118,5,3.048681183245558,0.043709046728978414,0.15035440454047988
448,0.9051167013630979,786,3,0.011586414297174516,0.975427646453795,0.27866883799352293,0.9669104705770579,0.6823784853557804,5,2.9687308740993905,0.03773649393568331,0.19905293983309935
446,0.9065676959127013,741,3,0.012020768511413055,0.9731721726239357,0.5342691585386063,0.9564681007246104,0.6693595552743896,5,3.051421279573571,0.035715054124231226,0.19233561229333718
450,0.9049895744228109,706,3,0.008277833358756877,0.97397342094558,0.5246636150458639,0.49428788539659585,0.6771045526626323,5,2.985655696989668,0.03830963081119786,0.15317932345732782
447,0.9069633640776635,734,3,0.011770689809249564,0.974218458373078,0.5012251116093058,0.9644811693946285,0.6848312688467294,5,3.0488259022830175,0.03324808286967934,0.1736262954658513
449,0.9066291832298745,713,3,0.011466931813846833,0.9742426018226515,0.5057523639363344,0.9676409082918669,0.674864807229622,5,3.0348195344467483,0.03228195591361805,0.20403298628857167
452,0.9068382382990462,788,3,0.008199181691566151,0.9727555514710452,0.5209002624266706,0.965758763492793,0.6399792387167178,5,2.868337350518411,0.038641891007758965,0.0909303453516437
453,0.9061909861414555,718,3,0.008369444938537664,0.9769632159689398,0.5107128561066604,0.9611188660866248,0.6755709415322781,5,2.85580131361225,0.03424226462790591,0.08306327542550257
451,0.9059057764753575,716,3,0.00832413389382924,0.9774257329656931,0.9981306626000386,0.9633286495389479,0.6842141189100681,5,2.958935556365934,0.034239857458243324,0.18410778218298282
457,0.9042150529440862,776,3,0.008131936803770867,0.9993917988114006,0.39848677500500246,0.4853888872531887,0.6409130756130031,5,2.8526241013982565,0.05520136110069353,0.09810901222142511
454,0.9058994509040431,772,3,0.008053052742639233,0.973335523494625,0.4657908500559306,0.9879484872434193,0.6821121562308636,5,2.837697142530447,0.03812499553517057,0.21350798834457813
456,0.9060499413022984,715,3,0.008164368464115973,0.9833281211129092,0.5111682457146237,0.9636703282980474,0.6401623842552137,5,2.827508089985654,0.06184583649169554,0.09138610304993894
455,0.9063474893748766,800,3,0.008584740253931676,0.9714561601810952,0.5394520359111676,0.965408964311873,0.6869957370921785,5,2.8216094857395033,0.032358933076256466,0.2055583760121152
458,0.906156139398284,778,3,0.007949326171066202,0.9848969442860689,0.437429774709793,0.9713923013949294,0.6402267881213483,5,2.876873421277903,0.02999159777072218,0.08228430147524153
459,0.9069793435721456,782,3,0.011043939268811089,0.9985175504471153,0.48741852952279974,0.9496220793083062,0.635852299960467,5,3.177528910539825,0.02870480743059951,0.08743057523417655
460,0.9065242101565024,721,3,0.01082191254613567,0.9995066286673373,0.48317619209815255,0.9655835059560451,0.6387592118069891,5,2.8623792443411777,0.027510049825255616,0.08399428447082384
461,0.9062064486406666,718,3,0.008016670046508377,0.9664287435581796,0.5525595880565262,0.9703143389094959,0.6914409534477846,5,2.833062971469049,0.02785733286690481,0.09045262882110866
463,0.9053828572334701,687,3,0.007839540918641077,0.959088019157096,0.4874454083090476,0.9701851341290064,0.6345232448015496,5,2.8234981830820836,0.026793150674025865,0.25335017850725006
462,0.9060142232461142,679,3,0.007679409580694862,0.9654556858294226,0.48719505606107155,0.9449664554225191,0.6953741755002103,5,3.137414742595756,0.053280123672525846,0.2383697141558376
465,0.9065510623633279,691,3,0.01087402009797157,0.9685341727879532,0.4916665519189033,0.9621066150219322,0.6343202556708432,5,3.1407491635476146,0.02734697761540279,0.26655760877059026
464,0.9064531689552405,763,3,0.01079670135950373,0.965585759588969,0.49255124949319085,0.948070959648181,0.6347444718190155,5,2.9299001269874014,0.026514381939743276,0.24204128298592797
468,0.9065428640999821,687,3,0.01076942936541544,0.9617148814496049,0.4889769514001645,0.9503370117637481,0.64541589182231,5,3.1460861587391635,0.057140491226125675,0.11250902757046125
467,0.9069565253879721,689,3,0.010827239231235929,0.9594049972772402,0.5562083320156865,0.938455940118869,0.6280300539626481,5,3.1433869721008665,0.03232611182897736,0.11274903854672522
466,0.906110953433846,684,3,0.010708869733201738,0.9619309934337454,0.5697814751060492,0.9383527802214223,0.6381586689918658,5,3.1365111737464444,0.054083696107808846,0.12332847017527039
469,0.9063824926381576,695,3,0.010773875023029707,0.9999893774842732,0.49107991728583544,0.93920291071096,0.7080740390988249,5,3.113489521990571,0.05432398082048895,0.12188515477395054
470,0.9062820407838345,696,3,0.010856870647559485,0.963271750824354,0.4947840980449289,0.946168379870324,0.6929669661189825,5,3.1627087685092388,0.056631733984906917,0.12201314722046606
471,0.905993041111379,690,3,0.010553396486498317,0.9627054687543082,0.48435585042491164,0.9466420141010857,0.7082434805493776,5,3.1453402032940523,0.05496314864792891,0.12097554911619957
474,0.9060392295190814,763,3,0.010654744802004578,0.9855384805557602,0.4532541508789345,0.9498368099783573,0.6253491473670547,5,3.1651637503377406,0.06756096061815953,0.12346599675133409
472,0.906768982369648,755,3,0.01054232942843108,0.9857713026082534,0.5722231883600589,0.9447350808115167,0.7000994776470658,5,3.1530394271280593,0.0542083222232193,0.11801320866504722
473,0.9059673037777554,747,3,0.010705627562111535,0.9853755647566659,0.5293743938520379,0.9462368223598613,0.6253281246469065,5,3.1601842929079833,0.06950289047364197,0.10565340145577536
475,0.9070413858173412,750,3,0.009819775958997969,0.985674364738418,0.45658809874534145,0.9979244443960533,0.7050858918151177,5,3.148253181134297,0.06654056631580699,0.1243896668021369
476,0.9062537100359084,754,3,0.009961732594284274,0.9856591429455783,0.4511177791531978,0.9949593952770688,0.62612338801287,5,3.211738415347611,0.07250797468261712,0.11685303543002257
478,0.9065626757905549,755,3,0.00990550507179141,0.9891301717168023,0.5351548614913894,0.9949504632253576,0.6250148721492582,5,3.1714978058123027,0.06982941689411351,0.11780386094270619
479,0.9062782255396545,756,3,0.009962301517369546,0.9804000220657829,0.5279361626767677,0.9883083369583912,0.6169033624411138,5,3.2394014500900545,0.06467000471616832,0.07874381541102235
477,0.9065008536161299,789,3,0.009705688131623778,0.986816161773088,0.5726192517176241,0.9440595627780985,0.6512462964495436,5,3.181796942781126,0.0675725999692328,0.11916763232442079
480,0.9060476255800595,757,3,0.009856245699588496,0.9864710389899006,0.4575125410820147,0.9336253559316106,0.6198163586516812,5,3.244070866610746,0.07376738835711527,0.08912490260934469
481,0.9060188777239061,757,3,0.009728620585326725,0.9872326881299492,0.5235596368537538,0.9984492083590402,0.6306281651209739,5,3.1946302898773755,0.07080640413479294,0.07980921394919685
483,0.9064175864383254,752,3,0.009735378435854366,0.9869395168183854,0.5232386211863499,0.988744210956061,0.6584450926759795,5,3.242347023229861,0.0735535323183056,0.08051589764538739
484,0.9059817550916851,831,3,0.009360474986934772,0.9863325268137011,0.5920326862289118,0.5309206500661331,0.6578156735960146,5,3.271998257971696,0.07498979785615223,0.08315825792531972
482,0.9065030629138168,797,3,0.009785001398844197,0.9851895512365003,0.522591018361319,0.9806301556952546,0.6234707348938001,5,3.2353127695301382,0.07421747743627728,0.08134127433918238
489,0.9059139774753348,780,3,0.008812678656186367,0.999296878241231,0.44146762649955007,0.5223225416419887,0.7396211969859067,5,2.9478466564572443,0.037901338163704265,0.07938791501882077
488,0.9063940341527943,787,3,0.00891442057288292,0.9854855705659413,0.5634781034298301,0.527811345726079,0.73512888409893,5,2.969202403265021,0.043970210618355744,0.16456829640660992
487,0.9063864677472184,791,3,0.009233274972843722,0.9823085108389464,0.5870418008554852,0.5364156390618005,0.7353281651591977,5,2.95849735690987,0.04094969015895439,0.0879504569487124
485,0.9061035541148172,790,3,0.009311368230303775,0.9840791984243298,0.5823200619664901,0.9838769086738333,0.7152387743172255,5,2.9710375150162047,0.07914901010721058,0.08194624818835566
486,0.9066793388408142,789,3,0.008994362375547491,0.9846401932063281,0.587735887783002,0.999390525916228,0.6549601766925823,5,3.2445330817522535,0.07821634060304265,0.08300445112394061
490,0.9055715964637615,782,3,0.008773600796300966,0.9839446620628588,0.4231638890399362,0.5312880921502836,0.7276652857413507,5,2.970085714581575,0.04105529837449424,0.16057739958814865
491,0.9058322970876039,784,3,0.00888798379888635,0.9995184851298787,0.4730037465033638,0.5332952320789031,0.7330250931829863,5,2.9806695942324444,0.0825939723406495,0.1658496442783521
492,0.9021373515727177,832,3,0.008788032546986709,0.9989609286664738,0.4380886360130395,0.5388489290301657,0.7320236441771462,5,2.961118841165803,7.1933519443474045,0.07254374907878086
495,0.9052512299789571,827,3,0.012762842772733003,0.9672678748854754,0.4153597960761656,0.4576563727057819,0.664225609256313,6,3.001821986765745,0.04406488634440805,0.14449000375430177
498,0.9006594440782765,813,3,0.011476280062160164,0.954351431503238,0.41567366131674216,0.44480448138542195,0.7006188559104176,6,3.3598394193859944,6.645036093378483,0.1560111383607993
493,0.9061898372123969,789,3,0.008869955448577856,0.9675096878150327,0.44429211181591605,0.5305385339157801,0.7150082946616858,5,2.9440312563598434,0.043274664328040925,0.16408611928266945
494,0.9069475775917084,814,3,0.008895701799291996,0.9990986187598981,0.5859684709867289,0.531166959097777,0.7359251553144728,5,2.9373082553629972,0.03968507436539202,0.17513037821927815
496,0.9007749290087423,827,3,0.01236338035040607,0.9661759004363877,0.9797558291050518,0.45290003957213604,0.7213892675578244,6,3.389908147587031,8.9429675723224,0.16835626418003397
499,0.9053969214660998,813,3,0.01252990033792129,0.9599278425770732,0.5443946293127669,0.4528361010305536,0.668366499334543,6,3.381290326160835,0.04576030965212227,0.1768867764140513
497,0.9056439975427484,812,3,0.013077342288799717,0.9554103769588571,0.9802026490158366,0.533301305785358,0.7138175198942596,5,3.370634798919031,0.04261036741323487,0.14606974297584852
500,0.9058074615500257,811,3,0.012660500243894639,0.9507165455464329,0.5989554793225179,0.9768597283806312,0.7009627983336157,6,3.379503815748025,0.047503333484442925,0.06589353698081131
501,0.9030340333099118,814,3,0.011922773956001737,0.4352926626063942,0.9818656780111534,0.46262617344143453,0.7063306861996751,6,3.3977619794618135,0.04570635954550386,0.060394279307178445
502,0.906536064179235,812,3,0.012630641750743974,0.9537774314890602,0.5438068795393178,0.9790005114715746,0.7080943692500468,6,3.1062556184441634,0.04828880306005013,0.06114143482681379
506,0.9057847599007369,811,3,0.007419999057977454,0.9549224852274287,0.6247005862582555,0.48661928090939194,0.7032587562003515,5,3.074423779646939,0.052063351644268716,0.10578306847215758
508,0.9048817015844609,809,3,0.0074397527660218345,0.9506972502133245,0.576497291786546,0.48536550047610544,0.7001778821299101,5,2.7370239864897568,0.03338414775152714,0.09836504992599421
507,0.9061848945521211,803,3,0.012391725625384993,0.9545767175074648,0.6044826384581509,0.9732764809505134,0.6879248008560757,5,2.7520209632766104,0.03173287186064164,0.09926487592292518
504,0.9061637726232752,735,3,0.01245376886990479,0.9522111313486967,0.9812083922841788,0.9998078192220073,0.6832266701943228,5,3.390927128780367,0.10549113080057985,0.06507421306542312
503,0.9059137970857188,808,3,0.011916238537353154,0.9494030458217683,0.9904044340559379,0.9981868697217328,0.6924289917975285,6,3.3304958265189835,0.05003794015746839,0.09550617526404322
505,0.9064714089832295,773,3,0.011942727141594988,0.9547498659049151,0.9825745383745437,0.9801805899451242,0.6520336108554088,5,3.3899740186769707,0.10808500691684644,0.06675262541407928
509,0.9067754434042138,833,3,0.0073805408414433105,0.9726229733729026,0.5552981254381139,0.9992400857310565,0.6931401738082872,5,3.0630085366913637,0.031865887076405204,0.09740535127552293
511,0.9053326640698671,665,3,0.008683963682511817,0.9730726891192495,0.5585911005813406,0.4951830239118713,0.682215008933339,5,2.719790405444627,0.03288309190651385,0.09484621540468251
510,0.9056209078239318,725,3,0.007366790739918675,0.9733190843615117,0.5629362471420392,0.9971515736842321,0.6834573363791001,5,2.748928743168221,0.03045128779682508,0.10161931428187167
513,0.906151754934785,664,3,0.008638157182820617,0.9763278554708142,0.6124661691548183,0.9255905536119671,0.6803176319117216,5,3.0730970754514644,0.03301961639510115,0.09474968492234773
512,0.9062345590137522,726,3,0.008831681632144326,0.972880877567447,0.6205971702260099,0.9966003962850187,0.6843576089655984,5,3.0741602698876247,0.03211377065213499,0.10420194724418164
514,0.9064798584085187,726,3,0.008561198325575115,0.9715827311789237,0.6115936515335959,0.9249500302648334,0.6495299105231014,5,2.706584311774293,0.031265484243814444,0.10571891260492183
515,0.907056911411108,735,3,0.008755687789493545,0.9723551524275267,0.5583319414970175,0.9989230684451463,0.6482976510603771,5,3.0960036965735958,0.10029991949421688,0.1352640483297422
516,0.9069130425204399,774,3,0.008575518866043333,0.9993556743054851,0.46396488111952455,0.9234310910334091,0.7539050355041689,5,3.0681554800148816,0.09724060376745113,0.13269021611599743
518,0.9063271809857152,726,3,0.00849103988004614,0.9743003082807535,0.46733180492593723,0.9280435316234523,0.650804987102364,5,3.0410448165572226,0.0316106597241499,0.12382231056629786
520,0.9052667801263887,631,3,0.007325097430348014,0.9722262596759221,0.5673520991238369,0.9602521853617788,0.6706601342152282,5,3.0501512339037817,0.0350138840148839,0.13717430800358113
517,0.9068273399687927,833,3,0.008619809806953642,0.9987570555485323,0.6192417950784077,0.9292194550688873,0.6535672485351662,5,3.0549065807384768,0.09705448164496416,0.13077746432089266
519,0.9067053418557304,836,3,0.007310971060074092,0.9727368861532826,0.5667223279066191,0.9601098087798738,0.670875441332526,5,3.0629745324161344,0.03052836019345521,0.12994549731637137
521,0.9070260639505744,832,3,0.008235707346103497,0.9718973219290237,0.5666821811549949,0.9593424963235512,0.7549235673392325,5,3.0657831470074206,0.025901839399758927,0.1336580877752945
523,0.9062344778270223,835,3,0.0070715463692825635,0.9985158208044707,0.5530977048874862,0.9624595181209838,0.652606282662111,5,3.064016947583053,0.09359450053988017,0.12597923562363542
522,0.9065182404992977,850,3,0.006856577626737531,0.9727048922972543,0.5563268363667738,0.9581576911868788,0.6632328823948613,5,3.096507039030209,0.025868554831386687,0.13760436420198022
524,0.9057198779444177,825,3,0.007012624042810499,0.9857163169777456,0.5577854311890424,0.9627798845748832,0.750567288051187,5,3.0695288058552648,0.09296220846219054,0.186094990975396
525,0.9066506577280584,833,3,0.007112467345433017,0.9986011596184866,0.550750752085904,0.9571352670840672,0.665119157061464,5,3.0854641527909985,0.09146039287893813,0.13287645215808072
526,0.9064093656737885,829,3,0.0068228657413531586,0.9994249446213903,0.5566161294467302,0.916849204299362,0.6636967428209377,5,3.0380098354910205,0.09821419880115567,0.19663313786248768
529,0.9065988830195918,836,3,0.007097629819711842,0.9865720215688992,0.5372895299682233,0.9157706966569308,0.6402450073771394,5,2.924492415460923,0.10629736233414175,0.20150046096906563
528,0.9065545390253968,839,3,0.00810738301285187,0.9996478936761205,0.46671118309493165,0.9599615995460452,0.7788983962324729,5,3.0996522251917797,0.021587217523872024,0.175937503092124
527,0.9059108545228671,837,3,0.0068153059999949625,0.9984988059586718,0.5488559946735879,0.9555302219746286,0.7783010574053019,5,3.0724970490807175,0.10396836184492125,0.21105281279347385
530,0.9061336955244645,834,3,0.007909055538569515,0.9979630272144063,0.5424961314768678,0.9169851696348611,0.7603661180798861,5,2.907426907776795,0.0943450332667698,0.14326857893748532
531,0.9065364089947842,838,3,0.008006194949638813,0.9871095358740172,0.5442135372738331,0.9354542927530568,0.7581722140540573,5,2.913709306669514,0.0195966461832654,0.18598175095818686
532,0.906905693981126,830,3,0.007943969238568561,0.9978502823870533,0.5428208227824866,0.9360217630008109,0.77021107136605,5,2.9168823956291097,0.023525592712188865,0.19233000154754226
533,0.9066136006989721,841,3,0.008030886347715429,0.9998900935385517,0.5818573008467459,0.9265900237656227,0.7490319256173307,5,2.8914578538550852,0.01960914235695196,0.21123510495498102
534,0.9069365254019595,835,3,0.008225851254326804,0.9992705698908115,0.5779053244058189,0.9106898939641825,0.7671632456230071,5,2.974305217940352,0.020057555378652805,0.21643292307154482
535,0.906262210773035,770,3,0.007946753828139431,0.9998753682212365,0.583840411847089,0.9350407903430421,0.814151040511419,5,2.896853320179375,0.02271880718414001,0.27681886619827417
536,0.906413699813678,773,3,0.008059074801774627,0.9858525598804396,0.57800851549456,0.9426504152491035,0.755638208565548,5,2.9493209942078717,0.01862887040405379,0.23602165529176583
537,0.9065228898078971,768,3,0.00785200532630004,0.9847372689257446,0.581019549178788,0.9369131655651096,0.7546576665724452,5,2.942487437450658,0.014225720910209521,0.1560264993101994
538,0.9065425640587623,766,3,0.00787074570601643,0.9839451512195962,0.5827784743857725,0.9396619938970825,0.7684249353214204,5,2.9089333870615763,0.02329951396740097,0.2768579746802947
539,0.9068274527028004,865,3,0.007809003625942035,0.9835014159202224,0.5742480453442396,0.9462133864365208,0.7264164614115196,5,2.931728443046597,0.018979033019792806,0.24547464510261327
540,0.9063087511419354,772,3,0.008021834303712568,0.9651344701837286,0.5878700474880506,0.9360871707735694,0.7977392786975659,5,3.230926167695962,0.02297691794955552,0.14004233356797471
541,0.9055508236834644,765,3,0.008314932483942402,0.9666581398834913,0.5805980243590357,0.9340975266612654,0.29824966376544426,5,3.2292465289201573,0.02465620105437063,0.2650472737236341
543,0.906433060340167,861,3,0.007928014095337813,0.9692229672372843,0.5128581823109047,0.9368793278712754,0.806881921919185,5,3.2497601132545615,0.013359777580688672,0.16082802012922792
542,0.9063873120740054,867,3,0.007759631679932878,0.9642259003424389,0.5752033580021162,0.94192278473895,0.7519990908799249,5,2.9058598418121235,0.014719476992414295,0.16702198327689138
544,0.9065568981536496,774,3,0.007761105512263396,0.968333507730618,0.5910760673491621,0.9081427586797246,0.7569151453281078,5,2.899689449903774,0.016902430145653485,0.27950074859070795
545,0.9057344635813358,764,3,0.006280813174726252,0.9707941076422926,0.515223075718467,0.9387747187909782,0.8004528630437558,5,2.964178749263076,0.012414909889676985,0.1669029280557965
547,0.9070294671797019,862,3,0.007503840701767307,0.9668064143049548,0.5241660245006902,0.9182540354117416,0.8004801449593467,5,2.8506475286986115,0.014289507792069809,0.22305996761240193
548,0.9060971275922132,873,3,0.006425412713377602,0.9656848124169674,0.5179673764449131,0.9105283520312031,0.792428628193414,5,3.240451523288199,0.01199946007374562,0.266894426503877
550,0.9071392010794004,864,3,0.008680313944304758,0.9660045436967041,0.5275500413122383,0.899648438528727,0.7804744708356535,5,2.8470234089874555,0.011430296591664368,0.2536655190071178
549,0.9060746718596577,859,3,0.008530228820052948,0.9664053739963675,0.5220748730322091,0.910723268045735,0.7865148550602208,5,2.861316460279569,0.012141378979272205,0.2698976349646042
551,0.9062709211665299,863,3,0.008602537252843944,0.9698139375428975,0.5291814750380464,0.9101961751506848,0.784870597784048,5,2.8016710074876143,0.015331491216485329,0.32623382986868626
552,0.9064840462146491,799,3,0.009016554587250574,0.9663475270620204,0.5218582716133024,0.9039558797741327,0.7831329550803566,5,2.8070696465875846,0.01546469660462936,0.24746411219955497
546,0.9038940740620014,797,7,0.007723279869258134,0.9645714515300707,0.5935187889952592,0.9383379238778305,0.7856215072724183,5,2.9775375592816604,0.015449007986603059,0.2598698745207573
553,0.906014140006911,798,3,0.008643748666013357,0.9674903416508964,0.5243754046867046,0.906609512133292,0.7336230328963194,5,2.793963457317447,0.016937111129952727,0.22701190630578585
554,0.906581437146815,800,3,0.008765833425568683,0.9451313370377517,0.5301910083508994,0.9172661813774434,0.7257448968267233,5,2.968036251607989,0.014748027381391979,0.24884485539649814
555,0.9068705627803298,809,3,0.008672397533281959,0.9476957009534722,0.5343418011974275,0.9086804726611697,0.7858796683746212,5,2.861679013941602,0.02841418284969274,0.22043439691911967
556,0.9063260290919724,862,3,0.008730893597033662,0.9442729560348992,0.5234597149735646,0.9068326028583732,0.7812216444590601,5,2.7859071985100634,0.011731603971660402,0.3534483905067978
557,0.9065078873668219,858,3,0.008562524708514343,0.94622521989424,0.5262762865196602,0.9196049349609018,0.7382068994191525,5,2.673153109329676,0.018487498628895562,0.2219452452557058
560,0.9037259411336003,800,3,0.009445261939794516,0.9489744386269876,0.5040440338269769,0.20348032027228163,0.8202240048793114,5,2.7558206973673074,0.017710122963517393,0.45275912505885413
558,0.9069208605440643,851,3,0.008694780401485282,0.9437618875566773,0.538840650093858,0.8991099192443127,0.7669757542186326,5,2.8156790929148356,0.015699787187603825,0.36655750645394536
559,0.9068760070803343,820,3,0.009091354767759978,0.9841444137851151,0.5342820551619519,0.8954787875357189,0.7730007485831747,5,2.8092169714481674,0.010648790734628807,0.313798150277592
561,0.9057951403235087,823,3,0.008984548319706447,0.9437220359143349,0.5015684405074888,0.9192908481494977,0.7698900481309955,5,2.754187330430519,0.008866203267673447,0.32724647511474
564,0.9065000130902199,821,3,0.009444578797832412,0.9406755682378394,0.5048957257181274,0.8897036774974629,0.7719461337299783,5,2.6628857711833587,0.02298827030922924,0.35366208459427145
566,0.9038738734657077,821,3,0.00936893143951164,0.9351986973937013,0.5002082978012532,0.2016913076618846,0.8261793948298988,5,2.773057860559697,0.021441044621997543,0.20959495139590364
562,0.9032055424051973,821,6,0.008853793524814404,0.9445727805321473,0.5068882917560633,0.8902549011821904,0.25242059823163365,5,2.8200891839592632,0.01616082731230586,0.4419281588269373
563,0.9064735227268719,881,3,0.009399429328920588,0.9405356562180851,0.5008742985120098,0.8905656794442566,0.8198915469593381,5,2.613465741366779,0.012196385267660518,0.49962773661715326
565,0.906106337116858,818,3,0.009229646569513018,0.9348404115637304,0.5001821540936854,0.9203438051895227,0.7660989363553913,5,2.642465162159283,0.011072121676411894,0.4074777188801375
569,0.9039364869066786,819,3,0.007451849516277647,0.9364154717496864,0.5009475066229909,0.9190447534575723,0.24778094662368028,6,2.7647178924444207,0.009514191784396985,0.3806583343322386
567,0.9067685069559696,816,3,0.00933570078019788,0.9449836758354812,0.5004497603041873,0.890325351833498,0.8378170871020136,5,2.798725803839549,0.009723580167158115,0.46568297365356004
568,0.9065857002863247,818,3,0.009393189211420875,0.9416680534768695,0.5001297015955128,0.8804480307349627,0.8282247532680465,4,2.6464312141267357,0.010175259233150566,0.33692312807941627
570,0.9057829763772766,818,3,0.009411017730676185,0.9322456261673423,0.5018226024800758,0.8866608650342895,0.8239247759675873,5,2.710857994428271,0.006818064294955365,0.5962478580884547
575,0.9066693860927071,704,3,0.00965366465028707,0.9325066879161932,0.5406296420366514,0.8782914539436879,0.7934976273011826,6,2.7172911797907915,0.007662203755608824,0.3967553273907692
571,0.9066371386932064,818,3,0.009530396832289118,0.9325605113431322,0.544580563810476,0.8929321907664639,0.8174973751761978,4,2.7063294417799977,0.010262037183813778,0.4430538572083394
574,0.9059515143271165,813,3,0.009608795804801366,0.9239454715632471,0.5397802863715827,0.888386790108485,0.8112709626209192,6,2.874150425894648,0.010756296971159257,0.626306463346245
572,0.9069242584519642,819,3,0.00951681331526576,0.9174378642736131,0.5380185950854909,0.8886223842826656,0.7703157508667946,4,2.600595639640458,0.009800687247010574,0.29809640300120255
576,0.9060857831910507,803,3,0.010086757141251327,0.9283666955697145,0.5404466444776842,0.9025639713075935,0.7998891913598611,10,2.6983547394461764,0.009238530095269953,0.36658369828661846
573,0.9067019239552181,821,3,0.00966393139842837,0.927484622140768,0.5370421313945938,0.9139440720608262,0.8021407389021105,4,2.621200167495732,0.010849897401597915,0.40380435146977284
578,0.9062645837364798,791,3,0.010028745085888479,0.9180230156454066,0.45604079583470025,0.8770498157750396,0.7965071647391687,4,2.699178197314471,0.006550973371759702,0.5971428812911336
577,0.9067966108675645,846,3,0.010002918351433293,0.955364007139713,0.5405804627695681,0.879362027814031,0.7693759705015619,4,2.55428526289245,0.011590923630264925,0.3090581008676725
579,0.906853882708224,848,3,0.008234077447228896,0.9255268770513171,0.5432830378121033,0.9038091395010428,0.7984678713589959,4,2.868213732846364,0.006534954321094809,0.19162388621421308
580,0.9060064325888033,846,3,0.010193939070098227,0.9245253471707037,0.5428134102645475,0.8967297441231413,0.7720908201661022,4,2.8322929212771784,0.007373121700232487,0.19624198268105014
581,0.9015896351060906,848,3,0.008315924124122331,0.2718177929802804,0.5371536895697465,0.9078381615946051,0.7993578008194082,4,2.8866484439024327,0.006183352492080729,0.20020949123398063
585,0.9060616981746182,787,3,0.008171156948332587,0.9537156789723189,0.46061817767261515,0.9007648002207528,0.7669699142125972,4,2.542283263147778,0.005915764104026341,0.3086619626125987
586,0.9065622091188935,784,3,0.010828467201983162,0.9562009314173211,0.4738353350078955,0.9752823679347861,0.7713645139777142,5,2.4345587793135843,0.005990875397638567,0.20175907065410809
584,0.9061603116208191,791,3,0.010179235651195814,0.9145014508129562,0.5347327193199185,0.9054424295858869,0.7979869271206,4,2.8753181841735436,0.01865707023567606,0.3259586358636605
588,0.906445467618536,745,3,0.008458414015956218,0.9588377387866592,0.4723983017340164,0.9727536532853065,0.7660396172916379,5,2.559340923243745,0.025096627428181875,0.19471371483608665
587,0.9060981626470012,849,3,0.008355226638388908,0.9611931169998927,0.4776783658786224,0.9733451192348459,0.7674819648076665,5,2.8911847224027536,0.02523588395842055,0.2087696867060068
582,0.901327895854636,844,8,0.008278331023145423,0.2848427864748583,0.45691635609269304,0.9011204057626404,0.8038759403644106,5,2.9225240078740238,0.02542970617271311,0.19001066577773884
589,0.9057445070183647,848,3,0.01088965750035608,0.9208899879740414,0.4769126678888681,0.8988045345509988,0.7713436156503412,4,2.572748576514546,0.0055002606458358205,0.2193223429051335
583,0.9039053084657873,847,9,0.008227474844371942,0.920143663473787,0.47516767727664705,0.9007391426182461,0.8039041123672017,5,2.8730718875525563,0.025947640219016042,0.1923674827100416
594,0.9062505749966523,851,3,0.008556381953267002,0.9094318439507455,0.47616394298639636,0.8606710413755883,0.7455692232789773,4,2.9802853976059103,0.008346581594806307,0.22788606899518604
592,0.9063841913260463,848,3,0.010653438549658405,0.9116507638094135,0.5583635850605493,0.8672862561256758,0.758381443377389,4,2.440962003466369,0.008171175942100775,0.21152866592141156
590,0.9065345349344369,851,3,0.008293479547158217,0.9550855133724703,0.5561551550770644,0.8969261364144441,0.758604336925631,4,2.4958044835716846,0.00621357783490064,0.21917039383459996
593,0.9062576653804095,847,3,0.008580410768996734,0.9114357722704605,0.5600445192044994,0.8542486250304402,0.7458238321315795,4,2.5403452867665153,0.007921492094700527,0.2914269362508947
595,0.9068086875456638,849,3,0.010943041259050084,0.982381312636187,0.5577854287567358,0.9040506867238718,0.7546864072100283,4,2.9891758572078415,0.0076776387981125046,0.2711251694621849
597,0.9063251157412617,881,3,0.010989228216338246,0.9010223904341136,0.56536157929401,0.858610898662812,0.7457024311277438,4,3.028134257030903,0.008602795279417215,0.28013349802860893
596,0.9056374813194503,842,3,0.007417826055666887,0.8965248804777469,0.5481824500161272,0.9221212394580186,0.8527176004593349,4,2.990127756827935,0.007474731435562583,0.2727764700868702
591,0.9042724951400469,880,8,0.011053232618096518,0.9034814076149715,0.5577607031515164,0.8717921741019086,0.7464960022869535,4,2.4448496013744117,0.006122476226023581,0.31200060742203645
599,0.9053634319400393,707,3,0.007599371086348351,0.9012119444349426,0.5564818223613357,0.9299058248275948,0.7512848277197531,4,2.9962666343979056,0.014602860117043428,0.2732984755858376
598,0.9063398219419938,874,3,0.007471917396028053,0.9813268573706374,0.5204427187596354,0.8567404711818347,0.7868555077471423,5,3.000326898644083,0.008644703215904931,0.2850147327381153
601,0.9064485891266705,882,3,0.007444493972406227,0.9817915511441245,0.36659059999884286,0.928661647953083,0.8504922044410762,5,3.0033262886238785,0.014152243237167367,0.16414353820272073
603,0.9060000252226189,749,3,0.007666012614247495,0.8972918359757015,0.568241305267868,0.9245734903082207,0.7806463183579283,5,3.0196237062491016,0.013818269744845603,0.1673626671478595
602,0.9052830325238297,877,3,0.007468187707911977,0.9041462504078354,0.3624574968237758,0.9199256683344004,0.8465744307205847,5,2.992733031378795,0.015545716916389203,0.2834546249044996
600,0.9062899059383319,882,3,0.007467919688939982,0.9822607463428275,0.5614034111918554,0.9261523812923286,0.7511718533410854,5,3.0106128615579855,0.008120127432828786,0.1599010725417888
604,0.9064128205948416,708,3,0.007714897321008617,0.9821670524680006,0.5172134383373216,0.9250774047170754,0.78794519861677,5,2.9903281360291714,0.014485780503604325,0.15747864272442164
605,0.9060064290919966,707,3,0.007368778710111306,0.9829537099703546,0.5202379812133108,0.9264151194973879,0.7470371617376609,5,3.133671318579419,0.019790533892023628,0.16189954685998986
606,0.906346479101806,746,3,0.007544389115396738,0.9825726707379897,0.5195788941360622,0.9311497411898635,0.7854624841190374,5,3.0975292450500933,0.014101155648120823,0.16262767128688665
607,0.9062577761379613,803,3,0.007460584542778934,0.9830206275404875,0.5182015054134491,0.9506580367180982,0.7815190646036584,5,3.1408532197596664,0.015156426642703466,0.16392828977763474
608,0.9061554696837805,749,3,0.007452353444187102,0.9806828289044441,0.5257443739039305,0.9252218206565584,0.7878200757157278,5,3.1362979472467756,0.018939102549440277,0.15629557969205388
609,0.9069944748629466,746,3,0.008920243534133763,0.9824210100686717,0.5273974539182578,0.9307770034019183,0.7886337296783452,5,3.1338117263588727,0.01306567035190015,0.1676580695919502
610,0.9065420917618031,748,3,0.008911128848749544,0.9823150086578561,0.5191770483731937,0.9479832672742513,0.7826599383085957,5,3.1161483558193797,0.017574588490044816,0.16407317118981776
613,0.9063081090978153,644,3,0.00912338104403177,0.9833788451103623,0.5199642517692009,0.952768011980544,0.7864776976944495,5,3.1444168650837967,0.019432369409706052,0.15660604475620818
611,0.9064335280760739,803,3,0.008996518544896427,0.9994243946213509,0.5177269842212706,0.9833247783077047,0.7846163478029987,5,3.1170159301361626,0.019183569527683228,0.14707720970677826
612,0.9065126049391695,799,3,0.009071636961580207,0.9811893639015977,0.5183403465585169,0.9582112747726573,0.7849797726910656,5,2.811880481165229,0.018377410311877077,0.14924126110692487
614,0.9030661915408414,808,3,0.009123704042020913,0.3340947792739179,0.5298074423884054,0.9492608308466518,0.7800944680519298,5,3.1357497236023133,0.022537728830946655,0.14162234472039792
615,0.9062704538107106,802,3,0.00903000604732029,0.9605521123724082,0.43690047646173574,0.9462193480717711,0.7858819950661944,5,3.137139679371355,0.021790818300398723,0.13834459534216284
616,0.9063858534494994,805,3,0.009300658622005619,0.9999721675992447,0.5352786390498677,0.9517278856986295,0.7769853987997606,5,3.138912610589738,0.022308692960903445,0.8027455356571074
617,0.9062243575362631,829,3,0.009042392343174116,0.9989674134370136,0.44532621741329126,0.9510093630813893,0.7843367440412766,6,2.798742963229913,0.021569857161142375,0.7715123024888972
618,0.9070146270360689,801,3,0.009223860431571685,0.9986662349766471,0.4448061727925123,0.9833660337724953,0.7759023860002179,5,2.754766860344469,0.02598035813804695,0.13699058746680984
622,0.9056232823837446,774,3,0.010121323390467398,0.9596789311095419,0.3145467590117575,0.9567061703048992,0.7702700584936335,6,3.2467843829997753,0.026780235792135027,0.12621143722735045
620,0.9067064742889837,766,3,0.009018066631540969,0.9991407050007293,0.44582153610863795,0.9858546070667511,0.7718751468789204,6,3.224314789246515,0.02790872007656874,0.1272530484367565
621,0.9063479419072763,729,3,0.010241067840514933,0.9614093715077179,0.48716061025813856,0.9800912604147025,0.7314086237024346,6,3.3021506590538845,0.027283946626608074,0.12658667234848447
619,0.9063865534950006,776,3,0.009098566279475253,0.998698889694695,0.48709768943950954,0.9511038844650672,0.7746562929722645,5,3.1800355117188213,0.021856268384394185,0.1311171699744194
624,0.9068769496977968,731,3,0.010174712442260573,0.9990343706691528,0.48651717659778254,0.9528001822578828,0.7294930494374386,5,3.230028138734051,0.029161645632899948,0.1259047522539888
623,0.9060172721575006,774,3,0.010111246912105134,0.9989273523568547,0.44602624332631835,0.9543943923003144,0.7336895454171785,6,3.242497560146034,0.027743628818402265,0.11408640435680008
625,0.9060877067388148,769,3,0.010182686027189407,0.9994420687280806,0.48770100209678374,0.9859586551883804,0.7386058030285776,6,3.1826587678589555,0.029737734404404605,0.11809271052350721
626,0.903991683544587,778,3,0.010138101056473529,0.5263387037812696,0.49252116021160375,0.9788518899563978,0.7411307228349405,5,3.212188894890916,0.029858833131820237,0.13296019891644445
627,0.9064108262747503,775,3,0.01029161883507353,0.9642129596395337,0.48112829290508885,0.9811887970146174,0.72580193501614,5,3.259974554486183,0.02842985391002154,0.0001190069930606071
628,0.9067330252383089,769,3,0.010253852548233721,0.999803982696787,0.4004525087066941,0.9862310563468067,0.7327239387164862,5,3.2475634565931477,0.03616228062977719,0.12163852991259283
630,0.9060869876129118,729,3,0.010217109899633122,0.9996272298204133,0.4864469769547261,0.9884869879561361,0.6000393664494406,5,3.2517437660144677,0.06185333112829146,0.12976496786491218
629,0.90671734289638,730,3,0.010409049844830863,0.9990407735881177,0.4791978363944737,0.9829687819945008,0.7373747287084268,5,3.2284873885378444,0.058840559176175734,0.11233338246588394
633,0.9070367254861991,728,3,0.011360962681386966,0.998821353969354,0.4070448618653637,0.9802212074208521,0.7375136828841838,5,3.258449364365813,0.03774524957560486,0.11290618196098275
632,0.9062948622817644,739,3,0.011280732857629584,0.9723493269895604,0.4237428258451159,0.9678575416095256,0.7359562326455263,5,3.2429438273116014,0.059604370908103964,0.0001421617454365628
631,0.9065123296036495,771,3,0.010345934994638074,0.968469307520878,0.48904442875401843,0.9797614564511706,0.7300742601638333,5,3.2346507760401533,0.03745566503646789,0.11071017091339083
634,0.9068069080511328,714,3,0.011307537503323197,0.9996942771392155,0.4088236852593475,0.9781777184725048,0.7273306202247026,5,3.2511286807822977,0.03864707320373561,0.10841066360607307
635,0.9068824713076367,726,3,0.011310877987937206,0.9719597308381959,0.45111817209817084,0.9727315452355225,0.720114131947736,5,3.2837806181360145,0.03844455326015556,0.09914139362079856
636,0.9068232669491438,729,3,0.011692606556296895,0.9996444553237924,0.4622578506503005,0.9748754278443615,0.7205948491868385,5,3.308126088189078,0.062751675800236,0.07578478291393642
637,0.9064995956019051,725,3,0.011456057223073073,0.9995094330847182,0.40761708300207455,0.9675782618552332,0.6031755902275664,5,3.2953755968346776,0.03625940157771331,0.07681809207325403
638,0.9064531206841044,720,3,0.011258388056783123,0.9726490527158114,0.4133879275220646,0.9740440103015805,0.7196270326195702,5,3.2695672454101423,0.055046267601696584,0.07966465642902472
639,0.906566365833851,718,3,0.011333948372360922,0.9736112953520254,0.4218709695390588,0.9658414247375373,0.7199551499572971,5,3.3045241864958985,0.03771472186512515,0.07360728506929012
640,0.9061735668748169,746,3,0.011330568446892795,0.9709421550921618,0.4250678049845014,0.9707035200003229,0.7136573561926123,5,3.058090609041378,0.04077857209573956,0.07836908811447667
641,0.905651555282325,710,3,0.011834727199021101,0.9746966672852926,0.40418672636194497,0.9627666750802266,0.6186028897242503,5,3.3363899901675294,0.038613582501541566,0.07397302991568042
643,0.9056441793766975,710,3,0.01181847777555199,0.9786049629549944,0.33733912335493005,0.9984256197859878,0.7586455707304031,5,3.066575015915356,0.038790966468083235,0.0789005164723168
642,0.9061880548291995,707,3,0.011377748239755061,0.9800725440953666,0.4060693881688543,0.9786124064160678,0.6180277454638107,5,3.0460182188889053,0.0481870334082894,0.07660822181710526
644,0.9062345255660358,748,3,0.01158523284089007,0.9792833702501998,0.3905685632884749,0.9991190643067692,0.6147625339005749,5,3.065693686865402,0.048314025618866566,0.07277759507963903
645,0.9062479741326307,736,3,0.011536173057081243,0.9764659953933137,0.42364382365949865,0.9601139232520859,0.7107054894226806,5,3.0815043829399147,0.03997542548139843,0.07919237086546954
646,0.9068708555238661,755,3,0.011470570734786302,0.972343817133057,0.3902344651851722,0.9680878247164545,0.713863736862394,5,3.0690215553977005,0.04445987625477878,0.0916166059317549
647,0.9069783194638831,709,3,0.01139272820599433,0.973734368952642,0.4305459714218413,0.9682511929450479,0.7508478833293273,5,3.0594470592006093,0.041998879398119866,0.09001812356993895
648,0.9067191098480173,747,3,0.013726839731213476,0.9739003158929057,0.429440796249043,0.9944427105840394,0.7603623964023275,5,3.0402413960168024,0.03937254236069629,0.08946706777342418
649,0.9064626849065782,679,3,0.013497644618282349,0.9746741231677455,0.43046256439552316,0.9905382919629182,0.7474471413498096,5,3.0469569980127056,0.042304385796914715,0.09169689472513715
650,0.9065396204316652,677,3,0.013288494785090163,0.9801570643222274,0.3789957985279489,0.9980269705046613,0.7613503854646124,5,3.066317651482391,0.050400401578197286,0.09096381802547152
651,0.9068418703409613,670,3,0.01341936299319754,0.9562703251511803,0.43256712132563613,0.9910117551170934,0.7582219942562529,5,3.0749276344685055,0.0430891872183219,0.09215503629470954
652,0.9060775722327762,754,3,0.013359715489030678,0.9560093450568422,0.4571115506319009,0.993688009802429,0.7551794171152679,5,3.080259566381583,0.048574942812132545,0.09661849027618412
655,0.907040634383985,687,3,0.012999850095229049,0.9554062911725725,0.4343464231274916,0.9399373620520537,0.7579958284862978,5,3.140816974531911,0.059328268102942505,0.18875338668736844
654,0.9057759078865703,750,3,0.01084378176324168,0.9541782063757167,0.4307558023877293,0.963175075347954,0.7546289983998721,5,2.906511631439427,0.04754435342426162,0.09579447789967262
657,0.9050593040935018,676,3,0.009701843752732883,0.9543726710556453,0.4403092003091457,0.4212827256700459,0.7550149469745506,5,2.902369600379425,0.05790112134023564,0.19865921688894364
658,0.9058300053869068,671,3,0.01288079628700085,0.9583976883360639,0.44165872879891577,0.9374891296848505,0.750046579401074,5,2.958413115115004,0.07524920556228076,0.18283103783530225
659,0.9066314981919381,692,3,0.012962724784992614,0.9530217863777948,0.37838030839427717,0.9354797292226529,0.811600784442334,5,2.913322391407426,0.06418524589604156,0.187410419925892
660,0.9058629886361688,665,3,0.012704160390195835,0.952673123909713,0.4421095759367651,0.9440643349209943,0.7564337574670008,5,2.944865167379596,0.061171125137868806,0.17952733072459232
661,0.9071084268997724,696,3,0.012615241484770357,0.9589176277566632,0.45373743992006604,0.9397857517616706,0.7524300354168739,5,2.9342016880188204,0.06343331595526142,0.18679965998417072
653,0.9038037313238594,750,10,0.009788400097074709,0.9557398205185987,0.43642238590886334,0.9371978064066969,0.754933992734129,5,2.924372064948131,0.050513361306104176,0.09849299151959805
662,0.9064986660594588,703,3,0.00969577579480539,0.95437486027257,0.4477147054738031,0.9375457447117614,0.8154234779211406,5,2.939149300955153,0.1214354074977716,0.20234485359608326
663,0.90602478504673,675,3,0.012710171298307416,0.9539727553334676,0.44513054510695077,0.9432416942353415,0.7486090795944765,5,2.8992535521841116,0.06234364941822981,0.18964166841496694
656,0.9035544562879092,752,10,0.012791489620579567,0.955755680928449,0.4575983971134587,0.9980138467321256,0.7541854322311285,5,2.9233314749929917,0.05949087874879091,0.18346867123126429
664,0.9061842627703685,688,3,0.012589558227379056,0.9473630034295435,0.4441629347638787,0.9392453583444001,0.8106736222946416,5,2.9424195954631056,0.061788307331538034,0.19385291094406543
665,0.9012593110840745,693,10,0.012941737273150374,0.241693365602196,0.45263277443019495,0.9440367895132687,0.8119370773317691,5,2.9362747280627923,0.06451768243771602,0.2393357364155903
666,0.9059394959544683,711,3,0.012625676181899649,0.9468742603021141,0.46615427800231113,0.9388203417581656,0.7626671594415824,5,2.636027281480336,0.02450062748220835,0.00019636693653720004
667,0.9062115837013293,702,3,0.012337573357339912,0.9374363114321622,0.45984929761034465,0.9449906429807724,0.7698215488852045,5,2.7207337055306127,0.032546673813377454,0.23499124998891374
669,0.9061692744685553,649,3,0.014048949179471354,0.9366148270504808,0.45772828921147446,0.9412265229879382,0.7685726237458306,5,2.655240500619013,0.03199382196472494,0.22682936765102016
668,0.906030567700793,695,3,0.008313850617955199,0.9497023621238866,0.4601481284532075,0.940911132513453,0.7605341634448375,5,2.693138645679215,0.11614500689745169,0.24559045525621837
672,0.9067194416645676,656,3,0.015005889056034017,0.966862976063048,0.45372210340439256,0.954916579769162,0.8034045760565796,5,2.7185715590477457,0.013206615588108667,0.23761766622984729
671,0.9066919841300924,691,3,0.01544706684959501,0.9372548291099606,0.4490889944512388,0.9507773000339333,0.7680597555911217,5,2.8031390252312964,0.03356554943080177,0.24278838464032235
670,0.9060191977577381,691,3,0.014204823525583565,0.9350703498539805,0.4526131903989528,0.9402481215027465,0.8088275844395186,5,2.725500755401113,0.012026210874461648,0.2191685983107986
673,0.9056436889875645,698,3,0.014887256537628724,0.9355034152017492,0.46541584117860557,0.9535683591075673,0.768952142466245,5,2.7328594319529778,0.012312603647514691,0.24991337622582896
674,0.9064803846019119,616,3,0.013955621099622928,0.9358232826405013,0.47054223667443196,0.9552530164745267,0.7656420154044393,5,2.720361076853201,0.032359606530535066,0.21709470739104572
675,0.9066550922871148,697,3,0.014014581106548032,0.9406926909198061,0.4590081051979826,0.9575219571048431,0.7691653584093371,6,2.8357572906305277,0.030866384979097196,0.24389603267484
676,0.9062943726528065,698,3,0.015012342419063514,0.9326069087383709,0.42402220219948084,0.958498324171521,0.738010121666874,6,2.7438100134037913,0.033450317034804306,0.2455121361808188
679,0.9058681138905691,692,3,0.013823342511820965,0.9655644469351309,0.41773071115549587,0.774206993997031,0.7426418940052157,6,2.7655488230627956,0.012188996646119367,0.14565901740037904
678,0.9055304331953625,650,3,0.013932567754462917,0.964986043496063,0.4069512702296611,0.9598493695122181,0.7462691111376989,6,2.708836968321986,0.013703077512802867,0.14475184803849986
677,0.9061668628121842,689,3,0.014997363908356648,0.9356219140234139,0.6059584475035205,0.9573029753860884,0.7395049066745182,6,2.7822586042602,0.013556592229704163,0.15073617361489944
681,0.9066918475265779,608,3,0.014115797638389655,0.9844707671683485,0.47220284505113813,0.9147135639802673,0.7378914680399609,6,2.8048709602669577,0.017609318764672578,0.16310119921828542
680,0.9060796684163674,711,3,0.01097684204461582,0.984212743326845,0.4173943715985369,0.9606782141457386,0.738570765487228,6,2.7847027455157924,0.012120293117608968,0.14417520230021008
683,0.906805155010705,718,3,0.010783351248255739,0.9843664063931402,0.4134234329945338,0.9174195966714733,0.7418308187355107,6,2.8203950765347905,0.016627629524452976,0.13551989969336808
682,0.9067424869131248,712,3,0.0108468778096745,0.9830623120459465,0.6030767169913279,0.9206194206932462,0.7392711046492592,6,2.801093530796673,0.017311806517190484,0.14458382978960768
685,0.9058290126738872,791,3,0.011002902730923926,0.9839869704386197,0.21798651327044338,0.9118371475207384,0.7407519293125463,6,3.141774065237178,0.017613614641707433,0.14236068543850297
686,0.907111242817407,646,3,0.011051694702542853,0.9863678514666433,0.413416260370841,0.9179499758192303,0.7466596867604818,5,3.1434352623674746,0.018241708038106222,0.1437852944032283
687,0.9061530852416878,654,3,0.010670850586562588,0.9846360951988756,0.39909575625426136,0.917440370176148,0.738936712732508,5,3.140953291252099,0.01641335764967497,0.14592282309858773
684,0.906698714494793,718,3,0.01065050102011271,0.9840029261158341,0.5695473245839574,0.9166742256859668,0.7440676163433226,6,3.154632494514923,0.023605538947729283,0.13504802421683412
688,0.9070691579884033,718,3,0.011003354944757144,0.9828820240001725,0.5733936704675037,0.9261561641070821,0.798438735975973,5,3.1405835294083237,0.017376246458411713,0.15023861091100105
690,0.9070189854255529,721,3,0.010745400128263569,0.985351324458379,0.5505918628800276,0.9178539195962613,0.7918855761203625,5,3.137917710039731,0.023865068613769375,0.13205503481455183
689,0.9061547748834894,789,3,0.010845893156473435,0.9836878103259777,0.5086207538867856,0.9264638537579835,0.796769352110792,5,3.156928527666796,0.017482419375409803,0.1600645834719929
691,0.9053330207441521,780,3,0.010740100943406567,0.6044382274556777,0.5691530085726847,0.9201684366662728,0.7932563237903485,5,3.143780266697488,0.02356241583652817,0.12940016536018148
692,0.90595596872675,789,3,0.006683608464406391,0.9850964110250112,0.5501342230850006,0.9781357773433808,0.7940045151095326,5,3.139250301650499,0.022918613525824243,0.34643517298551113
696,0.9065277517375481,661,3,0.011239257345810372,0.9659372657132734,0.42936079102206526,0.9783884696486264,0.7021741963917588,5,2.3063632585956024,0.08118425110454006,0.3341953906829465
693,0.9037973613583032,787,3,0.01206736255689256,0.586737316447347,0.5687981679232809,0.9783572814205228,0.8002308669216514,5,3.1392311570507756,0.02390785949890862,0.3551176423799488
694,0.9060708328980063,786,3,0.008235453174857469,0.9721226647431934,0.5472167642667437,0.9760969634108743,0.7018460771248799,5,2.9949705361560173,0.023408469752423368,0.3705851471167409
695,0.9064458708155538,661,3,0.01172263140336824,0.9651609320823478,0.6438597359193993,0.9744436621111224,0.7855389144406751,5,3.1429595080523214,0.07903807720139226,0.38170135291919244
697,0.9064480302457362,646,3,0.011545608244359414,0.9657742868670122,0.5033034819950754,0.9800080469767909,0.7008169660618141,5,3.030577770256226,0.023500173403910363,0.3637849186387215
698,0.9065464356319375,629,3,0.012176936172791015,0.9632630558009027,0.5527901107957315,0.9756097278450463,0.6969450989050847,5,3.0231134193065823,0.02270212345590265,0.4908450721810378
699,0.9063086874392392,633,3,0.011810353358041044,0.9651193253330512,0.34907615624210414,0.9815937080353603,0.8059487047943775,5,3.1408656431916127,0.022293778128033136,0.12103168626747642
700,0.9070222145745201,728,3,0.012049207614912648,0.9662195685497111,0.3784857321704128,0.9681631483412027,0.8028677457453188,5,3.172257023305221,0.023075058258591977,0.1170155057365724
701,0.906539603403737,669,3,0.011999181662315946,0.9658926969928953,0.38206051111240497,0.9769684366976634,0.8275769461696995,5,3.0130991045813804,0.025601279915725205,0.11277910024752551
702,0.9068516146489808,633,3,0.012524264077552392,0.9660511806541141,0.3917589498044812,0.9771025852819053,0.8283547352972649,5,3.015047574141792,0.02617457765521601,0.1110854385738628
704,0.9066560277589287,627,3,0.012000157898454931,0.9657846950439807,0.39500636208721684,0.9657205185175156,0.7074490520224694,5,3.0369513456410426,0.02128212327827153,0.11478544824266781
705,0.9056424229154805,682,3,0.012320878927545017,0.9659788232936813,0.37003725090288475,0.970868851368529,0.8228573037096796,5,3.0086453768876353,0.026796894130849545,0.10677047281936056
707,0.9066545759760013,626,3,0.012412099037917994,0.9681196737322658,0.38046160686442476,0.9237289225947967,0.8046811949930539,5,3.357216040400198,0.029386022247680683,0.18115339701546995
706,0.9064019421051652,732,3,0.012195236755967235,0.9659551011128658,0.3875641148998076,0.9665632494772065,0.829246167715797,5,3.0211028741657664,0.02730004658910363,0.11263367473293032
703,0.9063143610841535,673,3,0.01205868576123586,0.9644006123707678,0.5973974416930072,0.9721547902827063,0.8381484549342875,5,3.013587245025743,0.02795519136279856,0.11898523619380175
709,0.9064086552138848,586,3,0.012309885250899657,0.9681936010407597,0.3919627926336166,0.9303568920031918,0.814307808891382,5,3.4160708732166722,0.04948191786091412,0.11527116777351773
708,0.90609927083066,728,3,0.012436733590173032,0.9679476085488687,0.6001454190822147,0.9250924391997009,0.812928069315831,5,3.3839994142713574,0.050229014175233226,0.11753767157042741
711,0.9064292840929837,731,3,0.01251603273521934,0.9832309536163335,0.3595561531435939,0.9656123820623855,0.8237285892088456,5,3.3163753023032925,0.0327369174829274,0.111728809677533
710,0.9059705215240921,677,3,0.012290910070837501,0.967510564682857,0.5862116151698692,0.9647032649930215,0.8285655310665753,5,3.3838566465422097,0.02960892116549522,0.1136579406814285
712,0.9066335287723947,594,3,0.012327730064367257,0.9834794256840131,0.5833732696286501,0.963269272225509,0.8210351801735772,5,3.3636745603881555,0.039591011448980966,0.1679750038601683
714,0.9066695427648515,592,3,0.012575771544607048,0.9840652551921901,0.5958090008164435,0.960245098525059,0.7932988425191426,5,3.3980267787199447,0.033839304003040076,0.17256458123212226
715,0.906448003183493,731,3,0.012147720979440784,0.9852482897347706,0.34311052643057116,0.9494199715457411,0.8271643145403254,5,3.4347166590508014,0.034691319045643404,0.16985936882709826
713,0.9061381617828339,736,3,0.012279681739699483,0.9835669186569953,0.3708213750996807,0.965488527133946,0.8096773487909024,5,3.4119604293935963,0.03524895694680954,0.1711398199948812
717,0.9061796963208849,731,3,0.011087893721979467,0.9853517652391476,0.36723402392472676,0.9499728989747466,0.7969937621283407,5,3.3305561683695517,0.03716472581537422,0.16828465775262114
716,0.9064726435080355,726,3,0.010862592471198694,0.9841048477798972,0.39825289242987727,0.9520802121151694,0.8316601422907598,5,3.207977648477802,0.037715520623579406,0.16863288277846314
718,0.9063289581237022,730,3,0.010648883588741243,0.9852579544338969,0.41912080365383386,0.9498474249165032,0.7947017600798965,5,3.211254117619541,0.03589784237538889,0.17530476832443595
719,0.906841860990804,735,3,0.010777974077323825,0.98667865240949,0.3569077017698665,0.9515296363780468,0.7894329031897117,5,3.2000381317076987,0.03826783589046445,0.17858439819293073
721,0.9062165576808303,719,3,0.010535804360878552,0.9825264008549449,0.3528696214642808,0.949220657832989,0.7913196632229551,5,3.1879238264516423,0.03634660198617972,0.17478090993111314
720,0.9068508078748574,711,3,0.01067365469722321,0.9841791650159502,0.4072071389840369,0.9502788783520612,0.7943355760664694,5,0.3902761536832595,0.0342200498224356,0.16890082477094331
722,0.9062904491596535,716,3,0.01115363391585616,0.9857276547540806,0.4094808910047971,0.951206703888682,0.7900310610986861,5,3.1999407766003727,0.03595877438431409,0.17091545227200677
723,0.9062738406960676,714,3,0.01055115571068173,0.983758674286722,0.3580613135890427,0.9466052604126175,0.7932302178217212,5,3.1812936869277753,0.04152220560899796,0.1639781423172075
726,0.906296335045532,713,3,0.010424473614628702,0.9497164825877904,0.43187544403647715,0.9967731889796204,0.7160795997774239,5,3.199301691014947,0.018181873494658385,0.14363344054253085
724,0.9060197260796222,712,3,0.010324257036188687,0.9524754525615514,0.4075502265841647,0.9944781816382626,0.7182303271575351,5,3.224075964008924,0.019278885114179658,0.16806608791227667
725,0.9062266804041507,708,3,0.010535476217946598,0.9503782310981556,0.4071512222792284,0.9913033196462225,0.7927132146871545,5,3.209356227014971,0.018193669091714857,0.17309215004453252
727,0.9061989838705381,702,3,0.010136129238462544,0.9490652093636669,0.4075853171859325,0.9971846273105526,0.8645030846857757,5,3.1601692163752038,0.01874799162857159,0.13975989350751353
728,0.9051721333513019,707,3,0.0098574853901642,0.6545154263301602,0.5758996533052217,0.9325161399148676,0.716477815760071,5,3.143147764733179,0.04762203717309531,0.13564106050074068
729,0.9062879030282589,702,3,0.010190205117733933,0.9512661502691403,0.42613680508718965,0.9878489605279716,0.7194738178186714,5,3.158012870199076,0.0190308043590444,0.13642893570135622
730,0.9067342570264835,707,3,0.010223569465311028,0.9477876562744195,0.4321419655525313,0.9327854393002808,0.678627770245467,5,3.12296203574779,0.019169243863415612,0.13715456951113023
731,0.9071697003035958,705,3,0.009829739249097661,0.949855981403277,0.4282106149883531,0.9967308760407019,0.7193876740344672,5,3.116535771882019,0.019728427013486018,0.09832760498726668
733,0.905851378629731,754,3,0.009855952918585023,0.9493786552281073,0.2967134510149378,0.9969107093848425,0.7124020679793479,5,3.1201171866320174,0.019216214010143465,0.14020677341949106
732,0.9070949984778249,756,3,0.010140687863884926,0.9491085194660165,0.4237915738493626,0.9986720258503253,0.862524624200201,5,3.1049656345018275,0.01933916190842032,0.1355899302212513
735,0.9057941818183808,755,3,0.01375044390606653,0.9994198265005608,0.28272640075029914,0.9986753192594362,0.6855119963169912,5,3.107545729153142,0.046380736837835,0.09998005832436052
738,0.9052675623468474,757,3,0.013195558776773263,0.9535476828975306,0.42854286516763046,0.43031098060530193,0.6182445961178235,5,3.101021834290031,0.07604081314531932,0.0990349290906263
739,0.9055685214023423,743,3,0.01356348318784104,0.9714696373326107,0.43159011092171795,0.9301955536537955,0.6283305666072165,5,3.090380259509634,0.00018349797839985435,0.0972526489843519
736,0.905743166373077,752,3,0.009796934339839353,0.949599143176607,0.4299967283993635,0.9344759558824121,0.6813066822848727,5,3.1019869026734597,0.05382737720475382,0.09321550403759313
741,0.9058077837123488,678,3,0.013515315978617486,0.946243297893799,0.4379196948652143,0.98637093226327,0.7264430671527276,5,3.073540081319885,0.014575665395711708,0.0925546908951684
737,0.9018417043186597,748,7,0.013576141569495761,0.44617570715039423,0.4223021958047061,0.9336494857215251,0.6205748235545081,5,3.0897338691265364,0.05639022979199972,0.0989171108966756
740,0.9065899139384175,753,3,0.009653119749741514,0.9733962834101336,0.5670556975089834,0.9987861828183954,0.6253342056818147,5,3.0853596303085085,0.05388663390511199,0.09921216172880225
742,0.9063765165194623,685,3,0.01378516702221442,0.9540929536423044,0.430517457927891,0.982695033276146,0.7741267535133856,5,2.982121528238568,0.01636375126877156,0.09883990786954075
734,0.9041044786705129,759,7,0.009786699296985684,0.9494930505071171,0.6282158555504166,0.9994880068427059,0.6730492929509034,5,3.129474136062074,0.05122409316271929,0.09692732310016135
743,0.9066705906666034,756,3,0.013252115361620806,0.9286657704573138,0.42422917860786746,0.9953498226785903,0.8732258937901461,5,3.0962340658548224,0.013045401046992722,0.09690051308731634
745,0.9063834714399679,678,3,0.013623476672565265,0.930904934820904,0.4407261187016556,0.981191345389598,0.8960468398085986,5,3.027499082017062,0.013673106597647639,0.10685654031963518
744,0.9036554355519062,756,3,0.01154320407627757,0.3781882827468864,0.42376953630182734,0.9838421116917839,0.8944698857768907,5,3.2947450902887825,0.013211506920734995,0.06175371121333149
746,0.9063127462436086,682,3,0.011406531492068835,0.9307857177615444,0.43875334081244965,0.9832853391725045,0.7252967329632086,5,2.98155276554575,0.014070867445331162,0.09059150396287428
749,0.906047913002368,675,3,0.011700630531733322,0.9236913932017337,0.39343225349551764,0.9853042867533841,0.7300429939570642,5,3.272202357607605,0.013494754924322411,0.059593480934951856
748,0.9036203572593159,684,3,0.011605066065972463,0.4079667406266998,0.4148222651501343,0.9835331261505116,0.8628795929916596,5,2.9409301350913895,0.013537558845514514,0.1101445026896022
750,0.9052682321373686,669,3,0.011194313194987328,0.9306047443860346,0.38794275797513283,0.999055535148534,0.7294336097455126,5,3.3136873584223223,0.015108240781024448,0.06236463463735578
751,0.9063211308259385,741,3,0.011071377417805055,0.9319892528358451,0.4098919080054925,0.98373121616614,0.7299865522909512,5,3.3208867160037334,0.014651479813006725,0.0695242037858868
747,0.9041658492247487,680,7,0.01130249371741715,0.9283152964190725,0.3856355453835302,0.9867299388210262,0.8784094726993439,5,2.9944360010286233,0.015424966150454385,0.06477009822831804
754,0.9063201881324584,735,3,0.01117358257529773,0.9225615533693364,0.3843357320418323,0.9819805618711936,0.8654889100689614,5,3.303905590889027,0.02202906811473995,0.06801875330832076
752,0.9068234014241673,739,3,0.011555640076085276,0.9204423826397532,0.46907180381780517,0.9797441301076428,0.8498182362917475,5,3.2843743006654895,0.013945676751372012,0.08198252243305078
756,0.9064145180664495,736,3,0.011348679228800217,0.9604453603952559,0.3857736012522458,0.971416819837776,0.8599740831086043,5,3.3204038688919213,0.026455337983181573,0.1256670456531585
757,0.9054859003736049,733,3,0.011167333560712174,0.9618017036094272,0.47727319575586874,0.4007145601064597,0.8474101440598676,5,3.3039098440465624,0.02770679749483145,0.06407479358245294
753,0.906154978002349,737,3,0.011316213716114529,0.9215285038743302,0.47240019040996056,0.9811704678994735,0.8896765793243858,5,3.285377407764608,0.025590628262223934,0.06700898218090082
755,0.9067601913975636,734,3,0.011486168943028036,0.9295113049089903,0.3863220316720032,0.9741749970544274,0.9105985838227967,5,3.2919141529156044,0.025926276683300685,0.06306070435641814
758,0.9061733483243971,728,3,0.011243447990155789,0.9618006049651253,0.4764721383021882,0.9697034495206701,0.6900837206875822,5,3.30658494458891,0.026340773677045806,0.0687259116185366
759,0.9061298528379537,740,3,0.00963989896035083,0.9590433315800526,0.4735343438887693,0.9676772713796289,0.5919224396004346,5,3.287911845842494,0.02512609051978592,0.1264377734367282
760,0.9061375858739712,732,3,0.009558329619803583,0.9604349836712963,0.47297534927046714,0.9647940342328074,0.8798672773082948,5,2.9055718803877224,0.021209205591602734,0.12934272750578882
762,0.9059118953549878,723,3,0.009484171182138207,0.9571358768199355,0.47108705027316866,0.7905779862251642,0.6996225555688694,5,2.910082374840148,0.027195172694201845,0.132592489063899
761,0.9062038383504705,731,3,0.009491158969930665,0.9596370289882618,0.46747401114436493,0.9711007039052341,0.8433944856132051,5,3.281888036749519,0.025338364779486016,0.12702803627842996
764,0.9061449567624411,724,3,0.009585605471301628,0.9654729274888758,0.4787506590398199,0.8021714900651536,0.7056969153762119,5,2.9431508743678063,0.0241455130842306,0.12860247870167707
763,0.9062736504241717,721,3,0.009509632074839252,0.9585180876255839,0.4740395702411684,0.969204447393748,0.6954407406656561,5,2.9115306037754207,0.02843981112993557,0.12826268398872748
765,0.9059191082790152,726,3,0.009681298283491763,0.9453730672848562,0.49148151046608474,0.9620076324139093,0.6892072134363886,5,2.9374050935183433,0.022218602387645444,0.13626005559237306
767,0.9064824911238883,650,3,0.009517861671073104,0.9669693320938562,0.5073572992126061,0.9680828969635276,0.7014556256530409,5,2.937767453283338,0.021142158722653126,0.2180406142904573
766,0.9066153093451582,649,3,0.009580910679655916,0.9663563679008614,0.4962626707612404,0.9667997821731046,0.9218822348924111,5,2.9081217504986636,0.021403446597434234,0.2152414908918845
768,0.9069050809757051,716,3,0.009637037187134314,0.9452771579423779,0.5037708172345815,0.9631177529005408,0.7024178589211478,5,2.9414076710246966,0.07926004824276174,0.2138620675627832
769,0.9064718264715446,651,3,0.009623699619606147,0.9452436668274862,0.4492772998072209,0.9627382231915194,0.7565002504959156,5,2.8953183254132875,0.07713949884578157,0.22035169371874705
772,0.90621791740652,700,3,0.015770859030338615,0.973118236342696,0.4482380905697284,0.9592268646663302,0.7536246151251984,10,3.008063564307875,0.07679484734779647,0.21068983059796886
771,0.9059054777264357,701,3,0.009143723408350419,0.9716748694002377,0.44955194511206753,0.959129247036417,0.774768536725204,10,2.9968472259989283,0.010062034206685833,0.21439550193338908
770,0.9068928413160059,704,3,0.009325674010900729,0.9438362877097574,0.499235102259891,0.9646687465894338,0.7098708529020497,5,1.6026095538102183,0.07317037643037812,0.20118386649297315
774,0.9064114477941352,649,3,0.008873943890585899,0.9435477880209557,0.4479801172504743,0.9531931374559224,0.7531097892519324,5,3.042965110122982,0.07335753578103939,0.21606175307717027
773,0.9066578875279789,695,3,0.008775644670686714,0.9448117477126421,0.4985625752236106,0.9587761517341369,0.7577389347088347,5,3.017980738380922,0.07063885190913652,0.19968640369403753
775,0.9055363526809925,698,3,0.008937916164666979,0.9409501932939481,0.44542101571861875,0.9412665670138384,0.7523188223831181,5,3.0345598678624666,0.06719270461524382,0.21642954526321345
777,0.9056912275427471,693,3,0.008788069852985194,0.9850404027109951,0.4526397829939426,0.9419820397812119,0.7751302684372757,10,3.1626401078819404,0.010476083240181056,0.19584097943743725
776,0.9061098483669061,700,3,0.015813117705387864,0.9755280794080775,0.4486439522896586,0.9404686110384497,0.9505036581812335,5,1.5946267293894119,0.0745271223781882,0.20933927347075182
779,0.9062448099026403,695,3,0.008567808430004702,0.9759920538137936,0.44653411388199105,0.9397387031452621,0.7798461019244116,5,3.1980526430225846,0.06907429170804696,0.18739378933076886
778,0.9059229412352814,767,3,0.008668506780607623,0.9755698420997124,0.45048319424469263,0.942132896170823,0.7456031536382018,5,3.1860027186015745,0.0644843219714402,0.21241484651528864
781,0.9070106276774137,768,3,0.010474687350029611,0.9774290187831836,0.403705173726404,0.938271448614456,0.7768290507095851,5,3.185122836184065,0.04602568967459564,0.1555627549343378
783,0.906174750087785,763,3,0.0128882825976844,0.975870844086031,0.531704765591729,0.9366001817122458,0.6407423188671337,5,3.1515380283150205,0.045045559739591894,0.1566290831085141
782,0.9070336319525184,764,3,0.01046883286119297,0.9776271577278336,0.4133936279155329,0.9997722310026206,0.7774602514932483,5,3.180275208616674,0.000990648642009786,0.1508763104178465
780,0.9063280903074965,766,3,0.008762997607309768,0.9753993137159069,0.40341768367943526,0.9397615452155861,0.7739327522478797,5,3.1814187301675054,0.010138319426819493,0.15209559768865116
786,0.9059656403620041,769,3,0.010463832970200981,0.9771787623232411,0.4127850086543917,0.9989020380357014,0.6456039943132299,5,3.103414906078518,0.044062490848351364,0.14597785771678337
784,0.906310470886682,769,3,0.010397574294766145,0.9778599186586578,0.4184261410088009,0.9998936259401293,0.7752238832300198,5,3.1214503711743786,0.0439907350264835,0.1534502721153894
787,0.9060946370296385,766,3,0.010439447847981148,0.9743905668925128,0.41473391663532594,0.9123247224469442,0.6052922362567126,5,3.1793562838149474,0.05302858872822252,0.15374845125754164
785,0.9060808119481811,767,3,0.01031851332406004,0.977453777546273,0.5519379395538719,0.9981159812202791,0.7801017004169067,5,3.1997021167363497,0.04428543447412378,0.15855354361276697
788,0.9059038744405565,761,3,0.010386423364463377,0.9871826993906907,0.32571606273602804,0.9996919631324427,0.6460066782372538,5,3.161815383367484,0.043027345275856894,0.15193474516826563
789,0.9032936345681298,768,9,0.01294764628429372,0.9841850164239171,0.40439272677116095,0.9975488197837649,0.5960179838542784,5,3.125265418858713,0.04223001291194476,0.08673999488499895
795,0.9035153790927689,753,3,0.012689911140624845,0.9998923358091635,0.3990751262418931,0.23202435996951848,0.7790247222184618,5,3.405049777960845,0.031187248890329783,0.11056405790600167
790,0.9058196329459763,769,3,0.010614735290584707,0.9741388141745169,0.39958240977727244,0.9295105399146077,0.8116605786989317,5,3.2142376395394363,0.04601282393530393,0.14276134212020838
792,0.9063564234119663,757,3,0.010560002670890427,0.9851133880995656,0.4118834467181455,0.9923415542276255,0.7811718134646072,5,3.4070219255277836,0.0011684955567859132,0.13997927188196457
791,0.9064061905732903,768,3,0.010519780556113755,0.9846311999030434,0.40227401800320656,0.9982793715805441,0.8101355588617124,5,3.2121048130721825,0.0004248965703375239,0.1500756095182274
794,0.9062243098732672,761,3,0.012332745238711335,0.9599365265148703,0.3961183115626924,0.9995033591908161,0.8096864717788879,5,3.4562124338628872,0.00018797398458706723,0.1172781733724972
793,0.9068622738280621,758,3,0.010486703879962027,0.9581324276640082,0.41407910310559193,0.9987427793449112,0.8066007250338515,5,3.4435906963725587,0.031602818144914085,0.14899663490402873
797,0.9064217876995597,750,3,0.012836954216621595,0.9588639155848422,0.3999707061520448,0.9775564131726299,0.7687595116168039,4,3.414693662450982,0.030829299512889086,0.12007065470308227
796,0.9058025964276378,755,3,0.012239692132331618,0.9602258167664284,0.40376283545899183,0.9970723389654103,0.9722739817357744,5,3.4534586654179815,0.0010243207537075215,0.11437066205203143
798,0.9030773595813173,747,9,0.012207297073269884,0.9541913576708241,0.2390577110930464,0.9829551007420699,0.8076813321652433,4,3.450544030583289,0.029553563688904588,0.11725806881174408
799,0.9058030234941625,744,3,0.012006635253700394,0.9563458351638028,0.40741846725542585,0.9841863972861673,0.8092890687448242,4,3.447325883650446,0.002482782545832372,0.11545659276954173
800,0.9064454246686274,747,3,0.012109918253667107,0.956111359995945,0.3738962396915596,0.9162323486102028,0.7650789039589128,4,3.459718456595488,0.017714833555099396,0.11675152611708277
803,0.9066303421932481,742,3,0.011937541189365705,0.9560301043194493,0.3754127564353868,0.7576893321255546,0.8001876156350609,4,3.4858151768719443,0.02059970047328465,0.11310888275411943
801,0.9062071587204826,751,3,0.012043751047597199,0.9578618052832502,0.4216938896819573,0.9827076925313912,0.8088925513188772,4,3.4845999312886153,0.0014230091393543844,0.10219850532327623
802,0.9057570485437048,745,3,0.012045050396864383,0.955099055121423,0.3736435333123272,0.9820522234149941,0.803946688165574,4,3.469451162531736,0.0006125801336805628,0.28735024110410395
805,0.9060006099495158,743,3,0.011975599290064974,0.9468018666471657,0.3687503490206754,0.7385120944536399,0.7643922708622981,6,3.0845733704700593,0.01802490153166741,0.10510484340810616
804,0.9060413686525812,744,3,0.011997303662886993,0.946792544866373,0.38014867079113074,0.9810187231804303,0.802392080028542,4,3.058558109690373,0.0018419177020050643,0.11890719894761682
806,0.906252580871409,743,3,0.01095350048708093,0.9442837168042266,0.37014203017677383,0.9146238308508439,0.7615266346321173,6,3.0614939714704326,0.003102863662376899,0.2945254278526741
807,0.906013863835198,720,3,0.014474352730074896,0.9471964568492479,0.3699264195794306,0.9114973085290033,0.7983893815866584,6,3.042107114669332,0.00015585595011910594,0.29468627303326783
808,0.9058993177973352,785,3,0.011788982042288189,0.9403784968984494,0.37692882296297675,0.9088180083045921,0.7928833103951981,6,3.0820255800907397,0.01731772475659174,0.258564799630519
810,0.9071009890398523,785,3,0.014205827519509096,0.9996247998419112,0.37266770819069484,0.9139812549456647,0.8373307934863827,5,3.054025286112524,0.002943651275915311,0.2715423574751419
809,0.906114723979714,725,3,0.01466132654863405,0.9433259791433637,0.4315210633992134,0.9143811661021768,0.7591742777924698,6,3.0425651945718615,0.018256554414721786,0.2751033624387544
811,0.9068359157352288,716,3,0.011107262764312703,0.9999951620361499,0.4356506833004442,0.9257042830397619,0.7878405418131496,6,3.069209119206799,0.0003799859530485843,0.26115871487012243
812,0.906386555395439,717,3,0.011271491125781099,0.94126110132503,0.4353288615208336,0.9269171420865155,0.7646996041685221,6,3.065039902752489,0.01769101777638497,0.2598506468344584
815,0.9061879237749653,720,3,0.014424558471135888,0.9887386782295815,0.4331312607352097,0.9108843516419288,0.7806959462470464,9,3.2584608795881094,0.0008628304544380223,0.2675350351995766
813,0.9059164468290166,715,3,0.011003270270149228,0.9394465399152632,0.4298986734469689,0.9531486336774607,0.9349372267513427,6,3.040179498185203,0.0037550079996258885,0.26176463618533
814,0.9059631102703098,717,3,0.011289033777828182,0.9989337592975107,0.4328272247762407,0.9137455826481152,0.78438161921719,5,3.0592258469411586,0.017459641148837152,0.08446990317602596
817,0.9061924045526842,715,3,0.014567080033587795,0.9994072515021551,0.4235271675058949,0.9523116742494905,0.6674530775317963,5,3.2038301150841306,0.01843812562971968,0.08207769502305617
816,0.906550217732471,785,3,0.011095405266229735,0.9887756127396584,0.43262519747943745,0.9497601110910142,0.7852674043747941,5,3.2461738579251285,0.0005567431943571187,0.08357816058173645
818,0.9065508856225538,716,3,0.011098615563586725,0.9987194139184307,0.4313164989934328,0.9477810332439767,0.8331267205850451,5,3.270475722167069,0.03174481076868562,0.1907248508559397
819,0.9058338657855038,784,3,0.016949418406693607,0.9986345825257897,0.43002755138014065,0.9239108975577967,0.8588919984454362,5,3.2520449929765514,0.001975226085045086,0.25147791222561333
821,0.9063084633395391,782,3,0.017306323352215415,0.9998173684885523,0.42565941408962427,0.95473648204452,0.8451359315714836,5,3.235497813417604,0.001842427401647261,0.2528274467841872
823,0.9068432005718465,781,3,0.014694015065965531,0.9878780676415548,0.3273952542467091,0.9527633145546354,0.8417623734486314,5,3.2370433298770274,0.0037000451086109387,0.182523012692246
822,0.9062902347901982,784,3,0.01399423495515864,0.9882237603227921,0.3541991379623942,0.8947171239337752,0.8344980042768028,5,3.2464378462123795,0.0009010762461766985,0.1844676950548266
824,0.9064690070571032,784,3,0.016082696799274602,0.9991125810230944,0.34961739051779944,0.8876927019361455,0.8473484012773559,5,2.8531516976821134,0.11485940868519526,0.000316648652696841
820,0.9042755407066615,788,6,0.012896274510627428,0.9879336876465162,0.4333992133982316,0.8880102888433974,0.7754830494576012,5,3.241949632644169,0.0022943082475678053,0.26573169618650205
825,0.906832775906868,782,3,0.015428793883224084,0.9875801295090468,0.34116544559486117,0.8908551503048928,0.8353946429067687,5,3.2348179430166617,0.0006969225586291974,0.00036575272002131796
827,0.9063449886259519,791,3,0.016006164370519427,0.9994900194690775,0.48712991930119565,0.8905140494923222,0.8434164565302882,5,2.8553370873680213,0.0009105593205514084,0.18039072301964912
826,0.906664678250604,789,3,0.013449451621473008,0.9871972635680186,0.3443076458396226,0.9714783848042661,0.7416350609268187,5,2.8439546554399655,0.002602626196038283,0.16825562660420187
828,0.9059442808023366,783,3,0.015832284287432424,0.986361334948251,0.3338750678699272,0.8958309470051703,0.840576956990785,5,2.85798584826539,0.0012978655745762401,0.18616488855437055
829,0.9057527418461462,781,3,0.015595543178429684,0.9851033225203183,0.3450823242542772,0.8918193395775943,0.8434539687897705,5,2.8357539801024023,0.0028031541264368623,0.1832708043067974
830,0.9062117022126698,781,3,0.013672896545083336,0.9751520470240737,0.39267907287745274,0.971943643721376,0.8372539753726205,5,2.8376017087757903,0.0003289072173799114,5.90068287268021
831,0.9063091338142183,782,3,0.013493814823660265,0.9735712446797802,0.34754584758915924,0.9724520742956331,0.870889971144768,5,2.8449293429903415,0.10834404971173084,0.0003928009862271961
832,0.9069834447182833,773,3,0.013253826524660554,0.9727660553543859,0.3926388995887532,0.9700899383384258,0.8373704516595332,5,2.846282988093264,0.0006757742020150129,0.18280782213651584
833,0.9059902274742706,798,3,0.013462290732451346,0.973756391134049,0.38844359905787235,0.9739763158780099,0.82634300469589,5,2.859489441704251,0.004825526971256705,0.17522485361743603
834,0.9057523727810025,799,3,0.015355518920224983,0.9721828402984234,0.3952032276420479,0.9704638408945246,0.8223903076913364,5,2.9529117588915987,0.0006369409315675741,0.17319361146588846
838,0.9043038992770063,768,3,0.013214389185809914,0.9714733529968048,0.39023124168300977,0.9723979396290603,0.20060225969864232,5,2.967452059108982,0.004553527721008609,0.15566036981577128
835,0.9062242032206622,769,3,0.013088771487783939,0.9707068565787684,0.3909176147371703,0.9738213803534103,0.814935093416455,5,2.8552864208659474,0.002363572011546711,0.1758291103530449
836,0.9065590395676756,767,3,0.01399885459397761,0.9726160869341497,0.3875247807346819,0.9751582702558842,0.8591419127159418,5,2.9725628042164773,0.003274046588426538,0.17405859682453886
837,0.9071186546033119,767,3,0.013189963562542508,0.9725740348541874,0.383442888700574,0.9686290325745982,0.8661361866408054,5,2.9764380258802956,0.02135803928611712,0.15595212973315714
839,0.9057643923699313,770,3,0.009957984630266793,0.9708555937210764,0.393597433946948,0.9714974952266858,0.8689687143810062,5,2.9690864935860812,0.057242070245050534,0.14759956425852844
842,0.9067023313332004,803,3,0.013116959422712555,0.9722004296266177,0.3908903257529102,0.9794427458289361,0.8678038836052522,5,2.95922250131708,0.05885312155724948,0.14133450118381058
840,0.9066989170815297,765,3,0.010031996784236379,0.9698694726215368,0.4585562184117287,0.974371737298579,0.8641290551026044,5,2.9850708038329317,0.004680432704313843,0.14588772947168555
841,0.906089797677196,761,3,0.010123371275709619,0.9717983551186136,0.4626557129594701,0.9718509059583198,0.8232274671422237,5,2.989946284796049,0.00047330681761184726,1.2244344316822415
843,0.9066250259067768,766,3,0.010079818876718164,0.9702058713839393,0.39306747872012066,0.9317289326118487,0.8214867164812849,5,2.971800185922037,0.000528878651278787,0.13993387199554191
844,0.9065546225686703,765,3,0.010086430066040333,0.9697309265475405,0.38624003495363635,0.9335307187424277,0.8671230869935773,5,2.9813228035273713,0.0005271590210715586,0.1389245312971435
845,0.9062853180519028,754,3,0.01000143670690938,0.9708760223191444,0.41199512040323233,0.9305769206657959,0.8618147753254221,5,2.974523767798874,0.08901354540136532,0.14513942209816488
846,0.9066757112839336,763,3,0.009844992943878101,0.9681648030005868,0.4056329621843384,0.9322287628473214,0.8809725378435953,5,2.969244739169995,0.0005966685773632673,0.12589082410426172
847,0.9063512335426592,761,3,0.009605352309313994,0.9694191768998919,0.4194953412972523,0.9332846167644614,0.8638578666486028,5,3.0986306969910773,0.010956268596260327,0.13549016245232634
848,0.9059805255840366,764,3,0.014712554227978361,0.9668922428858112,0.36187233913964034,0.9292555259165802,0.8795681769844944,5,2.9750384678596844,0.0008093560629752727,0.21416746671054773
849,0.9064964347927038,803,3,0.014935288729551717,0.9644666710068651,0.41134925566998315,0.9364621204720666,0.8989133526470392,5,3.137844632483277,0.00044374464552004913,0.22999658947411739
850,0.9060606882056176,768,3,0.014972869755807396,0.9860346913259302,0.4049250373143976,0.9331406573340286,0.8652676383179178,5,3.103412353960268,0.0004913451654995079,0.315046036377312
851,0.9063358301090748,752,3,0.012824767262373877,0.9861992120715936,0.35972088680538117,0.9299520965895678,0.8520841900188189,5,3.13646001184873,0.0006213375120450336,0.2402023760956475
853,0.9069010378309483,806,3,0.014790748356119201,0.9854656299571715,0.37785808133991894,0.9347454216274261,0.8800896053798609,5,3.1333097530368095,0.0006984807289031862,0.20424105914247387
852,0.9063255938155537,801,3,0.014372790110615053,0.9869580908071351,0.41200915934142,0.9307825862170473,0.883710779748834,5,3.1209320772166196,0.0007813138342650914,0.23206713959342434
854,0.906068396459918,797,3,0.014746779335688706,0.9203382751904065,0.37002843059616697,0.9991220853013781,0.8545985735303199,5,3.1390341668284796,0.0009694959652666595,0.22182924347865854
857,0.9063558667355405,611,3,0.01529464330740225,0.984959463563042,0.36310737198233045,0.9538040973226447,0.8250594687654315,5,3.1483254812752053,0.00042930279846077645,0.22851730040268922
855,0.9042591023703241,801,3,0.015055227738474388,0.6879030035434233,0.3644626891414372,0.9463198173743393,0.8861857267762684,5,3.1331648580157805,0.01220727210921714,0.22879691590203127
856,0.9072368165673715,804,3,0.015028781807744406,0.9840564921943654,0.36572267294312055,0.9570987829823804,0.8873164745188808,5,3.1304260517514075,0.0007252595379605395,0.24405757315657609
859,0.9068154534865718,745,3,0.01693033241943086,0.9998834205398853,0.35815857917317107,0.9531821344943712,0.842565938439677,5,3.1402727729609525,0.0012826903449588043,0.244738284373564
858,0.9057720391260439,799,3,0.014352361926423555,0.9225439830134091,0.3673675719359051,0.9532194644368975,0.9049574403069858,5,3.340689594232084,0.0006677736694326196,0.31155432601958993
860,0.9063239091909094,797,3,0.013008676554609655,0.9866103318703048,0.3590306966673361,0.9997417547879335,0.852474790477865,5,3.3612059329562918,0.0012872398511062273,0.22401605799609528
861,0.9059816453223611,799,3,0.013703110574297577,0.9224960043159377,0.3590797489418911,0.9551449208335504,0.8833042786100872,5,3.308797716235595,0.001071854782965834,0.22636235565803628
862,0.9063646024428753,797,3,0.01768938424093667,0.9293916586023189,0.41491743940278875,0.9879641794236049,0.8887793198919629,5,3.3472728009601687,0.0007378129175862777,0.3067903022542455
865,0.9066244978129451,746,3,0.017165758254792707,0.9350240953955792,0.37765855693912675,0.9557573895070642,0.83813337935368,5,3.3163727559778837,0.0010745125855520054,0.10722079677588958
863,0.905442584364567,746,3,0.008146574952839457,0.9272367121639163,0.37545411377499854,0.9863923365809809,0.8467318320515589,5,3.3568518652839723,0.0009665420028230994,0.3137575279006456
864,0.9067118803521668,729,3,0.008269008254022915,0.9987731262900437,0.3664143115076083,0.9541978930911601,0.8233008048926261,5,3.2978706892680254,0.01534141366308698,0.3263210497799223
866,0.9068693510607853,739,3,0.012774918678558358,0.9997253721491025,0.3795473133708937,0.9533302850463,0.8398029680727352,5,3.3408771520560165,0.0010776103193747277,0.3165948830899444
868,0.9057482339301662,742,3,0.01747048695699289,0.9249088808896267,0.3114842119931776,0.9892802512793096,0.9040788860391424,5,3.3325762440007574,0.001094650824083574,0.32831569074816375
867,0.906191691888272,737,3,0.013869021644612184,0.9391864059623904,0.3836762111784796,0.9996018006450583,0.9142315191589446,5,3.316250229378696,0.0013174996069103583,0.4629494379569134
869,0.9066169932096271,738,3,0.01350207080135746,0.9387463069798097,0.3820976545519729,0.9858820231324227,0.9219646622506066,5,3.338153203477886,0.0009419992032088963,0.3141976297319239
870,0.9059249095573747,740,3,0.008088928259703655,0.9416811923131917,0.3037260832371339,0.9877647378617727,0.9211801975103436,5,2.820990350331059,0.0007930470296277589,0.33264918157183404
871,0.9056939794536152,738,3,0.007971890875233147,0.9385382013992548,0.3088300133141042,0.9878698221074346,0.9128751448483985,5,2.764649239087187,0.0008104022950715253,0.3416238627682556
872,0.9061061685099603,777,3,0.016648353219272338,0.9496644881634901,0.39631586439295774,0.9814581987302109,0.896727716120081,5,2.644455591489781,0.01502011123683634,0.3958824479615764
873,0.9061114128078239,735,3,0.01611125658269055,0.9536064086568056,0.3819109712980547,0.984816851852196,0.8238615494621614,5,2.605191769530325,0.000883228987069676,0.3729333775604149
876,0.9061065011627034,663,3,0.01653223301336195,0.9515593146299429,0.3342388604135498,0.9848839162510109,0.7933957582271318,5,2.822287310717658,0.0006546209038400808,0.18350058613582804
875,0.9058806018995627,733,3,0.016148613055170784,0.9543243870594836,0.3948840057993632,0.9848596630278761,0.799913230839177,5,2.7757637959763675,0.0006876658940716537,0.1873660534803859
874,0.9063257808947129,736,3,0.013027819686232213,0.9554364740669,0.37807907687680337,0.9882180557499681,0.8186875058096255,5,2.7603515759423343,0.00024261515930880736,0.46216426150538337
877,0.9059541031043494,665,3,0.014074939852483856,0.9556159314177352,0.3971499797107424,0.9075474927214258,0.8004692184556583,5,2.6434616728862403,0.0015371984742197694,0.48379697417572487
878,0.9062705411548609,775,3,0.016046335870711016,0.9551765805301135,0.3991134558897196,0.9088190892197974,0.7981395139752646,8,2.6156336072252144,0.0017827947809542402,0.18488544369196946
879,0.9053134108041233,778,3,0.015849674140842734,0.9563179827191215,0.32316416063336617,0.9856527724720288,0.7948973414286934,4,2.693750429728383,0.0015479037633485135,0.18390263806315502
880,0.9056830167365076,661,3,0.016507794174803636,0.9618812346104292,0.39942325208697554,0.9066986214958651,0.7993243841469397,5,2.751040414129252,0.021291412768424906,0.18778237117462085
886,0.9040401314975686,393,3,0.008955233887756006,0.9581795505146972,0.41998409549227095,0.9088800198044686,0.7806870158417203,4,2.879360056072861,0.0003463729945911703,0.17055435521794096
881,0.9055958392165839,771,3,0.015611751279542167,0.9564695427122192,0.3364565687883199,0.9098288561753846,0.7941406998395898,8,2.618212762148032,0.0005394239851339493,0.1833184474999815
882,0.9050899673635427,660,3,0.0068031993254734574,0.9580333419213469,0.401584357176143,0.9045164149857574,0.7943473123043132,4,2.885239572914278,0.001767165825944711,0.18737673215905504
883,0.9066384309153228,668,3,0.00917752911447955,0.9620720388085969,0.4149319406641644,0.9070988028850246,0.7994310797394294,4,2.8865388048391094,0.0016775264242884166,0.17683634502942122
885,0.9067268827172243,779,3,0.012804214508007568,0.9633914145596273,0.4152930231732444,0.9077342621631294,0.8059536862799414,5,2.889570279423339,0.0004851186740734869,0.18203043954777398
884,0.9064753104312967,816,3,0.008996967643394159,0.9610348861573815,0.4125749844939911,0.9069188597057838,0.8028818008341805,4,2.8819602981239187,0.00029634088386686156,0.17362730348003597
887,0.9065846044175068,701,3,0.009005019643768358,0.983695255876611,0.4105356111926128,0.9128854440015767,0.7776067782012824,4,2.8749302350737165,0.01202546649923458,0.1801922901019357
889,0.898338500954841,818,3,0.27151191592460533,0.9797542814845529,0.4151391808803675,0.9668737810512612,0.7788975712741392,6,3.0319398563227775,0.0003424774984729794,0.15446650054511063
888,0.9064917981790334,817,3,0.009049221249654966,0.9827183581904751,0.4230900577851744,0.9677084309200104,0.7770945984141879,4,3.040299745198063,0.011572962662680627,0.1557800879393738
890,0.9054920368132864,703,3,0.006953943624143699,0.9835124701572916,0.4225153125429471,0.9639868807013764,0.7765532993552704,6,2.901505671753916,0.01117010721921972,0.15334971473388176
891,0.9061700041608958,811,3,0.01209815545000219,0.9842605263901568,0.4185907566385959,0.9648960462589303,0.7695326628670845,6,3.044642820067059,0.0005912533513006148,0.14762280031640762
893,0.9058417402141409,701,3,0.009053981565693264,0.9849591048240876,0.414044555244479,0.9638190351902741,0.7718474301913231,5,3.03737354346842,0.010937679584564814,0.1249096398988442
898,0.9036264017177775,696,3,0.011925418576715066,0.9815347271223234,0.3539489680935706,0.26000426169030816,0.8761120196253072,5,3.19212476418316,0.020495092633604325,0.1261818992766071
894,0.9056963987117399,698,3,0.008643556661913396,0.9860843000120133,0.4492798728560591,0.9626677415926255,0.8752897226070445,6,3.0506470464741833,0.01034933278665456,0.13131449208677184
892,0.9062918157269216,820,3,0.0069327535741278345,0.9837141055976344,0.41840593525254133,0.960725790967958,0.8730057217921404,5,3.038019815532172,0.010428720583283181,0.14583754439017724
896,0.906220742598294,700,3,0.012030836970745326,0.985731337369369,0.4405798632703614,0.9679063691956143,0.7560440047806402,6,3.0233177963176954,0.01057710707723823,0.13460737627145922
895,0.9067818313099087,817,3,0.00871610249312529,0.9842475087335082,0.4424242648524883,0.9623319808893895,0.8768068996433577,6,3.024755232611993,0.011688038205934522,0.1363312826826968
897,0.9065278306437519,816,3,0.01228297201903356,0.9836609297372877,0.4455563904064047,0.9638032185289851,0.8726227227536779,5,3.032825630091375,0.009915648333592727,0.13730669768496906
901,0.9063709086297177,719,3,0.01051723095358616,0.984882826130904,0.44023796323381614,0.9458814638111519,0.7463979458286806,5,3.1940092581558863,0.11541609883275097,0.26915300750914617
899,0.9068171435084611,690,3,0.01175918381172145,0.9868537562959916,0.4432694913121494,0.9611770395888076,0.7593194537680233,5,3.0694185953296578,0.019776705663480814,0.1296020753957497
900,0.9070190045819724,755,3,0.011360423794876336,0.9837546230639508,0.4451733260864705,0.9603068412184069,0.8706589956665244,5,3.1888430005653934,0.08604654575620677,0.2626118658530003
904,0.9052715446015569,722,3,0.01054398229417143,0.9698119033601089,0.5312525612982786,0.3505286564791635,0.7455240281269375,5,3.217857705793442,0.12227423950512659,0.2531338476323055
905,0.9064370328646316,754,3,0.018418865831900964,0.9999826656124096,0.5311218760392814,0.9444177514804174,0.8522711994452239,5,3.1941960306499952,0.07831015646495121,0.23477206585900917
902,0.9058424718069199,754,3,0.01155464660983207,0.9752958559965931,0.4459865609992763,0.9989410841514375,0.8807012575613908,5,3.206112501978812,0.021186900678378674,0.2707377307957256
906,0.9063593552563451,753,3,0.010395954802426425,0.9984949959887728,0.5291322769013542,0.940775746604749,0.8537446948900433,5,3.2050561824422124,0.11529938860024713,0.252266334926023
908,0.9065702184786593,757,3,0.010820106039369396,0.9716617477890559,0.5371397649319889,0.878418175790512,0.7457440444482181,5,3.1792666250932693,0.016449447800793278,0.2660542013078799
907,0.906658284795629,756,3,0.0105874043713271,0.9699607597642028,0.5308748054366523,0.9438604893368807,0.8522421531619953,5,3.1829843100976842,0.11810483391217602,0.24556849596155694
903,0.9039822296995774,756,8,0.010547317887544176,0.9732540512135541,0.45723547562672245,0.8735619304392428,0.8564161850385927,5,3.1968152170388264,0.015812011126757515,0.255444285340155
912,0.9062077112919612,749,3,0.010471080779806682,0.970655050033594,0.46366236708550507,0.9442921260848826,0.7294765819113277,5,3.2144850568977206,0.08919804701673283,0.2414255530506118
911,0.9067955787774604,755,3,0.010444451082459396,0.9694579560060337,0.46386558200818073,0.8701468525327951,0.8943158826901103,5,3.2316079658793115,0.090353018256401,0.25072376043340755
909,0.9054714222254845,758,3,0.010633159433738772,0.9692711456596316,0.5305506720476446,0.9465418535588397,0.855044675829569,5,3.2184525885398783,0.08968762048700436,0.25457306217814557
910,0.9071810044154635,760,3,0.010614642658944634,0.9997418779321796,0.5331363610866141,0.9423028327832353,0.8207074896837251,5,3.1710514611507055,0.08895041360968212,0.24976118024090735
913,0.9068894746513136,751,3,0.010007945577448175,0.999423400942719,0.45536488072355047,0.8753003699732315,0.9008418852335524,5,3.2008195260609678,0.0910591597385094,0.25820530380877527
914,0.9072251544889207,717,3,0.010392006510083134,0.998991281306064,0.4584832665645905,0.942311528503987,0.8959117193118622,5,3.223075684412613,0.08133799024565043,0.23726452702058345
915,0.906717849097161,721,3,0.009745688122950841,0.971753370236419,0.4572635008523688,0.9243946145138053,0.8875082069642857,5,3.1460901629992204,0.09232362491390395,0.5283501374625269
916,0.9067213402785793,722,3,0.00984954557005071,0.9991380492837947,0.4653555700350221,0.9229872602395823,0.8999863373842886,5,3.1306768274636725,0.1166992606754702,0.5478090920722443
917,0.9042232113742426,726,3,0.009851331088076282,0.516027996149752,0.46154069193363284,0.9259391624206134,0.8866186971628809,5,3.129016098409748,0.09135307080236231,0.4206902840020661
919,0.9037936323180107,721,3,0.009674158872603212,0.9481719450736023,0.20208751398193125,0.9244070897920359,0.7301449298535035,5,3.1160654074475485,0.09357478521557193,0.5264462059124394
918,0.9062766134357411,719,3,0.00968731662931273,0.9988775094296857,0.5168118745578303,0.9236976199192877,0.8975286625570386,5,3.1223243986909783,0.08917369555606727,0.6281752009939037
921,0.9069442669519411,728,3,0.009500315851285922,0.9993426648640852,0.5124601536346525,0.922933146317806,0.7271885762992677,5,3.1094009933599995,0.06434347798849173,0.09738799952409366
922,0.9065244377530093,795,3,0.011181586071888634,0.9980722048277112,0.4535272346989002,0.9241967023434875,0.82163577058845,5,3.0980650412652824,0.08676819670326394,0.32474298406415475
920,0.9066288999885306,728,3,0.00972459267683538,0.9997472626368334,0.6538954818767349,0.9255782375251262,0.7296852791051067,5,3.1210089764785565,0.0855438176453251,0.0998606151143622
923,0.906639167069154,787,3,0.011649517446355272,0.9981738609765806,0.555807608117739,0.9277096352892011,0.8872227578501688,5,3.1057770675056546,0.11714264350890403,0.5537237200687684
924,0.9070182799067892,720,3,0.011562450971904377,0.9428058324538143,0.5540105761665638,0.9233717596599764,0.8881909202953926,5,3.3058855681044066,0.1328933768254865,0.5226557641562852
926,0.9068149564839129,678,3,0.011290275860384611,0.9999741901078651,0.5622189401623168,0.710924904843581,0.9180259459429555,5,3.3620293784525463,0.0841460576925658,0.2797111194157818
925,0.906874576278247,718,3,0.01140966763885214,0.9407497622451015,0.5568199937047611,0.9224725483278932,0.9212381821452027,5,3.3753488073392304,0.115244209899629,0.34016877561685616
927,0.9067370646582062,682,3,0.01152787371848844,0.9980335931092906,0.5591828136239685,0.94076912122409,0.8252587205034534,5,3.3853062427577028,0.14081648910779007,0.36976807751164625
928,0.9071779883436534,710,3,0.011446891260133811,0.9985663202331934,0.5513793846483336,0.9447640004807565,0.943540468915451,5,3.3730864364075743,0.1406637061847882,0.43163791058559964
930,0.9063565934631972,702,3,0.011505191647957144,0.9419951775208817,0.5508943573394528,0.9446697993856085,0.8281327017468275,5,3.3730719685034867,0.13362528053731967,0.3362063075272278
929,0.9063441268911492,684,3,0.011364682609771045,0.9992838794040352,0.5670164341102975,0.9450495718630743,0.907357141149945,5,3.296564001348961,0.1102003574383073,0.30880982173716637
932,0.9068236093321318,679,3,0.011702989598755353,0.9394778747766801,0.5533429269814047,0.9453339051488073,0.9020889245054222,5,3.3813213289198725,0.10387295904448991,0.3311434429185975
933,0.9067136405382431,686,3,0.011675023042965905,0.9400525266945545,0.5532330424342723,0.945663954668351,0.8981203224996284,5,3.383410241480574,0.13159074422004066,0.35803126109530475
931,0.906593967801647,682,3,0.01160871364155139,0.911614623449203,0.5628022515451039,0.9422740387351172,0.9297412101679394,5,3.371977792917525,0.06313984926632775,0.4130362637936081
934,0.9070140384322777,704,3,0.01275854257857074,0.9324904347205943,0.5666388544161809,0.9988823565107662,0.9054623240638946,5,3.322795953005783,0.13579351573146103,0.7409955615648057
935,0.9064797207407587,677,3,0.012286152045813294,0.9152892134702456,0.546761453287549,0.9492155000329017,0.9472939216144451,5,3.4175707894937952,0.15747754593349705,0.9853774337797552
936,0.9061698190581925,685,3,0.01247643405041336,0.9032772111422366,0.5512471707279052,0.9425461837192147,0.8991843106587942,5,3.5080644416864946,0.11497424186287822,1.2917021654256091
937,0.9063126655890017,689,3,0.012470322011769681,0.9114510858228371,0.5643586217905231,0.999543975307301,0.9022635106255728,5,3.555160630297494,0.13622758294588727,0.7111294124170099
938,0.9070601397998999,683,3,0.012018365018167271,0.9171966689833637,0.5746764337719698,0.8933330562057471,0.9946523385755068,5,3.4007537066153435,0.16423249561521774,0.44790844908933936
939,0.906332208405545,689,3,0.012832675500919056,0.909507130712301,0.5451686110591473,0.9457890385752871,0.8987395321143805,5,3.5642501004349763,0.11713761588173861,0.31910276272555893
941,0.906924861803158,636,3,0.012841720125813295,0.9207369779901793,0.5504524252524472,0.8851033791097124,0.9424464713859807,5,3.4913896587723294,0.14932172581317477,0.2945931521162703
940,0.9066788798469239,706,3,0.012858702877150652,0.9291451969258703,0.5782525472291866,0.8990834289334517,0.9685208778408445,5,3.5954151146968116,0.10980598587598457,0.7248775524147755
942,0.906955885016238,705,3,0.012757110148045874,0.9250259074439319,0.5791299998174695,0.8951585629913758,0.9218461194632304,5,3.483634489982593,0.16014889861188178,0.35110611399975417
943,0.9067408886444029,703,3,0.01402847414189234,0.9149885852729405,0.5428177566124589,0.8949179631633971,0.8729640145315318,5,3.496680962082271,0.1074559732994414,0.4038336831895205
944,0.9061260095433024,703,3,0.013002988538647479,0.9153722280439148,0.5779344469978291,0.8919811622764292,0.8655199276376733,5,3.280307074094529,0.1522015476230384,0.38485482442583147
945,0.9066438220030513,708,3,0.012732330786342727,0.9169304506799145,0.5973147375381489,0.9025674999521687,0.9809050367702586,5,3.561283039275761,0.1511032411638908,0.5169681615237712
946,0.9067371518503216,640,3,0.01332864256276596,0.9120254737174296,0.5786059934241405,0.8948779419863638,0.9939582590644142,5,3.270433004285249,0.13224713112630168,0.6602584091930696
947,0.9066431696205459,636,3,0.013368868347281113,0.9565975561131568,0.5814547596481672,0.8877084768285486,0.9539121675001377,5,3.603244470144958,0.13450787038576031,0.4518006625602768
948,0.9068112995082455,644,3,0.013423187842385524,0.8933680763964562,0.6082720074106007,0.8895115813721096,0.9962228671482671,5,3.5290189657049815,0.18852366400063716,0.3877181994064645
949,0.9060282677141842,638,3,0.01340991307850336,0.8589158561177894,0.5804738989746542,0.8837657574194602,0.962412602468187,5,3.4140935223431477,0.07935217611850359,0.5409214134040264
950,0.9067060782376142,668,3,0.014029098361630006,0.9001769891931388,0.590150562120519,0.8890466758269358,0.8561049391195337,5,3.2716854879548243,0.10654164884019793,0.62718002376624
951,0.9055646714941654,521,3,0.014617398362703985,0.8724049644450446,0.5703334209055289,0.898075742853033,0.9602601543641139,5,3.5339221085122725,0.17792641474123425,0.3988666532353403
952,0.9066357024178563,665,3,0.013802993112775023,0.9589001778083052,0.5736936582284005,0.8886058738187557,0.9887391441403167,5,3.533036480078754,0.1460855298869697,0.43125945434756485
953,0.9062506710828193,629,3,0.013872402409869512,0.9586854066910891,0.5946909896658846,0.8839115869482216,0.9984421586650678,7,3.3243852800310614,0.20217248910057525,0.429798608523743
954,0.9054283649041261,655,3,0.013778564388017464,0.9009082193931036,0.614601082751654,0.8786513113205803,0.9933953179726368,7,3.6003358719722263,0.1743176989103762,0.4321619324897696
955,0.9018385961896118,628,3,0.014081285429663908,0.3380850686231139,0.58347823305012,0.9097357491390958,0.9422176381940437,5,3.2669905115890425,0.17631725446042712,0.5543096196408934
956,0.9066285121470552,659,3,0.014574900851316653,0.9597270471843183,0.6004055647899763,0.8469731382563599,0.9554341850407679,7,3.262507308056388,0.18410286710120888,0.43636289283585883
957,0.9059858319882285,669,3,0.013842114544134212,0.961872180111405,0.6285361887176134,0.9161272436547022,0.9553627289411128,7,3.2727543643355506,0.1768258918825821,0.40142888148800143
958,0.9063082664541176,673,3,0.014419903883853162,0.9612762441125242,0.5112445642735027,0.9144510319060402,0.9601353262424255,4,3.281309691639014,0.07834527991826261,0.5650536370941072
961,0.9055472509352287,661,3,0.010992150953377045,0.964153575334612,0.26443178029036274,0.9583113765961501,0.9816401536464179,6,3.265388531815245,0.06688810676983055,0.46253882564818255
959,0.9064457215171107,659,3,0.014812038219971011,0.9615883798447461,0.5170669511321566,0.9134142128563901,0.927193117514749,5,3.271106538392746,0.0995614085028512,0.8529994737006166
960,0.9063135130325074,658,3,0.010992138744294267,0.9618302004435195,0.5132529752721119,0.9147235146492588,0.9697249430984386,6,0.017351380310571596,0.17637385516925105,0.4986845291824261
964,0.9060696500651257,712,3,0.010774885845975336,0.9819118473913644,0.25289864241160576,0.8526810125135605,0.9505531023055512,6,3.257180323422109,0.06937141695668239,0.4537580576411782
962,0.9065622914458864,612,3,0.010813149707960629,0.9780885867464444,0.6217884835464428,0.9146488655576168,0.9798164290008851,6,3.2578695722894735,0.07274394922976292,0.44699068236761286
963,0.9067248850523615,606,3,0.010930734999652381,0.9815588161091976,0.517997227439096,0.9797221865912701,0.9291097070015178,4,3.2803759346578176,0.06843599032995065,0.46059808251006207
965,0.9068504105311899,673,3,0.01067560429477116,0.9819125423046204,0.5162316116621202,0.9785336657528552,0.8431268075460487,4,3.2746635555313013,0.0659321748210118,0.21811807141062697
966,0.9060380009236436,607,3,0.010982026773220892,0.7266212152758863,0.5184216530807938,0.9603734497158551,0.9728756529319121,4,1.1810084261450715,0.07062603921584873,0.21232428449505994
967,0.9060900514237356,713,3,0.010969230677605765,0.884358699236937,0.5112664440496317,0.839745952481759,0.935506693803596,6,3.4333018992026916,0.07436079164374997,0.8748519586119589
968,0.90600080706299,731,3,0.011097523892641601,0.8781385557859058,0.5316959078831288,0.9612419073495192,0.945187598913797,6,2.9913316606765337,0.06414042809816306,0.29359129981050053
969,0.9064730889708041,717,3,0.010961387507714406,0.9817658359545284,0.5374943894951035,0.8385528427269212,0.932703156518538,6,2.989796848191842,0.09387550566083327,0.22233941798176332
970,0.9062639071803977,714,3,0.010805241536593506,0.9837068239754972,0.5220756223962597,0.9772125008338561,0.9810586405341022,5,2.97518707220129,0.06374851265624586,0.22200634129203156
971,0.9067660730264601,713,3,0.011986163253144392,0.9827503670259659,0.5365903122645952,0.9813277130559582,0.9369507003763907,5,2.983947351089965,0.06878419193029221,0.21739520428329406
973,0.906413824862527,727,3,0.01198394921666723,0.9835725966032401,0.5350564732626935,0.9685678311469602,0.8311880723076421,5,3.3923972654563292,0.09245508698748081,0.21905045078064847
972,0.9068588856504066,731,3,0.011881962468507305,0.9824262121098722,0.5288712214371196,0.9789394176639543,0.9750756088332454,5,2.9803775355859177,0.061929471199793446,0.0005993157552326107
974,0.9060596661498286,730,3,0.012063670557380274,0.983984386931813,0.5445788741909253,0.9995957781905923,0.8356574271657174,5,3.410235356691395,0.0865345958025378,0.28325501050506857
975,0.9063407185688463,723,3,0.011687960575978486,0.9461966313571322,0.5333370144235022,0.9647586462812419,0.8652136116543638,5,3.421849887448258,0.09026105779615444,0.22298211311928332
976,0.9070542798360016,733,3,0.01203213010944481,0.9429843382820515,0.5386711582064421,0.8255996093852113,0.9329935969947383,5,3.0012479437122623,0.056268037305926534,0.2877532688469503
977,0.9065501484804945,738,3,0.012242295963033351,0.9423419491081373,0.5332195611426913,0.774510075845312,0.9387085145198167,5,2.9773857973199807,0.10023588494768565,0.30438846762196764
978,0.906866180065234,730,3,0.012330371277416517,0.9859436440024725,0.3518944386864729,0.9791398563029661,0.8326272670340316,5,2.988000306118897,0.09477821728134193,0.2890901742504903
980,0.9065835700468767,697,3,0.012502894330058027,0.9405215579532522,0.3416994104038341,0.9567531954759266,0.8338258369060579,5,3.4176438548055033,0.10154837161746355,0.2729423998413304
979,0.9069234771437159,733,3,0.012181370830530858,0.9471698706649258,0.3500323159286576,0.9998794137633031,0.8364575995286173,5,3.4170859612668307,0.09609800451920053,0.2971235237008886
981,0.9058724929568231,687,3,0.012100087892694223,0.9368458859388055,0.3404285016735684,0.9584806901675357,0.8662252142802058,5,3.08147174572902,0.09968980556087866,0.30459425003988133
983,0.9010900115905459,686,3,0.012074230047043501,0.3073751546109107,0.3690329134425199,0.9331816934995208,0.8633730421387394,5,3.099494849680903,0.10496896277834186,0.3354082003233166
982,0.9063426064643855,692,3,0.012328926364259083,0.9420793236321361,0.4360232439085099,0.9316122513935059,0.8740716625612885,5,3.106123295852073,0.1059170944497815,0.2719652995866858
984,0.9063747729052091,695,3,0.012342422365533758,0.9448083917324126,0.352847403496035,0.9337369034765964,0.8572197976536019,5,0.8491031606028159,0.021069807402556397,0.26957570937952796
987,0.9062149329580054,692,3,0.011960856514795415,0.9355576090017637,0.3448928091150828,0.983308699303317,0.9254277659931818,5,3.077950821051816,0.05173771097038124,0.2959000681642613
986,0.9064271009453299,696,3,0.012325049327163105,0.9316142964036832,0.4913053987203836,0.9527810213283181,0.922919985217464,5,3.0796389703216134,0.0001247189616105508,0.28730479725632985
985,0.9052526252808544,688,6,0.012351321183630973,0.9473287260761742,0.3767679932218873,0.9405409447471951,0.8661891220566713,5,3.095038442719101,0.021814695395396214,0.3448035252936316
988,0.906757100144409,689,3,0.012640448118204493,0.9298604413324545,0.4914514805246466,0.7422876720220624,0.917678379671343,5,3.07466098557632,0.0807479485473478,0.3108503226865814
989,0.9060129931303257,696,3,0.012923478837329229,0.9307125397719203,0.3763017157917855,0.8288496245107436,0.9137198737817954,5,3.0874304280881186,0.057365684305928366,0.3674878543448701
991,0.9065184146554758,694,3,0.013233094104892713,0.9428068084639882,0.37119848051118226,0.98342279192765,0.9144832744793756,5,3.1047508825492334,0.04811237617711102,0.36768245800690863
990,0.9061257714563757,695,3,0.01275057250289044,0.9212874902190225,0.49006448116628865,0.8638781899688456,0.8819344328559703,5,3.079050270807717,0.05394822349747419,0.3679115383791548
993,0.906590378633623,700,3,0.013055366921295502,0.927917975588769,0.48855788454854493,0.866496275342661,0.906582250150598,5,3.1796458502762825,0.04953241379886455,0.37149159176547997
992,0.9067186751037214,741,3,0.013063168546339541,0.9264442506436773,0.4976255557719976,0.9843709970888347,0.9141025239761563,5,3.0718459073873317,0.0645862472877043,0.30037211486233956
994,0.9063138269849365,739,3,0.010111270660684065,0.9258944184234736,0.4937670269318513,0.7969613345947747,0.9112378498320456,5,0.20158784259357843,0.047300438626727344,0.36598421321097147
996,0.9060171268879869,740,3,0.010127745415521215,0.9226397764796025,0.373750786695543,0.8686214305389174,0.9172801047880712,5,3.185880269676123,0.04898017427997287,0.20901927607920145
995,0.9049220012176186,749,3,0.010351067226996935,0.48520353207556205,0.48644172665899715,0.7630680673901348,0.9230434115524053,5,0.23671545627808666,0.056045606920787826,0.3924019356246463
998,0.9069091399321098,742,3,0.009874225898951993,0.9240257524517853,0.4392588578840863,0.8272687115475614,0.9033120852818742,5,0.2069077023460606,0.05595347054218704,0.3723821696540786
999,0.9040168401042254,740,3,0.010194845024211398,0.48153166987927215,0.43675328831993926,0.9853847282883679,0.887768640613087,5,3.190007811478259,0.05471308360374376,0.21310515932195578
997,0.9065609583263345,742,3,0.010122114153843753,0.9279213637170834,0.4251673298420595,0.9827991395502041,0.9427513212685008,5,2.91364987108767,0.07578876127858455,0.3785462751121339
