trial,score,n_estimators,max_depth,learning_rate,subsample,colsample_bytree,colsample_bylevel,colsample_bynode,min_child_weight,gamma,reg_alpha,reg_lambda
4,0.9011694942352557,373,4,0.06938842333530978,0.8040011946570385,0.46709314361633175,0.2248336498824638,0.2732781345152575,3,2.3831820491234956,6.745012112763704,0.0005600360699770579
7,0.8902757027608474,115,9,0.007992089922659788,0.754793272914698,0.5702791231457541,0.9281523301470513,0.880940532622762,8,1.8484033253236787,9.519467259945964,0.0008852501441508522
10,0.899860857955819,218,3,0.08968118583487605,0.48914538281262065,0.5604083184522725,0.21306122375521294,0.6533186633874283,1,0.06603786061708194,0.01974669838319717,0.017644996378100363
0,0.8887451756230125,599,9,0.1760608366094263,0.331092378809885,0.860057091287531,0.7420842153721461,0.2213911381424678,7,2.0439403658165163,0.6680023970365179,3.2191940376490877
5,0.9084884165084792,485,3,0.0151823598432851,0.613743761387479,0.48380921481324174,0.6126688595504692,0.9570263764951163,4,3.2700011781340663,0.369725025731179,0.15618509662830274
1,0.9024826810765105,829,7,0.17336541440973202,0.838580737156672,0.6966303085294968,0.669331915301413,0.8050273641822282,1,4.293600312461532,0.2875896193400982,0.0010517149291750366
2,0.8986036410028623,837,9,0.1351323507782074,0.9978328760851171,0.3821972262674865,0.535452082502659,0.6990759911637937,6,0.5280232764507253,0.23089762234122718,0.036535982531829284
6,0.8937611215937606,824,7,0.16492132119934924,0.5798633286647483,0.5533108522459567,0.23505752468154953,0.7192203707742041,4,1.0418127820991292,0.0002646935756437708,2.4964596305192193
11,0.8938673207539918,628,3,0.27080234704293227,0.48010819120569503,0.409180977426346,0.4174469151868964,0.5090998698641307,8,4.936241123508896,0.2440410448025465,0.023123259935649853
3,0.9020643494230635,795,5,0.0519155712623602,0.27433311052102854,0.24692293691579056,0.8192197800263148,0.46598163483693905,8,0.012949473749572227,7.170787937000465,0.00939234951898466
8,0.8984573235873174,566,5,0.06717297294293634,0.6742029711233845,0.4779153881080664,0.4048411988517378,0.8516884411122999,10,0.26609503380007726,0.32410385441709094,0.606491000648407
9,0.9000286996610349,544,10,0.04915723058230218,0.6538202763868909,0.6770962812706959,0.38140536975997175,0.41620591341912694,3,0.9914119354007822,0.00010692395724295182,0.010432646454609555
17,0.9035528745149929,231,8,0.253972252949528,0.7200318176523166,0.6641893388801103,0.948124383199242,0.613851734373191,3,4.261071358808511,4.940535326945771,6.00211593663453
13,0.90551758091033,371,5,0.01486098202360701,0.6572424752938557,0.5193898156855855,0.38064109486070685,0.34734153656961,8,3.1247049446622963,0.016098832284139327,0.009978556177525561
14,0.8987213376635761,194,6,0.016697469187714364,0.5127275784969473,0.567795348356121,0.7758088117788584,0.7460238192016411,9,1.752365286647215,1.7883623767087262,9.32820211449886
15,0.9027470002871638,214,9,0.014612647330385784,0.5444105696602235,0.29839672727538585,0.9433527349928521,0.8167599725060507,10,3.8165782011369584,0.0016296910495073322,0.8111701069554647
24,0.9060582062330245,423,4,0.02016226662268497,0.9202310684277814,0.29056721681199427,0.5753666053269929,0.3358245230697584,5,3.1207466188114155,0.01998556399213845,0.20434485011044634
23,0.9058431695718948,417,5,0.014856217417110023,0.481685702490611,0.28469644550320616,0.6026641048056782,0.9533513592626669,10,3.201678499002256,0.0059202517663516,0.19222083368091653
12,0.9048460956541444,837,5,0.007442523802462248,0.5455772878618509,0.6318665136302242,0.3488045428130632,0.2532180688389916,3,1.2232372241261436,0.30168453504721565,0.0006263345872707099
25,0.903862758941578,408,4,0.026386418225916038,0.391823151150812,0.8482666636715082,0.5745603308363795,0.9308806021057816,5,3.055498777361445,0.03217620850157049,0.14299907664676884
18,0.9029265480849844,838,4,0.008097465931705933,0.38984949873454067,0.8568508922689323,0.6849127546646384,0.47764692520056506,8,0.6700087000431959,1.8853359524883977,8.435324415380581
26,0.9080396101084837,396,4,0.026434790751442703,0.9693715793138431,0.33642831963061587,0.5935266729770431,0.9719941210862424,5,2.943908912464676,0.015347289698228957,0.11834295235246743
27,0.9068566307421975,451,4,0.027827627427688698,0.9912570200243729,0.21332814525710114,0.5209348485592635,0.5542559911832279,5,2.9510299198636347,0.0620638435792766,0.11478939472646527
16,0.892816423987267,966,5,0.10771689262576152,0.9844387207309538,0.8000432368424989,0.623038696387193,0.8611027542724432,5,0.07749547430978776,0.001961766174495848,0.0004539173044585718
20,0.9062380441137675,416,7,0.015371393474784547,0.9406130171397393,0.8063734800343169,0.6215955717964766,0.9503071989593513,1,4.02663220359505,0.02805162015110816,0.00011829351235972804
22,0.9060900645747694,314,7,0.018419871771601596,0.9423314349520381,0.9324977719237103,0.9706034665941222,0.9710630632193358,5,3.587333022146052,0.03764886065163435,0.26632357514062266
31,0.908834790417217,474,3,0.025553453051148624,0.9452805973588834,0.21093667088719326,0.49967067118886044,0.9858928414130148,5,2.6404630435039,0.06736056700541726,0.10367807644636075
32,0.9090393270039714,510,3,0.03300894552270882,0.9862910102473488,0.3686037226800888,0.4884723038644682,0.9683747459134251,5,3.53749481176892,0.09243905726202063,0.07848284351188572
30,0.9083855816563966,467,3,0.0265368784214329,0.9057396989385997,0.32852727300200807,0.5521237123938352,0.9724486734465205,5,3.033778498930932,0.0013900622466474898,0.10673247915215059
28,0.9076913235224897,962,3,0.031000768821580867,0.9401522357118226,0.9717189735465181,0.5346828352976982,0.969486689668609,5,2.9686880774872013,0.03837724574045967,0.11572270026085929
35,0.9080415075822323,482,3,0.03097100574240448,0.8439850778488852,0.35385045273166443,0.4793072150540079,0.5310555505818282,6,2.6771049320468383,0.08847560181112928,0.07389064410760227
34,0.9084314578600734,508,3,0.03248289122255871,0.8640743564106375,0.20303476978447307,0.475813358928022,0.9892440309480213,6,2.7163046093666696,0.0729077762379368,0.062342951322118256
33,0.9080530772993753,677,3,0.033153013912787334,0.8818493649891465,0.99004093945789,0.4874768785295804,0.9753416853999093,6,2.562836021915398,0.08000211331636611,0.05434932085399517
36,0.907887745313154,507,3,0.03319742308123322,0.8567697398717163,0.35865352945530776,0.4756619861486415,0.993873744364444,6,2.5728135562807943,0.08381385240353886,0.05973528981219152
21,0.9062250892810771,993,7,0.012690153706145308,0.9440158710575178,0.7849954980375807,0.6460746698103447,0.968551098203767,1,3.9602666365181225,0.011224189071366106,0.0001315944144223927
19,0.9079931487218047,989,6,0.005309568242292152,0.623279990323885,0.9801850222050769,0.4820831169872256,0.9999506197396782,10,3.3942922180762363,0.00015850403381364623,0.3312521370685813
37,0.9072328128757168,685,3,0.03386560545035219,0.8560696085865345,0.4060796864462363,0.4724298444740153,0.901175719482738,6,2.3973614070918003,0.08016006428018205,0.05091414475061143
29,0.9077188110838922,983,3,0.005383382892929285,0.9390875042078826,0.9876641449022859,0.49103715328332787,0.5389079489719617,5,3.6188235035638803,0.06873216592253335,0.00011474327934923242
38,0.9033152550199853,655,3,0.005434583015836745,0.8749204660170882,0.3992670232569235,0.45999359347769203,0.8936935388312575,6,2.4422994240791995,0.08199332464516759,0.0028246740702811295
40,0.9077601258552429,653,3,0.04261416213672175,0.8868815891702799,0.42427661313385256,0.4834099483980296,0.9038864227807568,4,2.3546653058809035,0.10603423733895131,0.7686048385120717
42,0.8961406586548641,522,3,0.005194686961536795,0.8508280848330103,0.20308688284778686,0.4712281201917403,0.9013224476526367,4,3.4855630466653897,0.8141702786026056,0.003360058342491532
47,0.9041662335694174,325,4,0.04470728255252507,0.7977343014312472,0.20088187257695722,0.31093774514087813,0.7714465691763235,4,2.1248092054585346,0.8147251927229929,0.004544933164219484
39,0.908448416004331,667,3,0.010773319742065374,0.8510377535310985,0.4187409751607305,0.467260621617787,0.9017735325019088,6,2.4502691548441664,0.09596499105367874,0.003950495684123103
45,0.9057170738095015,643,3,0.044867790061133506,0.7896266043737967,0.20432044696741591,0.3054794364633976,0.9040376855597745,4,2.18075229301152,0.5708166858607648,0.003583952935262977
41,0.9062198021093225,659,3,0.010797629643689317,0.8560937064935303,0.2011750743972629,0.45801307268984953,0.913434385063848,6,2.2969872207529454,0.11729013140472509,0.047135523957027595
46,0.9063358532184062,614,4,0.04403241626338438,0.7738025012575045,0.20274144204650063,0.3053710808464128,0.7886172894695707,4,2.099743613964976,0.834383789951768,1.3237901314342644
43,0.9073876630317714,646,3,0.010624261724706301,0.796653089717821,0.4289855640213983,0.30541540681284796,0.8918999550190427,4,3.4421125493316875,0.7978871327095433,0.0028157506645590754
44,0.9006434303759026,651,3,0.01066666817979391,0.20390615357727848,0.21499979026756083,0.4376118207909399,0.9008305817704754,4,2.1165550797253787,0.8482432699717163,0.6097821634175208
48,0.9064707654187588,569,4,0.04267952671267051,0.7997902273718377,0.20688145168820452,0.7156812632150145,0.7790601512692944,4,4.769987261468653,0.7363169640372794,1.4085402586874232
49,0.906615738008051,579,4,0.05890385965075579,0.8003238033089595,0.2026804782707462,0.7295644942419269,0.7806013695385506,4,2.151002549926164,0.9551580362112797,1.7054474163934723
50,0.90776152579421,578,4,0.021794689109095305,0.8033382983672424,0.25337353520618694,0.3274639940845795,0.8127994417632782,7,2.0907192502504106,0.16833147909948393,1.5627293307852244
51,0.9077223741018832,575,4,0.022421285210059975,0.7937490852008964,0.2521614230327255,0.7210228994090434,0.8316170398441193,7,1.985523404459709,0.17042111740715601,0.4764428806360791
54,0.9009334330237454,576,4,0.022447901518409273,0.23613567638791855,0.45499498765210455,0.42031566642446405,0.8054334237701274,7,1.8749258309942018,0.18939688931335857,0.02205605063134143
56,0.9024300146063137,566,4,0.02206811108256245,0.27225179787879233,0.47287362911337383,0.6891009477187392,0.8309615818878623,7,1.6434709498957871,0.17268362848492913,0.018610974341851747
53,0.9086279074731565,582,4,0.010665406487154748,0.7309583032772996,0.46812134082317913,0.6916386190844156,0.8210734494888194,7,1.645722989428601,0.18525646406093926,0.023537479405241545
52,0.9074412059841735,596,4,0.011923575761732233,0.7946554134160593,0.4688657332164473,0.6908570268597519,0.8292949056945619,7,1.7693943305367505,0.16497014244008518,0.02732456736198542
59,0.9066145939441146,531,4,0.021469567077277645,0.7160295482885713,0.46841789484094365,0.41499373443203613,0.8414400647992415,7,1.8431030764872551,0.2869123076233899,0.3808043295173917
57,0.906936353298255,557,4,0.021194613852952147,0.7503851097090112,0.47122081948220723,0.6791462534399431,0.8268747536516489,7,1.7170742417852976,0.18732534336595488,0.025004543547372124
58,0.9047385694557644,715,4,0.022093457829901096,0.7041220371990358,0.47392084281741415,0.39840750931316293,0.832801582941627,7,1.6818711856192359,0.1583365554267886,0.019217163449065443
55,0.9053476041765617,732,4,0.02085531086182915,0.7300450038322785,0.4871288117887194,0.6910019915981843,0.8319424470387222,7,1.8240157154352563,0.1553084781247401,0.021314492270734064
60,0.9070089877510814,733,3,0.0228149127853929,0.8860368309194769,0.4930567496808778,0.5503694947309947,0.8468343985247792,7,1.6249933418152307,0.0006685407757925752,0.018065495262162043
63,0.907062593341934,474,3,0.012411003173336226,0.7325800463819477,0.3315070060059044,0.555938927842163,0.8655867498172818,2,2.746003746356468,0.00046978409689477324,0.03029969609006579
61,0.9040920273779897,720,3,0.02404656782057261,0.7337328069803558,0.47446753797736896,0.538181724818337,0.8681986284520533,2,1.6060537891412376,0.0011393927561109988,0.02153305647514981
62,0.9063857287807384,737,3,0.01809838887243997,0.7096649967019,0.5203174911212175,0.558627711535093,0.8587100064045805,7,2.676694187471181,0.0010666818391128383,0.03141320942341464
68,0.9077497328135598,486,5,0.008513248076242885,0.633187451715241,0.52626015820893,0.5099888235057577,0.8662120225158411,2,2.76554163110496,0.42179058725907337,0.008344819430194689
71,0.9075342464326794,461,5,0.00842815181483448,0.9008932255215777,0.6045118775890146,0.7843843985403385,0.9394668688211971,9,3.2833499929874526,0.005204056868881661,0.08071801155369657
73,0.9074309953085624,457,5,0.008869124251489625,0.5923164635849919,0.5963797216125535,0.7826694902799917,0.9358949112128163,9,3.309058938086376,0.00625304605343896,0.08719317170559779
67,0.907476289978079,739,5,0.007487804278413747,0.6085666035704395,0.5143484041790535,0.5186512874882085,0.9365271282608205,3,1.4739951660121322,0.3792054420316855,0.006745197665681706
72,0.9071180042732803,453,10,0.0085070067792021,0.6177785186586461,0.540506183404376,0.7833510783489139,0.9352328600241488,6,3.2716959296620303,0.40126562884620015,0.008301984516136932
75,0.9083614005537969,360,3,0.037083676631059014,0.9152222036768208,0.2780758268135552,0.6224129145598452,0.9360727471785223,6,1.229393443666635,0.4685597207157311,0.19242282958055731
69,0.9071668360388075,785,5,0.008897610288061832,0.6200056976394763,0.5303099315648967,0.7657045008272539,0.7052545955033864,2,1.4372035605309876,0.4254378648850041,0.01163389703411788
65,0.906168526151918,708,10,0.008556849815550736,0.7078817623074429,0.5860088007222984,0.37813029112674496,0.8538659152561906,3,1.5618231804201315,0.2784143479794714,0.007708148221396338
78,0.9081214132645373,366,3,0.036905955475789315,0.9703623595367845,0.3188062310904186,0.6343051056982847,0.9992753121189116,5,3.7442301385439616,0.04883339966399132,0.18918738437795293
77,0.9093586213374294,363,3,0.038755648030280566,0.9182155503131628,0.31475987216915763,0.645201622523286,0.9981031454561071,5,3.682346950982864,0.04934450578313191,0.0016490797371488007
74,0.9053141959132486,452,5,0.00710054622443232,0.9181616601482793,0.36969948837116984,0.8535513509259577,0.9253825192764515,5,1.4119529162965443,1.5652155424421323,0.09509424394398507
64,0.9074546651172064,753,5,0.007116972981071757,0.7358904839913526,0.5157845444717317,0.8590339752562512,0.9331775512438953,2,1.3588761775758424,0.36160895905685847,0.03256298059248174
70,0.9065305201442216,476,10,0.006690772413455172,0.6109833173899945,0.6039918514597848,0.7778735748537131,0.8649292983736713,3,2.8217730399250693,0.40806525872618477,0.005979616989276826
76,0.9046816196253928,368,10,0.037745952485583496,0.9685841274359535,0.3075206710713355,0.646044077870635,0.7198037951893529,6,1.4001447394285476,0.05176169426554183,0.2523514821569855
81,0.9060350539517747,339,3,0.05374623725164893,0.9131609936874926,0.309612988347604,0.6378337045342933,0.999975016489636,5,1.0469309767657449,0.04787691706788949,0.2744018161811999
85,0.9070824646302562,267,3,0.08521327715563283,0.9982657187505246,0.3139234285276926,0.43784676474928996,0.9626803609348894,5,4.168029354889411,0.024810746462920297,0.0013325271076696018
80,0.9067981005832431,515,3,0.03875990212835713,0.9072947405205609,0.2984001923030528,0.6355775518773472,0.9737859344319943,5,1.1951120242915119,1.318684016237741,0.1814598998741641
79,0.9029680272822684,504,3,0.006433836866773861,0.9671263701812376,0.31308721148954377,0.6541354420708018,0.9982275270222014,5,3.7418814216887597,0.05312988062439821,0.001618342116941735
83,0.9066626139183611,263,3,0.016297739305032956,0.9683426302101762,0.352834639090638,0.8905718921250646,0.9777586189492908,5,4.357817710605736,0.025192253058732978,0.0017738260545966567
84,0.9065627833553703,511,3,0.07462960401625525,0.958879236409719,0.38007363312140613,0.6573306054598109,0.9648423905784035,5,4.076502087465883,0.02692211634305954,0.0016017766881818163
86,0.9068527361357088,506,3,0.05168274508525092,0.8226216678845858,0.2367620865850688,0.6499725470102733,0.9638878546719226,5,4.0642511590453925,0.025484235176232675,0.046246328666574577
88,0.9041416744316046,277,3,0.06963272794820254,0.6785082972769064,0.3907911366493398,0.5884418918963165,0.9637940848629489,5,4.134404481385176,0.018332372208460724,0.00036013425688525766
82,0.9033035854918159,506,8,0.05443470598650366,0.919316502713819,0.27182309738190086,0.6021112773557791,0.9572267208726561,6,0.7080251699164432,1.2832487607177039,0.24083211360562998
90,0.9080252266021972,298,3,0.02927598205292844,0.957073595892742,0.27118440464006166,0.5962373758597966,0.9571418436591862,6,0.8172171627895577,0.012551843336657825,0.00026612458605582124
87,0.9056644942273498,518,3,0.06122464261053093,0.6739043877572393,0.38827965638837003,0.5775486764843986,0.966581684590325,5,4.028226100727012,0.012639470248307446,0.0008159300027965923
91,0.9082720766787074,283,3,0.028461582636567697,0.8385598865239219,0.2720836605007531,0.6033988487476619,0.9526886236534726,6,0.6197414022825201,0.003730493251085256,0.0005452815028114886
89,0.908426614554719,502,3,0.02803011118911653,0.8202078060967618,0.3913432125787505,0.5889030407884076,0.9798690319557253,6,3.8014823509770475,0.01100375891864996,0.0015458365374744364
66,0.9057443584040792,740,10,0.009122693395666803,0.6040799917794991,0.5242194531349269,0.8409703894496506,0.8683109766229079,2,1.4694592318174913,0.40434577137933203,0.006065397643496793
93,0.907976369674865,430,3,0.028470200471138064,0.8216107439381345,0.26433080532463316,0.6037111356065167,0.9525272106940015,6,0.765037910243258,0.09571673455090053,0.00033312893808028503
94,0.9079400570855217,432,3,0.028248591183779984,0.8280107459439483,0.2809970791996662,0.5141693236963439,0.9180482790071167,6,0.3983834104158883,0.11068875683776595,0.0003752394678888085
95,0.9072928199033861,428,8,0.02781867403483547,0.832164419132047,0.27929041049283765,0.502940614042906,0.9125239083049733,6,3.058434938482236,2.936448716704658,0.14479684588263345
92,0.9089670262681337,432,3,0.0278109777246186,0.8766579984536859,0.2674891775377429,0.60115813472185,0.9550586821157452,6,0.7155208588054482,3.3289139706481903,0.00032829807912949
96,0.9076677005406489,388,6,0.027175428051102544,0.8246085110918171,0.2736800281513617,0.6136763634081656,0.9171685183034934,6,2.8834267259739113,0.10734404864042378,0.13575942894432008
98,0.9074048771270771,390,3,0.03539748223150784,0.821632850441554,0.43727626467646363,0.5099843709675711,0.9193663896298628,6,3.0510506272868567,0.11454883808770726,0.1384290051026517
97,0.9071120848636676,430,3,0.01363083724078325,0.826415412202146,0.4307834245862004,0.506330909234258,0.8884703718655017,6,3.5897406337701847,0.12151302790089644,0.0006875434761072745
100,0.9084608472282243,435,3,0.026050963525666278,0.8688832459229373,0.439509005613319,0.5023987102202825,0.9153059283928544,6,3.8701250595516203,0.03565041751133501,0.13019776020311302
101,0.9091048567817435,395,3,0.03482093641576648,0.8722470228364891,0.44237186890133884,0.45019050965367435,0.9864186545603134,6,3.591517085021915,0.1110109534107923,0.12683610381987562
102,0.9082579298910323,384,3,0.025016379802742652,0.8673092727369507,0.4289346233714213,0.49571630842203873,0.9124173352655217,6,3.579956559349898,0.13257266443947419,0.14424473612589875
103,0.9071088405872105,400,3,0.024704494729116587,0.5591000328547218,0.43086019191958247,0.5022413029400683,0.8855488761002551,6,3.5427749107214335,0.24105419409327433,0.14078762678745518
99,0.9061322099897504,547,4,0.025975788388345453,0.5491200161142404,0.4449154275829309,0.6176595064978256,0.9194424674812701,6,3.047982555080702,0.10329982842240536,0.0122758203574121
105,0.9037347730791371,402,3,0.013790084247825614,0.8753452441789321,0.44098750114407026,0.5340752122826152,0.887163957504669,4,3.6144387032203573,8.246830560919733,0.012250140992566744
104,0.9082299358247787,547,3,0.013602415102478258,0.8655164536632618,0.4409103853942867,0.4478888039186835,0.9863127882018939,8,3.6244878820530113,0.03753550736702635,0.011910277671378897
108,0.9019323794054748,545,4,0.019174308632897624,0.8635638721826637,0.2268839193267399,0.5342555232326571,0.9847392928729797,8,3.4970665636243807,9.357928423165909,0.06497547587486789
109,0.9077448076373178,543,4,0.02493800178122347,0.8691350181074584,0.2319047188016493,0.451853360549239,0.9869568758882572,8,3.87824400735153,0.0390234267630754,0.011391954963170624
106,0.9085855498172112,539,3,0.019034435653385636,0.5561066008026889,0.4397272207168208,0.5332679994116749,0.9830438853957976,8,3.5797392426208914,0.008363203805343127,0.06643248086635528
110,0.9082734741090958,535,4,0.02503756511639449,0.8689471017585526,0.41172564739034223,0.4467511981063787,0.9823845048915915,8,3.9239291594383348,0.036927224524377605,0.0021733087200796466
107,0.906270240809571,545,4,0.013705373690647277,0.8689009909424896,0.22898721002201844,0.5373480772470854,0.8833639088884532,8,2.5406013737091975,3.8440848252878452,0.013489146452604309
112,0.9085256635053913,541,4,0.032303543766940696,0.7672859699599536,0.24466610151036247,0.45559219390099376,0.988736119856038,8,3.9204329902415678,0.036492896096977194,0.00018691434558716684
111,0.9070113905134006,532,4,0.01851150218866428,0.8928857526957231,0.23408377181836892,0.4412110320977638,0.9840160707166564,6,3.9084654548086046,0.06877518216759468,0.06600464567701864
116,0.9072417537543845,351,4,0.03172175725099961,0.771332617512974,0.40790865422353934,0.4658856725749363,0.6392524496308268,7,3.879957901206921,0.06781260473057285,0.00015457452807789658
113,0.9081299486656611,611,4,0.01833030388390645,0.7629367616027427,0.2358820621648729,0.459764879018023,0.9816235575181192,4,3.90992153531133,0.03651095856518352,0.05796779920796159
115,0.908467561933312,610,4,0.019210488210633748,0.890888838809221,0.2277139607434836,0.5684058563616371,0.9838373587947522,8,3.815641309541251,0.06867970384482952,0.06345507455110003
114,0.9082886630972075,540,4,0.019012688671986428,0.9361087229756531,0.41098685626803794,0.44722616267616633,0.9838982815759794,7,3.9116315472518455,0.03327002732992981,0.06531935260857397
117,0.9060537914385278,492,3,0.03329612137105639,0.40738347464232405,0.3473324314672841,0.706356054884081,0.948741495362803,7,3.9276092327087984,0.05846497543591033,0.04038585708388636
120,0.9086857045949988,490,3,0.03205408878992997,0.9400848114860637,0.4080887284098153,0.5731392203767229,0.9451017700838248,9,3.3913210804173475,0.06502549232380388,0.00022446886570748608
122,0.9075848706917364,609,3,0.03163584946361147,0.9360628128525498,0.49892183698754045,0.4695718383514862,0.6496274332843665,7,3.403294680918347,0.05955593739430938,0.0001486234007163624
118,0.9036664086834163,593,4,0.03092751172844881,0.42975154922126546,0.4113959422153549,0.4300482842709446,0.9454612178899754,8,2.4861124871821905,0.07740556424186065,0.03858803369953478
121,0.9072625478956097,620,3,0.017058070667082103,0.500627361752516,0.41345450932347794,0.46732006773101253,0.6601513046552958,9,4.485208127565186,0.06742068931174486,0.00016071759296489268
119,0.9078963432767109,619,3,0.017221555859549494,0.5265449665111054,0.4891790055702108,0.4710349545864623,0.7512743308327925,7,2.5374932147523004,0.06762583702996268,0.06352091869991362
124,0.9081248362582247,486,3,0.04016151945054639,0.9315478604537181,0.49042793506228205,0.42535040642419464,0.9430913079766388,9,3.2151971226774303,0.0726201821939647,0.00016367658472804828
123,0.9068425735031813,606,3,0.009998781170802057,0.5213609692138026,0.48795020453148946,0.393708533309579,0.9456670459671696,9,3.4218193393214875,0.21424112307337417,0.0002300624009888608
127,0.9070223199348268,595,3,0.040564857588286665,0.4591644289253537,0.49596653510367505,0.5680123109691069,0.9420415079253084,9,4.587974038164731,0.008380741179144582,0.00021474529714656567
130,0.9061013299937105,443,3,0.04033591756923685,0.5068641773658572,0.3719924319252551,0.572185566756843,0.9470654138113762,9,3.673272878866435,0.21806731333852897,0.10744503750192558
129,0.9065425780459894,593,3,0.04287600449901477,0.514617846235931,0.2518795073778319,0.5633791384429727,0.9361080629671544,9,4.268305648308542,0.0088030980636054,0.0002521488848553757
128,0.9047348586596808,592,3,0.04761922080581953,0.4544324306003704,0.4943191668271779,0.5735841466663464,0.7556376306013328,10,4.324095034630441,0.2227014269372397,0.000249800426110296
126,0.9078118307796104,622,3,0.01657409821860119,0.45534423064941626,0.4964433029741157,0.5636009025868436,0.9453835096901598,9,3.368438982158305,0.0541026672541157,0.00018242705106921996
125,0.9080420294426261,632,3,0.009773140258067392,0.9347014568438741,0.5039401288713569,0.5622267590711381,0.9477600759546271,9,3.3759566855355017,0.058471639835341184,0.0001769623767921275
135,0.9050351551463205,443,3,0.04764889068290807,0.5729738597330133,0.24927753142609857,0.5661919860196978,0.2129067432528668,10,3.6832791573752885,0.14033808929147495,0.00010928828042892067
133,0.9068962107933469,635,3,0.011163722423872452,0.9857320742475102,0.2521756350915226,0.5605186330024026,0.9301293952824667,8,3.3629375338275977,0.22289552861871245,0.00024127283250245917
134,0.9095699005277076,669,3,0.048150438345453864,0.8915151938519011,0.4555723579002078,0.577204660845885,0.9293539493680539,10,3.6741251831510695,0.04636186146889319,0.00021659241134665445
132,0.9081043345564657,683,3,0.009718544928707672,0.9852125996507455,0.37353621638908796,0.5667175441718646,0.9454082076846186,9,3.684581547383317,0.21397418456009418,0.00023242088837823754
131,0.9084978987080303,686,3,0.009856391613598876,0.9820417360438035,0.4543324676119495,0.5559652106747538,0.9304077640905302,9,3.671623296819686,0.044863953549980025,0.00022053250117888153
140,0.9081053803297264,470,3,0.03515473245220066,0.9833952574368129,0.3375098371542223,0.6678268026056283,0.9973877200470604,8,3.683985463127202,0.0024318244892109417,0.07347530997295658
145,0.9083595391123609,153,4,0.03523611675776709,0.9523989586761235,0.46047081408348073,0.5399562432718136,0.9713655587582783,10,3.790790548740927,0.0032015674870502276,0.0004203266390290212
137,0.9087986053853012,636,4,0.015774484778016906,0.9895130303766863,0.45656333831387635,0.3627524199567399,0.9948821531839003,8,3.7267453283807956,0.132004500141382,0.07951918391071991
142,0.9093345216496121,691,4,0.03448618871221654,0.8938693462707701,0.4610225060559961,0.5229771802998902,0.9967550377194961,8,3.7664201554524515,0.09213068207442134,0.39514785050527135
141,0.9089080279931846,675,3,0.034723311228788536,0.9037557641246825,0.45259290534437935,0.6721157504459309,0.9997696070463384,8,3.178351018267811,0.045244620194269426,0.08220003365537497
143,0.9091092161594554,670,3,0.03514458492882719,0.8941034599239192,0.4463786073427543,0.48835308762932284,0.9970235384055273,10,3.748276693488517,0.0027387118323047082,0.000517976635488863
139,0.908794066834254,669,4,0.01554307554106332,0.8995275863086308,0.4558284879203099,0.3728750885275095,0.9974752552685543,8,3.722210255889309,0.002611756563553593,0.3467814974535146
138,0.9084895283409798,638,4,0.01599396115680015,0.5719090435432383,0.4639366022865083,0.548766062988729,0.9997967717569639,8,3.758307549296959,0.14071285380251058,0.09016081203556667
144,0.9086319182344422,697,4,0.03398615342992921,0.9024775202658888,0.4582698293420435,0.4903894385866693,0.9692587601132872,8,3.49920638983758,0.021719672712733718,0.08575196492463738
136,0.9073740078495101,673,4,0.011723846667216405,0.9830654362408305,0.455816326634978,0.6654089829867176,0.9991182599842644,4,3.7319253584838346,0.14330091777103368,0.00010703060692951794
148,0.9024043409753866,565,4,0.22293281923561586,0.9028451282884368,0.45402989465872573,0.522247725217299,0.9998514995606547,10,3.1944738024313906,0.020156855705976005,0.3456957552767928
146,0.9084832750623436,699,4,0.0200873798043437,0.9539140694508796,0.4743162539039406,0.544849027751155,0.9668621461705201,10,3.758279500273617,0.02001961117764371,0.00012819698258336563
147,0.9089305621758385,697,3,0.015262069603333723,0.8880737262807037,0.5566462081220378,0.5181155123321232,0.999044267725466,10,3.7729178840888435,0.04787914647440396,0.00010121726182877023
152,0.9077026059693593,651,4,0.13314078757267322,0.9008692691699751,0.46628768187625524,0.36456072494512864,0.995579456516089,10,3.4738339206698914,0.0012747910882817937,0.4796109427995452
151,0.907967700406858,698,4,0.03039874633456837,0.9014569581757758,0.45514989170075804,0.2401868411474829,0.9989376698275888,10,3.1678222355935413,0.02024488163759158,0.00047224681489175916
154,0.9087744413106298,698,4,0.03539496726606785,0.9014049459389916,0.45182624403253585,0.2754963790448879,0.9635916400177649,8,3.189628227602834,0.0017595164809662935,0.36745938310871873
155,0.9079118093487463,704,4,0.03006091114457009,0.9045806485563181,0.55194102044936,0.3312575778131549,0.9678390379824372,10,3.4974952711888605,0.0017289454660526983,0.41007595197310004
153,0.9078847712030245,665,4,0.03025316874497379,0.9070318543126803,0.45288733733292885,0.37179738855943717,0.9669674395776089,10,3.475910520523417,0.002247062333841911,0.4079349214453034
149,0.9078567696110346,757,4,0.011540753683021413,0.9502355357503411,0.5568211448770067,0.36007364396077207,0.4138150086759535,8,3.4978595601408338,0.019873707034651463,0.40233416650653614
156,0.9086867984873604,700,4,0.03025459361971678,0.9236383755703307,0.4739341545603352,0.3525598298772559,0.9688300362860195,10,3.4899869740021607,0.08978204155216327,1.0346964223847006
150,0.9082448921992263,699,4,0.01577358400458062,0.6408736347236097,0.39820216426382493,0.6653804641053527,0.965458803907852,8,3.197069617226761,0.022307497990559304,0.43019931761860813
157,0.9083208306782942,778,4,0.037663279100423636,0.9196510750327062,0.3948675057421692,0.33213591779434226,0.9671099866132994,8,3.497584282346213,0.0021002946675263826,0.8956598985239503
158,0.907131781311654,776,4,0.035809817352406126,0.9221330813188717,0.639372732653837,0.4026207073146722,0.37420465260793645,10,3.474365543607572,0.000741256784856375,0.5495353816095345
161,0.9071239691413802,767,4,0.037659169669806335,0.9210011892313935,0.39372643154051334,0.2255650443096051,0.9694108498949283,8,3.502312695176705,0.004079248020796211,0.5913689425938847
162,0.9088493870006605,667,4,0.03759811759250074,0.9219584982424459,0.3927211679895479,0.26312378888521154,0.963423191438511,8,3.2836350118146016,0.00014815000826205036,0.2564484635600509
160,0.9084412306746696,670,3,0.01512999589798755,0.9278689552333723,0.5494027054935599,0.48921494026596474,0.9677340643628022,8,3.5270525432637165,0.002260783502094881,0.0009491304627551245
164,0.9086203453245627,723,5,0.0364332339479347,0.9232627366883582,0.6706824413451086,0.2726097240354658,0.9675699654143382,8,3.275421310983508,0.00018211157245187127,0.00032502596159137743
165,0.9068039157728119,778,3,0.03848474822512199,0.9256974190325917,0.6309483639267693,0.27931458486420013,0.9678940732684651,10,3.304103937579685,0.0008330141606639697,0.9580285432616802
166,0.908110860738061,774,3,0.038825783114701674,0.92358969298388,0.699913823294507,0.22317648659234018,0.9592789945212916,10,3.576972405748098,0.0035137817812783793,0.7996585094275012
163,0.9034263765438098,668,4,0.03749466585935269,0.885432063053788,0.42023055347445365,0.27126545702589294,0.4080814027598565,8,0.20940135280610117,0.0008423414121831169,0.9045311892290482
159,0.9010337285099943,779,4,0.038347092700802804,0.9218405952095412,0.5597287085575423,0.25770631524431203,0.9667006970956779,10,0.017353191529691614,0.09277858740121436,0.0004695063172805679
167,0.9081476229711376,666,3,0.03428115901422504,0.9268278981372903,0.6699669209329657,0.489906566652064,0.9756986060887339,10,3.9977181694288983,0.0008561950802946024,1.0799113830386784
168,0.9072103873221236,811,3,0.04531251820104733,0.8836282827541192,0.4212908400774858,0.2752671595571511,0.9771176978710723,10,3.3075298164179148,0.002956450490962329,1.181969720205999
170,0.9073911025972821,715,5,0.04170558899272155,0.8849168076409851,0.4248596888625776,0.2600717615080247,0.9567215080249445,10,3.240890027938886,0.00012832372474443467,2.995727204129969
169,0.9074565462471845,727,5,0.04596011695985804,0.8475495465525467,0.4221526797653157,0.4828680895287579,0.9811850168444233,10,3.2955353805145813,0.0028027964492914827,1.1239462903588322
172,0.9081882123071299,687,3,0.04505319842211072,0.8895169228822308,0.424008205851185,0.2764817680119477,0.9818015169053038,10,3.313319336168214,0.044445633305101075,1.0335360022996183
171,0.9075845130292233,722,5,0.045312862294572945,0.8850039032475239,0.42583516675056704,0.26206312804982085,0.9795466627519964,10,3.3161044611081425,0.0004629004686365006,3.9489496956917423
177,0.9074703438102933,715,3,0.043479811879368294,0.8470982733675458,0.42738689353226667,0.20324875040845838,0.9852651824268122,5,3.3464237640173855,0.0481543173240859,2.9253937435683524
176,0.907371148981967,718,3,0.0456249022118403,0.890148229925072,0.4237117111222497,0.2575968432613204,0.984349252651943,10,4.030433475817705,0.0003317116582689429,4.991342564963601
175,0.9076832482555192,891,3,0.04524586297227338,0.8839443193342893,0.4241415902233712,0.24840200123243844,0.9832652756086238,10,2.967396054083991,0.00013284873088565836,0.2482524381623083
174,0.9067119290794082,891,5,0.04671397876310028,0.8817814434528035,0.42152081811378195,0.48794966205537915,0.9837902336839875,10,2.926943032792032,0.00029853719857038906,0.2604581968383476
178,0.9082227173514712,720,9,0.05032857654205642,0.8893617732964977,0.36740792191692184,0.34456960084959587,0.9848839860678248,5,3.1082156888660983,0.00043136969167828943,3.669213153385512
173,0.8992983911222705,717,5,0.047669139489280865,0.8896523739911644,0.41395797153268676,0.25867343877991805,0.9830964322796121,10,0.1903218279678871,0.00013437426782311678,0.24117370679862873
179,0.9091200391563294,745,3,0.05052539283661161,0.8535488543153618,0.47778630939487365,0.3004082269010451,0.9869137014822849,5,4.1650582917571315,0.08416988015732932,0.2966634520657309
182,0.9070008907430951,654,4,0.03321925895887248,0.94999540163949,0.3636295698929723,0.6978989141869731,0.927859744558352,5,2.903605281632016,6.131471542401404,0.2414161983275746
180,0.9074127631103798,679,4,0.03379932894739371,0.9668645806159032,0.44510107812158645,0.7052676148734918,0.9865062084271273,8,2.964123100228191,0.00037565946911191796,0.23129875272321052
181,0.9084079089953315,651,4,0.033642014520918445,0.941460698864146,0.47274116384780274,0.7330250559985955,0.9866275316702269,5,3.780430665349754,0.0003125365640437768,0.3059442324643757
184,0.9083758208525714,653,4,0.03298663406612845,0.9487536839287394,0.3577277728723114,0.35287044105503607,0.9311644584103363,8,2.2818674508532157,0.08712308482827172,0.28404647331675004
189,0.9059789821239592,689,3,0.05880723777293389,0.952042554679147,0.47610328990621614,0.29730513365977373,0.23809852391951136,5,4.147985180896062,0.08397121818210691,0.1911099270745032
187,0.9077580022293207,655,4,0.03383371478913672,0.9482004520412336,0.4782237899752054,0.29182060073126126,0.9251743896979078,8,3.8085642980551504,0.08804244847232584,1.9638260670473209
186,0.9047182764221452,650,4,0.03264517167116168,0.9477261534038117,0.4755281359342111,0.318074826283331,0.9530875136023764,8,0.8940605858714032,0.09324025771102432,0.1853963677277289
190,0.9072608143916888,689,4,0.05932010655355616,0.8565637556253068,0.5171717609513569,0.3861728877971631,0.9482169195131327,8,3.642069591526584,0.08733044020529297,0.1693314653420066
185,0.9075307157981592,648,4,0.03314574737123811,0.9417313365752411,0.4781333807601126,0.7110006720064455,0.9279639976888139,8,2.247734068939404,0.08675635634943629,0.28262434824706145
188,0.9069519733818208,651,4,0.033272217328695675,0.9559028516786464,0.47562208824746743,0.7047200313662891,0.9999352877501054,8,2.2490305516643185,0.09203797014384757,0.18297145139689527
191,0.9081339641400342,695,4,0.032148616756200024,0.9498217257055532,0.4759212872518312,0.34882371482610264,0.9540811849881183,9,4.189679768570379,0.09003071734740663,0.30559881351136026
192,0.908698053339864,742,3,0.0536597121317702,0.9426207296747959,0.4778406344553573,0.30905131189200996,0.9600692219144116,8,3.618614466049821,0.09102179332014858,0.0996608990847974
183,0.9039056370896011,648,4,0.03318945469959816,0.9441776069373231,0.511112712680702,0.7004680405842417,0.9990583685754985,8,0.932663997452593,0.09592501467251968,0.2996707167925712
195,0.907843646779587,699,3,0.05574948016818625,0.8563096500059905,0.509138365980223,0.317393409125609,0.9998746149151703,7,3.613296194562084,0.11534296886498505,0.08635078321483157
193,0.9069922883705208,749,3,0.05557777013756035,0.8499988367849779,0.472952352481241,0.38616411544552753,0.9552440408941163,8,3.647432135975314,0.09254935146367425,0.17768678083921663
199,0.908771597722612,320,3,0.02759457032427286,0.9095478633218876,0.5075417343662403,0.5147099596283516,0.9980308705269193,7,3.637868883676953,0.00021949425503998518,0.6107663736142465
194,0.9076424389247739,744,6,0.028248104063970842,0.9084517262051849,0.5118529296413104,0.29296850101760447,0.9536576932717772,7,3.6092359915829317,0.10992764869617307,0.09975516617807254
196,0.9071108675948428,747,3,0.028778312008157263,0.9061289230150334,0.505603963701851,0.3882310684063309,0.29544101602189465,7,3.624779911542328,0.11707701205389576,0.10295236600887592
201,0.9079915045384903,751,3,0.06420353108065689,0.996138915164158,0.5063859139852436,0.31364664168533635,0.9988960518626021,7,3.628778447874189,0.12282129449762882,0.10592642227068202
202,0.9084061796723754,748,3,0.05235540457418487,0.9091982969514529,0.4532306478795738,0.31797265433861766,0.9566198275919775,7,3.622009172485506,0.029036626304457264,0.09114276462832982
198,0.9090594965851098,740,3,0.03054469437757203,0.995676415444606,0.4473899278413964,0.6821069329401122,0.9976201166839536,9,3.6015684214647457,0.11592172451082773,0.09706995912088566
200,0.9085401971463138,747,6,0.02895990344257296,0.910952420858036,0.4482954558987604,0.2930763582797447,0.957822182641904,7,3.6101847671324903,0.00016125826863527628,0.00031512974843877383
205,0.9076745049464308,307,3,0.02883245099306981,0.9048858261829564,0.4451043591857848,0.29021021892380877,0.9565724032978857,9,3.412747299261659,0.004928331344017623,0.11370876705201265
206,0.9053907520348069,316,3,0.023538882948024784,0.9064449703658454,0.4472091433493634,0.5167934807223536,0.2846607461267503,9,3.420464201205255,0.00010460643028873636,0.5430513867851519
197,0.9062188685379468,747,3,0.02903029903150184,0.9074694877125938,0.5093888428169345,0.520466793856526,0.5772321489313441,7,0.5031525725936103,0.11151870292410124,0.1022455123235758
204,0.9083859825728883,410,3,0.028713542886902053,0.9071324291309351,0.4399855933308212,0.30084820242894983,0.9562419366902816,9,3.577035939380046,0.059560148699420494,0.11082632898927067
207,0.9081851005292402,312,3,0.02629757700125072,0.9714328450270846,0.5336758978236872,0.5233934031680292,0.904843962929993,9,3.8224878098053514,0.00018034261333505373,0.6408515119395505
203,0.9075043985267437,750,3,0.028972190237889942,0.9990051534389353,0.4493747415679724,0.5178616649171778,0.9526396728549515,7,3.679976944410923,0.05332815444776729,0.0925773162569043
208,0.9088063485316514,412,3,0.0409038164355066,0.9087732234291689,0.537189019817038,0.5209504315950868,0.9635250587660542,9,3.4329044282015677,0.00020727339615217097,0.7051437188561469
211,0.9081093958040996,343,3,0.0406420537250901,0.9974742885255828,0.44274457949765467,0.5232156363543721,0.9740568097212622,9,3.4092083926353878,0.05697688176018694,0.6879278865152029
209,0.9080493061453672,400,3,0.026618853569584947,0.9675047886757734,0.4535861072889589,0.5296452753520684,0.9673145633033179,9,3.4237359529097917,0.00019160764689445486,0.5492611249547703
214,0.9081944585161352,354,3,0.040876079570739014,0.9739887362046339,0.4396145625642115,0.5229926216470783,0.9719728812905162,5,4.8684312613881815,0.00019605018205030305,0.050081199510731506
210,0.9045288613199295,334,3,0.02411506298087894,0.34192698228353197,0.4434295188864299,0.526046744171353,0.9711140953050433,9,3.40523115621838,0.0571171643594268,0.5525512454940482
212,0.9090636130107725,324,3,0.025871565370883014,0.8723990390469794,0.581210679071193,0.5191920070362728,0.9737507442191511,9,3.8248624133216502,0.00023542857798383626,0.5173191453034965
213,0.9075315494064734,410,3,0.02636760749304577,0.9760086727607014,0.2924085157573698,0.6808837254407453,0.9734507760986504,5,3.751172435492073,0.05694291479996896,0.6246537912658088
216,0.9083869053497737,347,3,0.03590721516590003,0.9724978562428076,0.46012480935956823,0.6337816867783376,0.9726165022943642,5,3.6984812296406337,0.054712510217347604,0.04866674623449957
217,0.9083695782924076,329,3,0.038972769499089066,0.9725828685428184,0.58533631257466,0.6792825832762526,0.973874696389037,5,3.7746286699978353,0.06079462065008711,0.05100974592036673
218,0.9089279502132566,384,3,0.04162803651770833,0.8666014939528194,0.2977735021847943,0.594335884089248,0.9735241793884517,9,3.732706120756491,0.00019345544925588814,0.7124713618407239
219,0.9075205809880504,336,3,0.04109194473636814,0.9707752385535626,0.5693541889626965,0.6834410996669658,0.9745280888386082,5,4.966477825374058,0.06558003089283525,0.0006304819457934532
215,0.9087708249283276,682,3,0.026486661840252366,0.9726572916266759,0.29357459245749445,0.631676463761538,0.9684105347667766,5,3.77274991895322,0.04410961936776909,0.7604717625600272
221,0.9083259781298153,418,3,0.035991965753289196,0.8705744692559821,0.5862989035402348,0.6351282763058598,0.9893429014059375,8,3.7685585487609514,0.00021798325543621964,0.0007338706003383941
223,0.9073766842749637,374,3,0.03618931633257271,0.876672850643561,0.5462028432964554,0.678349679800717,0.9951643233961462,9,3.7808163492869684,0.00024896756422934115,0.7323979113831849
226,0.9073157152453597,291,3,0.050645278942172314,0.8750127708939758,0.5399625126839388,0.3342282202512149,0.9979565886374911,9,3.979482956296337,0.0002615660807586764,0.3515997606610333
222,0.9079850563508881,379,3,0.036262766421578434,0.9293172054800528,0.5312250260624645,0.6405971126690716,0.9983808283090404,8,3.8662445402218015,0.04316161404625762,0.36421725256160753
220,0.9084678516361467,371,3,0.014718273505417752,0.8747638663868649,0.5861878577106254,0.6791209591210743,0.9745551260196484,5,3.73376229591947,0.04162973322371479,0.05021584977758836
225,0.9051816863231801,285,3,0.012769840730884848,0.8704086247858829,0.5957745073666771,0.5846475347847291,0.9991794223493188,9,3.868305355936641,0.07516096617605701,0.000631305863923319
228,0.9076382388798201,365,3,0.04989162307788109,0.8667729393105993,0.29920054081645053,0.5885503365809411,0.9935722027143713,9,4.02440001863907,0.0002874927457612679,0.37303680375844545
224,0.9087649777353756,673,3,0.03635337151955781,0.8781394995685409,0.5429663222632168,0.49773980166609966,0.9989323535432487,9,3.9739852737938115,0.0002597046536303413,0.0006799414042487483
227,0.9075281145540501,365,3,0.014620466992768632,0.8730080207473327,0.5740363548394807,0.6220806262223856,0.9992669496490735,9,3.858110463056539,0.00023909385630117177,0.7736100859221072
230,0.9079558195499349,370,3,0.050078485353487426,0.865500094004921,0.29855927381273717,0.6168322703254134,0.9989611763166274,5,3.9899319702720666,0.000219904369991568,0.7372645718440899
229,0.9081434362292529,379,3,0.022178025612438517,0.8728945947482855,0.33239070160290013,0.61567113908726,0.998297017583786,9,3.988929442798656,0.04308018083369829,0.3529060985088315
233,0.9035295521825122,246,3,0.014380004878429824,0.8624239683563011,0.29202494205702384,0.6032483193567053,0.9362334152613528,5,3.8535996533536805,0.00013523482682102167,0.4261856448349063
231,0.9085904387330881,675,3,0.0509164225637688,0.872190877989935,0.33202322543708807,0.5971459653347893,0.9981869755914704,5,3.944740628432105,0.0002632541535061913,0.36843006163410147
232,0.90957592643789,673,3,0.030807156137929927,0.8413583533346566,0.48951868420075706,0.6211839874670958,0.9375717376537641,5,3.8316791410958317,0.0001391187366747675,0.47146376771789644
235,0.9075392447377923,670,3,0.030651872163913504,0.8462558343511682,0.3448550185603643,0.6067163296807208,0.9337165075266545,5,4.013945825832381,2.7127940114565687,1.459816353319846
234,0.90843695765288,680,3,0.023149146339467595,0.843785695670318,0.32722325151254833,0.6072735129207634,0.9367352909379718,5,3.8951245577687397,0.00021937607920963383,0.4784873444254795
236,0.9092273554702889,678,3,0.03126776909179087,0.8424233953763577,0.33175848311025574,0.6162987847961484,0.939735923980698,5,3.870213672280217,0.00013736121195286237,1.5594836846586229
237,0.9082190654689789,680,3,0.022822658159518807,0.8393307624177828,0.31030344963809303,0.6201845082000625,0.984894874160055,5,3.7199425059720173,0.0001515408403137401,0.44420953738015284
239,0.9077612648260043,675,3,0.04103989607118683,0.8394479367291449,0.31548997898660863,0.4955802451466015,0.9389250156055534,8,4.09563572360999,2.5617148189693544,0.419170691322295
238,0.9086928019723693,679,3,0.04151221182877899,0.842892180027672,0.34469059557652576,0.6150059352001046,0.942737223372312,5,4.0800717971597775,0.0005948481854451788,0.5307710954668985
240,0.9072044085428143,681,3,0.031097909760928924,0.8406359079119765,0.32029634603510665,0.5062003884461768,0.9354492754856607,8,3.708712056777969,2.1300830372393778,0.4957578498450915
241,0.9083549186144083,673,3,0.042237118601639666,0.8918417846063805,0.4896888345459403,0.5051749044427647,0.9834137675850643,8,3.529275471152269,0.0015518455824619587,0.00048383137350691094
242,0.908196290918872,675,3,0.0408845534013919,0.8371120590199356,0.4880703896741938,0.4968809136547744,0.9808712231808919,8,3.546359850375699,0.5857241199096859,1.5028094895578095
243,0.9092388744077169,678,3,0.04199583444276632,0.8526458882651047,0.49564449014701023,0.505399471365383,0.9409134297073559,5,4.110041050058237,0.0005759199475664464,0.5364941379445104
245,0.9070889027835433,671,3,0.04345514427361042,0.8942990763976282,0.4928695470286065,0.4831318283920045,0.9835860470947261,8,3.7140697767987905,0.00011093849548797438,0.48818024930567405
244,0.9086045463717316,679,3,0.04025299656214851,0.8420363342466448,0.48725756499268014,0.4982785996009108,0.9819044167394431,8,3.5428233726609872,0.0001512136655094463,0.001219360940088678
248,0.9084349508659126,632,3,0.03050174450094658,0.8941964842429209,0.26492601689854556,0.5019675911490089,0.9820073033563399,5,4.242576117231376,0.0001279159387158768,2.120290058696694
247,0.9085101176149418,667,3,0.031073470181581356,0.8153683105023742,0.32080985285371233,0.4795576930532722,0.9849805705048833,4,4.093029077471517,0.00010385076055210617,0.4933851133345432
249,0.9085855711021218,629,3,0.02589932412521829,0.896030524229309,0.26758384218812764,0.6537522295774293,0.9811104597401596,5,4.19205079482882,0.00011210650424555731,0.0010501707865251228
246,0.9080936563730002,677,3,0.03085513719397056,0.81369043668293,0.897016815265493,0.4993602256753119,0.9781554782363407,5,4.119449223531316,0.0001576020879058003,0.001204169541617412
250,0.9098650654504915,632,3,0.02642619160824414,0.8154705717978665,0.49625635339808205,0.6578744261183703,0.9825242188062817,5,3.5434702176138813,0.00011709508205949589,0.0004985109394253594
252,0.9078247808992133,702,3,0.03724598446929252,0.8138601036954575,0.5261185127911732,0.6428577836349626,0.9613915449028771,5,3.7094664617491113,0.00010487331455218294,0.1427326021853553
255,0.9091675728463897,635,3,0.03714513520447121,0.8937305932626876,0.5276744304440564,0.47672482631006097,0.9582382209496527,5,4.175112671402823,0.0005540302905893228,0.0003376079666908654
254,0.9086509966598502,630,3,0.03828188243029183,0.8914270052559187,0.5303040882514467,0.662062785499148,0.9060517160458147,5,4.208167793576545,0.00016004165576892008,0.7401206111791139
251,0.908581558516415,706,3,0.037833945953864606,0.8967547071820198,0.4930200342103787,0.6433042255500605,0.9632540527895164,5,3.713915284789443,0.00010145109428600472,0.6333885721945659
256,0.9076164484527511,708,3,0.03679642197601548,0.8108186005048825,0.5319583696786828,0.64922861984787,0.9585196958479042,5,3.8659636968492754,0.000183869441916286,0.6764913913665617
257,0.9084355425864231,710,3,0.03712245600948335,0.8147742522721705,0.5391330304813001,0.5387877723320984,0.9589578351604087,5,3.8372338071183214,0.0003685162825364285,0.6158333329598579
253,0.9079281154905863,707,3,0.03714812292703109,0.8089999936909873,0.891175252715426,0.6454191250885407,0.9108342957036661,5,3.816983472777218,0.00012296520131876222,0.6504955021324953
259,0.9093523370436379,699,3,0.036268692583144364,0.887530161930057,0.5234053424531008,0.5473231514229013,0.9070510235114644,5,3.8261829518936152,0.00016209347628147916,0.7077562627221481
258,0.9061637276969107,710,3,0.03524359566408721,0.8574099203612544,0.5221879488416361,0.6522388128628122,0.9175877025514012,5,1.9678893427077475,0.00017659808878229484,0.6784379897507677
261,0.9094042554252499,390,3,0.026706695403473077,0.8578433312692215,0.46168878248878176,0.652350900841801,0.9174149099700384,5,3.828915957221563,0.0005851005607796689,0.6623188447558922
263,0.9087164987672388,457,3,0.034744261552766116,0.8570711660411703,0.49873182429622503,0.549499027225365,0.9216040681101736,5,3.832994772471547,0.0004245758840084138,0.00030584651879504563
262,0.9093770592390682,632,3,0.03489835555579991,0.8575999737550277,0.5165601240977757,0.6590470248912891,0.9197125851935585,5,4.2993855068272815,0.0001848233975526352,0.0003083843902111373
265,0.9079140159858191,399,3,0.033572087289456314,0.8571753798051572,0.5103376604576448,0.4151711779635595,0.9157901980385493,5,1.998433383615069,0.001059184090776891,0.0003878008856852636
267,0.9074431380459018,394,3,0.024572800433243846,0.7858457163667741,0.5671612894808716,0.45798690352542104,0.923341751430294,5,4.441899796146572,0.0005965967882110698,0.0003566252726622524
264,0.9064732335561599,395,3,0.03449014958541163,0.7831959910020249,0.4623493577386672,0.5437035095441295,0.9210034232554424,5,4.449021805115856,0.000183003162204575,8.380700326856845
268,0.9083721606081501,427,3,0.0338888183858072,0.8601337114506566,0.46369211418313905,0.5413495725430868,0.9221412423353208,4,3.934052824612348,0.0013112731363373975,0.0003043862417477767
266,0.9092431725152939,637,3,0.027343089466689372,0.8590591448699002,0.563650953259138,0.4134921136306685,0.9500260803486559,5,4.4224981663608105,0.0009683033918107203,0.0004634260138671338
269,0.9085796107190566,448,3,0.034937817838608894,0.8596452787084556,0.617358659587244,0.5493255440335855,0.9204038666440371,4,4.353998630469556,0.0004637427078708237,0.00030709667414717556
260,0.908729350444131,705,3,0.02678145419229437,0.802552007721079,0.5262648364554781,0.9929852613657271,0.9122810077717506,5,3.8383489443785344,0.00010060545243731624,0.7658267765911276
270,0.9074465031142257,453,3,0.03285658022861439,0.8280568223190528,0.4641054256144852,0.5467032634241223,0.9234856368926446,5,3.9387064931854554,0.0006039938224002936,0.0003742809743743329
271,0.909021704770508,399,3,0.024610824620922653,0.7812448484010481,0.5562107144486862,0.40914158372031206,0.8856442275179863,4,3.546915367237767,0.0001444045456527632,0.9385534167609964
274,0.9076655569221144,423,3,0.03144686067803316,0.8312827668809571,0.4663013523340401,0.6681678814934411,0.9010300945088466,4,4.583639655895556,0.00017799679208883886,0.000454381580381939
273,0.9094712259634068,393,3,0.025017621087243567,0.7800650577811092,0.5673526099565814,0.6704406431950237,0.8752323109378025,4,4.29040490691032,0.0005290151280220715,0.00040690074651972947
277,0.9089720625059978,421,3,0.02646918012093556,0.8306080366835176,0.6092181180348616,0.47603309219692413,0.8872783650636314,5,4.275688971742328,0.0006553301493032234,0.0004910343415376892
272,0.9078805638603871,636,3,0.024902615972624192,0.8559721940714544,0.560960032037485,0.6642788818836297,0.8760572151035029,4,4.334583453032051,0.00014651187366134658,0.0004204928713905877
275,0.9083728445379332,416,3,0.03035446482635077,0.8274355259003474,0.3831039269712494,0.6673630674473771,0.8937636697154546,4,4.139160177745363,0.0005294403674390004,0.00039818270979159764
276,0.9082355845359409,630,3,0.04370258640583311,0.8510984562574373,0.5560322166806458,0.666155318456682,0.8926217810219255,5,4.237187387493484,0.0005093367390740915,0.0004383992880550826
281,0.9084029642825824,638,3,0.02532839796794772,0.849029578598153,0.5639698108594108,0.43302349279680585,0.8746580968478987,4,4.519477618129511,0.00013123161774508424,0.00026268583738456433
280,0.9080349411873598,614,3,0.030935008507323947,0.8298792784708052,0.5693630508881062,0.6625580313284047,0.8901517272226985,5,4.663403061565009,0.0005442765570222051,0.0004839592865459156
279,0.9080202533828716,636,3,0.029364810788313652,0.8302759201678847,0.5199760891812311,0.5867670212401181,0.880639881564575,5,4.340832667915292,0.0005084163080180098,0.0005527409511880533
278,0.9089869545696088,805,3,0.02730824451997969,0.8251023807251264,0.5621553021123166,0.4723869913884289,0.8973437926047603,5,4.346550142607604,0.00015243945203903314,0.00019833162907783965
284,0.9075648975399144,387,3,0.020602210380229406,0.7906175350476915,0.5713479306290337,0.4428196111083272,0.8494739580337802,3,4.280044730546711,0.0008300043545272259,0.0005399207196589081
282,0.9086118326526824,647,3,0.024795099278254143,0.8527703689965057,0.5629217357360436,0.42706903404259416,0.8767449501035147,4,4.3332654225865985,0.00014019360370980588,0.004592856872861338
287,0.9094080196616623,401,3,0.02763734003432511,0.74872707522915,0.6172950635719507,0.4380991280796616,0.8576020881216136,4,4.350357356725782,0.00089268035636069,0.0008617875285756168
285,0.9086396377393381,384,3,0.02056840454050851,0.7600632913678943,0.6073671140959895,0.4415457424920456,0.8906992880915034,3,4.564552772152953,0.000569254837892097,0.0005472737090407572
283,0.9085000037856734,616,3,0.024164416559419716,0.7730772781416939,0.5590005753465837,0.6626085799466067,0.8809111255369078,4,4.326901780328892,0.0006720059132240145,0.0005481766190082341
286,0.9094899184477778,385,3,0.02771130390034293,0.8499791679985499,0.604908423864307,0.4704334628866882,0.8494466358309318,3,4.290513934626113,0.0007481587356655564,0.00048772614909214804
288,0.908932204534732,386,3,0.02817916464323999,0.7480037027271956,0.6151002995604584,0.4580145774004586,0.8498909661309068,3,4.413725777866065,0.0009660619457464055,0.0005078231142517457
289,0.907812491295992,383,3,0.021055448560013144,0.7926372791411335,0.6128494032363174,0.46945263499786666,0.8465193058839029,5,4.331370956145467,0.0010397397711107935,0.000564451610102377
291,0.9091073849729993,386,3,0.02773381897931138,0.7630606513817602,0.6012596807492958,0.4727138481854122,0.9014683034219035,3,4.424504632758337,0.000984428898799084,0.00019096671982901935
290,0.9086286842963702,400,3,0.021199915827232747,0.7740854722489692,0.5963763043884198,0.4630538489566952,0.8744275566066626,3,4.2032508871042475,0.0008556741851671114,0.0006033768114569366
293,0.9086662380240451,352,3,0.027336401900915446,0.7637678024654393,0.5978606452471878,0.4738559715523288,0.8569992658966157,5,4.415871297769964,0.00031901153429657043,0.00014626575152877402
295,0.9079975677732832,408,3,0.027175402560338496,0.7536402132928524,0.629669511378677,0.470579709811773,0.856423392743396,4,4.4075239734883125,0.0010016357604070657,0.0008424060516440002
300,0.906836650748797,356,3,0.027182422773561192,0.7217982356423208,0.5922810323064375,0.47502130381754565,0.8663589328042093,3,4.496117457714466,0.0007501978960745458,0.0007762372435983597
292,0.9078689732384213,858,3,0.026856163929729594,0.7774263769975805,0.6139991242127969,0.4508774603178662,0.8583701907686836,5,4.393723410599895,0.0007045103640885241,0.0001296157367979302
294,0.9082874149652624,809,3,0.02782396085536985,0.7544531205523565,0.6500957450659464,0.4690441923302935,0.8649572206190224,4,4.4164672827307925,0.0006977428899231806,0.0007893159887220857
299,0.9089097410483877,430,3,0.026687506777893118,0.7410064209057388,0.6475356437512415,0.46812932085470343,0.8594108322293625,3,4.430485587610972,0.0007170929383115327,0.0009040890852841603
296,0.9087087597258356,815,3,0.027371016437074795,0.7663755546197502,0.6032202786344886,0.4664933228571237,0.8559567103558539,4,4.45497787779825,0.0007565471170588508,0.00019986870248534585
301,0.9082837047773191,350,3,0.02729754387898392,0.7195973391168375,0.6284617861207472,0.47725178805677543,0.8597745616456316,3,4.682446735491066,0.0012092873463068411,0.00021848441336118254
298,0.9077878623740799,796,3,0.025880823629141483,0.7291280961220892,0.6228344822970763,0.4683059188272407,0.8642799291162598,3,4.249122494195272,0.001107730159345569,0.00084740734779129
297,0.9084294878655943,806,3,0.02739781882469232,0.776915239594686,0.6316768647955524,0.4663024897570677,0.8402962546775324,5,4.445774373743191,0.0008033461263210132,0.0002111426360032103
302,0.9086065506501202,870,3,0.0271042246760607,0.7441340309523873,0.6391736921550354,0.48162562333303777,0.8204971288030098,3,4.462075419179459,0.0007027309742114727,0.0007955851060381742
303,0.9066281996389594,848,3,0.026296996858878,0.7494916903702291,0.64781436276986,0.44583164239467793,0.8982955579750475,3,4.528063429620085,0.0006935837743763569,0.00020945404737788629
305,0.9087426760903682,797,3,0.023407212005607393,0.817238818284915,0.6533832851562092,0.41330057196539205,0.897766189373121,3,4.675029391313748,0.0006297855137495296,0.00017955729025723128
304,0.9081238298620482,860,3,0.02372295817099126,0.7825718969418556,0.6293071915953388,0.4477402269655554,0.8015627088324244,3,4.251666684976512,0.0007437645893533933,0.0001930631256226819
308,0.9074242053461127,795,3,0.023685863678104827,0.7965641914089091,0.577955046967574,0.40921193431277947,0.8147788901281169,3,4.255274277501404,0.0011857143176119632,0.0002824012452153725
307,0.908422409948713,849,3,0.023359228991599083,0.811562355722577,0.5798654264523273,0.41849663197380066,0.8097386359075389,5,4.173031834911076,0.0012520681877399766,0.0002746801101293928
306,0.9083304569310784,863,3,0.02355671591795167,0.742324070646395,0.5819085506703229,0.4308328810124423,0.8947230200063987,3,4.274952293038025,0.0003874408314799279,0.00017279823157807862
312,0.9079903832037974,406,3,0.02381494989168851,0.804823218187255,0.5921286291821716,0.4068064701191456,0.9009798880053559,2,4.287500456428816,0.0003701712336206061,0.0002785181257792901
309,0.9080182813359189,791,3,0.025008447601985024,0.7973275036293247,0.587196478404591,0.406551319820213,0.9007891201906935,2,4.250365745748789,0.001426607529369876,0.00249144136609525
310,0.9078931852041412,828,3,0.02322047444805493,0.8016930939711776,0.5845041045671114,0.4038931120205311,0.8118548962495638,5,4.181006570169903,0.0003918820438141802,0.00026306563753202006
311,0.9082810126922529,361,3,0.022832424564049957,0.8033033395790282,0.5444685044042283,0.4025984781249628,0.905274065657595,1,4.191062327646325,0.0004422422449138783,0.00027249750171625363
313,0.9081620591575772,365,7,0.02445024917418933,0.8085461267906208,0.5854699057188613,0.4206710228900357,0.9067102467276282,5,4.1821518526814465,0.00039721525114534017,0.002165173583438766
314,0.9078749812844823,366,3,0.023867767885835393,0.794757743405019,0.5872938471475037,0.4345169431169097,0.9037826915032249,2,4.241388574827188,0.16455045827316464,0.0002904389471802441
316,0.9092057890669023,406,3,0.030294820977224128,0.8374489556634703,0.7156486779114778,0.4325554075098057,0.890391723005268,5,4.0777945521089345,0.1640156413506989,0.0003730492729343025
317,0.90913839982415,362,3,0.030205439596287686,0.7990739585396158,0.6959470152773659,0.43186171486134145,0.8996702421709268,2,4.076863248566295,0.00039703622531953953,0.00040626304731561217
318,0.9074092419780516,373,3,0.030011727978653834,0.8318164657317965,0.5498499188495093,0.48734930057922693,0.9043345999545492,2,4.065931057061499,0.000376294371224098,0.0003631009477720131
315,0.9089322505253421,407,3,0.023099981564050933,0.8289289373290512,0.5778937661923863,0.6308046905969378,0.9035298116462622,5,4.097090730293172,0.00035211564496468676,0.0021327929790911585
321,0.908340874526426,375,3,0.02972146551044299,0.8404388228084394,0.542021425306844,0.6338916125955152,0.9418732694763192,5,4.121281453831869,0.0004644273388821269,1.1523076516019934
323,0.9085731882253821,582,3,0.02960117335231721,0.8370494186105824,0.5529106077722115,0.4930100560556469,0.9387250776291962,5,4.013744737034434,0.00013137607421461023,1.1870451608393222
320,0.9085351155259799,593,3,0.03064290023759104,0.837546251746524,0.6964323093971336,0.6923496946757035,0.9407652971471543,5,4.090508253656856,0.1797084477537287,0.0003822671667262865
319,0.9093612485035187,939,3,0.03057588815766096,0.8320706359553846,0.7112424304515165,0.4882982873804376,0.9070513982575253,5,4.067992981346366,0.00044277290033905274,0.00036003451724029656
326,0.9080082372907496,327,3,0.031005905195750052,0.8376108098580675,0.7144230308788347,0.6358252581549154,0.9369395056985527,2,4.057664399874541,0.16674831408381632,0.000377086246169193
327,0.9097593621526562,335,3,0.0313213956968426,0.6991135717245227,0.7283569370362605,0.6940358121735866,0.9357839692871937,4,4.107913197146176,0.13873408093112277,0.00036777342559828774
328,0.9078445099587231,319,3,0.03102193878923897,0.8796334233005697,0.7445868852241702,0.6844241408803585,0.93793093492429,1,3.9598935115472322,0.15387197883610157,1.2872424151142483
322,0.9087141696659133,588,3,0.029662848081121827,0.8322942857620551,0.5417763660077861,0.4924789495096811,0.9404169618661108,5,4.13043429844938,0.1409374082539349,0.0004099449648179951
324,0.907002891372642,589,8,0.030029110506496415,0.8298250770635645,0.5449232301673109,0.48765747752245225,0.9411527607475441,5,4.05929671872994,0.00014656949142454877,0.00033058680551556767
325,0.9077825130199797,597,8,0.030386052322653474,0.8325983556954154,0.7206691458818827,0.6840625077436099,0.9427774964058186,5,4.051268747104153,0.14967080050545428,1.8809445903598538
329,0.9089044419418796,732,3,0.032129421074895845,0.8672412062217909,0.6912768038609909,0.43083100530343826,0.9429133805228814,6,4.008327495436478,0.16905805000795426,0.0003370503898823979
330,0.9082473687745741,347,3,0.032067594090640306,0.8763799200771979,0.7232771010754823,0.43279226830007905,0.9312209768499748,1,4.046331092814264,0.15508498561599468,0.0003844075735589056
332,0.908725498103393,342,3,0.03203028985513847,0.8542408458677389,0.7158816993224134,0.5082940868721892,0.926764391826536,6,4.020877261381091,0.14446965537543097,0.00038139228503797996
334,0.907813727265131,336,3,0.03173041615101778,0.8616747931896503,0.7307602690259575,0.6966908503054159,0.48633062036450003,4,3.9172306930734635,0.2722040388215644,0.00037200165271768465
331,0.9087288270633866,328,3,0.032338413348544474,0.8766936632509359,0.7351553720525212,0.4333731818406451,0.8768559960368958,1,3.943924422010945,0.0003007243362703603,1.9068590981720475
333,0.9081074078694815,649,3,0.032286106071316344,0.8800050551877551,0.6805714175480138,0.45042441628653784,0.9262348298779488,1,3.968634247561298,0.32072678423293843,0.00039750405014605915
336,0.9082347785219929,349,3,0.03207693784849107,0.6459515399732735,0.7162992610645413,0.7413590261082565,0.9206878816451057,6,3.999271799147446,0.2819797514858695,0.00033654251900096054
341,0.9089640681216868,655,3,0.03505781930608927,0.8541583177572353,0.6755899858115656,0.45020643322679393,0.9162135016498592,4,3.8806814076100364,0.29301705317914895,0.000468158116293431
339,0.9086599534261834,654,3,0.03267166495343739,0.8545942613177986,0.741136497111151,0.7099813381993222,0.921916188441961,4,3.9132572654195785,0.2614671594393416,0.00044162369204898017
335,0.9079789151221018,953,3,0.032853158254003034,0.6646283845875846,0.74054896530197,0.7448513631111314,0.9240657657350445,6,4.017045810168063,0.30409641720878666,0.0003698473849263596
337,0.9065700149797118,970,3,0.03305812032675314,0.6909826288369075,0.7344335026960881,0.6842262580958538,0.9209280109206953,4,3.9421533611325414,0.0005375961703013826,0.0006633008714176959
340,0.9082970647074656,947,3,0.03300676514783403,0.681220373315331,0.7610368305766959,0.4536983314134526,0.912349791985369,4,3.949375160444491,0.29296762049275843,0.0006211892068774968
338,0.9062907621998721,941,3,0.032738816277580345,0.7025795647511909,0.6868461818267254,0.6529802883102884,0.9211842073906125,6,3.9831669553742546,0.32516704780939854,0.0003628767896338436
345,0.9095329438417707,214,3,0.035007433251436994,0.8578255530635148,0.7496499002484716,0.7230680110524961,0.9104583675021466,4,3.8700970957331386,0.0002795482022980927,0.000695102327902201
344,0.9072854855793515,652,3,0.034814597246150554,0.8542885119946929,0.7026344903261289,0.7116796433672371,0.8330172241084777,4,3.8661090829225784,0.0004925803694738244,0.0005780163379351819
343,0.9058352423870868,659,3,0.034364552101062124,0.6713970591703365,0.7559274604926031,0.7347478112638858,0.9215099474374242,4,3.900267025306789,0.0004673399614247801,0.0004503565996051572
342,0.9039866055730951,960,3,0.0340420499881225,0.6680544696831382,0.7513655264749216,0.6490839625302578,0.9119680127572773,4,3.917571451640917,0.0002708231943702139,0.000606601850316316
351,0.9072878080671514,158,3,0.037233078703477925,0.8514273705406804,0.4957267627340767,0.6252289871564584,0.8833626909093858,5,4.184817467515968,0.00027032944681689276,0.0006386167782918605
348,0.9090178496931385,384,3,0.0383208562788666,0.8864226057354073,0.5041198096083582,0.6488618346291695,0.8390580400743627,5,4.154131372981258,0.0003007861174776524,0.0006431345063146176
355,0.9077587540427647,162,3,0.03842166104421553,0.8869868043263096,0.5020284269013857,0.508686785069529,0.8827161251072225,5,4.141653000802557,0.0003037587912308155,0.0005278155748829651
350,0.9084745877021625,309,3,0.03798007462842504,0.8837833434651207,0.7795430683900435,0.6529276933833142,0.8847612459989663,5,4.137363781911665,0.00027807379146869645,0.0004914486921958726
354,0.9087873540296044,194,3,0.03944520601361158,0.8855227049967065,0.4992782442598477,0.7267867487825996,0.886641354045236,5,4.1756781140477806,0.00030270734461312817,0.0010425602389054988
356,0.9080775030264101,140,3,0.04776260448526746,0.8874730743284446,0.7004742130670414,0.8037007687494535,0.8830501558512325,5,4.141556495482851,0.00022107046290516604,0.000260423819181143
353,0.908559125209033,253,3,0.03824654977908481,0.8840109182900384,0.7516994330981495,0.7503049909972305,0.9094687761447303,4,4.14177555817613,0.000270164988369766,0.0010984999189396528
352,0.9088466567547906,232,3,0.03974289389725094,0.849556410834698,0.7074058638434756,0.6463581041331864,0.8826023768279326,4,4.152969682401142,0.00022208568142295304,0.0004651229498569616
358,0.903246761242416,222,3,0.2827145545534642,0.8652767940348953,0.7065253890369722,0.5320264032928514,0.9543181318715361,4,3.803175835760897,0.0002094816605946057,0.0009879267017087255
346,0.9064179329262604,987,3,0.0352434793597048,0.6860594729878586,0.6880265613275525,0.7172513157100554,0.9153170482233062,4,4.134675659561841,0.0004945812757638826,0.0007133415091739188
349,0.907829968487994,946,3,0.038513292140178804,0.8516062767461785,0.7576747480233619,0.7223434615095321,0.8819514854036103,5,4.147491401418461,0.00027886401245553474,0.000719405811748104
359,0.9075292729092835,211,3,0.048158499481886885,0.8660543204816625,0.7642480417896432,0.7223503051139157,0.9528128971081634,4,3.786795809761,0.00022641601731398093,0.001234577722593488
347,0.9064057819030097,977,3,0.03919052684685252,0.6887062230967224,0.7505620845403896,0.6485616369222813,0.9119216303198281,4,4.123499161854946,0.00026637398603365716,0.0006646690024065243
362,0.9069706520310001,177,3,0.028952333459360498,0.863673730459271,0.7663662589988166,0.5336777132947252,0.9554357443345863,5,3.7639526814553004,0.0017321591381033096,0.0007445014317110065
360,0.9082616026783471,241,3,0.04739322911445016,0.8198816547552539,0.7632586222499028,0.5304693295620115,0.9494100857353822,4,3.7916574559666856,0.0009456430974461819,0.00029838273065356134
357,0.9078033447898857,615,9,0.04716223093894965,0.87244879273232,0.705803053877048,0.5102159961480787,0.8846098872477881,5,3.801146213437456,0.00024421233343030284,0.001143242569215512
368,0.9042504356869132,114,3,0.029040374993289455,0.8177188497253258,0.5175570762239318,0.5169679113653959,0.9338532416514111,5,4.387121263025038,0.0005382595802316101,0.0002477790709666444
369,0.9082142979531092,270,3,0.02857940015939265,0.8167966761216301,0.4816073440455424,0.6201749504822706,0.948441764329208,5,4.351678135146535,0.0005688088731756459,0.00023145143626022603
370,0.9054259800819457,126,3,0.028703593859296186,0.8159830339008477,0.8440194156030224,0.5062896482004154,0.8999185555776362,5,4.348181211352713,0.000942124144380432,0.00023786846699368924
365,0.9083049642218899,625,3,0.044138315744865576,0.8205081691478996,0.4884822430154984,0.5755107805882775,0.9500860457591235,5,4.347451261122769,0.0005766050550767073,0.0013924005248102769
366,0.9079148123455401,615,3,0.04419276845304258,0.818578783110846,0.4792959914811572,0.5780655111014977,0.9528459811519543,5,4.355323988064819,0.0008639310740118226,0.0002555170112650876
361,0.9076742093902457,902,3,0.045167532167098685,0.8651525016250894,0.8139946863135359,0.5267533893028525,0.9483733443861248,2,3.80379705809468,0.0009188876317612497,0.00023964547067664726
371,0.9074776748655736,399,3,0.029171001082797878,0.8210024750741602,0.5193263280563887,0.4564990425586061,0.8997888281008739,5,4.563463068014614,0.0009305481448972284,0.00026661252191041837
364,0.9095400806722431,923,3,0.043841417175214906,0.8643727734490912,0.5193065228282825,0.5765114927119243,0.952209775611473,5,4.572316703753922,0.0006236884469479811,0.00024062601520624707
367,0.9093168257551552,623,3,0.0286079330107055,0.8203546814885252,0.4879345698134533,0.5164081120315843,0.9518099316038965,5,4.332980184252244,0.0010225427456725293,0.0002367130014712717
372,0.90771840955926,386,3,0.04393756217126529,0.8476736995691793,0.4808518747252693,0.5786029266178682,0.8982526557243886,5,4.313427555436127,0.00037814001943360057,0.4513640785586136
363,0.9078308433738311,611,3,0.028582826646493406,0.8154774019570918,0.7802873398182062,0.7184737633026946,0.9535783125942757,5,3.820334186637993,0.0009831368528155167,0.00022900988094645293
374,0.9092345451329498,380,3,0.0427741598566179,0.8406015842991209,0.480078207866683,0.5737635575765868,0.9504765830318587,5,4.574062361352385,0.007192313403360196,0.00013870484466300972
375,0.9084762761276837,394,3,0.025754306067413954,0.8432217253890881,0.7881696415169528,0.4546613769688998,0.9002644640292397,2,4.5779289099727185,0.0003836441904666603,0.00046810188126467203
376,0.907914890719621,396,3,0.0285852660905933,0.8416994965147803,0.8019816896887432,0.45368737040567036,0.8690779664749462,5,3.6700347060088805,0.00037458166570812136,0.5285094676102067
378,0.9083365262472745,374,3,0.025324529297361818,0.8395002659750727,0.6620511782954046,0.4380182197886281,0.8696513771960127,5,3.6137766782083616,0.006989142699765934,0.47403831481911224
377,0.9080578204136156,380,3,0.025570756635820983,0.8940861224952786,0.5205619092363825,0.8913306906585274,0.936222394505337,5,4.63792304933496,0.0004186136846516807,0.46155281033654094
373,0.9087539474386773,907,3,0.028735112851689594,0.8431589627659857,0.5127980553173249,0.5803376321179182,0.8971793277438745,2,4.522009669931468,0.0008689400526053107,0.4519560400999538
380,0.9086639584861539,929,3,0.05285150995395186,0.7937173989701567,0.5189321472164129,0.5538501411752672,0.9303273452994829,5,4.6498050127509085,0.000643735407410533,2.546157264208548
381,0.9076095142850331,892,3,0.053423220072649914,0.7891291158135166,0.7857094478927723,0.5630496807370379,0.9302640559575996,2,4.6101402460134935,0.0014958246476292696,0.00013610062880372974
379,0.9079243554351384,914,3,0.04099274471341843,0.8421490410247346,0.7861551649029581,0.609345163378467,0.9298389313467256,5,4.2813552152545675,0.0004114372996568756,0.00016678833824641885
383,0.9064831773341975,638,3,0.05875082166448465,0.8430089081126041,0.5120112537171672,0.5618933715804088,0.927591958549208,5,4.655509497594243,0.00162233598535719,0.000130289808515523
382,0.9090874019388971,637,3,0.05740895797955915,0.8412971418949555,0.5157010597742262,0.5957142419295136,0.9306523948215305,2,4.721531625667077,0.0006046963006347126,0.0001515529884185609
386,0.9071584015129558,642,3,0.05588638752206295,0.7945513680236632,0.5166437632993199,0.5606672626610848,0.9342570683818306,5,4.717580562233791,0.016545553709068767,0.00014144017378978793
387,0.9078002079262086,641,6,0.05621422058499027,0.795643632506744,0.5029911380671135,0.5556560153670421,0.9305359925453214,5,4.527846539090221,0.0041595550800115205,0.0003090105191034396
384,0.908871571654678,906,3,0.05228176213821384,0.8380382998538594,0.49782343587796635,0.5630066232488454,0.9361872759168834,5,4.529455790578344,0.0006551055206365355,0.0001460105036359248
385,0.9087360481973079,924,3,0.04209073430861053,0.8390977710746749,0.5105984505564051,0.5599096535464869,0.9272655302993774,5,4.68278463594357,0.006558520121236945,0.0003076618258454589
389,0.9077264936442649,636,3,0.05754619222187429,0.8577441337435389,0.48769414705538167,0.5697934281789107,0.9313775026291007,5,4.804940304526107,0.004683182943321891,0.0001402809996345989
388,0.9090042008203326,928,6,0.05333690731508773,0.7874325904205776,0.4969672812907597,0.5585769811971062,0.9242521042833403,5,4.498372249998152,0.0015091059574358072,0.0001440734609512133
390,0.909542093312561,631,3,0.04214318183641206,0.8584322247603875,0.49058316517960876,0.6045519652039155,0.9323562693599654,5,4.812060322650351,0.01440994626163591,0.0001503172366801515
391,0.9090058657564347,631,3,0.04160347733150786,0.8589051027545631,0.49386797966990226,0.5869045206267497,0.9598426921172482,5,4.806371360064498,0.012982273669383567,0.0003187284976261111
394,0.9091479565208876,694,3,0.04247902439575213,0.8643005996601729,0.49169349487163017,0.6704798924286748,0.9638381055803479,5,4.880658694190386,0.0006647024137367788,0.00033005174529198615
396,0.9033653134805121,690,3,0.22846826319753188,0.8593125723792601,0.48578145990656263,0.608024855822679,0.9642926978045181,5,4.236916349545709,0.013041722161225419,0.00032151225149882847
392,0.9020847231873071,694,3,0.042374675406195716,0.27816214827140373,0.4888710927145738,0.6237224376241909,0.96432350532337,5,4.8226260131001535,0.012201428108651045,0.0003080059279083069
395,0.9086087590355966,662,3,0.042302843787633014,0.8633031986718955,0.490258206322849,0.6106625821070788,0.9641997283950597,5,4.900974456265816,0.0142005442917403,0.0003374540757763042
397,0.9059331710673117,693,3,0.12010701225416595,0.8627683763253216,0.48821319926254547,0.6303440271546037,0.9671392438743066,5,4.285073489779637,0.010252852248253206,0.00044784821763640167
393,0.9082879550698649,691,3,0.041578527141711626,0.8640656735517469,0.48956545940071033,0.6682760024085033,0.9594594069254057,5,4.248974425903998,0.0006249107976797189,0.00010234100526286752
398,0.9103232749157817,694,3,0.03577947046937003,0.8647274177404483,0.4710860240221877,0.6121693333255391,0.9606975026667681,5,4.23496517939127,0.031200101881567625,0.0004353010281307696
400,0.9072092379369595,570,3,0.04260056035043949,0.8621035633164297,0.4698101453557915,0.5951685535256398,0.8420804803883459,5,4.260232957707629,0.00017683774864984912,0.00010342602960716304
401,0.9077645174643907,692,3,0.043539919368432586,0.8685197608221993,0.7299315604691808,0.6049469796023986,0.8379781067713596,6,4.990903664003154,0.00017582507673466043,0.00019099987506548323
399,0.9001520894271525,684,3,0.03629683951336493,0.28803300658958214,0.47287842924797985,0.6743843900202052,0.9681353022820304,5,4.303245097243129,0.002063615386224445,0.0004971305676582088
402,0.9089711868599857,692,3,0.045253449511862526,0.8667966066096284,0.5318309027369508,0.6088570975479497,0.8392306127160893,6,4.893960604123742,0.0006082235334713737,0.00020526313872167942
403,0.9078825008632553,607,3,0.043533738096945836,0.8734529336779596,0.5309810105512144,0.6750762820748608,0.9125449128015255,6,4.880585897930507,0.009833383790555464,5.27341228099919
405,0.9088278515364117,607,3,0.03647136237769297,0.8063638982236946,0.7257800448455883,0.5956526222926307,0.835029502997839,6,4.942526920152979,0.0297453824887872,0.00018736396260521178
404,0.907774174276225,660,3,0.0459139293006399,0.8678908000733294,0.726830731843783,0.6016207396604397,0.8374277956566129,5,4.92894995319603,0.031523182455267404,0.00020395896215715965
406,0.9082763662723201,602,3,0.03517680305644679,0.8286184396245482,0.726341844549815,0.6778519203329131,0.9080813923975766,6,4.924140705626383,0.02724784878735843,0.00020057379951210946
409,0.9033541796479282,725,3,0.17990933842560927,0.8767480675439983,0.5334407920732003,0.6016629010882574,0.9465638949407588,6,4.439034192262593,0.0001183166837270966,0.00019492079644834034
408,0.9089722726944884,568,3,0.03542208087330056,0.8787082238671953,0.5349293831640174,0.6016477046032673,0.9436843617510599,6,4.759268624855688,0.03629894727009217,0.00019155507095221548
407,0.9092762290454617,611,3,0.035527780552155525,0.8271803636012725,0.529096057053644,0.6943870175138599,0.9111449488033596,6,4.86110247480458,0.0286790568894389,0.0001977252174624848
412,0.9075905538388429,604,3,0.08796315241648893,0.9002755485334956,0.5280718371453755,0.6289572864172995,0.9430805540444788,5,4.795471325073803,0.00011681766833083927,0.00016833225855045892
411,0.9083027037644007,605,3,0.036255584479709675,0.8783822400467964,0.4653264305753852,0.6996031166890015,0.9450533555994317,6,4.917585489502311,0.02830225634563042,0.0001804004740742209
410,0.9085383005087581,662,3,0.03634584623223642,0.8811068493237609,0.5346972620101379,0.7643894665425721,0.9473794469102326,5,4.808151986994437,0.0007712929821576118,0.00019073771117433143
416,0.9067150845673817,434,3,0.03934802045337975,0.9165712019992093,0.4614227664498705,0.6357756436935876,0.9478032546415389,5,4.381404056924853,0.00010013737184423816,0.00036921949655178754
414,0.9083670754910094,659,3,0.036249568234092346,0.905216456676847,0.46891662485422264,0.6993376603174056,0.9468056345138397,5,4.447680234633448,0.022011543070181147,0.0004110392549622515
413,0.9077851797912059,657,3,0.03653578441432998,0.9000410207554241,0.9560907326892273,0.6950196916594746,0.9493247364531412,5,4.986817113844845,0.0007902594220794699,0.00019947392352012485
418,0.9079080163777048,663,3,0.040171467867906714,0.9025492136543289,0.5043513519980894,0.6320911665795385,0.9462877014410547,5,4.800565950618361,0.02199093395697619,0.0003984524554002781
415,0.9087079938491474,667,3,0.03598114414768363,0.8979069324160601,0.4673784205208416,0.6954835261808678,0.9438420201534982,5,4.8279638698394,0.027786443328586465,0.00039686804233714316
417,0.908370999896373,666,3,0.03637393479786376,0.9008389248262909,0.4665790831643112,0.6375241485545038,0.9475364903995663,5,4.743837884879391,0.0007332717192332489,0.0003887420543870492
420,0.9086372536773333,623,3,0.0379610001180554,0.821576390924596,0.46072716229136,0.6982850795853861,0.912303485171592,4,4.454538740041676,0.01710622407649638,0.00012308299431320658
421,0.9072114481468567,623,3,0.038036273941211125,0.8247027746029282,0.5144735497067168,0.7014768610389437,0.9169654757631717,4,4.45305831711255,0.024342619827538697,0.000252781197603566
422,0.9094421080538817,658,3,0.03867799795259995,0.8220210389322015,0.5038418725486551,0.627092751538705,0.9133112114031086,4,4.482105395945484,0.0012068406915940167,0.0004407622839328153
419,0.9092089424263848,626,3,0.03876875557283966,0.8251805996185625,0.46132099335020005,0.6973007566000854,0.914339590721025,4,4.528978926009835,0.019975419395709012,0.00012459209127188017
423,0.9101763107430296,623,3,0.03350569167178578,0.8248464743226166,0.5068804267682246,0.7013155252961039,0.909954062800923,4,4.556174099337835,0.01993555180484654,0.0002579544141713846
424,0.9071325290201511,627,3,0.03902938928637652,0.8258913548549752,0.5069415374167158,0.6234180472060648,0.9183822571123997,4,4.600921675186049,0.033244068000120336,0.0002680864645933425
425,0.9089307690955749,623,3,0.031510064713774315,0.8484352061798944,0.5143263571670168,0.5882726433262444,0.910310330556258,4,4.58255250240908,0.01871871893227843,0.0002513428668222372
426,0.908379353539565,622,3,0.03197153198367049,0.7036244903246743,0.5073333537150272,0.5846323910024558,0.9049206692860005,4,4.529857181076967,0.018009383666964748,0.0002661049350159466
428,0.9082653748205833,629,3,0.03211364162036551,0.8263451251456099,0.513410442681451,0.656941167260359,0.91131763847828,4,4.055375254890541,0.00048414913619996056,0.00012410722431532362
427,0.9084069754239559,635,3,0.03186381951694727,0.8250054986967986,0.5055211903058785,0.5848255688107439,0.9126244310527315,4,4.046578691825964,0.016230722840125163,0.0002579607453355799
431,0.9073085426106271,418,3,0.03163211876204892,0.7070882746533942,0.5096399746317475,0.618052157254991,0.9093237578342228,4,4.545963058216118,0.03712453146838234,0.0005588047351468129
437,0.9038723391277346,102,3,0.034305967846759454,0.8063017346145294,0.4815698435446778,0.6207147020472815,0.8656584459028883,4,4.658978332255107,0.03642004592832614,0.0008771629562865971
429,0.9083202706570969,625,3,0.03176449291687437,0.8298565880338478,0.5109361367596141,0.5820148682808185,0.9167040060096734,4,4.591621738539837,0.0004902673707694955,0.0002513301368834198
435,0.906490645221045,204,3,0.03302591908398027,0.8073084356978697,0.5020996134506369,0.6207978849235093,0.9157625796794195,4,4.558206277626904,0.03512929987039076,3.866545533711746
430,0.9083090603508703,622,3,0.032138802781770566,0.7101504701768722,0.5080672397962408,0.5773907875184426,0.8688710062658606,4,4.6217873168466665,0.0011764692767248363,0.00026595184252972524
433,0.9093020480979378,639,3,0.0341875644672776,0.8085117216342405,0.5020809749304327,0.584684658642538,0.9116379195106263,4,4.722203629390283,0.016669148997934154,0.0005712865479718859
434,0.9087762281788618,643,3,0.032462735456380495,0.8047086828584118,0.506440790085484,0.6584014513932199,0.9119138394956421,4,4.625166108023321,0.026803544803553517,0.0005248764487811611
436,0.9077855245307376,653,3,0.048827280643029755,0.8093804643824692,0.4789810307528551,0.6598886637484418,0.8684451885943391,4,4.678846026345595,0.0011973391432342267,0.8993759958649574
432,0.908878470018136,620,3,0.04771775595321791,0.8288107165559058,0.5030168022335749,0.6580195734245535,0.9122597619695539,4,4.599196212462425,0.03699249676964114,0.00010532391096343639
438,0.9079512727129758,645,3,0.047830150963824224,0.8113368047759726,0.47938298975954274,0.6589487970540207,0.8699527617779349,4,4.643467311879426,0.04008623640245937,0.01521368542407652
439,0.9074423644154246,646,3,0.047321813089780486,0.8098643966990235,0.4806745872519438,0.6479078570262657,0.874284468787802,4,4.649699157795692,0.0011862038680667643,0.0009211469062407448
441,0.9078771976518001,646,3,0.050010882024586624,0.8465575673874672,0.5485202027089618,0.6638077890098629,0.5900685010848382,4,4.378407879446693,0.0493315478859924,0.8552670669541032
442,0.9093699332791034,647,3,0.048908853315278486,0.8498878925398604,0.542721816486668,0.6486250522869206,0.5880480833489192,4,4.3646086971302065,0.0010874609709687867,0.0005596399918095834
440,0.9082824412138141,582,3,0.0342801493102888,0.8068206544452351,0.5442593025692984,0.6582611294156484,0.9245838381113064,4,4.701840567097274,0.0012096643873766206,0.0005314061113763866
443,0.9091437547275307,646,3,0.048384647355821736,0.8478322208619639,0.5417645339780973,0.6594623199501767,0.8922097384557133,4,4.394508018818975,0.023928472898050175,0.8735981885225739
444,0.9087965551163026,650,3,0.04923616149020603,0.8066967513402293,0.5477246767335334,0.6605597149340271,0.8866122430537695,4,4.678093078045074,0.014637269253666572,0.0005429796813927668
446,0.9070625078222045,578,3,0.049129149279609936,0.7800683804084895,0.5280798040670638,0.7337252997392826,0.3187292273037159,4,4.395793574847483,0.020948352391087284,0.000681080348410892
445,0.9075382594744914,575,3,0.048027453104610325,0.815498058173946,0.5490147832955347,0.7588177108010609,0.8944971077668908,4,4.67560066337635,0.008612319668021505,0.0006168735536419318
449,0.9085103775189018,560,3,0.040311837240657136,0.7704662570892882,0.528528291115355,0.7153631423301618,0.8974073844441615,4,4.721814262127944,0.015993208530809818,0.0007606425372343276
450,0.908928961702608,591,3,0.02822246349213946,0.7845540641199403,0.5278895736901374,0.7593048133466778,0.8910370731522638,4,4.733504512400387,0.014622942360306965,0.0005817579748432751
451,0.9089173325397508,593,3,0.02736911021919561,0.8543794232230972,0.5464011656801607,0.6828846754318698,0.8938013943959613,4,4.400918734390321,0.0239667265594101,0.0005798844537747582
452,0.9085617908399962,586,3,0.02149603507975628,0.7712093718899042,0.5602263850058057,0.6848033823816337,0.8981060778946199,4,4.3929089790398805,0.02554342743041458,0.0007673219479740985
447,0.9085314413703494,583,3,0.021420980848441854,0.8053959559785812,0.5297216142483394,0.7572060284898913,0.8868651349601419,4,4.706476497174586,0.014749351261297367,0.0006829319221917804
448,0.9017347845121748,652,3,0.00600037702328713,0.20784247658817911,0.5331275326853303,0.5440500933846235,0.8938092610927442,4,4.711472504440039,0.023325320585087017,0.0005891973270527565
456,0.9042638238195663,594,3,0.027285061031652,0.21619240600593548,0.5284944394502665,0.6849644846825437,0.6832998106790296,4,4.309519611341266,0.0009658063060356934,0.001822541076154622
455,0.9091313738272471,598,3,0.021942407269590364,0.7663720483354562,0.5303029686248064,0.7108108633783584,0.9298188126854536,4,4.340181277180509,0.0010033402028532805,0.001669975675262048
454,0.9075981828068521,997,3,0.02676218432019086,0.7733203880047992,0.5285692369861976,0.676783609706522,0.3082241689626322,4,4.28822887596224,0.0013291050208940531,0.0006695278072864903
453,0.9084671664140653,999,3,0.025727784064675605,0.7800566129290654,0.5258599539254001,0.6405297490003974,0.8898200272063135,4,4.349510033108646,0.014886888297619963,0.0006180436938793409
459,0.90605943984562,185,10,0.025617139606961745,0.8477724217189682,0.5649757426576331,0.6401519413538607,0.6018027237602613,4,4.289926334622349,0.0009242977300728526,0.00044058805347099305
457,0.9086190685340061,603,3,0.027381744710969772,0.8446475677604829,0.5664328146845322,0.6868052468426261,0.7137660273940691,4,4.47438821933568,0.0008680975783647495,0.000483209515133927
458,0.9079807389348569,674,3,0.06379699042487348,0.8498901364072898,0.569277049609818,0.6878272746607768,0.48630553254610065,4,4.304252203212802,0.0008369613293735335,0.00043969574830978603
464,0.9078612878653995,293,7,0.0401263344815848,0.8471751471129,0.5674189471055151,0.6770492633307598,0.42467899383831575,3,4.4637775308813135,0.0015447991858335665,0.00045651473350661286
465,0.9079969150867081,674,3,0.0645981524694588,0.8520375251901329,0.4939718834054661,0.6405299736739871,0.38187730869511116,3,4.2446571263123065,0.0017928301876854584,0.00042582695581204764
461,0.9049451502301142,607,10,0.0750002255755076,0.8482182029094053,0.5671209126937872,0.6830291370000621,0.6878137655627549,4,4.2752147530035245,0.0008548136160274024,0.0016777346832596452
462,0.908412145072598,676,3,0.025736428290391238,0.8439967278528101,0.49412193880549965,0.6801397938831547,0.7138130915161316,4,4.311938330246484,0.001037913803781781,0.0034502427268445447
460,0.9087623682813725,675,5,0.025829590592233893,0.8505309016039934,0.5278057673703015,0.6327435184893324,0.9297031189056582,4,4.282283529462372,0.0010134848799788782,0.0017920148009148904
463,0.9082501855284015,677,3,0.02577623857349007,0.8466148843649619,0.825473682123835,0.6285751422440168,0.7374792867017175,3,4.261218817617686,0.0014315046276557723,0.0004347255064659188
466,0.9087529948629172,672,5,0.03432682786615506,0.851755598227174,0.4949543615511313,0.6367006667773323,0.712105620524682,3,4.501152158534839,0.0008316768124455988,0.00045416949007583585
467,0.9077560716879433,676,3,0.034600961506442485,0.8361300521216262,0.5649214911565394,0.6362552783821263,0.6271794082087222,3,3.674183631773719,0.0014993520839468098,0.00044692615704047947
469,0.9069669319607769,673,3,0.034561244567618075,0.837675782094097,0.48931866992643797,0.6442720580838899,0.7318077782626824,5,3.7017379388679554,0.00017871867326397036,0.0004694549799981573
468,0.908781281672707,676,3,0.03421571279228001,0.8272712926215003,0.4921793810883342,0.5461226977205693,0.9265503669086236,3,3.651950645621153,0.0014319686697079224,0.004025150250801329
470,0.9085706503798991,721,3,0.03440645337421626,0.8337672868573041,0.4907467549540742,0.6432450626348692,0.5755165384192154,5,3.639019067029311,0.00016430092218875817,0.0003192547679788614
471,0.9089387025138208,663,3,0.034830300009761596,0.8851523427288915,0.49348515051104097,0.6252725956687777,0.4544638255291659,5,3.6642420395502597,0.048368267532573554,0.00034890239960542243
474,0.9095800618679369,467,3,0.033965460804965646,0.8297800936836924,0.4972791083223519,0.5403319118478227,0.7712893157514612,5,3.699412390128853,0.00017692408348743947,0.00032652556263241964
475,0.9086455677153884,708,3,0.0348874634063589,0.8244685946076172,0.49083731943689013,0.5450500849911875,0.6386729764815203,5,3.7410354041605656,0.04933270261754341,0.00032207835276716395
476,0.9090029246379163,636,3,0.029538610046455253,0.8824424667442495,0.4392151570092347,0.6031708967386186,0.9334403438206118,5,3.6121880724084585,0.047060749050529586,0.0003265619103746646
473,0.9083726602714227,718,3,0.03425214992244145,0.8295971531343386,0.4331250244398745,0.5400698958277707,0.9305603414914636,5,3.6552474547689315,0.05003287185915273,0.0008605416331043953
478,0.9089000257790673,714,3,0.029796627150350564,0.8838449025451282,0.4328579647859254,0.7325668318198958,0.5643125933829316,5,4.504010693228559,0.047087200244264896,0.00031724541966867895
477,0.9092442410177982,725,3,0.02927507933844015,0.8774420327604087,0.4417634301282007,0.595261027155567,0.7835154368234493,5,3.6822419866141707,0.00016775996378559825,0.0003142555630026227
472,0.9085041248484058,726,3,0.029492928053829266,0.8282189871831037,0.49559113744687877,0.5435623225095997,0.928540146429618,5,3.6969723975444544,0.00016219658276331398,0.0003252569791955358
479,0.909448263573965,717,3,0.029709693458021574,0.878321470260805,0.44318916436632483,0.597053252762642,0.9294222128028514,5,3.9160305250278773,0.046695928965091206,0.0008039969283817626
482,0.9087258952950252,462,3,0.029543229235492977,0.9202540713572207,0.4734951382347004,0.5351600958752375,0.7775634079839482,5,3.5634894599611946,0.00012776573860667336,0.00030417091722741965
481,0.9079843098586717,476,3,0.029827227051592645,0.9180613425095828,0.44116737241986315,0.5992130561589745,0.9315565496290819,5,4.4848202461595,0.0005422920311345226,0.0003317151492084569
480,0.908317912213002,635,3,0.030504191366503834,0.6346816743473439,0.44841090069365547,0.6151886829549666,0.7702033504686313,5,3.9047866596075047,0.05023953696422806,0.0002996361911611469
484,0.9079323949738665,481,3,0.02986865685289692,0.7295652945003045,0.5180499199906369,0.5316117023636691,0.45610078023564,5,3.5716587021723476,0.00015290952360737272,0.0008938774196396572
486,0.908173453806332,461,3,0.02977322996051514,0.7940505168278807,0.47398760520693983,0.5947950834785085,0.505950142501503,5,3.491357333191743,0.00012846784963185953,0.00023074445886533563
483,0.9083720980457167,443,3,0.02948972042674151,0.7954331667521826,0.4440227364098643,0.7300787897915366,0.9289316159008568,5,3.508434366704207,0.000193866349880784,0.000290888441234953
487,0.9094605771227107,515,3,0.03002360231678248,0.9210471800203665,0.44948628824310866,0.57246768217164,0.7782322561603394,5,3.523505964512539,0.00018517501762201248,0.0002167111250868324
491,0.9076652996027506,442,4,0.03876182251586337,0.7966257992795194,0.4636814086932195,0.6165596442213037,0.5483721251912014,6,3.864548429337644,0.06746260354629843,0.0009861153995863803
489,0.9086941727966196,523,4,0.03808491180632384,0.7980709503129512,0.46382771701819114,0.6071225400875436,0.7686576183376377,6,3.877787360555302,0.030443490221257932,0.0010431552409280612
490,0.9067084681529696,495,4,0.03941283798145025,0.7892425537836287,0.4649212659770382,0.573513592548405,0.5301668191275622,6,3.8892470565619357,0.03528522189031733,0.0008775427592704405
485,0.90843449194804,496,4,0.028865478039488968,0.7909997053572679,0.4727202377598716,0.7206405041008828,0.35279528586787867,5,4.483195514455278,0.00020064957814278244,0.00024010615174324353
488,0.9086328511976776,433,4,0.030084777472452355,0.9293825968309798,0.4650297880263537,0.5942640743105588,0.6568583322015431,5,3.538057057813211,0.00013412086946651213,0.00024851535673554387
492,0.9093234096340612,420,4,0.0373675418730675,0.8021543894289777,0.45920174494052274,0.5714988589153255,0.908189957587734,4,3.8315617910181254,0.07260495105086844,0.001011677041200759
493,0.9061117340579365,356,4,0.038536874866062415,0.8008170454250089,0.4579856689948408,0.5726994426182535,0.5452607565648356,4,3.867839599362516,0.07590330671915725,0.0010506987979277595
495,0.9086392080882174,506,4,0.038631305934584886,0.8104264502517114,0.4613925643220155,0.5671632200007667,0.35486142558386946,4,3.8551240983047332,0.07603038742131185,0.0007945581777971254
494,0.9072111546431451,506,3,0.03843551520223391,0.7990463279221746,0.46344470034752894,0.5699689393400715,0.9112846041997285,4,3.8361898319570877,0.02784437731095564,0.0009532988277594155
496,0.9076829855389101,513,4,0.038722132104085705,0.9073419534436611,0.46004457222099626,0.5676756868681775,0.8125894886804171,4,3.879656319837095,0.0002122044957994726,0.0010154995543146968
499,0.9088404875515504,421,3,0.03237403084801598,0.9113382926591506,0.453706200657255,0.5828092068801477,0.7914755108788082,4,3.4510770217253555,0.0002401171113015414,0.000158523354770995
502,0.9060157296096335,420,4,0.044538738157436975,0.9093875800933499,0.4179555555549753,0.5692863450889948,0.23883358045819397,4,4.0089679617188,0.07408535819288364,0.0007858373920954706
498,0.9086699060222554,503,3,0.03306896076220489,0.9384736136224516,0.4550253954122605,0.5775577752490431,0.8477620404610463,4,3.766161906469563,0.00021392484294407025,0.0012632055310020634
497,0.9077599270693828,504,4,0.03185421857071073,0.9334729892114491,0.45095313718350377,0.5790532358131647,0.8084166321651483,5,3.864572608860527,0.00012287897985069726,0.0007443419524103784
503,0.907471638845059,415,4,0.04426195953069539,0.9128627699566132,0.4083801242507309,0.5572271664972661,0.7891357416526029,5,3.7757855656237465,0.08034707724959476,0.000820712722133881
500,0.9090143680899299,414,3,0.0323443838428978,0.9370670252461912,0.456273287919932,0.5761026894534914,0.7591126561888412,4,3.807065041775574,0.00010135192645258403,0.0013390291064658913
504,0.9076418554141575,426,4,0.044032985756829325,0.9165113897770512,0.40291959449303094,0.5562395501809544,0.8062902778261126,5,3.7654111797873657,0.00020879881825348136,0.0006834933595236274
501,0.9090061294612717,553,3,0.0326311708477605,0.9206209508421188,0.4087800875310788,0.5703125406493187,0.7395910073821972,4,3.738843960279237,0.00021034438328442704,0.0013363829823095168
505,0.9071757144310597,422,4,0.032134366809794694,0.9312663884007566,0.4261454909489382,0.5558027379176256,0.7931747785046338,5,3.765112318774037,0.06850392434638396,0.000168167426053334
506,0.9083035198886812,437,4,0.04353348342767222,0.9351186410369001,0.4202355518712258,0.5844503627247936,0.8282554564844602,5,3.7583002645688195,0.0002347972133133994,8.120194185613615
507,0.9070311915615182,404,4,0.043721080582392276,0.9223578717538349,0.41961588897805346,0.5466169307040306,0.8552532976048103,5,3.76522319602532,0.06322174775036976,0.0011654231354626897
509,0.9081465709644387,404,3,0.043654106812205926,0.6534203824072164,0.43134553679019383,0.5559635471305235,0.8257740625663154,5,3.998296922284618,0.10559459367647797,0.00017434994451814856
508,0.907190958379851,410,4,0.03185061284141656,0.8900820803544177,0.4111451371619058,0.5507751012538376,0.8222121564678336,5,3.7472612079750034,0.00010173043272088879,0.0012421932462390707
510,0.9080828201490746,404,4,0.02416366110771934,0.8681434135998107,0.41948437462351823,0.5220284680848265,0.7539914484179735,5,3.75636704687015,0.06334790814289343,0.0013150391009968418
511,0.9075024067152311,464,3,0.02772842182203023,0.8994596741757387,0.436344819728735,0.6118987401282595,0.6677285081131861,5,4.024631221086664,0.05878660046960205,0.0011968093261686982
513,0.9078448432956241,468,3,0.023255952065486994,0.8698532729629709,0.4345179709280981,0.526251001132897,0.6762653886400258,5,3.9879785578118407,0.11065511676440677,0.00017532614087043815
517,0.9083250542126668,367,3,0.09853003966330778,0.86817297349477,0.47908784823009815,0.614264644287022,0.9690715484907539,5,3.9628677574684614,0.09746737057867488,0.0005402851453216778
515,0.9078917437595987,449,3,0.026948738081300126,0.8713381784126435,0.48383882516461235,0.6060077475789126,0.6714026967952458,5,4.007841108038212,0.0003327219551947928,0.0053177887580808485
516,0.9084021861670706,394,3,0.02431678734583438,0.8900025034137272,0.4773635691470274,0.6133684000683995,0.8744218266540567,5,3.9747403244538515,1.0798045848598,0.00022923099512270912
512,0.9082447064883826,469,3,0.02490444508137752,0.8894297903875267,0.4370058967288838,0.5515674425438709,0.9730730429861004,5,4.003592085138425,0.0627796057221205,0.0097547330495662
514,0.9089088864592332,394,3,0.024108681321051643,0.8948459260467394,0.43682028053616906,0.6109094719247025,0.9761204936073878,5,3.9669100757142295,0.0003317052859249865,0.00021938809357565156
518,0.9087571340178237,459,3,0.02757962803643584,0.8719984668073391,0.4875429726995055,0.6125995890437268,0.9694016707162295,5,3.9810942656536588,0.06180743146883591,0.0002140421098577098
520,0.907876798103624,474,3,0.02778648408496152,0.8742872280134584,0.48111237003859686,0.6125048574793913,0.6774019128933212,5,3.570069872633049,0.0003506688991925045,0.0005668585546403318
519,0.9080597825782887,453,3,0.02400104078466903,0.8683300415291498,0.4826731609834168,0.6152666518557472,0.9755175409802478,5,3.583027677752187,0.00030650243960039623,0.00021885310149165641
521,0.9091552910729748,371,3,0.02728843732079648,0.8759160895923538,0.4840642718678212,0.6138415700304329,0.9761034290506373,5,3.983717489928784,0.00031176556180272807,0.00023053350818649513
523,0.9083177243736671,381,3,0.035337254249546445,0.8877914386307613,0.4799244696671251,0.6510697085824311,0.9792820721190523,5,3.5221682430158694,0.00031903515101467067,0.007062345689073988
525,0.9076323276040841,368,3,0.03660838533383787,0.7495290447595564,0.4766403491592104,0.6477142419583674,0.9835864158345117,4,3.5452766988767785,0.00014768805531067456,0.0003936609356910093
524,0.9086914616311514,367,3,0.024936135794273364,0.8923620239120237,0.4840227645332878,0.6227261456373312,0.9763469449177956,4,3.5734938944738706,0.00013865899562619675,0.03000262037942211
527,0.9095687912037856,376,3,0.03629392749497185,0.7555769119082618,0.4834230328943018,0.6669727492847042,0.8773464672357847,4,4.204813515943744,0.0001452606687851509,0.0005467455712370869
522,0.9081547488550846,967,3,0.03654671235784162,0.887401745896459,0.4874146964534769,0.6088973160035275,0.9747122070393691,5,3.5438977177163116,0.00031888619588060416,0.0005662504749992913
528,0.9074299628383707,698,3,0.036581939200239645,0.8209144783687704,0.5147259594582927,0.6669590322605226,0.9006455852656453,4,3.5548606700171135,0.00015365514519634973,0.0003952697691081603
532,0.9085781462412005,349,3,0.03696525080867089,0.8251730262982669,0.7425127443026414,0.6320347050802145,0.876413894075182,4,4.181410645936126,0.00016375899211910344,0.0003861765761509777
529,0.9081863637126576,874,3,0.03641978534358105,0.7513778854638554,0.5122084849452928,0.6494731992287128,0.9020302709018708,4,4.213130119313064,0.00015926078931787467,0.00037679694757630127
531,0.9070105410174211,702,3,0.036190630322392815,0.7414388040157555,0.5051140277781191,0.6464527139068698,0.8757807930985889,4,3.3744345548283783,0.00015706408519917231,0.00041772176509041037
534,0.907414143968945,529,3,0.04040393357169193,0.816458044526551,0.5065458015104501,0.66439142790253,0.9046628473233402,4,4.178062539261801,0.00017117157028539857,0.0004069535796058704
530,0.9064022400178938,876,3,0.035845213625426996,0.7413398438422689,0.5106412438825233,0.6663825936838248,0.8758420280583128,4,3.411788709176171,0.00015167481050137413,0.0003727110459739444
526,0.9070451901910133,969,3,0.0362920095797175,0.7561992000277811,0.47462538619034106,0.6504917519880883,0.6171274206899535,4,3.4536682229197058,0.00030957299750996047,0.00038812942661848373
536,0.9086481813503561,329,3,0.04087213997676688,0.7381698028709276,0.7428775607370497,0.6716284664417345,0.8568435526518814,4,4.143673703611698,0.0001682756713964055,0.0006832503130973454
533,0.9055546741997815,697,3,0.03654032287144483,0.5867348345484363,0.5142999060312982,0.6701928319835685,0.8721131915300784,4,3.3774255326687914,0.0001700218830600544,0.029040622090862264
540,0.9083739375941022,352,3,0.04074307124295062,0.7721514562487919,0.45234005438952885,0.6635590009424216,0.8698132535504609,4,4.191968992168496,0.0001897879624791401,0.0006061766194792955
537,0.9072177052263699,352,3,0.040125095879143535,0.7354630805906122,0.8905677662753481,0.6665829740757564,0.8618395428594233,4,4.185906125820493,0.0001840388161418263,0.00055068720735912
539,0.9084382177955961,355,3,0.034103657438801914,0.7432539686371702,0.5062327026528441,0.6645909063314316,0.8600285850036348,4,4.103908348429801,0.00012209514326450184,0.0006667288632973638
541,0.9086176323346737,343,3,0.040329793469207294,0.7818702846569372,0.6554230674695691,0.6705935994057531,0.8525237829261498,3,4.0972826172369725,0.00012874648622095012,0.0007320292573330043
542,0.9022973385378386,330,5,0.04138966990335825,0.34834362428880244,0.4564480855279568,0.7101607647078378,0.8492345893483861,3,4.152231025109868,0.00011178026077701113,0.0007041669166203119
538,0.9073672380317077,767,3,0.03998847554353618,0.7360390424016707,0.515120895711684,0.7071004613675438,0.8923455367939149,4,3.3920440996741674,0.00017313975290183376,0.0007092260596215946
543,0.9099279255683708,357,3,0.04181818352705989,0.7764169871014296,0.38176755567825926,0.7106060883602141,0.8596876271454287,3,4.118502388529788,0.0004607948097527484,0.0006212417815450979
535,0.9065503471143195,963,3,0.03874010729529284,0.7390415405023761,0.5101944644155948,0.6632587969947166,0.8715276658163723,4,4.175818854268776,0.00017191093532204724,0.0006438746864439723
548,0.9069745085527027,390,5,0.031239451879134614,0.7597400637281057,0.6741706386527815,0.6309901139275722,0.8860670496194881,4,4.074277386932821,4.464981138011072,0.0005185514351658976
544,0.9074769755042305,768,3,0.04049854891485848,0.7189238954261192,0.6579627619351702,0.6314714496101577,0.8493195480179129,3,3.6658385359328944,0.0001193086840873662,0.0005520583083347796
549,0.9085973630945438,386,3,0.030932422736324062,0.8577037008501804,0.6050938773686693,0.5968815937855653,0.8911827084075087,3,3.6812341757232803,0.00021452965909794132,0.0008595196837241614
550,0.9079996448764728,394,3,0.031201672711550575,0.7180951873046781,0.6112984842973952,0.6304898711209957,0.8922911304030009,3,3.67694936054862,0.00023806985105365175,0.000498270499134617
545,0.9050518297451637,927,3,0.04178757013035161,0.7720112615725662,0.6616663975198962,0.7143394602705382,0.8523121443393019,4,3.6629724157853905,0.00011673101969829381,0.0005561417147203981
551,0.9084442577690227,387,3,0.030907182563895515,0.8597985827029423,0.6663657708983134,0.5924310823840268,0.9211773396761544,3,3.896467893982924,0.04219926642476817,0.0005193611335909067
547,0.9083543664230174,945,3,0.033466100831401495,0.8584569965857864,0.44606020843089267,0.588426366639901,0.8872374404748302,3,3.8806836576427832,0.00045635894021303896,0.0008252158132470583
546,0.9070689785870153,837,3,0.033223976246790604,0.7605551474345461,0.5454859736237011,0.7130154319669554,0.848176631877473,3,3.6574127316859095,0.00012274208574167107,0.000523575746305326
552,0.9071410559073106,301,3,0.04638972267994662,0.860891605051887,0.603348867087164,0.713842691259911,0.8895166485908774,3,4.060689316393773,0.00043293944814151985,0.0005006932180697954
553,0.9076401906300905,381,3,0.05322134989279065,0.7244535004397917,0.37053513920486103,0.7036637892472685,0.8478936449820723,5,4.084325952282049,0.0004371203759445355,0.0004986604386545522
557,0.9072539934901014,295,3,0.051087434128219124,0.8585517539789527,0.3577848197871532,0.7394742550220237,0.9167487068097104,3,4.387008257138842,0.0005237468089718452,0.0002915731049274499
556,0.9066037868349058,315,3,0.05361805234286011,0.7589073614998516,0.7636544831934947,0.7378393717723798,0.9208975045289969,3,4.0894182355696795,0.0005936241476002199,0.0004956840553371166
558,0.9070783596832415,301,3,0.051395404538943715,0.8589112668168205,0.5396460114300987,0.7388263007826168,0.6927872563914862,3,4.373774797043642,0.0004773944437875721,0.00027414790146749736
559,0.9074121469122224,318,3,0.045328088803277655,0.691719640857797,0.3586767334741129,0.7417709875597579,0.8345404514273099,3,4.358446905260396,0.00044119384892541514,0.0002861764063225336
560,0.9081578404883268,338,3,0.05430413585635344,0.8360701595445477,0.39453706816075784,0.7416987568613953,0.8366945304610668,3,4.074005696098659,0.00046562885769885903,0.0003313644868595588
561,0.9078064232340852,268,3,0.051848725210132354,0.839232357039237,0.38097393770474025,0.7396914249515809,0.9350304625672589,3,4.380834765847339,0.00045267700982036405,0.00032093133096761876
554,0.9065453203026301,931,3,0.051214131915682276,0.719619772675459,0.3953149968108548,0.7162489043041363,0.8463298922884398,5,3.6551952356893773,0.00045271920585928207,0.00047202390356025566
562,0.9004341980338337,277,3,0.15387106653317012,0.8387523248255697,0.39275031675657085,0.6963312888106531,0.9197232122048015,3,1.2558192692618206,0.00048689033500288196,0.0002882204373050708
555,0.9078790311947997,940,3,0.04509398352613395,0.7642139978259549,0.541089186518475,0.7427629449665801,0.6936893383194797,3,4.395275256605513,0.00042054630170811503,0.0005093155594082883
564,0.908012245315404,313,3,0.04589633899956295,0.8388826959522269,0.5495014046775706,0.6908496147302533,0.7276720501369816,3,4.223988226621602,0.0006643804247666266,0.002859363832911499
565,0.9083751755396972,332,3,0.04589062678809635,0.8390300944801096,0.3753751834902986,0.6869859498069459,0.9240750847036809,6,4.260182695452703,0.0004568502769222419,0.00029103156265549747
563,0.9079191211715896,331,3,0.05082112778222184,0.8788793646698235,0.5217676552049951,0.6974078895938559,0.9196582944651854,5,4.367058709823489,0.0005974781672849567,0.00027730559004283885
566,0.9081562230631857,353,3,0.028963242701769618,0.8373247271016938,0.3471976699524748,0.697071188582744,0.9346138787063192,5,4.250185715587638,0.00025884888478288124,0.00028675901692764124
568,0.907500362603653,364,3,0.045947673731189784,0.9031597454998588,0.34545007659779176,0.700907424933605,0.9365833672159377,5,1.2316409289165429,0.20296757216157124,0.952101587478354
567,0.9079417443707797,347,3,0.02852242946698098,0.8376682982293366,0.5007255538469181,0.6980262459249126,0.9372377338045743,5,1.283817895274094,0.00024304489936278177,1.0389546365923872
574,0.9075828921072754,354,3,0.033900871761510944,0.8747921994464958,0.49964027770277225,0.6489876439514933,0.2719717742010729,5,3.9332342178005772,0.00027237028877631137,1.0467770600789663
570,0.9081910773320934,368,3,0.02863332967224784,0.8978268165781725,0.4999243290550305,0.6794178886088134,0.9376549560747361,5,4.239343104443156,0.0002511528541843582,0.000366606937195928
572,0.9083402325583234,368,3,0.03358168983811395,0.8783403165620489,0.49497881565506885,0.6827100203459461,0.9397175953047232,5,4.228874064542536,0.0007065138395159089,0.6004990894385045
569,0.9090684930325974,692,3,0.033676469095303946,0.900307117309846,0.498280515573439,0.6917510279824941,0.9377692455344838,5,4.218614792898281,0.0006470907855892752,0.9224680455864025
573,0.9085142425545687,368,3,0.028748115611736274,0.8768992706347039,0.7694586590253247,0.6877602642211984,0.9538692403706078,6,4.233928271719368,0.0006979402397145375,0.00016405524742271722
571,0.9079669044272249,360,3,0.04541839989273661,0.8804754731501346,0.7731126082051304,0.688041478483006,0.9530995697627578,6,4.239682147117345,0.0006410272595576672,0.00038967416146669083
576,0.9087269009310264,696,3,0.03375077537620914,0.8985654500046885,0.4964829998580998,0.6460205851955788,0.9582085178922386,5,3.9379662850122226,0.0007013426915191146,0.00015446388566660223
577,0.9084130379745912,735,3,0.033809676614337876,0.8774992227105732,0.778744384371387,0.6455842769267418,0.9589690304810642,5,3.911489446369485,0.000254609689684881,0.6084784164067836
579,0.908032286502922,694,3,0.03337787082307915,0.8867881003046975,0.6360148751942819,0.6348317375993346,0.8781149614147734,5,4.216774521643791,0.0007322996244047096,0.00016373561571128903
580,0.9078817013107978,694,3,0.0337407300150803,0.8805574544945609,0.5225284669881946,0.6322655125734514,0.8795652999940702,5,3.8857385483046283,0.03404399408961724,0.00015675211812428088
581,0.9085094914584871,661,3,0.03167385450929137,0.9171150183701922,0.4749828419345284,0.6440453728400964,0.9011221593798545,6,3.916007371395012,0.03416636231046708,0.00039333223018485613
578,0.9102639534142638,711,3,0.03390662184423727,0.8803730080480082,0.7776857744601263,0.6476354784843434,0.9520879277155937,5,3.9577243595920484,0.00024996078258216555,0.6303688655474082
575,0.908706399305285,732,3,0.0198232040356735,0.9073310997072992,0.4973392048147698,0.6766902939024353,0.9503381930145439,5,3.918299820342279,0.00021973817669524478,0.9529596652921186
583,0.9082823532615233,713,3,0.026081412216088336,0.7814973035024992,0.4681664960301489,0.6384702911285796,0.8752299603730358,5,3.91522128743452,0.03129319022860247,0.0003804314331812341
582,0.9074685740460072,736,3,0.03077134411588604,0.7829538523031603,0.5237106346254662,0.9208578460819381,0.8767065155661123,5,3.918083273914193,0.04100824925682668,0.00040276376677599154
590,0.9057537879994946,140,3,0.026416985974104055,0.8563361805591648,0.8182570853578334,0.5959487215797569,0.9024065219455338,5,4.0747639989816395,0.0002044385462931554,0.0007033515230402355
584,0.9087200787371408,657,3,0.026028600898812846,0.9131326556381276,0.47021779479811393,0.7800758125284499,0.5256775256006168,5,4.5031087861520245,0.037902121764029725,0.00041265811054949354
585,0.9084831664332826,726,3,0.02148188661255281,0.7847334118544329,0.46544121428670504,0.6316780953249047,0.8775292982837947,4,3.8078965231797928,0.1290927927848863,0.00041001756394308547
586,0.9087329674345735,656,3,0.02233298681847911,0.9196537943123536,0.5252290694014168,0.6296511063071316,0.8808559961349955,4,4.485043463024378,0.03510887034665675,0.0004374422884205746
588,0.9083698990103976,714,3,0.026365232877380074,0.8558625097960894,0.44796332000548544,0.5968370126275827,0.9120165955673055,4,4.468078952484104,0.0003353573101470068,0.0006758810236932963
589,0.907522145124898,657,3,0.026080757009178446,0.7815810596626263,0.4687786086312715,0.590826613246656,0.9082735048960612,4,4.081087236120739,0.04216645848114402,0.00022540482169371002
587,0.9075586864510112,716,3,0.019849907927734313,0.7805800003957531,0.46521515032486327,0.5943519671445122,0.9070876239889583,4,3.784978739884298,0.000205010547455805,0.0007092361037311604
593,0.908874446637939,661,3,0.03785487132592982,0.8604701542774666,0.820442336737893,0.5985723076653667,0.9059613798155574,4,4.081273650748279,0.0003156567336482272,0.00021893875058455922
592,0.9093049474828284,663,3,0.022655575999568738,0.8584109870401098,0.732594787390971,0.6250594671453603,0.9038865304440675,5,4.087870105193173,0.4141923686429635,0.737134333498589
597,0.9076459679629257,242,3,0.038674686894277936,0.8176555179612214,0.8270219370078065,0.6561063968237228,0.8227861335352941,5,4.116627336914826,0.00034463532881327753,0.01764681009100035
591,0.9088058040940492,555,3,0.025272296942585443,0.8583190934387843,0.8200160238503642,0.6235859114282585,0.9088662517842212,5,4.478923944182934,0.00034713325047775216,0.7905287783212833
594,0.9086335377880745,653,9,0.02182612150183187,0.8550198197087548,0.7544810604070068,0.6205458611198269,0.4355995119667264,4,4.515786885107294,0.000348050420403442,0.7922917712833006
596,0.907882799232089,659,3,0.03822032600199026,0.8553896320238454,0.7894604544622527,0.656559482573974,0.9069486035201421,4,4.129725443954848,0.0002951621547435038,0.00022757803420662973
598,0.9079325850937272,541,3,0.03884776215449094,0.8140336268092478,0.8051778550158308,0.6593394647158255,0.9123847585151583,5,4.064765443845454,0.00033458669623589077,0.7578493083398139
599,0.9046969589761934,543,3,0.038785330818492655,0.6075834934475298,0.7363095632110058,0.6555206899955625,0.9211834740900806,5,4.119836183818821,0.00019973105335661795,0.00021882124168093043
600,0.9084108617445331,547,3,0.04190770859150734,0.8196883014722005,0.771802147071394,0.6234422281047887,0.8243165679129881,5,4.034987300394706,0.00033541732740334507,0.704996948072415
595,0.9076033824064039,657,3,0.022546957828158683,0.8576871091495262,0.8475079036806625,0.6558451809893345,0.9111917785534727,4,4.119608192021233,0.00030576940671210383,0.00022834207361927585
601,0.907823571080107,536,3,0.04239996918592983,0.8120353797178821,0.7524122799444016,0.6582297733676188,0.9227318463479697,5,4.011392500518049,0.00013094614353474922,0.0005769061782817337
603,0.9085048599379917,908,3,0.04253460927340791,0.8250576252128934,0.2802213412711091,0.6645128231304541,0.9243776942899246,5,4.349919426681363,0.00013022588210938178,0.7543610200715603
605,0.9070357009978487,383,3,0.04123658127348732,0.6097953074396197,0.7827805816324797,0.6582011887651865,0.9239727531996704,5,1.0529457589844147,0.00013929335266180736,0.0009386913907335217
602,0.9085720301742188,556,3,0.03038895825427358,0.8204580801503077,0.8550186940337299,0.6537565946225209,0.9230131047380676,5,4.321455326861405,0.635143987737911,0.0009374902580305856
606,0.9084428100910422,375,3,0.04167907371213975,0.81635217070318,0.7544093113707785,0.6592709717303245,0.8627517460128484,2,4.311362577369109,0.00014244020336432158,1.2833908372442642
604,0.9085551789866363,384,3,0.04254889376782923,0.8217694342074677,0.803828088242674,0.6636255223724148,0.9307799003532566,5,4.347843778975112,0.0002469088325988556,0.0008565527496301786
609,0.9081876589754758,380,3,0.03057606805373445,0.8295171430134956,0.5416959072545656,0.6458957544308148,0.5082247890580487,5,4.293140280735834,0.4898793229827207,0.0008944354453510083
607,0.9085464318766711,387,3,0.029408687125704307,0.8406012984436387,0.750271962739337,0.6747263372995496,0.8614588642587431,5,3.9966279689242046,0.00014456875244493538,0.0008850565260045635
608,0.9053576949725162,398,3,0.0423136285316298,0.42343869962467967,0.7937844259514033,0.6463339317186851,0.8620483997939159,5,4.306891127254207,0.00014327057272662868,1.2993804904998678
613,0.9071038139275561,170,3,0.030448299865244898,0.8358281881081324,0.8028862889404516,0.7246766940479079,0.9504464525721811,5,4.321957099613747,0.0001900380626894433,0.00033221883960259574
611,0.908414088993062,380,3,0.0305545227745155,0.7600332755560408,0.5512876084245033,0.6710103281105392,0.9538451375879325,5,4.306218335331673,0.6509199702380956,0.0009291909298549334
615,0.9076000641648829,168,3,0.030321833445587445,0.8409694855962909,0.7987708592100426,0.6772174503284476,0.954284856011317,5,3.8132690562885534,0.00023585344695599997,0.0004928125279151741
619,0.9087904632989154,169,3,0.03653372898004966,0.8700593287129499,0.7151716118020359,0.5832733841409444,0.9544335008816635,4,3.833874459109482,0.00020716112697327337,0.0005928902737353468
612,0.908749160614353,402,3,0.03206900946567311,0.8395372576872141,0.5529219395330323,0.7244114634712296,0.858597071384257,2,3.8277724651071434,0.00014694253090430896,0.0009567336581328851
614,0.9074870738259213,399,3,0.028721971489135145,0.42691361867950284,0.7936459461119829,0.678415334713883,0.5080551859303347,2,3.8377122357900917,0.5150417211816015,0.00032507184984917944
618,0.9071890992949585,224,3,0.03636648937809036,0.6926054943083224,0.7919592939162218,0.71511336570452,0.9420814498838381,4,3.4724701116882724,0.0032213398648218046,0.03850484286617129
610,0.9076907413801891,393,3,0.030636734349675503,0.8372495484443754,0.7517498057068746,0.7222813974707881,0.8646931245466449,5,0.3482379881182296,0.00013928392529711793,0.0008786384029815391
624,0.9098619323876914,223,3,0.035752880937259035,0.7015640568414514,0.5180303071919616,0.6144186453916712,0.8941729523860642,4,3.5071689412135876,0.000567758719339467,0.0001157807081231836
617,0.9084774867069653,754,3,0.035865730113870675,0.8735027367788429,0.550245913060477,0.7241991231294622,0.9565728220661205,4,3.477447552364827,0.00018393102297394496,0.00032390148543600143
621,0.9094109920994061,435,3,0.035569185647822986,0.8679422061961666,0.5172018456894704,0.7183841082893824,0.9390591564678032,4,3.497248904716416,0.00010008849629759773,0.0006205424648411628
620,0.9066216687442766,612,3,0.03593411274463088,0.7579533472184796,0.5483609095480623,0.7244153227381255,0.9604251047499434,4,3.475746656329327,0.0001058994240406611,0.0005919470789877103
622,0.9085204144184228,684,3,0.035525008292392336,0.871045546503503,0.5368059857785943,0.8293802352891344,0.7474946789304091,4,3.483072476967379,0.0030596901621291707,0.00012347971668453226
616,0.9008829772955685,757,3,0.030727054874288475,0.3838483843606372,0.5558363145836251,0.7228868430252178,0.9524460390366447,5,3.4653152225185138,0.00018845666430390479,0.00031588668633879177
628,0.9074490834535119,263,3,0.034752320328086714,0.6775508708979332,0.5211773471502205,0.6101996834572153,0.8808765162490603,4,3.442288917951319,0.0005405909536364419,0.00010344851163591678
623,0.9055360763572444,689,3,0.03448787093259247,0.6967226689260508,0.5220823668365012,0.7195016368571192,0.8944078256309204,4,3.4844741464886786,0.00010034076936206342,0.00034090510158525834
630,0.8987674184304458,214,3,0.00786963105217372,0.6611727282724068,0.5243633693707503,0.6122130896461028,0.8876096857651938,4,3.4714091267485956,0.0005681871317946487,0.00012651495462396347
625,0.902922153131065,684,3,0.03526630849577028,0.5379945604269173,0.5189627438464348,0.602132322903541,0.7671436147280866,4,3.449440435987665,0.00010425189051399822,0.00012936073550220834
629,0.9081401452780277,203,7,0.027302434413042108,0.7172404293656748,0.513533314000125,0.6163203842668655,0.764483834795181,4,3.3964335612957246,0.0005632835616295503,0.00011984198718606002
626,0.9087612597936434,688,3,0.03460702658422782,0.8710293710616497,0.993340638668676,0.606346148946495,0.8911222938046754,4,4.566200035761489,0.00010571384672144216,0.00011567479746265391
631,0.9089655339678588,224,3,0.0276419491647289,0.6739362682317301,0.5251603502083165,0.8072227121950505,0.8933304633830542,4,3.391244001706141,0.0005302073611600862,0.00010899239607975366
627,0.9075768539582697,761,3,0.035157411331029016,0.8696646889826857,0.5186740215358041,0.6011276686364858,0.8978965715066273,4,4.57590696466153,0.00010454498530036916,0.00028252340898162625
635,0.9080435989767187,202,3,0.027583418504321514,0.6992144505085294,0.5102364001309851,0.6058793461452037,0.9362974160432534,4,3.223418061688086,0.0005340716008411151,0.00048144301210544134
637,0.9076392503691716,191,3,0.028720257501989702,0.7237013281624323,0.5050070980533438,0.7014000812636715,0.9372331969858971,4,3.345431678854453,0.0007254294209661486,0.00011584565483128013
634,0.9079070148466508,231,3,0.027986345702084255,0.700288516936755,0.5185374464535246,0.7040156771012972,0.8970466245592532,4,3.247414705597062,0.00010544055545422494,0.0001259816695997264
632,0.9073427124936465,429,3,0.02745552878137776,0.6625985189303046,0.5181851568832609,0.6152952695722427,0.8886620678039306,4,3.2152743504065873,0.00010126557101389464,0.00013256966555208312
633,0.9082443061800312,221,3,0.027527262660747398,0.6724514726297978,0.5164599456695825,0.6158815399725565,0.8875795826111289,4,3.551655238288967,0.0005681536554018304,0.00010895434567807018
640,0.907911985329345,198,3,0.03208026544371032,0.7145706800025369,0.48674606013316896,0.7679618583668417,0.9313648117374626,4,4.434389919083196,0.000807623493412815,0.0001632409569242261
636,0.9075066518385844,438,3,0.02766067061623036,0.6776348623046309,0.508092016121228,0.7065426017640147,0.9348002133072807,4,3.2112879786367365,0.0001007053382892073,0.00011541761701921473
638,0.9087903998242718,439,3,0.027241732575339718,0.8521600351904902,0.507002384357333,0.7644218817094861,0.796116474020793,4,3.620156028223732,0.00010275494523524401,0.00010209650620603944
644,0.9063605005365621,439,3,0.03284029397528363,0.6820711115325971,0.49222957701892506,0.6306356330529801,0.936680568835274,4,4.406741364454264,0.010725625617409279,0.000177378483534111
642,0.906043440586578,243,8,0.03204643807598637,0.7228362891949217,0.4835774535794481,0.7058983987297714,0.9379898688920254,4,3.634800255262766,0.000724857257274178,0.0001680533477708936
639,0.9064621143189431,441,8,0.03251014878878896,0.675788065274122,0.49487744933206446,0.7064889663652766,0.9392364229971919,4,3.3447237942372348,0.005417685795223306,0.00010137820385354973
645,0.9091707133589084,432,3,0.032054319649830056,0.8509567720141787,0.49002726372808847,0.6299189513002906,0.9389100933547041,4,3.592088532361254,0.0008522856299303343,0.0001698165109508007
643,0.9066620739657936,433,3,0.03242293806348866,0.6856871170593122,0.5740695161111777,0.7675182086006184,0.9339001634705696,4,3.27005836069814,0.001056790235654655,0.00015754086283467107
647,0.9064807960088238,411,3,0.03259654892321145,0.8474427853359552,0.5377062000774001,0.6378760816437062,0.9380139488880918,3,3.307742012156217,0.0020639274824289983,0.0001872811411576331
641,0.908963741018224,445,3,0.028987517787005125,0.8519028330312932,0.6213180474205745,0.6984014377579101,0.9363830806006778,4,3.203029462123104,0.0008517205534251461,0.00015038113929168818
648,0.908731701818595,441,3,0.03167125079324986,0.8550109363838122,0.5778492372205962,0.6339193310446084,0.9217880086127256,3,3.5975036581091375,0.0004061794039539272,0.00019916530579931958
649,0.9075031859710061,420,3,0.03232830208238124,0.7324804020477318,0.48101529559193024,0.6390038893874141,0.9198582514575504,3,3.339405453373039,0.011061953921233214,0.00017849425122191983
650,0.9077016051984806,246,3,0.032476269094978305,0.797951643277984,0.47966839462291216,0.5833021735351883,0.9397842254177453,1,3.602145808511578,0.0011435397492324335,0.00017804831134718776
646,0.9076321741246763,450,3,0.0326932041460169,0.7155396215550784,0.5838516923735269,0.6353089019557749,0.9318662294053418,3,3.288297992479705,0.010758112086019449,0.00015352117555075505
654,0.9076798325595152,413,3,0.047692374418842234,0.7531889079251047,0.582935510952561,0.5855880459284843,0.39079740695088905,3,4.132997572109841,0.0003837674429926022,0.0006196219273513608
651,0.9081674739627772,412,3,0.04807646110899727,0.8502234756811448,0.9244200464899333,0.5891597043628833,0.9190755545827815,4,4.188983271874798,0.0004138028723467502,0.0006569859860187801
653,0.9090229430201731,479,3,0.024658172505327168,0.7504046546898301,0.44358528840060163,0.5848335370491349,0.6485386148755313,3,4.162342181288266,0.0003931245621350155,0.0006539911693166523
652,0.906522238033532,423,3,0.04673982022876233,0.7493381818730591,0.9228469407366136,0.6352776787911096,0.9256443498202904,3,4.19986396464116,0.00042638985943151353,0.0006442692829512
655,0.9087547333839956,420,3,0.03849447568157807,0.7919378803534217,0.47303583192704746,0.5847695683684618,0.9215000687055774,3,4.219424599925222,0.0003888295355466231,0.0005849421147192086
657,0.9080172221835715,480,3,0.048058417536281164,0.7980429454577603,0.44558382342080133,0.5817385292329729,0.8401344760102338,4,4.1460464851002765,0.0004133104212445506,0.0006315835762305195
658,0.9079411803966704,492,3,0.04746798794033208,0.7999895923171185,0.44687579313525855,0.5873952948732312,0.8258128994995101,4,4.210563993181659,0.00039501143543850114,0.0006416590976965426
659,0.9087779432865386,639,3,0.04781850198593855,0.7999159691658383,0.44497287775839606,0.5878152599978634,0.8262951487962837,4,4.2156048163269295,0.0004299846673896543,0.0006341628678658088
661,0.9087961769290546,637,3,0.05903137073653446,0.8297867528291979,0.44839035588047726,0.6778308331483066,0.20046501525001836,4,4.217718370758578,0.00044002524470944957,0.00047957453448206844
656,0.9072976265682874,415,3,0.02428479357679275,0.7946860368269764,0.47203421111655813,0.5884644785066754,0.9122548615327098,1,4.15193553933895,0.0010986379419265105,0.0006366476897871688
662,0.9089313877262937,483,3,0.02444236227566361,0.8311728835281774,0.4340781448261418,0.6765997467208984,0.5987105015169829,4,4.200225476907931,0.00027573202647546586,0.0004501243106077974
660,0.9058329968290348,631,3,0.06135919766589174,0.7523804183145638,0.44906139312549526,0.6788563141558147,0.8199192215117652,4,4.160321709430966,0.0003987387152824105,0.0006587026128315003
664,0.9062627124127637,488,3,0.03817936104982731,0.6314817271914104,0.7703351659651337,0.6840694707701453,0.8435824890405528,4,4.456540070263983,0.0012124396252417569,0.00043710445909306896
663,0.9071057244003038,628,3,0.03916307930737783,0.8039764274104177,0.7723459889159506,0.6860966306758447,0.8387786706170068,4,4.4225075568490295,0.0006308324459635331,9.943237824231145
667,0.9079565732638173,625,3,0.03938648989483359,0.8295504041395181,0.5387828430243261,0.6766576258447572,0.8643991122470888,4,4.4592644830783605,0.0002558987940903506,0.0004705208255313615
665,0.9062866427335079,636,3,0.024861736820682483,0.472954576321014,0.6926640684361277,0.6851316068413885,0.8332535949284819,4,4.43464544037657,0.0002624177117904645,0.0004255383005770644
666,0.9087079046045586,615,3,0.037612130244185214,0.7679726881424596,0.7046623170550361,0.6770105795835768,0.9665930401122487,4,4.485628434402328,0.0006213778462466904,0.000453345374055178
669,0.9088204534336635,613,3,0.03874526117945044,0.8837490102414033,0.6866754174058939,0.6799148968970041,0.8706583448018029,4,4.407887371687889,0.0002546126123777063,0.0002529073327725971
671,0.8990582340098326,616,3,0.03855152272923803,0.24853146377434282,0.536422902403476,0.6906316966337137,0.8623808392974031,6,4.437749092246604,0.0006359872111935626,0.00026402721316363096
668,0.9069088716662204,892,3,0.037937751286749755,0.8886825441549911,0.6878602064548441,0.6840617068806327,0.9653043030574103,6,4.448884891982626,0.0006824086205235696,0.00024578024519377015
678,0.9066254765387379,142,3,0.02950264882869885,0.8662945365691406,0.5005629850400247,0.6466353506025035,0.8972696200538217,6,3.7008087685260413,0.020334531000574457,0.00028353387285726535
670,0.9088389118600372,627,3,0.03886233402488,0.8855125679593294,0.68967734393003,0.6872082409023289,0.8705572268758321,6,4.46571493089053,0.0002791983353409638,0.0004463600807322651
674,0.907839583946288,619,3,0.037315234907476354,0.8913051100782958,0.5381128455928206,0.6253700832182113,0.8747249507425409,6,4.580759316392006,0.01999665576858041,0.0002883686501920456
673,0.9084736361146305,613,3,0.03906366142310011,0.8854380874656794,0.7185360859367363,0.6182644749195104,0.8687015770783305,4,3.7261244946532375,0.0005891375379652398,0.0002676387011371491
672,0.9064615869092693,617,3,0.03592115788279582,0.7703655968573415,0.7708324887899428,0.6880376819320078,0.8656605743401138,6,4.484200756613291,0.021028603861384634,0.0002676056109269863
680,0.9076835612197203,259,3,0.030012634792502168,0.8714411726941669,0.5047405063876196,0.567303234227633,0.7029834964002312,5,3.985499152501934,1.5289832182154905,0.00034910369874685163
681,0.907892044028871,181,3,0.03494602831804992,0.8656126412515192,0.49899419711744497,0.6225031521389139,0.9027432239322214,5,3.9857242578032253,0.0001649798171924365,0.0003572471713508812
677,0.9090552610399663,825,3,0.029678140442760924,0.890756020552079,0.641128474063255,0.625465176998427,0.8999462953479516,6,3.978583442612972,0.00016506750025472179,0.00025339411441927694
675,0.9087954857015876,899,3,0.03681814964649507,0.8912571793835059,0.7096957932380316,0.6452585171258117,0.9607777063030255,5,3.7394211490579714,0.020321847508845914,0.00026112727521033753
679,0.9086207659295965,651,3,0.029774989238747305,0.8655300048728674,0.5002051039118126,0.6204504093319642,0.9090465896486294,6,3.715860424455115,0.02215742768349931,0.00024383134601378416
676,0.9071028203783434,895,3,0.03557849523212469,0.7703611006346026,0.7311958047623633,0.6186486902411731,0.9660762239018539,6,4.001418699072822,0.000772187549167273,0.00025691854943983556
684,0.9093514789576768,644,3,0.029623333261350436,0.8678691266041066,0.5024438453289908,0.7472286631420293,0.9047606773126945,5,3.9932007045507416,0.00016216266704198836,0.00035335482376548395
682,0.90916291213516,665,3,0.03503143624121296,0.8669461558725708,0.7326799692794881,0.6214139088507898,0.9026127908868327,5,4.003275507341772,0.0001579060034069235,0.00034094040102671544
683,0.9086753931961506,954,3,0.02967387003269628,0.8697073794443304,0.7196532650360141,0.6211098989787802,0.908204187592031,5,4.011086986414012,0.0001673143676972385,0.0003771170577812567
686,0.9084689380027724,646,3,0.04300918015489756,0.8424780581931105,0.7329043070075986,0.726031261934836,0.9049130781632926,5,3.9977701005329673,0.00015854578559511374,0.00037554176706094245
691,0.9079473442026653,523,3,0.04389115317499685,0.8452290089850952,0.47701224453127794,0.7270032811798328,0.9514537603361931,5,4.588332227107192,0.00014086795557308337,0.0005020399636403208
687,0.9078230471672398,952,3,0.044014901083792655,0.8439001809550034,0.7410441487586421,0.6477260619810046,0.9585372444988004,5,4.035119643168041,0.00012883098263706175,0.00037310991303242397
685,0.9079866305220508,950,3,0.04245776450424147,0.8441609232468162,0.5041041629203281,0.5649180887724446,0.9051204724267393,5,4.0259536487270635,0.0001556633849649802,0.00036071017783393056
692,0.9080105408501826,518,3,0.04207110122067122,0.8400290157614426,0.4756783493581762,0.6508137820910728,0.9520377540985991,5,4.600568652921219,0.0001292557772543521,0.0003690124875529345
694,0.9070175579682374,401,3,0.04303282080650746,0.848723798097275,0.47555828996241123,0.5992464504966541,0.47251904145032125,5,4.3225495915925665,0.0001294256086935586,0.022101344292952532
688,0.9072349812759682,980,3,0.04339970610663329,0.8415697448822644,0.7359425214629887,0.6051681273561823,0.960883329025749,5,3.718150169153135,0.0008791266485410269,0.0003451432381458979
693,0.9088337123365029,402,3,0.044473270910208536,0.8472946494502587,0.48023467618164645,0.603677197506586,0.9504346894329686,5,4.299071352146306,0.0001287834326522033,0.0004920099302187249
689,0.9086613179409782,957,3,0.02588065701966094,0.846615226170581,0.7369839411139288,0.7279782833238232,0.9113061161284116,5,4.800378770703697,0.00012985432615441692,0.00038629589137590856
695,0.9086767025222132,518,3,0.025683870213279315,0.8126120421562666,0.4641521898555813,0.5979002551939501,0.9515731100620379,4,4.617508924651526,0.000126518693868485,6.299197920167439
690,0.9040352910808807,949,3,0.025599421268335802,0.8495251451750623,0.47619465167142,0.6034552930000879,0.950038722872395,5,0.5886676369472335,0.00013937573684262713,0.000376012594216038
697,0.9087946418309061,399,3,0.025959164103531343,0.8182856016560905,0.5941518795423084,0.607517079870142,0.8832245789048622,4,4.32517893132769,0.0008864809613089623,0.0007703339054094995
696,0.9093244541150239,457,3,0.026501994776947254,0.8140629196781894,0.5968199937341524,0.9988265642500913,0.8879874022829756,7,4.807102198665359,0.0008405241748520331,0.0004971533311879916
701,0.9085666815042763,364,3,0.026135481223890037,0.7042350565423574,0.5552997238902276,0.48442985067507854,0.8858400984284613,4,3.573200478100334,0.00021655162922513106,0.0007838831697830902
698,0.9084885520477484,400,3,0.0342612806266851,0.8169674498363085,0.6199824863434164,0.5988723787643688,0.8863693413217497,4,4.301357159958334,0.0008454330025093311,0.0004982342473152026
703,0.9086744804535801,366,3,0.02652189198495578,0.8131808907702808,0.5949993333326914,0.6641645181201399,0.8827868351662513,4,3.5612967883085913,0.0002125167421882598,0.0007219995301931211
699,0.9077031976138521,926,3,0.026221211775095433,0.8173904257833339,0.6035998686048069,0.609149647441307,0.7826153109240331,4,4.781527612122296,0.0008411259209305292,6.876858209574003
702,0.9086990984289669,372,3,0.02591937014676919,0.8245671934224076,0.5581216686434485,0.7023323666900102,0.8851266616393514,4,3.6417191543316974,0.0024719416827314864,0.000783695924069346
700,0.9081101938362062,983,3,0.026425828722321628,0.8140594129981763,0.462724805928104,0.7100744951088463,0.7798141511863548,7,3.533073156379857,0.00020590959049744862,0.0007862471289922533
705,0.9085861672316493,459,3,0.022879662401038257,0.8200005802211675,0.621837379414812,0.6629613103947224,0.8848460574675108,3,3.5397105022598403,0.000202988521526113,0.0007745634532224331
706,0.909065103410609,462,3,0.022417073923444105,0.8161785037025907,0.5329110755245621,0.7112417745549122,0.9250299490178441,4,3.5280255772034206,0.00019437023063259071,0.00021130437781626086
707,0.9081040141425459,364,3,0.022854461490636566,0.7334455781757153,0.6187294310525441,0.7491364643146631,0.9211623916238706,3,3.532124123820984,0.00019534736622260767,0.0002067325220483704
704,0.9073615599017586,919,3,0.03255767830460906,0.8197717634291231,0.597529898058276,0.6630734745770356,0.8867564854642429,3,3.5550854811391868,0.00022628631415998627,0.0007638486585142826
708,0.906304870750726,709,3,0.0336818465619865,0.7321306526142679,0.533569771093762,0.6689146578139296,0.7248716989908036,3,3.84237810981661,0.0005229915533095577,0.00020276843599367856
710,0.908080599828845,706,3,0.03269451118525583,0.8287696775611957,0.4236620667616008,0.7518864503630334,0.7268449072631388,3,3.8833453831394826,0.0005199090282912357,0.0002210709705822271
712,0.8989464683894146,340,3,0.18588339619374675,0.7341642736491727,0.5310450224611177,0.7488784151091078,0.7232779385300118,3,3.0850894410017373,0.0017695026645048635,0.0001937048126647381
711,0.8999445851917593,383,3,0.00502934296028521,0.8331218202891417,0.5316039706027779,0.7100022207630344,0.729118545212046,3,3.5968331742239004,0.0005473953940927778,0.00020872058541289475
709,0.9075978337343209,708,3,0.02322812555434533,0.7826883514579329,0.42806300782851736,0.7086716799822709,0.6315186396247917,3,3.5720508459656246,0.0005390227868952015,0.00020253570298648873
713,0.9077404601943592,676,3,0.03279362422743199,0.8301172138376993,0.5346315062923715,0.7498360530101763,0.9228421139632138,3,3.9307980224375867,0.0004934121013791102,0.00018538167105608603
714,0.9079363179348967,708,3,0.03333818657348071,0.7384318269860847,0.42834219524440126,0.4435331715289263,0.9198839379064955,4,3.863833220227707,0.0005150003302127246,0.0001973137232096849
716,0.9085833656813295,711,3,0.03402221721295578,0.7765104248499147,0.49029852165200954,0.4226022238513286,0.9204374327547238,5,3.855886715544,0.0012036995065632858,0.00021034402711651805
715,0.9074721553082072,707,3,0.0309565743666692,0.7320977473883802,0.5285138218814701,0.5694701846142384,0.9230413258764646,3,3.785964600147618,0.8563224516432897,0.00019290761236395197
717,0.9068004498292159,711,3,0.055166165071193395,0.7816607957150983,0.5250658851445907,0.44284532453733827,0.9202551100504993,2,3.868018924457875,0.0012543271081613425,0.0005638249260152072
718,0.9069155983060618,667,3,0.030593957110523304,0.775641419584277,0.48728662102953774,0.5650660718539167,0.9283045423523127,5,3.8960607595223107,0.0012998798555736845,0.0005247704557578837
719,0.9075492773043135,672,3,0.029401267829002056,0.7850384057537305,0.4892148871722346,0.42666429363542296,0.84968973377444,5,4.258694955695228,0.0002988048297715869,0.0005440498126037971
721,0.9067835957529671,677,9,0.0742899532106606,0.77617509890851,0.48841923977925067,0.4575227279302104,0.7989162311823302,4,4.338294141355247,0.00029737363763522443,0.0005418884331269927
720,0.9081229749688238,676,3,0.030737742288065324,0.8669341741416622,0.48850813536970245,0.6398459836627721,0.8513674539165689,5,4.101573154373172,0.0012275037296870042,0.0005272787436276864
724,0.9073047187764655,673,9,0.05511492423289804,0.8625124735381189,0.49235217765874023,0.4257151282760571,0.8515068493939311,5,4.1026453883468,0.0013327462756753479,0.0004930557445745502
725,0.9080960774555459,593,3,0.030636324534938978,0.6488418365031028,0.5180504313091538,0.5684209038834098,0.8044022266132143,4,4.28135317079739,0.0007641422984335864,0.0005601881830636292
727,0.9085646572332754,572,3,0.029816390743633677,0.8619642142925441,0.4883245772879395,0.6446484277991619,0.8060054457115183,4,4.105668773949543,0.000292512137596351,0.0005037197108173043
722,0.9074794528397538,670,3,0.030631253548286077,0.8633678744885365,0.49060385122089717,0.4511412023316583,0.9217715416028746,4,4.105693098368447,0.0013774851717334965,0.0005510431580376057
726,0.9088422247803306,592,3,0.029131207891672995,0.8625980274149588,0.494663030277132,0.6398840542986862,0.8472334129693533,5,4.36418095731033,0.028015673634349997,0.0005620938258835121
723,0.9085650560972937,671,3,0.029933070579944505,0.8586449019935912,0.8768256604707473,0.566337784044528,0.8481867248700499,2,4.104722427112494,0.00027238728060929624,0.00047261772083572904
729,0.9087595097178995,577,3,0.04033615858015674,0.8656121825236032,0.4582035854176161,0.6420242036091901,0.8086582900492948,4,4.326306884979677,0.00028854332709112057,0.00044229453193507973
732,0.909101211664812,210,3,0.03572069779395226,0.6483825764883434,0.45696244583758133,0.567156237088576,0.9699044569954391,4,4.5619115095188505,0.000724537437469689,0.0011195712177493329
728,0.9087941338057043,574,3,0.029570744450156786,0.6486137609391438,0.511973379389484,0.6486350752657065,0.8574867761636121,4,4.264164820296659,0.0003354092162629435,0.0005478081404550989
730,0.9086990848978452,594,3,0.03988903637677717,0.8629852051458575,0.4566580090167564,0.6416929089817007,0.9418151540523385,4,4.085947159095966,0.02779468155632623,0.00030861031580103004
737,0.9087796347527611,283,3,0.036325265384439996,0.7070755622493569,0.45726451199271245,0.6537255475136206,0.9790510386715385,4,4.574975578489756,0.0006308827608786199,0.00013819518580741988
736,0.9073266501400485,422,3,0.04004591923544388,0.7070715950124963,0.46166973501274405,0.6484167748051411,0.971506078201586,5,4.561073484935557,0.000663584849378228,0.000295538016765764
733,0.9089582061813326,737,3,0.03584039250386604,0.9001706034070752,0.45652508891539667,0.6383198513546173,0.9731101788298469,4,4.533985174097962,0.028276178732574306,0.0003246979362572719
738,0.9083124219223875,415,3,0.0364447177261106,0.9015978376177378,0.40727740073198926,0.652812919990017,0.983190469720916,5,4.559414830664157,0.0007426112543201083,0.0003020968943501879
739,0.9085980422352222,340,3,0.05057323103431199,0.9078887467822766,0.5120365361259136,0.6527915448187255,0.9451128270346165,5,3.6519496515453116,0.000649044800442502,0.00891523174887423
731,0.907513907940573,576,3,0.04031258536963385,0.8995258195707303,0.8745898947470869,0.6487236581888225,0.5638601211523624,4,4.533988012215265,0.0006846913768291588,0.00043400580252016686
734,0.9086423744466987,786,3,0.03607390421420749,0.8977246345989185,0.5083767565940167,0.6436708059366806,0.9774278757312282,5,3.702929599993279,0.000678412925450197,0.001097489553297473
741,0.9090917228517352,423,3,0.03640472683031346,0.8993600117738885,0.5455298033631092,0.6675445033134974,0.9806974889030432,5,3.6665947216127464,0.0006942465807169057,0.0003025200675376159
746,0.9034360474949059,353,3,0.25874660283277257,0.8829071489351286,0.571392413269374,0.4944516063573965,0.9427994843222833,5,3.728464815075654,0.00018592496302811872,0.0004129590245943047
735,0.9086405268404544,648,3,0.036164999629796045,0.9081390181213083,0.5084792681403125,0.9575168895922086,0.9424068570213157,5,4.560154911358699,0.0007142659961371401,0.0003093875235082779
740,0.9080334035806328,783,3,0.03616955506541518,0.9082346576484088,0.5526851411218178,0.6693512260858523,0.9458931125668584,5,3.729782985729788,0.0006334589656810877,0.00031750273594766554
742,0.9079755396393752,646,3,0.0504294116544178,0.8996420394366216,0.406985767392925,0.4960911247122261,0.9415961673374406,5,3.362946876758894,0.0006990689223917776,0.0003015759099355741
744,0.908695530925941,638,3,0.03410600733208953,0.8859679294774714,0.5551013671724794,0.499141828903908,0.9456098554100233,5,3.685937086722479,0.00038083608955552105,0.0001474111301975937
748,0.9085231143332951,383,3,0.028354299271237924,0.8757476336109477,0.5708398838167019,0.49959088599789453,0.9388829533801919,5,3.36854144829776,0.22311363453713895,0.00015047410890551421
749,0.9082095898829536,645,3,0.04563766748543102,0.8809862105092191,0.5622712530064541,0.3775887303611076,0.9002577190704034,5,4.2068522637897185,0.00023664508129391882,0.00040245296053232856
743,0.8993116380903567,650,3,0.050551129885605596,0.9009686367672818,0.40728442190650077,0.6931048663985079,0.9427841933512005,5,0.12269117175134836,0.000947289750186112,0.00030004679937577905
747,0.9010649844887736,646,3,0.25467829299557576,0.8867004893399986,0.5551797659047415,0.49289133702901256,0.750562521829857,5,3.7172385533101515,0.0010111893086952688,0.00013794709430536644
745,0.9071926409520218,646,3,0.04819790269423163,0.8819908587851285,0.574211396437631,0.9627026428696905,0.9438204586717558,5,3.3949537628704998,0.00036478571011943045,0.0004141745571914854
753,0.9075974905911574,379,3,0.03247455952465765,0.8763576200373792,0.4720064510198121,0.6215551293852973,0.33340289448062804,4,1.7586059385037405,0.0010358014444090222,0.0001376528056091418
750,0.9082691473429074,649,3,0.027862340576745973,0.8835899303147767,0.562129775709724,0.6964449145460692,0.33097058088440806,5,4.192465926707071,0.00035072600526245143,0.00014079974975461467
751,0.9081903222498953,386,3,0.049949449882405225,0.879635188887916,0.7617670949753839,0.6989012268069363,0.33588375228203105,5,3.410807685754101,0.0042632399514169255,0.0002573426839574609
755,0.9034360519039231,183,3,0.018245713618280795,0.8354268001697938,0.5179750133587356,0.3845237817919239,0.9001124954110041,4,4.996693800262618,0.00018659839336049484,0.530913663063975
752,0.9075304198618864,388,3,0.028245524380936374,0.8791075127410617,0.7589602510373921,0.6904674486011962,0.9053975178365999,4,0.09854545364566292,0.00036509196166605517,0.0001349217066706348
757,0.9087059030628014,228,3,0.02787163376381116,0.8336317449282298,0.7653090112887884,0.6222228536913007,0.9015533772052183,4,4.696519158319293,0.00011855217518654484,0.0014265947452592835
763,0.907001261252572,119,3,0.0406326804093402,0.8314953839124352,0.5034123261139244,0.5826540270182374,0.9120920898908902,4,1.5457588769232455,0.008609937025061281,0.0015488449732985964
756,0.9038726881242484,392,3,0.03343238547013845,0.3039292799730222,0.47487654255910877,0.7008077507449345,0.9054502876919882,4,4.370362621242841,0.00012320863416773227,0.001412060406598842
758,0.9070637441714313,232,3,0.027673396875327792,0.8322258474666698,0.4714500536845786,0.5451284938420654,0.9045879705465055,4,4.417128623651738,0.00018220674583810343,0.5758960701978911
754,0.9089395327773634,377,3,0.028095825048488992,0.8768957434186865,0.7660099144126161,0.6919638598364246,0.9045025606015115,4,4.202114174145264,0.007788743842472254,0.0004156092282298479
759,0.9085143686676631,398,3,0.033154380405303045,0.8342528641339033,0.47186349697323965,0.5422076003130736,0.8998762095641155,4,2.6125045747460773,0.0001236569711158189,0.5237365210242823
764,0.9073467262956336,236,3,0.03341387157926462,0.8304163698905489,0.5029606442012193,0.5392381903980731,0.8746119087518236,4,4.432826331933417,0.00010755781793971051,0.0057070764247392465
761,0.9087639129577305,398,3,0.0201763802651932,0.8295502969666858,0.5153921930248105,0.5371418976193357,0.9034664520673592,4,2.7984004942312826,0.016422428808388113,0.541007930322572
760,0.9091357214222408,394,3,0.027918569849702767,0.8321542199589079,0.7596013775818111,0.7310242978486138,0.9010318118074193,4,4.208012191361287,0.00010367278987614826,0.001437018245243176
762,0.9087925099950898,403,3,0.041186816493051885,0.8349785468556413,0.520315086546405,0.5913896492842146,0.900838169614253,4,4.738024737804726,0.00011643601986511631,0.0007204417148824274
765,0.9072251563893591,255,3,0.020724242692486433,0.7997208945584645,0.5092840068031756,0.8822887180245198,0.8727878538126259,4,3.946794337999579,0.00010155365290142818,0.0006907471847398564
767,0.9082611286329845,408,3,0.041704863984063464,0.7971123921508091,0.43655027944073005,0.5354935587803903,0.8682526628103743,4,4.418670320765663,0.017134692354479206,0.013744459822712336
766,0.9079651462176045,401,3,0.024358599281536362,0.7566202032464596,0.43692737861395076,0.5530795691055052,0.8740471253727935,4,4.377322004648835,0.005876908269055904,0.00025900674675794427
770,0.9087835926818585,343,3,0.024086475512843857,0.8558676774698615,0.5181110341039505,0.5957514525795012,0.871213579380529,5,3.8188598633534583,0.00048743231690056237,0.000704141031150248
769,0.9086240244213333,604,3,0.021080885291413602,0.7997130676487815,0.5071698823943079,0.6035886820339975,0.8766747757345948,4,3.903986256907934,0.00046583962733410454,0.0007315069325766083
771,0.908218655050295,437,3,0.024430785112752935,0.8009534096878022,0.4398829118073977,0.8705113833252056,0.9268049776182108,5,4.25760522636452,0.00022911665486624675,0.0006699947125148129
772,0.9082672193101086,605,3,0.04097886998587399,0.8008936095296744,0.5400845586399898,0.7336584876426859,0.9254801740334193,5,3.941261565067019,0.00023339351821732358,0.0007199213517568364
773,0.9080205852754396,690,3,0.023946778755070747,0.8491268624001265,0.5260423325082093,0.4696123071041998,0.9280837168013367,5,3.954902758055976,0.00022961684150197268,0.0006978258570150007
775,0.908270517254947,451,3,0.02420069209104768,0.7598584746964648,0.6433318007753293,0.6065091479360908,0.9243055478255644,5,3.8183441373690448,0.00024340653798376544,0.0007886981804324001
774,0.9080029728482385,337,3,0.024413923954980744,0.8506361601630432,0.5402566068450045,0.6023660264905685,0.9618681154737465,2,3.938272944897709,0.0004723926096100506,4.620889373492435
768,0.9086682049018056,691,3,0.020916436532881114,0.8012648288763875,0.6387144070942304,0.5922222694508111,0.9253159526664639,4,4.219142445817749,0.0002441734860301334,0.006071068725065061
776,0.9089715816190568,602,3,0.02373394710942161,0.8555514667153604,0.6429719638429074,0.602274231029926,0.9252863605876569,5,3.8023184224959614,0.00047103133888381474,0.0008733795721279404
777,0.9071667223165718,693,3,0.03818895662785821,0.8514350683061925,0.6386608503585092,0.67097168986641,0.9617892698545484,5,3.8137481697462703,0.0019245492605719729,0.0007814557792075502
778,0.90780584956774,693,3,0.04541264844229972,0.8498655251290281,0.4949845335982484,0.6690343187135515,0.9271968381327094,5,3.941903309954247,0.0002412819664111147,0.0010693588682630666
780,0.9080988446459388,690,3,0.038201329916521254,0.7629969327058554,0.38816710439763913,0.46689169832305255,0.9591271497455491,5,4.0517127573895895,0.04156918764060503,2.571808096036305
779,0.908548036378831,726,3,0.03882480631802399,0.8453602940569851,0.49449754052392514,0.6703627406036112,0.9245762895843083,5,3.999242150726189,0.00023910009439703154,2.365141632744577
786,0.9082859380205301,197,3,0.04547605657713171,0.8559594802280406,0.38850040296547433,0.6713645039313975,0.9620348253872228,5,2.402057386019718,0.00015226501290732474,0.0004039198158240642
781,0.9080909840524937,688,3,0.03134278467520997,0.8500729688360767,0.48058203537624816,0.4687673898044567,0.9195362131024402,5,4.060334323689834,0.00015573406307418602,0.00040330472528258025
785,0.9082430430726312,209,3,0.03212928758264528,0.6909627286670522,0.38434211046718164,0.6718243052770196,0.9640267659912466,5,4.3164097568683495,0.045491610918855445,0.0009601913648711583
787,0.9089838336696147,356,3,0.046020355775410395,0.9278393649246497,0.3843743129211362,0.6317380009892183,0.9621553895870067,3,4.0593180237862345,0.00016778783115678548,0.00043456102018457366
782,0.9074017057514382,740,3,0.045781481707125385,0.8532699728915353,0.4871986437681237,0.6270587256782131,0.9596110896906104,5,4.025445287958502,0.044217412397746014,0.00040945964934612937
783,0.9089490760189968,690,3,0.044648456316001464,0.8510604055088555,0.492196381300859,0.6697000250473506,0.9643540110710683,6,4.074061506042812,0.000492117814809992,0.0009529167942757435
788,0.9070482334010842,727,3,0.0317644880258113,0.701870313515248,0.48878748849149267,0.6261667534711366,0.5813681002152474,3,4.102181831549734,0.00015219149395076577,0.00043686898285275034
790,0.9077274927427578,356,3,0.03124259640782467,0.9355816251985282,0.47504534615016836,0.625096310927243,0.8866656591314331,3,4.317020745334411,0.00016207288027383655,0.00024397082627646352
784,0.907884232542755,689,3,0.045353592077983354,0.8534539522983267,0.48971073554822203,0.6278981016550288,0.9622161774923824,5,4.0506110268980375,0.37892945038442916,0.0004087920064321181
792,0.9081452687080072,358,3,0.03150490642680299,0.9244071013599574,0.783727575221177,0.6250438688648847,0.8841600238960953,3,4.279505056248489,0.01301563038528372,0.3385151159539228
791,0.906648050782634,357,6,0.03269348657200601,0.6998903845801099,0.48133970304695667,0.6249459393529986,0.8331695626067153,3,3.47164521518429,0.00016618456990199885,0.0004313296702180066
789,0.907664554630885,736,3,0.03113960312274528,0.8561465442987427,0.4808989211907497,0.6314423797434872,0.6136327901042641,3,4.306024753574703,0.00015714257725351033,0.35780471305766826
793,0.9084604133961388,320,3,0.034024748943120346,0.8717474498344018,0.4718298664369573,0.6261757573940504,0.8332573715923232,3,3.4631467177639617,0.02609540620315328,0.388830539055644
794,0.9093054639459766,623,3,0.03457120683178722,0.8673034573814348,0.4763233851735377,0.629032454836614,0.8290900270587793,6,4.173084939421011,0.3616660642938487,0.00022997015382952488
795,0.9080343741725491,427,6,0.03480754429815476,0.8124974510491049,0.4512176658662883,0.626877158912164,0.8308142552727003,6,3.454467624438268,0.03094349706536771,0.3563623126387677
796,0.9085681251533273,472,3,0.03475550220636533,0.8124426377201874,0.45626623745458905,0.5725781158660818,0.8319482619145606,4,3.6338162349563055,0.0010006086507841972,0.36871786431029063
798,0.9091808112244941,311,3,0.034981895006743945,0.8718458058931406,0.4569335719974166,0.7155097133220906,0.8330266347228703,4,4.661354637699452,0.024890538436632526,0.0002599262139150528
797,0.9072953870156208,628,3,0.034533917344625575,0.8687142569276882,0.78182166440989,0.39854611987723404,0.8293992573250054,4,3.6360651915511215,0.0009459780632652008,0.00026476774528212937
799,0.9082831449841743,308,3,0.035325898246466834,0.8693196446990228,0.672023016259302,0.7147972257059799,0.8560876764247661,4,4.691657617678024,0.0008918435965429466,0.00023373370443010563
804,0.9082289463805131,471,3,0.03533159922717093,0.78868480174852,0.4492726372144845,0.7161648637921191,0.858116663516078,4,3.6508980339461927,0.00031302170642829897,0.0005711165636362428
800,0.9080256438624594,628,3,0.03427500707411818,0.813736552884222,0.4583631014675599,0.7288171765889745,0.8287596909255611,1,3.646515479258405,0.00032791696320296263,0.00026609865978145585
805,0.9085716410404453,665,3,0.037345898116227474,0.8156923154335105,0.541988429094887,0.5760624723347911,0.39909064819829837,4,4.665405069255267,0.0002961072712910425,0.000562982268991416
802,0.9088573708185337,664,3,0.034855978167078035,0.8161647749336534,0.6719269475926458,0.5754443992846149,0.9385248978570245,4,3.623016332860802,0.00034762408997415653,0.0002533218135668042
803,0.9086104022306829,427,3,0.03539567857044006,0.8148738653586793,0.5350801949653115,0.7165895135873569,0.8573785020297084,4,3.6590214835402914,0.00036465936458087654,0.00024166678221868577
801,0.907945824384042,841,3,0.0341823235118789,0.7466008445191609,0.534108741629883,0.579602420858513,0.8615592345083936,4,3.625408699198586,0.0010689092402906197,0.00022257134297193242
807,0.9076090784764919,662,3,0.037979239980491936,0.743393268671825,0.5352872700566282,0.39576634701823477,0.9363160936082833,4,3.731523384435902,0.054105800896679865,0.0003371921433585532
806,0.9086892874535669,630,3,0.037360384939062734,0.7468989322689872,0.5260723880620698,0.7133822525876967,0.938425456973369,4,3.6603549943668323,0.00033204687097205843,0.0002599073615147628
808,0.9077400395133077,658,3,0.038398966386200266,0.7212118216701061,0.5444980826732831,0.5793986367672217,0.40138043135771945,4,4.39866843407508,0.0003175171686454194,0.0005774872715069391
812,0.9073708527416242,426,3,0.060571174009836554,0.7462388428892746,0.5058602498980982,0.6940669709458459,0.9353876877611234,2,4.451944380327708,0.0005754139240876391,0.00010075135003269657
809,0.906331436371436,662,3,0.06754780827755802,0.7818781131092096,0.42335625676107763,0.5834453837445657,0.9368817155206759,2,4.402435049382388,0.00037291340266746144,0.0005859293784217019
814,0.9046744165836454,375,3,0.11647334598526542,0.718006371282592,0.5172904294072154,0.6533891446949822,0.9117721010489006,5,4.397458114237861,0.0005181658186639484,0.0003258776394130596
811,0.908772947185934,667,7,0.056751482910699376,0.7424597236752968,0.5417482872989773,0.5844218530362861,0.9148811787519824,5,4.87169381873532,0.05219089117313756,0.0028062474132398763
819,0.9082683027120503,146,3,0.06802367702903572,0.7718655004546232,0.4212765097387995,0.6536411156239692,0.8861302704467631,5,4.874171202462687,0.0005386947233364358,0.0001598658194736326
817,0.9083675873931056,368,3,0.027937573698824398,0.7683199199785877,0.506250469550891,0.6904908894524189,0.9128721533134203,5,4.395363231275742,0.0016156157883866174,0.00016301139366142804
816,0.9068205673383414,373,3,0.028640603670879113,0.7681126217605081,0.7475217476387265,0.6567810002700013,0.9858818493542013,5,4.425295593942818,0.0001922608198555916,0.0003385187168508829
815,0.9073327225729637,915,3,0.058438275002927635,0.8300922001080054,0.5142194010373705,0.6611074001725071,0.3699761923035044,2,4.3792434433698295,0.0004901670200301194,0.00016435661382940082
810,0.9088115485112909,669,3,0.02816907701392479,0.8224431573653025,0.9546350201891823,0.5776651752386727,0.9405938715487873,5,4.375202540925566,0.00032771521382527185,0.0003259550594415458
813,0.9094314722121846,838,3,0.028124852630123678,0.7414287275362882,0.5216120831837181,0.6911735357516545,0.9425884452254873,5,4.484941038348687,0.0005754423085001224,0.0003589494185144107
818,0.906123057934364,882,3,0.057119040073535896,0.7660849288662118,0.4269688912992247,0.9255021586406603,0.9145749196803717,5,4.17330663975897,0.0001999645190733828,0.00015958988937723396
825,0.9078691511194587,448,3,0.04078006756639036,0.8371962531357666,0.49927254693931356,0.6113385394980626,0.8882247260989699,7,4.210940760536184,0.00020032594316117804,0.0004958914087605831
826,0.9081210217742202,277,10,0.04161680843960511,0.8858395003263029,0.5011708516958518,0.6144628403888865,0.8897525603321893,5,4.2239124184979415,0.00012040748679964488,0.0004674890245893023
824,0.9092360260305942,445,3,0.04134630512729237,0.831239578159587,0.7479829508746916,0.6066258708670403,0.8849866644339537,5,3.7738850223939275,0.000182918691838403,0.0003524467888624122
827,0.907666419037005,412,10,0.041200493529589904,0.8342511926571121,0.7176406433338902,0.5124784580147865,0.8965356077339809,5,4.19439209600102,0.00013802516126589786,0.0004602082577038929
822,0.907914788856121,925,3,0.02810014953527488,0.7666952414083011,0.5022915590556223,0.6070266081445875,0.9868528638631127,5,4.186265427798758,0.00017521111556594612,0.00017467605234121545
828,0.9078136059411415,852,3,0.025899236458597444,0.7098946998898421,0.5026228311971607,0.6870282402037409,0.4393875730543574,5,4.562071237064573,0.0007591683537144296,0.00046985556059507365
821,0.909177984740422,922,3,0.029134836907197478,0.7660979405440554,0.5049995737000539,0.6568601495801263,0.8914696504066997,7,4.888305126782385,0.00018949110787858228,1.586304490723265
829,0.9078564327773269,873,3,0.026130421519762234,0.7301035126993564,0.5235598922095361,0.6810622108797663,0.44197210316906577,5,4.536902493004019,0.0008041417267227426,0.00048086303046874314
820,0.9078964803363307,936,3,0.028155573952550653,0.8410940303616318,0.7222860988704611,0.6574571272026546,0.9144851660109915,5,4.15203350766712,0.000567243206439682,0.0001810549393871796
823,0.9072107858820715,929,3,0.028037243412754907,0.8326989444685554,0.7446919875492481,0.9201460959714534,0.9867405484858721,5,4.1930300268525,0.0002078669465821832,0.0001743651892863406
831,0.9089234482266446,825,3,0.027147426114027682,0.7523035502407122,0.5182362959110969,0.6926995846233294,0.4392567807993897,5,4.6207638764868735,0.0010880516686311982,0.0006181567395213929
832,0.9085829526020317,870,3,0.02584356456575141,0.7290283875055427,0.554313621684899,0.6851279292593517,0.44686777893512214,4,4.541785007496464,0.0008452451828497686,0.0005698791603232836
830,0.9086761621135405,854,10,0.02612419540056763,0.7308387667499426,0.5219109158697322,0.6825837472704853,0.6587576038789144,5,4.5266844942935345,0.0007778501668415411,0.00047372736637079065
833,0.9079085791355335,778,3,0.02605596431550899,0.7236623749752776,0.521299944975152,0.6875421503390045,0.9798119893607292,4,4.520262181774404,0.000791684423806158,0.0005466757841535181
834,0.9091295651419818,867,3,0.02703787722397936,0.7036153454033447,0.5256329866065611,0.7009524133506242,0.9541089129502294,4,4.587252293172894,0.0007580000858843389,0.0011024981330889506
837,0.9081788302226753,641,3,0.030636229414256047,0.6874267494351309,0.5221570796511159,0.7025709315698203,0.952673811470484,4,4.649527947694529,0.002403383814259068,0.0010531033467661485
835,0.9076190263594764,828,3,0.02641864350848314,0.7357113595203046,0.5220039374199485,0.7016000812012816,0.956265300616123,4,4.514945165813686,0.0022554860348520805,0.0010534112655148295
840,0.9083682128654026,644,3,0.03131456875251264,0.716309226582451,0.5758996925805088,0.6744053977125268,0.9535443058440748,4,4.539894813506337,0.0022443421470551904,0.0003305312152451114
839,0.9068212136394436,773,3,0.030475927828774518,0.7415065304340814,0.5222698550652718,0.7030703922790152,0.9564295304618308,4,4.626875820844012,0.0010002485876641316,0.0005699771971291425
841,0.908318623889186,767,3,0.030696481774957384,0.7196479010234318,0.5214901176573982,0.7033676587596118,0.9561837871580452,4,4.489652415317364,0.00010209745855353833,0.001128494137609514
842,0.9082593869191697,497,4,0.030641356511219388,0.7131489503720413,0.5702408204995991,0.7423926036724509,0.9520725171633656,4,4.730263569493508,0.0001376966944654794,0.0003549268655320582
836,0.9082437596139379,802,3,0.0260577850177623,0.9158081233999728,0.5275408954834089,0.682378733661299,0.9693207221994674,4,3.3282001972538673,0.0008335266199231506,0.001037842762499291
843,0.9090892514075712,638,4,0.031357809594127935,0.7101557865809263,0.471736567576317,0.7349987094394642,0.953680454014506,4,4.781957461740349,0.002495690119023216,0.00034796714462448445
838,0.9089941552548126,751,3,0.030717494115126694,0.7354347029317214,0.8301681014208495,0.7061610139961966,0.9510783780004555,4,4.78589591660422,0.0008617907876781695,0.0006110838438422244
846,0.9091878772066219,409,3,0.031036008823287255,0.78509931427237,0.5834006382122651,0.7315637952370432,0.9469275135984744,6,4.760508406463381,0.00013340552263992907,0.000349583316340269
848,0.9072421022947932,492,3,0.05146391609542894,0.951467897757989,0.5581901948192448,0.7363886335074131,0.9456571916483171,6,3.4997453144826527,0.03416002490713751,0.00035590007146216293
844,0.9075377972118469,759,3,0.030101512048827845,0.6882101264044079,0.4723772253028648,0.7350328927460775,0.9552406900619848,4,4.765063463174782,0.03170368582411677,0.0003432280346628579
845,0.9059233299889671,801,3,0.05247463970061775,0.755077705796546,0.5719388709285889,0.7060217926458636,0.9497218480751781,6,3.519860878944587,0.03255621548370682,0.00033783568422993544
849,0.9086323247002142,610,4,0.05220419012135392,0.9156716326122308,0.5514226164335859,0.6384666976282983,0.9350157998407209,3,4.739193115870825,0.00012799864328573093,0.00036457099002591074
847,0.9056327163881768,800,3,0.05194605811686912,0.7848643305069753,0.468447105113776,0.7351625663803528,0.9454697651019723,6,3.32162476849003,0.00010290430706109395,0.0003633592379274616
852,0.9087851393346726,608,3,0.038094736522521065,0.890024031515255,0.46802685531772076,0.6434821534284244,0.9287254748636707,6,3.5321641501961007,0.018410090966045945,0.0044158868249555535
851,0.9070376148913855,635,3,0.053064424369234,0.8916265945235997,0.46606312603484484,0.7353393057992795,0.9256496385897168,6,4.291681045860716,0.0016223654544422436,0.0007972892405568551
850,0.9091276528448133,798,3,0.02243396028050297,0.8959896246854366,0.840818999553085,0.7910722179998952,0.4909660517069378,6,3.496868245095922,0.03128066075096427,0.0007814612348526287
857,0.9076474014256268,337,3,0.03801757650092337,0.3829837981402283,0.4946255377061619,0.6470962542908218,0.9332604630594105,3,4.312068826661055,0.013656989249678623,0.6378619258801714
853,0.9087445189075076,614,3,0.043031862037136374,0.7882706680627858,0.55003944499169,0.6403468078729787,0.7078122928261478,6,4.320526072308146,0.034194106065497706,0.00022625577604562768
860,0.9088585313782758,340,3,0.04320900615631018,0.8741494710028926,0.43790574237534596,0.6667142603700478,0.7494251773421933,5,4.329081340112694,0.0005623427177837311,0.00021494491389352271
855,0.9090719842140158,809,3,0.02227409053462887,0.8937785688424646,0.5459701513155889,0.6426785143375754,0.9251938422102496,5,4.329057505820655,0.0005782108044659188,0.0008032811976248605
859,0.908955423939467,722,3,0.03828811636794326,0.8917206410168427,0.4405857915294509,0.6697978944348728,0.7061306215487623,5,3.767767334351543,0.018667331934754058,0.00021116389254106772
856,0.9087428416565644,713,3,0.021932583639908843,0.7575487933398621,0.49237598913970304,0.6435884450553481,0.9285264600151554,3,4.344208531019817,0.01774998745765149,0.0008166132240214602
858,0.908144914694336,726,3,0.022176344405510882,0.8900391881981283,0.44408988975298824,0.6624097025877338,0.7628425541733725,5,4.305818379151373,0.022887077212268576,0.00020582510198100673
865,0.9033931862987938,219,3,0.039850379630897236,0.8701648769887992,0.48777410978536156,0.5984877958474302,0.9729978350520433,5,3.765210747456179,9.866864786099507,0.0002828569074385211
854,0.906822817077358,810,3,0.006270620541450792,0.8928954810115283,0.4651229667461708,0.640138277140947,0.7565303050715526,3,3.515539443193542,0.03205313332166578,0.00021694012171290548
861,0.9088023224148228,382,3,0.023192382892550895,0.8705007453853503,0.4973368809314882,0.5567762889901853,0.975196088780399,5,4.285268069055737,1.0232175704304902,0.00021697810792268156
863,0.9082104301808112,716,3,0.0432391080443142,0.8722581367846335,0.4899664780631624,0.6692427677919152,0.5266696850708465,5,3.78126781626531,0.0006104066691846173,0.00021566547207003666
862,0.9089588289930157,718,3,0.043398008691961185,0.870483610537146,0.4854689979942204,0.6665379708137716,0.974653921638886,5,3.778975677661979,0.0005533813896270928,0.00021407642886421451
864,0.9081740990431886,379,3,0.04045339425266791,0.8621078081722912,0.44748214208767045,0.6638257077108437,0.7405769342559978,5,3.82149731202357,0.0006184575778588219,0.00027551093229005014
869,0.8961037664317988,182,3,0.006166403193058329,0.8661664705307005,0.505271270695155,0.5955199419333895,0.9874809996314017,5,3.8208621174643373,0.0011447478519101524,0.00028272578164800007
870,0.9088595010579817,384,3,0.04793411023193174,0.857775268023669,0.49963167555540877,0.5584157722666306,0.5300993900901796,5,3.860817386646478,0.0013477771153022485,0.00012728354268393355
868,0.9070609892198618,561,3,0.04813766401450103,0.8623058937881152,0.5052700128454528,0.5558214903078512,0.9774086611802942,5,4.495926905025589,0.2301667256622076,0.0002842334922189404
866,0.9087727363893032,726,3,0.047090662469809974,0.8633585430538722,0.3631829369042583,0.5605181389157956,0.9151607439959454,5,3.86078920615752,0.0004318354012570791,0.00013009779095817856
871,0.9079558342213195,386,3,0.04821508418944704,0.8629458755231201,0.5042607224618665,0.5617450509239973,0.9766060866929342,5,4.453976979836132,0.0011149383870181807,0.00011927282812340514
872,0.9063899396201822,188,3,0.03334026377465738,0.8594507724537842,0.505466197348034,0.5559446947998391,0.911881597997933,5,3.896725592894377,0.0011918597501398883,0.00011894587496625214
867,0.9058206310562411,707,3,0.03307384514096712,0.6641859656691766,0.4864342030835033,0.5618655519830696,0.9191921063527313,5,3.8427513122931667,0.0013255945510798521,0.002213301486695089
873,0.9092324313132899,412,3,0.033181513488685185,0.8545000915727937,0.5054223479780535,0.6113520516520241,0.9144921050579344,4,4.445995110255823,0.0004324251345734183,0.0004456202704367828
876,0.9072329385327059,683,3,0.04747263042767631,0.8451771045041887,0.3339200879381473,0.6132248019966434,0.915011139339416,4,4.445501729678932,2.3328985379096676,0.0006247613860149568
874,0.9082007245657179,680,3,0.047415092425843505,0.8481394982233288,0.6120715078030325,0.5968727045039862,0.9153665637640612,4,4.476363459213008,0.00041516877692251536,0.0004396094652428673
875,0.9066352514058076,412,3,0.04706023062223443,0.8439801445455425,0.504813788023397,0.6151124796322256,0.9209248912803812,4,4.469623343152946,0.00041353494048956114,0.0006408538345179769
880,0.9077633521915613,413,3,0.03327915439946151,0.843852686639589,0.5457153938059248,0.613578873789165,0.8647349898017938,4,4.4003863307225615,0.0002711345451490145,0.0006305720796670651
882,0.9076361588119468,416,3,0.03722942987973083,0.912653377258735,0.5396334996008358,0.7171946417958337,0.78357946592961,4,4.647640348796757,0.05914141597921824,0.00044623323048337293
877,0.9079943989062231,682,3,0.034001740842568025,0.8432360808670717,0.5091555469538398,0.7215964863350223,0.9125635259899911,4,4.4967590261226,2.0835558393789984,0.002181800790753559
878,0.9086808571086797,681,3,0.033092890236755726,0.6608550891776709,0.5403928202174674,0.6128727741814556,0.9162738608282075,4,4.434538509847989,0.00042350858625571147,0.002031239701453337
879,0.9080048149052024,678,3,0.033155470779943026,0.8473688400658818,0.607803664333401,0.6111672244352242,0.8701039569481811,4,4.435099787200275,0.0001510283306937566,0.00044880523479855683
883,0.9073432822450886,682,3,0.03733734723749551,0.9152132881374793,0.32575669359793036,0.621311099943799,0.8682524651125944,4,3.376185965811547,0.0002499740582244354,0.0006498896013471665
881,0.9068738740282374,683,3,0.03351921719568284,0.8429041346511282,0.5391860465744143,0.6117643458305428,0.26229298443015864,4,4.428442158671048,1.8151909061147564,0.0006408168979634677
884,0.9071959128988624,655,3,0.037311203522414495,0.7985508642573081,0.6126321511563675,0.5923549284331004,0.8629448471344086,4,3.4069691849191246,0.0001338737071399299,0.22203678119509535
891,0.9091499350293312,259,3,0.029151343975822776,0.8004663468999893,0.4611052802562736,0.6804698900909308,0.9359826272922618,5,3.4093283389084927,0.00013886321323534385,0.8924076875848158
892,0.9024772309231558,361,3,0.2203554683388999,0.7903222894875876,0.4771521128395115,0.6837752389574584,0.8973177917422281,10,3.939880671921164,0.00010090732585262902,0.0005164268986422018
885,0.9088323683464434,651,3,0.028715888302221385,0.756916816632682,0.5287326957797595,0.7218783270108933,0.8615456225238759,7,4.643737970312717,0.0002543801116289102,0.00010054677473520585
887,0.9070215716942072,465,3,0.03701127465449833,0.8008511858639175,0.5395461192131595,0.7177747028983249,0.8789670044789896,1,3.4380450038851156,0.00014960852216301923,0.0004629702224529733
886,0.9077874112860135,429,3,0.03721158317732954,0.910412001369368,0.80647449604013,0.7158452256542137,0.8705179651026341,4,3.9700992089677407,0.0002615175659303689,0.0004653384972280775
888,0.9004946848841986,652,3,0.14243033382324527,0.7484197508169318,0.8081424737892956,0.6794148479951353,0.8775671713310336,4,3.97453393582027,0.00015173734986300447,0.9351034668827185
889,0.9078152420665969,657,3,0.03781030737515488,0.788226937433684,0.5349850359279632,0.5892516620856951,0.8677798418568021,4,3.425194873417251,0.00014504557911046876,3.3702355180117745
890,0.9072789777179826,660,3,0.02451493774770113,0.7911636347318312,0.41133348968305966,0.6821607821869093,0.870160605522467,3,3.3989919516067255,0.00012442789939091223,0.00047672374564040963
893,0.9036405749595557,442,3,0.14466178339830493,0.7911522128274411,0.411482226939338,0.6800717287484532,0.9347856005147,10,3.932146001917429,0.0001386722240324674,0.0005061289784150133
894,0.9076502853789572,249,3,0.028145051814041977,0.7622789258702559,0.4751082326570978,0.6794835848572094,0.8906049363000476,3,3.94494433641384,0.00012990340003678365,0.0005097684817015278
897,0.9081462251606617,446,3,0.025041437369647767,0.930689457753237,0.4786524729470391,0.6553179944949362,0.8157548633153702,3,4.1028931157858555,0.04494760879316047,0.00041629797649084894
896,0.907802814719598,439,3,0.024719492018465253,0.7529744082884975,0.47540910398780495,0.6521254842743682,0.8459215889836025,3,4.107392839401149,0.042480854236245376,0.45629176362951407
895,0.9094024154207595,527,3,0.02477421843373076,0.7852501402676304,0.4774002547724192,0.6942478984247797,0.8983184217543503,10,3.952576343122324,0.0036294782589569178,0.03515114717314425
899,0.9066706339205821,286,3,0.024569625766417157,0.8799444550389633,0.40758454122674315,0.4143734497177657,0.8457790453477372,3,4.0812250857145465,0.003944275460418456,0.0002905606394955154
901,0.9085925520966427,434,3,0.024629510320059805,0.8844763154490883,0.429169421843081,0.6353228813711338,0.845872127538156,3,4.244365421949497,0.045873658329757046,0.0003008257846227348
898,0.9073328072565003,432,3,0.02539369726431976,0.8817613305785148,0.5876790034743188,0.6508818702993434,0.8923924820181645,3,3.141870805072293,0.0006009108994897893,0.00029725535888537716
900,0.9090185387160966,631,3,0.024806535957749728,0.8810282480417582,0.5872982069007382,0.6548409970300918,0.9353175668989635,3,4.11618382758455,0.04268232363725593,0.0002864797302468586
902,0.907867018523467,449,4,0.029144482965785957,0.9336568402106415,0.5865971266574517,0.6560419932658824,0.8959603881668673,5,4.131506564154707,0.00017830413738711916,0.0002826033684584259
904,0.9096106888776128,529,4,0.04077100804136738,0.8807201522656012,0.4496685968673121,0.6551133345896957,0.8455820303212925,5,4.131140119844252,0.0002021870844199091,0.619057939946996
906,0.9092765376006456,627,3,0.041335524955921694,0.8818774045767516,0.43400886643597775,0.6327428323791898,0.8949992106370748,5,4.2642507694492595,0.00018973400652943525,0.0002948522398662168
907,0.9082126773352315,524,3,0.02400051537543554,0.7727498172480292,0.4514938043112642,0.7039910602461951,0.7547804856525923,9,3.761463956869011,0.0038377562874613905,0.07390812282580228
905,0.9075305592780498,623,4,0.040515743507876886,0.8808330209252282,0.4504326201306454,0.6373017864162936,0.9992749100630827,5,3.702042793037519,0.00019149497660504925,0.4444646766701737
903,0.9078851911999181,592,4,0.028711597040099606,0.8796627328257888,0.47774631110058885,0.6556366589014165,0.8463716181006855,5,4.138314211443024,0.0035335373576971967,0.0002804708662916069
911,0.9078181758874317,396,3,0.028708960692325432,0.7752497191943067,0.46418047796506934,0.6942673553442619,0.7897107916908306,10,3.749771340498985,0.013477784590755581,0.015042467356192586
909,0.9092430702717061,511,4,0.020678601607458207,0.7735679328944445,0.45327760685328433,0.6976966576310706,0.7797975519891868,10,3.756614434940593,0.006655969736245278,0.007164953162000308
910,0.9084355887290683,531,4,0.022358568549202755,0.7588636953701773,0.44986811076434974,0.6931635761474285,0.8027582598895284,10,3.6026626714953656,0.011301321330633765,0.04278362195315715
912,0.9094315792448769,478,3,0.01864619283975467,0.7746473007452355,0.45622452620528287,0.6992572072287352,0.8956967614656939,10,3.739351119212609,0.0076931971730178905,0.05181262853435843
908,0.9078274156670563,529,4,0.017489294840515587,0.7835293504254546,0.4331117786141321,0.7015483924217744,0.7744091405799925,10,3.7068329590190925,0.009991008659193118,0.14115079249470713
913,0.9082787387036418,538,5,0.021572108954748086,0.7723578116895781,0.44733165571880784,0.701502475839408,0.820178822750237,5,3.7053396682063156,0.010541431442272887,0.7280256845628132
915,0.9082086405759477,531,4,0.021033148572736908,0.7827598904209254,0.4578147315145348,0.6970381910571075,0.8472081356917813,10,3.9888739636570025,0.009905310225345151,0.7410830421256686
916,0.908693873211505,520,4,0.01987923249704634,0.7728590055956547,0.4597435337471906,0.6963227298493536,0.8469711803010668,10,4.023501999995524,0.004821287010319591,0.1638691197473568
914,0.9082865315654614,515,4,0.019291934327207674,0.7806619060720593,0.4613094500829847,0.7568304423048016,0.7865862311589211,10,0.7922588013620917,0.0042107703622120424,0.032786003302224594
920,0.909269067281237,475,4,0.0271641999459555,0.7813411695785701,0.4360053780081868,0.7157141750367825,0.8527803857133682,10,4.0145904577909555,0.006689956503849801,1.3850189464192566
918,0.9085646571572579,525,4,0.02727332696727625,0.7647734108690094,0.44692845056411945,0.7678125276614695,0.8486505499572404,10,3.991673085370059,0.011506153180632899,0.6154363330858245
919,0.9079067760755659,499,5,0.018190682902207024,0.7791424689746436,0.4333167255775263,0.7016032775296448,0.7965395696655893,10,3.9955542796563037,0.011611840345701271,1.1991156799131208
917,0.9087141674614048,540,4,0.019456453962603357,0.7677714722884649,0.4528497312664802,0.6972401775367234,0.8216633909721246,10,3.966247314274843,0.02261451504029958,0.03944644693123874
921,0.9089516398624775,481,4,0.018775735432396228,0.6892773592157138,0.4299209406517129,0.7166088214773647,0.8058242623030023,10,3.5980573987776516,0.00595568597179785,0.7408372595546531
924,0.9069712882217698,453,4,0.040728276349951444,0.7501496096848143,0.4217782505814056,0.7277304035737152,0.801813281039274,10,3.613369677618204,0.005500603048474294,1.09170123581351
923,0.9085906208711074,496,5,0.015854228203994424,0.691861803975619,0.42880123095910544,0.575355601167651,0.8528497904867184,5,3.5826485934631815,0.012231650225052574,0.6534124635395869
928,0.9071914090878297,505,4,0.042627576013702505,0.739491471234597,0.42033993516557433,0.7248871174473168,0.8102475677465241,10,3.6054544193082028,0.02231989065024437,0.5035615411652306
926,0.9086167081134551,485,6,0.04041635962844406,0.7443696463194045,0.43456450009773834,0.7209233048965251,0.8089206226037706,5,3.5831125870630056,0.015015961178762693,1.3687850453790016
922,0.9086490356354403,475,5,0.018982135105802808,0.7350599273236738,0.4225875343070267,0.723285307793669,0.8041984751835253,5,3.5944885948247687,0.005418874452949014,0.5872655671048678
927,0.9079936743070576,493,3,0.017973346535740075,0.7443145035609745,0.4147186773616352,0.7230427452062456,0.808479211416492,5,3.5788701374412435,0.013025246514604523,0.5887202818652074
925,0.9081062027634624,495,4,0.013097845454679251,0.9075516060883381,0.4323924989260102,0.7187714039743984,0.7894116424594114,5,3.559293153509922,0.008417653360741404,1.2421446403879577
931,0.9068874088747373,501,5,0.040928116511543884,0.7442055786511012,0.43193286214044746,0.7513015313525805,0.8820226098391274,10,3.5814837810488824,0.015552335235472739,0.5722308774329967
929,0.9078759900372024,489,5,0.014558801217740863,0.7382693825149943,0.43104658982488686,0.5811816456560346,0.8113891599378085,10,3.832699189534975,0.025219066087568187,0.6365639356427356
934,0.9031747172178018,163,3,0.01661847139599887,0.7442774020828493,0.463751255993184,0.7485461635113622,0.8801528817203161,5,3.771119623296438,0.023319104681622335,0.48238348352681987
932,0.9069931250195366,472,4,0.039409136167785574,0.7418477939716809,0.46128038082766104,0.5752362920338343,0.8812125079545761,5,3.545220559037555,0.017892230447246943,0.6161527977336647
935,0.9077873194568286,374,3,0.03165309947109917,0.7285657117676542,0.4639607231405815,0.5943223167147158,0.7615712900809359,5,3.7765926003153467,0.019077660818262964,0.4660643177701132
930,0.9072970831189131,493,6,0.017121691968632266,0.741664526005129,0.4246297796025054,0.7272194152197189,0.8808217500756017,10,3.605563957608333,0.013998331208551243,0.024861195306928492
937,0.9074608870766173,489,3,0.03157769913582323,0.8084830013356114,0.4686241455283957,0.5988720644314859,0.8901758515463746,5,3.8801792780322772,0.015220578602658642,0.02407207796579386
938,0.9089453526800195,465,3,0.030754197874042988,0.8050139383554554,0.46346793138518627,0.5961672451247023,0.8883075237544367,5,3.8785424089655876,0.024475629431763467,0.41620262847810596
939,0.9089406449899518,465,3,0.03594467592647437,0.8048578103218182,0.4670029901765209,0.5902792782001288,0.7663792397798529,5,3.848044424565607,0.00028686889825547837,0.45028506103918736
933,0.9073444829420904,474,6,0.012649168857610945,0.80670518031948,0.41744266845781863,0.5884931261429364,0.8763675559913946,5,3.8637123988693296,0.08205262417157794,0.730928802460022
940,0.9075143924003383,466,3,0.01496623209022333,0.9546901526175886,0.4645812946358858,0.5916917100388258,0.7638557106732445,5,3.8679105283115587,3.337225385716698,0.0001572876561489015
941,0.9088868340757307,476,3,0.016536784945612875,0.9025279527759983,0.471465553723595,0.5867160454266374,0.8941761511267733,5,3.8770614489933264,0.0002290755347602788,0.019421434365498983
936,0.9090128347401848,473,3,0.013935377464671255,0.8054752450790523,0.4649916142645193,0.747746182441871,0.8751075934343299,5,3.8555007292909127,0.02719180096245272,0.3982080237725029
942,0.9078896712934792,559,3,0.011071329402558137,0.8068876980747397,0.400482693125568,0.5954693256192306,0.7676325605914893,5,3.881560315447625,0.00022940302754924195,0.29967218887894465
945,0.9076524274011234,511,3,0.03602917118021659,0.9512066986523933,0.47796703858155737,0.6736635920894992,0.7655806246004325,5,3.8397502568872324,0.08511813083332097,0.01161525518037011
943,0.905032270736885,459,3,0.01437049667691181,0.8087425646980768,0.6279727653277801,0.6712007977490395,0.9403907703148553,5,3.8962883320999038,6.276519337781287,0.8487304008331124
949,0.9089573851919297,204,3,0.03565438588212685,0.9034624960736733,0.4851887457826364,0.6816167616433094,0.9402972355066819,5,3.6921344470911177,0.00022874457229898068,0.3196556008741416
946,0.9055809401593595,565,3,0.03644602824186907,0.8987547986599104,0.4759527021145328,0.6742161833093206,0.7687822324861665,2,3.863841606201206,6.947067466818765,0.009868758153961134
947,0.908001465876579,555,3,0.03716072434060772,0.7041366264354715,0.48637959044412915,0.6744300999073567,0.9680785515927975,2,3.6629269081465696,0.0004666732822750046,0.9051804205590993
944,0.9075050494649156,472,3,0.013172376024868553,0.8078977250574295,0.40020065797350907,0.5919100843636048,0.9703163718910658,5,3.6874642072531607,0.0002619064202996774,0.23349252390283873
948,0.9084342162324323,564,3,0.035866068451846596,0.9069801637841985,0.48453198337373293,0.6693071510468218,0.941005415787648,5,3.6863743106959985,0.00021155424758744504,0.31287565166181625
950,0.9083994441384823,554,3,0.036759091777727376,0.9276264165362064,0.39961298609476226,0.6762257680939834,0.9647747655024855,2,3.694593206471223,0.0004952727200067509,0.2126502302725988
952,0.9079814756968284,353,3,0.03574321564125761,0.9215313437445363,0.4848560401057376,0.6701061323633927,0.942825578749199,2,3.717671922159806,0.0004855959691555737,0.24361357701430567
956,0.9095636058195135,341,3,0.09663261732632984,0.9197304738866782,0.4843800157451078,0.6225245940787485,0.9695484620070739,7,3.6764004055943778,0.000500270131099713,0.8631910843233015
953,0.9088418002223847,455,3,0.04378911289704931,0.8986723602823486,0.6283117728613751,0.6712693656120264,0.9422616838041299,2,4.085261967153797,0.12777100927264987,1.014296635069249
951,0.9085248710225649,556,3,0.03689322215629319,0.9183059396785304,0.4849208141654094,0.6283428266457689,0.9664904041888515,2,3.7004018427743923,0.0005882467871933055,0.009685347175953788
957,0.9086269150642069,350,3,0.031340717389523355,0.9259251671259962,0.4914418497098757,0.6313420586209941,0.7410710235166421,4,3.7057939761616994,0.0005230063430595824,0.2608732694344501
959,0.9086789161528996,330,3,0.03209789065916581,0.9246035541210197,0.44770969561554763,0.6215951878707228,0.9054820577410924,9,3.467071628245009,0.0003770050905569621,0.0001431389302976935
963,0.9077755952720498,101,3,0.1200301878943048,0.9342122844423845,0.4966767119751978,0.6192172091042992,0.981115759535253,9,3.298826024007992,0.00036901096822640375,0.0008856669949649867
960,0.9072202273362227,353,3,0.04374027976420196,0.8247599562300071,0.7861440582418747,0.6315233551037225,0.9022156221361416,9,4.966197632467737,0.18919310883925564,0.00016950683195306955
962,0.9062717493775988,329,3,0.07345626939672001,0.9357288859452966,0.7774191474706827,0.6203462901057115,0.989928348004493,7,3.303131215312909,0.00033916342323770787,0.0037471073867272834
954,0.9056804329764321,550,3,0.007137928479925195,0.9196829306243712,0.4885326167456903,0.6284043999468649,0.9717532795256166,9,3.6999790109004578,0.00045587157922484826,0.00017493621939630605
958,0.9085885607958465,323,3,0.032138835253259106,0.9162175670689364,0.4488584364384032,0.6217571698134388,0.9058830017378561,9,4.141745958671159,0.0005225981613574774,0.00014516242283470123
965,0.9065766210557389,283,3,0.09915381720543943,0.9566099074109736,0.7764235683412486,0.6116519489149227,0.9784749813329012,9,3.240416007003177,0.00036497899182170155,0.00015532264580788704
961,0.9092010677696953,743,3,0.03208920202905291,0.8224291497746004,0.45034360036990745,0.6245764128250084,0.908156327840281,9,4.1477971934303355,0.0006614003163700219,0.1220715206635765
966,0.9080113376660085,311,3,0.08368374289995202,0.9289681033130764,0.7800096691053989,0.6096676432156045,0.9647921711723091,7,4.197772279074695,0.06083261480818427,1.9712485897513272
964,0.9065137158594598,284,3,0.09477975885124391,0.9118337588469294,0.36801832145687213,0.6179724316108486,0.9823979994271128,6,3.4419427575753487,0.00036156816174677493,1.0537627263656373
970,0.9088770403563118,285,3,0.10074583721556296,0.9131974563992332,0.3640504653248397,0.6099956586520211,0.9904556395569614,7,3.4889447995446425,0.00010517637166420708,0.9588621817177206
969,0.907375212955529,340,3,0.07701068129097917,0.9470593051149697,0.4999217996715128,0.5735929973672331,0.9899338363185154,4,4.196939283816743,0.00018178252594252715,1.5519932877822902
967,0.9081454446886059,321,3,0.03298812608364357,0.9487133376735736,0.7783353707945402,0.5736739497505494,0.9912251204927187,7,3.4692350685758635,0.008218765613941983,0.9205250730086142
955,0.9066209837502479,321,7,0.009975284580815803,0.709767020897033,0.4974484858807409,0.662679484780043,0.9734569504481911,2,3.319315367443345,0.0005093576534343953,0.8977059293188555
968,0.9081485376901639,339,3,0.03398176975480015,0.9415991512881253,0.36603915301040557,0.6103776681622085,0.9818481151315663,7,1.1179215744409214,0.008714164988047562,1.5295197351755758
972,0.9088217121320461,322,3,0.07825673039637311,0.9425889062242017,0.5118485375594451,0.5720965428720121,0.9947689735900592,7,4.224602985050132,0.0001759209293948405,1.5241806583377926
973,0.904936750748347,329,3,0.1279148961686314,0.7550575192836552,0.4992113405948229,0.5688807273495287,0.9625967907767915,8,4.236418040482219,0.061056930619316926,0.8488952181267666
974,0.8971958083747488,334,3,0.195851241106231,0.6816233808904479,0.5126998955690464,0.5744576328355031,0.9862265174705411,6,3.5445300449628796,0.00018414247848231642,0.00084644123547124
977,0.8947074063704156,314,3,0.23533155386258817,0.7099738499193147,0.5093739047537924,0.5498703300302409,0.9578826685434699,7,3.5164336008911774,0.000155236886390192,0.05940962480521195
971,0.9034856940163982,304,3,0.011660103891182062,0.7152632404801144,0.5108686971941937,0.5675386331151766,0.9543994897260026,8,3.5108931812367734,0.00010219828127730733,1.7796906002975708
980,0.9042998771130899,364,3,0.1652581145767588,0.7604217080540725,0.5187943803081604,0.4224662135125111,0.860377552353586,8,3.5071483328064086,0.0002761846251566239,0.0008031598881612632
979,0.9046937669998018,363,3,0.1619403852908551,0.7602294463791087,0.5057175182845876,0.5255720997469053,0.957100482269421,6,4.701285971657738,0.00010039485309004832,0.0008980462850662168
978,0.9067265060503271,369,3,0.0900688849543335,0.7163473302210491,0.4980106151496937,0.35613685317842514,0.9591237912631191,8,4.845894883926822,0.00012238319381272525,0.05208243138080647
981,0.9062768386757039,236,3,0.14948740936152877,0.8905694479454691,0.5110535488762586,0.5294977468893544,0.9536596714781949,8,3.5137929648038972,0.0001197808689562723,0.0006868587961311781
982,0.9019854325008663,367,3,0.21717052268500725,0.8912084568514297,0.512471321791357,0.366401532457614,0.860188080452077,6,2.131709761552481,0.0002992919419246843,0.0008173465573706906
976,0.9018822966193358,360,8,0.07934028743674924,0.8958563843734725,0.49895162265495185,0.5765222033919086,0.9598905245424695,4,1.0538530976849119,0.00010014201238102357,0.0007484041119865607
984,0.9057769240890089,358,4,0.1074526898457614,0.8898130326963107,0.4914755371544622,0.35102720075954363,0.8618158967076199,4,4.627238938144894,0.00010260417484224842,0.0007298060119021441
985,0.9090097046420686,132,3,0.08844362502671535,0.8946709489546854,0.4882876768227426,0.5230589313945355,0.9327402714586337,4,4.622963080675713,0.0002912410595260531,0.000732732580983946
983,0.9076125147732481,366,4,0.03940041995060558,0.560933522346736,0.4802061625719875,0.4012940644277014,0.9516812237629555,4,4.612304707163601,0.000295209783360588,0.0007290842679453303
988,0.9066618196111136,217,4,0.03905396379857833,0.8860983599018396,0.4805752101537346,0.7112887806219744,0.8386004530437641,4,4.073564277757449,0.000283059062006755,0.00020437334708470713
986,0.9083799400908829,507,4,0.03915421069567645,0.8834925375068322,0.48123955946234975,0.4424104893822588,0.8357258702444764,4,4.7326854763500386,0.00028676857387925506,0.0007006081511871256
975,0.8987419229846261,999,3,0.19103477212310704,0.7591005193319489,0.5097653912699077,0.5748073889162546,0.9971711696279164,4,3.5312302533133546,0.00018006974213774805,0.0007470490737727419
989,0.9072617175560497,704,4,0.038822960522474234,0.8916892801580519,0.48341156395067647,0.7068168818123226,0.8374809134729067,4,4.081080169452532,0.00021894044104869644,0.0003910643935261249
991,0.9070868934879972,708,4,0.10487176329504923,0.8757211857926915,0.46944683928534897,0.7108647797766139,0.9253511210353674,4,4.626650810644847,0.0006911848372344638,0.0003833392772255902
987,0.9074885918961414,993,4,0.04039213367867836,0.881657646483011,0.4779261690019983,0.43724794964180963,0.9268215236409499,4,4.111028180235894,0.00029052102894003013,0.00010118870611492748
996,0.9048401050921168,445,3,0.10514557206264549,0.6689537650698395,0.4651304619548953,0.7079755181904354,0.9256897571277539,10,4.083661569072762,0.0007755365628828634,0.0003632562979803731
992,0.9083092183153127,836,3,0.04062912530302694,0.8710033363109391,0.6522223549779127,0.4377858487222476,0.9328659417325034,4,4.074417887300288,0.0006417128842300729,0.00040003203195299584
993,0.908616350298907,454,3,0.030338403642150305,0.8255045095005873,0.47716806473374423,0.7117994845386562,0.8369195550261124,4,4.120364572428983,0.0007591457411346716,0.00038755629052292847
995,0.9078020908045904,701,3,0.028645513480673256,0.8286147592917592,0.47598506951851505,0.43415854630242656,0.9249750187336189,4,4.038448688347676,0.04010889499920321,0.0005545585906221803
994,0.9086627215287869,836,3,0.02956999447419352,0.8726644846406626,0.47313223307811064,0.7061190007802134,0.9303900611037627,4,4.043253842206038,0.035792310669959776,0.00037005319215537236
997,0.9051918348164456,709,3,0.13465294467764516,0.8264358419176553,0.45484070582338937,0.601371379330716,0.9286497325171865,3,4.041062807133222,0.035234350941480995,2.9156931332893423
998,0.90842622405263,455,3,0.029471105524103546,0.724584487418474,0.453667384326871,0.6400381870990717,0.9193304544895932,3,4.274816233093654,0.03850303799922333,0.0013034517196779834
999,0.9078885302702442,456,3,0.02967708997032648,0.8222843404173013,0.44760062661452493,0.5982935241905808,0.9315614171680688,3,4.272150587816438,0.0007498278845715793,0.0005614778690318739
990,0.899007176450813,701,4,0.03849768116107931,0.8986363854619244,0.6552201379202833,0.7106185936906231,0.930320060207961,4,0.48578682243458093,0.0007220043225850412,0.0001928868256014129
